T1_K,P1_atm,feature_value,d2_dT2,d2_dP2,d2_dTdP,C_T,C_P,C_TP,C_combined
300.0,0.1,0.00013922068723763462,nan,nan,nan,nan,nan,nan,nan
300.0,0.2,0.000262756185810189,nan,nan,nan,nan,nan,nan,nan
300.0,0.30000000000000004,0.0003801276960322649,nan,nan,nan,nan,nan,nan,nan
300.0,0.4,0.0004929469848602509,nan,nan,nan,nan,nan,nan,nan
300.0,0.5,0.0006018975891615638,nan,nan,nan,nan,nan,nan,nan
300.0,0.6,0.0007076517055456469,nan,nan,nan,nan,nan,nan,nan
300.0,0.7000000000000001,0.0008104506067556755,nan,nan,nan,nan,nan,nan,nan
300.0,0.8,0.0009105544485541016,nan,nan,nan,nan,nan,nan,nan
300.0,0.9,0.0010082104816352517,nan,nan,nan,nan,nan,nan,nan
300.0,1.0,0.0011035072224944498,nan,nan,nan,nan,nan,nan,nan
300.0,1.1,0.001196749203787713,nan,nan,nan,nan,nan,nan,nan
300.0,1.2000000000000002,0.0012879788772462803,nan,nan,nan,nan,nan,nan,nan
300.0,1.3000000000000003,0.001377310218981534,nan,nan,nan,nan,nan,nan,nan
300.0,1.4000000000000001,0.0014646580878371707,nan,nan,nan,nan,nan,nan,nan
300.0,1.5000000000000002,0.0015500461042077386,nan,nan,nan,nan,nan,nan,nan
300.0,1.6,0.001633694363186842,nan,nan,nan,nan,nan,nan,nan
300.0,1.7000000000000002,0.0017158962960454286,nan,nan,nan,nan,nan,nan,nan
300.0,1.8000000000000003,0.0017962232687621193,nan,nan,nan,nan,nan,nan,nan
300.0,1.9000000000000001,0.0018748334846337721,nan,nan,nan,nan,nan,nan,nan
300.0,2.0,0.0019514989379971397,nan,nan,nan,nan,nan,nan,nan
300.0,2.1,0.002027145160765231,nan,nan,nan,nan,nan,nan,nan
300.0,2.2,0.0021007854209181896,nan,nan,nan,nan,nan,nan,nan
300.0,2.3000000000000003,0.002173418422605847,nan,nan,nan,nan,nan,nan,nan
300.0,2.4000000000000004,0.0022438906843870554,nan,nan,nan,nan,nan,nan,nan
300.0,2.5000000000000004,0.0023132508081828928,nan,nan,nan,nan,nan,nan,nan
300.0,2.6,0.002380445002531094,nan,nan,nan,nan,nan,nan,nan
300.0,2.7,0.0024469010130520764,nan,nan,nan,nan,nan,nan,nan
300.0,2.8000000000000003,0.0025117743265084184,nan,nan,nan,nan,nan,nan,nan
300.0,2.9000000000000004,0.0025748624598702407,nan,nan,nan,nan,nan,nan,nan
300.0,3.0000000000000004,0.0026367816034196722,nan,nan,nan,nan,nan,nan,nan
300.0,3.1,0.0026970375615191465,nan,nan,nan,nan,nan,nan,nan
300.0,3.2,0.002756200585491768,nan,nan,nan,nan,nan,nan,nan
300.0,3.3000000000000003,0.0028138853117466644,nan,nan,nan,nan,nan,nan,nan
300.0,3.4000000000000004,0.0028702204958043816,nan,nan,nan,nan,nan,nan,nan
300.0,3.5000000000000004,0.002925272044603389,nan,nan,nan,nan,nan,nan,nan
300.0,3.6,0.002979089042553874,nan,nan,nan,nan,nan,nan,nan
300.0,3.7,0.003031358769009248,nan,nan,nan,nan,nan,nan,nan
300.0,3.8000000000000003,0.0030830666995486067,nan,nan,nan,nan,nan,nan,nan
300.0,3.9000000000000004,0.003133196414388715,nan,nan,nan,nan,nan,nan,nan
300.0,4.0,0.0031824014710079744,nan,nan,nan,nan,nan,nan,nan
300.0,4.1,0.0032305199260374254,nan,nan,nan,nan,nan,nan,nan
300.0,4.2,0.0032775275944499816,nan,nan,nan,nan,nan,nan,nan
300.0,4.3,0.003323403143134938,nan,nan,nan,nan,nan,nan,nan
300.0,4.3999999999999995,0.003368396751310783,nan,nan,nan,nan,nan,nan,nan
300.0,4.5,0.003412009406300816,nan,nan,nan,nan,nan,nan,nan
300.0,4.6,0.0034550173082721993,nan,nan,nan,nan,nan,nan,nan
300.0,4.7,0.0034974933915520793,nan,nan,nan,nan,nan,nan,nan
300.0,4.8,0.0035389450839080107,nan,nan,nan,nan,nan,nan,nan
300.0,4.9,0.003579206052417327,nan,nan,nan,nan,nan,nan,nan
300.0,5.0,0.003618970724012926,nan,nan,nan,nan,nan,nan,nan
314.2857142857143,0.1,0.00013073320492865424,nan,nan,nan,nan,nan,nan,nan
314.2857142857143,0.2,0.00024682542595894276,6.948410197474272e-09,-0.0005677833956583253,-4.820697010279185e-06,0.00539680119450394,0.015893620334148924,0.01811683307101098,0.030629592088449783
314.2857142857143,0.30000000000000004,0.000357239813032648,9.778367925430326e-09,-0.00041816528032610653,-4.543064828419388e-06,0.0052497760929652495,0.009022439036775213,0.013165903862598157,0.021345880263810835
314.2857142857143,0.4,0.0004634725473030922,1.2470636519673675e-08,-0.0003425042576939195,-4.279890163633572e-06,0.005162883513486542,0.006048317319015218,0.010158088211829727,0.016419836199059925
314.2857142857143,0.5,0.0005662802389965972,1.4690221564118029e-08,-0.00029994968897222415,-4.073318214571459e-06,0.004980921098249613,0.004503151139569496,0.008223008543912868,0.013428465444693307
314.2857142857143,0.6,0.00066608843380038,1.6888301555133048e-08,-0.00026489429331647685,-3.891428857522856e-06,0.004870463996764098,0.00347062032796862,0.0068593743231676295,0.011395993033314258
314.2857142857143,0.7000000000000001,0.0007632476856709979,1.9268808566645583e-08,-0.00024060786298466013,-3.6981376790514363e-06,0.004852127790121837,0.0028042846401089977,0.00580201857846663,0.00993649815599881
314.2857142857143,0.8,0.0008580008589117693,2.104556193293317e-08,-0.00022433859466267336,-3.54228538788306e-06,0.004716920164625299,0.0023601902362498503,0.00501919766670958,0.008843332190172642
314.2857142857143,0.9,0.000950510646205914,2.2954578283588673e-08,-0.00020614908413618376,-3.3879966675420205e-06,0.0046464581536378655,0.0019803767054410587,0.0043860113832377605,0.007999103510815684
314.2857142857143,1.0,0.0010409589426586968,2.412961913728042e-08,-0.00019963780687152086,-3.2498997546311083e-06,0.004462510048372157,0.0017676278293197831,0.0038794376637085693,0.007289621200584393
314.2857142857143,1.1,0.0011294108610427644,2.6414756846904748e-08,-0.00018593154460868914,-3.1390015321162167e-06,0.004504508284934017,0.0015290379519151873,0.003481647084625056,0.006846333675128061
314.2857142857143,1.2000000000000002,0.001216003463980745,2.8623483849891954e-08,-0.0001648789469097444,-3.0420357220549674e-06,0.004535421674611429,0.001267376086392774,0.00315525526299725,0.006487492848569399
314.2857142857143,1.3000000000000003,0.0013009472774496284,2.9678824741543538e-08,-0.00015656067077682558,-2.902556521147959e-06,0.004397631648269555,0.0011309527460305825,0.002831042514535741,0.0060537444334753535
314.2857142857143,1.4000000000000001,0.0013843254842107434,2.9252366794491223e-08,-0.00016798950337756997,-2.7176719891218006e-06,0.004075948389566836,0.0011458852430841786,0.0025046923090540304,0.005520269503457181
314.2857142857143,1.5000000000000002,0.0014660237959380827,2.864580307608641e-08,-0.00016543410417311184,-2.543703003635645e-06,0.0037715537909202047,0.0010700313902435696,0.0022243214616206697,0.005026409961708633
314.2857142857143,1.6,0.0015460677666236909,2.9509813472585857e-08,-0.00016441379276481164,-2.4545270346772435e-06,0.0036863755231576613,0.001012108784609772,0.0020435192968696904,0.0047922511331291665
314.2857142857143,1.7000000000000002,0.001624467599381651,3.250165236751646e-08,-0.000155907371077635,-2.364063516594753e-06,0.0038656125631670313,0.0009163969030377076,0.001880185862118803,0.004780475031274062
314.2857142857143,1.8000000000000003,0.0017013083584288347,3.474150995524225e-08,-0.00010543251670242813,-2.225978471118011e-06,0.003947228719169532,0.0005932858346033348,0.0016961342276620751,0.0046568600236072556
314.2857142857143,1.9000000000000001,0.0017770947923089941,3.201221265401604e-08,-0.00016067995597737747,-2.0841336943620216e-06,0.0034846319296162674,0.0008679423950663432,0.0015256651136814326,0.004189426185560959
314.2857142857143,2.0,0.0018512744266293798,2.841985665096289e-08,-0.0001566215839359777,-1.9467650028304748e-06,0.002972059390945444,0.0008140889518795713,0.0013719258566251618,0.00364146110195245
314.2857142857143,2.1,0.0019238878451104057,3.158530120922881e-08,-0.00011998610405911621,-1.8011480627718527e-06,0.003179831402002218,0.0006013432552381469,0.0012248126988514778,0.00367059583042256
314.2857142857143,2.2,0.0019953014025508404,2.9530879489325206e-08,-0.00016718760498402732,-1.7496947403641313e-06,0.0028687889966544926,0.0008096083141516132,0.0011500610691470158,0.0033956879796595654
314.2857142857143,2.3000000000000003,0.002065043083941435,3.2750473972979316e-08,-0.00013633430656001183,-1.6000039189099302e-06,0.0030752339858027018,0.0006390406749322776,0.0010186413714629832,0.003455531440888051
314.2857142857143,2.4000000000000004,0.002133421422266429,3.358615854196388e-08,-8.357357821125662e-05,-1.4309381787245813e-06,0.0030546577502552777,0.00037971351312067605,0.0008836903421569461,0.003322188068861244
314.2857142857143,2.5000000000000004,0.002200964024809311,3.101636311855478e-08,-0.00015155912864131708,-1.3352430232927418e-06,0.0027363526695002396,0.0006685475426684459,0.00080131657368565,0.0030362473962468415
314.2857142857143,2.6,0.0022669910360657796,2.5449456467711362e-08,-0.00015421411859403188,-1.1845589237418431e-06,0.002181846932208506,0.0006614441872984807,0.0006915796858517639,0.0024808323950368484
314.2857142857143,2.7,0.002331475906136308,2.8604283967213016e-08,-0.00010054258251040135,-1.2121862507530382e-06,0.0023857152135546436,0.000419809841107793,0.0006894308241218928,0.0026112271263480343
314.2857142857143,2.8000000000000003,0.002394955350381732,2.4485336128071198e-08,-0.00013905695446848364,-1.0784111585325956e-06,0.001989433254547998,0.0005659521837211382,0.0005983183153829179,0.0022347519239516206
314.2857142857143,2.9000000000000004,0.0024570442250824716,2.186142467390611e-08,-0.00013796536669791884,-7.554147624119532e-07,0.001732719828381632,0.0005479701235668558,0.00040927316274628496,0.0019072488834647253
314.2857142857143,3.0000000000000004,0.002517753446116232,2.4983698312727023e-08,-0.0001004297750373164,-7.294771720738451e-07,0.0019336883778164546,0.00038964654571980556,0.0003863907053755656,0.0020468440896890664
314.2857142857143,3.1,0.002577458369399619,1.869344570707202e-08,-0.0001396304907758626,-6.500418969529532e-07,0.0014145108597085174,0.0005297527870387341,0.00033692441916221156,0.0015838292572320485
314.2857142857143,3.2,0.0026357669877752473,2.0555841246228657e-08,-0.00013335117267899117,-5.453114459645639e-07,0.0015220480193530552,0.000495224451517745,0.0002768472290345013,0.0016477761398459964
314.2857142857143,3.3000000000000003,0.002692742094424086,1.8752172209963288e-08,-0.00013411146305890642,-4.82461534023174e-07,0.001360031947437526,0.00048796619836882825,0.00024013164281202402,0.0014842925320031895
314.2857142857143,3.4000000000000004,0.0027483760864423354,2.0872872419732913e-08,-4.1088181860311414e-05,-2.798481965128544e-07,0.001484126354684237,0.00014655512068032013,0.00013666528506743004,0.0015038165580785008
314.2857142857143,3.5000000000000004,0.0028035991966419817,1.6106802968126577e-08,-0.00016883130054198833,-2.921649758649252e-07,0.001123691265781781,0.0005909113849970419,0.0001401027397932652,0.0012849575405858911
314.2857142857143,3.6,0.002857133993836208,1.3776518780585544e-08,-0.00011195313078088927,-1.5881541382403248e-07,0.0009437564318679174,0.0003847782621544687,7.484404845946774e-05,0.0010246627625215441
314.2857142857143,3.7,0.0029095492597226258,1.2999252368156897e-08,-8.814952899565026e-05,-1.539179215333275e-07,0.0008751549548289497,0.00029769354014416564,7.131949012968282e-05,0.0009298874007910543
314.2857142857143,3.8000000000000003,0.002961083030319087,9.747297993823e-09,-0.00012544179435886035,-9.645587961271003e-08,0.0006452161702588368,0.0004165616037052969,4.397876657194069e-05,0.0007705165409408077
314.2857142857143,3.9000000000000004,0.0030113623829719593,1.0538804614312036e-08,-9.962794765253252e-05,4.9197048531280534e-08,0.0006864480126503745,0.000325512866746448,2.2084422264790107e-05,0.0007603584312037834
314.2857142857143,4.0,0.0030606454561483065,8.89380252815003e-09,-0.00012432734566056138,-2.4667148349388692e-08,0.0005703434205188096,0.00039993545639873757,1.0908084197918458e-05,0.0006967624840759582
314.2857142857143,4.1,0.003108685255868048,9.854384236220266e-09,-6.732148406718082e-05,9.640977992295438e-08,0.000622531007318455,0.0002133091833220462,4.202199769912381e-05,0.0006607400088867776
314.2857142857143,4.2,0.0031560518407471178,8.846717029312049e-09,-9.42563839837103e-05,1.3496041310981113e-07,0.0005508580486153382,0.0002943234798688969,5.8013001087495445e-05,0.0006299221516320812
314.2857142857143,4.3,0.0032024758617863504,4.740865359554155e-09,-0.00010968788410007505,1.6865866067978432e-07,0.0002911243388466848,0.000337729486565238,7.152985874793492e-05,0.00045721726580427567
314.2857142857143,4.3999999999999995,0.0032478030039845823,4.925497037049787e-09,-9.979803181196267e-05,3.235955595466018e-07,0.00029842193517072135,0.0003031410246731399,0.00013548596024594403,0.0004665436990019804
314.2857142857143,4.5,0.0032921321658646945,3.5111400846926005e-09,-5.641732269182595e-05,2.473503723400139e-07,0.00021001091017933086,0.0001691218885912552,0.0001022737784628225,0.00030598471713003724
314.2857142857143,4.6,0.0033358971545178885,-2.5899095419527147e-09,-0.00013598052637708508,2.2198368187506068e-07,0.000152981279277519,0.0004025114177948863,9.067052029369896e-05,0.0004492894387422165
314.2857142857143,4.7,0.0033783023379073116,3.002052621926781e-09,-3.7129634484611006e-05,2.66505753312974e-07,0.00017517225389848088,0.00010855551046047611,0.00010758078910690327,0.00025615790004787355
314.2857142857143,4.8,0.0034203362249518887,-1.3843747143980744e-10,-0.0001058976282832316,2.859868070736843e-07,7.98332399117041e-06,0.00030594657380142817,0.00011414614737195863,0.0003460140537644425
314.2857142857143,4.9,0.0034613111357136334,-1.6924588025348245e-09,-7.694391044180472e-05,3.6217245465920887e-07,9.65017801604563e-05,0.00021974452521467962,0.00014296584868971125,0.00031381318920513975
314.2857142857143,5.0,0.00350151660737096,nan,nan,nan,nan,nan,nan,nan
328.57142857142856,0.1,0.00012298734658804322,nan,nan,nan,nan,nan,nan,nan
328.57142857142856,0.2,0.00023231270900514025,6.1590814708328525e-09,-0.000529055609830198,-4.40936582854808e-06,0.005092487523630845,0.01572943416337315,0.017632676457053506,0.029919409859763012
328.57142857142856,0.30000000000000004,0.0003363475153239353,8.628901633862421e-09,-0.000383918403563897,-4.163246027000023e-06,0.004929462700397201,0.008794512397293508,0.012832463020504049,0.020760232782075547
328.57142857142856,0.4,0.00043654313760709137,1.1271781588375932e-08,-0.0003077866657776452,-3.942301115663236e-06,0.0049633222136890205,0.005767457756054247,0.009945356289742623,0.015991196322496185
328.57142857142856,0.5,0.000533660893232471,1.3169541338344105e-08,-0.00028068946486287794,-3.768142341251959e-06,0.004746168615001579,0.004469778504868237,0.008081600301614072,0.013157870772838037
328.57142857142856,0.6,0.0006279717542092218,1.539904100586257e-08,-0.0002305440688092001,-3.600933593620781e-06,0.004718084371826357,0.0032021024690120753,0.006739870876263772,0.011107002260697642
328.57142857142856,0.7000000000000001,0.0007199771744978807,1.6724821725074674e-08,-0.00022403128777283152,-3.4265959658839484e-06,0.004471980705036705,0.0027666986494112797,0.00570528227713966,0.00963087351004895
328.57142857142856,0.8,0.0008097422819088112,1.8844948596752126e-08,-0.00020119707301880773,-3.281795304808619e-06,0.004482405625754356,0.002241761560577058,0.004932379269588747,0.008589190043677742
328.57142857142856,0.9,0.0008974954185895536,2.0332774334215403e-08,-0.0001913480378519603,-3.1603661345003542e-06,0.004365596323467162,0.0019459088029888452,0.004337163146935201,0.007776050453494061
328.57142857142856,1.0,0.0009833350748917765,2.2134546317571002e-08,-0.0001711446192733637,-3.0423312382344525e-06,0.004339512506600156,0.0016032834260258498,0.0038481899130838157,0.00714275981350545
328.57142857142856,1.1,0.0010674632850012657,2.2684514230006766e-08,-0.00017219170792405564,-2.9012663147726606e-06,0.004099033274504771,0.0014974890301805727,0.0034084328595519286,0.006502259322508995
328.57142857142856,1.2000000000000002,0.0011498695780315143,2.4297267690580117e-08,-0.00016346321355619178,-2.7934511263021807e-06,0.0040778058666620515,0.001328276742122034,0.003067491308309752,0.0061001496410299245
328.57142857142856,1.3000000000000003,0.001230641238926201,2.638081501644601e-08,-0.00014501484621857495,-2.742914753536809e-06,0.004138399681983383,0.0011070150358715514,0.002830584058881053,0.005863125996110687
328.57142857142856,1.4000000000000001,0.001309962751358702,2.8138354239093053e-08,-0.0001436693862350447,-2.6585630217118336e-06,0.004148245003636785,0.001035195718521234,0.002590644970700361,0.005630492830496492
328.57142857142856,1.5000000000000002,0.0013878475699288526,2.9068887769382215e-08,-0.00012688075256906455,-2.537942831014855e-06,0.004046609674291176,0.0008663974592303418,0.002345067075328255,0.005303241799975272
328.57142857142856,1.6,0.0014644635809733125,2.8042192394380538e-08,-0.00014076990208140326,-2.370327446181974e-06,0.003701581865013662,0.0009142850676282456,0.0020844872912597254,0.004819522800354058
328.57142857142856,1.7000000000000002,0.0015396718929969583,2.757062695581972e-08,-0.00013966528525557323,-2.204921117886277e-06,0.0034636939293550407,0.0008656133188832579,0.0018514499712298143,0.004427436735404902
328.57142857142856,1.8000000000000003,0.0016134835521680485,2.7266483075561472e-08,-0.00014060067316538826,-2.1494351977659857e-06,0.0032707700254329918,0.0008339852511133641,0.0017278885315423042,0.004167093173090373
328.57142857142856,1.9000000000000001,0.0016858892046074847,3.020327832317685e-08,-0.00014449710402065442,-2.0862127207611603e-06,0.0034685456163314086,0.0008224783754808645,0.0016098660706008368,0.004229730121562017
328.57142857142856,2.0,0.0017568498860067144,3.352992364066495e-08,-7.340581117459484e-05,-1.958372410112395e-06,0.003696286979871563,0.0004017664876166111,0.0014541777363475078,0.004248908039239888
328.57142857142856,2.1,0.0018270765092941981,3.030518236407137e-08,-0.0001459038298328146,-1.9186297358997164e-06,0.0032147045943593,0.0007695982505774958,0.0013736769889550764,0.003834134066025353
328.57142857142856,2.2,0.0018958440942833537,2.9129413954720324e-08,-0.00012601637969192767,-1.7321572593912227e-06,0.002979388653015648,0.0006418431885408064,0.0011982851059145583,0.0034871899596247914
328.57142857142856,2.3000000000000003,0.00196335151547559,2.9631059067562307e-08,-0.00010524584522348093,-1.5186470916103793e-06,0.0029283432189731984,0.0005185018687890033,0.0010169091875213904,0.0033033690056327087
328.57142857142856,2.4000000000000004,0.0020298064782155916,2.73521260664712e-08,-0.00012543294956690422,-1.5556705146721414e-06,0.0026164856534756785,0.0005987232639009765,0.0010097332007615047,0.003040327119738998
328.57142857142856,2.5000000000000004,0.002095007111459924,2.7872664515455163e-08,-0.00014769084777277623,-1.4900371745921363e-06,0.0025844579087102326,0.0006841559183494156,0.0009389646898761965,0.0029850965445318524
328.57142857142856,2.6,0.0021587308362265288,3.1154591904338546e-08,-5.661527996934922e-05,-1.35300924731396e-06,0.002804633930759292,0.00025480703603553904,0.0008290329521392242,0.003050490023364261
328.57142857142856,2.7,0.00222188840819344,2.5568134606777654e-08,-0.00019125985322296019,-1.2539442991644238e-06,0.002238061581812181,0.0008377077518203129,0.0007479675971916535,0.0026133474652905984
328.57142857142856,2.8000000000000003,0.0022831333816281216,3.0949486888459917e-08,-6.908495285280583e-05,-1.1005008613195903e-06,0.002637302533829978,0.0002947703253512759,0.0006398517664233921,0.0028037608253280075
328.57142857142856,2.9000000000000004,0.002343687505534275,3.1692482222048706e-08,-4.176266862644661e-05,-1.0424182491910673e-06,0.0026323716311971203,0.00017373430242229607,0.0005914673375635457,0.002767531614160635
328.57142857142856,3.0000000000000004,0.0024038240027541642,2.2415027073988888e-08,-0.0002266333774151446,-9.61213645672211e-07,0.0018168956647755237,0.000920639860657414,0.0005327583045619312,0.0021717160108703907
328.57142857142856,3.1,0.002461694166199902,2.8371839928128552e-08,-3.5869944825170355e-06,-8.512996953172271e-07,0.002246465542429892,1.4236769061711572e-05,0.00046139982309599114,0.0023393566877293786
328.57142857142856,3.2,0.0025195284597008144,2.1207665786287582e-08,-0.00019369021798188235,-7.400392594870317e-07,0.0016420628524827286,0.0007520706445694318,0.0003926105453297934,0.0018895149500692263
328.57142857142856,3.3000000000000003,0.002575425851021908,2.2860734646608183e-08,-5.3179538113444836e-05,-5.172464997106045e-07,0.0017326041212743866,0.00020214273607609031,0.0002688582449324308,0.0017853146049202676
328.57142857142856,3.4000000000000004,0.002630791446961867,1.9916655573535268e-08,-9.435915746956908e-05,-5.29678929142596e-07,0.0014789182624919647,0.00035140281836042994,0.0002698974180745033,0.0015672818509924983
328.57142857142856,3.5000000000000004,0.0026852134513271307,1.851084337481212e-08,-0.00016449761288343104,-6.30239543263653e-07,0.001347454779642373,0.0006007968768016032,0.0003151207491859674,0.0015411662608202552
328.57142857142856,3.6,0.00273799047956356,1.7546921325518252e-08,-3.74848717422764e-05,-3.942744254569485e-07,0.0012533554113569752,0.00013433547289577803,0.00019358640426589917,0.0012899213922906874
328.57142857142856,3.7,0.0027903926590825663,1.502554164906015e-08,-0.0001706233023470501,-3.269474011832254e-07,0.0010539216894128447,0.0006005560756255677,0.00015773543368883676,0.0012333610426260504
328.57142857142856,3.8000000000000003,0.0028410886055781023,1.673131668208365e-08,-1.0542406653430215e-05,-3.3485558826019095e-07,0.0011531437619116927,3.645773333328261e-05,0.00015885339100699033,0.0011753886598161864
328.57142857142856,3.9000000000000004,0.002891679128007104,1.0810797560775539e-08,-0.00015651474070282366,-1.6541653228345463e-07,0.0007326535089102709,0.0005322355256762637,7.720898588851642e-05,0.0009121284306029976
328.57142857142856,4.0,0.0029407045030290773,1.1575631884944033e-08,-8.681935286616349e-05,-1.8467654414175076e-08,0.0007718547894283567,0.00029047631516624354,8.486662777784076e-06,0.0008247910962942429
328.57142857142856,4.1,0.002988861684522389,1.166880376905329e-08,-6.37326516485237e-05,-3.301992826604609e-08,0.0007660436256135632,0.00020989671692917423,1.4946309019811566e-05,0.0007945604145862354
328.57142857142856,4.2,0.0030363815394992156,7.998685554489998e-09,-0.00013852904955130756,-1.0515688093955954e-07,0.0005172236989150173,0.0004494025168998196,4.690874252027826e-05,0.0006883922117259118
328.57142857142856,4.3,0.003082516103980529,1.0059038412337018e-08,-4.362083265122169e-05,1.0801569220965026e-08,0.0006410243420115894,0.0001394432293792754,4.7511542891843525e-06,0.0006560501262901118
328.57142857142856,4.3999999999999995,0.0031282144601353303,7.499906985905317e-09,-9.413316606008552e-05,4.4141449318478855e-08,0.0004712703512349238,0.000296671957236566,1.9154520576651823e-05,0.0005575336630919302
328.57142857142856,4.5,0.0031729714846295306,3.4640486008111244e-09,-0.00014800613278988063,8.405478391449245e-08,0.00021473885567938682,0.00046018252380755165,3.599579278766559e-05,0.0005103646985766213
328.57142857142856,4.6,0.003216248447795832,1.0443037088993215e-08,1.9853710080336772e-05,1.9974469782367607e-07,0.0006388782268337692,6.090610860510035e-05,8.446537336746978e-05,0.0006527968607337887
328.57142857142856,4.7,0.003259723948062937,3.3504445101381746e-09,-0.00015003348794672373,1.483849702612023e-07,0.0002023987545667808,0.00045441296372377544,6.197593306709382e-05,0.0005051122944548896
328.57142857142856,4.8,0.003301699113450575,4.684183093030698e-09,-6.0345958389227184e-05,1.0375223596052886e-07,0.00027949174303325004,0.00018051055945828722,4.282119524428536e-05,0.0003381819126210131
328.57142857142856,4.9,0.0033430708192543203,2.9423879434314245e-09,-6.482146188086303e-05,2.526244276980571e-07,0.00017348551223794056,0.00019156442719016348,0.0001030673505328941,0.00029671520050866454
328.57142857142856,5.0,0.003383794310439257,nan,nan,nan,nan,nan,nan,nan
342.8571428571429,0.1,0.00011590598600780199,nan,nan,nan,nan,nan,nan,nan
342.8571428571429,0.2,0.0002190569474535485,5.320912905529223e-09,-0.0004991690950631135,-4.041207002286527e-06,0.004674305584121612,0.015735926059867962,0.01716425006097998,0.029303437715856556
342.8571428571429,0.30000000000000004,0.0003172162179486639,7.781704408543222e-09,-0.0003461396943224261,-3.823549335392928e-06,0.004721613415189126,0.008403201091312016,0.012512425155087077,0.020150161000518908
342.8571428571429,0.4,0.000411914091500555,9.719720152984538e-09,-0.00028827560864801036,-3.6404143446753257e-06,0.0045439183138352044,0.0057228289230987885,0.00974512464172504,0.015599130523570093
342.8571428571429,0.5,0.000503729208965966,1.1693894291723307e-08,-0.0002546590383545462,-3.4778009218122388e-06,0.00447195788447553,0.004294435254538735,0.00791164092629722,0.01279174365633045
342.8571428571429,0.6,0.0005929977360478316,1.372202047981007e-08,-0.00021463708814491031,-3.3281231915693204e-06,0.004459455897574276,0.0031558713484381735,0.006603628379688139,0.010819523391737187
342.8571428571429,0.7000000000000001,0.000680119892248248,1.5777305162433114e-08,-0.0001912435665923223,-3.204319818204901e-06,0.004472167049824154,0.0024988392373445478,0.005653156371558004,0.009495305660072206
342.8571428571429,0.8,0.0007653296127827412,1.6499845023933838e-08,-0.00019095965615482325,-3.062835468177075e-06,0.0041585025090564685,0.0022502116987422873,0.004875210669185571,0.00836014078499084
342.8571428571429,0.9,0.0008486297367556862,1.8300227978975628e-08,-0.00017013992532502548,-2.937885130237801e-06,0.004161291886862054,0.0018290122520566241,0.0042681064315177415,0.007556130028484384
342.8571428571429,1.0,0.000930228461475381,1.943971542246539e-08,-0.00016819845353073512,-2.8415731999446886e-06,0.004034523900374709,0.00166509184278031,0.003802838320224245,0.006926259634688855
342.8571428571429,1.1,0.0010101452016597684,2.156971315529712e-08,-0.00013676237025701156,-2.763858714550461e-06,0.004123778623998317,0.0012562054194465405,0.0034337542862680473,0.006493453564361624
342.8571428571429,1.2000000000000002,0.0010886943181415856,2.1124406855677853e-08,-0.00015243944213544442,-2.639094278010215e-06,0.0037492107994669434,0.0013076859592944699,0.0030635530190434492,0.005876847657371758
342.8571428571429,1.3000000000000003,0.0011657190402020485,2.2195404121032916e-08,-0.00014012224825662737,-2.50434677630974e-06,0.0036807431501054305,0.0011287959911650744,0.0027310992226002653,0.0054534261207147515
342.8571428571429,1.4000000000000001,0.001241342539779945,2.3963223669522842e-08,-0.0001362269362834966,-2.441840260338495e-06,0.003733276999696583,0.0010354708567307744,0.0025134916143808353,0.005257835794576305
342.8571428571429,1.5000000000000002,0.0013156037699950066,2.5575568686550195e-08,-0.00012827084801176906,-2.4067431068603035e-06,0.0037608624510898133,0.000923754024343521,0.002347756873603343,0.005101110913184659
342.8571428571429,1.6,0.0013885822917299505,2.7732977790562803e-08,-0.0001057968290216508,-2.348408970729601e-06,0.0038647539340428824,0.0007243863260601686,0.002178951225546449,0.004995669665490666
342.8571428571429,1.7000000000000002,0.0014605028451746779,2.768754681277912e-08,-0.00012000643293754058,-2.2090457723544244e-06,0.003669950580646977,0.000783729128534885,0.0019558796682814595,0.004661941566010745
342.8571428571429,1.8000000000000003,0.0015312233342900299,2.8393196784273736e-08,-0.00010962721477378483,-2.0944871769837433e-06,0.003591316408641462,0.0006848073365115902,0.0017748049696094006,0.004434679243803092
342.8571428571429,1.9000000000000001,0.001600847551257644,2.6593440027324783e-08,-0.00012035812818897773,-1.968526226690197e-06,0.003219210754660057,0.00072102331506939,0.0016006947128733738,0.004000954839964352
342.8571428571429,2.0,0.0016692681869433683,2.542497805315724e-08,-0.00012389180563936866,-1.8968828072245885e-06,0.0029534515570084074,0.0007134775688784161,0.0014831522204815728,0.0036920735852806184
342.8571428571429,2.1,0.001736449904572699,2.821324486728885e-08,-0.00013000578280562312,-1.8540580118021332e-06,0.0031513760073359756,0.0007213200133393864,0.0013970844493812083,0.003788820821662375
342.8571428571429,2.2,0.0018023315643739735,3.1633496013833135e-08,-5.061222537552402e-05,-1.7319815496595242e-06,0.0034052459970172386,0.00027098588062043715,0.0012602222970027417,0.0038529799017673703
342.8571428571429,2.3000000000000003,0.0018677071019214926,2.8892288036285463e-08,-0.00013090387600803337,-1.6811200492090533e-06,0.0030032244695109194,0.0006776357020304743,0.0011831670142317704,0.0035040427688696556
342.8571428571429,2.4000000000000004,0.0019317736007089315,2.8861541089321507e-08,-0.00011016025051281336,-1.6563698893832283e-06,0.0029018088618823156,0.0005522540958575435,0.0011294676214583155,0.0033581056375783626
342.8571428571429,2.5000000000000004,0.0019947384969912422,2.7831100096480045e-08,-8.746769057977904e-05,-1.5210407986385336e-06,0.002711120317993757,0.00042525510210807496,0.0010065708008436761,0.003091502035375309
342.8571428571429,2.6,0.002056828716367755,2.4190973778155033e-08,-0.00014000388392516186,-1.3623076010124349e-06,0.0022869610890179567,0.0006611694664439252,0.0008759007466600972,0.0026836058432712084
342.8571428571429,2.7,0.0021175188969050165,2.987527610160238e-08,-5.8144275379536426e-05,-1.186275380693546e-06,0.0027440600078260896,0.0002670074279611821,0.0007422602327631,0.0029500947102457623
342.8571428571429,2.8000000000000003,0.0021776276346884824,2.6290808511218244e-08,-9.377329711658665e-05,-1.1395216002001753e-06,0.0023500471623397875,0.00041922994524672705,0.0006945840673903602,0.002581350318255532
342.8571428571429,2.9000000000000004,0.0022367986395007825,2.2658347797674943e-08,-0.0001500589599763742,-1.2518081337823518e-06,0.001973024390346892,0.0006540029802019851,0.0007439385462187991,0.00232968544316976
342.8571428571429,3.0000000000000004,0.002294469054713319,2.8962351557133308e-08,-4.1933551176657334e-05,-1.149682593684827e-06,0.0024588671984635997,0.00017831012526966665,0.0006671843025079771,0.002639714414000126
342.8571428571429,3.1,0.0023517201344140887,2.0701859547241835e-08,-0.00013531874300510245,-9.805609820528596e-07,0.001716244590154499,0.0005620440680593795,0.0005559776066585874,0.001969672872810849
342.8571428571429,3.2,0.0024076180266848074,2.65503968162369e-08,-7.408552854678249e-05,-8.276500669029663e-07,0.0021505803234656384,0.0003008213362221531,0.0004590919354030941,0.00226649950679641
342.8571428571429,3.3000000000000003,0.0024627750636700583,2.3759862221116036e-08,-6.606695874744258e-05,-8.432474110437169e-07,0.001882776579171604,0.00026245464804491414,0.0004578999068987553,0.0020082516622259485
342.8571428571429,3.4000000000000004,0.002517271431067835,1.871338151166206e-08,-0.00011623693156148464,-8.32908900562466e-07,0.0014516762458574909,0.00045217725849089135,0.0004431192825130167,0.0016445478384507209
342.8571428571429,3.5000000000000004,0.0025706054291499965,1.9619314293155733e-08,-0.00015114575890999048,-5.743069112131496e-07,0.0014911074166196593,0.0005763580950921719,0.0002996498529538322,0.0016538349525956142
342.8571428571429,3.6,0.002622427969643058,2.2649229457093174e-08,5.198537762372487e-06,-6.025950365822389e-07,0.0016882059161411611,1.943885469610583e-05,0.00030850498744623765,0.0017437797277535716
342.8571428571429,3.7,0.0026743024955137437,1.7271638907399574e-08,-0.0001668286122396417,-5.604369950749273e-07,0.0012632000931278027,0.0006123254812159624,0.00028180193926600783,0.001459260647099282
342.8571428571429,3.8000000000000003,0.0027245087352620327,1.6927125471560116e-08,-5.1281675158849204e-05,-3.574281281713963e-07,0.001215912589131053,0.00018485197629230046,0.00017657962348862957,0.0012549798422322657
342.8571428571429,3.9000000000000004,0.0027742021582587333,2.0854351878170433e-08,-7.696574915155156e-05,-3.7669579926129647e-07,0.0014718058231279645,0.0002726259870439551,0.000182995896232776,0.0015190498036210497
342.8571428571429,4.0,0.0028231259237639183,1.616699079332016e-08,-6.301875680766836e-05,-3.510534957591978e-07,0.001121971239473142,0.00021946900050771442,0.00016779130213308947,0.0011676017927922985
342.8571428571429,4.1,0.0028714195017010267,1.0683942112232037e-08,-0.00013694565797828584,-2.5551793728564183e-07,0.0007295072772106307,0.0004692581671885855,0.00012021731127833718,0.0008839052544466763
342.8571428571429,4.2,0.002918343623058352,1.351399287122551e-08,-6.58533258860415e-05,-2.2302955950930923e-07,0.0009083040760669339,0.0002221315566254513,0.00010336155455293049,0.0009464279924895762
342.8571428571429,4.3,0.0029646092111568173,8.993272468995316e-09,-7.182897067744413e-05,-1.741518209304552e-07,0.0005954102643604492,0.00023862204656002335,7.953045380532286e-05,0.000651232715836079
342.8571428571429,4.3999999999999995,0.003010156509548508,8.834076515570422e-09,-0.0001186055851788714,-5.0501285247335425e-08,0.0005763264575542181,0.0003882956158882344,2.2737264913965218e-05,0.0006956720760721627
342.8571428571429,4.5,0.00305451775208841,1.2938265712678407e-08,-1.4802149555766597e-05,9.336520436413567e-08,0.000832173375378072,4.7768424184310284e-05,4.147032343497722e-05,0.0008356039279998563
342.8571428571429,4.6,0.003098730973132754,6.151638185072533e-09,-0.00011148717727932526,1.0992658645869219e-09,0.0003903418484852731,0.00035484797498168684,4.817523911759245e-07,0.0005275265947781557
342.8571428571429,4.7,0.003141829322404305,7.489797708496857e-09,-9.097139933235582e-05,-9.786495341524873e-08,0.00046891398441868345,0.0002857125824710134,4.2343978510321324e-05,0.0005523567955568448
342.8571428571429,4.8,0.0031840179576825326,5.015494318094416e-09,-7.756028303587159e-05,9.08190086453074e-08,0.0003100131883093174,0.000240464865852659,3.880906146966004e-05,0.00039616134988102673
342.8571428571429,4.9,0.0032254309901304013,7.535723910377404e-09,-2.0211431839148652e-05,1.3059037736362812e-07,0.0004600269997258277,6.187219905568153e-05,5.513268976559709e-05,0.0004706721114048629
342.8571428571429,5.0,0.0032666419082598786,nan,nan,nan,nan,nan,nan,nan
357.14285714285717,0.1,0.00010940546621965673,nan,nan,nan,nan,nan,nan,nan
357.14285714285717,0.2,0.0002068870864949219,4.7447987952360245e-09,-0.000469568325627558,-3.7098902385473593e-06,0.004420431746166738,0.015669355890679953,0.01670735258177275,0.028693905126954095
357.14285714285717,0.30000000000000004,0.0002996730235139115,6.845590033029692e-09,-0.0003190298781130507,-3.526245728495034e-06,0.004404122839142833,0.008195621930554745,0.012229476975402914,0.01963885768049327
357.14285714285717,0.4,0.0003892686617517706,8.670492540921752e-09,-0.0002680266251041472,-3.364944775951572e-06,0.004295770186476163,0.0056286352778322345,0.009542952602476314,0.015240441769584435
357.14285714285717,0.5,0.0004761840337385882,1.0646548074115245e-08,-0.00022752754961461195,-3.207032789356703e-06,0.004313358992115826,0.004057021396736279,0.007725957680548669,0.012427603653629302
357.14285714285717,0.6,0.0005608241302292597,1.224969992285122e-08,-0.00019817585249008965,-3.073045200624961e-06,0.004215764425049854,0.0030797397331736695,0.006454839245782521,0.010516052771329795
357.14285714285717,0.7000000000000001,0.0006434824681950303,1.3705320949846978e-08,-0.00018565471931226852,-2.988175103609357e-06,0.0041125164950447405,0.002563285298742818,0.005577755656237242,0.009257750254037923
357.14285714285717,0.8,0.0007242842589676782,1.5523927387402698e-08,-0.0001587254414634701,-2.8776308824278687e-06,0.004139586909343951,0.0019754284933200445,0.00484416357636397,0.008244412594076987
357.14285714285717,0.9,0.0008034987953256914,1.636812653428224e-08,-0.0001624194762991416,-2.7496219784349106e-06,0.003936267893885849,0.0018433943796739526,0.004222652348794118,0.007386060755842929
357.14285714285717,1.0,0.0008810891369207132,1.7855425239351553e-08,-0.00014503779208726098,-2.6454743899672914e-06,0.003917278911012955,0.0015151836900604925,0.003741292957007587,0.006755397964709505
357.14285714285717,1.1,0.0009572291005948624,1.858940803732788e-08,-0.00015389025774203933,-2.5717982033590522e-06,0.003755654866328416,0.0014914301156863873,0.003374682288818804,0.0062535004889971236
357.14285714285717,1.2000000000000002,0.0010318301616915912,2.154842811949961e-08,-0.00011047070000092448,-2.5032289834339835e-06,0.004039369287093765,0.000999439517852674,0.0030676700659241795,0.006011371129292925
357.14285714285717,1.3000000000000003,0.0011053265157883107,2.1767945319727633e-08,-0.00012100878737356013,-2.3994890134315933e-06,0.003810899253719478,0.0010275770543767718,0.0027613985164538684,0.005552432913419897
357.14285714285717,1.4000000000000001,0.0011776127820112947,2.1645628666242742e-08,-0.00013195743595363366,-2.2955656897699564e-06,0.0035586271286504136,0.0010568605260194409,0.002492680267119232,0.005119344786239347
357.14285714285717,1.5000000000000002,0.0012485794738747423,2.248346873012944e-08,-0.00011853718657722342,-2.2131734081232928e-06,0.003487724123933056,0.0008991255438433092,0.002276909561751682,0.004831281466965944
357.14285714285717,1.6,0.0013183607938724176,2.3295826109839093e-08,-0.00011577967599855733,-2.1759998807199005e-06,0.0034238159702978323,0.0008347583643901148,0.0021284253354532127,0.0046346225458589385
357.14285714285717,1.7000000000000002,0.0013869843171101074,2.5198945124172137e-08,-8.501939798117533e-05,-2.138997945733612e-06,0.003521144706473252,0.0005844231043805727,0.0019956013486855813,0.004550259321688144
357.14285714285717,1.8000000000000003,0.0014547576463679855,2.4596946261510902e-08,-0.00012978450594225419,-2.087494500781527e-06,0.0032782839961462795,0.0008531532960627022,0.0018628475889372895,0.00429131900296289
357.14285714285717,1.9000000000000001,0.001521233130566441,2.6488846843288526e-08,-8.3335585361762e-05,-1.973101345439103e-06,0.0033768906393543074,0.0005251552375889759,0.001688593977778703,0.004169157907456479
357.14285714285717,2.0,0.0015868752589112789,2.7437061667658026e-08,-9.362823299599673e-05,-1.8658494681364086e-06,0.003354404273762351,0.0005669006064354491,0.0015350280092593788,0.004035594913743651
357.14285714285717,2.1,0.0016515811049261568,2.5737975497793495e-08,-0.0001012100963414383,-1.753011211592162e-06,0.003024934981966401,0.0005900517712526294,0.0013894789284877198,0.003655091807780647
357.14285714285717,2.2,0.0017152748499776203,2.4057854112861333e-08,-0.00010095213481609888,-1.6997699416956257e-06,0.0027241192700230323,0.0005677978549140442,0.0013001196875852335,0.0033352425107403
357.14285714285717,2.3000000000000003,0.0017779590736809229,2.596085735178604e-08,-0.00010124637555618351,-1.6710386706930015e-06,0.0028367050422279856,0.0005503624624320712,0.00123575459366146,0.003376976927396273
357.14285714285717,2.4000000000000004,0.0018396308336286636,2.7112087635822406e-08,-0.00011528947076232338,-1.5534831449615426e-06,0.0028642482262522632,0.0006067388839466641,0.0011125576806216766,0.0033237958963063074
357.14285714285717,2.5000000000000004,0.001900149698868781,2.990287413539866e-08,-8.050341758036697e-05,-1.5407102380980161e-06,0.0030593621087556225,0.0004107603225981514,0.0010701010776148522,0.0034378268117715763
357.14285714285717,2.6,0.001959863529933095,3.1231910642122306e-08,-3.309802580396623e-05,-1.4859683035171493e-06,0.003098877054757729,0.00016391276527556302,0.0010024996070968127,0.003411732304795138
357.14285714285717,2.7,0.002019246380739369,2.439619846014432e-08,-0.00011418726720614257,-1.3963721126194004e-06,0.002351249861123518,0.0005496412130664188,0.0009160506929493323,0.0027402151588224585
357.14285714285717,2.8000000000000003,0.0020774873588735817,2.3249367415137286e-08,-0.0001194410928734117,-1.2898025240967212e-06,0.002178870613437476,0.000559565211937455,0.0008237554341660006,0.002533325168064306
357.14285714285717,2.9000000000000004,0.0021345339260790603,2.7405260894968474e-08,-5.557026208137006e-05,-1.0940284209815382e-06,0.0025004085249159935,0.00025362680658914965,0.0006811587809601621,0.0026915281752661353
357.14285714285717,3.0000000000000004,0.002191024790663725,2.4995656327645004e-08,-0.00015446833247592139,-1.1081635616328589e-06,0.0022232395516957487,0.0006877574750826912,0.0006731629240938861,0.002514378868330247
357.14285714285717,3.1,0.002245970971923631,3.0524282042856684e-08,2.0888881510812415e-05,-1.1820378111456923e-06,0.0026488888808279556,9.07767811478478e-05,0.0007013676695297943,0.0028299621804350767
357.14285714285717,3.2,0.0023011260419986447,2.1766259853942097e-08,-0.00013078842817527273,-1.0216296196437673e-06,0.0018450160276710767,0.0005553711890725142,0.000592612336682693,0.002101166357809876
357.14285714285717,3.3000000000000003,0.002354973227791906,2.2034851892240052e-08,-0.00012499409600048338,-9.453807952518348e-07,0.0018259517955064035,0.0005191710789848348,0.0005365110716900327,0.0020443401940135383
357.14285714285717,3.4000000000000004,0.002407570472625162,2.674354040068963e-08,-1.663687930752999e-05,-8.462891633650476e-07,0.002168167214919923,6.76295536039288e-05,0.000470311198048271,0.002268900190487339
357.14285714285717,3.5000000000000004,0.002460001348665343,2.580075246172807e-08,-9.444732570300372e-05,-6.411882827328283e-07,0.0020483344609631663,0.00037606126348229844,0.00034928824419592076,0.0021403506004690227
357.14285714285717,3.6,0.002511487751448494,2.093501405270751e-08,-0.0001236998019907547,-7.821741538269789e-07,0.0016291970254088055,0.00048287468404323086,0.0004178254517575058,0.00179905728768249
357.14285714285717,3.7,0.0025617371562117373,2.3120212564631504e-08,-6.031806266582235e-05,-7.317708410469786e-07,0.0017643519143369707,0.0002309812611956532,0.000383697399186667,0.001860305729963033
357.14285714285717,3.8000000000000003,0.0026113833803483224,2.185977035102313e-08,-4.8425795326403195e-06,-5.210551140883001e-07,0.0016374245987611845,1.8198473448147736e-05,0.00026831658481759024,0.001680915845734229
357.14285714285717,3.9000000000000004,0.002660981178689581,1.4955943988187335e-08,-0.00017322466558927077,-5.563860684754901e-07,0.0011002202769868727,0.0006394775446202295,0.0002815450894303569,0.0013333984636001662
357.14285714285717,4.0,0.002708846730374947,1.7588577491265657e-08,-5.545668312137429e-05,-5.097350163205206e-07,0.0012714649319208137,0.0002012101223923051,0.00025360031163210574,0.0013363138937305592
357.14285714285717,4.1,0.0027561577152290994,2.0683271178408688e-08,-4.050357369413809e-05,-4.747076645058507e-07,0.0014700310240962993,0.0001444975160904301,0.0002323762702509449,0.0015132310484236699
357.14285714285717,4.2,0.0028030636643463103,1.4104263051194456e-08,-0.0001431933402049317,-3.0999465843562613e-07,0.0009863201194379892,0.0005026907005907733,0.00014937871419420245,0.0011270107892017885
357.14285714285717,4.3,0.002848537680061472,1.9938918051708537e-08,-1.1026405666823834e-05,-3.3612110942850764e-07,0.0013725812272371784,3.810221573535207e-05,0.0001595176237335637,0.0013915181453258408
357.14285714285717,4.3999999999999995,0.0028939014317199653,1.4249039328904071e-08,-5.6070144082700696e-05,-2.3555708267863396e-07,0.0009660518317755458,0.00019079885176385929,0.00011016800209534161,0.0009969625473821235
357.14285714285717,4.5,0.0029387044819376316,1.0812362479949082e-08,-0.00010385973213213917,-1.765576360498534e-07,0.0007224068631573761,0.00034823407854848515,8.139628659081003e-05,0.000810178597804792
357.14285714285717,4.6,0.0029824689348339766,9.37363812781026e-09,-7.701608400571823e-05,-2.0707126143667802e-07,0.0006173454196601354,0.00025455964336700785,9.41540922217594e-05,0.0006809155346815741
357.14285714285717,4.7,0.0030254632268902643,1.043205571969521e-08,-0.00010971467630628906,-1.1024970272119268e-07,0.0006776278227532351,0.00035768433765149383,4.946566803618926e-05,0.0007694226772061053
357.14285714285717,4.8,0.003067360372183489,1.0163009014221946e-08,7.154636862084436e-06,-2.483261103569278e-08,0.0006514044518140215,2.3010227335784893e-05,1.0998579331249005e-05,0.0006519962943911429
357.14285714285717,4.9,0.003109329063845335,7.147884166746653e-09,-0.00010959556072170568,-1.907657157335054e-08,0.000452265720527986,0.000347900127303546,8.342587241006649e-06,0.0005707170735717213
357.14285714285717,5.0,0.0031502017998999636,nan,nan,nan,nan,nan,nan,nan
371.42857142857144,0.1,0.00010341602912041063,nan,nan,nan,nan,nan,nan,nan
371.42857142857144,0.2,0.00019568555182103734,4.239912657305248e-09,-0.0004428186252090727,-3.4213634440153723e-06,0.004182418110617416,0.015618223298385978,0.016309983479885052,0.028168291436977747
371.42857142857144,0.30000000000000004,0.00028352688826957333,6.03682125111215e-09,-0.00029755044414656533,-3.2599432632629705e-06,0.004111161967518472,0.008076990335832928,0.011963618606501405,0.019193638684000546
371.42857142857144,0.4,0.00036839272027664366,7.77068793811731e-09,-0.00024469288594189284,-3.1081840706953134e-06,0.004073933601826131,0.005427830012084509,0.009324678367048611,0.014830965138182413
371.42857142857144,0.5,0.00045081162342429506,9.425162957202116e-09,-0.0002080063401493101,-2.972096455865863e-06,0.0040394102028689805,0.003916147204460934,0.007570737154395817,0.012094840463435131
371.42857142857144,0.6,0.0005311504631704534,1.0769697893931364e-08,-0.00018472544993201344,-2.8639222851934315e-06,0.003919049503942109,0.003030064123883585,0.006358087053641855,0.010266001148089338
371.42857142857144,0.7000000000000001,0.0006096420484172915,1.2221831713553207e-08,-0.00017265800651058286,-2.764430850465508e-06,0.0038761761095205544,0.002515387999078517,0.00545253728814321,0.00898956304695119
371.42857142857144,0.8,0.0006864070535990239,1.3760309517407639e-08,-0.00014637708984714104,-2.690919947948658e-06,0.0038772434957050806,0.0019216948558364948,0.004784290127845387,0.00803148755204996
371.42857142857144,0.9,0.0007617082878822848,1.4786932294535847e-08,-0.00014157454649387465,-2.585622066110693e-06,0.003755750851345002,0.0016942987183663624,0.004192249857532802,0.007219849745001914
371.42857142857144,1.0,0.000835593776700607,1.602080921053689e-08,-0.00013725092466610343,-2.4829357456772744e-06,0.003710808320184503,0.0015113963608145754,0.003705540359198191,0.006596701907463107
371.42857142857144,1.1,0.0009081067562722681,1.7116732831611208e-08,-0.00012560922105979246,-2.3922968526894145e-06,0.0036492943850021265,0.001282559566881573,0.003312140950416355,0.006074772744873458
371.42857142857144,1.2000000000000002,0.0009793636436333313,1.7353844149139226e-08,-0.00012441017994689908,-2.3219331963634943e-06,0.003432348634737496,0.0011855629351456441,0.003000966118152631,0.0055855323746421565
371.42857142857144,1.3000000000000003,0.0010493764291949256,1.901447758718409e-08,-0.00010887152758667481,-2.2996988083212327e-06,0.0035107324167194314,0.0009735444778682972,0.0027897829083312073,0.005370177678943815
371.42857142857144,1.4000000000000001,0.001118300499480653,2.0050769345486185e-08,-0.00010809290057537093,-2.2148359301753227e-06,0.0034748211012009217,0.000911296885645783,0.0025341208910016942,0.005074286263068072
371.42857142857144,1.5000000000000002,0.0011861436407606268,2.055938744543202e-08,-0.00010932357992180124,-2.10605282415609e-06,0.003360453574644888,0.0008725687848721585,0.002282111926898452,0.004740263094540345
371.42857142857144,1.6,0.0012528935462413826,2.139994825297151e-08,-0.00010350208145253752,-2.0293178425789618e-06,0.0033127019541663405,0.0007849341701940726,0.0020901645776636225,0.0045086241595541365
371.42857142857144,1.7000000000000002,0.001318608430907613,2.1951008119335615e-08,-0.00010115721765734628,-2.0068605790769754e-06,0.0032298833664598497,0.0007312684081529929,0.0019707362883112666,0.004328337219051949
371.42857142857144,1.8000000000000003,0.0013833117433972699,2.3798674367685533e-08,-9.904589008135916e-05,-1.9451441895928306e-06,0.0033386126768686917,0.000684479657689673,0.0018266611197649545,0.004276473862992877
371.42857142857144,1.9000000000000001,0.0014470245969861132,2.4646915113502734e-08,-6.55719355428753e-05,-1.879633060910972e-06,0.003306516650969924,0.0004342277254749651,0.0016921242371992897,0.004104652841465046
371.42857142857144,2.0,0.0015100817312195278,2.3575670928326084e-08,-0.00011739121125536008,-1.8700915529133382e-06,0.0030319720387127747,0.0007467800793262377,0.0016175768500477092,0.0038708713052793605
371.42857142857144,2.1,0.0015719649533403888,2.5279008085243738e-08,-7.202737345006221e-05,-1.7672522816583697e-06,0.0031236620632791342,0.0004410393905701188,0.0014718609770834991,0.003779488047517296
371.42857142857144,2.2,0.001633127901726749,2.655612852126896e-08,-7.816705193306425e-05,-1.6892202185179644e-06,0.0031596207835938354,0.00046156851627939893,0.0013572706911323552,0.003725669932958674
371.42857142857144,2.3000000000000003,0.0016935091795937788,2.535151848022571e-08,-8.693118030613649e-05,-1.6454983873271221e-06,0.002909954091894474,0.0004958935065984001,0.001277817233177767,0.003461123654195559
371.42857142857144,2.4000000000000004,0.0017530211456577472,2.4217022932552512e-08,-8.695836008244805e-05,-1.4898064947311376e-06,0.00268654421731091,0.0004799917795587779,0.001120067010372969,0.0031554733647207946
371.42857142857144,2.5000000000000004,0.001811663528120891,2.3192447903064432e-08,-0.00010337077708812927,-1.3777604988382287e-06,0.002490936706774337,0.0005530001298503335,0.0010042685391068033,0.002920220097535405
371.42857142857144,2.6,0.0018692722028131536,2.465979262552667e-08,-9.281969194203063e-05,-1.5127234182208496e-06,0.0025678373330796133,0.00048194170540986014,0.0010702178175057205,0.003019402048483143
371.42857142857144,2.7,0.0019259526805859959,2.7949980366615165e-08,-5.413064399250373e-05,-1.4883177706085789e-06,0.002824854698390601,0.0002730985647314906,0.0010234325781309944,0.003185783322361639
371.42857142857144,2.8000000000000003,0.001982091851918913,3.006785742881469e-08,-3.6890020776395714e-05,-1.3267448052130527e-06,0.0029537110819192105,0.00018102314361332294,0.0008879454660224174,0.0032146652757690866
371.42857142857144,2.9000000000000004,0.0020378621230440663,2.390653406053373e-08,-9.507132025074644e-05,-1.2454938818809658e-06,0.0022856907742440013,0.0004543037821539507,0.000812075236071003,0.002598019749736918
371.42857142857144,3.0000000000000004,0.002092681680966712,2.4080535611122995e-08,-0.00010499841413161117,-1.066340288466547e-06,0.0022429664162720146,0.0004891721342348223,0.0006782559918542532,0.0024880213227398934
371.42857142857144,3.1,0.002146451254748042,2.1958564561302253e-08,-0.00011446773691462482,-1.0843287048975594e-06,0.001995279441456907,0.0005205264804232998,0.000673166518793161,0.0022712098516805223
371.42857142857144,3.2,0.0021990761511602253,3.0045787059773624e-08,-3.274710921874479e-06,-1.1227738411029856e-06,0.002664692487760923,1.4543487249879744e-05,0.0006810959085301558,0.0028334750467551187
371.42857142857144,3.3000000000000003,0.00225166830046319,2.7615956511060773e-08,-9.330701957696064e-05,-9.991307933000818e-07,0.0023931947189640077,0.0004050966458548511,0.0005928506438102612,0.002567961842997779
371.42857142857144,3.4000000000000004,0.002303327379570385,2.3563506567675175e-08,-3.237308108237392e-05,-9.90683141452139e-07,0.0019973990153313264,0.0001374850024134999,0.0005753092905472401,0.00216112621378649
371.42857142857144,3.5000000000000004,0.0023546627278667564,1.980702455513419e-08,-0.00011780910617069024,-9.742479771976575e-07,0.0016431901191453209,0.0004898874215140964,0.0005541666782031385,0.0018852758068452335
371.42857142857144,3.6,0.002404819985101421,2.0046361470642067e-08,-0.00010870146988787088,-8.540922874691841e-07,0.0016289524706312112,0.0004429760902244474,0.00047629079989065147,0.0018175312432547118
371.42857142857144,3.7,0.0024538902276372066,2.047385671024901e-08,-2.412671157225529e-05,-6.942912314086058e-07,0.0016310565250618127,9.640199165284945e-05,0.000379815780310936,0.0017199298781891553
371.42857142857144,3.8000000000000003,0.00250271920305727,2.0171034242200886e-08,-7.357458899270515e-05,-6.938414127353785e-07,0.0015763819404794046,0.00028843590399971154,0.000372494937631059,0.001686914416948079
371.42857142857144,3.9000000000000004,0.002550812432587406,2.380010892457498e-08,-7.486195211037562e-05,-6.728808686091409e-07,0.0018253286139513,0.0002881348235808071,0.0003548589046949476,0.0019148618514012734
371.42857142857144,4.0,0.0025981570425964383,2.1180372698216135e-08,-3.846480976029027e-05,-6.080206262902264e-07,0.0015957067603651247,0.00014541817883571004,0.0003151491984297142,0.0016631489850138619
371.42857142857144,4.1,0.002645117004507868,1.532078465520186e-08,-0.00014148397541728118,-5.925319415446727e-07,0.001134438253907999,0.0005258333033164594,0.0003019817969079476,0.0013213011867602461
371.42857142857144,4.2,0.0026906621266651245,2.136560738120032e-08,3.280670930736785e-05,-3.6999943646276604e-07,0.0015555579748120006,0.00011988410716487687,0.00018555858580281454,0.001582086214364506
371.42857142857144,4.3,0.002736535315915455,1.4385003997142093e-08,-0.00018541840643821435,-3.8525131863608564e-07,0.0010306042718010362,0.0006668397198036701,0.00019017891231211636,0.0012566449038367285
371.42857142857144,4.3999999999999995,0.002780554321101403,1.9845185245678518e-08,5.244900872468371e-05,-6.200605321329131e-07,0.0013995078618947309,0.00018565377956360703,0.00030142559948927687,0.0014747217925515149
371.42857142857144,4.5,0.002825097816374598,1.2745462984181724e-08,-0.00015214277395716143,-3.979890861574816e-07,0.0008851229889627822,0.0005304616965656445,0.00019063261002565313,0.0010665429673126616
371.42857142857144,4.6,0.0028681198839082215,1.8520505843758737e-08,8.417089758169792e-06,-2.4786588826922076e-07,0.0012673040868957926,2.8912524841615257e-05,0.00011703798709291993,0.001278394056463429
371.42857142857144,4.7,0.0029112261223394266,1.19835201931244e-08,-0.00015554906138957357,-3.223497988848516e-07,0.0008083444360543392,0.0005267890810229657,0.0001501289893645069,0.0009879295977346994
371.42857142857144,4.8,0.002952776870156736,1.1792332264764596e-08,3.582714569877465e-05,-1.6688084490195609e-07,0.0007845828756232509,0.00011963573817613816,7.66728776876261e-05,0.0008010246306550145
371.42857142857144,4.9,0.002994685889431033,1.129034119781758e-08,-0.00013030969516674218,-1.4719043521446713e-07,0.0007410445203928219,0.00042931521332525453,6.674875568703529e-05,0.0008616085691126053
371.42857142857144,5.0,0.003035291811753663,nan,nan,nan,nan,nan,nan,nan
385.7142857142857,0.1,9.789584831945846e-05,nan,nan,nan,nan,nan,nan,nan
385.7142857142857,0.2,0.00018534930544456202,3.776128301563144e-09,-0.00041900052074687584,-3.1599638369182857e-06,0.003938146795810545,0.015598682834780503,0.01592171409312099,0.0276736312342924
385.7142857142857,0.30000000000000004,0.0002686127573621968,5.537657598706307e-09,-0.0002773575797066461,-3.017675740969648e-06,0.003985985987837234,0.00794487216952888,0.011702091564146661,0.01878528605150143
385.7142857142857,0.4,0.00034910263348276517,7.028843644964111e-09,-0.00022297938490046203,-2.8850495797480905e-06,0.0038938279932626382,0.005217567576218854,0.009142398255692385,0.014475904102504284
385.7142857142857,0.5,0.0004273627157543289,8.39708163913858e-09,-0.00019481043848718286,-2.7703743821483547e-06,0.0038013441566113995,0.003867782935031242,0.007451142309393581,0.011851118329473921
385.7142857142857,0.6,0.0005036746936410208,9.678051753240298e-09,-0.00016907915180470066,-2.6686885997381572e-06,0.0037185557382602885,0.0029237481650720852,0.006253525811150545,0.010029413255657734
385.7142857142857,0.7000000000000001,0.0005782958800096657,1.1066956075535166e-08,-0.00015789917158170148,-2.5654680678949506e-06,0.0037047353775193905,0.0024242275666675984,0.005339330887540696,0.008753219531448248
385.7142857142857,0.8,0.0006513380746624935,1.225839804173965e-08,-0.00014447475918440836,-2.500517581781158e-06,0.00364465060921523,0.0019984459864412353,0.004689679803674564,0.00782709765787819
385.7142857142857,0.9,0.0007229355217234773,1.3833121747242521e-08,-0.00011649994038508049,-2.4416619057796875e-06,0.0037062562082849494,0.0014684225338216401,0.004174382976619397,0.007123450448361773
385.7142857142857,1.0,0.0007933679693806103,1.4028782837878555e-08,-0.00013227943061079733,-2.338207704375356e-06,0.003426326267046046,0.0015337143495021068,0.00367830841194043,0.006414974430254716
385.7142857142857,1.1,0.0008624776227316353,1.5555706366620873e-08,-0.000114854966082583,-2.2562640635970257e-06,0.0034958818778128174,0.0012344173003662258,0.0032911517570831336,0.005950490395872117
385.7142857142857,1.2000000000000002,0.0009304387264218345,1.6504665993863634e-08,-0.0001092981880455694,-2.196672817932983e-06,0.0034392732508684177,0.001095933395417636,0.0029904464578321796,0.00556014483045655
385.7142857142857,1.3000000000000003,0.000997306848231578,1.716525220710231e-08,-0.00010947593473332624,-2.1380292035602893e-06,0.0033382803328397253,0.0010297993851457305,0.0027312224532458017,0.0052080470939210085
385.7142857142857,1.4000000000000001,0.0010630802106939882,1.8334489730822036e-08,-9.499721536764415e-05,-2.088293423022521e-06,0.003345909797826818,0.000842245873523148,0.0025151054358733002,0.004955401214208504
385.7142857142857,1.5000000000000002,0.001127903601002722,1.9163532549132845e-08,-9.333563229507994e-05,-2.016277845841108e-06,0.0032971765607740272,0.0007831526327624681,0.002298995737723447,0.004696324533426281
385.7142857142857,1.6,0.001191793634988505,1.9499010216156212e-08,-9.713266937948476e-05,-1.943650571230354e-06,0.0031761595803329375,0.0007741429338532051,0.002105737843094954,0.00442216583694686
385.7142857142857,1.7000000000000002,0.001254712342280493,2.0170595472990274e-08,-9.083368259911287e-05,-1.8737348481743424e-06,0.003121812328227644,0.0006898467059146202,0.0019350403707602696,0.0042083682304759696
385.7142857142857,1.8000000000000003,0.00131672271274649,2.0827804566715923e-08,-8.870371304766244e-05,-1.809846496258014e-06,0.003072750868228228,0.0006437853728280957,0.0017867664447718556,0.004030052873200307
385.7142857142857,1.9000000000000001,0.0013778460460820104,2.1263023892198022e-08,-8.698144758100596e-05,-1.8032136332068547e-06,0.0029988381953554724,0.0006048360607391666,0.0017058808293306232,0.0038960128323773276
385.7142857142857,2.0,0.0014380995649417208,2.3190551981790656e-08,-8.453008049239071e-05,-1.75331776563255e-06,0.0031341122885761813,0.0005644717273071287,0.0015933813663382525,0.003901155793546476
385.7142857142857,2.1,0.0014975077829965072,2.3900596964319092e-08,-5.15429509850623e-05,-1.6867938005744536e-06,0.0031029145016853543,0.0003311676436485416,0.0014755154368768244,0.0037539368697265822
385.7142857142857,2.2,0.001556400571541443,2.246293185919743e-08,-0.00010602952980652902,-1.684676235460192e-06,0.002807050080494246,0.0006568415188573373,0.0014211203372095041,0.0035142761645833237
385.7142857142857,2.3000000000000003,0.0016142330647883135,2.395531809495475e-08,-7.118507702812917e-05,-1.6548862463968812e-06,0.002886810704335517,0.00042591270009877477,0.0013485993680078304,0.0034860462104730904
385.7142857142857,2.4000000000000004,0.0016713537072649027,2.4539177393960625e-08,-5.638397352124377e-05,-1.5374941141619903e-06,0.0028567797935167127,0.0003263130422248481,0.0012123775353399902,0.0033477439517629725
385.7142857142857,2.5000000000000004,0.0017279105100062794,2.4779135328052148e-08,-7.538263145407015e-05,-1.43274594353072e-06,0.0027913386315864368,0.0004226162555109257,0.0010949608710006528,0.003219946346393668
385.7142857142857,2.6,0.0017837134864331155,2.255681524959777e-08,-0.00011534048014890348,-1.298374099097008e-06,0.002462686641711924,0.0006274086048634878,0.0009630663101249199,0.0028833072136209073
385.7142857142857,2.7,0.0018383630580584625,2.602338379996898e-08,-1.799872851131461e-05,-1.2766965995441948e-06,0.0027575416086749235,9.508885311965925e-05,0.0009201653713965966,0.00305065341115571
385.7142857142857,2.8000000000000003,0.0018928326423986964,2.3074143236110382e-08,-0.00012330222277081787,-1.4390195798725251e-06,0.0023757772976752216,0.0006335962898184122,0.0010087739664595044,0.002842712060239925
385.7142857142857,2.9000000000000004,0.0019460692045112221,2.6923136415586246e-08,-5.2800331370572015e-06,-1.3666590147633744e-06,0.0026962165760392363,2.641003027670403e-05,0.0009329512648042289,0.0030018456721836286
385.7142857142857,3.0000000000000004,0.0019992529662923773,2.566884133309463e-08,-0.00010238507946913783,-1.2311504050657973e-06,0.0025032660701413455,0.0004990954312666187,0.0008193926086421146,0.002803256278264042
385.7142857142857,3.1,0.002051412877278841,2.4256422650036587e-08,-4.147346659940688e-05,-1.0750946144034886e-06,0.0023062672985430725,0.0001971961476144404,0.0006984066687902241,0.0025166046417712203
385.7142857142857,3.2,0.0021031580535993107,1.9962144418277985e-08,-9.039472932529691e-05,-1.0030265446889799e-06,0.0018525538653988765,0.0004196599787864,0.0006363704030236775,0.0021019050648610075
385.7142857142857,3.3000000000000003,0.0021539992826265274,2.1951954999870228e-08,-9.473462467737141e-05,-1.0427562059092226e-06,0.0019896317834107555,0.00042985125669591043,0.0006467390332525414,0.002231580043535562
385.7142857142857,3.4000000000000004,0.0022038931654069704,2.5222913357320497e-08,-4.206912100324609e-05,-1.070560513933997e-06,0.0022348248815540848,0.00018669454646370396,0.0006495079506135516,0.0024234310926273413
385.7142857142857,3.5000000000000004,0.002253366356977381,2.7524320526304787e-08,-5.9623561576155324e-05,-1.023525294496363e-06,0.002385568091852984,0.00025898027910968953,0.0006080201433771746,0.002548996448671441
385.7142857142857,3.6,0.00230224331293203,2.736029356998985e-08,-8.986317198704691e-05,-8.271503610345069e-07,0.002321892456077159,0.0003823604147197664,0.0004815388070737845,0.0024497231087959267
385.7142857142857,3.7,0.0023502216371668085,2.7611862311360932e-08,-2.8398034920568828e-06,-7.997291371395586e-07,0.002296383871465979,1.1841536007833539e-05,0.00045649156106607436,0.002385432497001998
385.7142857142857,3.8000000000000003,0.0023981715633666664,2.4283359437964346e-08,-6.20637994645616e-05,nan,0.0019801612719265484,0.0002537876828980422,nan,nan
385.7142857142857,3.9000000000000004,0.0024455008515718787,nan,-0.00010402599187092804,-7.642180293923761e-07,nan,0.00041747497536525935,0.0004201978649058451,nan
385.7142857142857,4.0,0.002491789879858382,2.0716580480018512e-08,-8.75923612289088e-05,nan,0.0016272586675998748,0.0003452319808974413,nan,nan
385.7142857142857,4.1,0.0025372029845325958,2.4121650312310752e-08,4.827814108557259e-07,-6.38803901106323e-07,0.0018610843186267656,1.8693467851744177e-06,0.00033916447276549443,0.001921900989819311
385.7142857142857,4.2,0.0025826209170209183,1.9235730929308117e-08,-5.701826383455037e-05,-6.908029792755637e-07,0.001458993804693622,0.00021700834934200975,0.0003606243972901023,0.0015607227356773574
385.7142857142857,4.3,0.0026274686668708953,1.607493177161218e-08,-0.00010591684327910207,-6.204810503962339e-07,0.0011988145380976802,0.0003965055905678146,0.0003187858959773662,0.0013407542187343921
385.7142857142857,4.3999999999999995,0.0026712572482880813,1.4169720575545764e-08,-9.53563998971809e-05,-4.1767004256873366e-07,0.0010400011563699966,0.00035133809230455937,0.00021120383369578464,0.001137653277185422
385.7142857142857,4.5,0.0027140922657062955,2.3381406492369578e-08,6.232449281115894e-05,-4.5696916020551986e-07,0.0016890443874297875,0.00022601396484717338,0.00022761011130341402,0.0017342335426778915
385.7142857142857,4.6,0.0027575505280526213,1.3842957904120471e-08,-0.0001574156244414388,-4.783333622120124e-07,0.0009849983836696915,0.0005623121987593058,0.00023472356521707434,0.0011817813371524607
385.7142857142857,4.7,0.0027994346341545327,1.7690260013028732e-08,-7.187737050807183e-05,-3.6448115713752306e-07,0.0012401156742214527,0.00025303587747110595,0.0001763382030663495,0.001290001691649526
385.7142857142857,4.8,0.0028405999665513633,1.9391453452039812e-08,5.815673333980745e-05,-4.4498040596807204e-07,0.0013402433214664323,0.00020176868377688799,0.0002122714427191154,0.0013881934639222813
385.7142857142857,4.9,0.002882346866281592,1.0596651298484298e-08,-0.00014934599452086358,-3.508296182805762e-07,0.00072213980948123,0.0005110038283745382,0.00016511927025648579,0.0009149533123996495
385.7142857142857,5.0,0.002922600306066612,nan,nan,nan,nan,nan,nan,nan
400.0,0.1,9.277483772043687e-05,nan,nan,nan,nan,nan,nan,nan
400.0,0.2,0.00017578369749697713,3.4256603423013263e-09,-0.00039637966148794643,-2.9230444653668077e-06,0.0037718746983964476,0.01555474587968218,0.015545716624457478,0.027194039215566346
400.0,0.30000000000000004,0.00025482876065863793,4.882971753834056e-09,-0.0002626819244684689,-2.793367285044864e-06,0.003709893965972446,0.007930092071474305,0.011430806617270164,0.018384133195331054
400.0,0.4,0.00033124700457561404,6.45358176479432e-09,-0.0002037750277790993,-2.689723801411869e-06,0.003772694264376751,0.0050236985578130285,0.008991103883882983,0.014182759509833947
400.0,0.5,0.00040562749821479915,7.492669506815992e-09,-0.00018339551396939744,-2.5827766482802053e-06,0.0035780290828173957,0.003835329814842636,0.007325523741211204,0.011612004265939878
400.0,0.6,0.0004781740367142903,9.05711020482632e-09,-0.00015123011473467055,-2.48841260580919e-06,0.0036698088291031747,0.0027536022648554834,0.006147156281135131,0.009829795672575246
400.0,0.7000000000000001,0.0005492082740664347,9.870522900430494e-09,-0.00014717018065466466,-2.4032570677385028e-06,0.0034833248831473837,0.0023784279796091215,0.005271032841527929,0.008564931192290645
400.0,0.8,0.0006187708096120325,1.1018671920707508e-08,-0.0001347503522094637,-2.3197241114501505e-06,0.003452444502667297,0.001961472042693893,0.004583937969856032,0.00760208657154357
400.0,0.9,0.0006869858416355357,1.216657439799136e-08,-0.00011956946927356869,-2.2809859791367635e-06,0.0034345723682488332,0.0015857910875027603,0.004107238412096198,0.0069317988627439694
400.0,1.0,0.0007540051789663031,1.3747213070570481e-08,-0.00010013931536964874,-2.2235685880763496e-06,0.0035362578225357965,0.0012211767271365134,0.0036830248932535814,0.006412935109214545
400.0,1.1,0.0008200231231433741,1.3653885034985196e-08,-0.0001158958927686298,-2.1215615388379716e-06,0.0032308167499715094,0.0013097325809777694,0.003257390424832638,0.0057770893246646155
400.0,1.2000000000000002,0.0008848821083927588,1.5043000607838927e-08,-0.00010007136785860877,-2.059957117590367e-06,0.0032995188580068908,0.0010547813708788561,0.002950742680139127,0.005423389453421675
400.0,1.3000000000000003,0.0009487403799635574,1.5872378804097005e-08,-9.969970289056862e-05,-2.0131171515645554e-06,0.003248008359886234,0.0009855628690060775,0.0027052348601379946,0.0051144387543176255
400.0,1.4000000000000001,0.0010116016545054503,1.6710714326761076e-08,-8.884427924989514e-05,-1.959708635955585e-06,0.0032079892263049375,0.0008275557996895744,0.002482112623066338,0.004826780461638888
400.0,1.5000000000000002,0.0010735744862548442,1.7474472499940676e-08,-8.742044285789829e-05,-1.918686215028268e-06,0.0031618117668641994,0.0007704460589747567,0.0022998782899269943,0.004601034783157554
400.0,1.6,0.0011346731135756592,1.827875950418641e-08,-8.390391873886684e-05,-1.8623049779455307e-06,0.003130037762387444,0.0007021643864868788,0.0021203550751273184,0.004391125426227113
400.0,1.7000000000000002,0.0011949327017090855,1.87450861880583e-08,-8.080353862472462e-05,-1.7992950702045565e-06,0.0030489281603209716,0.0006441689485312487,0.0019521357868143168,0.004163242104582963
400.0,1.8000000000000003,0.0012543842544562645,1.9034278936780707e-08,-8.289193944750749e-05,-1.7340218262100695e-06,0.002950163070924312,0.0006313138203397421,0.0017978598149531665,0.003945455501364119
400.0,1.9000000000000001,0.0013130068878089685,1.9775748530192998e-08,-7.793567871892166e-05,-1.6784276464742756e-06,0.0029291132042323542,0.0005685207672166243,0.0016673072151125398,0.0038029918123889737
400.0,2.0,0.0013708501643744833,2.0165539150218185e-08,-7.651554375113968e-05,-1.6325193748208704e-06,0.0028617046089382033,0.0005358500460281444,0.001557367889462131,0.003650654465558468
400.0,2.1,0.0014279282855024866,2.052053040079896e-08,-7.488934663537043e-05,-1.6341561359064233e-06,0.002796555313203064,0.000504557638894625,0.0014999408303149942,0.0035461168931189046
400.0,2.2,0.0014842575131641363,2.2367013883516263e-08,-7.409504153960653e-05,-1.594400034510112e-06,0.0029328546868887698,0.0004811848173436848,0.0014110195018915304,0.003579822273840413
400.0,2.3000000000000003,0.0015398457904103899,2.299354289676554e-08,-7.398033980627378e-05,-1.5505280447981328e-06,0.002906990246458293,0.000463915506968161,0.001325297005875643,0.0034897899934200997
400.0,2.4000000000000004,0.0015946942642585807,2.321279799351803e-08,-3.2827982162373155e-05,-1.5185143488022657e-06,0.0028344124241153307,0.00019905223361010112,0.0012554505571974214,0.00335049664748663
400.0,2.5000000000000004,0.0016492144582851479,2.270115909374044e-08,-9.764505750462121e-05,-1.454211066355329e-06,0.002681209231692557,0.0005734522811578975,0.0011646738090554378,0.0031985403899088085
400.0,2.6,0.0017027582017366688,2.4594136698791837e-08,-2.176150042056037e-05,-1.3265290376300637e-06,0.002813911320039912,0.00012392058881523322,0.0010308309199435603,0.0031715418963659376
400.0,2.7,0.001756084330183984,2.0668572342898045e-08,-0.0001128016929123664,-1.2875408046491541e-06,0.0022944738635040578,0.0006238057192336819,0.0009717414870396229,0.0027463260769471356
400.0,2.8000000000000003,0.0018082824417021757,2.3773170969340364e-08,-7.097496061557895e-05,-1.2673328581795937e-06,0.0025631782948412423,0.00038163283603360576,0.0009303243211948648,0.0029062920152485854
400.0,2.9000000000000004,0.0018597708036142116,2.4576047934683923e-08,-1.963748606347709e-05,-1.2701103287980712e-06,0.002577256746596475,0.00010275688564182376,0.0009075606526268055,0.002880997048213802
400.0,3.0000000000000004,0.0019110627906656127,2.3881836079384605e-08,-0.00010299875706314391,-1.3038717641604723e-06,0.002437832620487317,0.0005251489074150573,0.0009079956401909081,0.002804945886408984
400.0,3.1,0.0019613247901463823,2.5206563645582683e-08,-2.7292656461751212e-05,-1.2564412659842565e-06,0.002507635941716171,0.0001356956612440087,0.0008534385188937334,0.002786281740910322
400.0,3.2,0.0020113138630625345,2.4510826749939745e-08,-4.926803725217171e-05,-1.1580566681539664e-06,0.0023784277801867162,0.0002390711959926658,0.000768044206019461,0.002625615651064985
400.0,3.3000000000000003,0.002060810255606165,2.3170187838729412e-08,-7.00163568010878e-05,-1.010749332735811e-06,0.0021952698875739923,0.0003318929729919184,0.000655171330833262,0.0024057975331066824
400.0,3.4000000000000004,0.0021096064845817844,2.0146250259752756e-08,-7.155191987240349e-05,-1.017983215809409e-06,0.0018655530628174852,0.0003316139617432849,0.0006453729693653989,0.0021031568151200233
400.0,3.5000000000000004,0.00215768719435868,1.906998665978331e-08,-5.175299913058421e-05,-1.023183885834247e-06,0.0017271199599434408,0.00023468083142562246,0.0006348986908842199,0.0019606659950248146
400.0,3.6,0.0022052503741442696,1.8018429489622648e-08,-6.254332923548779e-05,-8.987382942976392e-07,0.0015972380014878187,0.0002777002891649401,0.000546293944661484,0.0017958732783653476
400.0,3.7,0.0022521881206375043,1.6977982743359462e-08,-5.461558142752508e-05,-8.818815780173949e-07,0.0014742841196872067,0.0002376057752473816,0.0005253297324443816,0.001667906719685775
400.0,3.8000000000000003,0.002298579711316464,1.8795095277068733e-08,nan,-9.417463076208305e-07,0.0015994409193265716,nan,0.0005501334694547394,nan
400.0,3.9000000000000004,nan,nan,nan,-8.908483727503441e-07,nan,nan,0.0005107334863133885,nan
400.0,4.0,0.002389650590687676,1.8816224620991462e-08,nan,-6.713243368877559e-07,0.0015410793149368222,nan,0.00037798897952943315,nan
400.0,4.1,0.0024342117503353463,2.0397637842983483e-08,-2.675432329763728e-05,-6.757560268633278e-07,0.0016406977520676373,0.0001079453918339467,0.0003737930511983371,0.001727131671733892
400.0,4.2,0.0024785053667500403,1.926241465050572e-08,-0.00011163670176612785,-7.925341586071379e-07,0.001522137842533244,0.0004427071870634526,0.0004309058636658846,0.0016983088623194183
400.0,4.3,0.002521682616147073,2.5595883362397976e-08,-7.910360051016639e-07,-7.250629653292386e-07,0.00198809208713284,3.0841390416426552e-06,0.0003877590736902775,0.0020623369892653633
400.0,4.3999999999999995,0.0025648519551840546,2.140013138614394e-08,-1.6286357235571754e-05,-5.99010419844175e-07,0.0016349506417149343,6.245107880154629e-05,0.00031529111298774333,0.0016958126989575389
400.0,4.5,0.0026078584306486806,1.3211878077928218e-08,-0.00010586404664649805,-5.236743938830505e-07,0.000993445094931255,0.00039951617602751693,0.0002712937693671557,0.0011374299759306062
400.0,4.6,0.0026498062656468415,1.985914751459837e-08,-5.006975298477503e-05,-5.547674041360225e-07,0.0014697417895509451,0.0001860462226515673,0.00028310175682698646,0.0015346163476101717
400.0,4.7,0.0026912534031151548,1.676287138339678e-08,-3.200381574692059e-05,-4.012439999682593e-07,0.0012220303764692388,0.00011712796119905471,0.00020179036858057557,0.0012603634023613847
400.0,4.8,0.0027323805024259988,1.3281292367418412e-08,-0.00013371767070419202,-4.5511129779106567e-07,0.0009541885031337364,0.0004823573236943201,0.0002255658416584417,0.0011157527437027927
400.0,4.9,0.002772170425029801,2.357281512689739e-08,9.303557134336496e-05,-4.751717926242975e-07,0.0016690491535226633,0.00033074719623006567,0.0002322646874418918,0.0017329202390051676
400.0,5.0,0.0028128907033470366,nan,nan,nan,nan,nan,nan,nan
414.2857142857143,0.1,8.802749099072936e-05,nan,nan,nan,nan,nan,nan,nan
414.2857142857143,0.2,0.00016691720390496395,3.008497680456681e-09,-0.0003765628016398286,-2.714326966531934e-06,0.003492810352741071,0.015557791957826994,0.0152165318473719,0.026783022564441976
414.2857142857143,0.30000000000000004,0.00024204128880280025,4.381265982552739e-09,-0.00024569405291543866,-2.596603594497285e-06,0.0035087715864397344,0.007807037467647457,0.011198391699200816,0.01800192393508309
414.2857142857143,0.4,0.00031470843317148216,5.48995959329591e-09,-0.00019541806390138399,-2.5044042666485495e-06,0.0033823699581362076,0.005070244295531503,0.008820211639182124,0.013883085769021225
414.2857142857143,0.5,0.00038542139690115023,6.9605152029434895e-09,-0.0001612591005538844,-2.404938469497196e-06,0.003502014318494082,0.0035478850812103225,0.007184886926532953,0.011317985383032646
414.2857142857143,0.6,0.00045452176962527946,7.865900159188175e-09,-0.0001487081797545619,-2.325237585180538e-06,0.0033571160780781904,0.002848078801630118,0.006048284659359524,0.00962004552293145
414.2857142857143,0.7000000000000001,0.0005221350605518631,9.151562386931257e-09,-0.00012960983616287604,-2.2632447860897383e-06,0.0034006512309487772,0.002202554845807452,0.005225209054865184,0.008427413362202756
414.2857142857143,0.8,0.0005884522531168179,9.824682329472132e-09,-0.0001250309767241754,-2.176163670215325e-06,0.003240355199291808,0.0019131953427684683,0.004525282843913474,0.007424054678678198
414.2857142857143,0.9,0.000653519135914531,1.0875203243945517e-08,-0.00011380764723766367,-2.105005548126629e-06,0.0032306768188619123,0.001586284391343531,0.003988236244160374,0.006690712036593769
414.2857142857143,1.0,0.0007174479422398675,1.2023593247892929e-08,-0.00010216178600940634,-2.0820842174581743e-06,0.0032543470639688674,0.0013091704275346463,0.0036272221367838163,0.006214352973580045
414.2857142857143,1.1,0.0007803551307051099,1.3349454984260591e-08,-8.668286826204366e-05,-2.0256612216648956e-06,0.003322319202138047,0.0010290044194307814,0.0032702681157060274,0.005786705632163275
414.2857142857143,1.2000000000000002,0.0008423954904877318,1.3413014591470604e-08,-0.00010226775943890635,-1.9477656015314025e-06,0.0030934628360817368,0.0011320153671877846,0.002932859554274356,0.005296631140636934
414.2857142857143,1.3000000000000003,0.0009034131726759647,1.4272323664799801e-08,-8.974066846809688e-05,-1.8888559491435177e-06,0.0030700908033208666,0.0009313705573755779,0.0026674191660478914,0.004952086294742926
414.2857142857143,1.4000000000000001,0.0009635334481795166,1.522461454033805e-08,-8.421332985631898e-05,-1.8422620631179845e-06,0.00307143051621905,0.0008233513449398895,0.002451439542394891,0.004704328274388437
414.2857142857143,1.5000000000000002,0.0010228115903845054,1.5958734008408945e-08,-8.067813441936694e-05,-1.8120065289634542e-06,0.003033682835434773,0.0007461334179592024,0.002281344930704108,0.0044909927643123305
414.2857142857143,1.6,0.0010812829512453004,1.664360057272644e-08,-7.757231749363351e-05,-1.768663302309423e-06,0.0029935081191830378,0.0006810691460532983,0.002114480469760518,0.004285673967454578
414.2857142857143,1.7000000000000002,0.0011389785889311592,1.7310087238102333e-08,-7.438837291869319e-05,-1.7259041517982195e-06,0.0029563764217567564,0.0006220125892873199,0.0019655678480917237,0.0041053593191406595
414.2857142857143,1.8000000000000003,0.001195930342887831,1.7943026855509585e-08,-6.785002615980385e-05,-1.6758120394615799e-06,0.0029192348376514076,0.0005418450030406993,0.0018233089418333171,0.003932485097163939
414.2857142857143,1.9000000000000001,0.0012522035965829047,1.7909298924925353e-08,-7.60670317626966e-05,-1.621967324944691e-06,0.002783655590999643,0.0005816784477271122,0.001690262173583137,0.003714977886441018
414.2857142857143,2.0,0.0013077161799603515,1.8392655644900476e-08,-6.921119822303998e-05,-1.5678882477058917e-06,0.002738157159976408,0.0005079584329286318,0.0015685944291504534,0.003560407753142476
414.2857142857143,2.1,0.001362536651355568,1.8974188613538795e-08,-6.779712530330036e-05,-1.5267132696702336e-06,0.002711819234784234,0.0004785637258205108,0.00146943433826538,0.0034498494678411387
414.2857142857143,2.2,0.0014166791514977513,1.9199581166215712e-08,-6.705758326182742e-05,-1.492745222561425e-06,0.002639893573658442,0.00045612715839427276,0.0013848745039069209,0.0033185606590826174
414.2857142857143,2.3000000000000003,0.0014701510758073164,1.934751085213545e-08,-8.508731516598549e-05,-1.448484865457245e-06,0.002564199367927808,0.0005587659089581485,0.0012975929868741388,0.0032023167954880875
414.2857142857143,2.4000000000000004,0.0015227721269652217,2.12110060777588e-08,-2.4188194814320562e-05,-1.4660112745255628e-06,0.002714486938081256,0.00015356108884941993,0.0012698784019444364,0.003258404925185371
414.2857142857143,2.5000000000000004,0.0015751512961749837,2.1109980734908233e-08,-7.083367733417242e-05,-1.4302564607335554e-06,0.002612249311793178,0.00043541132179357233,0.001199949301814982,0.0031453435646940837
414.2857142857143,2.6,0.001626822128611404,2.0500396329894655e-08,-4.692827499722107e-05,-1.3789900748251654e-06,0.0024570454858315444,0.0002796639618627075,0.0011218059334157447,0.002938057445916171
414.2857142857143,2.7,0.0016780236782978522,2.1673658444287776e-08,-6.41319433881916e-05,-1.3346428158562392e-06,0.002518783138627309,0.00037100856412560456,0.0010543887116912921,0.0029504892754883597
414.2857142857143,2.8000000000000003,0.0017285839085504184,2.000250574554774e-08,-6.562160991133505e-05,-1.2017369902173097e-06,0.002257470368324212,0.0003689741666143518,0.0009231068288337287,0.0026337362879319437
414.2857142857143,2.9000000000000004,0.0017784879227038712,1.9602867155445856e-08,-6.454777206424139e-05,-1.1982444686477e-06,0.002151117291437129,0.0003531549561569383,0.0008957203398626445,0.0025212405436739515
414.2857142857143,3.0000000000000004,0.0018277464591366817,2.1906084719713898e-08,-6.240958932046853e-05,-1.1721032059916973e-06,0.002339342043846915,0.000332606185296575,0.0008537255837630745,0.00265345865190144
414.2857142857143,3.1,0.0018763808996762874,2.2661871073273862e-08,-5.434581493309573e-05,nan,0.002358034564617791,0.00028239339550514706,nan,nan
414.2857142857143,3.2,0.0019244718820665622,nan,-2.1302610802870905e-05,-1.1753662762414487e-06,nan,0.00010800624913836183,0.0008147740316107068,nan
414.2857142857143,3.3000000000000003,0.0019723498383488083,2.4213577853677625e-08,-7.965112296085158e-05,nan,0.0023978658332603395,0.00039442353704004506,nan,nan
414.2857142857143,3.4000000000000004,0.002019431283401446,2.5521966325913424e-08,-6.128627019039329e-05,-1.065095195860566e-06,0.002468974471957702,0.0002966565379396034,0.00070518310971732,0.0026792548369168443
414.2857142857143,3.5000000000000004,0.0020658998657521795,2.699464359119133e-08,-4.337822383177272e-05,-1.0170813295279752e-06,0.0025532481962081926,0.00020539567124352453,0.0006588700062961885,0.002725707816989827
414.2857142857143,3.6,0.0021119346658645954,2.7820658672619144e-08,-3.4996743139082194e-05,-9.95911878994352e-07,0.0025746216892015435,0.0001622007177941817,0.0006317106651390641,0.0027300371140812052
414.2857142857143,3.7,0.0021576194985456205,2.636578713610722e-08,-4.807382303702485e-05,-9.381083288916171e-07,0.002389131190069839,0.00021823728050612967,0.0005830360152234644,0.002536816379650397
414.2857142857143,3.8000000000000003,0.0022028235929962754,2.546964386069484e-08,-5.1038196835842535e-05,nan,0.002261347072973872,0.00022708700267371154,nan,nan
414.2857142857143,3.9000000000000004,0.0022475173054785718,nan,-8.596706028794059e-05,-8.636239141359513e-07,nan,0.00037518061290366377,0.0005162882195302893,nan
414.2857142857143,4.0,0.002291351347357989,2.6210799357975103e-08,1.9791013395296927e-05,nan,0.002238462286897778,8.474417625845102e-05,nan,nan
414.2857142857143,4.1,0.0023353832993713588,1.892233671768266e-08,-0.0001094329874851054,-8.938896221933802e-07,0.001586427873591374,0.0004601270858586732,0.0005152238892411309,0.001805375762919719
414.2857142857143,4.2,0.0023783209215098777,1.9656868659219375e-08,-1.3832855935052079e-05,-6.314514084387144e-07,0.0016185584677916294,5.7134114402259556e-05,0.00035772679513690337,0.0016967418013965347
414.2857142857143,4.3,0.002421120215089046,1.8234408202984025e-08,-0.00011054728359122937,-5.419805857888123e-07,0.001475724094974809,0.0004488657364414857,0.00030187238609752115,0.0016004674094828666
414.2857142857143,4.3999999999999995,0.002462814035832302,2.2645458550713098e-08,-1.8695933593588714e-05,-8.657727106483122e-07,0.001801867021550999,7.465470425214371e-05,0.00047426583572689174,0.0019240982963704056
414.2857142857143,4.5,0.0025043208972396224,2.3149069344937935e-08,2.871318419963783e-05,-7.286791279224991e-07,0.0018115630092461472,0.00011277253947532567,0.00039284765691816216,0.0018981930210652579
414.2857142857143,4.6,0.002546114890488939,1.84463098691541e-08,-0.00014157175026018734,-5.694018559245495e-07,0.0014206899135708244,0.0005473501809642471,0.0003022499560271065,0.0015813481978869317
414.2857142857143,4.7,0.0025864931662356538,1.9188311389390614e-08,6.4148351127529796e-09,-5.756310033592434e-07,0.001455077367173738,2.4420056701600094e-08,0.00030095735351236643,0.0015160477572701762
414.2857142857143,4.8,0.0026268715061307196,2.0141328921386502e-08,-4.450836504498074e-05,-4.318794127040287e-07,0.0015043568369885912,0.0001668977259712741,0.0002225586796564108,0.001545965418665473
414.2857142857143,4.9,0.0026668047623753357,1.3028860428327039e-08,-5.814403604077928e-05,-5.387505125323767e-07,0.0009591586014388915,0.00021485835855874404,0.0002736130445509929,0.0010563510464110383
414.2857142857143,5.0,0.002706156578259544,nan,nan,nan,nan,nan,nan,nan
428.57142857142856,0.1,8.360446973232207e-05,nan,nan,nan,nan,nan,nan,nan
428.57142857142856,0.2,0.0001586646894314113,2.737151925624152e-09,-0.00035769562687312947,-2.5261260129858534e-06,0.0033465839394176094,0.015541986032261932,0.014909652253846764,0.026407355311576897
428.57142857142856,0.30000000000000004,0.00023014795286176924,4.006479016897569e-09,-0.00023409546077777344,-2.4174530475927056e-06,0.003378137602071911,0.007821686527998879,0.010973663205974768,0.01770404366570361
428.57142857142856,0.4,0.00029929026168434944,5.271905326113153e-09,-0.00017967616127051745,-2.3302153069121727e-06,0.0034187169225277517,0.00490067137229235,0.00863698548300445,0.0135977660578068
428.57142857142856,0.5,0.00036663580889422447,6.304520669125502e-09,-0.00015065678210577735,-2.254041739194209e-06,0.0033382601007491217,0.0034835968751819367,0.007084500331139265,0.01112023909692843
428.57142857142856,0.6,0.0004324747882830417,7.121073208704531e-09,-0.00013842548413162882,-2.1801852984499847e-06,0.0031973831481658566,0.0027856160794948225,0.005965028326320857,0.009441718159643165
428.57142857142856,0.7000000000000001,0.0004969295128305427,8.174937513593228e-09,-0.00012455035463439774,-2.1092114157139514e-06,0.0031952548692047566,0.002223562612469153,0.0051204819921175145,0.008221469213829536
428.57142857142856,0.8,0.0005601387338316997,9.475225408942868e-09,-0.00010760954058720328,-2.0418178608971583e-06,0.003286111083729594,0.0017293010917494311,0.004463346975054742,0.007323383149883453
428.57142857142856,0.9,0.0006222718594269846,1.0212979317487634e-08,-0.00010604849684514581,-1.9776945045782843e-06,0.0031893197594712952,0.0015519038616216825,0.003937955212280301,0.006602662238197673
428.57142857142856,1.0,0.0006833445000538181,1.0841023709875718e-08,-0.00010056238455895477,-1.9353233939139337e-06,0.003083783070636059,0.0013527149133642784,0.0035429352570453074,0.006036914454819539
428.57142857142856,1.1,0.0007434115168350621,1.1848030636411296e-08,-8.323111169745034e-05,-1.9147386958247123e-06,0.003098544932763481,0.0010369588663643112,0.0032470983343602525,0.005635916924236557
428.57142857142856,1.2000000000000002,0.0008026462224993315,1.2557433089823186e-08,-8.822436599636344e-05,-1.8632275646871583e-06,0.0030422069869093277,0.0010246748059461262,0.0029463303661540824,0.005259915119294603
428.57142857142856,1.3000000000000003,0.0008609986845036373,1.3292226987510923e-08,-7.788404624545132e-05,-1.7774763062126023e-06,0.0030027228595429123,0.0008478814975464156,0.0026353541444935,0.004860599812667285
428.57142857142856,1.4000000000000001,0.0009185723060454886,1.386446314302191e-08,-8.403485816613642e-05,-1.7349378254710304e-06,0.0029365688128752303,0.0008616259352459539,0.0024232054379477856,0.004594527705220564
428.57142857142856,1.5000000000000002,0.0009753055790056786,1.4610895298016506e-08,-7.494098728193621e-05,-1.7096873084641565e-06,0.0029153124534120572,0.0007266726897721368,0.0022588078706412464,0.004385376368343062
428.57142857142856,1.6,0.0010312894420930491,1.5310415284613853e-08,-7.161581622680024e-05,-1.6636075321157516e-06,0.002889691864910882,0.0006591076817573394,0.002086590750548718,0.004182399303131468
428.57142857142856,1.7000000000000002,0.0010865571470181517,1.6201103633745916e-08,-6.865784084467487e-05,-1.6245433366520753e-06,0.002902905912795999,0.0006016610119648279,0.0019405613454151823,0.0040398533862633776
428.57142857142856,1.8000000000000003,0.0011411382735348075,1.6849091825922742e-08,-6.641357303519174e-05,-1.6018183774973296e-06,0.002875242850894177,0.0005557364166996918,0.0018274280429299377,0.0039057458853127875
428.57142857142856,1.9000000000000001,0.0011950552643211114,1.7673714481921905e-08,-6.364563683587241e-05,-1.561233726843809e-06,0.0028804265666999857,0.0005098438809506292,0.0017055183148064867,0.003791356410755204
428.57142857142856,2.0,0.0012483357987390566,1.8100003783356545e-08,-5.990325578344653e-05,-1.5112353111805496e-06,0.0028246789171377986,0.0004604339677563,0.0015844767076562075,0.003634823695558931
428.57142857142856,2.1,0.0013010173005991673,1.8195107016018048e-08,-6.797307572554456e-05,-1.4744693428834833e-06,0.0027252750540191577,0.0005023807657052331,0.0014868467382476165,0.003478640107841691
428.57142857142856,2.2,0.0013530190717020226,1.8755908212070315e-08,-6.160099981582753e-05,-1.4303123743343284e-06,0.002701907743728337,0.00043862708513126676,0.0013898594678673592,0.0033698839529382883
428.57142857142856,2.3000000000000003,0.0014044048328067196,1.9569904527780097e-08,-6.11827488990928e-05,-1.3558096297102942e-06,0.002716631054193333,0.0004204483346710132,0.001271937452287219,0.003285195709816542
428.57142857142856,2.4000000000000004,0.0014551787664224256,1.933938990144185e-08,-5.564066396573571e-05,-1.3618055092199001e-06,0.002591861379460693,0.0003696080839957787,0.001235079097777408,0.0031472521827187964
428.57142857142856,2.5000000000000004,0.0015053962933984743,2.072519607356587e-08,-5.4401053534397316e-05,-1.383087794419884e-06,0.00268522259545426,0.00034983029822965525,0.001214539482568155,0.0032067138840456916
428.57142857142856,2.6,0.001555069809839179,2.13707223060888e-08,-3.5710426728847125e-05,-1.3606548954467005e-06,0.0026809150321335366,0.00022257998877633583,0.001158382168809881,0.0031496897877341195
428.57142857142856,2.7,0.0016043862220125953,2.067490338678335e-08,-7.351147576469332e-05,-1.3456380819865626e-06,0.0025144865907965456,0.0004447242604628755,0.0011120895593293614,0.0029989846380197803
428.57142857142856,2.8000000000000003,0.0016529675194283647,2.156074543878666e-08,-3.431899168386369e-05,-1.288094310569619e-06,0.0025455241765235245,0.00020173335392647624,0.0010346624826035227,0.0029430328889033437
428.57142857142856,2.9000000000000004,0.0017012056269272954,2.0327689705760602e-08,-5.429772838398682e-05,-1.2267456146914676e-06,0.00233260403416706,0.00031046775045547194,0.0009588275914928035,0.00271590362581243
428.57142857142856,3.0000000000000004,0.0017489007571423862,1.8859134375395013e-08,-5.340065036777557e-05,-1.1445242133758426e-06,0.0021057641307493076,0.00029732077127760407,0.0008713766969270433,0.002457892778637519
428.57142857142856,3.1,0.0017960618808537992,1.8040897581177597e-08,nan,-1.0466235840162987e-06,0.0019621899975258584,nan,0.0007769282380936328,nan
428.57142857142856,3.2,nan,nan,nan,-1.0832166910763869e-06,nan,nan,0.0007845729929528574,nan
428.57142857142856,3.3000000000000003,0.0018888309675922023,1.9069379185392383e-08,nan,-1.095745446611234e-06,0.0019731337525259705,nan,0.0007751442947736437,nan
428.57142857142856,3.4000000000000004,0.0019344646467774162,1.8857960889219853e-08,-4.766778799731967e-05,-9.96187641333737e-07,0.001905765983924542,0.0002407924162856465,0.0006888645599418673,0.0021538323372798456
428.57142857142856,3.5000000000000004,0.001979621648082657,1.821772497462989e-08,-4.8200635958473355e-05,-1.020034807766872e-06,0.0017996530798424005,0.000238110536439788,0.0006899799534885463,0.0020609688274648877
428.57142857142856,3.6,0.002024296643028313,1.6476571151822895e-08,-5.399886353124257e-05,-9.78877293475369e-07,0.001592173089223741,0.00026106187046841863,0.0006481198999540248,0.0018556096722354004
428.57142857142856,3.7,0.0020684316493386565,1.9323549824245528e-08,-3.0129447073064593e-05,-9.581491750291142e-07,0.0018277465509757554,0.00014264044483623835,0.0006213772814617712,0.0020330330058659874
428.57142857142856,3.8000000000000003,0.0021122653611782695,1.8266442271899407e-08,-7.895067372981275e-05,-9.849819549534394e-07,0.0016923031755536598,0.0003663078147333511,0.0006260761930842132,0.0019447401503073273
428.57142857142856,3.9000000000000004,0.0021553095662805843,2.133897699757978e-08,4.747537151990679e-06,-8.149655509968188e-07,0.0019376461548023063,2.159540784012766e-05,0.0005081003848521237,0.002066705345479538
428.57142857142856,4.0,0.002198401246754419,1.8887720942514852e-08,-0.00010763774499268107,-8.452558103872087e-07,0.0016822548543192115,0.00048043630548672337,0.0005170493001633579,0.0018961752018495338
428.57142857142856,4.1,0.002240416549778327,2.4710116178172896e-08,-2.8377068369937746e-05,-8.819756048499931e-07,0.0021593375503052487,0.00012434367687304105,0.0005297708725472653,0.0022889985497888724
428.57142857142856,4.2,0.0022821480821185354,2.5775244126885422e-08,3.995073688026727e-05,-8.966876513182252e-07,0.00221175109543523,0.00017188442001257834,0.0005290866397474288,0.00234120748903647
428.57142857142856,4.3,0.0023242791218275466,1.797142989224522e-08,-0.00010125229028012417,-7.165205820368405e-07,0.001514851980773923,0.00042805610619704124,0.00041562246137487064,0.0016803251514233375
428.57142857142856,4.3999999999999995,0.0023653976386337565,1.789953434044691e-08,-0.00010084917430883479,-5.493795089674193e-07,0.001483248892843598,0.00041924278949852044,0.0003133894984538639,0.001603813502297131
428.57142857142856,4.5,0.002405507663696878,2.191577839735632e-08,5.703796055580092e-05,-8.729407099041402e-07,0.0017859563609140807,0.0002331707904777385,0.00048978864294943,0.0019297135979585074
428.57142857142856,4.6,0.0024461880683655578,1.8059358726519953e-08,-0.00012195617618824571,-7.023529524770271e-07,0.001447532248973942,0.0004906411989045499,0.00038792345318342555,0.0016238988912310886
428.57142857142856,4.7,0.002485648911272355,2.2153905649434266e-08,3.63230946367251e-05,-5.836373231277107e-07,0.0017480058689497778,0.00014382689836977132,0.0003173994626392158,0.0018104407011401568
428.57142857142856,4.8,0.0025254729851255193,1.6140162720770464e-08,-0.00011990081499914371,-7.150180212019719e-07,0.0012539291517127574,0.00046761400157998217,0.00038302553318264,0.0014437514641129927
428.57142857142856,4.9,0.0025640980508286923,2.0385475572555427e-08,1.8149515736403523e-05,-5.420997759642825e-07,0.001560032138817168,6.972793261380746e-05,0.00028617274314393784,0.0016131806893730522
428.57142857142856,5.0,0.0026029046116892293,nan,nan,nan,nan,nan,nan,nan
442.8571428571429,0.1,7.94934736761166e-05,nan,nan,nan,nan,nan,nan,nan
442.8571428571429,0.2,0.0001509707773916595,2.467004226195318e-09,-0.0003375815407505487,-2.3599906187880366e-06,0.003173171371955356,0.015409597361507354,0.014648903576049284,0.02601356298857099
442.8571428571429,0.30000000000000004,0.00021907226569969692,3.4991361380331198e-09,-0.00022257647643720684,-2.2493516849424784e-06,0.0031028275813256173,0.007811126410410061,0.01073659908556209,0.017354836635561453
442.8571428571429,0.4,0.00028494798924336227,4.6390889799126795e-09,-0.00016868550284788019,-2.17001288424417e-06,0.0031633266238442082,0.004831500859887368,0.008455307230935164,0.01327909924005476
442.8571428571429,0.5,0.0003491368577585488,5.686762320509128e-09,-0.00014446390862569728,-2.1123765485492013e-06,0.0031654402290373076,0.0035074178717980514,0.006977703360748821,0.010940689208282397
442.8571428571429,0.6,0.0004118810871874784,6.756546435381515e-09,-0.000123299691257478,-2.043182764966647e-06,0.003188363957823222,0.002604598472037265,0.005873735501751675,0.009270983519409417
442.8571428571429,0.7000000000000001,0.0004733923197038332,7.65241641357512e-09,-0.00011446182023936962,-1.9761622545604596e-06,0.0031427347241419564,0.002144447857345911,0.005039981641288532,0.00807949676949338
442.8571428571429,0.8,0.0005337589340177943,8.127770747440949e-09,-0.00010166838989522857,-1.921020436563258e-06,0.002961281953527469,0.0017141606877256043,0.004410154288357452,0.007113821713106579
442.8571428571429,0.9,0.0005931088644328031,8.996702491029392e-09,-0.00010052831617011125,-1.8630340091023116e-06,0.0029505781195920794,0.001543138756131976,0.0038947809716048556,0.006436289777041009
442.8571428571429,1.0,0.0006514535116861108,9.972466319835337e-09,-9.122905384018703e-05,-1.8159416893853907e-06,0.002978288707920196,0.0012869357100595887,0.0034895913698674455,0.005906005672775657
442.8571428571429,1.1,0.0007088858684010166,1.0704338898904945e-08,-8.585291580885059e-05,-1.780678784549329e-06,0.0029385594781481846,0.0011215863651896298,0.0031693002019611296,0.005475583559904417
442.8571428571429,1.2000000000000002,0.0007654596959578339,1.2009734455598598e-08,-7.366277981349713e-05,-1.7417485550062933e-06,0.003053607114472309,0.0008969080511284804,0.0028899140802659947,0.00517997753319204
442.8571428571429,1.3000000000000003,0.0008212968957165163,1.2661554818869538e-08,-6.934492896518844e-05,-1.6974672267107256e-06,0.003001155316341498,0.0007912107826923832,0.0026399154046510467,0.004855023627427711
442.8571428571429,1.4000000000000001,0.0008764406461855467,1.2942958628452426e-08,-8.030136607832917e-05,-1.6552898979035643e-06,0.0028755712651811517,0.0008627306856959836,0.0024245732876446305,0.004557447267001208
442.8571428571429,1.5000000000000002,0.0009307813829937939,1.3573028480253006e-08,-7.016123133628606e-05,-1.6121515912231932e-06,0.0028401414612234067,0.0007127160680070757,0.0022331981767147973,0.00430682201934562
442.8571428571429,1.6,0.0009844205074886782,1.4228006569606925e-08,-6.17579198061973e-05,-1.5776553356580949e-06,0.002815576977333073,0.0005952903069658606,0.0020742520012311592,0.004109365765428832
442.8571428571429,1.7000000000000002,0.0010374420527855005,1.4389481645337459e-08,-6.788037319831445e-05,-1.544463273874572e-06,0.00270269163041331,0.0006228786963281169,0.0019334870775130494,0.0038947739956595013
442.8571428571429,1.8000000000000003,0.0010897847943503397,1.4931571786068135e-08,-6.137233493461353e-05,-1.5116281566387748e-06,0.0026703683671374275,0.0005376398801225553,0.001807003290701374,0.0037350295369806105
442.8571428571429,1.9000000000000001,0.0011415138125658328,1.5442196981201004e-08,-5.9353494043018124e-05,-1.5006112340543638e-06,0.0026370904055754785,0.0004976609154929325,0.0017172705745751719,0.0036193851199604315
442.8571428571429,2.0,0.0011926492958408957,1.5378089626738804e-08,-5.735421270657014e-05,-1.4724554940682474e-06,0.0025140556261224246,0.0004613392398663025,0.0016168177377043175,0.003429505617343242
442.8571428571429,2.1,0.0012432112369888928,1.6006639326249324e-08,-5.8644986078589486e-05,-1.410069808149064e-06,0.0025108513818265397,0.00045349201933712077,0.0014888078685239546,0.003308039814146798
442.8571428571429,2.2,0.0012931867282761041,1.652537217058877e-08,-5.097716902987842e-05,-1.3624847053422477e-06,0.0024925923095309855,0.0003796750909785678,0.0013859299515707156,0.003193551824781337
442.8571428571429,2.3000000000000003,0.0013426524478730166,1.653101654626554e-08,-5.859473246991492e-05,-1.3222713823114464e-06,0.002402211077153803,0.0004210806736749479,0.0012980942006402473,0.0030525438736264984
442.8571428571429,2.4000000000000004,0.00139153222014523,1.6880961408384976e-08,-5.410699437302309e-05,-1.2784332768707076e-06,0.002367471436823069,0.00037577670003965865,0.0012131910120154743,0.0029478456533095563
442.8571428571429,2.5000000000000004,0.001439870922473713,1.7710147506257155e-08,-5.307618360403213e-05,-1.2572963403554992e-06,0.0024009065476334325,0.0003567717800211806,0.0011550205770280081,0.0029257107547064174
442.8571428571429,2.6,0.0014876788629661559,1.837178971754081e-08,-5.186696931411358e-05,-1.2767800276984613e-06,0.002411045997158284,0.0003379025803413769,0.0011368655770757044,0.0029175756433884783
442.8571428571429,2.7,0.0015349681337654575,2.0108936489990373e-08,-5.0612212808363165e-05,-1.2462248311504587e-06,0.0025579031616501445,0.0003199757975248514,0.0010770454751424727,0.0029942122513995596
442.8571428571429,2.8000000000000003,0.0015817512824366756,2.096533760825386e-08,-4.625918539576719e-05,-1.215017009001613e-06,0.002588460013839064,0.00028413479233794424,0.0010202991083582856,0.0029770586766965272
442.8571428571429,2.9000000000000004,0.001628071839253936,2.250231461491729e-08,-4.885379893515128e-05,-1.213365221320321e-06,0.0026994438722729532,0.00029185546529018517,0.0009911247853953186,0.003055623260911197
442.8571428571429,3.0000000000000004,0.0016739038580818448,2.4041599686037612e-08,-3.11199045549158e-05,-1.1754704196277952e-06,0.0028054473048172036,0.00018099021699264904,0.0009349585749310977,0.0031067003576829766
442.8571428571429,3.1,0.0017194246778642044,2.392261296444562e-08,-2.9692282921766303e-05,nan,0.002718261527153227,0.0001682617340670205,nan,nan
442.8571428571429,3.2,0.0017646485748173465,nan,-6.686648970567927e-05,-1.1117697153876512e-06,nan,0.0003695906975855547,0.0008408600228417514,nan
442.8571428571429,3.3000000000000003,0.0018092038068734317,2.2094646679514368e-08,-4.1246532935098813e-05,nan,0.0023872499152191684,0.00022255164534594593,nan,nan
442.8571428571429,3.4000000000000004,0.001853346573600166,2.2599247192354865e-08,-4.280068577188367e-05,-1.0181999846588993e-06,0.002384169321175794,0.00022561571951716235,0.0007347724288953804,0.0026105453164920788
442.8571428571429,3.5000000000000004,0.0018970613334691813,2.2329955277173375e-08,-7.549076049776642e-05,-1.0193890254078824e-06,0.00230202257812706,0.0003891233820172699,0.0007193955694746492,0.002546720425841601
442.8571428571429,3.6,0.001940021185733219,2.4998718835801407e-08,2.0634373122056095e-05,-9.959674059495213e-07,0.0025202725953311885,0.0001040465127610478,0.0006878692754400682,0.002703502896574004
442.8571428571429,3.7,0.0019831873817284774,2.074560727828147e-08,-9.186030018599587e-05,-9.490608894467748e-07,0.0020468635766062596,0.0004535336919350361,0.0006418707116808242,0.0022845873439168154
442.8571428571429,3.8000000000000003,0.0020254349747218757,2.3463319712030403e-08,-2.258473678650764e-05,-9.114323670615007e-07,0.0022669654496539284,0.00010923922403905305,0.0006041110098658478,0.0024250702634100235
442.8571428571429,3.9000000000000004,0.002067456720347409,2.0789568565921503e-08,-1.7268289504920872e-05,-9.176422461416502e-07,0.0019685195859858585,8.186716996396339e-05,0.0005963049267841469,0.0021431123921395114
442.8571428571429,4.0,0.002109305783077893,1.9967093577359676e-08,-6.621647703937415e-05,-7.887215164749561e-07,0.0018535820349537926,0.0003079130546373834,0.0005029176487948789,0.002009086641351812
442.8571428571429,4.1,0.0021504926810379833,1.9001389614871464e-08,-4.440823674345395e-05,-7.302482883534531e-07,0.0017308542983507107,0.00020266300364218468,0.00045711838275477336,0.0018587208846056157
442.8571428571429,4.2,0.002191235496630639,1.7327935254892225e-08,-8.726449037283617e-05,-9.362186837913807e-07,0.0015495547134006104,0.0003911266581903988,0.0005754279896932056,0.0017934142341394428
442.8571428571429,4.3,0.0022311056673195665,2.4633206991550786e-08,6.583696186448876e-05,-9.6677851706699e-07,0.0021629007691484486,0.00028982202171211146,0.0005838816039557226,0.002333232092254875
442.8571428571429,4.3999999999999995,0.002271634207627139,1.8196422860486545e-08,-9.957099443820906e-05,-6.31449749850799e-07,0.001569949857546366,0.00043082560802178474,0.0003750023684518588,0.0017121935674526414
442.8571428571429,4.5,0.002311167037990329,1.8390891741705053e-08,-7.530386977672511e-05,-6.335140811542767e-07,0.0015602707358764896,0.0003204492494315564,0.00036997160097317365,0.0016765710428571516
442.8571428571429,4.6,0.002349946829655752,2.4740544079409686e-08,5.992402224595446e-05,-8.084608057505609e-07,0.00206406477643583,0.00025079886846091515,0.0004646448671722883,0.002180608442367285
442.8571428571429,4.7,0.0023893258615436345,1.5181744597968158e-08,-0.00013365185518570547,-6.995045142531301e-07,0.0012464814359036587,0.000550603923857793,0.00039568515248603644,0.001473096782569238
442.8571428571429,4.8,0.00242736837487966,2.341545873364743e-08,1.4075220361974002e-05,-5.968974098834875e-07,0.0018921861670381866,5.7087509874992105e-05,0.00033255771372403287,0.0019505939455532776
442.8571428571429,4.9,0.002465551640419305,2.025755179176456e-08,-1.7917195597625873e-05,-6.99892970870708e-07,0.0016123385928557296,7.156699311414088e-05,0.000384127446220547,0.0017028991051718926
442.8571428571429,5.0,0.002503555734002974,nan,nan,nan,nan,nan,nan,nan
457.1428571428571,0.1,7.565286550289133e-05,nan,nan,nan,nan,nan,nan,nan
457.1428571428571,0.2,0.00014378033560215166,2.3206127494533523e-09,-0.00031971177478622447,-2.2028382400434262e-06,0.0031369941047287267,0.015318418904228756,0.014364720068237104,0.02563562082369302
457.1428571428571,0.30000000000000004,0.00020871068795354973,3.4217295502414613e-09,-0.00020885706495293093,-2.102265549640425e-06,0.003187588127050934,0.007691223181212687,0.01053959533970033,0.017072837255131475
457.1428571428571,0.4,0.0002715524696554185,4.26693978419348e-09,-0.00015957809955346967,-2.0319577851672257e-06,0.0030560104666918267,0.004795037049900139,0.008314209088633815,0.013060770491111437
457.1428571428571,0.5,0.00033279847036175257,5.099646141919906e-09,-0.00013781979485427153,-1.9692125717123175e-06,0.002980905875356309,0.0035098454919328783,0.0068300315412428685,0.01070062974425899
457.1428571428571,0.6,0.0003926662731195439,6.158073680157392e-09,-0.00011172316647881789,-1.914205677253605e-06,0.0030512440841264504,0.0024749445642354827,0.0057765608462861115,0.009064918724326593
457.1428571428571,0.7000000000000001,0.0004514168442125471,6.74535050481936e-09,-0.00011295523776938735,-1.8628446721800102e-06,0.0029079520020559753,0.002218994813464318,0.0049857838528547275,0.007943311908972022
457.1428571428571,0.8,0.0005090378629278564,7.959741674750545e-09,-8.769504716810387e-05,-1.819962458011255e-06,0.0030433908885645865,0.0015499796359089474,0.004383590474699556,0.007077880747235273
457.1428571428571,0.9,0.0005657819311714847,8.230687826821172e-09,-9.282788885798479e-05,-1.760740809859889e-06,0.0028320807701326237,0.0014933756317406317,0.0038611258807635693,0.006329884548728849
457.1428571428571,1.0,0.0006215977205265331,8.979255681143994e-09,-8.687309556501802e-05,-1.6988383723586829e-06,0.0028129423305650885,0.001284070149841907,0.003423558105321828,0.005744822095228845
457.1428571428571,1.1,0.0006765447789259313,9.801944295693436e-09,-7.677016935649484e-05,-1.6635653543860644e-06,0.0028218883803561028,0.0010506039914792388,0.003104698976819998,0.005324014862059945
457.1428571428571,1.2000000000000002,0.0007307241356317646,1.0221163589952148e-08,-7.243946288415557e-05,-1.6337815754253464e-06,0.0027250967804924938,0.0009237617158607249,0.002841814806986283,0.004942803957790909
457.1428571428571,1.3000000000000003,0.0007841790977087563,1.0867803803995356e-08,-6.836533318876338e-05,-1.6195553939020871e-06,0.002700508373086642,0.0008168385206768192,0.0026398257232668958,0.0046794583383566665
457.1428571428571,1.4000000000000001,0.0008369504064538604,1.1469470735740199e-08,-6.94522404758751e-05,-1.5865581563481405e-06,0.0026706980371159384,0.0007812161544529055,0.0024350633707733134,0.004427413909360282
457.1428571428571,1.5000000000000002,0.0008890271927942058,1.1880818906163755e-08,-6.48731440119855e-05,-1.5266258832819657e-06,0.002604969291313619,0.0006898057528098756,0.002215409067958002,0.004132526063085103
457.1428571428571,1.6,0.0009404552476944312,1.2579142616939538e-08,-6.197151345956269e-05,-1.5067738300151581e-06,0.0026078001657947416,0.0006251769382385348,0.0020748474935051143,0.003975104042843822
457.1428571428571,1.7000000000000002,0.000991263587460061,1.304904789908153e-08,-5.9335251164185126e-05,-1.4821389091634392e-06,0.0025669587931801,0.0005697212847655207,0.0019428985518807282,0.0038030999663432423
457.1428571428571,1.8000000000000003,0.0010414785747140491,1.3620659612391108e-08,-5.69732385809294e-05,-1.4377894064335419e-06,0.002550711356883523,0.0005221519046352737,0.0017993517412783597,0.0036406186857911604
457.1428571428571,1.9000000000000001,0.0010911238295822278,1.4063817568964508e-08,-6.679058695618563e-05,-1.4129060213031006e-06,0.0025143513983047427,0.0005858303474374447,0.0016923979080262757,0.0035204518897890254
457.1428571428571,2.0,0.0011401011785808447,1.5629887728755813e-08,-4.0669311385352514e-05,-1.361779292068512e-06,0.0026745272201913564,0.0003421407844128506,0.0015648177323277224,0.003488189392610111
457.1428571428571,2.1,0.001188671834465608,1.6598308879908784e-08,-5.155805674124814e-05,-1.3277052620672924e-06,0.002724725995636933,0.00041689120155310923,0.0014667037338696775,0.00344969124866655
457.1428571428571,2.2,0.0012367269097829589,1.6788812475195458e-08,-5.082453148194318e-05,-1.3235302995111867e-06,0.0026494922854732785,0.00039574531431618546,0.0014082256161864809,0.0033380566946583186
457.1428571428571,2.3000000000000003,0.0012842737397854903,1.7164655023162276e-08,-4.898017550109077e-05,-1.2937528682000176e-06,0.002609007883315476,0.0003679038799160112,0.0013281894277302388,0.0032358074281279956
457.1428571428571,2.4000000000000004,0.0013313307680330108,1.7231741632519258e-08,-4.279289139760139e-05,-1.2537263676494238e-06,0.0025272012497513188,0.0003105525234155309,0.0012438876569530158,0.003094786266090844
457.1428571428571,2.5000000000000004,0.0013779598673665553,1.667731752136661e-08,-5.517057666526956e-05,-1.220219832414108e-06,0.0023637772906662294,0.0003874236874188645,0.0011717388964493658,0.0029126421469770993
457.1428571428571,2.6,0.0014240372609334471,1.6779055545722372e-08,-4.607443922252478e-05,-1.1878722506281747e-06,0.0023017716628170714,0.00031350536956782816,0.0011055345845372082,0.002800152110102457
457.1428571428571,2.7,0.0014696539101081137,1.6767946295601424e-08,-4.568735095787125e-05,-1.1987967524390938e-06,0.0022293816926678093,0.00030160376412595723,0.0010827029560301724,0.002721323013559816
457.1428571428571,2.8000000000000003,0.0015148136857732015,1.5513493858927543e-08,-4.431007526277397e-05,-1.1781333995113785e-06,0.0020015910149956953,0.00028412447990619846,0.001033767474510793,0.0024948835031131837
457.1428571428571,2.9000000000000004,0.0015595303606856616,1.5407309236401075e-08,-4.3362766130052535e-05,-1.0630324650612739e-06,0.001931332971889137,0.0002703728869921053,0.0009072312008233262,0.0023343704611353444
457.1428571428571,3.0000000000000004,0.0016038134079368212,1.6646548956397115e-08,-4.2681440225980805e-05,-1.0623756376006616e-06,0.0020295400316202175,0.00025904124934672827,0.0008826670349828031,0.0023967347158379408
457.1428571428571,3.1,0.001647669640785721,1.7153664783632486e-08,-4.2659007858840754e-05,-1.1395998468582323e-06,0.002035999575960206,0.0002522560814356073,0.0009225631689270227,0.0024312903992021865
457.1428571428571,3.2,0.0016910992835560323,1.863439618401421e-08,-4.431686044348119e-05,-1.0978732723083576e-06,0.002155068182417692,0.0002555632571580591,0.0008668953619561227,0.002492518121587164
457.1428571428571,3.3000000000000003,0.0017340857577219089,1.9370731474783956e-08,-2.3164020112394383e-05,-1.0372343018691448e-06,0.0021850553763147727,0.00013036633798649318,0.0007995068539750417,0.002463713619467214
457.1428571428571,3.4000000000000004,0.0017768405916866615,1.8567404123143195e-08,-5.372730656728277e-05,-1.0191109420128234e-06,0.002044553458892207,0.0002953578283954853,0.0007674357958905097,0.002333527478880586
457.1428571428571,3.5000000000000004,0.0018190581525857413,1.9109916071214014e-08,-4.282056924507192e-05,-9.449589210516398e-07,0.002055802204636354,0.00023011326326181564,0.000695838440175515,0.0022907765251478553
457.1428571428571,3.6,0.0018608475077923703,1.8251975401671443e-08,-4.5995147697009194e-05,-9.894748064195645e-07,0.001920026939143356,0.0002418026810145967,0.0007127593946822341,0.00218197706060298
457.1428571428571,3.7,0.0019021769115220293,2.087605685694471e-08,-1.1329439191442787e-05,-1.0173683509651809e-06,0.0021482688958065935,5.8297210445011e-05,0.0007175660421886705,0.0023766067960940395
457.1428571428571,3.8000000000000003,0.0019433930208597738,1.787476560292814e-08,-7.624866881987111e-05,-9.86437263944876e-07,0.0018010508325685779,0.0003843475959663458,0.0006816085084059343,0.00207862634773155
457.1428571428571,3.9000000000000004,0.0019838466435093197,1.8731958456570166e-08,-1.5029700894432505e-06,-9.716102987281792e-07,0.0018490586172772564,7.4246952078408635e-06,0.00065804338261636,0.0020700519517723634
457.1428571428571,4.0,0.002024285236457971,1.9859886265176053e-08,-2.771824937027912e-05,-8.19306009753403e-07,0.00192150329545252,0.0001342647891226821,0.0005442646548444134,0.00207428300312635
457.1428571428571,4.1,0.0020644466469129197,1.9663771595825815e-08,-7.488329078005235e-05,-7.744675312427359e-07,0.0018660908017859644,0.0003559329916633102,0.0005049124976255882,0.00202949659659276
457.1428571428571,4.2,0.0021038592244600677,2.1260905786741457e-08,-3.1240409531290904e-05,-7.730901515348876e-07,0.0019801433352612833,0.0001457816212557808,0.0004950077077790453,0.0021052993067012995
457.1428571428571,4.3,0.002142959397911903,1.8599553122328304e-08,-4.75239057403428e-05,-8.425353801164749e-07,0.0017013211088215182,0.00021784124975861614,0.0005298484974181739,0.0018717444232187975
457.1428571428571,4.3999999999999995,0.0021815843323063347,2.3871226015761564e-08,3.703887956063578e-05,-8.109536189620011e-07,0.0021445700907170313,0.00016679824778614562,0.0005012641453008482,0.002264847459806281
457.1428571428571,4.5,0.0022205796554963728,1.9815760037060375e-08,-8.202971120137118e-05,-6.466343920112446e-07,0.0017497794811668146,0.0003631634363418113,0.0003930997099599246,0.0018715423260373123
457.1428571428571,4.6,0.002258754681574397,1.6959736092843324e-08,-8.285806134323592e-05,-7.536738584920701e-07,0.0014728718911906377,0.0003608641638972069,0.00045061954839737306,0.0016448983273869607
457.1428571428571,4.7,0.002296101127038989,2.4558941704035008e-08,5.948571779024711e-05,-7.598470218425226e-07,0.0020976749131877592,0.0002548613385677178,0.00044719036332634615,0.0022057091343642074
457.1428571428571,4.8,0.0023340424296814837,1.6595231226102586e-08,-8.44308070842986e-05,-6.338147978820979e-07,0.001395248417144752,0.0003560769401440523,0.00036724021367735523,0.001530764410982587
457.1428571428571,4.9,0.002371139424253135,1.8449447646277515e-08,-7.617509845685327e-05,-6.947238153174688e-07,0.0015271200714170234,0.00031641079955865587,0.0003964212099739459,0.0016572601057276727
457.1428571428571,5.0,0.002407474667840218,nan,nan,nan,nan,nan,nan,nan
471.42857142857144,0.1,7.205627742289515e-05,nan,nan,nan,nan,nan,nan,nan
471.42857142857144,0.2,0.00013706348825130775,2.0323716215737147e-09,-0.00030232767192073094,-2.059464121246253e-06,0.0028847457960885837,0.0151887257988781,0.014096506655352248,0.025227805086260206
471.42857142857144,0.30000000000000004,0.00019904742236051304,2.938528185746681e-09,-0.00020036023646530988,-1.9671169689515067e-06,0.002873353710940227,0.00773508758385949,0.010348523443988785,0.016800940938522527
471.42857142857144,0.4,0.00025902775410506523,3.8702048461233064e-09,-0.00015072587740652023,-1.911212549957335e-06,0.0029086007750210594,0.004747259362907224,0.008204075096343882,0.012868959798680824
471.42857142857144,0.5,0.0003175008270755522,4.6414781799451725e-09,-0.00012656912637853845,-1.8452139494106723e-06,0.002846288457567478,0.003377805006991157,0.006713130483012013,0.01047106328950535
471.42857142857144,0.6,0.0003747082087822538,5.451032374605468e-09,-0.00010976196238537242,-1.7976587211206823e-06,0.0028330815830355212,0.002547757285170011,0.005688941208640614,0.008901995427487625
471.42857142857144,0.7000000000000001,0.0004308179708651017,6.259088588767553e-09,-9.865040335513534e-05,-1.7445636447783988e-06,0.0028296795622326965,0.002030089185384047,0.0048959693566214485,0.007750443884545141
471.42857142857144,0.8,0.0004859412289143982,6.961233147257434e-09,-9.297568439731715e-05,-1.7022074866014627e-06,0.0027908726038562807,0.0017213424579587573,0.00429798982060845,0.006906332076046933
471.42857142857144,0.9,0.0005401347301197216,8.070890466239932e-09,-7.538007986724204e-05,-1.6756150950513206e-06,0.0029112285362379994,0.0012699347544400821,0.0038509405215412735,0.006304559593789116
471.42857142857144,1.0,0.0005935744305263725,8.325239155503905e-09,-8.10044687137956e-05,-1.6136323705116467e-06,0.0027333246937315692,0.0012535431210964644,0.003407297155393903,0.005679945602567142
471.42857142857144,1.1,0.0006462040862458855,8.885402049084683e-09,-7.592149066517434e-05,-1.5719016292984089e-06,0.002680306482942473,0.0010875843154607065,0.0030730800402522904,0.005220586590923822
471.42857142857144,1.2000000000000002,0.0006980745270587467,9.649915549150109e-09,-6.657490269390596e-05,-1.5591626265152747e-06,0.002695094392266171,0.0008885192731830914,0.0028403909097349488,0.004918194925198902
471.42857142857144,1.3000000000000003,0.0007492792188446689,9.908873110264773e-09,-6.830355950006001e-05,-1.5377632899728195e-06,0.0025787718749497963,0.0008540070614078858,0.002624772845584699,0.0045998105858615764
471.42857142857144,1.4000000000000001,0.0007998008750355905,1.0691787313381548e-08,-6.24871712269167e-05,-1.4880427195184122e-06,0.0026070808904189,0.0007354047704761189,0.0023911251881018787,0.004332741658116363
471.42857142857144,1.5000000000000002,0.0008496976595142429,1.165429023932877e-08,-5.3728413007027285e-05,-1.4440062187599941e-06,0.002675313644771057,0.0005976084214181108,0.002193476012662166,0.004139699621892473
471.42857142857144,1.6,0.000899057159862825,1.1895466038797416e-08,-6.684670769728028e-05,-1.430993606552065e-06,0.002581352101887146,0.0007053213942429364,0.00206229362870754,0.003958151963367427
471.42857142857144,1.7000000000000002,0.0009477481931344343,1.2607907503377608e-08,-4.87144876776778e-05,-1.3813860189155316e-06,0.002595719625111066,0.0004891248141464554,0.0018948143978790753,0.003762664835036496
471.42857142857144,1.8000000000000003,0.0009959520815292669,1.3675029970287265e-08,-5.519564746674824e-05,-1.3410423808346112e-06,0.002679673409202892,0.0005288945496128333,0.001755781312646472,0.003691329714381573
471.42857142857144,1.9000000000000001,0.001043604013449432,1.430205455026469e-08,-5.131110429347756e-05,-1.317210910404963e-06,0.0026750278600630602,0.00047042348277403953,0.0016504937520978584,0.0035812472068661983
471.42857142857144,2.0,0.0010907428343266622,1.4345264959070417e-08,-3.618132860777438e-05,-1.2936453299741783e-06,0.002567846739121882,0.00031807206586193746,0.0015547308378319605,0.0033954944663350437
471.42857142857144,2.1,0.0011375198419178148,1.367531417796176e-08,-6.0346995890974025e-05,-1.291753854453242e-06,0.0023478981864971053,0.0005098194932366098,0.0014921343059825314,0.003197729097972555
471.42857142857144,2.2,0.0011836933795500576,1.4192979625824187e-08,-4.688946632829069e-05,nan,0.0023420905871274042,0.00038140183625978924,nan,nan
471.42857142857144,2.3000000000000003,0.0012293980225190175,nan,-4.5666760136548947e-05,-1.243082173546848e-06,nan,0.0003582701409824009,0.0013338771394273555,nan
471.42857142857144,2.4000000000000004,0.001274645997886612,1.5168829918789132e-08,-4.4162680677478285e-05,nan,0.002325252033224493,0.00033470462799497385,nan,nan
471.42857142857144,2.5000000000000004,0.0013194523464474315,1.584183746913771e-08,-4.387390573653941e-05,-1.2025910017625586e-06,0.002346242536877913,0.0003216986637063068,0.0012064200793797724,0.0029187742098262964
471.42857142857144,2.6,0.0013638199559508858,1.6115123263829404e-08,-4.258491473250157e-05,-1.1926729640882056e-06,0.0023094905985338067,0.0003025008724076877,0.0011593331657251654,0.0028483961067281567
471.42857142857144,2.7,0.001407761716307015,1.5616788718022033e-08,-6.613683985335748e-05,-1.163741158359094e-06,0.0021686056264344465,0.00045578856379608826,0.0010974863672662434,0.0027054659913887205
471.42857142857144,2.8000000000000003,0.0014510421082646106,1.8362241584864223e-08,-1.8926928106364167e-05,-1.1096963012571592e-06,0.0024738331037036077,0.00012667496923579063,0.0010165114257027908,0.0028639985562111153
471.42857142857144,2.9000000000000004,0.0014941332309411426,1.889366452834053e-08,-1.0414093681637355e-05,-1.0907418408333317e-06,0.0024724429872899053,6.775067815596778e-05,0.0009715610444773659,0.0028293861889253516
471.42857142857144,3.0000000000000004,0.0015371202126808583,1.645332396577703e-08,-6.918427983093697e-05,-1.0643142221566355e-06,0.002093648301534705,0.00043803727600770596,0.0009227874636751452,0.0025056562557388873
471.42857142857144,3.1,0.0015794153516222645,1.7093028613541842e-08,-3.5756027221499856e-05,-1.0403909295365546e-06,0.0021171557089403026,0.000220532041811972,0.0008788796559333092,0.0024649222252621232
471.42857142857144,3.2,0.0016213529302914558,1.7243326423166913e-08,-3.695898852030306e-05,-1.0056595238522147e-06,0.00208092229890237,0.0002222534342814789,0.0008284806309310645,0.0023984150005315814
471.42857142857144,3.3000000000000003,0.001662920919075444,1.745794687916238e-08,-3.65031938694962e-05,-1.0170683010242165e-06,0.0020545963692997667,0.0002142050492061415,0.0008177181017514163,0.002367398536729519
471.42857142857144,3.4000000000000004,0.0017041238759207373,1.7874966507695917e-08,-3.71878192053027e-05,-1.0067024626706058e-06,0.0020530554995068845,0.00021311621315967975,0.0007905994501602031,0.002347456151998204
471.42857142857144,3.5000000000000004,0.0017449549545739775,1.8066199704314415e-08,-3.8731043657956765e-05,-9.438986464933465e-07,0.0020268618275077095,0.00021693217970616025,0.000724630380620147,0.002281536064899119
471.42857142857144,3.6,0.0017853987227906382,1.8220082916799878e-08,-4.156299249942485e-05,-9.165092039348205e-07,0.001998220839248669,0.0002276891689584427,0.0006883160314023533,0.0022343425874828625
471.42857142857144,3.7,0.0018254268610823046,1.834309578815656e-08,-4.560210287629564e-05,-9.539300425352058e-07,0.001968002510010028,0.00024451543087041183,0.0007012257371485396,0.002217263345707618
471.42857142857144,3.8000000000000003,0.001864998978345208,2.037356535158355e-08,-5.116802722748402e-05,-9.516868249147003e-07,0.002139490280805643,0.0002687312528976888,0.0006853113427235601,0.0023640935727836385
471.42857142857144,3.9000000000000004,0.0019040594153358367,2.1460206481374963e-08,1.978755248847538e-05,-9.078253912938839e-07,0.002207647445995857,0.00010182355774808736,0.0006406673292758788,0.002388510945406674
471.42857142857144,4.0,0.0019433177278513501,2.017442209749697e-08,-1.624129676144805e-05,-8.794548263959096e-07,0.002033917417040183,8.192688214494971e-05,0.0006085718124937507,0.0022100342475358296
471.42857142857144,4.1,0.001982413627399249,1.8844226476129127e-08,-6.876142930104227e-05,-7.832697597784272e-07,0.0018628529398341425,0.00034026466592858426,0.0005318591599067827,0.0020375842191874415
471.42857142857144,4.2,0.0020208219126541375,1.8526940176930083e-08,-6.212422369645565e-05,-7.598805808226617e-07,0.0017971773754699941,0.00030177768111464546,0.0005065628811947014,0.0019580929990500205
471.42857142857144,4.3,0.0020586089556720614,2.0278312929571088e-08,1.013707427201249e-06,-8.041951647076439e-07,0.0019311757442296974,4.835453445339665e-06,0.0005266128007447176,0.0020698080153790928
471.42857142857144,4.3999999999999995,0.0020964061357642574,1.6990145979359368e-08,-1.670101934122224e-05,-8.494118824169532e-07,0.0015893846866858667,7.826023998234307e-05,0.0005464544103637154,0.0017690373632700742
471.42857142857144,4.5,0.002134036305663041,1.7985274638100353e-08,-6.427714375899402e-05,-7.886394319276479e-07,0.0016529306673471892,0.0002960683646009414,0.0004987827005238822,0.0018213743800378035
471.42857142857144,4.6,0.002171023704124235,1.9925494784618312e-08,-1.2268113189391193e-05,-6.368292292996319e-07,0.0018002962164224826,5.5564914740187106e-05,0.00039621775850518464,0.0018863008643705108
471.42857142857144,4.7,0.0022078884214535347,1.6513742588513994e-08,-6.498724166490408e-05,-7.235158379850329e-07,0.0014677713925529091,0.0002895911370876267,0.0004428343037471612,0.0016218570617125532
471.42857142857144,4.8,0.0022441032663661855,2.1307272799368763e-08,1.742902053284388e-05,-7.828653285702319e-07,0.001863043689772488,7.642656700588399e-05,0.0004716631292851474,0.0019803295243972672
471.42857142857144,4.9,0.0022804924014841648,1.8449821787003728e-08,-5.6076148588707686e-05,-6.549880382273929e-07,0.001587957972414771,0.00024209146328574987,0.0003886633616407403,0.0016977447440988376
471.42857142857144,5.0,0.002316320775116257,nan,nan,nan,nan,nan,nan,nan
485.7142857142857,0.1,6.869440035368361e-05,nan,nan,nan,nan,nan,nan,nan
485.7142857142857,0.2,0.00013076141061915236,1.9571003432083652e-09,-0.0002844564487400536,-1.9357847278452816e-06,0.0029140381468732855,0.014972664211284807,0.01389320555508629,0.02487397461398324
485.7142857142857,0.30000000000000004,0.00018998385639722057,2.686983088026263e-09,-0.00019134258968781824,-1.8478685111088646e-06,0.0027549409533290567,0.007737488947008662,0.010191232857835783,0.016588577069377417
485.7142857142857,0.4,0.0002472928762784106,3.4582239382527582e-09,-0.00014514719253619853,-1.7856005322381405e-06,0.002724650066310096,0.004787959406715065,0.008034177191577339,0.012627124754096554
485.7142857142857,0.5,0.00030315042423423864,4.501169589965222e-09,-0.00011453721584487824,-1.7359445256374984e-06,0.00289323982941884,0.0032005919544193405,0.006618271745287049,0.010306195581210322
485.7142857142857,0.6,0.0003578626000316179,4.936940275419464e-09,-0.00010783132932250269,-1.6885312078278875e-06,0.002688862448443841,0.002620467953916584,0.0055990873243062355,0.00876335502502145
485.7142857142857,0.7000000000000001,0.0004114964625357721,5.939129553341102e-09,-8.650703130154055e-05,-1.641974420370169e-06,0.0028134092302371043,0.001863310476516825,0.004827081144413785,0.007615026078628418
485.7142857142857,0.8,0.00046426525472691095,6.299237786197941e-09,-8.993973467770151e-05,-1.5970650151286992e-06,0.0026455024916265933,0.0017425633941145,0.0042239858371598375,0.0067616065635885785
485.7142857142857,0.9,0.0005161346495712728,7.071316877106104e-09,-7.538754903402017e-05,-1.572181234081491e-06,0.0026717887460543177,0.0013290000279215176,0.0037838105484990186,0.00612691934920175
485.7142857142857,1.0,0.0005672501689252944,7.831379885106699e-09,-6.889473565202616e-05,-1.5396819242892187e-06,0.002692570149057164,0.001115384975466276,0.0034037940225752623,0.005627223573604286
485.7142857142857,1.1,0.0006176767409227957,8.327417788489337e-09,-7.090239143335085e-05,-1.489316725698562e-06,0.002629932329787813,0.0010623763583436554,0.0030478054132570685,0.00515978907128856
485.7142857142857,1.2000000000000002,0.0006673942890059636,8.81908079225621e-09,-7.102781064550859e-05,-1.4640850032851657e-06,0.0025782525172006947,0.0009914524857591238,0.002791416006329527,0.004818129379204655
485.7142857142857,1.3000000000000003,0.0007164015589826763,9.966120177752299e-09,-5.754879311743601e-05,-1.4396255311456136e-06,0.002714478162397757,0.0007524357272405185,0.0025713999144412946,0.004599863721648683
485.7142857142857,1.4000000000000001,0.0007648333410282147,1.0525066275186543e-08,-5.185702600182676e-05,-1.4037592753673057e-06,0.002685634357584515,0.0006380467049942857,0.00236009876092668,0.0043312663071032416
485.7142857142857,1.5000000000000002,0.0008127465528137348,1.0580639484919281e-08,-5.730464376693796e-05,-1.3810022848303121e-06,0.0025412735417327274,0.0006662658840892841,0.0021943659368681935,0.004066013424963932
485.7142857142857,1.6,0.0008600867181615856,1.1085497699801774e-08,-6.210423530007921e-05,-1.3476683090785525e-06,0.002516354432561862,0.0006848680553367262,0.002031383921897597,0.0038799645822845557
485.7142857142857,1.7000000000000002,0.0009068058411564355,1.1960130550129323e-08,-3.085533638850666e-05,-1.3162658881882024e-06,0.0025754129494477665,0.0003236970748648646,0.0018880224010191027,0.0037238137480222057
485.7142857142857,1.8000000000000003,0.0009532164107874004,1.1129297428677143e-08,-6.23996458818071e-05,-1.2862553303307215e-06,0.0022805165345288767,0.0006246192141937973,0.0017607326065033476,0.0034338409180111737
485.7142857142857,1.9000000000000001,0.0009990029839595472,1.1800020917350618e-08,-4.7746196552640896e-05,-1.2574700105776151e-06,0.002307549130817781,0.00045720237057144953,0.0016469379150269988,0.0033103815476015763
485.7142857142857,2.0,0.0010443120951661676,1.2131807635059725e-08,-4.624765582844896e-05,-1.2695537067884541e-06,0.002269901787367019,0.0004246181439166859,0.0015943881466693299,0.0032275225509536816
485.7142857142857,2.1,0.0010891587298145035,1.3101326738854888e-08,-4.48988691433309e-05,-1.2496456995966597e-06,0.002350499791088378,0.0003960885413641328,0.001508167717352217,0.0031985739209580994
485.7142857142857,2.2,0.0011335563757714062,1.3463121304290257e-08,nan,-1.2288847904577342e-06,0.0023211887671705698,nan,0.0014279750483548127,nan
485.7142857142857,2.3000000000000003,nan,nan,nan,-1.198500747677951e-06,nan,nan,0.00134323092693421,nan
485.7142857142857,2.4000000000000004,0.001221056907315476,1.3735550935654433e-08,nan,-1.1481437691527375e-06,0.00219917817573299,nan,0.0012430955834972686,nan
485.7142857142857,2.5000000000000004,0.0012641778535832338,1.4295658526449055e-08,-4.073482165794974e-05,-1.1301667984245959e-06,0.002211130504094041,0.0003116924638768304,0.0011838248815062538,0.002790901825274291
485.7142857142857,2.6,0.001306891451634412,1.4817135284077122e-08,-5.484274413021429e-05,-1.121647396300609e-06,0.0022172319350668257,0.00040652662924539086,0.00113822773039321,0.0027699288955924405
485.7142857142857,2.7,0.0013490566222442882,1.650942317561743e-08,-2.0386585633546703e-05,-1.0663166356352692e-06,0.0023933525090303657,0.00014655875555497804,0.0010498037726146855,0.0028202467309268926
485.7142857142857,2.8000000000000003,0.0013910179269978288,1.52979035993094e-08,-3.8728065100278486e-05,-1.0363117350050304e-06,0.0021515717048694164,0.00027033563235177795,0.0009908389058377015,0.002581833772719892
485.7142857142857,2.9000000000000004,0.0014325919511003666,1.528731522035854e-08,-3.811365605036094e-05,-1.1031688489429856e-06,0.002088073663342314,0.0002586107215315766,0.0010252649633312602,0.0025552431623828238
485.7142857142857,3.0000000000000004,0.0014737848386424009,1.6858864991326286e-08,-3.28290539189889e-05,-1.079353037545747e-06,0.0022383315655622998,0.00021674357872126122,0.0009762681546661379,0.002638807495051492
485.7142857142857,3.1,0.0015146494356452452,1.6666864304262112e-08,-3.884094124007204e-05,-1.0083598178732386e-06,0.002153582257464545,0.0002497607952678268,0.0008884641946983433,0.002505800120728079
485.7142857142857,3.2,0.0015551256232356888,1.6965733660509247e-08,-2.8288409528341364e-05,-9.921800235825933e-07,0.002135497188740589,0.00017732134342761415,0.0008523556456776483,0.0024586198151383743
485.7142857142857,3.3000000000000003,0.001595318926730849,1.6679372046190966e-08,-4.571177226867818e-05,-9.73674471742715e-07,0.002046972552794044,0.0002795732811641559,0.0008162338141700432,0.0023665868102020282
485.7142857142857,3.4000000000000004,0.0016350551125033225,1.7549120795862283e-08,-2.5256218208935703e-05,-1.0105582428555042e-06,0.002101639014775438,0.00015082492667713586,0.0008273306017823141,0.002410100943160765
485.7142857142857,3.5000000000000004,0.0016745387360937065,1.5963157375861777e-08,-3.5403762644985175e-05,-9.331840515145345e-07,0.0018669749674764511,0.00020659635350249735,0.0007466791908019739,0.002154840414141522
485.7142857142857,3.6,0.0017136683220576408,1.750401304616506e-08,-3.7760844263652435e-05,-8.475873674769066e-07,0.0020008122078514212,0.0002154782404239748,0.0006633183296523137,0.0022202843908132493
485.7142857142857,3.7,0.0017524202995789385,1.7616072712841223e-08,-4.094707896787688e-05,-8.698984571771464e-07,0.0019694664063615846,0.00022865718912399484,0.0006663339208819734,0.002195241176764136
485.7142857142857,3.8000000000000003,0.0017907628063105574,1.7703415001407057e-08,-4.5349190403148186e-05,-8.022224091512981e-07,0.0019372352901917218,0.0002479924821058776,0.0006018887876306875,0.002130474375836592
485.7142857142857,3.9000000000000004,0.0018286518211381448,1.8683965660997022e-08,-7.3387721514139495e-06,-8.698256351873344e-07,0.0020025920335356006,3.931904710321907e-05,0.0006394260868713027,0.002197646987436438
485.7142857142857,4.0,0.0018664674482442181,1.8966551426478084e-08,-5.670695938037386e-06,-1.0412813024360143e-06,0.0019918126230411112,2.9779526384928583e-05,0.0007503705065411908,0.0022570591794792154
485.7142857142857,4.1,0.001904226368390911,1.6768804337119924e-08,-4.196794900230421e-05,-9.133501178142158e-07,0.0017262820026357434,0.00021615519355480987,0.0006456708898598774,0.0019648293606188
485.7142857142857,4.2,0.001941565609047581,1.697178332204076e-08,-5.079050619143706e-05,-6.742813540785534e-07,0.0017139705521338868,0.00025672555919064666,0.0004679174617408611,0.001855127103011519
485.7142857142857,4.3,0.0019783969446423365,1.7731496232512997e-08,-5.32964284430436e-05,-7.300271540451275e-07,0.0017578242290952663,0.00026453840449736717,0.0004974684611719989,0.001911773084748829
485.7142857142857,4.3999999999999995,0.0020146953159526615,2.058528181816406e-08,1.6973277857995277e-05,-8.93656692348773e-07,0.002003942771586463,8.274951518807467e-05,0.0005982336918323656,0.0021767869014086474
485.7142857142857,4.5,0.0020511634200415666,1.8785679845892782e-08,-2.7236994933413354e-05,-8.108905079919487e-07,0.001796507492995225,0.00013048542642436788,0.0005335800844626706,0.0019529160330048804
485.7142857142857,4.6,0.0020873591541811375,1.7026902883102568e-08,-5.0902090395184625e-05,-6.899402799607463e-07,0.0016005712571482069,0.00023975973000112526,0.00044641249158941564,0.0017372050260787712
485.7142857142857,4.7,0.0021230458674167565,1.8770102476967933e-08,-2.2005458120890466e-05,-6.580648271778338e-07,0.0017349758807299837,0.0001019473264810924,0.0004189168227433285,0.0018361691569259504
485.7142857142857,4.8,0.0021585125260711667,1.7477753170953695e-08,-3.685362579327472e-05,-7.183635492326966e-07,0.0015894493162122649,0.0001680044077968849,0.000450005288810922,0.001720344189330269
485.7142857142857,4.9,0.002193610648467644,1.864007309992919e-08,-5.0679542409112065e-05,-7.952125050342786e-07,0.001668103146728405,0.00022744590915778072,0.0004904406490407902,0.0018208140515112792
485.7142857142857,5.0,0.0022282019754400304,nan,nan,nan,nan,nan,nan,nan
500.0,0.1,6.553913640808452e-05,nan,nan,nan,nan,nan,nan,nan
500.0,0.2,0.0001248587412203048,1.7017341432917255e-09,-0.00027096917030814126,-1.8207916559126652e-06,0.002655926398010011,0.014932009680096912,0.013691326128150676,0.02459519628734272
500.0,0.30000000000000004,0.00018146865432944366,2.4938887150277272e-09,-0.0001814808999428042,-1.7348745512319757e-06,0.00267894804468949,0.007681283881274639,0.010022093047498147,0.01634208012452199
500.0,0.4,0.00023626375843915448,3.364441424800225e-09,-0.00013402351171718361,-1.6728363209603913e-06,0.0027765486384888826,0.004625988770735226,0.007883103508224123,0.012385299200730431
500.0,0.5,0.00028971862743169347,3.8371001288657475e-09,-0.0001148966311532225,-1.6374808825390097e-06,0.002583145515729577,0.003359309670431037,0.0065367501477396,0.010169356282736517
500.0,0.6,0.00034202453011270023,4.6427070943912074e-09,-9.43411331480535e-05,-1.589314810213834e-06,0.002647639746845839,0.002398176045498041,0.005517543735092329,0.008581830941680902
500.0,0.7000000000000001,0.00039338702146222645,5.1771992986833655e-09,-8.746735404518653e-05,-1.5518778962706596e-06,0.002567631514824344,0.0019705409342142413,0.004775219339960856,0.00748873838899487
500.0,0.8,0.0004438748392713008,5.80311225839899e-09,-7.84962164264262e-05,-1.512421027344981e-06,0.002550930986338164,0.0015903517771354624,0.004186119783723859,0.006639553099378503
500.0,0.9,0.0004935776949161109,6.41504363286248e-09,-7.564024438258542e-05,-1.4718901915805072e-06,0.00253653301366742,0.001394228158232317,0.0037068305817699264,0.005988243299209055
500.0,1.0,0.0005425241481170952,7.079119349517782e-09,-6.217327003143947e-05,-1.455951924205071e-06,0.0025468802192383836,0.0010522702730545624,0.003367346028256763,0.00550199146916235
500.0,1.1,0.000590848868617765,7.503382723835382e-09,-6.597257586715524e-05,-1.415403443170096e-06,0.0024791326842149883,0.0010332207278948894,0.0030297006613977094,0.005056858326455477
500.0,1.2000000000000002,0.0006385138633597633,8.16099035316532e-09,-6.210569039855582e-05,-1.3685226706893948e-06,0.002495538638516844,0.0009059147206850762,0.0027289616587034956,0.004684320446642382
500.0,1.3000000000000003,0.000685557801197776,8.540425647254012e-09,-5.879593057280884e-05,-1.3402630762433886e-06,0.0024329148754488133,0.000803207975053292,0.0025033709107353396,0.004370120098555769
500.0,1.4000000000000001,0.0007320137797300607,9.237153607497288e-09,-5.149979685227772e-05,-1.3312227424739878e-06,0.0024647636134047875,0.0006619896102033874,0.002339901373163598,0.004178943261908115
500.0,1.5000000000000002,0.0007779547602938226,9.956929261099934e-09,-5.171179278909854e-05,-1.3135935444426788e-06,0.0025001968606097676,0.0006280439077359203,0.002181829072256562,0.004020718803017067
500.0,1.6,0.0008233786229296934,1.0564166913735792e-08,-4.981534177134639e-05,-1.2705161121532335e-06,0.002506668671715969,0.0005737083177752022,0.002001556380632805,0.00382426266793359
500.0,1.7000000000000002,0.0008683043321478509,1.0737699709798825e-08,-4.7801613094840174e-05,-1.2669505779542668e-06,0.002416578266544276,0.0005237086500304383,0.0018987602149887857,0.0036503016281534
500.0,1.8000000000000003,0.0009127520252350599,1.1901195871410621e-08,-3.895963184531118e-05,-1.2818312366884506e-06,0.00254802105426934,0.0004071824800903999,0.001833015026367179,0.003657608103510838
500.0,1.9000000000000001,0.0009568101220038158,1.102168396456112e-08,-5.10983657702824e-05,-1.2123396091595596e-06,0.0022515681075931378,0.0005108011815840457,0.0016584254222347411,0.003291082884472398
500.0,2.0,0.0010003572351148689,1.2162336904733599e-08,-4.329903639429524e-05,-1.1645932071471998e-06,0.0023767890689800576,0.0004149518438437335,0.0015275134249001562,0.0032385036417507413
500.0,2.1,0.001043471357861979,1.265927213301091e-08,-4.185328399486723e-05,-1.1682821737242711e-06,0.0023720371093607895,0.0003853301196545243,0.0014723348300661684,0.0031797136746804116
500.0,2.2,0.0010861669477691405,1.3109201959929953e-08,-5.3519801573582805e-05,nan,0.0023601361131603076,0.0004743286783220474,nan,nan
500.0,2.3000000000000003,0.001128327339660566,nan,-2.1674114731380815e-05,-1.150980821119756e-06,nan,0.00018520594724719222,0.001346586146832671,nan
500.0,2.4000000000000004,0.001170270990404678,1.4167330272195242e-08,-3.937990978252446e-05,nan,0.0023678600685706915,0.00032496478370412695,nan,nan
500.0,2.5000000000000004,0.0012118208420509645,1.4031076790088133e-08,-3.8384121929697916e-05,-1.098561944514349e-06,0.0022650966800955145,0.00030634097918735565,0.0012008451080511649,0.0028475543388616865
500.0,2.6,0.001252986852477954,1.3970681833259464e-08,-4.320646875420781e-05,-1.0502001139715728e-06,0.002181634560576826,0.0003339705817031106,0.0011121000055626825,0.0027100919818506884
500.0,2.7,0.0012937207982174016,1.381783604613277e-08,-3.389770830859988e-05,-1.0342578508070437e-06,0.0020903248192324212,0.000254083709602147,0.0010621798517201563,0.0025865939875026286
500.0,2.8000000000000003,0.0013341157668737631,1.4387559493217501e-08,-3.4020402148128216e-05,-1.0433623817969738e-06,0.0021108546297501866,0.0002475704533612627,0.0010404342193438482,0.002584957470999975
500.0,2.9000000000000004,0.0013741705315086434,1.4842525891217246e-08,-3.352468474727629e-05,-1.0184902912817919e-06,0.002114410118141679,0.00023710955999702807,0.0009872446046757012,0.0025448487008198455
500.0,3.0000000000000004,0.0014138900492960509,1.5197597715714047e-08,-3.2464653681161554e-05,-1.0011458973640655e-06,0.0021044798894012187,0.00022338808599865005,0.0009442504589826321,0.0025023899976698532
500.0,3.1,0.0014532849205466467,1.5652776732400752e-08,-3.190809927269919e-05,-9.81170446430805e-07,0.002109032067701757,0.0002138095638788151,0.0009013240122771026,0.002473560337330583
500.0,3.2,0.0014923607108045156,1.585203144691923e-08,-3.156131973159215e-05,-9.679515316649178e-07,0.00208028754090218,0.0002061321217790971,0.0008667783470807826,0.0024233646259690634
500.0,3.3000000000000003,0.0015311208878650685,1.6318666764166812e-08,-3.132626160684808e-05,-9.558287080977272e-07,0.0020875701404589916,0.00019958527156808907,0.0008351214418125481,0.0024067901896744175
500.0,3.4000000000000004,0.001569567802309553,1.576832569362585e-08,-6.344119210383024e-05,-9.574492880582259e-07,0.001968145065662938,0.0003946868822087599,0.0008168128140270716,0.002315974758238675
500.0,3.5000000000000004,0.0016073803048329992,1.852193216881979e-08,3.173615286398197e-05,-9.495436839538766e-07,0.002257329780092031,0.00019286512757003986,0.0007915714841762356,0.002527034927072612
500.0,3.6,0.0016455101688850852,1.5355363735021496e-08,-6.311779814271912e-05,-8.534739503136231e-07,0.0018286780823852941,0.0003750295071642916,0.0006957511852270751,0.0021101777374737908
500.0,3.7,0.001683008854955744,1.6704192512412284e-08,-3.6796491347424076e-05,-8.542103622294397e-07,0.0019453203554553866,0.0002139157302023982,0.0006814417371023959,0.0021814575189783914
500.0,3.8000000000000003,0.0017201395761129285,1.5595228438315286e-08,-2.1301611313013707e-05,-8.028223090524775e-07,0.0017772871259516656,0.00012123458660941934,0.0006271773552924315,0.001990012618816048
500.0,3.9000000000000004,0.001757057281156983,1.5619502367023463e-08,-4.870927830372996e-05,-7.728050056975635e-07,0.0017431713940527602,0.0002715896688374105,0.0005914955291800325,0.0019524705834769935
500.0,4.0,0.001793487893418,1.7048669638957844e-08,-4.5719132968488265e-05,-9.260280882219698e-07,0.0018641205544485534,0.0002499048906357923,0.000694716390261095,0.002121947129802268
500.0,4.1,0.0018294613143493323,2.0761753688893807e-08,3.381994097559695e-05,-9.624228661189396e-07,0.002225099210841483,0.00018126504220733887,0.000708134611745509,0.0024468005170666745
500.0,4.2,0.0018657729346904205,1.7669400790862906e-08,-2.809487183840896e-05,-8.058291367455689e-07,0.0018572641298325646,0.00014772751374088653,0.0005818774054330206,0.0020367660877444187
500.0,4.3,0.0019018036063131246,1.6115723878823233e-08,-6.487038726888781e-05,-6.41569124169324e-07,0.0016624182773243982,0.000334869246072413,0.00045492105579671995,0.0018137470261207131
500.0,4.3999999999999995,0.0019371855740631398,1.653272713126317e-08,-4.4319517961545305e-05,-7.163448003429522e-07,0.001674707792508226,0.00022472983530272684,0.0004989118393866968,0.001831113250490914
500.0,4.5,0.0019721243466335396,2.0026273241606435e-08,1.0636317350942897e-05,-8.484494928171917e-07,0.001992525070976805,5.2991625492155305e-05,0.000580671851126669,0.002155765262783768
500.0,4.6,0.002007169482377449,1.9039454491217853e-08,-1.8067158281476547e-05,-8.25730711284125e-07,0.0018614922830161923,8.847628763518959e-05,0.0005556240305207235,0.0020224781086050666
500.0,4.7,0.0020420339465385432,1.6239718533478795e-08,-4.097365212544015e-05,-7.126341214115761e-07,0.0015610723833165017,0.00019732181848597103,0.0004716436585738463,0.0017090284864068005
500.0,4.8,0.0020764886741783833,1.7060663964819812e-08,-4.104098160939879e-05,-6.442623976133844e-07,0.0016130405147210514,0.00019445790122648503,0.00041957074487048904,0.0017296799696427422
500.0,4.9,0.0021105329920021293,1.8444580155858283e-08,-4.151983547594044e-05,-6.073144125349889e-07,0.001715983661201365,0.00019364130750101522,0.0003893686602336813,0.0018125431825545806
500.0,5.0,0.002144162111471116,nan,nan,nan,nan,nan,nan,nan
514.2857142857143,0.1,6.257747684682007e-05,nan,nan,nan,nan,nan,nan,nan
514.2857142857143,0.2,0.00011930336450376165,1.5846295888691738e-09,-0.00025668430184185834,-1.7131059773520164e-06,0.0025900773184647386,0.014797690353263223,0.01348604398045037,0.024278115758682103
514.2857142857143,0.30000000000000004,0.00017346240914228465,2.3308130382755307e-09,-0.0001700192481970467,-1.6285829218538172e-06,0.00262125782558984,0.007525597512141802,0.009847244649749778,0.01604500124297353
514.2857142857143,0.4,0.0002259212612988372,2.8980879299488463e-09,-0.0001310201167289233,-1.5777409862161918e-06,0.002503331531773659,0.00472877461312678,0.007779671312732424,0.0122341550410328
514.2857142857143,0.5,0.0002770699122881005,3.6502709972750987e-09,-0.00010846118398279253,-1.539981113107176e-06,0.00257129916482728,0.0033154976273840698,0.006432208292193618,0.010017520199159049
514.2857142857143,0.6,0.00032713395143753587,4.349815804449209e-09,-8.638389128448803e-05,-1.4972709106747087e-06,0.0025954790751984117,0.0022954039887214174,0.005437287778001587,0.00843407302925709
514.2857142857143,0.7000000000000001,0.00037633415167412636,4.8874010145529895e-09,-8.656194708631276e-05,-1.4618333823332822e-06,0.0025354897951964466,0.0020383404869246556,0.004704779858127639,0.0074063113267718245
514.2857142857143,0.8,0.00042466873243985373,5.710657030687999e-09,-6.733803664968426e-05,-1.42939356715538e-06,0.0026256054798189615,0.001425656770150651,0.004137121331159484,0.006569463233735416
514.2857142857143,0.9,0.00047232993283908425,5.974325565682436e-09,-7.482876948233817e-05,-1.3904454988318574e-06,0.0024702293640976197,0.0014411131539812537,0.003661312993183515,0.005915172516667353
514.2857142857143,1.0,0.0005192428455434914,6.715101336531403e-09,-6.034593384631608e-05,-1.3685664594280239e-06,0.0025260236782940313,0.0010670265855639211,0.0033089594410391147,0.0054238147573904185
514.2857142857143,1.1,0.0005655522989094354,7.3327794884673886e-09,-5.628063264764663e-05,-1.34669592855897e-06,0.0025327722356347886,0.0009206728233480549,0.0030130141832626764,0.005041734084849997
514.2857142857143,1.2000000000000002,0.0006112989459489029,7.557040741995395e-09,-5.8860556585097864e-05,-1.3101727113748404e-06,0.002415379369426713,0.0008966399583345907,0.0027301495201337497,0.004641708038826606
514.2857142857143,1.3000000000000003,0.0006564569874225194,7.929535425856286e-09,-5.356770749441463e-05,-1.2780017007312606e-06,0.0023605194675950917,0.0007640748134324875,0.0024941015673279098,0.00431241785240164
514.2857142857143,1.4000000000000001,0.0007010793518211918,8.224196002003009e-09,-5.067220661376199e-05,-1.2552878829214848e-06,0.0022928630496088266,0.0006799858696220496,0.002305106280853988,0.004043096793203467
514.2857142857143,1.5000000000000002,0.0007451949941537266,8.639207879480447e-09,-4.841563570854049e-05,-1.251936311998372e-06,0.002266331847121366,0.0006137678808730165,0.0021721239729886378,0.0038664216222408783
514.2857142857143,1.6,0.000788826480129176,8.6235852042051e-09,-4.6377567764507934e-05,-1.2230233305920903e-06,0.002137431430433472,0.0005574265817974874,0.002012170297755266,0.0036023597999417464
514.2857142857143,1.7000000000000002,0.0008319941904269802,9.188235314493566e-09,-4.4544555810382615e-05,-1.1800857696205718e-06,0.002159553965997104,0.0005092456595193979,0.0018469822768232389,0.0034271987884555923
514.2857142857143,1.8000000000000003,0.0008747164551666807,9.718770879873725e-09,-5.721366002232191e-05,-1.1721199003535733e-06,0.002173013670426935,0.000624012926897318,0.001750041060391736,0.0033521139555378124
514.2857142857143,1.9000000000000001,0.000916866583306158,1.1976168477108364e-08,-1.322268096704557e-05,-1.1575377440846455e-06,0.0025544420565051787,0.00013789649513481795,0.0016530348266061853,0.003465434740311633
514.2857142857143,2.0,0.0009588844846359647,1.0992082068648342e-08,-5.348751312127816e-05,-1.1316252334795734e-06,0.0022424809618821805,0.0005346786310228737,0.0015492590804904683,0.0031804102722511863
514.2857142857143,2.1,0.0010003675108345587,1.1261683571352115e-08,-3.976699275167437e-05,-1.113544719261379e-06,0.002202554725002517,0.0003818415024598589,0.0014645797993031087,0.003047464228942677
514.2857142857143,2.2,0.001041452867105636,1.1577865738412967e-08,-3.821677488293102e-05,-1.0729399693050159e-06,0.0021753835792796225,0.00035315400846467617,0.001358445666292685,0.0029236553708043025
514.2857142857143,2.3000000000000003,0.001082156055627884,1.1280247082378131e-08,-4.828787639674092e-05,-1.0635947847560152e-06,0.0020402689542151774,0.0004302289132765818,0.0012983498125973434,0.002778348213434838
514.2857142857143,2.4000000000000004,0.0011223763653861645,1.2966546444332418e-08,-2.693595665482009e-05,-1.0754674128954403e-06,0.002261214701490668,0.00023174157824405793,0.0012678293400382387,0.002895095603991027
514.2857142857143,2.5000000000000004,0.0011623273155778968,1.3725135437083939e-08,-3.448528903249835e-05,-1.0919961521389065e-06,0.002311437426380452,0.00028691513741919164,0.0012450206480383063,0.0029197972704001233
514.2857142857143,2.6,0.0012019334128793042,1.3347037069780585e-08,-3.345694501693651e-05,-1.0636030144794825e-06,0.0021739135657288747,0.00026955214178606634,0.0011744673811547555,0.0027490554390907627
514.2857142857143,2.7,0.0012412049407305422,1.3563094966817833e-08,-3.266252008137914e-05,-1.0017320047917123e-06,0.002139548632495244,0.0002551460694250848,0.0010726548300110342,0.0026351365498295037
514.2857142857143,2.8000000000000003,0.0012801498433809664,1.3840883098251822e-08,-3.165471978954902e-05,-9.874395622675244e-07,0.0021172600535787427,0.00024003065729740394,0.0010265304878483998,0.0025783588842299343
514.2857142857143,2.9000000000000004,0.001318778198833495,1.4104244068557942e-08,-3.097437820955787e-05,-9.715990339674784e-07,0.0020946578978727364,0.00022824000446995538,0.0009816878056710268,0.002523312724251092
514.2857142857143,3.0000000000000004,0.0013570968105039282,1.4343800080556051e-08,-3.0057249521091283e-05,-9.562632734053105e-07,0.0020703916406699637,0.0002154464166731784,0.0009400017651495107,0.002469847230332631
514.2857142857143,3.1,0.0013951148496791504,1.4550706698219581e-08,-3.0198202247535062e-05,-9.417606289077007e-07,0.002043324015301491,0.0002107590093398089,0.0009015061286930589,0.002417647408467165
514.2857142857143,3.2,0.0014328309068318973,1.4792841239997792e-08,-2.9377482940371416e-05,-9.181519990169612e-07,0.0020229339796869875,0.0001998124075299627,0.0008566571870822538,0.002366412888051135
514.2857142857143,3.3000000000000003,0.0014702531891552404,1.527920358059631e-08,-3.769537110396778e-05,-9.18490422056602e-07,0.0020365503710908714,0.00025008563771294825,0.0008359811996881121,0.0023680813695151205
514.2857142857143,3.4000000000000004,0.001507298517767544,1.592201900244268e-08,-3.419866506535959e-05,-8.765281950747734e-07,0.002070246107476351,0.00022149367793739433,0.0007790210767520892,0.0023555734059746867
514.2857142857143,3.5000000000000004,0.0015440018597291938,1.534172877948e-08,-2.1943827728933097e-05,-9.272701823925695e-07,0.0019478682472484482,0.00013884229922791919,0.0008050218796458563,0.0022604398567780412
514.2857142857143,3.6,0.0015804857634135543,1.695863900476363e-08,3.6762114718688613e-06,-9.380162982447659e-07,0.0021032666957087275,2.273467442958105e-05,0.000796206911960689,0.00238582031008349
514.2857142857143,3.7,0.0016170064292126336,1.4792282693815505e-08,-8.280494151243627e-05,-8.162740202732317e-07,0.0017937120140100926,0.0005010285552778637,0.0006779134434442647,0.0020946516836965728
514.2857142857143,3.8000000000000003,0.0016526990455965884,1.778099187624367e-08,2.5873273956818207e-05,-8.49740705565264e-07,0.0021095810495185014,0.00015321865341527146,0.0006908797491595301,0.0023299008167386526
514.2857142857143,3.9000000000000004,0.0016886503947201115,1.4563257736846303e-08,-6.140849173714382e-05,-8.286008324121325e-07,0.0016915176571397027,0.0003562002977178524,0.0006600075078391351,0.0019645178689229902
514.2857142857143,4.0,0.0017239876589262631,1.4765267527593178e-08,-3.915702350911105e-05,-6.844019420288125e-07,0.0016801451042123873,0.0002226180056487724,0.0005344289340104991,0.0018557141263306392
514.2857142857143,4.1,0.0017589333528973236,1.6186538508384367e-08,-2.9278637372356045e-05,-7.845633028148489e-07,0.001805654582517152,0.0001632407541094855,0.0006007187141949279,0.0020021892923336292
514.2857142857143,4.2,0.0017935862604946606,1.9124604148202655e-08,2.6002313249112206e-05,-9.613166450502586e-07,0.002091883940344705,0.00014220576839139466,0.0007221089960972712,0.0023321843205298108
514.2857142857143,4.3,0.0018284991912244886,1.6478918085924688e-08,-3.622638355431015e-05,-8.108133318768028e-07,0.0017683447944718286,0.00019444666709505013,0.0005979317497159154,0.001969745560501828
514.2857142857143,4.3999999999999995,0.0018630498581187736,1.552243999199405e-08,-4.2825724844239986e-05,-6.221083770437307e-07,0.0016352821013842945,0.00022573450799331113,0.0004506441261864093,0.0017695377577603255
514.2857142857143,4.5,0.0018971722677646162,1.520698857551863e-08,-4.29263879307435e-05,-6.663916304985355e-07,0.0015736670263850126,0.00022231683073259918,0.00047429380125973557,0.0017250396815682977
514.2857142857143,4.6,0.0019308654135311513,1.8113332776962807e-08,-2.223053652179469e-05,-7.602647267943239e-07,0.0018416972549484118,0.00011317072867382385,0.0005318679783409437,0.001992592152318694
514.2857142857143,4.7,0.0019643362539324685,2.08265908493607e-08,1.3949610789989842e-05,-7.940069878384884e-07,0.0020814172410500657,6.981973820884776e-05,0.000546256625917278,0.0022212530539992685
514.2857142857143,4.8,0.0019979465904416856,1.781368304340518e-08,-3.373913824802378e-05,-7.715775838025056e-07,0.0017507658790870773,0.00016610286410317595,0.0005222631891202031,0.0019074299468810998
514.2857142857143,4.9,0.0020312195355684224,1.5056904013683688e-08,-3.2680895623851326e-05,-6.364185687830696e-07,0.001455953337596484,0.00015832496427634066,0.00042402082338449193,0.001582546755359465
514.2857142857143,5.0,0.0020641656717389207,nan,nan,nan,nan,nan,nan,nan
528.5714285714286,0.1,5.979149917746691e-05,nan,nan,nan,nan,nan,nan,nan
528.5714285714286,0.2,0.00011407138158086527,1.4901500831836997e-09,-0.00024194238988776604,-1.614951788701441e-06,0.0025490669365375303,0.014580829680624664,0.013300138025679066,0.023935030382820962
528.5714285714286,0.30000000000000004,0.00016593184008538596,2.080080596277172e-09,-0.0001622087915070669,-1.5372720299552356e-06,0.0024472520947751357,0.007503753223012858,0.009720656158302676,0.015851740205515375
528.5714285714286,0.4,0.000216170210674836,2.7333967152643153e-09,-0.00012424308550284795,-1.488064443154762e-06,0.0024691614287766315,0.004685480605691607,0.007672454687730608,0.012074088310851019
528.5714285714286,0.5,0.00026516615040925753,3.2715658429976382e-09,-0.00010309998701954914,-1.4425310143017068e-06,0.002409740173724451,0.0032925503158917663,0.006299433558650572,0.009798645906820317
528.5714285714286,0.6,0.0003131310902734836,4.010271607317095e-09,-8.173194732031705e-05,-1.4141053019240194e-06,0.0025017971182968463,0.0022685755472358817,0.00536796998713342,0.008308768103646011
528.5714285714286,0.7000000000000001,0.00036027871066450647,4.36307287073905e-09,-7.982652367782209e-05,-1.3785476610888773e-06,0.0023660436632807493,0.001963133644429838,0.004637388277307324,0.007243120625217984
528.5714285714286,0.8,0.00040662806581875114,4.981430575921642e-09,-6.760000954927511e-05,-1.3531825980229197e-06,0.002393909433927894,0.0014945787571952656,0.0040927281181524925,0.006439364482426849
528.5714285714286,0.9,0.00045230142087750305,5.410055455318232e-09,-6.42804122177236e-05,-1.3232778418953025e-06,0.002337546010324719,0.0012925051245600225,0.0036406797574930674,0.0058003266322370585
528.5714285714286,1.0,0.0004973319718140777,5.857680664301511e-09,-6.1030793965533825e-05,-1.2830667877839476e-06,0.0023022850363583675,0.0011265444292982883,0.003240995673630153,0.005251449766759784
528.5714285714286,1.1,0.0005417522148109971,6.4455923385674145e-09,-5.4617605722178425e-05,-1.2737585357444782e-06,0.0023259157648328204,0.0009326358366107202,0.002976702418877785,0.004899102808671617
528.5714285714286,1.2000000000000002,0.0005856262817506946,7.057988257643289e-09,-5.2590250724029994e-05,-1.2474857039492334e-06,0.002356303370734711,0.0008361269848587169,0.0027147588773644227,0.0045816051154810985
528.5714285714286,1.3000000000000003,0.0006289744461831519,7.604072609095512e-09,-4.992793559386058e-05,-1.218337129554789e-06,0.0023639805541102506,0.0007431706115392804,0.002482574346439463,0.004297331426509448
528.5714285714286,1.4000000000000001,0.0006718233312596705,8.061440990576883e-09,-4.7388467368496966e-05,-1.2019966157867062e-06,0.002346655959299798,0.0006635197152895407,0.002304280136103823,0.004070192439575858
528.5714285714286,1.5000000000000002,0.0007141983316625042,8.386555635245153e-09,-5.390793888824335e-05,-1.177752722580125e-06,0.0022967706168239305,0.000713035668653934,0.002132920143761725,0.003857754762865003
528.5714285714286,1.6,0.0007560342526764554,9.73919229208571e-09,-3.1097492011469216e-05,-1.1520695261083761e-06,0.0025196799470594304,0.0003899082608465497,0.0019781551694268654,0.0037851038606820627
528.5714285714286,1.7000000000000002,0.000797559198770292,9.824234725776033e-09,-4.198371372813539e-05,-1.1355121261788784e-06,0.0024098075268702652,0.0005006021281855897,0.0018544983013340374,0.0035966794000308376
528.5714285714286,1.8000000000000003,0.0008386643077268472,9.8920686327845e-09,-4.0225605916588234e-05,-1.0927655497056771e-06,0.0023079359087969883,0.00045743811820347355,0.0017026399160578896,0.003366568454466261
528.5714285714286,1.9000000000000001,0.0008793671606242365,9.258223381302333e-09,-4.149973097390376e-05,-1.099728282355915e-06,0.0020607505797732924,0.000451253244339857,0.0016384042379849633,0.003133537830736592
528.5714285714286,2.0,0.0009196550162118868,1.023742237241434e-08,-3.809052227348981e-05,-1.1092546480930346e-06,0.002178854601776638,0.0003969573993160253,0.0015840673353673448,0.0031501620908312915
528.5714285714286,2.1,0.0009595619665768022,1.0599084677881672e-08,-3.673007570527582e-05,-1.067428680333788e-06,0.0021622838429504587,0.0003676310308208627,0.0014642027142337118,0.0030163559420343204
528.5714285714286,2.2,0.0009991016161846648,1.094288779262227e-08,-3.544029560239528e-05,-1.0486134342015308e-06,0.002144352833618041,0.0003413343351525771,0.001384291280287941,0.002923573652358057
528.5714285714286,2.3000000000000003,0.0010382868628365034,1.1261664149753237e-08,-3.4413515245996534e-05,-1.0113073063127726e-06,0.0021238145774997094,0.00031949328274771306,0.0012872016623469158,0.00281539349939196
528.5714285714286,2.4000000000000004,0.0010771279743358821,1.1018256483113611e-08,-3.3424868204723166e-05,-9.902000450631454e-07,0.002003448969000999,0.0002996040199857333,0.0012170164754701993,0.002658162625445364
528.5714285714286,2.5000000000000004,0.0011156348371532136,1.1204262094351693e-08,-5.378415736090844e-05,-9.902684105460328e-07,0.001967246291335098,0.00046622726657353304,0.001176994617808301,0.0026187895095955583
528.5714285714286,2.6,0.001153603858396936,1.3486142622265912e-08,-1.1581783231897831e-05,-9.76124435734849e-07,0.002289872279988308,9.72068872907558e-05,0.0011234756113687931,0.0027887916982586875
528.5714285714286,2.7,0.0011914570618083394,1.3815702769467537e-08,-3.0167531152184075e-05,-9.626258230541168e-07,0.0022716080841434978,0.0002454623295548887,0.0010742334222283065,0.0027437948053820067
528.5714285714286,2.8000000000000003,0.001229008589908221,1.408726968244735e-08,-2.9583469290722288e-05,-9.92968659869158e-07,0.0022457941242447596,0.00023362792175792935,0.0010756370238836793,0.0027225288370586443
528.5714285714286,2.9000000000000004,0.0012662642833151953,1.311973893488168e-08,-2.8909887147513136e-05,-9.791692419453688e-07,0.0020302866275624847,0.00022183242922537032,0.0010307394372695337,0.0025092072436928175
528.5714285714286,3.0000000000000004,0.0013032308778506945,1.3372386876762189e-08,-2.831615953111446e-05,-9.219293452810538e-07,0.002010953474472185,0.00021132813720304913,0.0009440383507730354,0.002423016771201968
528.5714285714286,3.1,0.0013399143107908826,1.3634626292699227e-08,-2.7769367995540688e-05,-8.832063053898003e-07,0.00199451449826396,0.00020176533789876392,0.0008805807352409575,0.002360008940219835
528.5714285714286,3.2,0.0013763200500511153,1.456286677582166e-08,-2.220940535689955e-05,-8.791983312405914e-07,0.0020742249581215833,0.00015723431684790308,0.0008542730091132415,0.002405555352821443
528.5714285714286,3.3000000000000003,0.001412503695257779,1.3996832108060853e-08,-4.087156057562112e-05,-8.886755619225935e-07,0.0019428601615379551,0.00028220785609957554,0.0008422595140029615,0.0022963338300849502
528.5714285714286,3.4000000000000004,0.0014482786248586864,1.4268505097129011e-08,-2.9917477716869492e-05,-8.574938797793376e-07,0.00193189323907349,0.0002016336270109132,0.0007933871640818352,0.0022431660640663833
528.5714285714286,3.5000000000000004,0.0014837543796824251,1.4467267737449367e-08,-3.078298284743367e-05,-8.548233333870716e-07,0.0019122409738583277,0.00020266331432907444,0.0007726587729050125,0.0022117280845012684
528.5714285714286,3.6,0.0015189223046776896,1.5260396866962004e-08,-6.739300061129985e-06,-8.625886586423319e-07,0.0019705123447722878,4.336680196773023e-05,0.0007620684062129642,0.0022463962455250013
528.5714285714286,3.7,0.0015540228366723427,1.7128687731982017e-08,-2.3607973445279384e-05,-7.997660927832308e-07,0.0021618037469705535,0.00014858180067095795,0.0006913073452389533,0.0023772428742282956
528.5714285714286,3.8000000000000003,0.001588887288932543,1.4900265965201989e-08,-5.361394938203401e-05,-8.352129403237144e-07,0.001839942131778488,0.0003302946899100742,0.0007065768894794557,0.0021196658774366504
528.5714285714286,3.9000000000000004,0.001623215601698923,1.776449011571461e-08,-4.317012718634514e-06,-8.765812602805132e-07,0.0021469252353238585,2.604531390638024e-05,0.0007263734962220144,0.002380168741176657
528.5714285714286,4.0,0.0016575007443381167,1.6572538333537822e-08,-7.712032620258052e-06,-7.81160381361189e-07,0.0019618183824009006,4.5587235653597326e-05,0.0006344432551161576,0.0021577409597783965
528.5714285714286,4.1,0.0016917087666511077,1.3431973042870004e-08,-6.142222267893972e-05,-6.84548723294031e-07,0.0015584552898638623,0.0003560084118758037,0.0005452354141546527,0.0017748487804677272
528.5714285714286,4.2,0.0017253025667373094,1.501360993951125e-08,-3.385461803267781e-05,-7.398425897646892e-07,0.0017083103812507159,0.00019251353373354337,0.000578024858009558,0.0019035785490264072
528.5714285714286,4.3,0.0017585578206431843,1.9340867013325636e-08,2.6891252167355807e-05,-8.605981037035483e-07,0.0021586641853322164,0.00015005592579673882,0.0006598996033713561,0.0023565404343999837
528.5714285714286,4.3999999999999995,0.0017920819870707327,1.722180048457098e-08,-2.82497546360335e-05,-8.394246564935629e-07,0.001886505154330902,0.0001547657290471099,0.0006320870809049125,0.002093304154655584
528.5714285714286,4.5,0.0018253236559519208,1.4527940699137448e-08,-3.0738162234457404e-05,-6.980029527854737e-07,0.0015627921129483212,0.00016541386165876907,0.0005164249503978864,0.001732936926927597
528.5714285714286,4.6,0.0018582579432107644,1.3745790675569013e-08,-3.0334448007955296e-05,-5.937472823462752e-07,0.0014528528935878046,0.00016042427576108402,0.0004318050953108265,0.0015841176595609017
528.5714285714286,4.7,0.0018908888859895283,1.3570826869840744e-08,-4.798765442419819e-05,-6.702160497596693e-07,0.001409919762212128,0.0002495406003848184,0.00047921776499791537,0.001584122337351479
528.5714285714286,4.8,0.0019230399522240503,1.7511586675330388e-08,-2.1210177004386644e-05,-7.253625967141439e-07,0.001788733100346269,0.00010849312400930561,0.0005101527741708248,0.0019317993084738518
528.5714285714286,4.9,0.0019549789166885285,2.0634533343991885e-08,1.588308278733987e-05,-6.972314171011963e-07,0.0020732024186137198,7.99319054547538e-05,0.0004825411522002671,0.002184090040540666
528.5714285714286,5.0,0.00198707671198088,nan,nan,nan,nan,nan,nan,nan
542.8571428571429,0.1,5.7169140912597686e-05,nan,nan,nan,nan,nan,nan,nan
542.8571428571429,0.2,0.0001091435109198431,1.369285204740955e-09,-0.0002292103654463055,-1.5241514461285163e-06,0.002449746433141213,0.014431559497603748,0.013122009661524797,0.02363568154790264
542.8571428571429,0.30000000000000004,0.00015882577727262547,1.997149849912883e-09,-0.0001531047510233387,-1.4518330588147888e-06,0.0024563194249717334,0.00739718683220922,0.009594509902190263,0.015648038812405757
542.8571428571429,0.4,0.00020697699611517444,2.518329764592914e-09,-0.00011981599287378935,-1.403524284602171e-06,0.002377500805094733,0.004718464415727105,0.007561427765928055,0.011927564556077847
542.8571428571429,0.5,0.0002539300550289855,3.1727890426648364e-09,-9.364620563618056e-05,-1.3615418098707725e-06,0.0024418952678968192,0.0031220953808691523,0.006211646779270731,0.009637398170018206
542.8571428571429,0.6,0.0002999466518864348,3.509152596606296e-09,-8.495560541527872e-05,-1.3341953215070392e-06,0.0022870727736382366,0.0024616700877080717,0.00529033012503894,0.008201567359744295
542.8571428571429,0.7000000000000001,0.0003451136926897313,4.3187614665991365e-09,-6.76715810497266e-05,-1.3063803081122097e-06,0.0024463834943703505,0.0017369323204687512,0.004589593635795175,0.0071505570112320475
542.8571428571429,0.8,0.0003896040176825305,4.558679511348446e-09,-7.173408093429457e-05,-1.2741906498892496e-06,0.0022879452640456365,0.0016552350638227205,0.004024467474484513,0.006353516628934292
542.8571428571429,0.9,0.0004333770018659868,5.483553429762719e-09,-5.3344293124803804e-05,-1.25287443242077e-06,0.0024742184857945693,0.001119228736287802,0.0035988448746123686,0.005768691267751065
542.8571428571429,1.0,0.000476616543118195,5.653724888255217e-09,-5.885266499736193e-05,-1.223840969200827e-06,0.0023200225828186117,0.001133378431260438,0.0032272027578612063,0.005243732137888878
542.8571428571429,1.1,0.0005192675577204296,6.106339466840912e-09,-5.245490033119517e-05,-1.197953441359383e-06,0.0023002983538544064,0.0009343686992078273,0.0029222767358883174,0.0048211845043550005
542.8571428571429,1.2000000000000002,0.0005613940233193523,6.575959937696641e-09,-4.7673242161404016e-05,-1.1929110621455727e-06,0.0022916195569883334,0.0007905436653280067,0.0027094243185067715,0.004534141567727391
542.8571428571429,1.3000000000000003,0.0006030437564966609,6.475949166815316e-09,-4.8098693692711664e-05,-1.1690232086818726e-06,0.0021012336621336358,0.0007466277585168944,0.002485821908162226,0.004163082635604303
542.8571428571429,1.4000000000000001,0.0006442125027370424,6.953296989204705e-09,-4.680378397656052e-05,-1.139986641185076e-06,0.0021122222701283762,0.0006833534996181231,0.002280252238561212,0.003915042204982399
542.8571428571429,1.5000000000000002,0.0006849132111376583,7.4297454295113195e-09,-3.8430405084838384e-05,-1.092452001119469e-06,0.0021230441324634826,0.0005299067255962702,0.002064252658341967,0.003648341486369325
542.8571428571429,1.6,0.0007252296154874259,7.66396588859424e-09,-4.168668611863931e-05,-1.0743549068147035e-06,0.0020687881079523326,0.0005448320189669539,0.0019243621368638312,0.003461656457837326
542.8571428571429,1.7000000000000002,0.000765129152976007,8.168075679203278e-09,-3.977406606796686e-05,-1.093389637593946e-06,0.002090069580810729,0.0004943143944147308,0.00186246771464074,0.003398574634948325
542.8571428571429,1.8000000000000003,0.0008046309498039085,8.69051922827356e-09,-3.755753463719401e-05,-1.077913205457774e-06,0.0021147619331935855,0.0004451225532101407,0.0017511183914392565,0.0032868196426233376
542.8571428571429,1.9000000000000001,0.000843757171285438,9.149952662618265e-09,-3.685751072373798e-05,-1.063285396790516e-06,0.002123501265114097,0.00041764183429211365,0.0016516836329876496,0.0031843052572972045
542.8571428571429,2.0,0.0008825148176597301,9.365566284474892e-09,-3.529632092865407e-05,-1.0355530304792438e-06,0.002078322875820349,0.00038327259762709135,0.0015417049900286963,0.0030364506274281407
542.8571428571429,2.1,0.0009209195008247357,9.872736659225065e-09,-3.405763193901466e-05,-1.012341400548814e-06,0.0020997541444418145,0.0003551430041828402,0.0014475024135249886,0.0029539161286065525
542.8571428571429,2.2,0.0009589836076703512,1.0202544698246239e-08,-3.317456647715811e-05,-1.0013992006869193e-06,0.0020840242328755056,0.00033283871748733784,0.001377817959467784,0.002872403744938182
542.8571428571429,2.3000000000000003,0.000996715968851195,1.0532155725762626e-08,-3.201229743750918e-05,-9.855968585126408e-07,0.0020701596185064945,0.0003095583044639276,0.001307175698439207,0.002792633846951224
542.8571428571429,2.4000000000000004,0.0010341282070576638,1.0847068546158589e-08,-3.115024347140771e-05,-9.701936010289876e-07,0.0020551759040188223,0.00029078978569353363,0.0012423337927932566,0.0027193920646636136
542.8571428571429,2.5000000000000004,0.0010712289428294185,1.1149738214120587e-08,-3.0310068206132114e-05,-9.180710926442845e-07,0.0020396071390153783,0.00027355001053363555,0.001136898184591284,0.0026114941803571695
542.8571428571429,2.6,0.0011080265779191119,1.0400707308255244e-08,-2.9549894522626345e-05,-9.014721079232846e-07,0.0018399672580541977,0.0002581839508220922,0.0010808759613029383,0.0024059767560428943
542.8571428571429,2.7,0.001144528714063579,1.0628562717728552e-08,-2.885607761527082e-05,-9.238166117777749e-07,0.0018205393225814992,0.0002443892953910776,0.001073823265079007,0.0023833342950616747
542.8571428571429,2.8000000000000003,0.0011807422894318934,1.0886238163811375e-08,-5.2799926149966675e-05,-9.125413535118498e-07,0.0018077019771575358,0.0004340571902846345,0.0010295090228746753,0.0023613491353499153
542.8571428571429,2.9000000000000004,0.0012164278655387082,1.3576491130319043e-08,-1.9437901784035215e-06,-9.016687508092652e-07,0.0021880996819410668,1.5524315048164307e-05,0.0009883883487829535,0.0025965061676198843
542.8571428571429,3.0000000000000004,0.0012520940037437389,1.3771134721307443e-08,-2.637932517263706e-05,-9.039751003719577e-07,0.0021565140184866445,0.0002048885435623422,0.0009637877512996519,0.0025593564984821853
542.8571428571429,3.1,0.0012874963486970432,1.3564322629956189e-08,-1.174867522955869e-05,-8.88359844752158e-07,0.002065974731265,8.881797812284895e-05,0.0009220860311204139,0.0024447137912316265
542.8571428571429,3.2,0.001322781206898052,1.2436355720101959e-08,-4.553673901594272e-05,-8.785410634703793e-07,0.0018440709190557685,0.00033541823950555453,0.0008885347814056485,0.0022565662111791356
542.8571428571429,3.3000000000000003,0.0013576106977089013,1.3220520312160502e-08,-2.6951675418111942e-05,-8.637988596861311e-07,0.0019101297779870795,0.00019359462144057001,0.0008520448688529061,0.0022667235304025986
542.8571428571429,3.4000000000000004,0.0013921706717655695,1.3427265061415555e-08,-2.7124256669354932e-05,-8.265937890213769e-07,0.0018920794167396249,0.0001901509191740786,0.0007958515817714252,0.0022097242750462476
542.8571428571429,3.5000000000000004,0.0014264594032555441,1.361528722399489e-08,-2.7492209615071442e-05,-8.069189555622484e-07,0.001872702169416991,0.00018824179298159992,0.0007589205593590475,0.0021666493068329567
542.8571428571429,3.6,0.001460473212649368,1.3776695870677613e-08,4.787264640715611e-06,-7.922900809405638e-07,0.0018510298895434135,3.203180238698864e-05,0.0007283309781958349,0.0021185536849338193
542.8571428571429,3.7,0.0014945348946895992,1.2922227405111747e-08,-4.8017385618939576e-05,-8.062435983389997e-07,0.0016970080516940113,0.00031422596818306725,0.0007248950741052927,0.0020073664397710564
542.8571428571429,3.8000000000000003,0.0015281164028736409,1.3955456616876097e-08,-2.9169623388383338e-05,-7.745104779639424e-07,0.0017924823180531797,0.00018681636534715007,0.0006816368317249047,0.002043807905754049
542.8571428571429,3.9000000000000004,0.0015614062148237987,1.3986093967452771e-08,-3.000463436725591e-05,-7.621694896114368e-07,0.0017584262302120911,0.00018818809590299195,0.0006569007949511107,0.0019976273114253075
542.8571428571429,4.0,0.001594395980430284,1.5486713827274408e-08,-1.603466435367087e-05,-8.315572117402831e-07,0.001906818958059043,9.853990946583034e-05,0.0007022124004631857,0.0021521787015253745
542.8571428571429,4.1,0.0016272253993932326,1.690749978968274e-08,2.805665224865465e-06,-8.025377647517854e-07,0.00203965967971564,1.6900753975015967e-05,0.0006645109925513369,0.002245806528395925
542.8571428571429,4.2,0.0016600828750084299,1.3741949060483855e-08,-3.767848447419966e-05,-6.885505407159417e-07,0.0016255000451325164,0.00022261193160483017,0.0005593467658825338,0.0018214126599497289
542.8571428571429,4.3,0.0016925635657788851,1.2434783192592036e-08,-4.1548736653203466e-05,-6.971997124357029e-07,0.001443063643311352,0.00024091408769024984,0.0005557779143921216,0.0016607981384101954
542.8571428571429,4.3999999999999995,0.0017246287691828083,1.61089134709238e-08,-2.540425905392645e-05,-7.63172349082847e-07,0.0018344770971035148,0.00014463494378644378,0.0005972892584942275,0.0020247800876605376
542.8571428571429,4.5,0.0017564399299961923,1.938277411428027e-08,2.0464548397850984e-05,-7.785769788378071e-07,0.0021671050904804564,0.00011442580312478006,0.000598545982797933,0.0023293673657570945
542.8571428571429,4.6,0.0017884557362935548,1.7328850550460426e-08,-2.6046804027990072e-05,-7.791378505364472e-07,0.0019031265951315495,0.00014309771208495889,0.0005886406549015425,0.0020821535566587753
542.8571428571429,4.7,0.0018202110745506373,1.5148952034252153e-08,-2.5930560225754202e-05,-6.874411659797645e-07,0.0016350103314056973,0.00014003597072588755,0.0005106803981928412,0.001792890904404757
542.8571428571429,4.8,0.0018517071072054624,1.3080751296535323e-08,-2.5371279777715475e-05,-5.737768860907035e-07,0.0013881880497792949,0.00013474222628111616,0.00041927882640918276,0.0015155233411740503
542.8571428571429,4.9,0.0018829494270625102,1.2329645457559472e-08,-2.4973794315332438e-05,-6.08071205903592e-07,0.0012871004150133397,0.00013048354755893922,0.0004371613567072008,0.0014338317677144827
542.8571428571429,5.0,0.0019139420089764048,nan,nan,nan,nan,nan,nan,nan
557.1428571428571,0.1,5.4696391988989044e-05,nan,nan,nan,nan,nan,nan,nan
557.1428571428571,0.2,0.00010449508621897216,1.231371924874722e-09,-0.00021664843870672595,-1.439875936502586e-06,0.0023024767181636205,0.01424126007068381,0.012951081738100532,0.023314714748683088
557.1428571428571,0.30000000000000004,0.000152127296061888,1.7686698992003209e-09,-0.0001461779499374043,-1.3731793677152323e-06,0.00227263512794619,0.00737164023951218,0.009477791483311316,0.015464896153800296
557.1428571428571,0.4,0.00019829772640542981,2.2846307158102803e-09,-0.00011266891323673026,-1.3232853582115348e-06,0.002252671433266155,0.004630074534367703,0.007444599869724441,0.01171990841349266
557.1428571428571,0.5,0.00024334146761660432,2.8397206453860544e-09,-9.068417372486765e-05,-1.2875012184111304e-06,0.0022822616469044496,0.0031544694873096384,0.00613204862699861,0.00950596847770124
557.1428571428571,0.6,0.00028747836709053015,3.366944444666875e-09,-7.852119583571971e-05,-1.260764230109549e-06,0.0022908457720672605,0.002373460172148223,0.0052188359820269335,0.008084168822752922
557.1428571428571,0.7000000000000001,0.0003308300546060988,3.749818780581479e-09,-6.714298179394806e-05,-1.233715045616156e-06,0.0022174406727529673,0.0017976205631331892,0.00452369581722864,0.007005435783718397
557.1428571428571,0.8,0.00037351031230372793,4.352044879814227e-09,-6.188946102002908e-05,-1.2045614776631298e-06,0.0022796798393788916,0.0014892608107079399,0.003970681654859598,0.006240790297779453
557.1428571428571,0.9,0.0004155716753911568,4.534643639749251e-09,-5.7810265050695724e-05,-1.1855458375857892e-06,0.002135409755282813,0.0012648428125156728,0.003553458089718132,0.005604813195289922
557.1428571428571,1.0,0.0004570549358280787,5.142200158286923e-09,-5.091039072116563e-05,-1.166500923692432e-06,0.002201830001254863,0.0010222372849775434,0.003209193153342314,0.005146927803276691
557.1428571428571,1.1,0.0004980290923577889,5.517378876906125e-09,-4.994513591429286e-05,-1.1361846566826629e-06,0.0021684306527979605,0.0009274797344704497,0.002891233021187273,0.004720250726333776
557.1428571428571,1.2000000000000002,0.0005385037975283563,5.9494910797936595e-09,-5.438136098116687e-05,-1.122002100426839e-06,0.002162797968243453,0.0009401469518849872,0.0026579499848876837,0.004437450572897181
557.1428571428571,1.3000000000000003,0.0005784346890891119,7.133220105056269e-09,-3.448662335746657e-05,-1.1100572879847054e-06,0.0024140191974967957,0.0005580172727711634,0.002461604080881573,0.004272921865026281
557.1428571428571,1.4000000000000001,0.0006180207144162929,7.223199807806285e-09,-4.623745532100721e-05,-1.0810761688532225e-06,0.0022882548902626574,0.0007036118358501031,0.0022548762409881034,0.00398749467494373
557.1428571428571,1.5000000000000002,0.0006571443651902638,7.828917067652168e-09,-2.7896299469672054e-05,-1.0573090184440292e-06,0.002332760050602594,0.00040081520464507975,0.0020827079074878588,0.0037785932220585753
557.1428571428571,1.6,0.000695989052969538,7.49653442332907e-09,-4.676793468446011e-05,-1.0503477961206972e-06,0.0021095456551710485,0.0006368477131851127,0.001961102705033183,0.003542259945348039
557.1428571428571,1.7000000000000002,0.0007343660614019676,7.762785917392387e-09,-3.719026007185455e-05,-1.0296326923318443e-06,0.0020705550400159788,0.0004815076177047758,0.0018280478106724742,0.0033470233575301133
557.1428571428571,1.8000000000000003,0.0007723711672336786,8.255175550988602e-09,-3.617538406648504e-05,-1.011459054717088e-06,0.002093791824306486,0.00044660167451206884,0.0017125087121184083,0.0032324587294152054
557.1428571428571,1.9000000000000001,0.0008100145192247248,8.64162515471661e-09,-3.71912050141452e-05,-1.002768246108341e-06,0.002090171236901656,0.00043894513548612904,0.0016232317431993473,0.003135482612899953
557.1428571428571,2.0,0.0008472859591656295,9.274608713888172e-09,-2.655198176966435e-05,-9.881516189648723e-07,0.0021447541170673007,0.0003002626439475833,0.0015328648906724298,0.0030642254199291425
557.1428571428571,2.1,0.0008842918792888376,9.24608068051221e-09,-3.500482767742696e-05,-9.659037059285871e-07,0.002048990426667023,0.00038009569635493205,0.001438880108068712,0.0029126596845069808
557.1428571428571,2.2,0.0009209477511352715,9.737885749483173e-09,-3.091285799487579e-05,-9.578213475854967e-07,0.002072322828511414,0.00032291899907137993,0.0013728246096162491,0.0028579876492152347
557.1428571428571,2.3000000000000003,0.0009572944944017565,9.806841500815013e-09,-2.9911043039642676e-05,-9.481812818783326e-07,0.002007990528096898,0.0003011152171992883,0.0013098421251380554,0.002748466685358982
557.1428571428571,2.4000000000000004,0.0009933421272378452,1.0140998047331985e-08,-2.9125478991846685e-05,-9.25677588035901e-07,0.002001290965768631,0.0002830193498707736,0.0012344667899321106,0.002670783029929424
557.1428571428571,2.5000000000000004,0.0010290985052840154,1.0435707376262419e-08,-2.829925606824025e-05,-9.131211128273347e-07,0.0019881242133096126,0.00026582757175548513,0.0011772810856760022,0.002606776494990377
557.1428571428571,2.6,0.0010645718907695031,1.0725958720109925e-08,-2.7581550398280377e-05,-8.999890212170137e-07,0.0019755583584288076,0.00025079392893348354,0.0011233432468232241,0.0025474553033791396
557.1428571428571,2.7,0.001099769460751008,1.099840930043004e-08,-2.693605190265315e-05,-8.872499303814653e-07,0.0019611332586398403,0.00023738527547681755,0.001073477177780089,0.002491405613220363
557.1428571428571,2.8000000000000003,0.0011346976702134865,1.1264294943650464e-08,-2.6371943816867395e-05,-8.350175060678156e-07,0.00194694110930157,0.00022552417645791206,0.0009806435591617835,0.002400992381809328
557.1428571428571,2.9000000000000004,0.0011693621602377963,1.0221148616272506e-08,-2.5908496791319718e-05,-8.279799473238679e-07,0.0017148149563925709,0.00021522840071694284,0.0009446802657311011,0.0021844347571091235
557.1428571428571,3.0000000000000004,0.0012037675652941929,1.0442684883745522e-08,-3.263546392313215e-05,-8.625252167703612e-07,0.0017020768200982476,0.00026364707475794494,0.0009570348547764742,0.0021905265823674086
557.1428571428571,3.1,0.0012378466157113581,1.1393913857480061e-08,-1.4527060392208881e-05,-8.815397906416007e-07,0.0018060544751805144,0.00011422617020461749,0.0009520414649771237,0.0022555811418237103
557.1428571428571,3.2,0.0012717803955246013,1.196842540004661e-08,-2.9840980799215003e-05,-8.674138946742481e-07,0.0018465153444806425,0.00022859369089282388,0.0009127526092485151,0.002264532765119201
557.1428571428571,3.3000000000000003,0.0013054157655298523,1.2049276901567424e-08,-2.481586868516381e-05,-8.06319148248026e-07,0.0018112969399184582,0.0001853586309135956,0.0008274017840329477,0.0021643340433153894
557.1428571428571,3.4000000000000004,0.0013388029768482516,1.2586947978999958e-08,-2.4713129227467257e-05,-7.871758595387363e-07,0.0018451508466384482,0.00018013232476113,0.0007883413573717654,0.0021633292612914814
557.1428571428571,3.5000000000000004,0.0013719430568743763,1.2758212015246972e-08,-2.474456936019109e-05,-7.83759844550351e-07,0.0018253002727334237,0.0001761385300435594,0.0007666398199492507,0.002130309624085254
557.1428571428571,3.6,0.0014048356912068991,1.2885972278071027e-08,-4.4183566216956715e-06,-8.458266507217807e-07,0.0018006425849196191,3.0732457100288586e-05,0.000808494864214166,0.002133210278773941
557.1428571428571,3.7,0.001437684141973205,1.195224788025604e-08,-3.390235539810562e-05,-7.861292910609682e-07,0.0016321025825116959,0.00023059790294748154,0.0007349190429871166,0.001948626755480721
557.1428571428571,3.8000000000000003,0.0014701935691855297,1.3270412135657423e-08,-2.5186355786317897e-05,-6.900070742034363e-07,0.0017722781913282718,0.0001676351079632765,0.0006313055387898729,0.0019915232570806734
557.1428571428571,3.9000000000000004,0.0015024511328399913,1.325447662320919e-08,-2.569261297006176e-05,-7.10833086966503e-07,0.0017324096724769438,0.0001674383872225219,0.0006369031601857941,0.001959737267522525
557.1428571428571,4.0,0.0015344517703647523,1.3176574199317263e-08,-2.5986559299600098e-05,-7.113278895519527e-07,0.0016865927965053905,0.00016592186846641383,0.0006244879779647312,0.0019110457338599243
557.1428571428571,4.1,0.0015661925422965173,1.3699491822252474e-08,-2.6565154863313234e-05,-7.707212147408556e-07,0.0017181483638622275,0.00016627459817742998,0.0006632381571715566,0.0019645484846391955
557.1428571428571,4.2,0.001597667662679649,1.5812202366413845e-08,-3.5761292563937083e-06,-7.929301755279131e-07,0.0019438668534918447,2.1951469170563287e-05,0.0006692554516202356,0.0021621530774091464
557.1428571428571,4.3,0.001629107021770217,1.5249578644607977e-08,-8.329620448791797e-06,-7.206158353012724e-07,0.001838724979070841,5.016444223158364e-05,0.0005969117596103438,0.0020238659336640125
557.1428571428571,4.3999999999999995,0.001660463084656297,1.2789586515737953e-08,-3.072753153253969e-05,-6.217198417867573e-07,0.001513438569348547,0.00018165720286718236,0.0005056655723799421,0.0016837134508953637
557.1428571428571,4.5,0.0016915118722270516,1.2262257927210262e-08,-3.706303091221413e-05,-6.45943505968739e-07,0.001424757872478699,0.00021520871842010432,0.0005159626924905536,0.001615142342878254
557.1428571428571,4.6,0.001722190029488684,1.528338667653524e-08,-2.4330077443707184e-05,-7.486159144414029e-07,0.0017439953598624557,0.00013882079182140538,0.0005875424676277615,0.0019368023466518045
557.1428571428571,4.7,0.0017526248859758794,1.735069421789962e-08,-1.593919527484791e-06,-7.71156452913886e-07,0.001945355708006089,8.93931783708062e-06,0.0005949386224767716,0.002119526520500364
557.1428571428571,4.8,0.0017830438032678,1.718745789630494e-08,-2.6528948216366154e-06,-7.357282280142018e-07,0.0018942760736752168,1.462910486681712e-05,0.000558188292594903,0.0020522290793153737
557.1428571428571,4.9,0.001813436191611504,1.5635363220734345e-08,-2.2270953574203552e-05,-6.491631766929643e-07,0.0016946235556570557,0.00012080105586307533,0.0004845371293146986,0.0018319100277727762
557.1428571428571,5.0,0.0018436058704194662,nan,nan,nan,nan,nan,nan,nan
571.4285714285714,0.1,5.236099402607638e-05,nan,nan,nan,nan,nan,nan,nan
571.4285714285714,0.2,0.00010009796191093278,1.2001736459304601e-09,-0.00020451619039855098,-1.3618125943868999e-06,0.002343970477381116,0.01402815803577728,0.012788280694993848,0.023007904331848253
571.4285714285714,0.30000000000000004,0.00014578976789180367,1.7182183801956502e-09,-0.00013968660104974828,-1.2972477364356288e-06,0.002305022315930554,0.00734865011608559,0.009345599093062283,0.015296935353922228
571.4285714285714,0.4,0.00019008470786217708,2.273000530823803e-09,-0.00010472328027383822,-1.2545549674343458e-06,0.0023392989307571507,0.0044881582466995895,0.007365047147955859,0.011580316183856318
571.4285714285714,0.5,0.0002333324150298121,2.5716185757712068e-09,-8.829083835018644e-05,-1.2195983355138453e-06,0.0021567229072983383,0.003202456678063119,0.006060571980011579,0.009400438709099667
571.4285714285714,0.6,0.00027569721381394527,3.091967523091193e-09,-7.503269367179777e-05,-1.1903320004247191e-06,0.0021949957021426187,0.0023646369504296714,0.00514002359412505,0.007952936510251186
571.4285714285714,0.7000000000000001,0.00031731168566136045,3.6336228717510238e-09,-6.213781593984007e-05,-1.1748824694370385e-06,0.0022415003648788277,0.001734216776362073,0.004493593543415656,0.0069582036173154145
571.4285714285714,0.8,0.00035830477934937723,3.754179220959131e-09,-6.060866435673755e-05,-1.1464831827280345e-06,0.002051239281614579,0.0015201884369112257,0.003941156761084102,0.006130578170534583
571.4285714285714,0.9,0.00039869178639382664,4.474990270765923e-09,-5.3603629658166246e-05,-1.1164630075253713e-06,0.0021976072351535124,0.0012223125062545903,0.003489618049344537,0.005538807965940667
571.4285714285714,1.0,0.0004385427571416944,4.898343184178141e-09,-4.77105205249381e-05,-1.1091040301691602e-06,0.0021871810059569986,0.0009983021778351751,0.0031814091849775156,0.005101283837977272
571.4285714285714,1.1,0.00047791662268431275,5.099368052260658e-09,-4.627346365517967e-05,-1.0822551087180953e-06,0.002089611578065353,0.0008953362766167256,0.0028710637396363444,0.0046533984988951825
571.4285714285714,1.2000000000000002,0.0005168277535903793,5.6010796056793035e-09,-4.575036097694863e-05,-1.043988256172374e-06,0.0021226915683665235,0.0008239131105727732,0.002578358149440446,0.004298896812178672
571.4285714285714,1.3000000000000003,0.0005552813808866764,5.667914463235533e-09,-4.3195967767376425e-05,-1.0404743584818281e-06,0.0019997369784591273,0.000728059090142878,0.0024050843378157476,0.004012216266076611
571.4285714285714,1.4000000000000001,0.0005933030485052997,6.275692903747243e-09,-3.514587039819133e-05,-1.038433742944607e-06,0.002072347453653896,0.0005570104593957487,0.0022574594780336273,0.003846703941099414
571.4285714285714,1.5000000000000002,0.0006309732574199411,6.166205426080868e-09,-3.650708985795426e-05,-1.0266986927692365e-06,0.0019149662346483005,0.0005462856514183142,0.0021073785743954236,0.003584356651399299
571.4285714285714,1.6,0.000668278395436003,6.8594474071186526e-09,-3.963216001790512e-05,-9.992585204958832e-07,0.002011363856902288,0.000562009057337093,0.0019438700222770815,0.0034523470382330887
571.4285714285714,1.7000000000000002,0.0007051872118518858,7.66283629383544e-09,-2.9991390003642267e-05,-9.714233165872242e-07,0.002129515814788003,0.0004043077258392672,0.0017967366649572856,0.0033398843735987617
571.4285714285714,1.8000000000000003,0.0007417961143677322,7.730668800308479e-09,-3.695527492165789e-05,-9.666395257136376e-07,0.0020426545904317917,0.00047498188225615314,0.001704801056509492,0.0031954246742546487
571.4285714285714,1.9000000000000001,0.000778035464134362,8.038943868607828e-09,-3.2493594091418606e-05,-9.485020364912176e-07,0.002025396768297486,0.0003992087838732049,0.0015992273855305185,0.0030621326201542903
571.4285714285714,2.0,0.0008139498779600776,8.230689506688365e-09,-3.130787919327715e-05,-9.411421123539034e-07,0.0019824860004047586,0.0003685225647897864,0.0015204128449256003,0.002947773746505931
571.4285714285714,2.1,0.0008495512129938604,8.750754527919355e-09,-2.5332980510800025e-05,-9.343249445696506e-07,0.002019546162111285,0.0002862809683760989,0.0014493220914741493,0.0028916418421759604
571.4285714285714,2.2,0.0008848992182225353,8.651617789143586e-09,-3.72807274236068e-05,-9.042871879051016e-07,0.0019171948477230683,0.0004052806205715193,0.0013494685777669085,0.002735328015121258
571.4285714285714,2.3000000000000003,0.0009198744161769741,9.68895017866815e-09,-2.2397527515538147e-05,-9.018758671616216e-07,0.0020655470001344394,0.00023462105566714883,0.0012970295536823447,0.0027723821482215603
571.4285714285714,2.4000000000000004,0.0009546256388562575,9.545057103363213e-09,-2.7905759769142936e-05,-9.001138045327686e-07,0.001961027106378466,0.0002821334721201789,0.0012495177643498355,0.0026547722868248626
571.4285714285714,2.5000000000000004,0.0009890978039378494,9.77587024130845e-09,-2.6379423217765933e-05,-8.722232570198579e-07,0.0019386633536117046,0.00025778622144296144,0.00117045474816493,0.0025621861699740866
571.4285714285714,2.6,0.0010233061747872637,1.0105236393193562e-08,-2.597648716224851e-05,-8.524976082217215e-07,0.0019372042032571298,0.00024569751430635566,0.0011073718351838802,0.0025031324688019295
571.4285714285714,2.7,0.0010572547807650556,1.0542927881009014e-08,-2.515000449819244e-05,-8.467607943304167e-07,0.001956426334506965,0.00023053266422516056,0.0010660621849935504,0.00248067056986081
571.4285714285714,2.8000000000000003,0.0010909518866978655,1.0700595979082385e-08,-2.665889965924525e-05,-8.446951385137728e-07,0.0019245611893792332,0.00023709815782496969,0.0010319363681894494,0.0024269191671938447
571.4285714285714,2.9000000000000004,0.001124382403634083,1.1049214856679747e-08,-2.406335452972627e-05,-8.26802162982979e-07,0.001928351954733258,0.00020787776970343548,0.000981207652683246,0.0023848042569210542
571.4285714285714,3.0000000000000004,0.001157572287025003,1.1555184000532215e-08,-2.399991479073906e-05,-8.187611247098941e-07,0.001959016744116057,0.00020159149799937737,0.0009449141232360119,0.002379939313590679
571.4285714285714,3.1,0.001190522171268016,1.110184419316527e-08,-2.499355639502213e-05,-8.236557246594745e-07,0.0018303418692137753,0.0002043255757679027,0.0009251998531888512,0.0022591790180929014
571.4285714285714,3.2,0.0012232221199470785,1.1650197331730663e-08,-2.4219917297706343e-05,-8.123111141277625e-07,0.0018694983037611517,0.0001928828986344575,0.0008889462494601754,0.0022611233025224605
571.4285714285714,3.3000000000000003,0.001255679869453164,1.1989359004379504e-08,-1.3357213464221422e-05,-7.969173798481556e-07,0.0018743514707625104,0.00010370474764541117,0.0008503517093031668,0.002229382015192421
571.4285714285714,3.4000000000000004,0.0012880040468246073,1.129492426797369e-08,-2.9779696503651365e-05,-7.730891064823936e-07,0.0017217519120903651,0.00022559856113407397,0.0008049991606624594,0.0020763842743835065
571.4285714285714,3.5000000000000004,0.001320030427231014,1.1674852976277552e-08,-2.2884761215983398e-05,-7.593282048584273e-07,0.0017366778048437173,0.0001692875269095319,0.0007721576161246765,0.002058436987833882
571.4285714285714,3.6,0.001351827960025261,1.1679985880276484e-08,-3.5286930142046535e-05,-7.83639318089431e-07,0.0016967611249709244,0.0002550974373533182,0.0007786722461800811,0.0020388069922626546
571.4285714285714,3.7,0.0013832726235180875,1.4222062424974275e-08,2.616958611285826e-05,-7.607827797441353e-07,0.0020188451932139327,0.00018494681850143635,0.0007392445221303165,0.0022809879804234316
571.4285714285714,3.8000000000000003,0.0014149789828720425,1.200524833956141e-08,-4.8429614058734416e-05,-6.956905526098518e-07,0.00166648170206624,0.00033487469940520463,0.0006614815116861074,0.0019402107896381762
571.4285714285714,3.9000000000000004,0.0014462010460854103,1.2760696286641495e-08,-2.264522241865723e-05,-6.949453368505844e-07,0.0017333167615541975,0.00015329863028192432,0.0006469926730950296,0.0019659823254567547
571.4285714285714,4.0,0.0014771966570745914,1.2543943279147293e-08,-2.3676820636812226e-05,-7.136495342325084e-07,0.0016683407545010293,0.00015701272775656285,0.0006509412521674831,0.0019119264884804965
571.4285714285714,4.1,0.0015079554998574044,1.225067503654265e-08,-2.3491221457080585e-05,-6.856870984307213e-07,0.0015963157115368172,0.00015269116370689038,0.0006131143670488025,0.0018230076512556843
571.4285714285714,4.2,0.0015384794304256467,1.2289270368734476e-08,-2.4072432527715012e-05,-7.092634168685985e-07,0.0015697972861012349,0.0001534485330351485,0.0006219563473297342,0.0018059538664398189
571.4285714285714,4.3,0.0015687626366686117,1.3043257456647961e-08,-1.3832308470179165e-05,-7.261903571604745e-07,0.0016339560515640469,8.651099765718088e-05,0.0006247743810325488,0.0018595651603392712
571.4285714285714,4.3999999999999995,0.001598907519826875,1.515579960735271e-08,3.3913090570578805e-06,-6.710690156819659e-07,0.0018627456139269684,2.0817245983792774e-05,0.0005667533513321542,0.002027972707515307
571.4285714285714,4.5,0.0016290863160757089,1.4648801304979836e-08,-2.217311353140856e-05,-6.184855433334042e-07,0.001767384158406479,0.00013364999241619906,0.000513039072960434,0.0019151833501331488
571.4285714285714,4.6,0.0016590433811892286,1.3430822400344798e-08,-4.207908979739563e-05,-6.158849935873614e-07,0.001591568942104179,0.0002491981332518704,0.0005020102773645715,0.0017604601796820457
571.4285714285714,4.7,0.0016885796554047745,1.3276830798203643e-08,-2.277858215491042e-05,-6.85197156332935e-07,0.0015459995618213153,0.00013259642216599781,0.0005489787063456705,0.0017350653291345701
571.4285714285714,4.8,0.0017178881437987712,1.393361148484173e-08,-8.278557905882533e-06,-6.84447000942444e-07,0.0015947977135325904,4.738419263248472e-05,0.0005391871158415972,0.0017683524819954223
571.4285714285714,4.9,0.001747113846613709,1.6428036153378134e-08,7.399227424970295e-06,-6.364199825087871e-07,0.0018487887552776758,4.165261776757954e-05,0.0004931484641981108,0.001976397130561057
571.4285714285714,5.0,0.0017764135417028966,nan,nan,nan,nan,nan,nan,nan
585.7142857142858,0.1,5.015377871474463e-05,nan,nan,nan,nan,nan,nan,nan
585.7142857142858,0.2,9.594577100002208e-05,1.0981274939916343e-09,-0.0001934866751295355,-1.2902148239903658e-06,0.0022388832655198137,0.013839961826718941,0.01264261587712956,0.022720664912694765
585.7142857142858,0.30000000000000004,0.00013980289653400417,1.5111669955726057e-09,-0.00013244550897101138,-1.2284075055231853e-06,0.002115384585129151,0.0072638328970009046,0.009232030733926828,0.015089695266733972
585.7142857142858,0.4,0.00018233556697827615,1.952827074646709e-09,-0.00010200548620239003,-1.188462675398955e-06,0.002096623879770298,0.004556904819846359,0.007276330730908449,0.011447759214863292
585.7142857142858,0.5,0.00022384818256052422,2.508350976987992e-09,-8.137238251892193e-05,-1.1609229804465694e-06,0.002193901617077958,0.003075913151896594,0.006015517450086279,0.009308455640331148
585.7142857142858,0.6,0.0002645470743175831,2.7767700242630455e-09,-7.110936699073615e-05,-1.126873134016875e-06,0.002055471479795629,0.002335015574053208,0.005073304374296731,0.007820108393356255
585.7142857142858,0.7000000000000001,0.0003045348724047346,3.223194940427813e-09,-6.57265072173999e-05,-1.105413028586303e-06,0.002073024459942524,0.0019114021411132086,0.004407313439347646,0.006841031505692757
585.7142857142858,0.8,0.00034386540541971207,4.05970267021571e-09,-4.707777176286061e-05,-1.0880277862271355e-06,0.0023123072779772935,0.0012300673327736618,0.003898563908112591,0.006103886604633142
585.7142857142858,0.9,0.00038272516071706096,4.018578643438086e-09,-5.5467568477770936e-05,-1.0602714890966488e-06,0.0020570227892466723,0.0013174248109671266,0.0034538788548797296,0.00546127358556615
585.7142857142858,1.0,0.00042103024032963214,4.488901223000926e-09,-4.90479573762555e-05,-1.050569620701012e-06,0.002088969149506113,0.0010689442936063363,0.0031403254723155936,0.005022919684264338
585.7142857142858,1.1,0.00045884484036844077,5.0331643270515015e-09,-3.6465328430023036e-05,-1.0395415372308884e-06,0.002149279486255316,0.0007347513892179838,0.002873412522033942,0.004655347565709631
585.7142857142858,1.2000000000000002,0.0004962947871229492,4.9821448031415544e-09,-4.599439558216743e-05,-1.004601228206226e-06,0.0019673174253427295,0.0008624734185448292,0.002584535806749962,0.004239557632878565
585.7142857142858,1.3000000000000003,0.0005332847899216359,5.567454699128775e-09,-4.086564721901119e-05,-9.828272983340637e-07,0.0020461972683215885,0.0007171095915272526,0.0023664786505939363,0.003987682514265762
585.7142857142858,1.4000000000000001,0.0005698661362481325,5.921649189211019e-09,-3.869236543819348e-05,-9.851908957463972e-07,0.0020369014411394256,0.0006384240793878339,0.002230547093401293,0.0038088362340510237
585.7142857142858,1.5000000000000002,0.0006060605589202472,6.5599634578333165e-09,-2.873564639513121e-05,-9.76586271713844e-07,0.0021217508616661264,0.00044761831080474386,0.0020876378090829563,0.003663147842358265
585.7142857142858,1.6,0.0006419676251284105,6.741042475390602e-09,-3.0248489317084754e-05,-9.460340564102104e-07,0.0020586075557085556,0.00044642458810198243,0.0019164800505869287,0.003432630412654082
585.7142857142858,1.7000000000000002,0.000677572206443403,6.553617584477582e-09,-3.7803874634281976e-05,-9.287798636996432e-07,0.0018966211439252693,0.0005303583190441704,0.0017886698932693841,0.0032057965756330164
585.7142857142858,1.8000000000000003,0.0007127987490120527,7.063837763053048e-09,-3.282817471915097e-05,-9.17645846895506e-07,0.0019433905294973883,0.00043905718877304057,0.0016849137331813996,0.003106027453465276
585.7142857142858,1.9000000000000001,0.0007476970098335109,7.549333016612884e-09,-3.0174134805810604e-05,-9.015668007679362e-07,0.0019802184842385917,0.00038571372094236807,0.0015823487507037794,0.003012921415760958
585.7142857142858,2.0,0.000782293529306911,7.878003656925042e-09,-2.9363381042390908e-05,-8.949636750774168e-07,0.001975251660927092,0.00035958253678438837,0.0015049352131689794,0.0029258466665954067
585.7142857142858,2.1,0.0008165964149698872,8.130518601042986e-09,-2.8297903956555914e-05,-8.910411472234702e-07,0.0019531365326046863,0.000332675299523419,0.0014384868902492833,0.0028397014344374587
585.7142857142858,2.2,0.0008506163215932978,8.669021700162874e-09,-2.0455349336004517e-05,-8.706850959947837e-07,0.001999310278098965,0.0002312824146919318,0.0013521800688734648,0.0027762411676176815
585.7142857142858,2.3000000000000003,0.0008844316747233483,8.133181523783093e-09,-3.8990654130811174e-05,-8.448300632981307e-07,0.0018044125750726712,0.00042480091100751544,0.0012642653217149022,0.002575479404393476
585.7142857142858,2.4000000000000004,0.0009178571213120908,9.372864894120996e-09,-1.903897496990502e-05,-8.40906704098333e-07,0.002003748372524904,0.00020018012351773982,0.0012145364055873799,0.00264674837928391
585.7142857142858,2.5000000000000004,0.0009510921781511342,9.70406027330646e-09,-2.2448304368518666e-05,-8.37890766314771e-07,0.002002249379237862,0.00022810935467985793,0.001169724993861142,0.002607211072559673
585.7142857142858,2.6,0.0009841027519464924,9.773995344033083e-09,-2.2160702784781123e-05,-8.28805160005221e-07,0.0019492630617306368,0.00021792588509626505,0.0011198884062545952,0.0025209954899105633
585.7142857142858,2.7,0.0010168917187140028,9.600391183667908e-09,-2.9078720149692566e-05,-8.193519653443361e-07,0.0018531611703408218,0.000277101201349027,0.0010729188169587274,0.0024110787989230606
585.7142857142858,2.8000000000000003,0.0010493898982800163,9.946082969754517e-09,-2.3048900817460024e-05,-8.075307861885206e-07,0.0018605887901383272,0.00021308869882033575,0.0010259991663976395,0.0023690812604152374
585.7142857142858,2.9000000000000004,0.0010816575888378552,1.0134706073104239e-08,-1.9006982344559224e-05,-7.981569168668096e-07,0.001839505274338242,0.00017065979580423992,0.0009850133591941773,0.0023137430833617095
585.7142857142858,3.0000000000000004,0.0011137352095722485,9.893561839557431e-09,-3.494209935670129e-05,-7.928921097446945e-07,0.0017442489558557395,0.0003050477132015574,0.0009514337836434902,0.0022239404256071413
585.7142857142858,3.1,0.0011454634093130747,1.0806409155644306e-08,-1.5017339215542786e-05,-7.784723396467289e-07,0.0018524557348242685,0.00012758547626745082,0.0009091589534046225,0.0022585416330785867
585.7142857142858,3.2,0.0011770414356617456,1.1063683288715857e-08,-2.2868067386331428e-05,-7.638895770634237e-07,0.0018458581739963997,0.00018924397421368912,0.0008690677066054715,0.0022256601352440364
585.7142857142858,3.3000000000000003,0.0012083907813365531,1.1274697382231561e-08,-2.299236250970053e-05,-7.467460482958558e-07,0.0018324405012856138,0.00018549554853914757,0.0008282427928887921,0.002182709105039919
585.7142857142858,3.4000000000000004,0.0012395102033862637,1.2823753635937223e-08,-1.2920479193923721e-05,-7.315488493041681e-07,0.0020318977919477573,0.00010169598517231617,0.0007917012844260336,0.0023221827141390065
585.7142857142858,3.5000000000000004,0.001270500420644035,1.2752330611323825e-08,-2.8673847037182468e-05,-7.484393792406983e-07,0.001971557925940987,0.00022036398023178084,0.0007909283909033938,0.0022774407518524786
585.7142857142858,3.6,0.0013012038994314344,1.2743579140930844e-08,-1.4381143648134993e-05,-7.050457929085207e-07,0.0019238619956315002,0.00010798571162958746,0.0007281343232413292,0.002184780327061644
585.7142857142858,3.7,0.0013317635667823525,1.2405739867692594e-08,-1.0878689317211572e-05,-7.269290597197365e-07,0.0018302853706659568,7.986032844720034e-05,0.0007339120212273982,0.0021056058320439944
585.7142857142858,3.8000000000000003,0.0013622144472400985,1.3366220842329083e-08,-1.1014463504764245e-05,-7.736164375742617e-07,0.0019278026069102171,7.909534673189e-05,0.0007641858249122941,0.0022114788977239267
585.7142857142858,3.9000000000000004,0.0013925551830627969,1.1685181227021896e-08,-3.943866767489121e-05,-7.363536254870296e-07,0.0016489622028088952,0.0002772486832661193,0.0007121149006517407,0.0019519627153523293
585.7142857142858,4.0,0.0014225015322087463,1.1668093820922732e-08,-2.2928617384441494e-05,-6.899442222915831e-07,0.0016120017775011538,0.00015788681855837339,0.0006536231363371754,0.001864919404921257
585.7142857142858,4.1,0.0014522185951808513,1.285895121146665e-08,-1.3644562034593497e-05,-6.31458626615476e-07,0.0017402872682186759,9.208104525358033e-05,0.0005863476199082139,0.001929944495979889
585.7142857142858,4.2,0.0014817992125326104,1.3441163942162419e-08,-2.9968904049614685e-05,-6.264248192295406e-07,0.0017829908075631764,0.00019832769447210354,0.0005704448703595571,0.001967029434067643
585.7142857142858,4.3,0.0015110801408438734,1.4385849525254961e-08,8.390617034785724e-06,-6.239204204326309e-07,0.001871467097437939,5.44687877151396e-05,0.0005574524325389615,0.002031468034381824
585.7142857142858,4.3999999999999995,0.0015404449753254842,1.3438192931923808e-08,-1.5949859599826557e-05,-6.574581181568878e-07,0.0017152263776649094,0.00010161409510071138,0.0005765353706633302,0.0019018709257498075
585.7142857142858,4.5,0.0015696503112110967,1.316141080762527e-08,-2.1793004360034885e-05,-6.981726824692591e-07,0.0016487783238570766,0.00013632234575453153,0.000601183524007498,0.0018600798376008265
585.7142857142858,4.6,0.001598637717053109,1.293193024312778e-08,-3.8114075569576314e-05,-6.656872709883867e-07,0.001590777834562237,0.00023422471361341703,0.0005631844566253122,0.0017943769948844373
585.7142857142858,4.7,0.0016272439821394253,1.3138917547172757e-08,-2.7416871541943368e-05,-5.873522934229168e-07,0.0015879687616384306,0.00016560321146106988,0.0004884338412362708,0.0017395989325460475
585.7142857142858,4.8,0.0016555760785103223,1.516879732011136e-08,2.3598717415959644e-05,-5.593195793400564e-07,0.0018020224038721353,0.00014012290602936914,0.0004573416735460522,0.001919698410056911
585.7142857142858,4.9,0.001684144162055379,1.3491279996865121e-08,-2.107855527828158e-05,-6.280459560728289e-07,0.0015759261788671425,0.0001230863492384704,0.0005050673661355857,0.0017346122504115792
585.7142857142858,5.0,0.0017125014600476527,nan,nan,nan,nan,nan,nan,nan
600.0,0.1,4.8068308875233056e-05,nan,nan,nan,nan,nan,nan,nan
600.0,0.2,9.20176877409464e-05,9.923932364317863e-10,-0.00018426400027871966,-1.2235177366842218e-06,0.002110871899969489,0.013738288016912162,0.012502476875021845,0.02249044672376752
600.0,0.30000000000000004,0.00013412442660387254,1.5112440636803174e-09,-0.0001246203234740473,-1.1678959371944924e-06,0.002206085592640847,0.007121773316085341,0.009150286995951164,0.014934589817745536
600.0,0.4,0.0001749849622320582,1.8320175689801163e-09,-9.696394063569328e-05,-1.1259617715819462e-06,0.0020505112783130177,0.0045125562887048136,0.007185748832741694,0.011306534983615248
600.0,0.5,0.00021487585845388695,2.2640853891411828e-09,-8.031320944411106e-05,-1.0969539350395462e-06,0.002064159009005766,0.0031623902914839266,0.005923622682650618,0.009189128149229243
600.0,0.6,0.0002539636225812746,2.7992078907605647e-09,-6.355326747519058e-05,-1.0721008373459105e-06,0.002159414984858058,0.0021733865178124225,0.005029219191503206,0.007744209022553992
600.0,0.7000000000000001,0.0002924158540339103,3.0828657324883685e-09,-6.135432474754894e-05,-1.0421602720993087e-06,0.0020659580525813686,0.001857788974879101,0.004329602121202368,0.006723873259219587
600.0,0.8,0.0003302545422390705,3.2873524264437343e-09,-5.145773134379019e-05,-1.0298763954692875e-06,0.0019510199040690711,0.0013999107648256265,0.003844147562107139,0.00594316159750489
600.0,0.9,0.00036757865313079285,3.9157209706978395e-09,-4.689382145369271e-05,-1.0187808113294279e-06,0.0020879910984076067,0.0011594930607005535,0.0034567615805994826,0.005440820915547525
600.0,1.0,0.00040443382580797826,4.019892851140705e-09,-4.887640393190484e-05,-9.940337232638916e-07,0.001948521074184287,0.0011088107517308876,0.0030948330484679974,0.004917537885514837
600.0,1.1,0.0004408002344458446,4.4841404153237946e-09,-3.880581826528521e-05,-9.761714688782202e-07,0.0019944229867988232,0.000813916973081714,0.0028098837747424403,0.004520074948987427
600.0,1.2000000000000002,0.0004767785849010581,5.301011184875052e-09,-3.325211549560732e-05,-9.60902323875524e-07,0.0021798315142355696,0.0006489174710271241,0.002574079800284905,0.004292380802203869
600.0,1.3000000000000003,0.0005124244142013155,5.1734193645061745e-09,-4.3251967607482206e-05,-9.519866875944908e-07,0.001979804956489622,0.0007897916035686435,0.002386492012372669,0.00399175233363062
600.0,1.4000000000000001,0.0005476377238254981,5.225043899513631e-09,-3.6440497650847604e-05,-9.260449580303873e-07,0.0018712034666898537,0.0006256023034617344,0.0021828204279977317,0.003663630808039636
600.0,1.5000000000000002,0.0005824866284731723,5.836996861849913e-09,-3.0295534586696146e-05,-9.155460027281764e-07,0.0019655195043204905,0.0004909876022420389,0.0020373657640112806,0.0035222229146023953
600.0,1.6,0.0006170325777749794,6.114778144932741e-09,-2.8385306544229792e-05,-9.217596400302334e-07,0.0019438891593318488,0.0004358289369910521,0.001943408352992216,0.003394454886877489
600.0,1.7000000000000002,0.0006512946740113443,6.523026393845005e-09,-3.1378704785564846e-05,-8.947645594127648e-07,0.0019647055526119694,0.00045792084785803845,0.0017932622449843328,0.0032405768575887576
600.0,1.8000000000000003,0.0006852429831998535,6.74441137730289e-09,-2.9205664823085495e-05,-8.713380755253105e-07,0.001930994529762537,0.00040625533275212415,0.0016648036075455795,0.0030719579054335902
600.0,1.9000000000000001,0.0007188992357401319,6.823928560075178e-09,-3.105517783137971e-05,-8.554734013635277e-07,0.0018625706179540447,0.00041283332495111006,0.001562207551650724,0.002919004201765561
600.0,2.0,0.0007522449365020965,7.2208606667543365e-09,-2.897308077301919e-05,-8.614725474246432e-07,0.0018837494863815395,0.0003689424083789764,0.0015070787052069926,0.0028683101428401995
600.0,2.1,0.0007853009064563308,7.180494549922736e-09,-2.5426334443088505e-05,-8.496314689900506e-07,0.001794530350783718,0.00031079639689444527,0.0014269174134124926,0.0027182936172544165
600.0,2.2,0.0008181026130661343,7.58931361405225e-09,-2.5555344217783202e-05,-8.311070243649547e-07,0.0018208438678565908,0.00030042181017823926,0.0013424391991209267,0.00264764266127712
600.0,2.3000000000000003,0.00085064876623376,8.286017632817843e-09,-1.9348606323274332e-05,-8.125195342842187e-07,0.001911989422163642,0.00021912315872611525,0.0012646218729286524,0.0026272143940179135
600.0,2.4000000000000004,0.0008830014333381529,7.790165232483661e-09,-2.8712761418665273e-05,-7.938146238080139e-07,0.0017321101534950147,0.00031377770448776744,0.0011923354194319769,0.002437619645584231
600.0,2.5000000000000004,0.0009150669728283592,8.033717131422884e-09,-2.3849028549065284e-05,-8.03585876770017e-07,0.0017238435412651623,0.0002518658687680705,0.0011665243509242668,0.0023992980417635646
600.0,2.6,0.0009468940220330748,8.349571689824687e-09,-2.331510679693142e-05,-8.093754886998948e-07,0.0017315206354649526,0.00023827689965641045,0.0011370440695543688,0.0023750111629565755
600.0,2.7,0.000978487920169821,8.68141701761163e-09,-2.240955934299307e-05,-8.020852291155753e-07,0.0017422875278567769,0.0002219080850596098,0.0010919068722423768,0.002338659928942291
600.0,2.8000000000000003,0.0010098577227131375,8.660952678508558e-09,-2.2644385296835715e-05,-7.871799036124006e-07,0.0016843514177694915,0.00021752508908354242,0.001039647602948459,0.0022463506270295054
600.0,2.9000000000000004,0.0010410010814034855,8.71692684030666e-09,-2.272137213687238e-05,-7.780384917693733e-07,0.0016446652615809874,0.0002119694653454265,0.0009979782897385633,0.002177561987744344
600.0,3.0000000000000004,0.0010719172263724647,9.276789711433855e-09,-2.2333435970955762e-05,-7.188914377633549e-07,0.0016998855507276889,0.00020255063188152108,0.0008965696851453684,0.002130331440103091
600.0,3.1,0.0011026100369817345,1.0117242573244102e-08,-1.8420166587396546e-05,-6.966357724875997e-07,0.0018025397978735282,0.00016256167572247014,0.0008455046105807325,0.0021691777507521575
600.0,3.2,0.0011331186459251302,1.039809214273105e-08,-2.2460299914871768e-05,-7.274478488246842e-07,0.001802875885820003,0.0001930569771246622,0.0008599959786661571,0.0021833045190105056
600.0,3.3000000000000003,0.0011634026518693773,1.0669322737341551e-08,-5.320528694160129e-06,-7.258830837468547e-07,0.0018019111343523654,4.457422572145274e-05,0.0008366012890342695,0.0021560783917402675
600.0,3.4000000000000004,0.0011936334525266827,9.222184802881718e-09,-2.9132267564176827e-05,-7.11043202990177e-07,0.0015184050329385174,0.00023809179524814694,0.0007995085934381427,0.0019080538590355305
600.0,3.5000000000000004,0.0012235729305083464,9.76584760504104e-09,-3.3183921547760835e-05,-6.878933827807332e-07,0.0015686969410584415,0.0002647976066766743,0.0007552273959317985,0.0019161588411506123
600.0,3.6,0.0012531805692745325,1.099764719876712e-08,-1.9143476331050233e-07,-7.214116208456126e-07,0.0017248778586103706,1.4923355842801382e-06,0.0007738520976883527,0.0020427677284466585
600.0,3.7,0.0012827862936930854,9.654195166433698e-09,-2.1430633158001086e-05,-7.32969774183809e-07,0.0014794246971910681,0.00016332111851624867,0.0007686746235344274,0.0018431203368591725
600.0,3.8000000000000003,0.0013121777117800584,1.0205865492374853e-08,-2.7507896419032278e-05,-7.054149035813957e-07,0.0015290027914043145,0.00020508475677288206,0.0007236593485138801,0.0018512900904412157
600.0,3.9000000000000004,0.001341294050902841,1.2284396758904645e-08,-2.2273904579941068e-05,-6.742738690093428e-07,0.0018003019034414647,0.000162560978884994,0.000677151034630807,0.002045624614340117
600.0,4.0,0.0013701876509798242,1.3642225695156434e-08,2.4715204932981845e-06,-6.352916024934181e-07,0.0019572054088167444,1.766499859836793e-05,0.0006249468469451953,0.0021475758863170546
600.0,4.1,0.0013991059662617404,1.2640900128808509e-08,-1.6219222200844135e-05,-6.37617673574599e-07,0.0017764374764601182,0.0001135909575731477,0.0006147137770872646,0.0019810045605440085
600.0,4.2,0.0014278620893216482,1.1696702259061306e-08,-2.8467970420559777e-05,-6.237008949121478e-07,0.0016109349185076886,0.00019547699604378224,0.0005896452837692241,0.0018244686045509942
600.0,4.3,0.0014563335326773503,1.1190271695907198e-08,-8.005685550528835e-06,-6.541327930146193e-07,0.0015113221700185366,5.392032858829856e-05,0.0006066269380344893,0.0017386761019013313
600.0,4.3999999999999995,0.0014847249191775472,1.0853726837004237e-08,-2.159971256216787e-05,-6.777744187329025e-07,0.0014379262672450511,0.00014277023039832186,0.0006168566098466599,0.0016879097851912302
600.0,4.5,0.0015129003085521224,1.1845853997408478e-08,-2.044755723353778e-05,-6.626394464743832e-07,0.001540165479338912,0.00013270127274033386,0.0005921465323755036,0.001758122397088107
600.0,4.6,0.0015408712223543622,1.2354920133656793e-08,-2.5241553820482158e-05,-6.133023433516703e-07,0.0015772255622885996,0.00016091877620191843,0.0005384233799016319,0.0017587878777499879
600.0,4.7,0.0015685897206183972,1.333512523168905e-08,5.146726191301679e-06,-5.46887940702551e-07,0.0016724315215092005,3.224039191150249e-05,0.00047190128974375524,0.0018009576040350938
600.0,4.8,0.0015963596861443452,1.1251054932843456e-08,-2.01851724904601e-05,-6.158039849989607e-07,0.001386909178966886,0.00012429846013559787,0.0005223543200104125,0.0015762852689668084
600.0,4.9,0.0016239277999453886,1.1401199423547362e-08,-1.9966373266322095e-05,-6.837860530244222e-07,0.0013815773287014922,0.00012091333257830395,0.0005704154077504466,0.0016044074993515078
600.0,5.0,0.0016512962500137688,nan,nan,nan,nan,nan,nan,nan
614.2857142857142,0.1,4.609678593424434e-05,nan,nan,nan,nan,nan,nan,nan
614.2857142857142,0.2,8.829213371379557e-05,9.495546403054572e-10,-0.0001733107663752762,-1.1616208178477985e-06,0.0021059718630660157,0.013460573122327667,0.012372528652907038,0.022176137553766368
614.2857142857142,0.30000000000000004,0.00012875437382959404,1.3053191526625614e-09,-0.00012083753230256755,-1.1065203995864768e-06,0.0019861532351258845,0.007192357547070942,0.009033595846278266,0.01479481394226035
614.2857142857142,0.4,0.00016800823862236683,1.8284453607815668e-09,-8.965108252080739e-05,-1.0703248122629416e-06,0.00213248104114431,0.004344284403018327,0.007115901512119157,0.01116657472215664
614.2857142857142,0.5,0.00020636559258993155,2.110312688133819e-09,-7.71508796048475e-05,-1.0385950968683304e-06,0.002004301748468612,0.00316255072373424,0.00584220395881953,0.009070923148831076
614.2857142857142,0.6,0.0002439514377614478,2.4953025077952957e-09,-6.112909979416157e-05,-1.0170755436175451e-06,0.002005190367731388,0.002175985901948888,0.004968831348461303,0.007624583463719615
614.2857142857142,0.7000000000000001,0.0002809259919350224,2.8322405691808637e-09,-5.859787998734228e-05,-9.972568206671516e-07,0.0019766653259424027,0.0018466810548389003,0.004313801685494367,0.006673470363508928
614.2857142857142,0.8,0.0003173145673087236,3.264454612212263e-09,-4.718704091862305e-05,-9.772811268718454e-07,0.002017278013695939,0.0013358681584149771,0.0037981419313662845,0.005891155963205666
614.2857142857142,0.9,0.0003532312722732386,3.4720528516997696e-09,-4.901796552780304e-05,-9.637370774285982e-07,0.0019277022988069864,0.0012612114264194364,0.003404184233895171,0.005337005809586269
614.2857142857142,1.0,0.00038865779758247553,4.0731387367385245e-09,-4.135636714591695e-05,-9.429318660891482e-07,0.0020553493559925333,0.0009761440044158691,0.003055909270733364,0.004884104936878835
614.2857142857142,1.1,0.0004236707592202533,4.334485407966632e-09,-3.394991615426369e-05,-9.239203816648171e-07,0.002006779465262234,0.000740707846792602,0.0027683421640992364,0.004461305707027663
614.2857142857142,1.2000000000000002,0.00045834422169648844,4.255050844979732e-09,-3.978458214210032e-05,-9.181300406007425e-07,0.0018213438081441046,0.0008076122609120077,0.0025596250049086337,0.004131935522602854
614.2857142857142,1.3000000000000003,0.0004926198383513026,4.842830390478398e-09,-4.198081135562531e-05,-9.030976078562584e-07,0.0019287385716996834,0.0007973932242338358,0.0023558264591095816,0.003931374447047463
614.2857142857142,1.4000000000000001,0.0005264756468925605,5.6999123630111275e-09,-2.2753355836382848e-05,-8.806402172053269e-07,0.0021241185009989202,0.00040623453876551,0.002159804863586511,0.0037425151976065267
614.2857142857142,1.5000000000000002,0.0005601039218754545,5.450585636236351e-09,-3.867525296710706e-05,-8.737099905975784e-07,0.0019096823191876416,0.0006518168014395897,0.0020228382979809076,0.0035007858064173844
614.2857142857142,1.6,0.0005933454443286775,5.981586457248763e-09,-2.3859532631998606e-05,-8.759089844925017e-07,0.0019783913751405605,0.0003809307043706537,0.0019212479376934175,0.0033825327656868747
614.2857142857142,1.7000000000000002,0.0006263483714555805,6.0483744592977475e-09,-2.8767070966528943e-05,-8.537593493281843e-07,0.0018952437104207901,0.000436483971348518,0.0017798886573498266,0.003180954926473947
614.2857142857142,1.8000000000000003,0.0006590636278728182,6.50009910724687e-09,-2.8478416165501543e-05,-8.341753281748268e-07,0.001935883870009293,0.0004118388885778418,0.0016576440494096183,0.003068032792750661
614.2857142857142,1.9000000000000001,0.0006914941001284009,6.788029218881118e-09,-2.5458365267012718e-05,-8.344337087087982e-07,0.0019269906220719705,0.00035179523351029814,0.001584654276094234,0.002976459489622086
614.2857142857142,2.0,0.0007236699887313134,6.612761212127847e-09,-3.750723404468336e-05,-8.220985444182719e-07,0.0017940208554825204,0.0004964749636485584,0.0014955114432831868,0.002817464671192523
614.2857142857142,2.1,0.0007554708049937792,7.533935313211956e-09,-1.3387720420210584e-05,-8.105386559225122e-07,0.0019578964017257835,0.00017008103754868905,0.0014153632406378638,0.002805136731983352
614.2857142857142,2.2,0.0007871377440520428,7.33890703072101e-09,-2.4780135943723577e-05,-7.945145072954365e-07,0.001830743606972805,0.0003027295536349239,0.0013343000892519486,0.0026465035033929793
614.2857142857142,2.3000000000000003,0.0008185568817508692,7.453002708263359e-09,-2.4044444619814462e-05,-7.980399777598549e-07,0.001788071670995749,0.00028296384577891187,0.0012911158102830757,0.0025712310105786623
614.2857142857142,2.4000000000000004,0.0008497355750034974,7.543482994971786e-09,-2.3296664208784665e-05,-7.889345708650612e-07,0.0017434697922114072,0.0002645300197255071,0.001231657813489341,0.0024786336935393163
614.2857142857142,2.5000000000000004,0.0008806813016140378,7.841944692060992e-09,-2.3774188250783725e-05,-7.595115303170577e-07,0.0017489396114736644,0.00026085656927352335,0.001145868963827518,0.002398513556109513
614.2857142857142,2.6,0.0009113892863420704,8.218158238313625e-09,-2.4143168576731905e-05,-7.519418883835953e-07,0.0017712385036238664,0.00025633613518299795,0.0010978190691453985,0.002369263064346973
614.2857142857142,2.7,0.0009418558393843356,8.802385614729162e-09,-2.2930391738130645e-05,-7.427613940060695e-07,0.001835899238473962,0.0002358867891273272,0.0010507299017055403,0.0023736544069831106
614.2857142857142,2.8000000000000003,0.0009720930885092195,9.56784463269539e-09,-2.067990037006497e-05,-7.307688446248163e-07,0.0019335608469332544,0.00020636078859426942,0.0010028380478853077,0.0024067842912141755
614.2857142857142,2.9000000000000004,0.0010021235386304028,1.0346385443685432e-08,-1.615231888165303e-05,-7.280284911215742e-07,0.002028342977855929,0.00015651586053823366,0.0009702621396634407,0.002453872386605717
614.2857142857142,3.0000000000000004,0.0010319924655627696,1.035228761790847e-08,-3.998446244739793e-06,-7.336294593835046e-07,0.0019709653943211403,3.7656485492678055e-05,0.0009505101982405944,0.0023860138034868736
614.2857142857142,3.1,0.001061821408032689,8.533405105383797e-09,-3.324346931278705e-05,-7.243427683157377e-07,0.001579444397915943,0.000304617644695486,0.0009132100923671219,0.002062847997592216
614.2857142857142,3.2,0.0010913179158094804,8.45518930342341e-09,-2.224883805313545e-05,-6.877521638555238e-07,0.0015228315619363315,0.00019854540581760096,0.0008445082101570528,0.0019454625358114868
614.2857142857142,3.3000000000000003,0.0011205919352057405,9.092804120422839e-09,-2.2717440369851048e-05,-6.901099986063344e-07,0.0015950404679829814,0.00019760502830230291,0.0008259415187246848,0.0019868469056321877
614.2857142857142,3.4000000000000004,0.0011496387801983021,1.0632743027207311e-08,-4.7154694728145435e-06,-7.185755041747111e-07,0.001817934602938259,4.000776820757952e-05,0.000838966283855933,0.0021712244685824873
614.2857142857142,3.5000000000000004,0.0011786384704961356,9.785374819556396e-09,-2.3650388067180877e-05,-6.667982791969793e-07,0.0016321178897505848,0.00019587838008805383,0.0007601210820184052,0.0019641143715393677
614.2857142857142,3.6,0.0012074016569132973,9.447943531667015e-09,-3.8557881512353384e-05,-6.46461508058995e-07,0.0015386064773352977,0.00031201269206823553,0.000719930080813005,0.0018711655337325561
614.2857142857142,3.7,0.0012357792645153354,1.1995630416189031e-08,6.693389496608899e-06,-6.736314184999388e-07,0.0019084144039227592,5.2944656355755804e-05,0.0007333843497094522,0.002172683567051125
614.2857142857142,3.8000000000000003,0.0012642238060123396,1.1901199197207649e-08,-1.2840901974348581e-05,-6.557245471107011e-07,0.001850981113983853,9.934626847471993e-05,0.000698392237246374,0.002100358112198191
614.2857142857142,3.9000000000000004,0.0012925399384896004,1.0756758804897535e-08,-1.9817352306990967e-05,-6.37731008793516e-07,0.0016366708683163281,0.00015005666755447107,0.0006649047651429067,0.0018935166300015334
614.2857142857142,4.0,0.0013206578974437912,9.48803908046922e-09,-2.0274351886099062e-05,-6.496319459169719e-07,0.0014131892845724663,0.00015033928596436692,0.0006633133296571399,0.001702843211084449
614.2857142857142,4.1,0.001348573112879121,9.998725819134164e-09,-1.7628011007896415e-05,-6.854709997815412e-07,0.001458471580298782,0.0001280814988933294,0.000685811530907318,0.0017561945031086012
614.2857142857142,4.2,0.001376312048204372,1.0093669382769967e-08,-1.8033010126339632e-05,-6.426609886984907e-07,0.0014426691082431822,0.00012845207699371483,0.0006304099343399042,0.0017007726075498931
614.2857142857142,4.3,0.0014038706534283594,1.091847162601787e-08,-2.09349329470445e-05,-6.281699567071066e-07,0.0015300475238095872,0.0001462733491245871,0.0006044120637079519,0.0017587123708245709
614.2857142857142,4.3999999999999995,0.0014312199093228764,1.1663604221437389e-08,-1.3381002844387727e-07,-6.700035985762658e-07,0.0016032110469652802,9.174069656284392e-07,0.0006326576791316174,0.001835973306090113
614.2857142857142,4.5,0.001458567827117109,1.0480472288902416e-08,-2.8960498355120802e-05,-5.991201220429323e-07,0.0014137560046777397,0.00019493799669227985,0.0005554558201982745,0.0016290393487270467
614.2857142857142,4.6,0.0014856261399277904,1.194095200886546e-08,-2.7539512186544944e-06,-5.634330295053539e-07,0.0015815267012889139,1.8206053167606282e-05,0.0005131388515968772,0.0017401669831651385
614.2857142857142,4.7,0.0015126569132262852,1.0387541842318709e-08,-2.482590866479707e-05,-6.310290217100557e-07,0.001351472899871255,0.00016126590122556017,0.0005647035808024362,0.0015780576536764106
614.2857142857142,4.8,0.001539439427438132,1.0688866941468665e-08,-1.8372842201992177e-05,-6.513246547217415e-07,0.0013664849066033168,0.00011732052287614103,0.0005729711582564945,0.0015929962339723796
614.2857142857142,4.9,0.001566038213227959,1.1326888898222535e-08,-1.7953891674879135e-05,-5.881521003660633e-07,0.0014234684444141073,0.00011274330476457445,0.0005088228633900351,0.0015989918316329278
614.2857142857142,5.0,0.0015924574601010372,nan,nan,nan,nan,nan,nan,nan
628.5714285714287,0.1,4.42324282353293e-05,nan,nan,nan,nan,nan,nan,nan
628.5714285714287,0.2,8.476036634793157e-05,8.764012230617313e-10,-0.00016375917414096272,-1.1049575386967258e-06,0.002025745498929213,0.013243690273985394,0.012259861336096464,0.021911352693531113
628.5714285714287,0.30000000000000004,0.00012365071271912422,1.252313633576931e-09,-0.00011363919631962043,-1.0494766370462532e-06,0.0019849749824601597,0.007040638808177672,0.008923683451068034,0.014586808190208755
628.5714285714287,0.4,0.00016140466712712066,1.5947358537118811e-09,-8.726187503381443e-05,-1.0157266048173728e-06,0.0019371448647076401,0.004400808620290212,0.007031395053173005,0.011045391777879833
628.5714285714287,0.5,0.00019828600278477896,1.976069906581604e-09,-7.1884009106212e-05,-9.894397210892813e-07,0.001954199669191516,0.0030660895510824407,0.005794125785083634,0.00896457409524107
628.5714285714287,0.6,0.00023444849835137514,2.3042292285115246e-09,-5.9685580241212346e-05,-9.672014259803864e-07,0.0019276412849895896,0.002210461298721641,0.004918435326371334,0.007548771568681719
628.5714285714287,0.7000000000000001,0.0002700141381155592,2.6506173193750044e-09,-5.389702743844518e-05,-9.472111026936618e-07,0.0019255687462399337,0.0017668792533546375,0.00426440780708715,0.0065726726057763404
628.5714285714287,0.8,0.0003050408076053588,2.9363572273522737e-09,-4.750034648414759e-05,-9.316360270269422e-07,0.0018885252640406989,0.0013987455604171266,0.003767810821146597,0.005823728495011198
628.5714285714287,0.9,0.00033959247363031693,3.288867832513391e-09,-4.311174948862261e-05,-9.118925793121967e-07,0.0019001644801150803,0.0011536057598260535,0.003351801231918594,0.0052355108917064505
628.5714285714287,1.0,0.00037371302216038883,3.579319050085255e-09,-4.076978370300349e-05,-8.945975624244404e-07,0.0018794767017959837,0.0010006675181787046,0.0030164850651984913,0.0047678226111782865
628.5714285714287,1.1,0.0004074258728534307,3.779795778858346e-09,-3.6048733108854545e-05,-8.890517983020268e-07,0.001820722522989932,0.0008178428549099127,0.0027710047109863107,0.004397821239848963
628.5714285714287,1.2000000000000002,0.000440778236215384,4.373727276002178e-09,-3.270043432970965e-05,-8.837844707819671e-07,0.001947438979293645,0.0006901685563098553,0.0025629281358211862,0.004172056144511819
628.5714285714287,1.3000000000000003,0.00047380359523404024,4.2331267512725616e-09,-3.521368720510323e-05,-8.541311106232087e-07,0.0017536918966121213,0.0006952675028092785,0.0023176519333653147,0.003781779096823297
628.5714285714287,1.4000000000000001,0.0005064768173806454,4.299927680496176e-09,-3.1645983395546045e-05,-8.330325076451895e-07,0.0016668126370237041,0.0005873053311480511,0.0021246886390446445,0.00348594256187729
628.5714285714287,1.5000000000000002,0.0005388335796932952,4.958387373197926e-09,-3.112991935186109e-05,-8.3365322848851e-07,0.0018066572129333636,0.0005452979881429884,0.0020071497892807768,0.0034086156624261225
628.5714285714287,1.6,0.0005708790428124263,5.139842925312456e-09,-2.8807489719021022e-05,-8.315709302884718e-07,0.0017678530201994734,0.00047802436486582393,0.0018966417507879183,0.0032478164135457985
628.5714285714287,1.7000000000000002,0.0006026364310343672,5.6020640678493665e-09,-1.82995872311637e-05,-8.223881243550567e-07,0.0018253075018569377,0.00028854107429957605,0.001782589916912838,0.003125741040401749
628.5714285714287,1.8000000000000003,0.0006342108233839965,5.499724574561922e-09,-3.1093913146996645e-05,-7.921069540572178e-07,0.0017030112463365227,0.00046724440358174356,0.001636429526627578,0.0029110767473675874
628.5714285714287,1.9000000000000001,0.0006654742766021558,6.040323783559049e-09,-2.9314575526880823e-05,-7.866982618695625e-07,0.0017826893089513652,0.00042091756038615294,0.001552993321975286,0.0028598477723631717
628.5714285714287,2.0,0.0006964445840650463,6.723654981179549e-09,-2.3665017768645897e-05,-7.741272587265689e-07,0.0018961329160002982,0.0003254362743954475,0.0014638501932635298,0.002826118111556474
628.5714285714287,2.1,0.0007271782413502503,6.637613688595896e-09,-2.412874687845621e-05,-7.610789290009321e-07,0.0017930739739176436,0.00031845958550909736,0.0013812774461322088,0.002670652644941021
628.5714285714287,2.2,0.0007576706111666698,7.382381516390629e-09,-1.7696275424086517e-05,-7.657807125720698e-07,0.001914034086304935,0.0002245760078822507,0.0013364647844527956,0.002699303078021883
628.5714285714287,2.3000000000000003,0.0007879860182288484,7.523092545798759e-09,-2.92222296680673e-05,-7.5784088180339e-07,0.0018756485267861515,0.00035723595237191084,0.001274078505119953,0.0026253051243844997
628.5714285714287,2.4000000000000004,0.0008180092029943463,8.303380238920872e-09,-1.363604841970447e-05,-7.482267420548823e-07,0.001994229082019027,0.00016082217608116538,0.0012137141368094317,0.0026360989009656033
628.5714285714287,2.5000000000000004,0.0008478960272756472,8.273969768686137e-09,-2.21125755205955e-05,-7.368066249250962e-07,0.001917339741199089,0.00025197743783086495,0.0011549190982645297,0.0025312764683908997
628.5714285714287,2.6,0.0008775617258017422,8.264442346553952e-09,-2.0726050149137e-05,-7.275320134163946e-07,0.0018506042503760442,0.0002285070495202919,0.0011034931294974905,0.002431531561976254
628.5714285714287,2.7,0.0009070201638263457,7.997005345100116e-09,-1.9752619203629824e-05,-7.242175145900413e-07,0.0017327937449855453,0.00021096890364604253,0.0010642977114475513,0.00230489506879416
628.5714285714287,2.8000000000000003,0.000936281075658913,7.433984575820443e-09,-1.844844007549374e-05,-6.941248810676004e-07,0.001560693854616085,0.00019110474633934595,0.000989505719333705,0.0021048822934069413
628.5714285714287,2.9000000000000004,0.0009653575030907253,7.479036495746423e-09,-2.5351401070647456e-05,-6.731190083790535e-07,0.0015230996178473074,0.0002549979928149768,0.0009317883758717805,0.0020301023562977858
628.5714285714287,3.0000000000000004,0.0009941804165118312,8.187007107399006e-09,-2.2903960329701507e-05,-7.110439952902134e-07,0.0016190212940256955,0.00022393953921465474,0.000956636519516853,0.0021217176364160583
628.5714285714287,3.1,0.00102277429032964,9.924409828659151e-09,-1.2542961618498305e-05,-7.315385027901906e-07,0.0019074674381480278,0.00011931556058830748,0.0009576082174100669,0.0023423695751729856
628.5714285714287,3.2,0.001051242734531264,9.882624856599386e-09,-7.428588049362103e-06,-6.811491571064523e-07,0.0018480977783055328,6.880635608640439e-05,0.0008683537636375485,0.002219972123803073
628.5714285714287,3.3000000000000003,0.0010796368928523942,9.549895002594112e-09,-2.169957470299008e-05,-6.647382160165691e-07,0.0017392220152261635,0.00019587740917979252,0.0008260212157396176,0.002104253614795103
628.5714285714287,3.4000000000000004,0.0011078140554264945,8.415481045328913e-09,-2.9019224737276445e-05,-6.775662254571757e-07,0.0014938997717138327,0.0002555181696523542,0.0008212456787072786,0.001909427922844926
628.5714285714287,3.5000000000000004,0.001135701025753222,1.000558410755155e-08,-3.7099786731002024e-06,-6.526286420936693e-07,0.0017324701267022959,3.188497112519328e-05,0.0007721760411906856,0.0020481652932508553
628.5714285714287,3.6,0.0011635508962932186,9.997030379761891e-09,-1.8044365559122946e-05,-6.20616323305151e-07,0.0016897527594916687,0.00015147798612929084,0.0007174377925223591,0.001976776148371435
628.5714285714287,3.7,0.001191220323177624,8.518993684026546e-09,-1.9103365471299403e-05,-6.424690783937479e-07,0.0014068613946837084,0.00015675215879126794,0.0007259893104124688,0.0017486998544071124
628.5714285714287,3.8000000000000003,0.0012186987164073163,8.416320237194607e-09,-1.9602666169026697e-05,-6.574375136591195e-07,0.0013586331524284773,0.00015732715718457668,0.0007266285707054868,0.001710734940543543
628.5714285714287,3.9000000000000004,0.0012459810829753184,9.709902231962328e-09,-1.989711293441231e-05,-6.545907777396494e-07,0.0015331152573251155,0.00015629304934500066,0.0007080786661672262,0.0018378304340931266
628.5714285714287,4.0,0.0012730644784139764,1.0357406823441298e-08,-6.705806651348225e-06,-6.489628621686539e-07,0.0016005329606335983,5.1579921570440384e-05,0.0006874598004692505,0.0018733841573223063
628.5714285714287,4.1,0.0013000808157861208,1.0486669562678602e-08,-2.752135440738014e-05,-6.274881773145999e-07,0.00158696375080143,0.00020742311824737167,0.0006513142735671883,0.0018465911464766408
628.5714285714287,4.2,0.0013268219396141915,1.1375295550214907e-08,7.297025262005019e-06,-6.015619616088911e-07,0.0016867460332325988,5.390684852032991e-05,0.0006121463033443904,0.0018966982686604915
628.5714285714287,4.3,0.0013536360336948822,1.0717696514303686e-08,-3.5490091523731296e-05,-5.6014341950948e-07,0.001558038838961125,0.0002571568311591796,0.000559106870859648,0.0017660168871242697
628.5714285714287,4.3999999999999995,0.0013800952268603357,1.1710103753081029e-08,-1.8020244799913512e-05,-5.791216128246433e-07,0.0016697763054429268,0.00012813264474479584,0.0005672115991922701,0.0018568868789951723
628.5714285714287,4.5,0.00140637421757779,1.3700391452464575e-08,1.6477818737541287e-05,-6.313670458770894e-07,0.0019169477096799559,0.00011500287470561544,0.0006071197177005756,0.0021035928517846407
628.5714285714287,4.6,0.0014328179864826196,1.052984209829656e-08,-4.177430548437353e-05,-6.163191959956724e-07,0.001446492700447332,0.00028635210571676463,0.000582059280317334,0.0016887642442042956
628.5714285714287,4.7,0.0014588440123326056,1.2312509237319363e-08,-1.694680340463654e-05,-5.361332620812628e-07,0.001661154598400421,0.00011414290359530881,0.0004975217903770819,0.0018076280220299934
628.5714285714287,4.8,0.0014847005701485452,1.4439008435299556e-08,-9.689147472628083e-06,-5.203954454368689e-07,0.001914161975356889,6.414698804084526e-05,0.00047471514975196637,0.002029492510650129
628.5714285714287,4.9,0.0015104602364897585,1.5039180041391973e-08,5.63620420480481e-06,-5.355426732434674e-07,0.0019598630420928523,3.6687439190962626e-05,0.00048042788014434034,0.002074615869985528
628.5714285714287,5.0,0.0015362762648730198,nan,nan,nan,nan,nan,nan,nan
642.8571428571429,0.1,4.245908100250578e-05,nan,nan,nan,nan,nan,nan,nan
642.8571428571429,0.2,8.140745637452915e-05,8.087211648949873e-10,-0.00015532059269640557,-1.0513238788184708e-06,0.001947197054521485,0.0130738349952191,0.012146240182752057,0.02167438670425427
642.8571428571429,0.30000000000000004,0.00011880262581958847,1.1629210364640089e-09,-0.00010712433360973963,-9.991208991737436e-07,0.001919364786091188,0.0069056091480122605,0.00884308735090086,0.014414291057090637
642.8571428571429,0.4,0.0001551265519285504,1.5003471946751071e-09,-8.407854851141793e-05,-9.671782360659778e-07,0.0018970536012727628,0.0044110321665990285,0.0069681327727386605,0.010962014678785211
642.8571428571429,0.5,0.00019060969255239814,1.7985190884983988e-09,-6.770233719818472e-05,-9.400795536707516e-07,0.00185108735252907,0.0030034422721712775,0.00572821238097872,0.008835837483348945
642.8571428571429,0.6,0.00022541580980426403,2.172938507594298e-09,-5.787004499574151e-05,-9.185338741540072e-07,0.0018914893522581995,0.0022288293729887648,0.004859713117058536,0.007468536369585758
642.8571428571429,0.7000000000000001,0.0002596432266061725,2.486663126843617e-09,-5.043389290763401e-05,-9.014972111609528e-07,0.0018794655506787629,0.00171914402361923,0.004221904501601956,0.006491286634514584
642.8571428571429,0.8,0.00029336630447900465,2.8207994716694014e-09,-4.6450984760205845e-05,-8.852378705956724e-07,0.0018872011455921352,0.001422150873081584,0.0037239504041513887,0.005772317948180745
642.8571428571429,0.9,0.00032662487250423474,3.1475609937807865e-09,-3.847205156350856e-05,-8.696985169731156e-07,0.0018915595496534813,0.001070158234834009,0.003324546855863952,0.005179619655065235
642.8571428571429,1.0,0.00035949872001382973,3.359271394430691e-09,-4.201941431720783e-05,-8.536944102716514e-07,0.001834470703581508,0.0010720540854192685,0.0029933382352572077,0.004736531463599545
642.8571428571429,1.1,0.00039195237338025265,3.801921307713924e-09,-3.011786091302215e-05,-8.465728159246412e-07,0.0019044011669230561,0.0007101512997383693,0.0027437600989996228,0.004380353597008218
642.8571428571429,1.2000000000000002,0.00042410484813754535,3.754274675080566e-09,-4.0606735943307696e-05,-8.33731103734741e-07,0.0017382403262399117,0.000890789165330134,0.0025137935758348215,0.004056266886270309
642.8571428571429,1.3000000000000003,0.00045585125553540497,4.7500846126220375e-09,-2.4213880320841753e-05,-8.157500627513308e-07,0.0020460060513159263,0.0004968422254793201,0.002300909325976257,0.0038757399824768507
642.8571428571429,1.4000000000000001,0.00048735552413005617,4.902743610999148e-09,-2.8463942312298336e-05,-8.022483961654148e-07,0.0019755295529352798,0.0005488875070677509,0.0021269445345843286,0.003640299522887095
642.8571428571429,1.5000000000000002,0.0005185751533015844,4.886779112130369e-09,-3.3319364115946125e-05,-7.904969404760174e-07,0.0018508532081205984,0.0006064002433141236,0.0019781446836334734,0.0034087375422400135
642.8571428571429,1.6,0.0005494615888319531,5.271204430532662e-09,-2.8025536797423444e-05,-7.868563125684555e-07,0.0018843851771672328,0.0004831424584408609,0.0018652713122520473,0.003277622349767711
642.8571428571429,1.7000000000000002,0.0005800677689943477,5.495111713639388e-09,-1.93537491248669e-05,-7.899368802093428e-07,0.0018609086878561643,0.00031702489965348133,0.001779347207322343,0.0031457334438808535
642.8571428571429,1.8000000000000003,0.0006104804116654935,5.819957617363187e-09,-2.05882121226842e-05,-7.688922072136907e-07,0.0018727943591147946,0.0003213457833328059,0.0016505783581675143,0.00300989030645635
642.8571428571429,1.9000000000000001,0.0006406871722154125,5.7068649095484645e-09,-3.0257888059741302e-05,-7.479062199596511e-07,0.0017501297180377608,0.00045121202181414114,0.0015341313315251884,0.002823767731829768
642.8571428571429,2.0,0.0006705913538847341,5.68220438422308e-09,-2.55242808845299e-05,-7.45342454874188e-07,0.001665076553588821,0.00036450745763950455,0.0014642557697510889,0.002682058078134168
642.8571428571429,2.1,0.0007002402927452104,5.915549512378283e-09,-1.791448516571441e-05,-7.349438663265058e-07,0.0016601913174471572,0.0002455014051594578,0.001385720646365294,0.002580106503613425
642.8571428571429,2.2,0.0007297100867540296,5.755259603895936e-09,-2.2940104667441317e-05,-7.320555222281434e-07,0.0015502023689380235,0.00030226088895839767,0.0013271727911285606,0.0024530112646865133
642.8571428571429,2.3000000000000003,0.0007589504797161743,5.97437598480536e-09,-2.1347429742565434e-05,-7.207552283511584e-07,0.001547312232522655,0.00027091423924632027,0.0012587270686526208,0.0023741013745538107
642.8571428571429,2.4000000000000004,0.0007879773983808934,5.87265917802818e-09,-2.049988494402929e-05,-6.952812703253422e-07,0.0014651447302546515,0.00025097823280878154,0.001171439570013137,0.00222579884228605
642.8571428571429,2.5000000000000004,0.0008167993181961722,6.705971970345106e-09,-2.0045186298518494e-05,-7.009560642586707e-07,0.001614072556314477,0.0002371030689917095,0.0011410773472019476,0.0022946814826828813
642.8571428571429,2.6,0.0008454207861484658,6.915412769055015e-09,-2.2572392524024782e-05,-7.02826149633128e-07,0.0016082159087888641,0.0002583195870589766,0.001106962553492893,0.0022591634752737403
642.8571428571429,2.7,0.0008738165301755192,7.674700579862594e-09,-2.2607168461493025e-05,-6.959648998732863e-07,0.0017268253638974475,0.0002506376305799749,0.0010618986083296114,0.0023021734009424717
642.8571428571429,2.8000000000000003,0.0009019862025179576,8.536943751857666e-09,-3.807333062450651e-06,-7.089525685728322e-07,0.0018608017015834203,4.0933880162154764e-05,0.0010491340052083181,0.002380256893053726
642.8571428571429,2.9000000000000004,0.0009301178015297715,7.777494179070332e-09,-2.1021530367240547e-05,-6.68525343443011e-07,0.0016442030076241926,0.00021942244838367653,0.0009606266519203975,0.002144098148381905
642.8571428571429,3.0000000000000004,0.0009580391852379131,7.912543838488295e-09,-2.080065585125445e-05,-6.676770944235484e-07,0.0016242573663473407,0.00021101295238710031,0.0009325854488360783,0.002102895550656356
642.8571428571429,3.1,0.000985752562387542,6.546394070424221e-09,-2.8152406849105652e-05,-6.430053228322988e-07,0.001306249875964227,0.00027786063839210247,0.0008738029785548552,0.0018194940405197536
642.8571428571429,3.2,0.00101318441546868,8.695855128108885e-09,1.4540113024621296e-06,-6.288492873325615e-07,0.0016881584562391814,1.3972402992089578e-05,0.0008320909842079872,0.002057869046712561
642.8571428571429,3.3000000000000003,0.0010406308086628425,8.3853052501582e-09,-3.704260910265821e-05,-6.762720286725125e-07,0.0015850577143815086,0.00034693616209453815,0.0008720803760985424,0.002038092496242889
642.8571428571429,3.4000000000000004,0.0010677067757659784,9.840052185012942e-09,2.2794081510745658e-06,-6.266406645498091e-07,0.0018127355448073275,2.082021029436359e-05,0.0007882364540114354,0.002128162834801337
642.8571428571429,3.5000000000000004,0.0010948055369506251,9.355531850607031e-09,-1.6395218054780603e-05,-6.218139462241618e-07,0.0016811574270995406,0.00014615876226531263,0.0007634437309902015,0.002003333556663831
642.8571428571429,3.6,0.001121740345954724,9.121314334926175e-09,-2.7520297931314657e-05,-6.418367770033239e-07,0.0015998378131491728,0.00023964036121629594,0.0007697230005171749,0.0019498347432939363
642.8571428571429,3.7,0.0011483999519795098,1.0247949570583192e-08,-1.683148270648516e-05,-6.203354235048613e-07,0.0017556939207785825,0.00014325992132657473,0.0007271636953571844,0.0020397349406744984
642.8571428571429,3.8000000000000003,0.0011748912431772307,1.1321766814382282e-08,2.130578648533096e-06,-6.314378921682874e-07,0.0018959277013172297,1.7734075564855883e-05,0.0007239709687364895,0.0021547910045302946
642.8571428571429,3.9000000000000004,0.001201403840161437,9.785030424390712e-09,-3.316212669017548e-05,-6.030823595252135e-07,0.0016027089109579107,0.0002701412257729586,0.0006767498759893946,0.0018861688483349868
642.8571428571429,4.0,0.0012275848158787414,1.0822915938139803e-08,-3.7136257480599447e-06,-5.731597683343389e-07,0.001734993311159028,2.962064982918567e-05,0.000629806746709012,0.0019504851317206316
642.8571428571429,4.1,0.0012537286553385653,1.1130749721035261e-08,-2.1917488657904705e-05,-5.67309043387408e-07,0.0017472618226028666,0.00017127676939419182,0.0006108140560210339,0.001956641824791992
642.8571428571429,4.2,0.00127965331991181,1.1490042961327567e-08,1.0714479269308475e-06,-5.846899346300936e-07,0.0017673107873716538,8.206626847955932e-06,0.0006170575504745487,0.001971033944172382
642.8571428571429,4.3,0.0013055886989643242,1.1372139524816508e-08,-1.6371652657794392e-05,-6.156684960504714e-07,0.0017145264629576861,0.00012296935624152698,0.0006372940111749634,0.0019408786072589903
642.8571428571429,4.3999999999999995,0.0013313603614902604,9.600532615313687e-09,-1.554177221207292e-05,-5.677202900732507e-07,0.0014196791151357682,0.00011453235184737447,0.0005766807835938369,0.0016412580241708407
642.8571428571429,4.5,0.001356976606294076,8.708681623694608e-09,-4.340706934431812e-05,-5.787837833250091e-07,0.001263733323468012,0.000314052697560669,0.0005770683952735358,0.001536771575523112
642.8571428571429,4.6,0.0013821587804044482,1.2253125621556404e-08,2.0291391131352535e-05,-5.786766832761817e-07,0.0017452585782294805,0.0001441616960332587,0.0005666685191290716,0.0019258599431502396
642.8571428571429,4.7,0.001407543868426134,1.115055419498556e-08,-2.0507173494272234e-06,-4.999162510189767e-07,0.0015598811702016745,1.4311572734920909e-05,0.0004810169048515953,0.0017018192065463094
642.8571428571429,4.8,0.0014329084492743255,9.358035594297422e-09,-3.2154995434851244e-05,-4.967271248643213e-07,0.0012863221183505027,0.0002205491463347073,0.00046979732483835764,0.0014644745033482991
642.8571428571429,4.9,0.0014579514801681685,9.086596366944284e-09,-1.2827297188647798e-05,-5.526316465453727e-07,0.001227710188607759,8.65034003685246e-05,0.0005138878981797958,0.0014293063664861754
642.8571428571429,5.0,0.001482866238090125,nan,nan,nan,nan,nan,nan,nan
657.1428571428571,0.1,4.0781150281845793e-05,nan,nan,nan,nan,nan,nan,nan
657.1428571428571,0.2,7.821959153681959e-05,8.298934029397518e-10,-0.00014661630479724917,-9.997616412417487e-07,0.0020804728232847788,0.01283946966856481,0.012021880040164485,0.021406343637777863
657.1428571428571,0.30000000000000004,0.00011419186974382089,1.1565081881237755e-09,-0.00010095179158063279,-9.534774762523869e-07,0.001986673927286358,0.006768264019489918,0.008780641762655342,0.014281302834792611
657.1428571428571,0.4,0.00014915463003501586,1.4162832149576224e-09,-8.169632942550728e-05,-9.214405731874192e-07,0.0018632360947518846,0.0044569633987412765,0.00690596400610723,0.010895909745854308
657.1428571428571,0.5,0.00018330042703195576,1.8015646966890262e-09,-6.19645933458185e-05,-8.943629040344006e-07,0.0019288959533332363,0.00285779510473778,0.005668019881068458,0.008725854181902373
657.1428571428571,0.6,0.00021682657809543747,2.023758091856259e-09,-5.7293179134894765e-05,-8.748962124037194e-07,0.0018322222200807497,0.002293747522366008,0.004813727468812776,0.007413653636913661
657.1428571428571,0.7000000000000001,0.00024977979736757024,2.3352751873517334e-09,-4.65541925487317e-05,-8.577124208397236e-07,0.0018355447941332688,0.0016492935502351424,0.004176701412653726,0.006401489146053771
657.1428571428571,0.8,0.0002822674747142157,2.6018712567755748e-09,-4.5552129622272246e-05,-8.400424876285743e-07,0.0018100038277362308,0.0014493217669855846,0.0036741252661237228,0.005689906887025082
657.1428571428571,0.9,0.0003142996307646384,2.9398480434933114e-09,-3.6180335709036974e-05,-8.296660190733889e-07,0.0018368747727876829,0.0010457651657353173,0.003296916245096075,0.005119281899556423
657.1428571428571,1.0,0.0003459699834579708,3.184309275206636e-09,-3.855599365318101e-05,-8.139021901193669e-07,0.001807681083625154,0.0010220147254340146,0.002966476269626329,0.004681045600676462
657.1428571428571,1.1,0.0003772547762147713,3.3996698938241422e-09,-3.419304067467116e-05,-8.073287716968583e-07,0.0017701390003830627,0.0008376589535130549,0.0027194379450615263,0.004315756026139412
657.1428571428571,1.2000000000000002,0.00040819763856482516,3.8881392329346845e-09,-2.72180055125215e-05,-7.941055220909768e-07,0.0018709944159430688,0.0006201861519464601,0.002488611024658804,0.0040338096920483225
657.1428571428571,1.3000000000000003,0.0004388683208597538,3.5610228749414247e-09,-3.0421235460342717e-05,-7.764976196683119e-07,0.0015942467052753324,0.0006483158550215839,0.0022761254543938432,0.003650127418794141
657.1428571428571,1.4000000000000001,0.00046923479080007897,3.838738703340632e-09,-2.8723197091211647e-05,-7.724585078842158e-07,0.001607483701564009,0.0005752531560548581,0.002127969585690014,0.0034599753119911795
657.1428571428571,1.5000000000000002,0.000499314028769492,4.258445247306929e-09,-2.7337588119397034e-05,-7.532054723122042e-07,0.0016758814090898921,0.0005166615088894581,0.00195829488258905,0.0032780108764996463
657.1428571428571,1.6,0.0005291198908577112,4.51443899239389e-09,-3.0519462147163966e-05,-7.361942381084358e-07,0.0016767579368721958,0.0005463361792252126,0.0018130744555311953,0.0031119894540621094
657.1428571428571,1.7000000000000002,0.0005586205583244586,5.068650730678462e-09,-1.8347939169242093e-05,-7.393561321244685e-07,0.0017832718378032666,0.0003120728220224588,0.0017301505924007337,0.003043729626382166
657.1428571428571,1.8000000000000003,0.0005879377463995137,5.3819467519398455e-09,-1.9020033782831364e-05,-7.469408616685459e-07,0.0017991674409195547,0.0003082340106413627,0.0016654904610037059,0.002979887353100743
657.1428571428571,1.9000000000000001,0.0006170647341367404,5.471535210033441e-09,-2.9396462174452024e-05,-7.341745072205199e-07,0.0017428784080710386,0.00045512562699567843,0.0015640236315677591,0.002852561011069395
657.1428571428571,2.0,0.0006458977572522226,5.904187941775627e-09,-2.2118122500810064e-05,-7.107086513380432e-07,0.001796826498981671,0.0003279141250016642,0.001449928094482686,0.0027460327928046893
657.1428571428571,2.1,0.0006745095991426967,6.232597106215677e-09,-1.973359154761652e-05,-7.091184641718642e-07,0.0018164601584388601,0.000280735735251424,0.0013882587013352436,0.002689398539433849
657.1428571428571,2.2,0.0007029241051176947,6.554243982432735e-09,-2.0440948413004853e-05,-7.138372181896075e-07,0.0018330578636940932,0.0002795786104388618,0.0013436547993723458,0.0026550106912813657
657.1428571428571,2.3000000000000003,0.0007311342016085626,6.683883146867606e-09,-2.0020245892300375e-05,-6.907960108256445e-07,0.001797294845356891,0.0002637212883202211,0.001252385469512679,0.0025370763503593493
657.1428571428571,2.4000000000000004,0.0007591440956405075,7.275702499014883e-09,-8.281484752147883e-06,-6.874771518258573e-07,0.0018843652720850893,0.00010521900708649309,0.0012023886345338577,0.0025403504433453607
657.1428571428571,2.5000000000000004,0.0007870711748249309,6.1708024793134365e-09,-3.07098785786255e-05,-6.779323220699608e-07,0.0015418076591187638,0.00037695117200822054,0.001145553506232521,0.0022680054486440056
657.1428571428571,2.6,0.000814691155223568,6.877613689271924e-09,-1.3197367305082562e-05,-6.427602281443184e-07,0.0016602319856104989,0.00015670498513093513,0.001050825734739289,0.0022336956256369844
657.1428571428571,2.7,0.0008421791619491544,6.8839196714826165e-09,-2.336058789920332e-05,-6.594526158207594e-07,0.0016077534780974032,0.0002686874408676503,0.0010444452063993425,0.002199726293327294
657.1428571428571,2.8000000000000003,0.0008694335627957487,6.278426659940026e-09,-2.2261996351089285e-05,-6.778083935406488e-07,0.0014205445268189183,0.0002483308084139935,0.0010410484601687045,0.002060868442167523
657.1428571428571,2.9000000000000004,0.0008964653436788321,7.653162973176012e-09,1.5634267077030241e-06,-6.619973954666539e-07,0.0016792173980079684,1.6929129486910804e-05,0.0009871314028950817,0.002183784439536343
657.1428571428571,3.0000000000000004,0.0009235127588289925,7.085609116647398e-09,-4.933407438264484e-05,-6.551584273587481e-07,0.0015093773815814367,0.0005192695151207858,0.0009494680980038254,0.0020858667856834515
657.1428571428571,3.1,0.0009500668332353265,9.234785759636535e-09,2.7985307629444817e-05,-6.358637237698872e-07,0.00191188968402288,0.0002864703228286724,0.0008965561790866056,0.0023119284967860533
657.1428571428571,3.2,0.000976900760717955,6.5022626007748625e-09,-3.986769415459823e-05,-6.275101167227678e-07,0.00130972441664653,0.00039735137289222,0.0008614419412025206,0.0018323292818772938
657.1428571428571,3.3000000000000003,0.0010033360112590374,7.433371356975719e-09,-1.6359177934868737e-05,-6.001796123550766e-07,0.0014577836347142079,0.0001588874909463205,0.0008030289454765656,0.0018547477820356584
657.1428571428571,3.4000000000000004,0.0010296076700207712,7.48865320075795e-09,-5.998842006710129e-06,-5.875698278433959e-07,0.0014313822917222242,5.6816936168747096e-05,0.0007666982308891663,0.0017965900433289518
657.1428571428571,3.5000000000000004,0.0010558193403624378,7.557128184306457e-09,-2.3972236646153767e-05,-6.040850851199845e-07,0.0014087168962603441,0.00022159761226207697,0.0007693212570455059,0.0017936831349638614
657.1428571428571,3.6,0.001081791288337643,8.703799161761677e-09,-9.223725174162081e-06,-5.818189407701105e-07,0.0015835086520890474,8.327134304301887e-05,0.0007237634536236047,0.0018873528661634514
657.1428571428571,3.7,0.0011076709990611065,8.345209878860275e-09,-1.563751814285304e-05,-5.648593228812834e-07,0.0014830234483853807,0.00013797067503719726,0.0006868226267890214,0.001778157781798294
657.1428571428571,3.8000000000000003,0.0011333943346031414,8.056677499765753e-09,-2.9412781305145068e-05,-5.880664634939635e-07,0.0013994656164641683,0.00025381587645304513,0.0006992610808832044,0.001732298654759322
657.1428571428571,3.9000000000000004,0.001158823542332125,1.0022529027933823e-08,6.1161637120339665e-06,-5.858209680667875e-07,0.0017025200177973308,5.164309607124169e-05,0.0006817346438414514,0.001957234188746893
657.1428571428571,4.0,0.0011843139116982288,9.038847336844161e-09,-1.5620459760151865e-05,-5.976183959641994e-07,0.001502676391842192,0.0001291322663512,0.0006809611968489241,0.0017894490168877974
657.1428571428571,4.1,0.0012096480764667312,7.991968157653176e-09,-1.5263429900330344e-05,-5.960020268500589e-07,0.0013009305504664294,0.00012360757965790005,0.000665361042463699,0.0016103135609385308
657.1428571428571,4.2,0.0012348296069362302,7.568316776702172e-09,-1.4892837098007952e-05,-5.745293336241564e-07,0.0012070100707677431,0.00011821004702901748,0.0006286483572833676,0.001503743475591335
657.1428571428571,4.3,0.0012598622090347492,8.035075182038173e-09,-3.1002264261077016e-05,-5.918187806090608e-07,0.0012559937620027226,0.00024134073934896588,0.0006350312246969142,0.0015627843726309086
657.1428571428571,4.3999999999999995,0.0012845847884906574,1.012561915507555e-08,4.890902781558292e-06,-5.793840846893285e-07,0.001552136407664893,3.7353490929604247e-05,0.0006099527034711539,0.001776121423841018
657.1428571428571,4.5,0.0013093562769743812,1.0371946833909892e-08,-1.2755324987792463e-05,-5.16564605329464e-07,0.001559882339781732,9.561711363357308e-05,0.0005339107537044399,0.0017356546120196356
657.1428571428571,4.6,0.001334000212208227,9.215163132708095e-09,-1.2479961731138438e-05,-5.153173730971054e-07,0.0013606580980059675,9.186443867083045e-05,0.0005230157953628573,0.0015514253379262596
657.1428571428571,4.7,0.0013585193478247615,9.704134947633077e-09,-1.235185868040181e-06,-5.878326320937302e-07,0.0014070152611392768,8.931037815075418e-06,0.0005860534240106734,0.0016329999816609153
657.1428571428571,4.8,0.0013830261315826156,9.648594489873977e-09,-2.3578407206564265e-05,-5.683472846741128e-07,0.0013741986916875465,0.00016754391579916695,0.0005568941788775695,0.0015927194545470107
657.1428571428571,4.9,0.001407297131268404,9.762728301000193e-09,-1.241997702185974e-05,-5.062439926940921e-07,0.0013665705326397757,8.676537551552543e-05,0.0004877079842212632,0.0015332192950827505
657.1428571428571,5.0,0.0014314439311839738,nan,nan,nan,nan,nan,nan,nan
671.4285714285714,0.1,3.9186514594418096e-05,nan,nan,nan,nan,nan,nan,nan
671.4285714285714,0.2,7.520109269970997e-05,6.858166673529188e-10,-0.00013985350577396059,-9.496934227730833e-07,0.0017893545903801046,0.012735125973038063,0.011880923683266393,0.021158873281308332
671.4285714285714,0.30000000000000004,0.00010981713574726224,1.0320235492346836e-09,-9.614332625254995e-05,-9.085170469931044e-07,0.0018444137164644134,0.006701202797516146,0.008701583688013848,0.014133049856628175
671.4285714285714,0.4,0.000143471745532289,1.3583188745949586e-09,-7.675275411719752e-05,-8.772917470471154e-07,0.0018585271776392703,0.004352078945241206,0.006837266800990766,0.010765275148898731
671.4285714285714,0.5,0.0001763588277761438,1.6231341725979389e-09,-5.955517779068026e-05,-8.531041104883935e-07,0.0018071527563927263,0.0028543050820732303,0.005620713883627933,0.008636996451875068
671.4285714285714,0.6,0.00020865035824209178,1.9060902169845223e-09,-5.489338061428528e-05,-8.362841471951156e-07,0.0017940512961238952,0.0022834854139834083,0.004782979454067231,0.007361162313456845
671.4285714285714,0.7000000000000001,0.00024039295490189692,2.170561507776008e-09,-4.3591247823949774e-05,-8.201143291643682e-07,0.0017734490176919727,0.001604391083146015,0.004150644348919155,0.006338366444791599
671.4285714285714,0.8,0.00027169963908346256,2.380723618975158e-09,-4.319652515180746e-05,-8.022643662271149e-07,0.0017212821404523123,0.0014276333736740084,0.0036464947444092466,0.005620924932666904
671.4285714285714,0.9,0.0003025743580135101,2.6237760508755585e-09,-3.5797100568941144e-05,-7.891778872223308e-07,0.00170367524414836,0.001074693978037901,0.0032586554777898676,0.005029428151372154
671.4285714285714,1.0,0.00033309110593786827,2.931953292373722e-09,-3.568646305233415e-05,-7.757700671005269e-07,0.0017295078861742827,0.0009824188814409865,0.002937651218416461,0.004606075742872476
671.4285714285714,1.1,0.0003632509892317031,3.2316536450722485e-09,-3.269457307931945e-05,-7.634849548759431e-07,0.0017482115367045597,0.0008317453564157425,0.002671972323295807,0.004245811595902914
671.4285714285714,1.2000000000000002,0.0003930839267947447,3.4557502056313015e-09,-3.0473881145078164e-05,-7.556166250139547e-07,0.0017277296029589522,0.0007210839278613408,0.0024596268861097853,0.003950258276329394
671.4285714285714,1.3000000000000003,0.00042261212554633553,4.147989782111587e-09,-2.4285076591834192e-05,-7.521438807453387e-07,0.0019288895705736454,0.0005374023537246901,0.002289879777191162,0.0038074289295054096
671.4285714285714,1.4000000000000001,0.000451897473532008,4.1870554250686035e-09,-2.608468216467956e-05,-7.397997194008168e-07,0.001821052325851353,0.0005423890680222371,0.002116617361233933,0.003545497931511517
671.4285714285714,1.5000000000000002,0.0004809219746960337,4.365013487281523e-09,-2.4696889650986823e-05,-7.26366616590196e-07,0.0017840858211662432,0.0004845382291639727,0.0019611181001847767,0.003333122847803915
671.4285714285714,1.6,0.0005096995069635496,4.2628430962315755e-09,-2.6927306003081098e-05,-7.122290242745074e-07,0.0016441793133358464,0.0005003143338984076,0.001821397403865146,0.003096549216905672
671.4285714285714,1.7000000000000002,0.0005382077661710346,4.225833991259453e-09,-2.2258776499804817e-05,-7.009940755734913e-07,0.0015438298634117243,0.0003929220538471694,0.00170327575341905,0.002887922258637134
671.4285714285714,1.8000000000000003,0.0005664934376135215,4.469472920112983e-09,-2.201731591579053e-05,-7.043115743746818e-07,0.0015514182176959409,0.00037031343045208716,0.0016305572759257177,0.0028038303413581637
671.4285714285714,1.9000000000000001,0.0005945589358968506,5.016569556132671e-09,-2.1533724582048667e-05,-6.91850515230732e-07,0.0016591285301135474,0.00034597380867522364,0.0015302079436004176,0.00274872298659607
671.4285714285714,2.0,0.0006224090969343592,5.132303505991264e-09,-2.0839383857950124e-05,-6.731588453640745e-07,0.001621632629953093,0.0003205808192522787,0.0014257106119757454,0.002607252566668898
671.4285714285714,2.1,0.0006500508641332883,5.30690222722156e-09,-2.1690703811620516e-05,-6.696649664958217e-07,0.0016056721390445582,0.00032016946192752876,0.0013609779930523135,0.002526898038623699
671.4285714285714,2.2,0.0006774757242941011,5.586945400263347e-09,-2.1860316888817115e-05,-6.642404170178998e-07,0.001622071188806854,0.00031021535202195214,0.0012978669023640834,0.002469061663606575
671.4285714285714,2.3000000000000003,0.0007046819812860258,6.244326619377448e-09,-9.260813313210698e-06,-6.645069269445219e-07,0.0017429801102148224,0.0001265491748205443,0.0012504814505865352,0.00248624256153221
671.4285714285714,2.4000000000000004,0.0007317956301448184,5.60158123235263e-09,-3.069001051636283e-05,-6.773797513395696e-07,0.0015058799112080859,0.0004045599034493833,0.0012294763040607744,0.0023355014422930527
671.4285714285714,2.5000000000000004,0.0007586023788984474,7.040134500547674e-09,-4.400872294244104e-06,-6.510545358626822e-07,0.001825453896578657,5.603600399575691e-05,0.0011416325099540665,0.0024376364654816883
671.4285714285714,2.6,0.0007853651189291339,6.752248055899392e-09,-1.8118367142217793e-05,-6.32623552003709e-07,0.0016914505558222866,0.00022314725453838785,0.0010731064983158921,0.0022833998321483543
671.4285714285714,2.7,0.0008119466752883982,6.610844240315558e-09,-3.659970108698057e-05,-6.3124304293802e-07,0.001601977283142678,0.0004366660722054675,0.0010371991768134581,0.00221552990029148
671.4285714285714,2.8000000000000003,0.0008381622346367928,8.141303125947993e-09,-3.0381627689991456e-07,-6.140914977198739e-07,0.001911003330173096,3.514867536949821e-06,0.0009785917262246562,0.002359497746448843
671.4285714285714,2.9000000000000004,0.0008643747558224183,7.625674021603865e-09,-1.549019111050844e-05,-6.324899383846713e-07,0.0017359957251916881,0.00017396257754916054,0.0009783915232323896,0.0022267564037714935
671.4285714285714,3.0000000000000004,0.0008904323750969388,8.160329467536133e-09,-2.2424013332040384e-05,-5.906959035286728e-07,0.001803303034852858,0.00024473263601001457,0.0008882020308841042,0.002211244354197707
671.4285714285714,3.1,0.0009162657542381388,7.849001902385449e-09,-1.5503504460399276e-05,-6.015472444505154e-07,0.0016860257267175198,0.0001645904941472425,0.0008796729830840884,0.0021017663752789205
671.4285714285714,3.2,0.0009419440983347349,9.704537404351615e-09,-6.421401345043948e-06,-6.316956250182256e-07,0.0020273480349910175,6.636707907020763e-05,0.0008994218400695116,0.002394256447616734
671.4285714285714,3.3000000000000003,0.0009675582284178805,9.533222072773444e-09,-1.3549765387900044e-05,-5.838470024850459e-07,0.001939086709959129,0.00013644775860929186,0.0008100824913147564,0.002256356032420208
671.4285714285714,3.4000000000000004,0.0009930368608471471,9.175459880729389e-09,-1.4007844414151788e-05,-5.961877155764061e-07,0.0018186954966682965,0.00013755088948665264,0.0008066690047990173,0.0021512794619497917
671.4285714285714,3.5000000000000004,0.0010183754148322722,9.168164388919481e-09,-9.54525536187977e-06,-5.956525570390103e-07,0.0017721345739698728,9.146307020358742e-05,0.0007865955600816916,0.0020943475336607604
671.4285714285714,3.6,0.0010436185162637785,8.196424705992938e-09,-2.1646749567144626e-05,-6.161339467314908e-07,0.0015462684474815602,0.00020256255842363772,0.000794632479517504,0.0019222016691181072
671.4285714285714,3.7,0.0010686451501996134,7.419262527447014e-09,-1.3013820848468275e-05,-6.172018725517811e-07,0.0013669539158888213,0.00011900617499973528,0.0007779436810904758,0.0017587263060945698
671.4285714285714,3.8000000000000003,0.0010935416459269636,7.377954977214928e-09,-1.4948306416729531e-05,-5.306060836679887e-07,0.0013284918156203976,0.00013367126905834158,0.0006541191676420221,0.0016243467250853284
671.4285714285714,3.9000000000000004,0.0011182886585901464,7.350834013500761e-09,-1.4800101380812305e-05,-5.303148487549963e-07,0.0012945631082173265,0.00012949742801679338,0.0006396890500021462,0.001584634780132497
671.4285714285714,4.0,0.0011428876702395212,7.949956480866675e-09,-2.8817038427372814e-05,-5.748847648188486e-07,0.0013699409270719288,0.00024689063722524034,0.0006789280003983034,0.0016910291510987792
671.4285714285714,4.1,0.0011671985115046222,1.0017936555851234e-08,4.109563515202786e-06,-5.636698941877683e-07,0.0016901418585351104,3.4489211268429686e-05,0.0006521083568610212,0.0019256841968096424
671.4285714285714,4.2,0.0011915504484048753,1.0325786755552802e-08,-1.2685493831375223e-05,-5.719889470722452e-07,0.0017065540117142623,0.00010434075628704135,0.0006485844732751455,0.0019402415381255473
671.4285714285714,4.3,0.0012157755303668146,1.0045960354919752e-08,-1.2494394890862242e-05,-5.339929683721649e-07,0.001627317635291812,0.00010077135320502549,0.0005938472139085812,0.001834019241636378
671.4285714285714,4.3999999999999995,0.0012398756683798453,9.38760711981251e-09,-1.2313489453443826e-05,-5.11657564442465e-07,0.001491406565671605,9.742820291581736e-05,0.0005582433067522166,0.001690283105849158
671.4285714285714,4.5,0.0012638526714983415,9.605431269960216e-09,-1.0738506754453222e-05,-5.383336301389272e-07,0.00149714186305352,8.33914799922562e-05,0.0005764976916926963,0.0017067768085185237
671.4285714285714,4.6,0.0012877222895492932,9.688530447514997e-09,-1.1664467325736038e-05,-5.340289999674613e-07,0.0014821969994028147,8.894157332180976e-05,0.0005615662173701299,0.0016839037328441487
671.4285714285714,4.7,0.0013114752629269876,9.749317603867067e-09,-1.153214974755276e-05,-5.493332066849034e-07,0.0014645773407910784,8.637583847519018e-05,0.0005674236414734712,0.001672240039718278
671.4285714285714,4.8,0.0013351129148072064,1.033308300179627e-08,-1.1539078796944309e-05,-5.425332289812513e-07,0.0015247668870385371,8.493140028783008e-05,0.0005507347757290329,0.0017142768122326857
671.4285714285714,4.9,0.0013586351758994558,1.0413517809900073e-08,2.0443815905999206e-06,-5.140620261436882e-07,0.0015101343341691277,1.4791016547055304e-05,0.0005130304492296787,0.0016754476909413023
671.4285714285714,5.0,0.0013821778808076112,nan,nan,nan,nan,nan,nan,nan
685.7142857142858,0.1,3.766911889829604e-05,nan,nan,nan,nan,nan,nan,nan
685.7142857142858,0.2,7.232255644777442e-05,6.679652918543684e-10,-0.00013229751956849857,-9.070820546727202e-07,0.0018127322678882245,0.012521887312749024,0.011799902609530765,0.020941801816869773
685.7142857142858,0.30000000000000004,0.0001056530188015678,9.342098123077227e-10,-9.174121922082404e-05,-8.642132578763943e-07,0.001736113972003889,0.006644733199821017,0.00860511150689944,0.013973634427482961
685.7142857142858,0.4,0.00013806606896315295,1.2359691798802132e-09,-7.306387324475091e-05,-8.3527714783925e-07,0.0017581064982725202,0.004304243141140323,0.006766052390960593,0.010638438672651579
685.7142857142858,0.5,0.0001697484803922906,1.519507966764703e-09,-5.677554292159093e-05,-8.138365253486886e-07,0.00175836770178749,0.002826578532097052,0.005572114121615934,0.008554432461678845
685.7142857142858,0.6,0.00020086313639221232,1.7876902214023892e-09,-5.28708219629635e-05,-7.965482378832252e-07,0.0017485459509175778,0.002284339216635554,0.004733608164945075,0.00728626866905131
685.7142857142858,0.7000000000000001,0.00023144908417250442,2.084686092319567e-09,-4.173665370309307e-05,-7.802739162263278e-07,0.001769794549359108,0.0015953301026811297,0.004102607669780723,0.006272163125090819
685.7142857142858,0.8,0.0002616176654157656,2.4285883816768854e-09,-4.016968964662328e-05,-7.67557892476897e-07,0.0018241845430741366,0.001378579944590618,0.003623939854539939,0.005611952605774925
685.7142857142858,0.9,0.0002913845497625605,2.6032528142261183e-09,-3.408478768195219e-05,-7.545152634109751e-07,0.001755852967924731,0.001062458321037019,0.0032359883782997843,0.005015483914628122
685.7142857142858,1.0,0.0003208105862325359,2.847912174996283e-09,-3.298993018209213e-05,-7.394937529022549e-07,0.00174488767777001,0.0009428206997987352,0.002908236118606613,0.004566094449651552
685.7142857142858,1.1,0.0003499067234006904,3.011112017581046e-09,-3.273904001742638e-05,-7.268269440793694e-07,0.001691702637751716,0.0008645672243529182,0.002641482225677084,0.00419096540156768
685.7142857142858,1.2000000000000002,0.00037867547016867063,3.350539564042766e-09,-2.417581767720153e-05,-7.170697190482176e-07,0.0017395358545290297,0.0005937051006722346,0.0024239373434960998,0.003889654898078508
685.7142857142858,1.3000000000000003,0.00040720245875987884,3.174089247582347e-09,-3.147899799931072e-05,-7.10049106579328e-07,0.0015327845006711926,0.000722965969711991,0.0022446592998490167,0.0035984856347714925
685.7142857142858,1.4000000000000001,0.00043541465737109394,3.797888021253765e-09,-2.061162806965967e-05,-7.055379755470135e-07,0.001715166013106892,0.00044477137736500735,0.0020957898508913836,0.0034531559809598544
685.7142857142858,1.5000000000000002,0.00046342073970161244,3.9163943703189035e-09,-2.7773098392022855e-05,-7.077984846780547e-07,0.0016619414359535405,0.0005654718475147638,0.001983797666238533,0.0033094884964323377
685.7142857142858,1.6,0.0004911490910482107,4.242008043631016e-09,-2.2005327694144674e-05,-6.908708253572217e-07,0.0016984829599482924,0.0004242748325936576,0.001833786845850245,0.003128961791207088
685.7142857142858,1.7000000000000002,0.0005186573891178675,4.653603436024975e-09,-2.044210293596646e-05,-6.738771547080381e-07,0.0017645880394859736,0.0003744240517246584,0.0016993694642579086,0.003004942174437186
685.7142857142858,1.8000000000000003,0.0005459612661581647,4.794652003981768e-09,-1.88215836167873e-05,-6.755340359113535e-07,0.0017272934583285175,0.00032843031568933627,0.0016231336617198364,0.0028914589623690624
685.7142857142858,1.9000000000000001,0.000573076927362294,4.66863894812495e-09,-2.2474307115381925e-05,-6.602052954166909e-07,0.0016025046488684956,0.00037459185994925343,0.001515322360597359,0.0027019888830707808
685.7142857142858,2.0,0.0005999678454952695,5.017887572896641e-09,-1.8359323350361584e-05,-6.466622317325687e-07,0.0016453144618068648,0.0002929639503476273,0.0014211244675769931,0.0026138242211606513
685.7142857142858,2.1,0.0006266751703947413,5.120211458718222e-09,-2.149588848763487e-05,-6.435543705369685e-07,0.0016074759248529639,0.00032910221787513195,0.0013570425529849325,0.0025249586333276727
685.7142857142858,2.2,0.0006531675364093368,5.29434236547245e-09,-1.557890891417399e-05,-6.319577673493073e-07,0.0015948586717194854,0.0002292687948232962,0.0012811407620376926,0.002424619901623264
685.7142857142858,2.3000000000000003,0.0006795041133347906,5.086701257282924e-09,-2.503457677777241e-05,-6.33904217759075e-07,0.0014731500520421541,0.0003548032788881183,0.0012374731641432819,0.0023148944050412176
685.7142857142858,2.4000000000000004,0.0007055903444924666,6.136582390575681e-09,-1.0623053520988824e-05,-6.208708891061447e-07,0.0017113572445504666,0.00014520891383753258,0.001169200674399036,0.0023840909548848094
685.7142857142858,2.5000000000000004,0.0007315703451149328,5.873141518648598e-09,-1.3325329537277466e-05,-6.180970728481052e-07,0.0015800112723990522,0.00017593119656587905,0.0011243124975532702,0.0022484538223281614
685.7142857142858,2.6,0.0007574170924420262,5.908724531437076e-09,-2.0049925569874495e-05,-6.343759444622226e-07,0.0015354159743140824,0.00025604474801142686,0.0011161463884433686,0.00221689572331074
685.7142857142858,2.7,0.0007830633405134208,6.253364790042331e-09,-1.571916731116056e-05,-5.858786488925472e-07,0.0015717742738138656,0.00019441123879170366,0.0009985769625860256,0.0021219288390534434
685.7142857142858,2.8000000000000003,0.0008085523969117038,5.789872494661715e-09,-2.0102533957334214e-05,-5.726694039272053e-07,0.0014097588542338088,0.00024108370478347085,0.0009464634904672184,0.0019588587640198885
685.7142857142858,2.9000000000000004,0.0008338404279704135,6.3983536349487455e-09,-1.1109430351650613e-05,-6.02321803995436e-07,0.00151067167026365,0.00012932719183388414,0.0009663392123403014,0.0020411950824205296
685.7142857142858,3.0000000000000004,0.0008590173647256067,6.615553915972165e-09,-1.2778911691292085e-05,-6.070365907014219e-07,0.001516244334589662,0.00014454694881636023,0.0009464449866889537,0.002027660456842978
685.7142857142858,3.1,0.000884066512363887,5.717486513330188e-09,-1.4770621302960786e-05,-5.73588426624523e-07,0.0012734667610517505,0.00016249881243214078,0.0008699157832016494,0.00177809740882556
685.7142857142858,3.2,0.0009089679537891376,5.854192878284471e-09,-1.4339411260884217e-05,-5.528934653094402e-07,0.0012683695800827126,0.00015357193913379278,0.000816331032475893,0.00172195773506054
685.7142857142858,3.3000000000000003,0.0009337260011017794,6.239726814788186e-09,-1.4545390809622864e-05,-5.778076152036405e-07,0.0013161105949698769,0.00015177715781253417,0.0008312274023612202,0.0017711751445574145
685.7142857142858,3.4000000000000004,0.000958338594506325,6.5523732457865765e-09,-1.486446518416187e-05,-6.030578012972877e-07,0.0013465955620334136,0.00015124569310606852,0.0008459661654855471,0.0018076261708837534
685.7142857142858,3.5000000000000004,0.000982802543259029,6.4124220984579926e-09,-1.480080859019017e-05,-6.101542083790295e-07,0.0012850443481389542,0.0001469619396964635,0.0008352179034092438,0.0017516034599057752
685.7142857142858,3.6,0.001007118483925831,7.125362183002491e-09,-3.0098804482971656e-05,-5.816990643734161e-07,0.0013933784470953022,0.0002919001888227129,0.000777618897381765,0.0017989139824335447
685.7142857142858,3.7,0.0010311334365478034,9.125500665956553e-09,4.627317840076409e-06,-5.65132009807632e-07,0.0017427179399421208,4.385274115942752e-05,0.0007382722419300087,0.0020320139486509504
685.7142857142858,3.8000000000000003,0.0010551946623481765,9.401788068616674e-09,-1.9430935447890122e-07,-5.541859710641133e-07,0.0017546037373591804,1.8004043938796828e-06,0.0007079515993441375,0.002020155551099625
685.7142857142858,3.9000000000000004,0.0010792539450550048,8.533692332811317e-09,-2.2935888288350827e-05,-5.380254819522343e-07,0.0015573527017922915,0.00020792515361193965,0.0006725138886127393,0.0018366083327803874
685.7142857142858,4.0,0.0011030838688789496,8.61388883544226e-09,-1.2036931224825539e-05,-5.031790367189734e-07,0.0015381533485794019,0.00010682464926539136,0.0006158568471666289,0.0017708434549221852
685.7142857142858,4.1,0.0011267934233906462,7.87435017725735e-09,-1.243846093218221e-05,-5.007377856485646e-07,0.0013768097066753637,0.00010812493386700152,0.0006003436067195362,0.0016211480074247652
685.7142857142858,4.2,0.001150378593293021,8.000157599853837e-09,-2.247155057157144e-05,-5.253346201303018e-07,0.001370219134779929,0.00019145269654105096,0.0006172833800423218,0.0016359193607518813
685.7142857142858,4.3,0.00117373904768968,9.152647532563246e-09,-1.7115629588962396e-06,-5.205264112652257e-07,0.0015363750995876291,1.4297787506190811e-05,0.0005997449404923009,0.0017550045186986547
685.7142857142858,4.3999999999999995,0.00119708238645675,9.315400834588423e-09,-1.1636710560793994e-05,-4.904967877873138e-07,0.0015333006845958002,9.535869313285018e-05,0.0005544235595184553,0.0017247826635365348
685.7142857142858,4.5,0.001220309358118212,1.0185678363867013e-08,-1.1471177757704265e-05,-4.875625678277091e-07,0.001644740654551575,9.225493261196396e-05,0.0005408914326421791,0.001816262612382196
685.7142857142858,4.6,0.0012434216180020972,1.0436067251600044e-08,-1.1304320291817547e-05,-5.10184488571096e-07,0.001653935526680306,8.926195765443626e-05,0.0005557367373032713,0.0018333458664083365
685.7142857142858,4.7,0.001266420834683064,1.0709438349058389e-08,-1.1156088288756525e-05,-5.069282326204696e-07,0.0016665199297737838,8.65276880678363e-05,0.0005424134404110586,0.0018366274521014608
685.7142857142858,4.8,0.0012893084904811434,1.0978853971122916e-08,-9.771803240903909e-06,-5.033631616169841e-07,0.0016781969661418881,7.447462042890105e-05,0.0005292739681977886,0.0018390631835474098
685.7142857142858,4.9,0.0013120984282468137,1.1142000029224867e-08,-9.957322223198317e-06,-5.22403211791219e-07,0.0016736483769303934,7.45984853707339e-05,0.0005399379580020656,0.0018411218918377534
685.7142857142858,5.0,0.001334788792790252,nan,nan,nan,nan,nan,nan,nan
700.0,0.1,3.623226179346676e-05,nan,nan,nan,nan,nan,nan,nan
700.0,0.2,6.958033964315608e-05,6.775478953888455e-10,-0.00012488605732357587,-8.653061491371593e-07,0.0019119219159717093,0.012282317223541197,0.011700107158757012,0.0206953080877107
700.0,0.30000000000000004,0.00010167955691960964,9.590772603260617e-10,-8.661431939074842e-05,-8.260038432727503e-07,0.0018525741653949122,0.0065166356829806215,0.008546672612983298,0.01385603829274524
700.0,0.4,0.00013291263100215572,1.179407616265034e-09,-6.97468409577737e-05,-7.961653666918463e-07,0.0017433351561205073,0.004267212811625811,0.006700378658150989,0.01053747934619469
700.0,0.5,0.00016344823667512406,1.4689089779963858e-09,-5.43093066697833e-05,-7.799274696202682e-07,0.0017660089902157175,0.00280754219943496,0.0055469715323071276,0.00851697524450918
700.0,0.6,0.00019344074928139457,1.577140135138629e-09,-5.0260230326345985e-05,-7.588178140494847e-07,0.0016024111715216634,0.00225452301715895,0.004683645444171086,0.0071779986689136455
700.0,0.7000000000000001,0.00022293065958440162,1.9601827197862535e-09,-3.892478573651921e-05,-7.431910078929224e-07,0.0017284029927469447,0.0015444423900565494,0.004058217697798672,0.00618958326278861
700.0,0.8,0.0002520313220300435,1.9745634081994883e-09,-4.0596687953848994e-05,-7.306251901701555e-07,0.001540309303968203,0.0014461320080510493,0.0035820371139175613,0.00548870023845049
700.0,0.9,0.00028072601759614684,2.475731662468465e-09,-3.0944006872087074e-05,-7.184869092354812e-07,0.001733967570000378,0.0010010636804800128,0.0031994264353621413,0.004947871366231887
700.0,1.0,0.00030911127309352933,2.5640335317939195e-09,-3.195583645849097e-05,-7.13198702566232e-07,0.0016310937724679988,0.0009477467110829341,0.0029117911181535203,0.004529431062999841
700.0,1.1,0.0003371769702263269,2.8041338685221798e-09,-2.9187023202942345e-05,-6.946529373697954e-07,0.0016354993482375056,0.0007997522798334345,0.0026206116246655403,0.004129124895404401
700.0,1.2000000000000002,0.0003649507971270951,2.9622783306155093e-09,-2.8405873860797095e-05,-6.903997556587153e-07,0.0015964767874072179,0.0007238261375925816,0.002422100711843524,0.0038478313537391525
700.0,1.3000000000000003,0.00039244056528925527,3.3879156134269403e-09,-2.234130532246408e-05,-6.802732335514221e-07,0.0016979547515126412,0.0005323072896026612,0.002231938885431688,0.003623465711905189
700.0,1.4000000000000001,0.0004197069203981908,3.348654318185874e-09,-2.5450664272727094e-05,-6.691938948628684e-07,0.0015695356802461768,0.0005697245346871157,0.002062901369047639,0.003361421189590428
700.0,1.5000000000000002,0.0004467187688643991,3.6632447498464473e-09,-2.6622627046391383e-05,-6.679144764482504e-07,0.001613222942585139,0.0005622941777475628,0.0019427166926988257,0.00323526804159921
700.0,1.6,0.00047346439106014346,4.02128652624341e-09,-1.5328620424343407e-05,-6.504554312682472e-07,0.0016709197565448715,0.0003065376305348716,0.0017915912588256865,0.0030504977674384753
700.0,1.7000000000000002,0.0005000567270516444,4.057666718631662e-09,-2.414679313615729e-05,-6.50416191081625e-07,0.001596613228838333,0.0004587090566394596,0.0017018899413832867,0.0029244566241111943
700.0,1.8000000000000003,0.0005264075951117837,4.125549547432223e-09,-2.1076088538470036e-05,-6.493241038573673e-07,0.0015421403301294873,0.0003814347331688019,0.0016186410905127183,0.0027863393930517228
700.0,1.9000000000000001,0.0005525477022865384,4.776509304043301e-09,-1.3715671676704785e-05,-6.310440835246089e-07,0.0017009894668738508,0.00023706950483316276,0.0015025664369531717,0.002732211359220572
700.0,2.0,0.000578550652744526,4.718827911495645e-09,-2.091854322950996e-05,-6.40884784736492e-07,0.0016051295275530866,0.0003461361206361557,0.0014609637268762374,0.002639143996967208
700.0,2.1,0.0006043444177702185,4.486705309340177e-09,-1.983562375686056e-05,-6.311738518977286e-07,0.0014611304037888272,0.0003148812461220607,0.0013804680744534013,0.002458746929882302
700.0,2.2,0.0006299398265583424,4.7890276408185546e-09,-1.708876655062783e-05,-6.110728140753594e-07,0.0014963275504041363,0.0002607521542955045,0.0012847032796911005,0.002368103219407112
700.0,2.3000000000000003,0.00065536434768096,5.1049942024460184e-09,-1.5144621028410039e-05,-5.990253236293633e-07,0.0015332292050545448,0.00022250644066421722,0.0012128148705651657,0.0023113071478921294
700.0,2.4000000000000004,0.0006806374225932936,4.9233966513472484e-09,-1.7358586428060492e-05,-5.90212862895963e-07,0.0014240200913297608,0.00024596398660358125,0.001152536100374673,0.0021783044848116308
700.0,2.5000000000000004,0.0007057369116413465,5.176978674965432e-09,-1.6147258520809567e-05,-6.045041547508127e-07,0.001444189567349181,0.00022099100297180357,0.0011401609133818583,0.002175880131496725
700.0,2.6,0.0007306749281041913,5.531856217210044e-09,-1.5674193266576594e-05,-6.035469484064494e-07,0.0014905265007557553,0.00020747984081563857,0.0011010730316268074,0.002165511666039178
700.0,2.7,0.0007554562026343704,5.659967293133351e-09,-1.133113463709298e-05,-5.944405442756461e-07,0.0014750982534672537,0.00014524783532643315,0.0010502730321253033,0.0020983704808895196
700.0,2.8000000000000003,0.0007801241658181785,5.410975183258637e-09,-1.8024242746592086e-05,-5.549209701102606e-07,0.0013657502641293993,0.00022401163899438289,0.0009507145689064454,0.0019295521193884375
700.0,2.9000000000000004,0.0008046118865745207,6.011934595101386e-09,-1.4713993251233827e-05,-5.541987965829666e-07,0.0014714151370161727,0.00017750104897345175,0.0009216490830776036,0.0019736877140273668
700.0,3.0000000000000004,0.0008289524673983506,5.932737969497331e-09,-2.589437502330694e-05,-5.78632799933519e-07,0.0014094742442192325,0.00030355615194701163,0.000935018207407308,0.0019563440594303973
700.0,3.1,0.0008530341044719474,7.488107858221228e-09,7.080093846238091e-06,-5.634090842506067e-07,0.0017285863176762812,8.071366241197415e-05,0.0008854768938803787,0.0021360393283246654
700.0,3.2,0.0008771865424840066,6.97912059365468e-09,-1.7179307471634067e-05,-5.581546254890499e-07,0.0015669532894952408,0.00019063396572163163,0.0008539590305483277,0.001987504961517528
700.0,3.3000000000000003,0.0009011671874213494,6.818555071734162e-09,-1.7028516343710068e-05,-5.522776205247586e-07,0.0014903107011396527,0.00018409653721157288,0.0008232664674509008,0.0019001191735790745
700.0,3.4000000000000004,0.0009249775471952551,6.9957800771617985e-09,-2.495777122614017e-05,-5.520544611195487e-07,0.0014897763984600893,0.00026311821521954207,0.0008024493175969792,0.0018911675566201814
700.0,3.5000000000000004,0.0009485383292568995,8.073953313041581e-09,-2.6504183108758297e-06,-5.466579897952635e-07,0.0016765784596223152,2.7265641387491106e-05,0.0007754201694100938,0.0020035497559895447
700.0,3.6,0.0009720726071354351,8.200685260289738e-09,-1.2281504329226653e-05,-5.05927388392549e-07,0.0016617798834055303,0.00012337218344024735,0.0007009310205370773,0.001938902181039675
700.0,3.7,0.0009954840699706784,7.482481673006238e-09,-1.2912177763091911e-05,-4.950887535767903e-07,0.0014809306167358747,0.00012674326149071817,0.0006702740955805453,0.0017628823194789944
700.0,3.8000000000000003,0.0010187664110282908,7.885470549140188e-09,-8.795070220095172e-06,-5.436597811586741e-07,0.0015251022027774,8.44088396455558e-05,0.0007196238047451328,0.0018354232268985018
700.0,3.9000000000000004,0.0010419608013837022,8.369023323503771e-09,-1.171877237065872e-05,-5.505981180690188e-07,0.001582541302163272,0.00011003149489949276,0.0007130634055033168,0.0018797507131155496
700.0,4.0,0.001065038004015407,8.321335971044637e-09,-1.1986113018520176e-05,-5.287590512039259e-07,0.0015395310173027242,0.0001101669512457827,0.0006703713897046656,0.0018113774070174001
700.0,4.1,0.0010879953455169267,8.31212507347907e-09,-1.1326361281987702e-05,-5.245964939810534e-07,0.0015054685451637991,0.00010196218322233463,0.0006514581957621537,0.0017679443964492866
700.0,4.2,0.0011108394234056265,8.267023373323379e-09,-1.1304903023748833e-05,-4.983980706064119e-07,0.0014666020708706856,9.97282789187868e-05,0.000606606080904354,0.0017020015389765562
700.0,4.3,0.0011335704522640888,7.788051104842092e-09,-1.1127437775588013e-05,-4.850481701892606e-07,0.0013541324946035739,9.624227666585108e-05,0.0005788456711523623,0.001585264019267069
700.0,4.3999999999999995,0.0011561902067447952,7.945170888715818e-09,3.47933827580301e-06,-4.72814822615554e-07,0.0013545128263695145,2.9514813228814214e-05,0.0005535069792755101,0.0015647095811085398
700.0,4.5,0.0011788447546082596,7.250115298347601e-09,-2.4854637363925892e-05,-4.693625283465636e-07,0.0012124920268507696,0.00020690632024789718,0.0005392522439133085,0.001447250187654605
700.0,4.6,0.0012012507560980848,7.3341055771762715e-09,-1.0475148569627326e-05,-4.862628332585896e-07,0.0012037399210132835,8.561261407267268e-05,0.0005485231854569576,0.0014345991381208613
700.0,4.7,0.0012235520061022137,7.3961616619064046e-09,-1.0860750817589212e-05,-4.820275117631421e-07,0.0011918792758219153,8.718280130531397e-05,0.0005340930709555999,0.0014137495767860666
700.0,4.8,0.0012457446485981667,7.488539041658566e-09,-1.017329429634471e-05,-4.799654672907189e-07,0.0011853433721184514,8.024143376432901e-05,0.0005225712785805407,0.0013991565601862784
700.0,4.9,0.0012678355581511563,7.618735422875354e-09,-1.0201431580991042e-05,-4.795075414094985e-07,0.0011850055837119222,7.909162796683023e-05,0.000513197876055124,0.0013918469165169916
700.0,5.0,0.001289824453388336,nan,nan,nan,nan,nan,nan,nan
714.2857142857143,0.1,3.486253175400553e-05,nan,nan,nan,nan,nan,nan,nan
714.2857142857143,0.2,6.697639791922935e-05,5.738681746491181e-10,-0.00011884389936739142,-8.239426575270946e-07,0.00168317594611718,0.01213908926183896,0.01157618084680516,0.020450097686034625
714.2857142857143,0.30000000000000004,9.790182509077925e-05,8.637727439221966e-10,-8.27363789279839e-05,-7.893620339965438e-07,0.0017336833200426677,0.006463785235672628,0.008484220348841045,0.013738637752065179
714.2857142857143,0.4,0.00012799988847304932,1.0979791135067103e-09,-6.501815549136019e-05,-7.640339570613352e-07,0.0016858997404074836,0.004129506271654876,0.006677814968941232,0.010444209185054374
714.2857142857143,0.5,0.00015744777030040578,1.2536204959061812e-09,-5.554246234836564e-05,-7.418817269606373e-07,0.0015652718116524718,0.0029807016494648388,0.005478840639587679,0.008448079525872804
714.2857142857143,0.6,0.00018634022750427858,1.765527389102782e-09,-4.204124221002681e-05,-7.226828216796094e-07,0.00186264638345488,0.0019571154740192546,0.004631054485262498,0.007084707744105113
714.2857142857143,0.7000000000000001,0.00021481227228605112,1.7741265404728237e-09,-4.363662993799412e-05,-7.125501201897883e-07,0.0016241222341861962,0.001796870420356225,0.004038897764488678,0.006204184607433309
714.2857142857143,0.8,0.0002428479507684437,2.2260489717296764e-09,-3.108924614156978e-05,-7.010734127820314e-07,0.0018025367039978684,0.0011490162131806243,0.0035676545245346,0.005479570643789151
714.2857142857143,0.9,0.0002705727367894206,2.0860273646580884e-09,-3.622907065290608e-05,-6.888153672892956e-07,0.0015164959556788447,0.0012160049147955632,0.0031833907040093013,0.004903710909621705
714.2857142857143,1.0,0.00029793523210386845,2.467382022628445e-09,-2.7823814828710094e-05,-6.789290495810386e-07,0.0016290164590809476,0.0008560660436455803,0.0028765269514332207,0.004464902944038429
714.2857142857143,1.1,0.0003250194892700292,2.717175442189791e-09,-2.730757525855895e-05,-6.676028659866857e-07,0.0016446129166967582,0.0007761567576101465,0.002613279344746421,0.004118935399530598
714.2857142857143,1.2000000000000002,0.0003518306706836043,2.826539222533929e-09,-2.7176892886880378e-05,-6.561082715170539e-07,0.001580609615963519,0.0007182622013694266,0.002388380849588768,0.003797756378884397
714.2857142857143,1.3000000000000003,0.00037837008316831067,3.0935552532515547e-09,-2.269133872832146e-05,-6.483281539032513e-07,0.001608747572567306,0.0005607194310483384,0.0022067376828715183,0.003555538979480704
714.2857142857143,1.4000000000000001,0.0004046825822657338,3.3346254651123486e-09,-2.3068236661475356e-05,-6.463795030369092e-07,0.0016214548203326085,0.0005355186434907898,0.0020670707263992835,0.0033854776218105163
714.2857142857143,1.5000000000000002,0.00043076439899654217,3.4570290879589057e-09,-2.4585393563282583e-05,-6.28368378824415e-07,0.0015793295235686287,0.0005384444608586936,0.0018959590827861796,0.003158088958316998
714.2857142857143,1.6,0.0004566003617917177,3.769283990522205e-09,-1.5216435277168877e-05,-6.247804876209598e-07,0.0016247085213660787,0.0003155076722773181,0.001784884605006121,0.0030184182906020686
714.2857142857143,1.7000000000000002,0.0004822841602341216,3.781505541297738e-09,-2.720857238915812e-05,-6.231533124614067e-07,0.0015432965561823888,0.0005359226623395574,0.0016911211503568243,0.0028963354175063905
714.2857142857143,1.8000000000000003,0.0005076958729526339,4.428381570699506e-09,-1.1431064321162658e-05,-6.139870167520511e-07,0.0017168280802771628,0.00021446920358542143,0.0015874182555028172,0.00283430575843926
714.2857142857143,1.9000000000000001,0.0005329932750279345,4.052101394834954e-09,-1.9419100506573233e-05,-6.095975921799256e-07,0.0014966300011954824,0.00034795238798829146,0.0015052332911267615,0.002625343167324559
714.2857142857143,2.0,0.0005580964860981694,4.435604964287218e-09,-2.7037787794532014e-05,-6.01680608878049e-07,0.00156464347351706,0.00046382617754485894,0.0014222746197276094,0.0025901687416147305
714.2857142857143,2.1,0.000582929319290459,5.439622313574482e-09,-7.268319564171075e-06,-5.94390854751856e-07,0.0018369111555066756,0.00011960581730497473,0.0013479538151157176,0.0026500013434200553
714.2857142857143,2.2,0.0006076894692871069,5.395329155048741e-09,-1.832017051056969e-05,-5.852887520707223e-07,0.0017479250179795209,0.0002897539708139062,0.0012758197659533007,0.0025287608393194097
714.2857142857143,2.3000000000000003,0.0006322664175786491,5.543287156598482e-09,-1.5409034926521823e-05,-5.90943623942779e-07,0.0017261895572843792,0.00023464727536928997,0.0012403155469245435,0.002472155950461324
714.2857142857143,2.4000000000000004,0.0006566892755209261,5.487247735744408e-09,-1.5212903524582096e-05,-5.843694214632781e-07,0.0016452907811266224,0.00022340377446046557,0.0011828961266765992,0.002356984831074743
714.2857142857143,2.5000000000000004,0.0006809600044279572,5.634919044194247e-09,-1.6901932022169663e-05,-5.664786821993824e-07,0.0016294790019306885,0.0002397227318716057,0.0011075448590860027,0.0022728792391336337
714.2857142857143,2.6,0.0007050617140147667,5.943501401321659e-09,-1.592634803106044e-05,-5.65139743363973e-07,0.001660053497120291,0.0002184671762148955,0.0010686820595352273,0.002255586001270962
714.2857142857143,2.7,0.0007290041601212655,6.227332167215671e-09,-1.4639085346658441e-05,-5.715548311396475e-07,0.001682273719279247,0.00019446175821535576,0.0010466371090706202,0.0022491684503729925
714.2857142857143,2.8000000000000003,0.0007528002153742978,6.705182403081029e-09,1.399997886955377e-06,-5.684770215281634e-07,0.001754085608439262,1.802703286247527e-05,0.0010093189577548,0.0022615461110961307
714.2857142857143,2.9000000000000004,0.0007766102706061996,5.495795425546357e-09,-3.2199291608915076e-05,-5.562223318660331e-07,0.0013939526893489986,0.00040244167852870194,0.0009585632017370492,0.0019856359757541337
714.2857142857143,3.0000000000000004,0.0008000983329220123,6.126760628916472e-09,-5.651338062914647e-06,-5.21842454652961e-07,0.00150836068556258,6.862335159192946e-05,0.000873926630863464,0.0019512448934972915
714.2857142857143,3.1,0.0008235298818571958,5.609751830282137e-09,-1.3198928826816961e-05,-5.149315863789338e-07,0.0013420885592976015,0.00015586289493399583,0.0008386090259510762,0.0017977833962488203
714.2857142857143,3.2,0.0008468294415041112,6.437747945165967e-09,-1.2908555873281274e-05,-5.430576005108746e-07,0.0014977727628354644,0.00014837421983533372,0.0008608797379521773,0.0019358631161930698
714.2857142857143,3.3000000000000003,0.0008699999155922937,6.7020213161581126e-09,-1.2617957646202277e-05,-5.392095039854981e-07,0.0015177643742122348,0.00014129152289932707,0.00083277620493987,0.0019262929177825403
714.2857142857143,3.4000000000000004,0.0008930442101040142,6.786995724758144e-09,-1.6664378687462463e-05,-5.031068820438431e-07,0.0014974430163390803,0.0001819410519624687,0.0007577175271014616,0.001850326953628845
714.2857142857143,3.5000000000000004,0.0009159218608288601,6.817155288970449e-09,-9.917197187298084e-06,-4.954867703380904e-07,0.001466736913533554,0.00010564816874057959,0.0007281742517423993,0.0017952588088856103
714.2857142857143,3.6,0.000938700339581833,7.014884686430524e-09,-1.1707786512884023e-05,-5.134320773855921e-07,0.0014727388768812787,0.00012178336228737519,0.0007368017413746615,0.0018081882089519925
714.2857142857143,3.7,0.0009613617404696771,7.1984956372011164e-09,-7.570194520995376e-06,-5.087240711916981e-07,0.0014757451039163405,7.693698075495656e-05,0.000713361439152135,0.0017892769479538795
714.2857142857143,3.8000000000000003,0.0009839474394123112,6.948310504363182e-09,-1.575166989735161e-05,-5.092710077002623e-07,0.0013919015552147742,0.0001565187943586366,0.0006982316513579298,0.0017137511342995024
714.2857142857143,3.9000000000000004,0.0010063756216559718,7.27483964353912e-09,-1.1343291694246476e-05,-5.113112013756078e-07,0.0014248723654201546,0.00011026925121706379,0.000685838975360318,0.0017271857936390575
714.2857142857143,4.0,0.00102869037098269,7.61247874987318e-09,-1.1150061038876778e-05,-5.071097878164499e-07,0.0014586963901321748,0.00010610075872446734,0.000665850784204691,0.0017394732142917723
714.2857142857143,4.1,0.0010508936196990193,7.937917268412086e-09,-1.0946726990775263e-05,-5.029534922146005e-07,0.0014889614396583477,0.0001020210207416169,0.0006468126479299754,0.0017504706968432787
714.2857142857143,4.2,0.001072987401145441,8.27279539705512e-09,-8.992756870326161e-06,-4.99372652966034e-07,0.001519864667801981,8.212628940252097e-05,0.0006293296572897898,0.0017631916999954432
714.2857142857143,4.3,0.0010949912550231593,8.434702930979646e-09,-7.561842136055012e-06,-4.955551290919556e-07,0.0015185363571005083,6.77026607603432e-05,0.000612300549315287,0.0017493885341723597
714.2857142857143,4.3999999999999995,0.001116919490479517,8.300453032387218e-09,1.2040529441970785e-06,-5.091727622636335e-07,0.001465130907291574,1.0572442539910793e-05,0.0006170360071020012,0.0017053407929686817
714.2857142857143,4.5,0.0011388597664653169,7.954616427327911e-09,-2.2339201680415113e-05,-4.994102854395603e-07,0.001377103389799114,0.0001924836388191621,0.0005939170163197825,0.0016244810069550402
714.2857142857143,4.6,0.0011605766504343125,8.070181145322857e-09,-1.0093613461692982e-05,-4.725213469146299e-07,0.00137105074488624,8.538044880736841e-05,0.0005516974286550572,0.0015798133027863973
714.2857142857143,4.7,0.0011821925982686912,8.19333168139998e-09,-9.946611407196831e-06,-4.683943632817079e-07,0.0013666019082710502,8.263301799873227e-05,0.0005371364070808006,0.0015657139045742033
714.2857142857143,4.8,0.001203709079988998,8.297475838320723e-09,-9.802968995364576e-06,-4.6456260960315285e-07,0.0013593174314570449,8.001590641919995e-05,0.000523459739391946,0.001549892455066361
714.2857142857143,4.9,0.001225127532019351,8.40203793568288e-09,-9.664484536611727e-06,-4.611752904670374e-07,0.001352463739089011,7.753611986172646e-05,0.0005107841162366171,0.0015352429261302864
714.2857142857143,5.0,0.001246449339204338,nan,nan,nan,nan,nan,nan,nan
728.5714285714287,0.1,3.3561322044924514e-05,nan,nan,nan,nan,nan,nan,nan
728.5714285714287,0.2,6.448957214931264e-05,6.234069851035332e-10,-0.00011174488399310519,-7.877291245738117e-07,0.00189956341755913,0.011849887752065705,0.011494446807056694,0.020205761448517535
728.5714285714287,0.30000000000000004,9.430037341376972e-05,7.853046447674459e-10,-7.999513641804722e-05,-7.548185869844634e-07,0.0016370098707104378,0.0064872551149960924,0.008424321927028107,0.013663918914581552
728.5714285714287,0.4,0.00012331122331404632,1.0665125625841266e-09,-6.189283711035571e-05,-7.316457006454719e-07,0.0017004360520438762,0.004079865132283191,0.006638443604409375,0.010376639592977977
728.5714285714287,0.5,0.00015170314484321936,1.302328072427636e-09,-4.950489331680249e-05,-7.052665963258188e-07,0.0016880597214164604,0.0027563969103485565,0.005406903933364307,0.00830159562010271
728.5714285714287,0.6,0.00017960001743922438,1.4241879447629715e-09,-4.4093840661596575e-05,-6.89433829768296e-07,0.0015597845127958802,0.002129561614373956,0.0045849590464088225,0.007000832758341331
728.5714285714287,0.7000000000000001,0.00020705595162861344,1.7127938013777702e-09,-3.9301060264228004e-05,-6.786239901598575e-07,0.0016272336382985885,0.0016786796975714123,0.003992056922934039,0.006110555767893791
728.5714285714287,0.8,0.0002341188752153602,1.9135980029741398e-09,-3.366229490742199e-05,-6.691345334148346e-07,0.001608126415943988,0.0012905086244105297,0.0035329002014377452,0.0054050208830283475
728.5714285714287,0.9,0.00026084517585303277,2.2951815994740178e-09,-3.087380249409358e-05,-6.642823581869476e-07,0.001731158924634997,0.0010747583434937242,0.003185171457261845,0.004943950964923081
728.5714285714287,1.0,0.0002872627384657644,2.359189206941115e-09,-2.6376716431766166e-05,-6.480677566770467e-07,0.0016160129223057788,0.0008415866292168495,0.0028484786652225548,0.004421247248457383
728.5714285714287,1.1,0.00031341653391417834,2.528149723254086e-09,-2.8294038318608368e-05,-6.410442573671101e-07,0.0015874399540527955,0.000833925434237868,0.002602892774370961,0.004094569431251236
728.5714285714287,1.2000000000000002,0.0003392873889794062,2.7436730483837445e-09,-2.2730519048198618e-05,-6.293866407403237e-07,0.0015914851143944025,0.000622871799238789,0.002376307780354343,0.003770208413545742
728.5714285714287,1.3000000000000003,0.0003649309388541521,2.899975573940765e-09,-2.357087864146112e-05,-6.216149302868638e-07,0.0015641610584750272,0.0006038569533094893,0.0021943650848756237,0.003527282139034577
728.5714285714287,1.4000000000000001,0.0003903387799424834,2.9835570670641776e-09,-2.3107576172963145e-05,-6.192953543321601e-07,0.001504609350743467,0.0005561182111249013,0.0020538086506379193,0.003318038081451107
728.5714285714287,1.5000000000000002,0.000415515545269085,3.294857902966392e-09,-1.867364416758719e-05,-6.018181137907474e-07,0.0015609924630810071,0.0004239139130861137,0.0018829160782627419,0.003115629373186801
728.5714285714287,1.6,0.0004405055741540108,3.2923059625970133e-09,-2.1227379758316118e-05,-6.01873094684267e-07,0.0014715257197862202,0.000456224808073985,0.0017828051957468735,0.0029547111113370447
728.5714285714287,1.7000000000000002,0.0004652833292413534,3.61178845185496e-09,-1.7318219425297047e-05,-5.963283747406728e-07,0.0015283514260435419,0.0003535139232841129,0.001677968491740014,0.002844641751431904
728.5714285714287,1.8000000000000003,0.000489887902134443,3.384306638600262e-09,-2.2666778986841354e-05,-5.883291324263718e-07,0.00136041055482161,0.0004407599857473329,0.0015768870425925752,0.0026491756704489695
728.5714285714287,1.9000000000000001,0.0005142658072376643,4.059613359436766e-09,-9.616738615690361e-06,-5.909502596802681e-07,0.0015544145886092298,0.00017856805226915975,0.0015126679305728491,0.002650362201462188
728.5714285714287,2.0,0.0005385475449547286,3.899208555002963e-09,-2.0493485832309175e-05,-5.670433585943592e-07,0.0014258409930569126,0.0003642481153180293,0.0013896400713470558,0.0024551778515580413
728.5714285714287,2.1,0.0005626243478134698,3.641935448640554e-09,-1.609510736766536e-05,-5.533784799418545e-07,0.0012750295924046301,0.00027440757476950234,0.0013008958120643756,0.0022551407508826717
728.5714285714287,2.2,0.0005865401995985344,4.087830858921483e-09,-1.5628081407746596e-05,-5.585947644501835e-07,0.001372824835482073,0.0002560722150225083,0.0012621143531537553,0.0022662935134479733
728.5714285714287,2.3000000000000003,0.0006102997705695215,4.2857022589916415e-09,-1.9836661526752283e-05,-5.569650934492156e-07,0.0013833300168455145,0.00031294972101874333,0.0012116299882954464,0.0022243277457391856
728.5714285714287,2.4000000000000004,0.0006338609749252411,4.947311132045592e-09,-8.909858798574874e-06,-5.544703465290809e-07,0.0015374932570196267,0.00013554557134385977,0.0011632114806903388,0.0022557437830816192
728.5714285714287,2.5000000000000004,0.0006573330806929749,5.031244469553399e-09,-1.437270657092624e-05,-5.471124686992831e-07,0.0015078485945524734,0.00021115793134080646,0.0011085401823174392,0.0021853873175450528
728.5714285714287,2.6,0.0006806614593949995,5.033311444471121e-09,-1.6683637310511628e-05,-5.36421056423185e-07,0.001456902845269924,0.0002370430814231323,0.001051181648624326,0.002094927454547122
728.5714285714287,2.7,0.000703823001723919,5.242954580874039e-09,-1.398745503640051e-05,-5.285115735742635e-07,0.0014677429695499023,0.000192440773432031,0.0010029440989228718,0.0020501455087555873
728.5714285714287,2.8000000000000003,0.0007268446695024744,5.476841654542502e-09,-1.3609173997865088e-05,-5.497384724077392e-07,0.0014847535425924203,0.00018152094141598728,0.0010112416801482476,0.0020694594477185073
728.5714285714287,2.9000000000000004,0.0007497302455410512,6.49917069791523e-09,-1.2126382193029283e-05,-5.391600062076572e-07,0.001707885431242307,0.0001569769271673351,0.000962667397998102,0.002189742322797249
728.5714285714287,3.0000000000000004,0.0007724945577576978,6.533008547141589e-09,-8.836341959755996e-06,-5.15223313725307e-07,0.0016663789881524655,0.00011112512205767562,0.0008937542177121615,0.002094459579047761
728.5714285714287,3.1,0.0007951705065547467,6.5705502391537624e-09,-6.0288716321544095e-06,-5.235783550063566e-07,0.001628269537969217,7.372185881987122e-05,0.0008832582358638719,0.0020535303316944367
728.5714285714287,3.2,0.0008177861666354741,5.979911709324254e-09,-2.0142350068636305e-05,-5.183291034228316e-07,0.0014411286204131409,0.00023973268748205665,0.0008511151949282567,0.0018929124681550337
728.5714285714287,3.3000000000000003,0.0008402004032155152,6.1706786717429904e-09,-1.1866561446492728e-05,-5.129707059175519e-07,0.0014474968966512922,0.0001375839633078821,0.0008205812051371777,0.0018603450328429382
728.5714285714287,3.4000000000000004,0.0008624959741810913,6.365350275634574e-09,-9.489656442411823e-06,-5.004903123394045e-07,0.0014546324380836791,0.00010726452346823428,0.000780619167488632,0.0018292604454318213
728.5714285714287,3.5000000000000004,0.0008846966485822433,6.1288086506549335e-09,-1.3764183548459725e-05,-4.919648668541746e-07,0.0013655938668304917,0.00015179527535934313,0.0007487021395580863,0.0017346464199669586
728.5714285714287,3.6,0.0009067596811479107,6.236074611511835e-09,-1.142220026164372e-05,-4.913538700722649e-07,0.0013557769550084317,0.00012299015636866393,0.0007301456575131671,0.0017086494938009357
728.5714285714287,3.7,0.0009287084917109616,6.365658107197961e-09,-1.1081192577021193e-05,-4.947865096328632e-07,0.0013513268156411825,0.00011657707108004247,0.0007183695414932608,0.0016946338756389284
728.5714285714287,3.8000000000000003,0.0009505464903482424,6.692900517226555e-09,-1.0938590553916798e-05,-4.905900012786774e-07,0.0013881819394295396,0.00011250509777804049,0.0006964028578278907,0.0017057726620995283
728.5714285714287,3.9000000000000004,0.000972275103079984,6.8123822806648644e-09,-1.0741076994188243e-05,-4.791296731608283e-07,0.0013814743403732159,0.00010807039868949594,0.000665380935766379,0.0016749967592640897
728.5714285714287,4.0,0.0009938963050417837,6.9298150617314465e-09,-1.0563000646900392e-05,-4.751048065432383e-07,0.001374804325650409,0.00010402675885708998,0.0006458514348950131,0.0016538309019658818
728.5714285714287,4.1,0.0010154118769971144,7.045444131441821e-09,-1.0374447595397003e-05,-4.7118702837830455e-07,0.001368212456673188,0.00010005989977471849,0.0006273366542199315,0.001633744124884409
728.5714285714287,4.2,0.0010368237044764911,7.158959401965792e-09,-1.0210622854015838e-05,-4.7047286771908145e-07,0.0013616302682496486,9.649655332452406e-05,0.0006137985976219779,0.0016176668411952246
728.5714285714287,4.3,0.0010581334257273277,7.357852455788932e-09,-1.0040275731561936e-05,-4.7513192254288033e-07,0.0013713374742577102,9.302212652395018e-05,0.0006077070864396553,0.0016210599588369651
728.5714285714287,4.3999999999999995,0.0010793427442208486,7.703151550007803e-09,-5.389328437753297e-06,-5.190570050576484e-07,0.0014075067704518488,4.897171651402859e-05,0.0006510986067464995,0.0016826563313108798
728.5714285714287,4.5,0.001100498169429992,7.561180161208252e-09,-1.0407412465184873e-05,-5.086502125402687e-07,0.0013549499574233217,9.27949437347245e-05,0.0006261052731845731,0.001621269846423861
728.5714285714287,4.6,0.0011215495205144836,7.674705478252328e-09,-9.5572657398367e-06,-4.559462696121445e-07,0.0013495587935075173,8.36518285621135e-05,0.000550969287648673,0.0015605899132762019
728.5714285714287,4.7,0.0011425052989415768,7.786567071605775e-09,-9.420357285710132e-06,-4.523478823397638e-07,0.0013441932584107566,8.097494864172605e-05,0.0005368500339727295,0.0015459069752793986
728.5714285714287,4.8,0.001163366873795813,7.896712251628897e-09,-9.42411429762091e-06,-4.4880429039150434e-07,0.0013388400533778351,7.958653873754105e-05,0.0005233324445960213,0.0015318552153551204
728.5714285714287,4.9,0.0011841342075070728,8.019093755249033e-09,-9.015000644791748e-06,-4.4532934668322915e-07,0.0013358199070685312,7.482499510337317e-05,0.0005103976238473882,0.001520205602170614
728.5714285714287,5.0,0.0012048113912118848,nan,nan,nan,nan,nan,nan,nan
742.8571428571429,0.1,3.2321203937299554e-05,nan,nan,nan,nan,nan,nan,nan
742.8571428571429,0.2,6.212997229472318e-05,5.094079227811806e-10,-0.00010795526613524602,-7.534318014714303e-07,0.0016120559821188986,0.01188160146733689,0.011413858779079024,0.020107797551587446
742.8571428571429,0.30000000000000004,9.085918799079435e-05,7.713398135766266e-10,-7.481899068050169e-05,-7.21164436237316e-07,0.0016693071595201103,0.006295763723462364,0.00835475377846728,0.013491740015732454
742.8571428571429,0.4,0.0001188402137800605,1.0086185662206484e-09,-5.969389440227579e-05,-6.940443840694172e-07,0.001669276471244384,0.004082351165093955,0.006535737794141982,0.010241279802844266
742.8571428571429,0.5,0.0001462243006253039,1.3071532500459674e-09,-4.579294954050683e-05,-6.784427148975931e-07,0.0017584735614599848,0.002644691216876882,0.00539645759640923,0.008266204091278248
742.8571428571429,0.6,0.00017315045797514222,1.4020118640322604e-09,-4.274345984215689e-05,-6.665035546270077e-07,0.0015931227306672621,0.002140928386813601,0.004598505513568924,0.0070295177863834
742.8571428571429,0.7000000000000001,0.00019964918072655897,1.5387352250519034e-09,-3.6757361101042074e-05,-6.511935117611202e-07,0.0015166315890915527,0.0016280143235994171,0.00397352176118773,0.006043868991642698
742.8571428571429,0.8,0.0002257803298669653,1.6806552009857375e-09,-3.254596826708015e-05,-6.348159300526922e-07,0.0014650286399527537,0.00129363183035524,0.0034766979956962476,0.00529099708324874
742.8571428571429,0.9,0.00025158601932470084,1.9172683210955092e-09,-3.199967696860313e-05,-6.252361147265105e-07,0.0015000440315738174,0.001154923999138915,0.0031093293003462406,0.0047874668600869225
742.8571428571429,1.0,0.00027707171201275034,2.328358813911001e-09,-2.278772193592686e-05,-6.252214951068388e-07,0.0016541486399626883,0.0007537378874554606,0.002849797211665021,0.004421200834762394
742.8571428571429,1.1,0.0003023295274814406,2.323995521281527e-09,-2.8330239974235594e-05,-6.136557264518994e-07,0.0015132730693506015,0.0008655634047962253,0.0025838008315765535,0.004048610732665664
742.8571428571429,1.2000000000000002,0.00032730404055038845,2.7107538380942736e-09,-1.949273295589722e-05,-6.007741991366475e-07,0.0016305205762670101,0.000553639291929299,0.002351811711564699,0.003745283763415509
742.8571428571429,1.3000000000000003,0.00035208362628977736,2.7533180354977834e-09,-2.5934521257327472e-05,-6.00453132010523e-07,0.0015397478812342494,0.000688641927034638,0.002197553081230763,0.003536033134896926
742.8571428571429,1.4000000000000001,0.000376603866816593,3.0634001711513814e-09,-1.8499582158352934e-05,-5.892877338038651e-07,0.001601643855346275,0.0004614062740882268,0.0020260123340864115,0.0033147565136638617
742.8571428571429,1.5000000000000002,0.0004009391115218251,3.1986490812644162e-09,-1.9167053471312066e-05,-5.807108025847148e-07,0.0015710255229221717,0.00045090176844286546,0.0018832607565262363,0.0031248641174619627
742.8571428571429,1.6,0.00042508268569234407,3.345655989387459e-09,-2.0666193022579167e-05,-5.764271634636032e-07,0.001550007483834851,0.00046025147048658557,0.001769819214712126,0.0029797440698082784
742.8571428571429,1.7000000000000002,0.00044901959793263726,3.594204606554434e-09,-1.8590403247408304e-05,-5.700560606898975e-07,0.0015764827538325408,0.0003932224847727789,0.0016623513204497872,0.002857751847320654
742.8571428571429,1.8000000000000003,0.00047277060614045636,3.989280106805919e-09,-1.5478237854740434e-05,-5.609946546231568e-07,0.0016618879416293486,0.00031183062319692644,0.0015583788070233629,0.002777804687240544
742.8571428571429,1.9000000000000001,0.0004963668319697281,3.911745077462912e-09,-1.6869713975221908e-05,-5.639613534602294e-07,0.001552339880847396,0.00032454592146452494,0.0014959850507525409,0.0026440559194084246
742.8571428571429,2.0,0.0005197943606592475,4.2300675645642994e-09,-1.592608799107827e-05,-5.59268303640688e-07,0.0016029765670579907,0.000293264296900364,0.001420050025548448,0.002586237029449115
742.8571428571429,2.1,0.0005430626284688562,4.5471245269619174e-09,-1.0571517280479318e-05,-5.401016475623695e-07,0.0016493857774651905,0.0001867016450917365,0.0013154661568978059,0.002493237527206619
742.8571428571429,2.2,0.0005662251811056602,4.41319656727136e-09,-1.7997706799020848e-05,-5.379719480569407e-07,0.0015355339008035383,0.0003054560398288213,0.0012592686273663143,0.0023712196660206153
742.8571428571429,2.3000000000000003,0.0005892077566744739,4.480796575621627e-09,-1.4800258066089037e-05,-5.282688482788478e-07,0.0014983592077803972,0.00024181755654461548,0.0011905919643412403,0.002266842406807622
742.8571428571429,2.4000000000000004,0.0006120423296626267,4.357211158917553e-09,-1.439611071636648e-05,-5.250941664177618e-07,0.0014028735042899705,0.00022680579144602743,0.0011411787197186803,0.0021503657076762115
742.8571428571429,2.5000000000000004,0.0006347329415436158,4.5577874081768055e-09,-1.351422321335801e-05,-5.301061926240595e-07,0.0014150523119355106,0.00020560568212118826,0.0011125862210042397,0.0021261098138082007
742.8571428571429,2.6,0.0006572884111924714,4.747386576598286e-09,-1.3204678396387407e-05,-5.2024086275998e-07,0.0014234012959225906,0.00019426877295287794,0.001055949053517555,0.002072165150905682
742.8571428571429,2.7,0.000679711834057363,4.7991227194259064e-09,-1.2841050496233476e-05,-5.098559199860204e-07,0.00139156122701858,0.00018291916327836495,0.0010020925110155868,0.001994562826812673
742.8571428571429,2.8000000000000003,0.0007020068464172924,4.826214666997709e-09,-1.2527693439741415e-05,-5.037235265279184e-07,0.0013550925116493386,0.00017299224738615525,0.0009598186043271002,0.001925799973831309
742.8571428571429,2.9000000000000004,0.0007241765818428243,4.831325087019699e-09,-1.2226762453599984e-05,-4.998150686173022e-07,0.0013151192945739104,0.00016384841066749236,0.000924306222517243,0.0018614695932534146
742.8571428571429,3.0000000000000004,0.0007462240496438203,4.871706026928559e-09,-1.194575722831539e-05,-5.032830624236578e-07,0.0012870326525888463,0.0001555129231873396,0.0009041781574337946,0.0018209101018086798
742.8571428571429,3.1,0.0007681520598725331,5.094272582227344e-09,-1.1678818964873121e-05,-5.165047547326059e-07,0.0013074522472735883,0.00014784002285032877,0.0009022700131600473,0.0018328858132881072
742.8571428571429,3.2,0.0007899632819115971,5.622863672410912e-09,-1.1429093401782267e-05,-5.088217289076562e-07,0.0014032069081974462,0.00014081130525425806,0.000865136676169083,0.0018670137620827067
742.8571428571429,3.3000000000000003,0.0008116602130166434,5.760350636063029e-09,-1.1035478686112833e-05,-4.90646795715897e-07,0.0013991682912347988,0.0001324394984458606,0.0008126692933788526,0.0018155095397015312
742.8571428571429,3.4000000000000004,0.0008332467893348285,5.862494591746927e-09,-1.1115204174324924e-05,-4.903032745507781e-07,0.0013871687561665639,0.0001300446390338013,0.0007917213775826126,0.0017873987371789047
742.8571428571429,3.5000000000000004,0.0008547222136112703,6.087457715232627e-09,-1.0594688566018492e-05,-4.874254827277534e-07,0.0014042534367254996,0.00012093127551410232,0.0007679235553360699,0.001779315953290147
742.8571428571429,3.6,0.000876091691002052,6.118873011409458e-09,-1.068115411592945e-05,-4.776572475711406e-07,0.0013771560647517342,0.00011902938938641564,0.0007347488502803215,0.0017292884571975533
742.8571428571429,3.7,0.0008973543568516744,6.234113688721078e-09,-1.0558335238291907e-05,-4.7018251364621647e-07,0.0013699326657335626,0.00011495050345563663,0.0007066348800707266,0.0016995866657377933
742.8571428571429,3.8000000000000003,0.0009185114393489138,6.3509589933203175e-09,-1.0365524406234608e-05,-4.663454423758193e-07,0.0013635462267548915,0.00011032260543884774,0.0006852050131821521,0.0016764370581528628
742.8571428571429,3.9000000000000004,0.0009395648666020909,6.466237164534733e-09,-1.0180678260867432e-05,-4.6251052767924846e-07,0.0013572704201514334,0.0001059917075644877,0.0006647869822076577,0.0016544789811043274
742.8571428571429,4.0,0.0009605164870726593,6.579380522299662e-09,-1.0012750690775814e-05,-4.5873042812581663e-07,0.0013509766683157307,0.00010202850403174198,0.0006453826253981693,0.0016335804970371356
742.8571428571429,4.1,0.00098136798003632,6.69165790944452e-09,-9.845306958924936e-06,-4.5503631595249983e-07,0.0013449167793406532,9.824469064234182e-05,0.0006269647164947526,0.0016138843434552973
742.8571428571429,4.2,0.0010021210199303915,6.802456129987848e-09,-9.686085096906152e-06,-4.514631183929836e-07,0.0013389512094148116,9.4703764481918e-05,0.0006095141655190221,0.0015952348354198928
742.8571428571429,4.3,0.0010227771989734938,6.91152256622815e-09,-9.530830951645813e-06,-4.4796145083060545e-07,0.001333021691914487,9.13494027331105e-05,0.0005929024243545253,0.001577453046561198
742.8571428571429,4.3999999999999995,0.0010433380697070797,7.019037189888474e-09,-2.1927005391508127e-05,-4.898921689794292e-07,0.001327156343093823,0.00020614293947665221,0.0006359355927392291,0.0016163746554358719
742.8571428571429,4.5,0.0010636796703867506,7.524810270998967e-09,6.738595236649955e-06,-4.975180943701538e-07,0.0013954367287184145,6.215907890025246e-05,0.0006337126643221874,0.001659605644962299
742.8571428571429,4.6,0.0010840886570187879,7.359182570407163e-09,-9.05487156268713e-06,-4.500220825850718e-07,0.001339106269040796,8.198853126000998e-05,0.0005627008382392806,0.0015598692848289924
742.8571428571429,4.7,0.0011044070949351983,7.46530059735948e-09,-8.929132007699443e-06,-4.3684875547784896e-07,0.0013334999282422597,7.939573417569876e-05,0.0005364340903454106,0.0015362450350763794
742.8571428571429,4.8,0.0011246362415315318,7.57115134916421e-09,-8.795538710142275e-06,-4.332506108657493e-07,0.0013281562018002326,7.68318666894444e-05,0.0005226852160592028,0.0015219401112701893
742.8571428571429,4.9,0.0011447774327407638,7.668276940437365e-09,-8.686232702819622e-06,-4.2999371218720547e-07,0.0013216022877465341,7.457070616547268e-05,0.0005098530244456972,0.0015073465461756762
742.8571428571429,5.0,0.0011648317616229677,nan,nan,nan,nan,nan,nan,nan
757.1428571428571,0.1,3.114169206729555e-05,nan,nan,nan,nan,nan,nan,nan
757.1428571428571,0.2,5.987433324070131e-05,4.986643814417267e-10,-0.000103155555780306,-7.184343503686042e-07,0.0016379894815951772,0.011779053657689754,0.011295883321616837,0.01991539792832957
757.1428571428571,0.30000000000000004,8.757541885630401e-05,7.716696219917941e-10,-7.014597021135257e-05,-6.903741559528628e-07,0.0017332710076697101,0.006122272991670348,0.008298948334472383,0.013350338643159897
757.1428571428571,0.4,0.00011457504476979319,8.615815859670168e-10,-5.624483064967961e-05,-6.654715414686344e-07,0.0014795747258868057,0.003988649331360304,0.006501474971014255,0.010130983094226031
757.1428571428571,0.5,0.00014101222237678556,1.0358957783443713e-09,-4.62376602507219e-05,-6.487092015785643e-07,0.0014457740662727364,0.002768937329049242,0.005352151196501962,0.00818830394180284
757.1428571428571,0.6,0.00016698702338127072,1.3007266610882088e-09,-4.053869643019986e-05,-6.377371287799807e-07,0.0015330852931867815,0.0021052890764421263,0.00456326962023472,0.006959127234466
757.1428571428571,0.7000000000000001,0.00019255643742145388,1.6097737270551913e-09,-3.410760857226041e-05,-6.22590216400241e-07,0.001645512639840867,0.0015661153775964312,0.003939291768160447,0.006016350097294321
757.1428571428571,0.8,0.00021778477537591444,1.8229755942393507e-09,-2.949712848028789e-05,-6.109838349494441e-07,0.001647777890032592,0.001215283218291511,0.0034693265240676335,0.005316440382129724
757.1428571428571,0.9,0.0002427181420455721,1.8985392939024014e-09,-2.9564788734838113e-05,-5.971585809628722e-07,0.001540057749614193,0.0011058216058286213,0.003078927404362953,0.00474912699543174
757.1428571428571,1.0,0.0002673558608278814,1.9614429266959613e-09,-2.7677376122635132e-05,-5.942532672871436e-07,0.001444732383280936,0.0009487755099363398,0.00280797329342483,0.004330918454638663
757.1428571428571,1.1,0.00029171680584896435,2.3589224726678506e-09,-2.0384367967776715e-05,-5.874167408060444e-07,0.0015923444644473357,0.0006453324413241754,0.0025638753837836396,0.004012347046358889
757.1428571428571,1.2000000000000002,0.00031587390719036953,2.313739500596628e-09,-2.327931664745778e-05,-5.822377689311333e-07,0.0014426700447131937,0.0006850923752625172,0.00236241670791477,0.00370306276266354
757.1428571428571,1.3000000000000003,0.0003397982153653001,2.4486200042059927e-09,-2.2838614112987958e-05,-5.750766677972919e-07,0.0014193172612747918,0.0006283076331410581,0.002181438294294957,0.0034534878070798043
757.1428571428571,1.4000000000000001,0.00036349413739910084,2.671634165509995e-09,-1.7459613154774614e-05,-5.590548501607952e-07,0.0014477585346050282,0.00045113476877226217,0.0019919478120071564,0.0031992560894115833
757.1428571428571,1.5000000000000002,0.0003870154633013538,2.849809700445318e-09,-1.9420503631975557e-05,-5.555083322112636e-07,0.0014505789026415601,0.0004732753650559036,0.0018668916858795247,0.003049383192970306
757.1428571428571,1.6,0.00041034258416728704,3.0950475177305494e-09,-1.8032726510435433e-05,-5.579242096117714e-07,0.0014859282013062484,0.00041599004347648823,0.001775055228834902,0.00294663748475055
757.1428571428571,1.7000000000000002,0.0004334893777681159,2.9723368830065917e-09,-1.6872242516774478e-05,-5.4806147960226e-07,0.0013509418445693292,0.00036962641160536797,0.001656077938626676,0.0027288927844780937
757.1428571428571,1.8000000000000003,0.000456467448943777,3.0672716707659383e-09,-1.7934809571512087e-05,-5.352886757226582e-07,0.0013240539962300936,0.00037421396748661706,0.0015405906658603296,0.002576818635035633
757.1428571428571,1.9000000000000001,0.000479266172023723,3.3745638213123403e-09,-1.6043964509346826e-05,-5.335147152795379e-07,0.0013874547004127298,0.00031966172714462007,0.001466279622587915,0.0025153858608037804
757.1428571428571,2.0,0.0005019044554585755,3.678990082066655e-09,-1.1384517184623601e-05,-5.284237176557055e-07,0.0014444448791447737,0.00021708409511600287,0.001390062555677642,0.0024491007187606656
757.1428571428571,2.1,0.0005244288937215818,3.602832779392314e-09,-1.4251701113460101e-05,-5.247161429233534e-07,0.0013539359131881702,0.00026063312434945155,0.0013238452031165088,0.0023251245829327125
757.1428571428571,2.2,0.0005468108149734535,3.926655209252044e-09,-1.6254516515992568e-05,-5.221971855011233e-07,0.001415264161168182,0.0002856529718697111,0.0012661000654468088,0.002300128043756239
757.1428571428571,2.3000000000000003,0.0005690301910601653,4.110854082295492e-09,-1.3665597973881723e-05,-5.179350058656177e-07,0.0014238607744209801,0.00023118422412562995,0.0012089149971774862,0.0022369122895680477
757.1428571428571,2.4000000000000004,0.0005911129111671382,4.271988205176293e-09,-1.3266818430824903e-05,-5.117156994383166e-07,0.0014244673698755035,0.0002164022168940183,0.001151700786146753,0.0021745727416986487
757.1428571428571,2.5000000000000004,0.0006130629630898029,4.4084603251647806e-09,-1.2879761913703497e-05,-5.064314006439875e-07,0.0014174241192806446,0.00020286788615701378,0.001100694028940605,0.002115018015016262
757.1428571428571,2.6,0.0006348842173933306,4.544706962937578e-09,-1.2539250616831752e-05,-5.019463771243485e-07,0.0014110871287740404,0.00019097823729723594,0.0010549562580872583,0.0020624027213587224
757.1428571428571,2.7,0.00065658007919069,4.679370611713362e-09,-1.2197588716389254e-05,-4.974799909572105e-07,0.0014049683209526442,0.00017986459335343833,0.001012362920667289,0.0020139624179975894
757.1428571428571,2.8000000000000003,0.0006781539651008854,4.812404885344834e-09,-1.1894815484675152e-05,-4.931254403984328e-07,0.0013990226035558333,0.00017002092792291803,0.000972780579375047,0.0019694607059828374
757.1428571428571,2.9000000000000004,0.0006996089028562341,4.943914655745164e-09,-1.1607336185867187e-05,-4.888454556627947e-07,0.0013932543525148882,0.00016100106988536664,0.0009358458110271018,0.0019283915057217663
757.1428571428571,3.0000000000000004,0.0007209477672497241,5.074062688140196e-09,-1.1337098713406957e-05,-4.846458933327677e-07,0.001387683763440612,0.00015275541863883616,0.0009013206009036237,0.0018904385989676484
757.1428571428571,3.1,0.0007421732606560801,5.202807895082443e-09,-1.1083367626473805e-05,-4.805293326725141e-07,0.0013822751836203562,0.00014520559451361922,0.0008689903581154923,0.0018552783707374283
757.1428571428571,3.2,0.0007632879203861713,5.330216860340417e-09,-1.0697553602917029e-05,-4.7648782813338493e-07,0.001377025216438956,0.0001363969597744019,0.0008386476094516276,0.001822487915741093
757.1428571428571,3.3000000000000003,0.0007842956045802334,5.442079062926353e-09,-1.0925681802635352e-05,-4.7281531569868367e-07,0.0013683415330428134,0.0001356900494665954,0.0008106247268439207,0.001790250048489251
757.1428571428571,3.4000000000000004,0.0008051940319562691,5.589867381486375e-09,-1.0234238277629855e-05,-4.690371265839645e-07,0.0013690892975879445,0.0001239026722913588,0.0007839424637696775,0.001766037641154156
757.1428571428571,3.5000000000000004,0.0008259901169495285,5.7104241268275376e-09,-1.1375149242941888e-05,-4.698133114808351e-07,0.0013634753612176709,0.00013435123862706608,0.0007660863359820151,0.0017466802410072036
757.1428571428571,3.6,0.0008466724504503585,5.826629756737561e-09,-8.22938590623991e-06,-4.6385533509026496e-07,0.0013572872860600203,9.488812340128239e-05,0.0007384490570985317,0.0017151812011336333
757.1428571428571,3.7,0.000867272490092126,5.950221702803604e-09,-1.0002730403896926e-05,-4.537272727104344e-07,0.0013532345951004898,0.0001126722260096952,0.0007056872570005512,0.0016852085655124978
757.1428571428571,3.8000000000000003,0.0008877725024298547,6.055290521028599e-09,-9.824440572528402e-06,-4.5042122080627114e-07,0.0013454090202688145,0.00010817792237842081,0.0006848477521229074,0.0016612828723268054
757.1428571428571,3.9000000000000004,0.000908174270361858,6.163976430937297e-09,-9.663847148964724e-06,-4.462083794506518e-07,0.001338869106728125,0.0001040825154636013,0.0006636435195558903,0.0016383678149528135
757.1428571428571,4.0,0.0009284793998223717,6.283329142449961e-09,-9.480173604448602e-06,-4.4291236525095605e-07,0.0013350234869948085,9.992912676479389e-05,0.0006447448492614271,0.0016197732503353771
757.1428571428571,4.1,0.0009486897275468409,6.381461446523607e-09,-9.34635339596432e-06,-4.3979024033862087e-07,0.0013270649717661493,9.647285098673417e-05,0.0006269420154024468,0.0015989124527690573
757.1428571428571,4.2,0.0009688065917373504,6.487143651950919e-09,-9.196889876571244e-06,-4.3611550174405444e-07,0.0013211047781804277,9.300765597789512e-05,0.0006091474721708135,0.0015799017515990808
757.1428571428571,4.3,0.0009888314870290943,6.591330055909995e-09,-9.05305581622986e-06,-4.328342909951253e-07,0.0013152125414170137,8.974387664303789e-05,0.0005926503780267566,0.0015621481791578018
757.1428571428571,4.3999999999999995,0.0010087658517626758,6.694123067443737e-09,-3.033695872383095e-05,-4.0766307194362e-07,0.0013094006673867314,0.0002949927240151761,0.0005475105271595198,0.0015495439231192198
757.1428571428571,4.5,0.001028396846909019,8.280457068141836e-09,1.0182546169050162e-05,-4.393771726392912e-07,0.0015887200297487365,9.714967989764011e-05,0.0005789947815938721,0.001789955113251422
757.1428571428571,4.6,0.0010481296675170528,7.981923495390263e-09,-3.0066462111677512e-06,-4.6849119224157e-07,0.0015026114036933802,2.8156536083493236e-05,0.0006060022023065155,0.0017300610276618296
757.1428571428571,4.7,0.0010678324216629748,7.822831671399373e-09,-8.443361324537468e-06,-4.409844331009656e-07,0.0014455686374985966,7.76436209652093e-05,0.0005601613555640914,0.0016502298949331085
757.1428571428571,4.8,0.0010874507421956515,7.65415574318595e-09,-8.345027623308033e-06,-4.382965754918678e-07,0.0013889580852587133,7.5385149810781e-05,0.0005469517017725593,0.0015916029063687154
757.1428571428571,4.9,0.0011069856124520951,7.47856831879017e-09,-8.233002359936749e-06,-4.3012393723293176e-07,0.0013332184831352924,7.308880953927962e-05,0.0005275120302518894,0.0015294938319504198
757.1428571428571,5.0,0.0011264381526849393,nan,nan,nan,nan,nan,nan,nan
771.4285714285714,0.1,3.0016488409607187e-05,nan,nan,nan,nan,nan,nan,nan
771.4285714285714,0.2,5.7720462427790006e-05,4.84590777047653e-10,-9.753031278342958e-05,-7.329831667938178e-07,0.001651727402974619,0.011549001031900633,0.011956766217968,0.020543518321623024
771.4285714285714,0.30000000000000004,8.444913331813853e-05,6.506617113639463e-10,-6.920954722332204e-05,-6.603171473742572e-07,0.0015162714160450775,0.006264117596288924,0.008233121029365279,0.013308148332341561
771.4285714285714,0.4,0.00011048570873625383,9.632698127233558e-10,-5.107327243989708e-05,-6.392682872494494e-07,0.0017157809229834925,0.0037550687351870825,0.006476320952634671,0.010046387984978646
771.4285714285714,0.5,0.00013601155142997016,1.1201266731485507e-09,-4.483509156570262e-05,-6.196969028553243e-07,0.0016211167825125432,0.002783248982849991,0.005301497516798142,0.008160039605560323
771.4285714285714,0.6,0.00016108904320802947,1.3364691018528847e-09,-3.7431561932056206e-05,-6.08811652285433e-07,0.0016333532437053926,0.0020147001881797542,0.004516758533150086,0.0068941333726975935
771.4285714285714,0.7000000000000001,0.0001857922193667682,1.3561620662850708e-09,-3.341388050843432e-05,-5.95158641068014e-07,0.0014373332428447266,0.0015899162876097943,0.00390397643099524,0.005922484664406157
771.4285714285714,0.8,0.0002101612567204226,1.582304278004099e-09,-2.9257230887803967e-05,-5.850006386989471e-07,0.0014827447871487538,0.0012490401062358165,0.0034431509367125962,0.0052411077108538845
771.4285714285714,0.9,0.00023423772176519897,1.794925994451777e-09,-2.738826921269536e-05,-5.784733730956723e-07,0.0015092049747577586,0.0010613950137102225,0.0030909759390905277,0.004744736403957088
771.4285714285714,1.0,0.0002580403041178484,1.967022765829085e-09,-2.573895044856119e-05,-5.651809039922187e-07,0.0015014939873510922,0.0009140723057788707,0.0027677572057178117,0.004290800889560027
771.4285714285714,1.1,0.0002815854969660122,2.1485689879440943e-09,-2.1472424900973154e-05,-5.646040114448352e-07,0.0015031134927289357,0.0007042079564831478,0.002553478273597327,0.003974388205178896
771.4285714285714,1.2000000000000002,0.00030491596556516624,2.253482614042275e-09,-2.3391135529210457e-05,-5.599847437330786e-07,0.0014559430220738936,0.0007131171495799564,0.002354274299154139,0.0037031771634457524
771.4285714285714,1.3000000000000003,0.0003280125228090282,2.6819561619514845e-09,-1.794406089324768e-05,-5.428753026269979e-07,0.001610773592929499,0.0005113293058312133,0.002133558885321145,0.0034583516682006837
771.4285714285714,1.4000000000000001,0.0003509296394439577,2.7972261738971373e-09,-1.733471815872035e-05,-5.379264054248443e-07,0.0015704860841868834,0.00046390023335817854,0.001985621677513408,0.003250694827195679
771.4285714285714,1.5000000000000002,0.00037367340889729996,2.872362918318782e-09,-1.8305335785498072e-05,-5.36224307873628e-07,0.0015146591532601361,0.0004619828185124462,0.0018668175205073516,0.0030785769090444772
771.4285714285714,1.6,0.00039623412499278725,2.91376550313038e-09,-2.290841208011187e-05,-5.343800410483818e-07,0.0014491452849178148,0.0005473073632703326,0.001761058281453223,0.0029329541332996354
771.4285714285714,1.7000000000000002,0.00041856575696747343,3.409072455532417e-09,-1.0712338470154858e-05,-5.300915609755585e-07,0.0016049506821590395,0.00024302574959560855,0.0016589872077160644,0.002852964303642855
771.4285714285714,1.8000000000000003,0.00044079026555745806,3.4446990716426352e-09,-1.6057557557935675e-05,-5.188316731474999e-07,0.0015400874961971293,0.0003469247466584785,0.001546506195850894,0.0026973299952725844
771.4285714285714,1.9000000000000001,0.00046285419857186334,3.467641589331102e-09,-1.5276702590243625e-05,-5.089721750740236e-07,0.0014765948408545664,0.00031513601645402357,0.001448688289854434,0.002545002663108147
771.4285714285714,2.0,0.0004847653645603662,3.520171786096321e-09,-1.4609957876723746e-05,-5.089235922430849e-07,0.0014313529149076701,0.00028843198717089734,0.0013863341854508638,0.002444546813979527
771.4285714285714,2.1,0.0005065304309701018,3.785376142804503e-09,-9.769033262066677e-06,-5.066274706426387e-07,0.0014730800546615605,0.00018495028059049485,0.0013235903710584439,0.002389132561087699
771.4285714285714,2.2,0.0005281978070472167,3.7789894827709464e-09,-1.7360786576153718e-05,-4.99533226277501e-07,0.001410400676621735,0.00031582777247381606,0.001254096717350962,0.002287901746889874
771.4285714285714,2.3000000000000003,0.0005496915752585701,3.9119456981627506e-09,-1.3001647068667207e-05,-4.960009704096883e-07,0.0014030121379741693,0.00022767753760371778,0.0011987097582963008,0.002212259091901691
771.4285714285714,2.4000000000000004,0.0005710553269992368,4.04780947961272e-09,-1.2640832326759123e-05,-4.914066163561869e-07,0.0013975055385557708,0.00021342206240484445,0.0011450854059089155,0.002149653897878997
771.4285714285714,2.5000000000000004,0.000592292670416636,4.182993781593093e-09,-1.2249902291920198e-05,-4.870737901189318e-07,0.0013924706787418048,0.00019970251417106072,0.0010959788904924379,0.0020931304646705554
771.4285714285714,2.6,0.0006134075148111159,4.317103816552997e-09,-1.1906128735174324e-05,-4.827542945666726e-07,0.0013877201087660108,0.0001876744458019617,0.0010503653919689045,0.002041451373697792
771.4285714285714,2.7,0.0006344032979182441,4.449461806659433e-09,-1.1587379490510598e-05,-4.78508439827143e-07,0.0013830048439023239,0.0001768300997592213,0.001008006323999969,0.001994022261883254
771.4285714285714,2.8000000000000003,0.0006552832072304672,4.580609325787632e-09,-1.12930498404485e-05,-4.74351577732388e-07,0.0013784749155208564,0.00016704454896354,0.0009686056141934499,0.0019505103552026595
771.4285714285714,2.9000000000000004,0.0006760501860442858,4.710585917276888e-09,-1.101570048967111e-05,-4.702816074409206e-07,0.001374116396783383,0.00015811094714856177,0.0009318717642134434,0.0019104881348476661
771.4285714285714,3.0000000000000004,0.0006967070078532076,4.8387392732047455e-09,-1.0757069289371675e-05,-4.6629151868392953e-07,0.0013697217131626925,0.00014997525856143227,0.0008975407445805623,0.0018734430672039035
771.4285714285714,3.1,0.0007172562589692358,4.965615168107079e-09,-1.0515186526529033e-05,-4.6268488302641154e-07,0.0013654370271144777,0.0001425400761889446,0.0008659620919836318,0.0018397055845543625
771.4285714285714,3.2,0.0007377003582199987,5.082229691095396e-09,-1.0283294674909725e-05,-4.5883944051313905e-07,0.001358844683866952,0.00013565606877283007,0.0008357625762413841,0.001806061906901213
771.4285714285714,3.3000000000000003,0.0007580416245240125,5.220498853630055e-09,-1.0082698878870372e-05,-4.5476593730950353e-07,0.0013584264951764925,0.00012955070336752696,0.000806843566822594,0.0017787914465126377
771.4285714285714,3.4000000000000004,0.0007782820638392375,5.327961764846482e-09,-9.909018773156425e-06,-4.5124479045692845e-07,0.0013504063524181816,0.00012410731714814228,0.0007804396223518725,0.0017484770376229005
771.4285714285714,3.5000000000000004,0.000798423412966731,5.450339201285878e-09,-1.2244408193970173e-05,-4.5251187088659423e-07,0.0013466433797286819,0.00014960624499118808,0.000763513126586482,0.001732551589317669
771.4285714285714,3.6,0.0008184423180122849,5.57563972623404e-09,-5.626876550509154e-06,-4.47470206553803e-07,0.0013439502582254204,6.711406608109315e-05,0.000737073018598589,0.0017021339148087565
771.4285714285714,3.7,0.0008384049542923336,5.66932522433075e-09,-9.825148586666171e-06,-4.3775469591751535e-07,0.001334073386439016,0.0001144762854644604,0.0007044190370833745,0.001668912514168895
771.4285714285714,3.8000000000000003,0.0008582693390865156,5.794211112144735e-09,-9.209538541195618e-06,-4.343286340821494e-07,0.0013319764471939565,0.0001048872655044631,0.0006832053026705875,0.0016488485574906073
771.4285714285714,3.9000000000000004,0.0008780416284952857,5.906162924472466e-09,-8.929326208409643e-06,-4.309746678970584e-07,0.0013272115404250066,9.946620559696484e-05,0.0006631036694121413,0.0016281268230297263
771.4285714285714,4.0,0.0008977246246419717,5.9927164142239894e-09,-9.380666057693178e-06,-4.2772090320352673e-07,0.0013172110766007336,0.0001022623437390358,0.0006440776620395675,0.001604735079925461
771.4285714285714,4.1,0.0009173138141280808,6.114038846214176e-09,-8.693320213530325e-06,-4.2453837511358484e-07,0.001315248804333679,9.279644626192852e-05,0.0006260108035927031,0.0015881654983563832
771.4285714285714,4.2,0.0009368160704120546,6.21595413102351e-09,-8.738221216834234e-06,-4.2138755257148175e-07,0.001309406932585913,9.138191215460844e-05,0.0006087814009320148,0.0015697537250201304
771.4285714285714,4.3,0.00095623094448386,6.316552813659292e-09,-8.603717260901101e-06,-4.1830527486946254e-07,0.001303652268218018,8.819261951024227e-05,0.0005923861945317114,0.0015521372302440227
771.4285714285714,4.3999999999999995,0.0009755597813830564,6.415787167049781e-09,-8.470565338535538e-06,-3.7779036102377445e-07,0.0012979665375450428,8.514809030204993e-05,0.0005247979098442292,0.001497595747263759
771.4285714285714,4.5,0.0009948039126288675,5.463861707183128e-09,-2.4840188070981026e-05,-3.7052093024673466e-07,0.001084283582883372,0.00024502068300324774,0.0005050096672600677,0.0013212779992348425
771.4285714285714,4.6,0.0010137996419939687,7.055961526094838e-09,5.887329115059416e-06,-4.106573490086399e-07,0.0013738683226035009,5.7000580145296105e-05,0.0005493870984110141,0.0015793719010388921
771.4285714285714,4.7,0.0010328542446502206,7.540834714447636e-09,-8.153184605100628e-06,-4.445689780150049e-07,0.001441186677676161,7.751447871014548e-05,0.0005840251106354662,0.0016628885091991266
771.4285714285714,4.8,0.0010518273154604214,7.283362020706051e-09,-8.035567478970917e-06,-4.458039446115474e-07,0.0013668668885064392,7.504825957630865e-05,0.0005753126064626756,0.001592459268700604
771.4285714285714,4.9,0.0010707200305958326,7.67489173170581e-09,-4.776124928884683e-06,-4.211205685032218e-07,0.0014149275450585695,4.383515436810355e-05,0.000534073540312448,0.001604496983932251
771.4285714285714,5.0,0.0010895649844819548,nan,nan,nan,nan,nan,nan,nan
785.7142857142858,0.1,2.9210384334146394e-05,nan,nan,nan,nan,nan,nan,nan
785.7142857142858,0.2,5.56654876918272e-05,4.6320476118827434e-10,-6.6495516517497e-05,-8.482362724566931e-07,0.001637748208172033,0.008163402789209162,0.014349065003954163,0.021934326916220673
785.7142857142858,0.30000000000000004,8.145563588433303e-05,6.54803466879984e-10,-6.528256980584017e-05,-6.287436630675271e-07,0.0015824124575006036,0.006124473023242033,0.00812960556824378,0.013122277713435005
785.7142857142858,0.4,0.00010659295837878047,8.685832861009813e-10,-4.908031098387402e-05,-6.090246239219635e-07,0.0016043875461377551,0.003739752079199874,0.006396774155460913,0.0099195385076135
785.7142857142858,0.5,0.00013123947776338916,1.0321610782649878e-09,-4.221853169131316e-05,-5.962649624881097e-07,0.0015487296174378235,0.002715650104937903,0.005287802772338209,0.00810524738910995
785.7142857142858,0.6,0.00015546381183108472,1.1514783272534614e-09,-3.8337681806813524e-05,-5.853486472896988e-07,0.0014587930520329063,0.002138129510072107,0.004500793177028851,0.006871241038944827
785.7142857142858,0.7000000000000001,0.00017930476908071215,1.4530898250090224e-09,-2.8506902499978797e-05,-5.732238930826175e-07,0.0015961322002079183,0.0014052454960288858,0.0038964901933455838,0.005906574689134698
785.7142857142858,0.8,0.0002028606573053398,1.5198160946933492e-09,-2.929326177024556e-05,-5.606924196494015e-07,0.0014758502817197757,0.0012954534642789046,0.0034195567003107706,0.0052194894180796194
785.7142857142858,0.9,0.00022612361291226497,1.6949560302295916e-09,-2.6038789385866278e-05,-5.553724468049674e-07,0.0014767450405411102,0.001045204856450909,0.0030746716581105736,0.0047096115250716995
785.7142857142858,1.0,0.0002491261806253315,1.7819235430081023e-09,-2.360767884106477e-05,-5.451695853147911e-07,0.0014093064537466053,0.0008682719805018544,0.0027658160725545044,0.004247295375541722
785.7142857142858,1.1,0.00027189267154998736,1.9016299597053794e-09,-2.4124412365125267e-05,-5.377276611104493e-07,0.0013782234918352035,0.0008193934832582172,0.002519324862478388,0.003907032275174593
785.7142857142858,1.2000000000000002,0.000294417918350992,2.2480015041577185e-09,-1.6899690700533997e-05,-5.291866130500995e-07,0.0015045975579687876,0.0005334933335682814,0.00230473175021429,0.0036293258091963975
785.7142857142858,1.3000000000000003,0.00031677416824499126,2.230590444821402e-09,-1.9441416570722825e-05,-5.201487901068446e-07,0.001387820610814008,0.0005736013979870755,0.002117432147737697,0.0033499406579996375
785.7142857142858,1.4000000000000001,0.0003389360039732833,2.3406002948671512e-09,-1.8028869438666252e-05,-5.195060422588953e-07,0.0013611661024745306,0.0004995287535436912,0.0019860966054056333,0.003160927330096372
785.7142857142858,1.5000000000000002,0.0003609175510071887,2.555953857100681e-09,-1.7878620175960314e-05,-5.158300988041466e-07,0.0013959335176733378,0.0004671458405235032,0.0018597594065432768,0.003014011566423505
785.7142857142858,1.6,0.0003827203118393345,2.795098819579389e-09,-1.8520743209167117e-05,-5.031746086060245e-07,0.0014396244405672756,0.00045805116961286565,0.001717342753131706,0.0028602205627067173
785.7142857142858,1.7000000000000002,0.0004043378652393886,2.8929964282730544e-09,-1.393366577642947e-05,-4.988177167303007e-07,0.001410548819423179,0.00032722262887734235,0.0016166344719181528,0.002706240316825853
785.7142857142858,1.8000000000000003,0.0004258160819816784,3.1398328899343535e-09,-1.4439164695823587e-05,-5.010243718865412e-07,0.0014537122811121928,0.00032291552491224866,0.0015463813548705022,0.0026457786040914363
785.7142857142858,1.9000000000000001,0.00044714990707701,3.3330317297812125e-09,-1.3905610485906002e-05,-4.939591741690902e-07,0.001469600058067952,0.00029690975891230977,0.0014556649766813675,0.0025467235390368203
785.7142857142858,2.0,0.00046834467606748253,3.484724200819067e-09,-1.3495109590385244e-05,-4.877333725001805e-07,0.001467035923438439,0.00027574551841838356,0.0013755579489668807,0.0024520500267161435
785.7142857142858,2.1,0.0004894044939620512,3.60862332910887e-09,-1.0829039221734543e-05,-4.938580094076264e-07,0.0014539180582379106,0.0002121859793220814,0.0013356955151989632,0.0023931288365937205
785.7142857142858,2.2,0.0005103560214644025,3.5834514187247834e-09,-1.5623324484776918e-05,-4.906841115673123e-07,0.001384550648088752,0.0002941407471342271,0.001275219293490688,0.002292567942118498
785.7142857142858,2.3000000000000003,0.0005311513157219061,3.729828985636439e-09,-1.2278358080632967e-05,-4.76360608113764e-07,0.0013847576043844912,0.00022250503681158277,0.0011916798990812031,0.00219254739471136
785.7142857142858,2.4000000000000004,0.0005518238263986033,3.8645615661688906e-09,-1.2028713150644304e-05,-4.7214979429874476e-07,0.00138110266487904,0.00021015402639270976,0.0011387946193333793,0.002131974590793794
785.7142857142858,2.5000000000000004,0.0005723760499437941,3.997971919814476e-09,-1.1641966486881145e-05,-4.6798065398000915e-07,0.0013775497780901022,0.0001963855211696771,0.0010898852316895316,0.0020765139779329836
785.7142857142858,2.6,0.0005928118538241161,4.129875041118446e-09,-1.1308762870934628e-05,-4.6387378739610766e-07,0.0013740158388899255,0.0001844417754741488,0.0010445671409840243,0.002025877419319224
785.7142857142858,2.7,0.0006131345700757287,4.260158095523956e-09,-1.1001873753983727e-05,-4.598501000121571e-07,0.0013704531838778782,0.0001737099742429028,0.0010025111387785579,0.001979488381148686
785.7142857142858,2.8000000000000003,0.0006333472675898015,4.388803046703418e-09,-1.071518067864924e-05,-4.5627499338402637e-07,0.0013668503652786994,0.0001639778796663878,0.0009641612894657777,0.0019376229381102559
785.7142857142858,2.9000000000000004,0.0006534528132970878,4.505178346660626e-09,-1.0461273682483162e-05,-4.524206030780681e-07,0.0013599939344140497,0.00015533767152476596,0.0009276713740054094,0.0018960120384997324
785.7142857142858,3.0000000000000004,0.0006734537462675492,4.630781221446174e-09,-1.0203110498510375e-05,-4.48294775579205e-07,0.0013564631638253734,0.00014715614811573955,0.000892876290672789,0.0018590598128179203
785.7142857142858,3.1,0.0006933526481330256,4.754057902762722e-09,-1.0156421179931522e-05,-4.4462041496605213e-07,0.0013526767963200406,0.00014241634133565316,0.0008610162843253653,0.001825572516590069
785.7142857142858,3.2,0.0007131499857867026,4.893095909245588e-09,-9.42710432758932e-06,-4.410302826967219e-07,0.0013536539473782544,0.00012863566982158315,0.0008311459959615435,0.0017973684869856236
785.7142857142858,3.3000000000000003,0.0007328530523971038,4.997830636099425e-09,-9.868414961599918e-06,-4.3750249757879445e-07,0.0013455269512134126,0.0001311491455123132,0.0008030553407418717,0.0017656269808196629
785.7142857142858,3.4000000000000004,0.000752457434857889,5.130740147954358e-09,-9.279421202908112e-06,-4.34067306510062e-07,0.0013453860428799763,0.00012020457978436515,0.0007766507620976659,0.0017409438698335878
785.7142857142858,3.5000000000000004,0.000771969023106645,5.248959838955863e-09,-1.305401227747263e-05,-4.260150913911893e-07,0.0013416644305107525,0.00016495875532227325,0.0007435991203140154,0.0017126453627411516
785.7142857142858,3.6,0.0007913500712326264,5.624972012438139e-09,-3.6695718243998773e-06,-4.323495379212241e-07,0.0014026076690586257,4.52645499634984e-05,0.0007366871985526954,0.0017477909514036015
785.7142857142858,3.7,0.0008106944236403637,5.453352537623201e-09,-9.010824122144058e-06,-4.3264617497692533e-07,0.001327436203248868,0.00010857086072509708,0.0007201305419002597,0.0016766187700993573
785.7142857142858,3.8000000000000003,0.0008299486678068796,5.549439212863964e-09,-8.858597234072134e-06,-4.1886108012050206e-07,0.0013195608456380297,0.00010432749704968623,0.0006814858796913291,0.001637367112293066
785.7142857142858,3.9000000000000004,0.0008491143260010548,5.649606348407609e-09,-8.713138381654694e-06,-4.1635703822680917e-07,0.001313127817648014,0.00010035948065501227,0.0006625592665820617,0.001616275426499425
785.7142857142858,4.0,0.0008681928528114134,5.760227541551687e-09,-8.571588261169128e-06,-4.130747305928678e-07,0.0013094846781125432,9.661549562290091e-05,0.000643298671513756,0.0015974201193639376
785.7142857142858,4.1,0.0008871856637391604,5.85182325976435e-09,-8.436351259276992e-06,-4.097442857401033e-07,0.0013018986811890718,9.31067883062339e-05,0.0006248280725705905,0.0015762072486367727
785.7142857142858,4.2,0.0009060941111543146,5.951224327209651e-09,-8.306421989199684e-06,-4.0712970952992056e-07,0.0012964504082934353,8.980697282243943e-05,0.0006082357762129983,0.001558444889132305
785.7142857142858,4.3,0.0009249194943495767,6.048528897482417e-09,-8.182222159590443e-06,-4.042404614166202e-07,0.0012908949032325167,8.670703079276215e-05,0.0005919538550816524,0.0015410212501690706
785.7142857142858,4.3999999999999995,0.000943663055323243,6.1452060678634965e-09,-8.056413040077174e-06,-4.0138974720493195e-07,0.0012855426302436346,8.371812258370823e-05,0.0005764089960836313,0.0015245075400780878
785.7142857142858,4.5,0.0009623260521665085,6.24043719088617e-09,-7.944039070670055e-06,-3.697500966018252e-07,0.001280210697020106,8.098645380641893e-05,0.0005210244725259385,0.001479334727641689
785.7142857142858,4.6,0.0009809096086190673,5.526615050874312e-09,-7.815157406843626e-06,-3.6285018805990253e-07,0.0011125281326880949,7.819731844425334e-05,0.0005018688882763798,0.0013219600707562503
785.7142857142858,4.7,0.0009994150134975577,5.502064690187374e-09,-2.301292384677359e-05,-3.847773174747175e-07,0.0010871527621174283,0.0002261289519257907,0.0005225970784625651,0.0013338856187521577
785.7142857142858,4.8,0.0010176902891375803,6.973381051391149e-09,5.51883970090379e-06,-3.8199443729897616e-07,0.0013530158127305024,5.326958638611016e-05,0.0005096629589481606,0.0015339498367874088
785.7142857142858,4.9,0.001036020753174612,7.154673877681197e-09,-7.992083336533921e-06,-3.847647931697357e-07,0.001363696843557555,7.580670519997083e-05,0.0005044802265776032,0.0015409141234013315
785.7142857142858,5.0,0.0010542712963782783,nan,nan,nan,nan,nan,nan,nan
800.0,0.1,2.9010191316622197e-05,nan,nan,nan,nan,nan,nan,nan
800.0,0.2,5.370504453978037e-05,4.392356455414427e-10,1.958740481767554e-05,-9.650349886221029e-07,0.0016103322072336705,0.002492170299535811,0.016924813088132182,0.024118513195385063
800.0,0.30000000000000004,7.859577181111529e-05,6.243000822816026e-10,-6.0902916602046306e-05,-6.023402792739274e-07,0.0015641419856864088,0.005919946967156119,0.008072635625617133,0.012954813936652806
800.0,0.4,0.00010287746991642975,7.731518668495258e-10,-4.811188069227934e-05,-5.842147647314156e-07,0.0014802675305691097,0.003797965076861179,0.006359309982546264,0.009874076037551029
800.0,0.5,0.00012667804921482142,9.416185282319384e-10,-4.05052482082611e-05,-5.741932174116537e-07,0.001464247266545842,0.0026990259897491154,0.005276314887769771,0.00806893790661014
800.0,0.6,0.00015007357603113048,1.1082656878378162e-09,-3.55235108904058e-05,-5.591532537700389e-07,0.0014548509284788133,0.002052031495481295,0.0044549309347653755,0.006783822207988788
800.0,0.7000000000000001,0.00017311386773853548,1.2541608000383805e-09,-2.839350057460968e-05,-5.476995743981832e-07,0.001427464450575144,0.0014496078031134925,0.0038569724352627353,0.005821639826823404
800.0,0.8,0.00019587022444019438,1.4546088435620897e-09,-2.711676885979092e-05,-5.39645497459772e-07,0.001463363826229297,0.001241863823339373,0.00340929516072857,0.005189436041572342
800.0,0.9,0.00021835541345325538,1.6016084161274394e-09,-2.648874675817457e-05,-5.305384728536531e-07,0.001445487519965422,0.0011010565533729746,0.0030422820362525217,0.0046704089414430225
800.0,1.0,0.00024057571499873462,1.887852665884135e-09,-2.0808266337266997e-05,-5.240811186911905e-07,0.001546509697595759,0.0007924304072063535,0.002753613431902817,0.004264318475411302
800.0,1.1,0.0002625879338808412,1.9854115521124677e-09,-2.2150580895500613e-05,-5.141642490559804e-07,0.0014902425605423754,0.000778911536880762,0.0024948221898593646,0.003908426996832254
800.0,1.2000000000000002,0.00028437864695399277,2.081550242259648e-09,-1.7832380643054577e-05,-5.095920402415924e-07,0.0014428679282464342,0.0005827746088023291,0.002298131293185302,0.003603374666123683
800.0,1.3000000000000003,0.0003059910362207138,2.2050991056346467e-09,-1.8338345526115e-05,-5.058114275769248e-07,0.001420634227004521,0.0005600862247862335,0.00213192976022187,0.0033796667278255988
800.0,1.4000000000000001,0.0003274200420321737,2.3903976023879724e-09,-1.6573149041310518e-05,-4.97285361178081e-07,0.0014393166841718996,0.00047530662535404247,0.0019683378013713717,0.003169582986144394
800.0,1.5000000000000002,0.00034868331635322044,2.5019147636181668e-09,-1.6966365785908707e-05,-4.913708433209584e-07,0.0014147132725829193,0.0004588270534563629,0.0018341288034277369,0.0029899820808379847
800.0,1.6,0.0003697769270164081,2.6207582312050054e-09,-1.7015673395059978e-05,-4.824758092833431e-07,0.0013974921164826876,0.0004355171948866675,0.0017046416261583353,0.00282033075896014
800.0,1.7000000000000002,0.0003907003809456452,2.7444385734808713e-09,-1.4115424654793188e-05,-4.776442943078956e-07,0.0013852017160460902,0.0003430381233358091,0.0016024500265299547,0.0026780872135258203
800.0,1.8000000000000003,0.00041148268062833436,2.8688799886773844e-09,-1.3915417176863341e-05,-4.763004761009441e-07,0.0013749732261172968,0.00032202234476906794,0.0015217027685876063,0.002573986867667422
800.0,1.9000000000000001,0.0004321258261392549,2.996672353969432e-09,-1.3381587132772545e-05,-4.725293990538072e-07,0.0013676974474223624,0.00029563737950815815,0.0014413359073842246,0.002472427180662417
800.0,2.0,0.00045263515577884767,3.1240223810205953e-09,-1.2947472380532173e-05,-4.6882003739359717e-07,0.0013612956878611391,0.00027372223053806407,0.0013684854120162896,0.0023819224284352446
800.0,2.1,0.00047301501069463514,3.25065413762611e-09,-1.493131127679875e-05,-4.787553350673383e-07,0.0013555225008796197,0.0003027155785022461,0.0013401158489143934,0.002349659326132616
800.0,2.2,0.0004932455524976546,3.448170044642947e-09,-1.0384852652665269e-05,-4.7473774628417066e-07,0.001378857391271506,0.0002022869903495713,0.0012768428888935296,0.002280969806412329
800.0,2.3000000000000003,0.0005133722457741475,3.575946709025975e-09,-1.1792721875847777e-05,-4.5704087728107875e-07,0.001373968247949241,0.0002210937700115348,0.0011831956282752887,0.002176367384209323
800.0,2.4000000000000004,0.0005333810118318818,3.7080123605140262e-09,-1.144357819671043e-05,-4.529383170485655e-07,0.001371338424022331,0.00020683333099785767,0.0011304713722811196,0.0021164309927578636
800.0,2.5000000000000004,0.0005532753421076491,3.845725137852957e-09,-1.1064790525548532e-05,-4.486013609695889e-07,0.0013711996945801961,0.0001930829121070793,0.001081049717486843,0.002062718254323973
800.0,2.6,0.0005730590244781608,3.985319089856238e-09,-1.0744459596459444e-05,-4.453068129611241e-07,0.0013719874547963788,0.0001812691142353301,0.0010375415463295293,0.0020169761993176936
800.0,2.7,0.000592735262252708,4.1034142463230185e-09,-1.044979869553944e-05,-4.425875545346335e-07,0.0013658200331747722,0.00017066273390177033,0.0009982958282200652,0.0019717452302585987
800.0,2.8000000000000003,0.0006123070020402998,4.209742357641927e-09,-1.0387712562202106e-05,-4.38821444704793e-07,0.0013564929342250545,0.00016442111173728676,0.0009593466664970862,0.0019255647056449611
800.0,2.9000000000000004,0.0006317748647022695,4.347093358204884e-09,-9.718529021655613e-06,-4.3461873506004646e-07,0.0013576525982976959,0.00014925279209775815,0.0009219399411908136,0.0018882381957632632
800.0,3.0000000000000004,0.0006511455420740227,4.466216487403776e-09,-9.69662504375114e-06,-4.309535485145596e-07,0.0013534303693208242,0.0001446352412693294,0.0008879290042478546,0.0018518987420445302
800.0,3.1,0.0006704192531953384,4.583768159912861e-09,-9.475996136062198e-06,-4.272462367437188e-07,0.0013491877362797023,0.0001374132948173977,0.0008558532972603776,0.0018177347700319322
800.0,3.2,0.0006895982043552935,4.690378789829695e-09,-9.270980911473598e-06,-4.2391939854279135e-07,0.001342242417818724,0.000130819590688716,0.0008263582157358143,0.0017845067315445955
800.0,3.3000000000000003,0.0007086844457061338,4.819100182886215e-09,-9.07913543206221e-06,-4.2100374793600736e-07,0.001342001414915537,0.00012476825985820766,0.000799292953675786,0.0017590546801890137
800.0,3.4000000000000004,0.0007276798957026535,4.9146995411189645e-09,-8.949615894974625e-06,-4.177295412576521e-07,0.0013329656401630705,0.00011987390198308938,0.0007730316497796717,0.0017280980913577093
800.0,3.5000000000000004,0.0007465858495402235,5.025428407097255e-09,-8.602545289938984e-06,-4.0782322552686186e-07,0.001328547653342557,0.0001123919565026215,0.0007362160301420551,0.0016916556697994887
800.0,3.6,0.000765405777924894,4.92983992083635e-09,-1.2888423185988816e-05,-4.075468489027336e-07,0.0012713586771975758,0.0001643728532381625,0.0007181618217285766,0.0016355072990800865
800.0,3.7,0.0007840968220777047,5.515511000947651e-09,-2.7331088401586624e-06,-4.217408795304159e-07,0.0013884571759292805,3.404637772427137e-05,0.0007259328126277915,0.0017271159145017018
800.0,3.8000000000000003,0.0008027605351421138,5.31072099291279e-09,-8.42438122688983e-06,-4.156683138667739e-07,0.0013058887288324693,0.00010256874353883314,0.0006993308895742223,0.001641338814952039
800.0,3.9000000000000004,0.000821340004394254,5.408654645267632e-09,-8.283602440605201e-06,-4.018889376309906e-07,0.0012999510627281648,9.863349691507106e-05,0.0006612897720816277,0.0016044343730802213
800.0,4.0,0.0008398366376219881,5.505039480907987e-09,-8.150785463245396e-06,-3.9901954943865167e-07,0.0012940413428251293,9.496963262622543e-05,0.0006425125552266531,0.001584047661943791
800.0,4.1,0.0008582517629950898,5.599982806228942e-09,-8.02008946354125e-06,-3.942193655228381e-07,0.0012881786537302304,9.14922571623379e-05,0.0006215364554770521,0.001562174832731869
800.0,4.2,0.0008765866874735561,5.74874046133345e-09,-7.91740841814747e-06,-3.892991283167148e-07,0.0012948018584438572,8.847824022531207e-05,0.0006012865068565904,0.0015515898872700334
800.0,4.3,0.0008948424378678409,5.902533442480637e-09,-7.773531137701942e-06,-3.901604842833916e-07,0.0013023821738970271,8.514082146329829e-05,0.0005906473897231489,0.0015495731555295253
800.0,4.3999999999999995,0.0009130204529507487,5.948998080410003e-09,-7.671771912198548e-06,-3.9102637958092624e-07,0.0012865622258403737,8.239279030488777e-05,0.0005804780120307735,0.0015283783490209351
800.0,4.5,0.0009311217503145345,6.0007994425490424e-09,-7.559181152696439e-06,-3.879592431333303e-07,0.0012725966887230115,7.964179965897019e-05,0.0005650138252501346,0.0015047678870341672
800.0,4.6,0.0009491474558667933,6.057732994518108e-09,-7.450872922115657e-06,-3.8495832268177235e-07,0.0012603322761186994,7.704356635584428e-05,0.0005502623570256223,0.0014832230042923942
800.0,4.7,0.000967098652689831,6.120144173835483e-09,-7.344770804962665e-06,-3.5518886379124635e-07,0.0012497400961562768,7.45679875325388e-05,0.0004985924185136119,0.001436871425112163
800.0,4.8,0.000984976401804819,5.439443697137401e-09,-7.253764035828126e-06,-3.484174768384549e-07,0.0010907940876363528,7.233642838848797e-05,0.00048043366998312865,0.0012871275472933293
800.0,4.9,0.0010027816132794488,5.407689879236255e-09,-7.140988869604353e-06,-3.6546233936963825e-07,0.0010652394520614063,6.99743361597956e-05,0.0004952131942089901,0.0012767551501311563
800.0,5.0,0.0010205154148653825,nan,nan,nan,nan,nan,nan,nan
814.2857142857143,0.1,2.9132550017037532e-05,nan,nan,nan,nan,nan,nan,nan
814.2857142857143,0.2,5.1834241315395054e-05,4.1311947168454947e-10,0.0001327383304202444,-1.0245362040240457e-06,0.0015698729418183934,0.01749703777301256,0.01862216140740014,0.031657236500525564
814.2857142857143,0.30000000000000004,7.586331591795502e-05,5.944294807354828e-10,-5.726229711605319e-05,-5.785606140593416e-07,0.0015434944670707107,0.005765448160921052,0.008033976376103704,0.012834029783732413
814.2857142857143,0.4,9.931976754935445e-05,7.450338763848719e-10,-4.674314679222569e-05,-5.613776045313526e-07,0.0014779497396074778,0.0038217324908798676,0.00633075747095993,0.009846164480490999
814.2857142857143,0.5,0.00012230878771283163,9.165515203869132e-10,-3.882909741452608e-05,-5.488460892045623e-07,0.001476588342262863,0.0026795408779632995,0.00522454293724673,0.007996996327087584
814.2857142857143,0.6,0.00014490951690216355,1.1196396451951406e-09,-3.3132851145535075e-05,-5.346455146742393e-07,0.0015225724129284413,0.0019818797504578944,0.004412005327216577,0.006721432593774983
814.2857142857143,0.7000000000000001,0.0001671789175800401,1.2902259432628626e-09,-2.71667735201968e-05,-5.245842370803127e-07,0.0015210301776060833,0.0014360532045118778,0.0038260335643853474,0.0058011074183283075
814.2857142857143,0.8,0.0001891766505227147,1.420525934371242e-09,-2.603106107093545e-05,-5.181642288448704e-07,0.0014800782137308216,0.0012342021904280843,0.003390044702482245,0.005167077775229822
814.2857142857143,0.9,0.00021091407285467995,1.5442538483910507e-09,-2.4096976024537048e-05,-5.083220363190132e-07,0.0014433067704908767,0.0010368280860054303,0.0030184856256268823,0.004623922345574881
814.2857142857143,1.0,0.00023241052542639982,1.6093423350191142e-09,-2.185957553812968e-05,-5.008039828290811e-07,0.0013652134889430454,0.0008616703431540524,0.002724551165054886,0.004177635904751291
814.2857142857143,1.1,0.0002536883822427384,1.8122105165450886e-09,-2.020573301936886e-05,-4.950461415577499e-07,0.001408438215197643,0.0007353845356490596,0.0024868561026958596,0.003859196182151431
814.2857142857143,1.2000000000000002,0.0002747641817288833,1.9509517685940543e-09,-1.8205679295211528e-05,-4.911243040556237e-07,0.0014000819907778286,0.0006157683522536478,0.0022928977179083655,0.0035852698830236424
814.2857142857143,1.3000000000000003,0.00029565792442207606,2.109619576230035e-09,-1.597507788194947e-05,-4.854182931024664e-07,0.0014070170574648339,0.000504914223692165,0.0021179360314294775,0.0033475276607876077
814.2857142857143,1.4000000000000001,0.00031639191633644933,2.213112173750562e-09,-1.662317018524318e-05,-4.776600447723618e-07,0.0013794376876263364,0.0004933281737296345,0.001956994959405211,0.0031314341064940386
814.2857142857143,1.5000000000000002,0.0003369596765489702,2.3623127776066516e-09,-1.5904594939599063e-05,-4.729698090928668e-07,0.0013826432922955654,0.00044504761328938386,0.0018272399019016422,0.0029643517284606334
814.2857142857143,1.6,0.00035736839081209503,2.4979805033200944e-09,-1.5411891852605332e-05,-4.6536208591464965e-07,0.0013786472389351076,0.0004081290709938458,0.001701567268168492,0.002803194585507482
814.2857142857143,1.7000000000000002,0.00037762298615669383,2.5989732220673635e-09,-1.4281651432735545e-05,-4.604245524562569e-07,0.001357568930691379,0.00035907475760142796,0.0015984861371258967,0.002661248568678319
814.2857142857143,1.8000000000000003,0.0003977347649869653,2.7320115176936005e-09,-1.3323282921259531e-05,-4.580958827139053e-07,0.0013549862417210185,0.00031895758576009356,0.001514426238852944,0.0025543483166200545
814.2857142857143,1.9000000000000001,0.00041771331098802413,2.8564680564158903e-09,-1.2866591090677537e-05,-4.5453093207550926e-07,0.0013490345388123392,0.00029405103886763544,0.0014345547284052944,0.0024540282675527053
814.2857142857143,2.0,0.0004375631910781762,2.980826200742733e-09,-1.2414493751207975e-05,-4.5088001828828384e-07,0.0013439784116102147,0.0002714803057562293,0.0013617206584934929,0.002364010539490828
814.2857142857143,2.1,0.0004572889262308162,3.104806807708252e-09,-1.758696801733533e-05,-4.5177204674524345e-07,0.0013395643437592603,0.0003688241880345796,0.0013084530310297307,0.0023139927790665907
814.2857142857143,2.2,0.00047683879170328284,3.412210610139305e-09,-6.569630670228602e-06,-4.471271263216215e-07,0.0014118110315381666,0.00013236604364878405,0.0012442297823075706,0.0022598554512725773
814.2857142857143,2.3000000000000003,0.0004963229608690472,3.5526115952597636e-09,-1.1219555321980485e-05,-4.38229834327195e-07,0.0014122749730061837,0.00021756186791439155,0.0011737249856669922,0.0021902315972764106
814.2857142857143,2.4000000000000004,0.0005156949344815917,3.6790774969769693e-09,-1.074319577643208e-05,-4.3510517829493085e-07,0.0014076844236758361,0.00020082260910718824,0.001123452969669262,0.0021321815839898716
814.2857142857143,2.5000000000000004,0.000534959476136372,3.782161051534552e-09,-1.0449223244535318e-05,-4.318905615111585e-07,0.0013950912748318522,0.0001885734532454815,0.0010766543935092066,0.0020736945239128745
814.2857142857143,2.6,0.0005541195255587068,3.869673152470811e-09,-1.0618907251300559e-05,-4.288482766366351e-07,0.0013780940200865065,0.0001852651834918798,0.0010335818268459931,0.0020174362696216874
814.2857142857143,2.7,0.0005731733859085287,3.9853109601501816e-09,-1.0137867415623175e-05,-4.260251618842263e-07,0.0013721619400312156,0.0001712113584394567,0.0009939578872891393,0.001971812943039347
814.2857142857143,2.8000000000000003,0.0005921258675841944,4.108996878896524e-09,-9.42712425710092e-06,-4.227098290662949e-07,0.0013695267060760197,0.00015429410677432029,0.0009558328735743573,0.0019304515105154918
814.2857142857143,2.9000000000000004,0.000610984078017289,4.192757086146263e-09,-9.347781735604894e-06,-4.1993901712901944e-07,0.0013543823270994815,0.00014843667153906088,0.0009213191872619565,0.0018852169697546927
814.2857142857143,3.0000000000000004,0.0006297488106330276,4.263554851203431e-09,-9.222210133681857e-06,-4.1608624357519804e-07,0.0013362807217692039,0.00014222558439877452,0.0008866226865652803,0.001837953715656101
814.2857142857143,3.1,0.0006484213211474293,4.372366822740409e-09,-9.01885767570819e-06,-4.1154475528312604e-07,0.0013309876700139257,0.00013521451897913949,0.0008525559887812389,0.0018009760053608074
814.2857142857143,3.2,0.000667003643085074,4.47903402967411e-09,-8.663617431282649e-06,-4.085374687613131e-07,0.0013255379316700717,0.00012638403958523142,0.0008235328980471411,0.0017690213684661638
814.2857142857143,3.3000000000000003,0.0006854993288484059,4.567728833648445e-09,-8.965815796887175e-06,-3.986867545216235e-07,0.0013153802987147577,0.0001273724615771699,0.0007826964985881566,0.0017238551830184208
814.2857142857143,3.4000000000000004,0.0007039053564537688,4.879589093987588e-09,-8.311045122846425e-06,-3.9859309684341774e-07,0.001368506282581123,0.00011507504519766946,0.0007626968956443267,0.0017462716915595455
814.2857142857143,3.5000000000000004,0.0007222282736079034,4.897221053035969e-09,-8.361636511368483e-06,-4.0600268538004744e-07,0.0013386710564927164,0.00011292373630511291,0.0007577730048362969,0.0017184969657900748
814.2857142857143,3.6,0.0007404675743969242,4.9154238383810075e-09,-8.204018091002156e-06,-3.9652716074754515e-07,0.0013106090273295615,0.00010814328390590729,0.0007224456936267947,0.0016653067443721874
814.2857142857143,3.7,0.000758624835005035,4.715689727530849e-09,-1.2587252499931654e-05,-3.9670289749864313e-07,0.0012273811493453428,0.00016206980805332538,0.00070596199014409,0.0015904388612917961
814.2857142857143,3.8000000000000003,0.0007766562230881465,5.235606263194205e-09,-1.8121313342034022e-06,-3.953033287561356e-07,0.0013310209300860917,2.2803585104637716e-05,0.0006875581830409918,0.0016485172822734157
814.2857142857143,3.9000000000000004,0.000794669489857916,5.392765666308741e-09,-7.885675003932965e-06,-3.9371484845710213e-07,0.0013399620325413675,9.704205216244119e-05,0.0006697133207985923,0.0016437601019158627
814.2857142857143,4.0,0.0008126038998776461,5.270162272067885e-09,-7.759401243268621e-06,-3.9642698271868185e-07,0.0012806577763451695,9.343489818179012e-05,0.0006598579641134138,0.0015873372313151967
814.2857142857143,4.1,0.0008304607158849435,5.274029373506586e-09,-6.5055760395697415e-06,-3.8832523073234357e-07,0.0012540988222957863,7.66938644168316e-05,0.000632852788600407,0.0015426117816876314
814.2857142857143,4.2,0.0008482524761318453,5.191497065776269e-09,-7.425633091122199e-06,-3.8467637391785946e-07,0.0012086530770285717,8.574931305022852e-05,0.000614116691129343,0.0014907963730659284
814.2857142857143,4.3,0.0008659699800478358,5.1009158604228415e-09,-9.555214467197539e-06,-3.8187012400308573e-07,0.001163336910240205,0.00010814058077154574,0.0005974989353335594,0.0014418935839327078
814.2857142857143,4.3999999999999995,0.0008835919318191544,5.22336953454828e-09,-7.178218045347013e-06,-3.791105486474678e-07,0.0011675464433636028,7.965689355890971e-05,0.0005816494973776115,0.001430434267522178
814.2857142857143,4.5,0.0009011421014100194,5.336293126491274e-09,-7.069584666773933e-06,-3.7471837484127443e-07,0.0011695993710830696,7.69586177592999e-05,0.000563992413138903,0.0014177659192694046
814.2857142857143,4.6,0.0009186215751542168,5.485378932618271e-09,-6.9748001241352175e-06,-3.725313518953255e-07,0.001179442752935695,7.451460349082314e-05,0.0005502930275877805,0.0014150203058646816
814.2857142857143,4.7,0.0009360313008971728,5.564903577225345e-09,-6.842161763478004e-06,-3.6261762460366827e-07,0.0011743317028084508,7.176797117341725e-05,0.0005259264862143276,0.0013919062208751145
814.2857142857143,4.8,0.000953372605022494,5.895662927251696e-09,-6.782558409357263e-06,-3.601734732928249e-07,0.0012215485706672533,6.987674008280279e-05,0.000513106270060894,0.0014225398968237817
814.2857142857143,4.9,0.0009706460835637216,5.948189971101682e-09,-5.430606672663338e-06,-3.6740348499893296e-07,0.0012105490413441677,5.497315184909406e-05,0.0005143108215531287,0.001413323130517864
814.2857142857143,5.0,0.0009878652560382226,nan,nan,nan,nan,nan,nan,nan
828.5714285714286,0.1,2.9521084263650376e-05,nan,nan,nan,nan,nan,nan,nan
828.5714285714286,0.2,5.004774818727189e-05,4.0865450832225625e-10,0.0002677760052826945,-1.069069301999924e-06,0.0016089534086547927,0.036555367216170566,0.02013149361480032,0.04636202836056455
828.5714285714286,0.30000000000000004,7.325217216372036e-05,6.16546698003682e-10,-5.424832280152016e-05,-5.554838091509886e-07,0.0016585863037086835,0.005655927074173688,0.0079898324207494,0.012744224724106893
828.5714285714286,0.4,9.591411291215362e-05,7.228906410558143e-10,-4.4947611905383224e-05,-5.408402367721216e-07,0.0014853911350827295,0.0038050380228428905,0.006317035138051664,0.009823164818439183
828.5714285714286,0.5,0.00011812657754153304,8.694709556107195e-10,-3.6508651094134205e-05,-5.245625051109388e-07,0.0014507792570233845,0.0026082460070516334,0.005171330519356334,0.007898925646362461
828.5714285714286,0.6,0.00013997395565997113,1.0282252268670017e-09,-3.1405493987205276e-05,-5.112956511090193e-07,0.0014480890387327536,0.0019445249906415757,0.004369105682105318,0.006637492615900791
828.5714285714286,0.7000000000000001,0.00016150727883853716,1.1495927125609328e-09,-2.6762215995566423e-05,-5.044639711053616e-07,0.0014033513379650387,0.0014642326243454232,0.003809470216718268,0.0057565179423061654
828.5714285714286,0.8,0.00018277297985714753,1.2907063849895292e-09,-2.5079477304295702e-05,-4.982973544391868e-07,0.0013923994615433022,0.0012306657566316247,0.003375087085701579,0.005122083573819439
828.5714285714286,0.9,0.00020378788610271494,1.4518372907918848e-09,-2.2901928298894324e-05,-4.901566669657265e-07,0.0014048058559636804,0.0010197953209894967,0.0030128747769333952,0.004600901089202508
828.5714285714286,1.0,0.0002245737730652934,1.6105203262336868e-09,-2.0099054230871728e-05,-4.814762545562495e-07,0.001414211413169398,0.0008198386079124694,0.002711291761624729,0.00416825326695376
828.5714285714286,1.1,0.00024515866948556316,1.7250570142772653e-09,-1.9569597989706674e-05,-4.7425850375476817e-07,0.0013877358071386267,0.0007369517968705548,0.0024657950099537186,0.00382481354886101
828.5714285714286,1.2000000000000002,0.00026554786992593585,1.8509647511422372e-09,-1.8172313547633493e-05,-4.701320860954176e-07,0.0013748076842457866,0.000635939579914631,0.0022716024512564976,0.0035517419263049388
828.5714285714286,1.3000000000000003,0.0002857553472308322,2.0154300574780895e-09,-1.4737834934017664e-05,-4.6597603947185715e-07,0.0013911761622225245,0.00048191924632332836,0.002103973022118829,0.0033197924980216333
828.5714285714286,1.4000000000000001,0.00030581544618638837,2.13318744764279e-09,-1.5740374873348053e-05,-4.599537813179831e-07,0.0013759655496602954,0.00048325140276255223,0.0019500162072323471,0.0031196056688404692
828.5714285714286,1.5000000000000002,0.00032571814139321106,2.2585122328240758e-09,-1.5119005279874044e-05,-4.5397048084152377e-07,0.0013678813695521285,0.00043763628529972377,0.0018147359280189712,0.002940945075356645
828.5714285714286,1.6,0.000345469646547235,2.3803003091108645e-09,-1.4515763513541984e-05,-4.486009493496673e-07,0.0013593132066997851,0.0003976093676242337,0.0016970855127050718,0.002786758704659926
828.5714285714286,1.7000000000000002,0.00036507599406612355,2.491163612182871e-09,-1.3793886845801011e-05,-4.4394742106400664e-07,0.0013463183011036763,0.00035870725846888545,0.0015945566175005945,0.002650748097800851
828.5714285714286,1.8000000000000003,0.00038454440271655407,2.6076289737203645e-09,-1.290628656165464e-05,-4.4031921766456297e-07,0.0013380001577878622,0.0003195544908539672,0.0015058831913176752,0.002535296406073951
828.5714285714286,1.9000000000000001,0.00040388374850136805,2.73141539921593e-09,-1.2353603097469202e-05,-4.3695152375719814e-07,0.0013344839617564423,0.0002919786337857081,0.0014265744359624587,0.0024364581279914814
828.5714285714286,2.0,0.00042309955825520733,2.8510377235839427e-09,-1.1889219965992421e-05,-4.33455601528399e-07,0.0013297380704048378,0.0002688673613743903,0.0013541160793059763,0.0023468603934547077
828.5714285714286,2.1,0.0004421964758093867,2.9709603172003423e-09,-1.6499294238172566e-05,-4.280444230032406e-07,0.0013258979111505165,0.00035780260385399133,0.0012823873466282047,0.0022748763895434525
828.5714285714286,2.2,0.0004611284004211843,3.084026778963715e-09,-6.1626294492217885e-06,-4.2420223141001455e-07,0.00131992872884453,0.00012838846158162774,0.0012209855991096963,0.0021772246353472494
828.5714285714286,2.3000000000000003,0.00047999869873848974,3.1650525871738267e-09,-1.0930778225327852e-05,-4.223035991303801e-07,0.001301429009635633,0.00021915921555827524,0.0011698599609224548,0.0021163395014090433
828.5714285714286,2.4000000000000004,0.0004987596892735419,3.2630944776363374e-09,-1.052000411451339e-05,-4.193311517860248e-07,0.0012913402943673519,0.0002033183104464053,0.001119794169977008,0.002053479013150252
828.5714285714286,2.5000000000000004,0.0005174154797674489,3.377175873148408e-09,-1.0151440731304225e-05,-4.167777205476725e-07,0.0012883584583385488,0.00018940323815713032,0.0010744915423061589,0.0020012009526211567
828.5714285714286,2.6,0.0005359697558540428,3.4956583691201043e-09,-9.919360890976116e-06,-4.00965114754899e-07,0.0012874472641043677,0.00017891263531452935,0.0009993613117342567,0.0019201500596847736
828.5714285714286,2.7,0.000554424838331727,3.954754497221391e-09,-9.661688971074852e-06,-3.959870253296396e-07,0.001408112753273891,0.00016867965432926346,0.0009553640221442904,0.0019587432658040335
828.5714285714286,2.8000000000000003,0.0005727833039197005,4.0974024662228195e-09,-9.28134639070592e-06,-4.047822122615887e-07,0.0014122074895242295,0.00015703177030937252,0.0009464408714337688,0.001952047544655469
828.5714285714286,2.9000000000000004,0.0005910489560437669,4.249281641757085e-09,-9.241574086137244e-06,-4.0250798712764e-07,0.0014193501373499394,0.00015169463950946013,0.0009130805814533217,0.0019248372327304636
828.5714285714286,3.0000000000000004,0.0006092221924269719,4.430913333954538e-09,-7.97199509137156e-06,-3.999262495985128e-07,0.0014359185949532538,0.0001270810690500349,0.0008810987471867248,0.0019054348097039316
828.5714285714286,3.1,0.0006273157088592632,4.522151736510125e-09,-8.605489921543507e-06,-3.97660898637342e-07,0.001423284644401795,0.0001333516339776178,0.0008516999928602908,0.0018693067145203548
828.5714285714286,3.2,0.0006453231703923391,4.604182141565812e-09,-8.423037684956307e-06,-3.9572731908788996e-07,0.0014087314488070515,0.0001269971109574055,0.0008246904377044934,0.0018332706284485112
828.5714285714286,3.3000000000000003,0.0006632464015485654,4.685473916457935e-09,-4.2980990930426e-06,-3.932681143611109e-07,0.001394923563572926,6.310278833206217e-05,0.0007981351282433985,0.0017955035716975013
828.5714285714286,3.4000000000000004,0.0006811266517138613,4.3553490017466865e-09,-1.3677133560733783e-05,-3.908365998196057e-07,0.001262736143291049,0.00019570350717516467,0.0007730769067695271,0.0016816950490070703
828.5714285714286,3.5000000000000004,0.0006988701305435498,4.573163613737149e-09,-8.109078216539648e-06,-3.864502375128602e-07,0.0012922489063170296,0.00011317111235209023,0.0007455718345602786,0.001671666730400449
828.5714285714286,3.6,0.000716532518591073,4.8669827976345084e-09,-7.967304755101145e-06,-3.8563133395479387e-07,0.0013413980973367775,0.00010852934785357563,0.0007261849075189437,0.0016928722676861484
828.5714285714286,3.7,0.0007341152335910451,5.059778089439304e-09,-7.754648271673761e-06,-3.760290347233431e-07,0.0013611573543438045,0.00010317240258409591,0.0006916629511872123,0.0016793418842002386
828.5714285714286,3.8000000000000003,0.0007516204021083005,5.125668530529712e-09,-2.6030882282275683e-06,-3.727384859612632e-07,0.0013468697874969551,3.384592102468925e-05,0.0006700692025667666,0.0016471761421593706
828.5714285714286,3.9000000000000004,0.0007690995397432736,5.014517748917839e-09,-1.3197192411248337e-05,-3.810789542921799e-07,0.001287794463267842,0.00016780784151963117,0.0006699432604417177,0.0016075515530524504
828.5714285714286,4.0,0.0007864467054541342,5.444917558273855e-09,-4.786986499219231e-06,-3.785560907250273e-07,0.001367465335966467,5.955844870738539e-05,0.000651198069911343,0.001649735283733372
828.5714285714286,4.1,0.0008037460013000027,5.633639017542322e-09,-6.754315863945549e-06,-3.769745815959595e-07,0.0013844390547153975,8.227160640031908e-05,0.0006348759735090366,0.0016521425837133568
828.5714285714286,4.2,0.0008209777539872317,5.841400940384226e-09,-7.098120980895092e-06,-3.766372147449134e-07,0.0014053865735010776,8.468911480903469e-05,0.0006213300418238318,0.0016596342093635713
828.5714285714286,4.3,0.0008381385254646517,6.031848987468555e-09,-6.989247195083625e-06,-3.7057169218229135e-07,0.0014215153153591955,8.172365401086732e-05,0.0005991319212241718,0.0016568954902120943
828.5714285714286,4.3999999999999995,0.0008552294044701209,6.125884562594458e-09,-6.879155651606619e-06,-3.8413969604475125e-07,0.0014148844935745009,7.886665388753335e-05,0.0006089727618884756,0.0016582562313156384
828.5714285714286,4.5,0.000872251491919074,5.655655594276187e-09,-5.8419838097492965e-06,-3.842607025121436e-07,0.0012808362028555742,6.569820304050568e-05,0.0005975734465407886,0.0015359185136098563
828.5714285714286,4.6,0.0008892151595299297,5.596689989740131e-09,-7.918342867377705e-06,-3.6463276245326196e-07,0.001243364690588136,8.738931664223834e-05,0.000556502700136762,0.0014741041879675744
828.5714285714286,4.7,0.0009060996437121116,5.6482056479198944e-09,-1.2123138358965076e-06,-3.6346426128237945e-07,0.0012314706026207566,1.3134892820688373e-05,0.0005446293046804892,0.0014525613686044547
828.5714285714286,4.8,0.0009229720047559345,5.162700168103325e-09,-1.1989563112983768e-05,-3.581065498361001e-07,0.0011051421801446665,0.00012758594134334205,0.0005270518205790073,0.0013390984481787235
828.5714285714286,4.9,0.0009397244701686275,5.322793110831322e-09,-6.536625053081903e-06,-3.508945998693303e-07,0.0011191353127853099,6.834531558056793e-05,0.0005074356009074311,0.001331208739687902
828.5714285714286,5.0,0.0009564115693307898,nan,nan,nan,nan,nan,nan,nan
842.8571428571429,0.1,3.0145055805303212e-05,nan,nan,nan,nan,nan,nan,nan
842.8571428571429,0.2,4.834465393839817e-05,1.7808890716264083e-09,0.00042226021947280027,-1.1030254219633044e-06,0.007262000039473164,0.05966920867844145,0.02151131572293692,0.0673693143586043
842.8571428571429,0.30000000000000004,7.076685426622114e-05,4.913201941007689e-10,-5.330676168350332e-05,-5.83714151309782e-07,0.0013688253113286412,0.0057531912855901465,0.00869400063969429,0.013643466822898562
842.8571428571429,0.4,9.265598697720907e-05,6.76203358446638e-10,-4.233092657970866e-05,-5.183743834601752e-07,0.0014387943672446387,0.003709275766221101,0.006268994234207499,0.009717480813366382
842.8571428571429,0.5,0.00011412181042239991,8.674398292282309e-10,-3.3939756677795855e-05,-5.040084291253625e-07,0.0014986342638679,0.002509441720356977,0.005143900079217129,0.00783980984811794
842.8571428571429,0.6,0.0001352482363008128,9.46382900231589e-10,-3.0441132452596927e-05,-4.924789787445588e-07,0.0013798235999229846,0.0019504762942258234,0.004356097157143364,0.0066075287230693384
842.8571428571429,0.7000000000000001,0.0001560702508546997,1.1141848984829087e-09,-2.5954675068187778e-05,-4.839030596817365e-07,0.001407891178620495,0.0014694149116538124,0.0037822334887789464,0.005722929152165866
842.8571428571429,0.8,0.00017663271865790475,1.2596072619705673e-09,-2.3719378570844545e-05,-4.777723984405934e-07,0.0014064590221460603,0.0012042861652197844,0.0033492275268425936,0.005085575896772767
842.8571428571429,0.9,0.00019695799267540134,1.3866390882125694e-09,-2.175683711122208e-05,-4.70931061712199e-07,0.0013886378353242211,0.0010023157633579209,0.002995713392557443,0.004569633397534835
842.8571428571429,1.0,0.00021706569832178571,1.4781102678251804e-09,-1.9239478788886352e-05,-4.628086284112477e-07,0.001343234130066077,0.0008118574081288552,0.0026968460256045447,0.004124239002645959
842.8571428571429,1.1,0.00023698100918028122,1.6361128967873727e-09,-1.8701400739194303e-05,-4.55561258402926e-07,0.0013619774976008291,0.0007285049781914765,0.0024507889967258297,0.0037945270614617543
842.8571428571429,1.2000000000000002,0.0002567093060313848,1.7611887127682104e-09,-1.7352058627183067e-05,-4.5086339887402703e-07,0.0013535272115424127,0.0006280968008203761,0.0022539930610633303,0.003519589598551208
842.8571428571429,1.3000000000000003,0.0002762640822962165,1.8852630957852206e-09,-1.4453814765088936e-05,-4.462212956533024e-07,0.0013464229953940778,0.0004888424109635332,0.0020844564973409264,0.003277459315368569
842.8571428571429,1.4000000000000001,0.00029567432041339737,2.032098843187191e-09,-1.4703142928461406e-05,-4.4182558672200025e-07,0.001356092554518252,0.0004668590327672328,0.001937808581686856,0.0030930807573380046
842.8571428571429,1.5000000000000002,0.0003149375271012936,2.149770369126754e-09,-1.4405593352689781e-05,-4.36805534277226e-07,0.0013469579707288172,0.0004312320126381087,0.0018062597173063189,0.002919829645092469
842.8571428571429,1.6,0.00033405667785566293,2.265604485519453e-09,-1.384258972988235e-05,-4.320280074305546e-07,0.0013383759382973462,0.0003920998065223721,0.0016905599869328823,0.0027678472770955405
842.8571428571429,1.7000000000000002,0.00035303740271273344,2.3811613635031156e-09,-1.3191794535081024e-05,-4.2754365982913854e-07,0.0013310962828908652,0.00035472663932342843,0.00158831243566161,0.0026349802825687716
842.8571428571429,1.8000000000000003,0.00037188620962445314,2.4975811354862608e-09,-1.2339880733517682e-05,-4.235158364744066e-07,0.001325491756511737,0.00031591176947747674,0.0014980118060700254,0.0025188901097358968
842.8571428571429,1.9000000000000001,0.00039061161772883766,2.6114042497944365e-09,-1.1925596759925198e-05,-4.20283962524593e-07,0.0013195372301873772,0.00029142421561608313,0.0014190647308292925,0.0024194205909401634
842.8571428571429,2.0,0.00040921776986562293,2.7208641001356275e-09,-1.1357818236932235e-05,-4.176075652574656e-07,0.0013124059738390103,0.0002655492999185236,0.0013491338550134812,0.0023309333298793884
842.8571428571429,2.1,0.0004277103438200389,2.8156043473961597e-09,-1.5551541517234846e-05,-4.049876632077086e-07,0.0012994520842119,0.0003486522157729861,0.0012546479550034275,0.0022267503382091647
842.8571428571429,2.2,0.0004460474023592825,3.1334643190307526e-09,-6.4095191170570375e-06,-4.0210537422795027e-07,0.001386777551553578,0.00013804087846314129,0.0011967454295329929,0.0021923974338235366
842.8571428571429,2.3000000000000003,0.0004643203657073555,3.2402240785204756e-09,-1.0294734143932378e-05,-4.0747787965610037e-07,0.0013776500266441103,0.00021336661898547224,0.0011671176904842367,0.002160502792613869
842.8571428571429,2.4000000000000004,0.0004824903817139892,3.369516765637963e-09,-9.969475614848582e-06,-4.026990914974688e-07,0.0013787330804236582,0.00019916616617737435,0.001111842298733535,0.0021007043255323785
842.8571428571429,2.5000000000000004,0.0005005607029644744,3.4937984806257277e-09,-9.763839841346078e-06,-3.99360860832868e-07,0.001378041682106897,0.0001882972265319183,0.0010644546809669057,0.0020495322048722075
842.8571428571429,2.6,0.0005185333858165462,3.6246249461687225e-09,-2.2685159157620825e-06,-3.962921177661049e-07,0.0013801513400516746,4.228492410934252e-05,0.0010211151407145103,0.0019979884878162323
842.8571428571429,2.7,0.0005364833835094603,3.0470637722384484e-09,-1.5643636222441994e-05,-3.923458891554501e-07,0.001121612356523515,0.0002822350156915425,0.0009785448066124238,0.0018035439444285602
842.8571428571429,2.8000000000000003,0.00055427694484015,3.124832661943314e-09,-8.947176554253021e-06,-3.8816233476123656e-07,0.0011133721025960723,0.00015642435703406885,0.0009381923703904127,0.0017391020286430245
842.8571428571429,2.9000000000000004,0.0005719810344052972,3.2178931977126158e-09,-8.52817221905352e-06,-3.843395163397025e-07,0.0011110972970633933,0.0001446433938403717,0.0009012417123653559,0.0016970362881027965
842.8571428571429,3.0000000000000004,0.0005895998422482539,3.3000389762738443e-09,-8.566541062160567e-06,-3.8267694264504117e-07,0.001105470796153626,0.0001410982647676012,0.0008714612736701282,0.0016615847569361258
842.8571428571429,3.1,0.0006071329846805889,3.4280036976567823e-09,-8.3800404837033e-06,-3.8342908020201655e-07,0.0011152161208121095,0.00013417031070781334,0.0008488085566910648,0.0016439770680330605
842.8571428571429,3.2,0.000624582326708087,3.5252610848516824e-09,-8.197532023600672e-06,-3.814456914292198e-07,0.0011148538759075265,0.0001276974209612524,0.0008215987528242253,0.0016153187973990877
842.8571428571429,3.3000000000000003,0.000641949693415349,3.664567092151736e-09,-8.026641360695407e-06,-3.9777035230699947e-07,0.0011275912441995278,0.00012175657422784075,0.0008342697485243718,0.0016365508559067073
842.8571428571429,3.4000000000000004,0.000659236793709004,3.6480315621859288e-09,-7.860782678178068e-06,-3.9310659894713085e-07,0.0010930364203301812,0.00011620722087690399,0.0008035553833184797,0.0015810234794184329
842.8571428571429,3.5000000000000004,0.0006764452861758773,3.7133174193018193e-09,-6.305406209325143e-06,-3.6729556528578766e-07,0.0010843500793212724,9.090960974337383e-05,0.0007322877005498757,0.0015021884716709122
842.8571428571429,3.6,0.0006935907245806573,3.6727285886561393e-09,-9.792303502721872e-06,-3.6328817429830675e-07,0.0010460606144412543,0.00013779589884446974,0.0007069504655307955,0.0014535434084512189
842.8571428571429,3.7,0.0007106382399504101,3.852311413981304e-09,-5.511938955954364e-06,-3.603657988718308e-07,0.0010709299669584141,7.575188129489448e-05,0.0006849312267982274,0.0014459913251938668
842.8571428571429,3.8000000000000003,0.0007276306359306034,3.852613459603281e-09,-7.00713129984931e-06,-3.665252306203194e-07,0.001046070120783796,9.411192582221846e-05,0.0006808058583542029,0.001424820334539551
842.8571428571429,3.9000000000000004,0.0007445529605977981,4.071542904049196e-09,-7.4566569416680325e-06,-3.6287935258093126e-07,0.0010803895729188835,9.793341086468505e-05,0.0006591661857318938,0.0014303260827727732
842.8571428571429,4.0,0.0007614007186955762,4.042953279774101e-09,-6.746782981446353e-06,-3.5486824337608976e-07,0.0010491397577918466,8.669940417117609e-05,0.0006307398513640506,0.0013798103269147758
842.8571428571429,4.1,0.0007781810089635398,4.115681361194965e-09,-6.614474799067521e-06,-3.584629170483399e-07,0.001045025381543305,8.321191495204562e-05,0.0006237560993712292,0.0013700896371644223
842.8571428571429,4.2,0.0007948951544835128,4.1647965049970775e-09,-7.123953273883812e-06,-3.5587989882287116e-07,0.0010353002456882465,8.778335386699473e-05,0.0006065821341160696,0.001347381270018213
842.8571428571429,4.3,0.0008115380604707469,4.298676237085916e-09,-6.390881391509037e-06,-3.518218883472942e-07,0.0010467015153909777,7.717364752382521e-05,0.0005876817319563418,0.001338760423057207
842.8571428571429,4.3999999999999995,0.0008281170576440659,4.405307390166767e-09,-1.80956961852983e-05,-3.48815745624919e-07,0.001051229436014134,0.00021427321111544965,0.0005712896024279091,0.0013430338625026537
842.8571428571429,4.5,0.000844515097855532,5.6639402420335876e-09,3.7787469203817347e-06,-3.471527460036812e-07,0.0013251982742963663,4.389038687690968e-05,0.0005577193426989484,0.0015427827334720096
842.8571428571429,4.6,0.0008609509255362018,5.973524745258042e-09,-6.6071659633585595e-06,-3.438953324749767e-07,0.001370969297633402,7.531072847423233e-05,0.0005421909718230882,0.0015726317498796953
842.8571428571429,4.7,0.0008773206815572381,6.252038227781868e-09,-6.5420809694646445e-06,-3.4860296058207805e-07,0.0014081521583077282,7.320834630526952e-05,0.0005395659097316369,0.0016032824781692474
842.8571428571429,4.8,0.0008936250167685797,6.823630986503286e-09,-4.021089805496691e-06,-3.460548540914567e-07,0.0015087973905729168,4.419318380605774e-05,0.0005260734321250556,0.0016828336564468367
842.8571428571429,4.9,0.0009098891410818663,6.914898245720454e-09,-4.070961009798329e-06,-3.3399591985986594e-07,0.0015017207366784713,4.395751881743384e-05,0.0004988825351674637,0.0016597786003623937
842.8571428571429,5.0,0.000926112555785055,nan,nan,nan,nan,nan,nan,nan
857.1428571428572,0.1,3.095372030723832e-05,nan,nan,nan,nan,nan,nan,nan
857.1428571428572,0.2,4.7005006438835964e-05,4.005925977193936e-09,0.0005325513225655815,-1.1266438174823151e-06,0.016910575360716603,0.07787909610834477,0.022743573732655377,0.08593987120044305
857.1428571428572,0.30000000000000004,6.838180579608942e-05,5.174540403836461e-10,-2.2274342568108802e-05,-7.419478837893656e-07,0.0014922645139367802,0.002487756541156651,0.011439363853856906,0.01643574996005593
857.1428571428572,0.4,8.953586172766179e-05,6.800671809453618e-10,-3.9584581939019324e-05,-4.963359004981215e-07,0.0014978980325926763,0.0035890035863848954,0.006213109341689119,0.009608855324267187
857.1428571428572,0.5,0.00011029407183984397,7.584119281936876e-10,-3.366256429774801e-05,-4.848848456908173e-07,0.0013562520955148105,0.002575251140395931,0.0051216389628956985,0.007806004708889274
857.1428571428572,0.6,0.00013071565630904866,9.453479753276781e-10,-2.766332342313222e-05,-4.730575397010558e-07,0.0014264744850427209,0.001833700915930615,0.004330078804809406,0.0065495384125358
857.1428571428572,0.7000000000000001,0.00015086060754402204,1.055467152157094e-09,-2.5603861380883846e-05,-4.638432736983102e-07,0.00138015706673294,0.001499498291773479,0.003751475112738341,0.005683349338099388
857.1428571428572,0.8,0.00017074952016518657,1.1937976211246353e-09,-2.273459692403944e-05,-4.601138045744067e-07,0.0013793150523166266,0.0011939744320600383,0.0033372874397109334,0.005059946627037189
857.1428571428572,0.9,0.00019041108681711071,1.2774535906806642e-09,-2.1337473405782307e-05,-4.528425662558461e-07,0.0013236569426978385,0.0010167514886357996,0.0029802864146460024,0.00453321800912358
857.1428571428572,1.0,0.00020985927873497703,1.481772488047904e-09,-1.7022118666297272e-05,-4.4472690452248145e-07,0.0013931383489846126,0.0007428787203282574,0.0026809074343780567,0.004106973654156451
857.1428571428572,1.1,0.00022913724946618038,1.5342680509913145e-09,-1.8505179263811623e-05,-4.3855189134610507e-07,0.0013212701298589587,0.000745484700056218,0.0024405141816183787,0.0037701089023311077
857.1428571428572,1.2000000000000002,0.0002482301684047456,1.6749563206958615e-09,-1.655224111415769e-05,-4.311921100315956e-07,0.0013315754922744569,0.0006195684976526969,0.002229709788897161,0.0034785298475530184
857.1428571428572,1.3000000000000003,0.00026715756493216926,1.835913939581546e-09,-1.3705276955650825e-05,-4.269400593420914e-07,0.0013562252142447484,0.000479292785124271,0.002062791146812984,0.0032525809807544296
857.1428571428572,1.4000000000000001,0.0002859479086900364,1.94392080699079e-09,-1.4261099176685095e-05,-4.245122089596421e-07,0.0013417415874475125,0.0004681977427027224,0.0019256073367351892,0.003071710735784682
857.1428571428572,1.5000000000000002,0.0003045956414561367,2.0561812435860413e-09,-1.3729679579523162e-05,-4.250412077854109e-07,0.0013324192549675894,0.0004249279273506968,0.0018176607912926842,0.0029263776787790802
857.1428571428572,1.6,0.00032310607742644176,2.0398163064293516e-09,-1.3175073872937747e-05,-4.2200451901434554e-07,0.0012461629110384258,0.00038581732814040753,0.0017076479544646777,0.0027447950896771806
857.1428571428572,1.7000000000000002,0.00034148476265801744,2.1054479248635327e-09,-1.257209214273894e-05,-4.074489035695406e-07,0.0012171040424342298,0.00034947939012945075,0.0015651827015312025,0.0025501121294131406
857.1428571428572,1.8000000000000003,0.00035973772696816573,2.370492831731285e-09,-1.1826467919155615e-05,-4.020909821835107e-07,0.0013008657884373675,0.0003129751494596902,0.0014705545425746794,0.0024729065022924216
857.1428571428572,1.9000000000000001,0.00037787242659912247,2.4751009587172985e-09,-1.1586636625789038e-05,-4.039335745516304e-07,0.001293158272078939,0.0002926722006890127,0.0014101244035288946,0.0023947477947704175
857.1428571428572,2.0,0.0003958912598638213,2.6050207303248718e-09,-1.1126816570742637e-05,-4.0051270035367716e-07,0.0012991539539310465,0.0002688943491258725,0.0013377300988212531,0.002310659819530157
857.1428571428572,2.1,0.00041379882496281274,2.749557078421652e-09,-1.0050325033561208e-05,-3.9561688333234636e-07,0.0013119488591867468,0.00023285884972072525,0.0012670558626722704,0.0022330011579215557
857.1428571428572,2.2,0.00043160588681146855,2.45480234793989e-09,-1.096457637968554e-05,-3.9240486643232357e-07,0.0011231543292446091,0.00024403507183243464,0.0012073094828903485,0.0020582082349799038
857.1428571428572,2.3000000000000003,0.0004493033028963275,2.5965515655748843e-09,-9.198834396664149e-06,-3.8990575524621986e-07,0.001141256171184975,0.00019701568621580327,0.001154444198041024,0.0020016901962251897
857.1428571428572,2.4000000000000004,0.0004669087306372198,2.7107693848093334e-09,-9.52121185253049e-06,-3.8538626538821456e-07,0.0011465891606638478,0.00019654912191292238,0.0010998702144153784,0.0019423509563909476
857.1428571428572,2.5000000000000004,0.0004844189462595868,2.827736294529283e-09,-9.242672613515248e-06,-3.8251558116466524e-07,0.0011528852270706715,0.0001841768839550064,0.0010538392419510796,0.0018932035725545263
857.1428571428572,2.6,0.0005018367351558187,2.9273290349882536e-09,-9.074561542048727e-06,-3.9555498921548826e-07,0.0011521227082270716,0.0001747918849303233,0.0010533011336261847,0.0018912497175271141
857.1428571428572,2.7,0.00051916377843663,3.2951106023338293e-09,-8.251500542479777e-06,-3.9255525802937263e-07,0.0012534806709159534,0.0001538287241123913,0.0010117563629098367,0.0019084493560215417
857.1428571428572,2.8000000000000003,0.0005364083067120166,3.4212589907438303e-09,-8.300932308321836e-06,-3.7334184647602e-07,0.0012596881884764765,0.00014995275976901695,0.0009324531110026664,0.0018298190541107045
857.1428571428572,2.9000000000000004,0.00055356982566432,3.5392548488457253e-09,-8.037520499073329e-06,-3.699491481199618e-07,0.0012627987021959356,0.00014084827556431532,0.0008963685963911599,0.001794840416357314
857.1428571428572,3.0000000000000004,0.0005706509694116326,3.64898298656604e-09,-8.226006567200407e-06,-3.7010401140276586e-07,0.0012630437663992528,0.0001399814281225517,0.0008708471284389588,0.0017696394543183084
857.1428571428572,3.1,0.0005876498530932732,3.6811864236852683e-09,-8.781271335414878e-06,-3.669831781600231e-07,0.0012373937084660446,0.00014525039555022122,0.0008393796312632024,0.00172085943583953
857.1428571428572,3.2,0.0006045609240615597,3.884246135164019e-09,-7.113891258058237e-06,-3.6362857541096705e-07,0.0012691734283751248,0.00011448151685062636,0.0008092057660788314,0.0017127565947046724
857.1428571428572,3.3000000000000003,0.0006214008561172655,3.9435022777013926e-09,-1.4935623164386184e-05,-3.6363250510639514e-07,0.001253675157819029,0.00023406713233785462,0.0007879945601521648,0.0016936232395170542
857.1428571428572,3.4000000000000004,0.0006380914319413276,4.717335379446694e-09,-3.7460756946525864e-07,-3.6095443218623914e-07,0.0014603576669212526,5.721136320233986e-06,0.0007622925303428226,0.0018151741102080002
857.1428571428572,3.5000000000000004,0.0006547782616896949,4.795012619856278e-09,-6.662442115612075e-06,-3.607464393633421e-07,0.0014466417669704464,9.923231051172944e-05,0.000743020398009108,0.0017907479099828925
857.1428571428572,3.6,0.0006713984670169062,4.87601387880496e-09,-7.124003148896786e-06,-3.5675276852241874e-07,0.001434714793550819,0.00010355446963365334,0.0007171677282810561,0.0017600537400858807
857.1428571428572,3.7,0.0006879474323126285,4.839009986901659e-09,-6.928021062748995e-06,-3.5357269167567016e-07,0.0013896705848819384,9.834972123648953e-05,0.0006941761661876076,0.0017042940185188864
857.1428571428572,3.8000000000000003,0.0007044271173977233,4.886336009350315e-09,-6.949390722002945e-06,-3.4899423830341787e-07,0.0013704912647118977,9.640720089440442e-05,0.0006696141496449319,0.0016686242458520497
857.1428571428572,3.9000000000000004,0.000720837308575598,5.110646281707008e-09,-6.7675310378226255e-06,-3.4518201093023473e-07,0.0014008258542759007,9.180298773009945e-05,0.0006476447242085178,0.001676194571090789
857.1428571428572,4.0,0.0007371798244430945,5.1915217553990004e-09,-6.638871184164086e-06,-3.469499745210822e-07,0.0013915067451089717,8.81122668163566e-05,0.0006369248478635454,0.0016599401546137987
857.1428571428572,4.1,0.0007534559515987494,5.288219352501452e-09,-6.956530420286487e-06,-3.451511375339581e-07,0.0013868604178909928,9.038416577029496e-05,0.0006202994833203087,0.0016435005367050099
857.1428571428572,4.2,0.0007696625134502015,5.442408356578713e-09,-5.419896010000566e-06,-3.420403637947792e-07,0.0013972856378737476,6.89716646143616e-05,0.000602102495170665,0.001637748171639768
857.1428571428572,4.3,0.0007858148763415535,5.492731457397075e-09,-6.3486090370770505e-06,-3.4007831234237503e-07,0.0013812853126077493,7.916921466195725e-05,0.000586663631674546,0.0016132468232837817
857.1428571428572,4.3999999999999995,0.0008019037531425347,5.530717599546761e-09,-5.801997968255933e-06,-3.184491788276027e-07,0.0013629931505935201,7.093474096312516e-05,0.0005386847428546141,0.0015630561635491668
857.1428571428572,4.5,0.0008179346099638334,4.977731322774261e-09,-5.9688559952498005e-06,-3.133804380526054e-07,0.0012028956472650678,7.157710320647318e-05,0.0005199905439399238,0.0014116874836473377
857.1428571428572,4.6,0.0008339057782251796,4.9081248670856076e-09,-5.93009152261752e-06,-3.2881411470480165e-07,0.001163432323992316,6.97807530064988e-05,0.0005354193277930169,0.001389889146352675
857.1428571428572,4.7,0.0008498176455712996,4.811907434590883e-09,-5.890638384714596e-06,-3.259430136350317e-07,0.0011193420445573306,6.804711099413014e-05,0.0005210606998282566,0.001341851529730267
857.1428571428572,4.8,0.0008656706065335725,4.692497140357661e-09,-5.855177712382058e-06,-3.270623371293809e-07,0.0010716491365550173,6.642552577776344e-05,0.0005135042161611982,0.001296231994044515
857.1428571428572,4.9,0.0008814650157187216,4.680837891590421e-09,-5.780190892774611e-06,-3.325213007411935e-07,0.0010498784917514859,6.442465934780406e-05,0.000512929477808017,0.001277727937623368
857.1428571428572,5.0,0.0008972016229949429,nan,nan,nan,nan,nan,nan,nan
871.4285714285714,0.1,3.191852640175171e-05,nan,nan,nan,nan,nan,nan,nan
871.4285714285714,0.2,4.64828948529868e-05,2.3695866283286083e-09,0.0005055096887120232,-1.1455904787034626e-06,0.010288034072528467,0.07647377298613209,0.023932650032661495,0.08425927293172947
871.4285714285714,0.30000000000000004,6.610236019134212e-05,4.922794878168017e-10,8.327001690181634e-05,-9.232822337934285e-07,0.001469180294753358,0.00962052720289495,0.014731243931250452,0.022994176000112283
871.4285714285714,0.4,8.655452569871561e-05,6.180836244634132e-10,-3.855800042717468e-05,-4.779043557520124e-07,0.0014088155601862536,0.0036163570227841957,0.00619000184532607,0.009575752977658926
871.4285714285714,0.5,0.00010662111120181735,7.674048528978148e-10,-3.116922294044171e-05,-4.642205603031236e-07,0.001419960589656019,0.0024663877505702236,0.005073395549776653,0.0077186813265820355
871.4285714285714,0.6,0.00012637600447551467,9.314028209365207e-10,-2.645320562437311e-05,-4.535971064907255e-07,0.0014541655813974097,0.0018135233231253627,0.00429532849538759,0.006504087802929612
871.4285714285714,0.7000000000000001,0.00014586636569296826,1.0152417588236579e-09,-2.4677307037699808e-05,-4.4762619667088414e-07,0.0013734015728250155,0.0014945983851226002,0.003745052956081443,0.005671939659477878
871.4285714285714,0.8,0.00016510995384004485,1.137031331907493e-09,-2.286562138767336e-05,-4.393314922923038e-07,0.001358991875168249,0.0012418539347165195,0.003296112784458068,0.005011764069435038
871.4285714285714,0.9,0.0001841248857732447,1.375160064198969e-09,-1.8455600969501494e-05,-4.3418280415359936e-07,0.0014738895499849353,0.0009093433111912798,0.002955605072740954,0.004524429064002135
871.4285714285714,1.0,0.00020295526169674955,1.3715298038471333e-09,-1.7903193940112875e-05,-4.294769968811879e-07,0.001333770149638869,0.0008078817815519526,0.002677602914421301,0.0040952082388648
871.4285714285714,1.1,0.00022160660568085327,1.545343017844539e-09,-1.65091066300384e-05,-4.200517161595905e-07,0.001376363410250632,0.0006876133978493427,0.0024174091492761285,0.003748989518788568
871.4285714285714,1.2000000000000002,0.0002400928585986566,1.6963508764215828e-09,-1.5338763413762156e-05,-4.127866397463868e-07,0.0013946494039680515,0.0005935463073616803,0.002207293661279693,0.0034701058763706547
871.4285714285714,1.3000000000000003,0.0002584257238823223,1.7590502972401542e-09,-1.4037366727364565e-05,-4.1337951561443495e-07,0.0013437383166401058,0.000507463570396354,0.0020652088972037837,0.0032547392394884013
871.4285714285714,1.4000000000000001,0.0002766182154987144,1.807081614501034e-09,-1.3732247890500465e-05,-4.1232075818474797e-07,0.0012897180046330258,0.0004660158876396,0.0019338085460899903,0.0030593748258211976
871.4285714285714,1.5000000000000002,0.00029467338463620143,1.880143614932695e-09,-1.5678773433947182e-05,-4.071283077076886e-07,0.0012597119798674057,0.0005016055555054008,0.0018000647737313148,0.0028842587929643346
871.4285714285714,1.6,0.000312571766039349,2.2127473172386973e-09,-1.0834158922301896e-05,-3.9857704174744297e-07,0.001397624856665102,0.00032794828973400653,0.001667411949783376,0.0027606938514200385
871.4285714285714,1.7000000000000002,0.0003303618058532736,2.486846297128476e-09,-7.882730802772967e-06,-3.929979519425745e-07,0.0014862146367082799,0.000226467734842892,0.0015606526742799243,0.0026704672102021688
871.4285714285714,1.8000000000000003,0.0003480730183591704,2.286697437491815e-09,-1.4587275102380042e-05,-3.9248102005900895e-07,0.0012972588400999088,0.0003989536321522984,0.0014838001718174897,0.002499073908190011
871.4285714285714,1.9000000000000001,0.00036563835811404346,2.386272202760758e-09,-1.0731112315702679e-05,-3.8930151648141336e-07,0.001288779738381585,0.0002801152056499124,0.0014047923759069063,0.0023845966076700563
871.4285714285714,2.0,0.0003830963867457595,2.461867164864305e-09,-1.0597517425181469e-05,-3.8680116881760474e-07,0.0012690905845036662,0.0002646412461939753,0.0013353665234803948,0.0022906403918832806
871.4285714285714,2.1,0.00040044844020322367,2.495738966066432e-09,-1.3514232602510877e-05,-3.830995266042253e-07,0.0012308746476418163,0.0003235660453836002,0.0012680203276400112,0.0021989766907698476
871.4285714285714,2.2,0.00041766535133466276,2.9625715356366763e-09,-6.611389803196564e-06,-3.769425720146675e-07,0.0014008299106177842,0.00015205023605882847,0.0011984986202441365,0.002204141918802229
871.4285714285714,2.3000000000000003,0.0004348161485680699,3.081688722607571e-09,-8.664799922876441e-06,-3.7390067014514336e-07,0.0013997583854472475,0.0001917498940542066,0.001144000485414102,0.0021479212696826405
871.4285714285714,2.4000000000000004,0.00045188029780224824,3.1547468815973754e-09,-9.016844202758624e-06,-3.738890271222491e-07,0.0013789116629386547,0.00019231656005765075,0.0011026141436610711,0.0020904303224607915
871.4285714285714,2.5000000000000004,0.000468854278594399,3.172426665100471e-09,-9.076080268550708e-06,-3.726908260574782e-07,0.001336516703743597,0.00018685154625721557,0.0010609336234245264,0.002018006617023282
871.4285714285714,2.6,0.0004857374985838643,3.2132803744196927e-09,-1.0407365803308036e-05,-3.7020929146707906e-07,0.0013067427293460192,0.00020710489709375277,0.0010186966779041117,0.0019560048165187744
871.4285714285714,2.7,0.0005025166449152965,3.4147318942508508e-09,-5.790654228549681e-06,-3.6122887396339346e-07,0.0013423202638476366,0.00011152218278228671,0.0009620306808488373,0.0019144886914728614
871.4285714285714,2.8000000000000003,0.0005192378847044431,3.5964891725115326e-09,-7.821066231943842e-06,-3.579157986806338e-07,0.0013683184487656766,0.00014594784083701135,0.0009236563485299678,0.0018973345118446878
871.4285714285714,2.9000000000000004,0.0005358809138312704,3.6025169860097677e-09,-7.715597766472323e-06,-3.61633218403778e-07,0.0013281207068737188,0.0001396622796675909,0.0009053150018594135,0.001850027207792392
871.4285714285714,3.0000000000000004,0.0005524467869804329,3.6016112087424714e-09,-9.467608819201197e-06,-3.5932108997065857e-07,0.0012880424901749842,0.00016641430021154308,0.0008735062896948459,0.0017924211703960607
871.4285714285714,3.1,0.0005689179840414034,3.762507211269228e-09,-5.695639445095403e-06,-3.5468427637062583e-07,0.001306660097850587,9.730609736953218e-05,0.0008381154044534542,0.00176683444336603
871.4285714285714,3.2,0.000585332224707923,3.7107173102476173e-09,-8.965017205605096e-06,-3.519630099739237e-07,0.0012526268517351238,0.00014900549580892602,0.0008091464551633366,0.0017031478618358123
871.4285714285714,3.3000000000000003,0.0006016568152023865,3.826827189490317e-09,-7.261401718935618e-06,-3.3807450736888216e-07,0.0012568137507762425,0.00011751575340426798,0.000756887740188234,0.0016550374191941772
871.4285714285714,3.4000000000000004,0.0006179087916796607,3.5932520026153064e-09,-7.095694936991562e-06,-3.3491870114235853e-07,0.0011492345744191735,0.00011190362645125104,0.0007307134572726092,0.0015495634359173358
871.4285714285714,3.5000000000000004,0.0006340898112075649,3.7043173165640894e-09,-6.951640908856199e-06,-3.460477602219545e-07,0.0011545635676397455,0.00010691520850058903,0.0007363048434868893,0.0015584407395259682
871.4285714285714,3.6,0.0006502013143263806,3.846136519215894e-09,-6.863971179806026e-06,-3.4430030548198e-07,0.0011690908734654228,0.0001030248579906193,0.0007149639000853966,0.0015491075975008239
871.4285714285714,3.7,0.0006662441777333982,4.008988914650993e-09,-6.623084509299602e-06,-3.4238494191018545e-07,0.0011892783729705023,9.708124421523544e-05,0.0006943533738350088,0.0015453352490336402
871.4285714285714,3.8000000000000003,0.0006822208102953228,4.1490713821041105e-09,-3.2797266766456347e-06,-3.4056834122169e-07,0.0012020395591554433,4.6976407318244656e-05,0.0006749459218567162,0.0015356464044437987
871.4285714285714,3.9000000000000004,0.000698164645590481,3.973277738134023e-09,-9.005645923052754e-06,-3.3796366994621395e-07,0.0011249043274199676,0.00012612624009369574,0.0006549355079610901,0.0014625999499059354
871.4285714285714,4.0,0.0007140184244264086,4.0459991836080075e-09,-6.208058909117335e-06,-3.3588795676584184e-07,0.0011200986404198772,8.506402852261951e-05,0.0006368520113468476,0.0014397978406470837
871.4285714285714,4.1,0.000729810122673245,4.105441164486311e-09,-6.1252920216113725e-06,-3.331465843078658e-07,0.001112002810292541,8.215907067330076e-05,0.0006183537375815986,0.0014170473007471113
871.4285714285714,4.2,0.0007455405679998654,4.131240072758881e-09,-5.835551057523438e-06,-3.3224335080736713e-07,0.0010954284562345825,7.66612456795837e-05,0.0006040014927000945,0.0013912138784836468
871.4285714285714,4.3,0.0007612126578159105,4.175245423238227e-09,-6.558111349352738e-06,-3.3208164737723707e-07,0.001084340508630582,8.442262539356227e-05,0.0005915951278902792,0.0013721847940502047
871.4285714285714,4.3999999999999995,0.0007768191665184621,4.266837448814697e-09,-5.568961361870384e-06,-3.3095562522544693e-07,0.0010858948463663659,7.028233606806132e-05,0.00057803367721898,0.0013610117883864228
871.4285714285714,4.5,0.000792369985607395,4.340065058721401e-09,-5.851564603047767e-06,-3.301928696841098e-07,0.0010828830962948623,7.24326990176348e-05,0.0005656563509521021,0.0013482642585461585
871.4285714285714,4.6,0.0008078622890502974,4.418682095593727e-09,-5.796098241184037e-06,-3.288792780828751e-07,0.0010813833886160113,7.040109262378403e-05,0.0005528568894360223,0.0013362813429106232
871.4285714285714,4.7,0.0008232966315107879,4.504064372318721e-09,-5.712519508913483e-06,-3.2741212419295524e-07,0.0010816400618033158,6.811371926344565e-05,0.0005403112944574678,0.001326068358677783
871.4285714285714,4.8,0.0008386738487761894,4.593174726699815e-09,-5.490264691390255e-06,-3.258092390850819e-07,0.0010828398125232194,6.42891025360838e-05,0.0005280320396403224,0.001316932351361927
871.4285714285714,4.9,0.0008539961633946769,4.670220660559557e-09,-5.721193902083389e-06,-3.2365772690048913e-07,0.001081275195567365,6.58167357199993e-05,0.0005153447892158116,0.001305621842186266
871.4285714285714,5.0,0.0008692612660741436,nan,nan,nan,nan,nan,nan,nan
885.7142857142858,0.1,3.304152560621592e-05,nan,nan,nan,nan,nan,nan,nan
885.7142857142858,0.2,4.6444372374959804e-05,1.938986937434243e-09,0.00040761606444864,-1.119877794100633e-06,0.008455094382745044,0.06376635055894644,0.02420224354339016,0.07286379944591632
885.7142857142858,0.30000000000000004,6.392337978819009e-05,1.5593595031701866e-09,0.00022969419835456627,-1.0329786048760652e-06,0.0048143006146657875,0.0274427764942976,0.01704918037894602,0.0368460659407761
885.7142857142858,0.4,8.369932918496604e-05,6.189915509856074e-10,-3.7051478266599625e-05,-4.959482019245306e-07,0.0014594823933679964,0.003593575786546895,0.006645001382321753,0.010166413454720564
885.7142857142858,0.5,0.000103104763799076,7.790064452586661e-10,-2.837635628508838e-05,-4.469876038445429e-07,0.0014910828203123822,0.0023216218586294304,0.005052808263942526,0.00765996075289087
885.7142857142858,0.6,0.00012222643485033507,7.881951353526946e-10,-2.687898640013581e-05,-4.387793019067957e-07,0.0012728377569742218,0.0019052393472742306,0.004297272857760535,0.0064948564998829564
885.7142857142858,0.7000000000000001,0.00014107931603759278,9.460680676828588e-10,-2.2976249935399486e-05,-4.3052181200086495e-07,0.0013236438361674484,0.001438691274487585,0.0037249792983230132,0.0056189685115847375
885.7142857142858,0.8,0.0001597024347254965,1.0614893951423929e-09,-2.0622377296049306e-05,-4.196898719489352e-07,0.0013120377285941035,0.0011577843537632123,0.0032562516327392177,0.004926282269877246
885.7142857142858,0.9,0.00017811932964043972,1.1361151319218686e-09,-2.0507585525941326e-05,-4.13140256539002e-07,0.0012592552605301028,0.00104454059693119,0.00290803185662735,0.004426069071775668
885.7142857142858,1.0,0.00019633114870012353,1.4161822564114797e-09,-1.5162973819046003e-05,-4.110608572504112e-07,0.0014240418533942318,0.0007072568303816984,0.0026498749631936273,0.004070845374791445
885.7142857142858,1.1,0.00021439133802161688,1.4815840879380465e-09,-1.4978449413007257e-05,-4.061069065730405e-07,0.0013644182611354215,0.000644784203050288,0.0024163680963354486,0.003735646318081866
885.7142857142858,1.2000000000000002,0.00023230174284898016,1.4818158522604316e-09,-1.592749872884565e-05,-4.0109198729201573e-07,0.0012595601559562087,0.0006369652368941897,0.0022172272352237897,0.0034386639447204436
885.7142857142858,1.3000000000000003,0.000250052872689055,1.595327077264822e-09,-1.4668805551276087e-05,-3.986705014152683e-07,0.0012598473157110967,0.0005480442624975226,0.0020589001585065328,0.003219581882474394
885.7142857142858,1.4000000000000001,0.00026765731447361704,1.7829375117576477e-09,-1.2692566335524394e-05,-3.9536984111065996e-07,0.0013154043296168178,0.0004451426123229579,0.0019167460930576523,0.0030456972381022913
885.7142857142858,1.5000000000000002,0.00028513483059482386,1.9488594376467462e-09,-1.2331097862364235e-05,-3.851454965564764e-07,0.0013497195083882457,0.0004076543743909103,0.0017602608808700683,0.0028609371852116555
885.7142857142858,1.6,0.00030248903573740704,1.9927905212539268e-09,-9.687217898527755e-06,-3.781019039908198e-07,0.0013011154150815022,0.0003029656892706194,0.0016350121822788493,0.002670434272667729
885.7142857142858,1.7000000000000002,0.00031974636870100493,1.9154606126364144e-09,-1.2871896800081262e-05,-3.8565548898797856e-07,0.0011832794293511345,0.00038209714170654263,0.0015828185000868627,0.002560620479895509
885.7142857142858,1.8000000000000003,0.000336874982696602,2.1244293637294967e-09,-1.1231273614061529e-05,-3.8574311558950056e-07,0.0012455921319320402,0.0003173650814032504,0.001507121945688775,0.0024889864347518117
885.7142857142858,1.9000000000000001,0.0003538912839560585,2.204696032150367e-09,-1.0364971743685636e-05,-3.7361267656175695e-07,0.0012305546061024473,0.000279527015530809,0.0013932065494588794,0.0023397540404755677
885.7142857142858,2.0,0.0003708039354980781,2.3885471541073867e-09,-1.0919711359241118e-05,-3.688616966547591e-07,0.0012724176466915051,0.00028172092800685816,0.0013158879596782806,0.002271901316902107
885.7142857142858,2.1,0.0003876073899265053,2.5975344894043714e-09,-8.142206123131627e-06,-3.617061711059932e-07,0.001323788598605239,0.00020137555355091634,0.0012371701409484533,0.0022032131723176474
885.7142857142858,2.2,0.0004043294222937012,2.4868567372855156e-09,-9.354435524653496e-06,-3.5846804974548267e-07,0.0012151397799642478,0.00022221783450657566,0.0011777327397074575,0.002073657219306513
885.7142857142858,2.3000000000000003,0.00042095791030565054,2.528871356400408e-09,-9.070745611968127e-06,-3.6233683823163817e-07,0.0011869296871410053,0.0002073333703951865,0.0011454893190389732,0.0020189306002834305
885.7142857142858,2.4000000000000004,0.0004374956908614802,2.618468684902962e-09,-9.642647481286928e-06,-3.6106496631995684e-07,0.001182572833701561,0.0002124225724408199,0.001100143729708852,0.0019657655781722097
885.7142857142858,2.5000000000000004,0.000453937044942497,2.7972071163716902e-09,-8.436550662032584e-06,-3.586139370728179e-07,0.001217560809915823,0.00017938885167101607,0.0010546964685315277,0.0019337538538843231
885.7142857142858,2.6,0.0004702940335168935,2.954088083651134e-09,-8.462663727589043e-06,-3.529115453420737e-07,0.0012411541642762158,0.00017392618575092002,0.0010032689575360373,0.0018930956605256242
885.7142857142858,2.7,0.00048656639545401406,3.0392387787217267e-09,-3.731731211976257e-06,-3.5069248365077825e-07,0.0012342930692148001,7.421878528012607e-05,0.0009648549867339205,0.0018414337076448819
885.7142857142858,2.8000000000000003,0.0005028014400790149,2.86589821431252e-09,-1.0927515762962704e-05,-3.540218678008493e-07,0.0011264147008982419,0.00021057897065206624,0.0009437647663432655,0.0017591297421345807
885.7142857142858,2.9000000000000004,0.0005189272095463861,2.9604837515962456e-09,-7.535176886229107e-06,-3.524215509123571e-07,0.0011274526520249524,0.00014085031789151352,0.0009113264305473393,0.0017181443538412445
885.7142857142858,3.0000000000000004,0.000534977627244895,3.1187028678413644e-09,-7.4071339325478495e-06,-3.4495097747521304e-07,0.001152092813332612,0.00013444197314875343,0.0008661830430781611,0.0016869909966887996
885.7142857142858,3.1,0.0005509539736040784,3.2028566762092616e-09,-6.95053619862015e-06,-3.4301205926520893e-07,0.0011489252193985363,0.00012261451170353152,0.0008371608581199204,0.0016543095487200796
885.7142857142858,3.2,0.0005668608146012756,3.336418845287891e-09,-7.38961702530889e-06,-3.414269116543536e-07,0.001163274079947604,0.0001268181940469056,0.0008106826327076832,0.0016382008733262792
885.7142857142858,3.3000000000000003,0.0005826937594282198,3.4335474509361344e-09,-6.723610194254643e-06,-3.360097532045723e-07,0.0011646572462460866,0.00011234863097751549,0.0007768362250431289,0.0016049915131222837
885.7142857142858,3.4000000000000004,0.0005984594681532213,3.5116972695208786e-09,-6.783302695869025e-06,-3.3696754270730524e-07,0.0011598360822783994,0.00011044893892063916,0.0007591703814808681,0.0015843288932854867
885.7142857142858,3.5000000000000004,0.0006141573438512642,3.4986897600438553e-09,-6.61320932040599e-06,-3.352185476703934e-07,0.001126052344251542,0.0001050067308583993,0.0007365159512562117,0.0015375083051579418
885.7142857142858,3.6,0.0006297890874561031,3.562030704364e-09,-6.174690378403166e-06,-3.3029244878935785e-07,0.0011180307170865459,9.567836774882223e-05,0.0007082183547458789,0.001504092254618065
885.7142857142858,3.7,0.0006453590841571579,3.5862381493503717e-09,-6.782840363645739e-06,-3.2847964439943524e-07,0.0010985241763643364,0.00010263637546387929,0.0006878368818054698,0.0014708938587026086
885.7142857142858,3.8000000000000003,0.0006608612524545762,3.6484441717767914e-09,-6.056513884823092e-06,-3.3253677597895143e-07,0.0010914068172406454,8.955327978516616e-05,0.0006804305261132297,0.0014577928633290427
885.7142857142858,3.9000000000000004,0.0006763028556131464,3.846833152664022e-09,-6.172024289016145e-06,-3.3203623955145473e-07,0.0011244739980719233,8.923201267308947e-05,0.0006643210719030891,0.001468008548195304
885.7142857142858,4.0,0.0006916827385288263,3.917484421326152e-09,-6.0482561156150775e-06,-3.260325762178511e-07,0.001119700261571574,8.55479182165953e-05,0.0006381945230662301,0.0014407052511246396
885.7142857142858,4.1,0.0007070021388833501,3.9906203816554755e-09,-5.98064694142062e-06,-3.2470913885360137e-07,0.001115923577222653,8.280442767605241e-05,0.0006221931015863529,0.0014235134403185142
885.7142857142858,4.2,0.0007222617327684597,4.068492004894683e-09,-5.8796460600100435e-06,-3.236835197431935e-07,0.0011136945813993346,7.972806507839168e-05,0.0006074584066051994,0.0014087879955870005
885.7142857142858,4.3,0.0007374625301929692,4.1604913927004214e-09,-5.796457026993259e-06,-3.215474668023871e-07,0.0011154305795406892,7.701854533063784e-05,0.0005913261976556712,0.0013962272659446074
885.7142857142858,4.3999999999999995,0.0007526053630472088,4.227851684934666e-09,-5.710708748745372e-06,-3.1950981550545055e-07,0.0011107177985109039,7.43881078204007e-05,0.0005760473034946253,0.0013794522863226789
885.7142857142858,4.5,0.0007676910888139609,4.316154429377146e-09,-5.6242849054248525e-06,-3.183884679060967e-07,0.0011116623026234526,7.185559072482173e-05,0.0005630175768842732,0.0013692822516755874
885.7142857142858,4.6,0.0007827205717316587,4.406530287940003e-09,-5.5240388403083795e-06,-3.166014151098375e-07,0.0011131747423872747,6.925002822572288e-05,0.0005493618199812466,0.0013592462587789064
885.7142857142858,4.7,0.0007976948142609535,4.4959352790248795e-09,-5.458317415640931e-06,-3.1497857236608657e-07,0.0011144680749660882,6.716982767180733e-05,0.0005365248836016695,0.0013499143592523373
885.7142857142858,4.8,0.0008126144736160919,4.580177107986239e-09,-5.371564334099524e-06,-3.1331114612414953e-07,0.0011145334069996157,6.491470035563442e-05,0.0005241093236610641,0.001340067087849466
885.7142857142858,4.9,0.0008274804173278893,4.679725593690151e-09,-5.034368737004152e-06,-3.110992998152689e-07,0.0011183259134704376,5.9769589708250645e-05,0.0005112704183540168,0.0013330491866248462
885.7142857142858,5.0,0.0008422960173523166,nan,nan,nan,nan,nan,nan,nan
900.0,0.1,3.427810390932273e-05,nan,nan,nan,nan,nan,nan,nan
900.0,0.2,4.6801561516817345e-05,1.6988782228380269e-09,0.0002737616894026134,-9.288408151682191e-07,0.0072983155566927185,0.04411054814393045,0.020757905083195576,0.053486326424694586
900.0,0.30000000000000004,6.20626360183381e-05,4.9005677310804015e-09,0.0003646746957681219,-1.120633807108787e-06,0.015645541064938612,0.045037993748433126,0.01912686104316342,0.05481676260805217
900.0,0.4,8.097045747754007e-05,5.645279467704509e-10,-1.3088163321174853e-05,-6.739465360130192e-07,0.0013764720240540202,0.0013121308099245648,0.009337888282340572,0.013341989268557494
900.0,0.5,9.974739730353029e-05,6.969674345142351e-10,-2.8661575429305736e-05,-4.293616161777531e-07,0.001379550727829272,0.0024240635810587234,0.005018339429992041,0.0076253987256336446
900.0,0.6,0.00011823772137522746,8.888520170734107e-10,-2.4270394885367847e-05,-4.2265430455432444e-07,0.001484117335610978,0.0017782418697110329,0.004279804301632316,0.0064806016799056065
900.0,0.7000000000000001,0.00013648534149807094,9.81405737959238e-10,-2.2141552116171887e-05,-4.1368301382123053e-07,0.0014196757605801963,0.001433003078092125,0.003700480428154548,0.005608572713740119
900.0,0.8,0.0001545115460997527,1.0870441063134768e-09,-1.9211696279528486e-05,-4.069418367329495e-07,0.0013891193103202219,0.0011147190597623655,0.00326379782711176,0.00494742393099893
900.0,0.9,0.0001723456337386392,1.1483036597678282e-09,-1.8366888700541668e-05,-3.975989617573073e-07,0.00131567801282415,0.0009666984371403231,0.002893063686311512,0.004405127635824773
900.0,1.0,0.00018999605249052026,1.1675074989318425e-09,-1.6803678044163694e-05,-3.923609248659631e-07,0.00121359671195441,0.0008098999825085234,0.0026144508081518635,0.0039748535844010315
900.0,1.1,0.0002074784344619597,1.326432810516198e-09,-1.4777793567490035e-05,-3.9253356538273464e-07,0.0012626469710611138,0.0006573370328625149,0.0024139389975459716,0.003698725769241186
900.0,1.2000000000000002,0.00022481303849772422,1.4819274564114553e-09,-1.4204408315724952e-05,-3.8835500066673445e-07,0.0013019023063226035,0.0005869454428609108,0.0022187021973757892,0.003447424176016583
900.0,1.3000000000000003,0.0002420055984503315,1.5693254466974314e-09,-1.3788015610117508e-05,-3.8060861170577994e-07,0.0012808111175921894,0.0005322319463032471,0.0020314280938685462,0.003190164284912344
900.0,1.4000000000000001,0.0002590602782468376,1.686538708779914e-09,-1.2095507405114178e-05,-3.767336440619567e-07,0.0012859412188950925,0.0004382525444387986,0.00188749623806317,0.002995161800064517
900.0,1.5000000000000002,0.00027599400296929256,1.7376066036791986e-09,-1.147303131694287e-05,-3.7234767705531926e-07,0.0012436698520760393,0.00039182110834067187,0.001758494325718101,0.002807996272980017
900.0,1.6,0.0002928129973785781,1.835024645316035e-09,-1.101499100178817e-05,-3.7299597768811864e-07,0.0012380442969172683,0.0003558712023345768,0.001666481464236993,0.002685836729042064
900.0,1.7000000000000002,0.00030952184187784575,1.9139713651651627e-09,-1.2018233007377421e-05,-3.6972234737211533e-07,0.0012216132512809573,0.0003685325329368679,0.0015678658525849986,0.002558234122777324
900.0,1.8000000000000003,0.00032611050404703963,2.149513768084636e-09,-1.0501845241502439e-05,-3.6138629619757456e-07,0.001302193103475506,0.0003065389560811273,0.0014588269359276148,0.002458866622716731
900.0,1.9000000000000001,0.0003425941477638185,2.306726888625139e-09,-7.884862732155348e-06,-3.604157908217592e-07,0.0013302407006265424,0.00021963470614948087,0.0013885497209794586,0.0023819992403468623
900.0,2.0,0.0003589989428532758,2.2549087784266826e-09,-1.0728921347587194e-05,-3.5749134425871045e-07,0.0012410479526515756,0.00028587857369594117,0.0013175752930469694,0.002256974941237653
900.0,2.1,0.0003752964487292572,2.2322582984604975e-09,-9.2939569379532e-06,-3.543728466405678e-07,0.001175320517339832,0.00023739292060588737,0.0012520655086151666,0.002138473706399327
900.0,2.2,0.0003915010150358591,2.361932280280465e-09,-8.981310404605366e-06,-3.516904863275345e-07,0.0011921640360504472,0.00022033765875691512,0.001193504072896768,0.0020781500707987666
900.0,2.3000000000000003,0.00040761576823841495,2.490693207167009e-09,-8.50561559927079e-06,-3.4901423535287423e-07,0.001207495390186302,0.00020077202038617904,0.0011396495444515912,0.0020238470025741957
900.0,2.4000000000000004,0.0004236454652849781,2.60335321326841e-09,-8.449244576832092e-06,-3.448223205054198e-07,0.0012144041306789202,0.0001922070952740562,0.001085179807411716,0.001966456556578856
900.0,2.5000000000000004,0.0004395906698857729,2.677151530002765e-09,-8.243091753254958e-06,-3.4703464121655885e-07,0.0012035974177252154,0.0001809864843409734,0.0010541570545965773,0.0019245511276607785
900.0,2.6,0.00045545344356903516,2.5919540984954896e-09,-7.981844758178558e-06,-3.439561288749088e-07,0.0011247649055359558,0.00016938090475235773,0.0010098640246912947,0.0018257701608777141
900.0,2.7,0.00047123639880471564,2.6858715287336112e-09,-6.948140021510337e-06,-3.454502644218605e-07,0.0011265411088837375,0.00014268696660373677,0.0009815015200989909,0.0017933613434990832
900.0,2.8000000000000003,0.000486949872640181,2.8269261062438015e-09,-8.566085667600615e-06,-3.449505929045174e-07,0.0011474185417232146,0.00017044301632792748,0.0009496255972449988,0.0017745978929298413
900.0,2.9000000000000004,0.0005025776856189704,3.0186222529566504e-09,-6.0561115373860405e-06,-3.3367592622891605e-07,0.0011871517746867872,0.00011688064669341513,0.0008910277184255573,0.0017351804550878181
900.0,3.0000000000000004,0.0005181449374823859,3.098998943851308e-09,-6.858195941347992e-06,-3.3123792988891444e-07,0.0011821966599021392,0.0001285164077002102,0.0008588685541244388,0.0016998281666861356
900.0,3.1,0.0005336436073863879,3.1602146607599944e-09,-7.197099060089142e-06,-3.2930848949144206e-07,0.0011705910083253182,0.00013107791438569567,0.0008299051321873286,0.0016628138155769345
900.0,3.2,0.000549070306299789,3.2649829200702543e-09,-6.557758955836894e-06,-3.2691465774306946e-07,0.0011754614673462323,0.00011618344824359553,0.0008014860843734281,0.0016370608240838303
900.0,3.3000000000000003,0.0005644314276236318,3.33586699554908e-09,-6.57314085454304e-06,-3.306513072075209e-07,0.0011683481618769281,0.00011338341880486924,0.0007892915651482715,0.001619831959386372
900.0,3.4000000000000004,0.0005797268175389292,3.2397409837547056e-09,-8.331264088660103e-06,-3.297296981349676e-07,0.0011047893207839048,0.0001400356265373104,0.0007669735298665952,0.0015545630289730643
900.0,3.5000000000000004,0.0005949388948133399,3.473384334466813e-09,-4.716646021809492e-06,-3.225833640036029e-07,0.0011541894807680132,7.73089100297958e-05,0.0007317265197614661,0.0015520880852999245
900.0,3.6,0.0006101038056275325,3.5431926915817193e-09,-6.284052420546699e-06,-3.215736043816598e-07,0.0011481630337915178,0.0001005117300173251,0.0007118376027856455,0.0015302962149582827
900.0,3.7,0.0006252058759175197,3.6299635885758425e-09,-6.167115045745997e-06,-3.1984738902896604e-07,0.001147901863960313,9.632410661345081e-05,0.0006914081280644573,0.0015109756523205907
900.0,3.8000000000000003,0.0006402462750570494,3.698482374542066e-09,-6.054057042779916e-06,-3.178977392670464e-07,0.0011421343262775034,9.239645264567768e-05,0.0006715033416687588,0.0014882343227689285
900.0,3.9000000000000004,0.0006552261336261513,3.779261613195532e-09,-5.945294741206089e-06,-3.1661169569911885e-07,0.0011404326831427217,8.871633878582686e-05,0.0006539160184759511,0.0014709417432334122
900.0,4.0,0.0006701465392478412,3.8613293528581106e-09,-5.837745328904786e-06,-3.149456359518623e-07,0.0011392888019998335,8.522149366575018e-05,0.000636380446860745,0.0014543733439657785
900.0,4.1,0.000685008567416242,3.945908711651765e-09,-5.7393556793954885e-06,-3.1265412068941044e-07,0.0011390170522619803,8.201268085204105e-05,0.0006184028913313616,0.0014383776267649902
900.0,4.2,0.0006998132020278489,4.047862277886925e-09,-5.635419336649099e-06,-3.079539876357558e-07,0.0011437603640711347,7.886542271153372e-05,0.0005965513501221051,0.0014234305574858986
900.0,4.3,0.0007145614824460892,4.216464599615074e-09,-5.537641389766287e-06,-3.037455312848086e-07,0.0011668429842640476,7.593566103482994e-05,0.0005765600523929666,0.0014255285905844842
900.0,4.3999999999999995,0.0007292543864504319,4.3869567923391405e-09,-5.425059151778835e-06,-3.0166878890846975e-07,0.0011895972956318778,7.292794610332791e-05,0.0005613656573664113,0.0014320345713837964
900.0,4.5,0.0007438930398632568,4.560350307653813e-09,-5.354696756365659e-06,-2.9908529637866496e-07,0.0012123154089149746,7.059790426957914e-05,0.000545871316716661,0.0014389731420731595
900.0,4.6,0.0007584781463085181,4.748766992101892e-09,-5.271793061432331e-06,-2.9715354658701547e-07,0.0012381635999332977,6.819820460323111e-05,0.0005321647564503393,0.0014505511887991356
900.0,4.7,0.000773010534823165,4.925109776645097e-09,-5.309485977950372e-06,-2.9574382562650393e-07,0.0012600363274825966,6.742291501354274e-05,0.0005199158926943183,0.001460432287713817
900.0,4.8,0.0007874898284780324,5.11369308076397e-09,-4.940483226960768e-06,-2.9386232786875784e-07,0.0012842631613057035,6.160820242194693e-05,0.0005073272028387466,0.001472375366397087
900.0,4.9,0.0008019197173006302,5.2858863731307926e-09,-5.0070631900096625e-06,-2.92488713014448e-07,0.0013036590334434988,6.133855248362881e-05,0.0004960738386315951,0.0014817111055293458
900.0,5.0,0.000816299535491328,nan,nan,nan,nan,nan,nan,nan
914.2857142857143,0.1,3.562781573095897e-05,nan,nan,nan,nan,nan,nan,nan
914.2857142857143,0.2,4.75054605000704e-05,1.4256196254961958e-09,0.00018189028427900667,-6.922423936266114e-07,0.005998782834993658,0.02971965951611098,0.015934187920871912,0.037776186237500224
914.2857142857143,0.30000000000000004,6.12020081119719e-05,2.8157095888779068e-09,0.00034582398312958944,-1.1909648042168152e-06,0.009258946233048994,0.04413452345509746,0.02101233393932895,0.054005746000872816
914.2857142857143,0.4,7.835679555516929e-05,5.907019825389841e-10,0.00010206860615595866,-9.008700488069086e-07,0.001488832208233415,0.010573521906192375,0.012902163338308468,0.02114113583660503
914.2857142857143,0.5,9.653226905992627e-05,6.65451527215165e-10,-2.773362937320898e-05,-4.1163641720961866e-07,0.00136150353589965,0.0024236241290221945,0.004973472236656067,0.007562968859821072
914.2857142857143,0.6,0.00011443040627095115,7.626834833437887e-10,-2.368896381291311e-05,-4.045837871133099e-07,0.001316413143521006,0.0017933732468000734,0.004234717313884352,0.006388645601674654
914.2857142857143,0.7000000000000001,0.0001320916538438469,8.869877121185697e-10,-2.103982067513997e-05,-3.991329750675612e-07,0.0013262808917463083,0.001406945866460142,0.003690274149571419,0.0055654976662425065
914.2857142857143,0.8,0.00014954250320999127,9.718924792064638e-10,-1.8706705363005367e-05,-3.931053840187925e-07,0.0012836930891341571,0.0011214628576140468,0.003258447039502472,0.004913298393806701
914.2857142857143,0.9,0.00016680628552250557,1.107510466306375e-09,-1.708447175861828e-05,-3.859521471670905e-07,0.0013114492037954342,0.0009290127206088599,0.002901956135463447,0.0044074553285877605
914.2857142857143,1.0,0.0001838992231174337,1.217539895114168e-09,-1.5592923648458098e-05,-3.7901380153272255e-07,0.0013078036430653403,0.0007763999321173776,0.0026096605621109092,0.003991716889044224
914.2857142857143,1.1,0.00020083623147587723,1.3031007688887402e-09,-1.4647151307464612e-05,-3.7411953530250757e-07,0.001281766623677855,0.0006730399674843063,0.002377337553795806,0.0036605158331554115
914.2857142857143,1.2000000000000002,0.00021762676832124612,1.4187127798809128e-09,-1.38710455681025e-05,-3.7245092503432447e-07,0.001287884467549645,0.000592074815252216,0.0021985968649325927,0.003417141398536857
914.2857142857143,1.3000000000000003,0.000234278594710934,1.50552225041512e-09,-1.2298750734330924e-05,-3.6919350120357704e-07,0.0012695964094536728,0.0004903662765544331,0.0020358940822689385,0.0031846606658347265
914.2857142857143,1.4000000000000001,0.00025080743359327855,1.533724621574267e-09,-1.2848353927425e-05,-3.6455887895640654e-07,0.0012082324118900133,0.00048083755262409613,0.001886991720494364,0.0029685865019540274
914.2857142857143,1.5000000000000002,0.00026720778893634886,1.6781345163884907e-09,-9.669043409530653e-06,-3.6031611284760545e-07,0.0012408835997575007,0.00034104595346633935,0.0017579045625577318,0.0027993858884843795
914.2857142857143,1.6,0.00028351145384532386,1.7221224828538663e-09,-1.2719729855818153e-05,-3.5432767958129867e-07,0.0012002662828349984,0.0004244325161331757,0.0016353689172010752,0.002640008541871885
914.2857142857143,1.7000000000000002,0.0002996879214557407,2.0244821018934874e-09,-7.96873894793183e-06,-3.5086248060257474e-07,0.0013348318494252785,0.00025234721332671674,0.0015370008292472394,0.00256323980160407
914.2857142857143,1.8000000000000003,0.0003157847016766782,1.935709629632403e-09,-1.1370973652187649e-05,-3.481939327750149e-07,0.0012113770536524948,0.00034273894592348585,0.0014519217774473599,0.0024085385707562053
914.2857142857143,1.9000000000000001,0.0003317677721610938,2.001112754265182e-09,-9.670697205093604e-06,-3.4833543546570763e-07,0.0011920529310817149,0.0002781700607806666,0.0013861379276224675,0.0023110875106759255
914.2857142857143,2.0,0.0003476541356734585,2.1685645692598012e-09,-9.942873576091001e-06,-3.503323540218947e-07,0.0012327729833705942,0.00027357594901914584,0.001333545236450924,0.0022696384786419317
914.2857142857143,2.1,0.0003634410704500623,2.2760330710606638e-09,-7.337045267343096e-06,-3.443580299854978e-07,0.0012376790313023008,0.00019351063113646442,0.0012565485757204654,0.002174195114330472
914.2857142857143,2.2,0.00037915463477399263,2.3419559337479793e-09,-8.626819058708735e-06,-3.374325604623816e-07,0.0012208146906516556,0.0002185211222530254,0.0011826002635509174,0.0020821207353280496
914.2857142857143,2.3000000000000003,0.0003947819309073359,2.416820086578435e-09,-8.269075806678409e-06,-3.347620654204783e-07,0.0012100331428031245,0.00020152427580221341,0.0011288484386527246,0.002013303214947267
914.2857142857143,2.4000000000000004,0.00041032653628261237,2.4995957588671187e-09,-8.048937373745546e-06,-3.373887628749024e-07,0.0012041237903942148,0.0001890350887359098,0.0010964380729222233,0.0019723086124827224
914.2857142857143,2.5000000000000004,0.0004257906522841514,2.4385013773971663e-09,-1.129444403308202e-05,-3.3562027474054134e-07,0.0011320834958923635,0.0002560275045931995,0.0010527037222212959,0.0018877323375778778
914.2857142857143,2.6,0.0004411418238453596,2.8305971349685298e-09,-3.845620447025287e-06,-3.293212609368694e-07,0.0012683467275177026,8.424980182577656e-05,0.0009983501813290313,0.0018997914673542376
914.2857142857143,2.7,0.00045645453920209754,2.839557680931423e-09,-9.20256623365527e-06,-3.259381617646275e-07,0.0012297470420513394,0.00019510386956688407,0.0009562091942923688,0.0018382098231302412
914.2857142857143,2.8000000000000003,0.00047167522889649894,3.1419640016227425e-09,-5.1711541599393654e-06,-3.226953922694769e-07,0.001316803184918635,0.00010621784310182215,0.0009172580293931443,0.0018514797981553708
914.2857142857143,2.9000000000000004,0.00048684420704930094,3.129952574489518e-09,-6.84887181748566e-06,-3.232037352401134e-07,0.0012709792929659696,0.0001364467413534064,0.0008911012891779654,0.0017950289946191684
914.2857142857143,3.0000000000000004,0.0005019446964839281,3.1631125117017108e-09,-6.700298235576099e-06,-3.238460633987903e-07,0.0012458544298241923,0.00012960504827343918,0.0008669404580571837,0.0017527470566180742
914.2857142857143,3.1,0.0005169781829361995,3.1953324284091193e-09,-6.554834525607666e-06,-3.2194943690331226e-07,0.0012219928241112422,0.00012322365492115618,0.0008376482241485735,0.0017063878885382464
914.2857142857143,3.2,0.0005319461210432148,3.2031820079503984e-09,-6.417414842108462e-06,-3.185060675647292e-07,0.001190577247334343,0.00011735240361415151,0.0008061363093569924,0.0016525608209780557
914.2857142857143,3.3000000000000003,0.000546849885001809,3.2551206186135606e-09,-9.831040642855908e-06,-3.161431603680618e-07,0.0011769548926894016,0.00017503689483601613,0.0007790446682411074,0.001621629404089957
914.2857142857143,3.4000000000000004,0.0005616553385539747,3.634652055770802e-09,-3.1492384915230046e-06,-3.107117962499656e-07,0.001279509077769547,5.4633560317736304e-05,0.0007460833347970497,0.0016593399262753372
914.2857142857143,3.5000000000000004,0.0005764292997212251,3.6501045324758837e-09,-6.163654021115044e-06,-3.078288329168268e-07,0.0012520937844814,0.00010426696018759454,0.000720787956966026,0.0016179249061493031
914.2857142857143,3.6,0.0005911416243482644,3.744327218373519e-09,-6.047240179440915e-06,-3.0845787735479555e-07,0.0012524891745708494,9.982346151439815e-05,0.0007048144099096469,0.0016038143785109457
914.2857142857143,3.7,0.0006057934765735093,3.860765635119053e-09,-5.923881789640129e-06,-3.0557788337768136e-07,0.0012602430406618147,9.548701825056899e-05,0.0006818311178113288,0.0015896910513123652
914.2857142857143,3.8000000000000003,0.0006203860899808577,3.988583693649144e-09,-5.801386880588919e-06,-3.030895141990511e-07,0.0012713805669556798,9.137183551193217e-05,0.0006608176903569665,0.0015805433869827163
914.2857142857143,3.9000000000000004,0.0006349206895194003,4.126097912403233e-09,-5.69226925443457e-06,-3.007446190108076e-07,0.0012851453188985412,8.765450529685637e-05,0.0006411063026568085,0.0015752194722000602
914.2857142857143,4.0,0.0006493983663653986,4.270014862605813e-09,-5.575977008907221e-06,-2.9816983635263693e-07,0.0013003597774174994,8.399829212811673e-05,0.0006218271264574781,0.0015720461870449155
914.2857142857143,4.1,0.0006638202834413077,4.429173202725312e-09,-5.143488755298807e-06,-2.9596646893681327e-07,0.0013195643697199344,7.58413268945553e-05,0.0006041744284233707,0.0015738664214668626
914.2857142857143,4.2,0.0006781907656296639,4.5507361866497185e-09,-4.03101392975778e-06,-2.942559887873722e-07,0.001327099386027132,5.8207827524600677e-05,0.0005882848552495122,0.0015673988239789524
914.2857142857143,4.3,0.0006925209376787225,4.542161282516742e-09,-5.240256956704283e-06,-2.9225027296040515e-07,0.0012972595264109754,7.414072639964908e-05,0.0005725030904175626,0.0015309796547473829
914.2857142857143,4.3999999999999995,0.0007067987071582141,4.533508905280801e-09,-5.080198889697868e-06,-2.9028962434328705e-07,0.0012687011778430822,7.045794717604599e-05,0.0005574718959916378,0.0014953651161578262
914.2857142857143,4.5,0.0007210256746488086,4.516892182303121e-09,-4.778513318869602e-06,-2.884470194791667e-07,0.0012391764429624417,6.499567125179113e-05,0.0005432815338056049,0.0014594835881306997
914.2857142857143,4.6,0.0007352048570062145,4.469570458704001e-09,-5.2659534030639185e-06,-2.8662479282722834e-07,0.00120261505345887,7.027536207360599e-05,0.0005297004003274713,0.0014185861346899678
914.2857142857143,4.7,0.0007493313798295898,4.446937818585877e-09,-4.9108480183073814e-06,-2.8456096728205754e-07,0.0011740309988547012,6.432789425262912e-05,0.000516217039058729,0.0013839967222070532
914.2857142857143,4.8,0.0007634087941727819,4.417764403686421e-09,-4.84389215557818e-06,-2.8549891276428e-07,0.001144884085580353,6.230585064197733e-05,0.0005085990291349286,0.0013535093399431588
914.2857142857143,4.9,0.0007774377695944183,4.3203368450255614e-09,-4.777118141634141e-06,-2.87064256069048e-07,0.0010994883626404856,6.0361430538968714e-05,0.0005023790613056287,0.0013104532057098474
914.2857142857143,5.0,0.0007914189738346384,nan,nan,nan,nan,nan,nan,nan
928.5714285714286,0.1,3.70871535272889e-05,nan,nan,nan,nan,nan,nan,nan
928.5714285714286,0.2,4.850030226403697e-05,1.1796193289265136e-09,0.00010025638147957354,-5.424300262978552e-07,0.0048403411309777,0.016458132033602847,0.012661349871897157,0.02479755176336807
928.5714285714286,0.30000000000000004,6.091601481558077e-05,2.455633944764362e-09,0.0002531957690681884,-1.0574131305717824e-06,0.008188453289455975,0.03337509493181867,0.01927835583153147,0.04386636223937195
928.5714285714286,0.4,7.586368505780646e-05,5.753983833944646e-09,0.00026415919504156295,-1.0420198983031657e-06,0.014986350663918568,0.02826654512389359,0.015420748618212835,0.03871933955215754
928.5714285714286,0.5,9.345294725044778e-05,6.536962205318353e-10,-2.634685859359298e-05,-5.843306341421011e-07,0.0013819978877990982,0.002378331653684952,0.007294897186660939,0.010676957878754993
928.5714285714286,0.6,0.00011077874085715317,7.465642590303294e-10,-2.2555037380332716e-05,-3.8940096246646404e-07,0.0013314647551156153,0.0017637798376978783,0.004211371975820851,0.006352560550474358
928.5714285714286,0.7000000000000001,0.00012787898409005524,8.572791257401149e-10,-2.074215988077921e-05,-3.816847220431028e-07,0.0013244964275127905,0.0014327485781521338,0.003646213463922901,0.005513329712948101
928.5714285714286,0.8,0.0001447718057241495,1.0259063478524897e-09,-1.716675077276762e-05,-3.777391891557267e-07,0.0014000611058708479,0.0010630030428978332,0.003235054430888353,0.004901153018525649
928.5714285714286,0.9,0.0001614929598505161,1.0670098277181523e-09,-1.6324270292044238e-05,-3.7218640052225734e-07,0.001305449054365532,0.0009168318118997862,0.002891229494479219,0.004388985507420642
928.5714285714286,1.0,0.00017805087127396226,1.1656998380001134e-09,-1.4881527518736597e-05,-3.651068990771345e-07,0.001293632034380895,0.0007652746072113186,0.0025970477565874575,0.003968430818952345
928.5714285714286,1.1,0.00019445996742222104,1.2608127938922518e-09,-1.3903220532794285e-05,-3.6194909816657193e-07,0.0012811868234955594,0.0006597645548062802,0.0023759491731030775,0.0036560905200522273
928.5714285714286,1.2000000000000002,0.0002107300313651519,1.3052991930395663e-09,-1.4125489768601788e-05,-3.5893447405295097e-07,0.0012240570977142577,0.0006226554690594475,0.0021886913526779285,0.0033862597783082997
928.5714285714286,1.3000000000000003,0.0002268588404103967,1.4368519398443308e-09,-1.2005549111099299e-05,-3.5549838545698777e-07,0.0012516512237319786,0.0004943248671065043,0.0020248795224733535,0.0031640578409968196
928.5714285714286,1.4000000000000001,0.00024286759396453055,1.573750592250713e-09,-1.1229618334320671e-05,-3.484638622691951e-07,0.0012805584972257152,0.00043397134479737664,0.0018629902949648027,0.00296135557999851
928.5714285714286,1.5000000000000002,0.00025876405133532117,1.7149001411128825e-09,-9.914482611281313e-06,-3.430589848349852e-07,0.001309765789494444,0.00036110261368072833,0.001728622450355587,0.0027968111614272003
928.5714285714286,1.6,0.000274561363879999,1.8685523153244817e-09,-9.15157784098599e-06,-3.413242332171166e-07,0.001345050445182806,0.0003152811989000206,0.0016270460453810297,0.0026838629998653797
928.5714285714286,1.7000000000000002,0.00029026716064626694,1.7326490538049834e-09,-1.1901532466051643e-05,-3.4129649580769325e-07,0.001179900230872414,0.00038912470392917924,0.0015439836698663838,0.002512240779791794
928.5714285714286,1.8000000000000003,0.0003058539420878744,1.9228127428026258e-09,-9.09366130993688e-06,-3.3941420843699077e-07,0.0012426528636559691,0.00028298326870535994,0.0014614965084337192,0.0024282112260360414
928.5714285714286,1.9000000000000001,0.00032134978691638244,2.0018506828979646e-09,-9.37390534411675e-06,-3.3949981788046027e-07,0.0012314063931896607,0.0002783623655147691,0.0013950639157210402,0.002342275382959312
928.5714285714286,2.0,0.00033675189269144934,1.9373550955621525e-09,-1.038097505344699e-05,-3.3466572706993806e-07,0.0011372756724586151,0.00029487202069992057,0.001315464692039774,0.00220028184007514
928.5714285714286,2.1,0.00035205018871598177,2.16559592075727e-09,-6.228003782723749e-06,-3.270388594567876e-07,0.0012160385468479372,0.0001695681379529414,0.001232210628075382,0.00213171038481139
928.5714285714286,2.2,0.00036728620470268696,2.248900505877861e-09,-8.089852403768414e-06,-3.26561369828489e-07,0.001210480486905893,0.00021153185952721505,0.00118170616760479,0.0020743354766973856
928.5714285714286,2.3000000000000003,0.00038244132216535447,2.3292022429884917e-09,-7.87107643330587e-06,-3.2347664800685334e-07,0.0012040758690139686,0.00019800567023275855,0.0011261993955817898,0.002006403523971099
928.5714285714286,2.4000000000000004,0.0003975177288636889,2.407252368340221e-09,-1.0584753716753619e-05,-3.2224158392321e-07,0.001197280580460567,0.00025660737587089507,0.0010811536547850008,0.0019588554270821693
928.5714285714286,2.5000000000000004,0.00041248828802485584,2.7316419628171484e-09,-5.097017965127129e-06,-3.148280119198608e-07,0.0013092771027375745,0.00011925418878162481,0.001019523152038102,0.001951226026983618
928.5714285714286,2.6,0.0004274078770063715,2.6584343512178655e-09,-7.52848208706528e-06,-3.1270485944979597e-07,0.0012298485280046972,0.0001702305247471951,0.0009786762742381987,0.0018593333033387397
928.5714285714286,2.7,0.00044225218116701647,2.7958449009209478e-09,-5.468303165628244e-06,-3.11824153165139e-07,0.0012500272053862851,0.00011964558029829126,0.0009444275396704109,0.0018332402555220556
928.5714285714286,2.8000000000000003,0.0004570418022960052,2.7422597253493315e-09,-8.192911383396666e-06,-3.1007278126716573e-07,0.0011865046278078568,0.00017367080372518063,0.0009098621482643909,0.0017588783464368978
928.5714285714286,2.9000000000000004,0.0004717494943111599,2.858883115427832e-09,-6.719767519096536e-06,-3.1354345031369384e-07,0.0011984234901283276,0.00013815595871395438,0.0008923676609624069,0.0017458367665055539
928.5714285714286,3.0000000000000004,0.0004863899886511237,2.9915991932101095e-09,-6.561584621744006e-06,-3.117488314794002e-07,0.0012163301094136531,0.00013097893788720547,0.0008614589323916625,0.0017265101799963578
928.5714285714286,3.1,0.00050096486714487,3.132225755251155e-09,-6.4099238108431154e-06,-3.0886504136333753e-07,0.0012364733504595694,0.00012434969247534174,0.0008294745575188634,0.0017089134780782945
928.5714285714286,3.2,0.0005154756464005079,3.3178927720807142e-09,-5.3772945830354675e-06,-3.064812281787376e-07,0.0012729127013203917,0.00010147128235132426,0.0008006407937128423,0.0017066500893384853
928.5714285714286,3.3000000000000003,0.0005299326527103155,3.4091330678544792e-09,-6.4033725435345265e-06,-2.989481263227955e-07,0.0012722713517933338,0.00011763863845410294,0.0007603751314627034,0.0016699862044176352
928.5714285714286,3.4000000000000004,0.0005443256252946877,3.3678836775277673e-09,-5.397395760756498e-06,-2.8938951152505455e-07,0.0012237455113754084,9.66124492163185e-05,0.000717197387594405,0.001592366549353356
928.5714285714286,3.5000000000000004,0.0005586646239214523,3.6111731262896654e-09,-6.003106730776644e-06,-2.9227683058271193e-07,0.0012785160430992518,0.0001047765752167711,0.0007063253748443301,0.0016258451566721508
928.5714285714286,3.6,0.0005729435914809092,3.6936645802802665e-09,-5.357045676133119e-06,-2.9599622911391046e-07,0.0012751751305746014,9.123516023991022e-05,0.0006980130559819661,0.0016151903667192052
928.5714285714286,3.7,0.0005871689885836047,3.749438174391279e-09,-5.448410946094338e-06,-2.941226675826776e-07,0.0012631226544226964,9.060451388320421e-05,0.0006772802391762034,0.0015877988105578744
928.5714285714286,3.8000000000000003,0.0006013399015768393,3.770154147264748e-09,-5.3508358974999745e-06,-2.9232311820158595e-07,0.0012402264108649494,8.694081366002444e-05,0.0006577269593936171,0.001552716896769391
928.5714285714286,3.9000000000000004,0.0006154573062110989,3.785564985036123e-09,-5.308575778918342e-06,-2.900108030223483e-07,0.0012167886405548077,8.432713932869098e-05,0.0006379768854263907,0.0015171402950575447
928.5714285714286,4.0,0.0006295216250875693,3.7892698259849385e-09,-5.003159915095006e-06,-2.911664364788417e-07,0.0011908258669915725,7.77448440555433e-05,0.0006266034083145151,0.0014863963700494512
928.5714285714286,4.1,0.0006435359123648888,3.6785848911803102e-09,-5.3148739984488864e-06,-2.8852908181959936e-07,0.00113092598881296,8.083494809833391e-05,0.0006077705912387885,0.001422778290583647
928.5714285714286,4.2,0.0006574970509022238,3.7167953412230235e-09,-5.082483789343658e-06,-2.854288177813777e-07,0.001118460615974078,7.569895799935127e-05,0.0005887987377539252,0.0013964427624820622
928.5714285714286,4.3,0.0006714073646016653,3.812757599556726e-09,-4.944453607376268e-06,-2.86424626275359e-07,0.0011235960582449398,7.2153550445644e-05,0.0005789173542512354,0.0013921080572469866
928.5714285714286,4.3999999999999995,0.0006852682337650331,3.897140729773232e-09,-4.897876295815658e-06,-2.853304533790339e-07,0.0011252635789454411,7.006173007225334e-05,0.0005653265171134959,0.0013821414218614433
928.5714285714286,4.5,0.0006990801241654427,3.976883486769437e-09,-4.828962547117221e-06,-2.847902986426324e-07,0.0011256310328286387,6.774223266847294e-05,0.0005533740424837128,0.001372617898012156
928.5714285714286,4.6,0.0007128437249403812,4.063467359772995e-09,-4.756254898144549e-06,-2.836776762993213e-07,0.0011279564397761945,6.546267959316728e-05,0.0005408205691010911,0.001364384428369718
928.5714285714286,4.7,0.0007265597631663382,4.129357113268078e-09,-4.645695258283406e-06,-2.8166620565767937e-07,0.0011246371954620796,6.276021469805124e-05,0.0005270836501598043,0.0013506968625481156
928.5714285714286,4.8,0.0007402293444397123,4.196326740273163e-09,-6.140242793612002e-06,-2.805801177987491e-07,0.0011218016072615709,8.145313285618132e-05,0.0005155766228358148,0.0013404148488196847
928.5714285714286,4.9,0.0007538375232851504,4.393684345863259e-09,-4.701785511797284e-06,-2.803720462453078e-07,0.0011533659795481177,6.126913699671527e-05,0.0005060928634241238,0.0013587740661143667
928.5714285714286,5.0,0.0007673986842754705,nan,nan,nan,nan,nan,nan,nan
942.8571428571429,0.1,3.865657907309597e-05,nan,nan,nan,nan,nan,nan,nan
942.8571428571429,0.2,4.9735882666559964e-05,1.017006065024207e-09,3.1598504381147875e-05,-4.1322749978138957e-07,0.004055417183020526,0.005168967599867558,0.009550906623431542,0.01502012880223854
942.8571428571429,0.30000000000000004,6.113117130383544e-05,2.2635087957593922e-09,0.00020183970344234722,-8.166065694197856e-07,0.007473766581725847,0.027076274827194453,0.01537732859362061,0.035523320717357636
942.8571428571429,0.4,7.454485697553438e-05,3.1852252722619895e-09,0.00025484901856812466,-1.1344985233943651e-06,0.008568605300885353,0.028157924372418947,0.017342547495417786,0.03831210786457551
942.8571428571429,0.5,9.050703283291458e-05,1.4760450174383317e-09,8.102268059237605e-05,-8.497051280391605e-07,0.003223372679953518,0.007552489460594898,0.010957557914407279,0.0175375705096643
942.8571428571429,0.6,0.00010727943549621853,7.621590180586378e-10,-2.1056889963848418e-05,-4.0525808355785473e-07,0.00140408399249843,0.001700312835106689,0.0045272499112181015,0.006771595019821216
942.8571428571429,0.7000000000000001,0.000123841269259884,8.284627216711119e-10,-1.9262614282283978e-05,-3.672444143140136e-07,0.0013221408195718324,0.0013738355870988287,0.00362387465547743,0.005468127248371291
942.8571428571429,0.8,0.00014021047688072663,8.871455456509761e-10,-1.8229321534503586e-05,-3.631499686456479e-07,0.001250589577519794,0.001165577084411974,0.0032124352044447624,0.004854072941007333
942.8571428571429,0.9,0.00015639739128622422,1.0272301939752807e-09,-1.438883351085186e-05,-3.5786139666221717e-07,0.0012981297469007026,0.0008344234913961738,0.0028712612468696813,0.004343925148794985
942.8571428571429,1.0,0.0001724404173566133,1.1484521635844776e-09,-1.424313249901148e-05,-3.518059012261729e-07,0.0013163540896558104,0.0007562416884165883,0.002584490090977473,0.003957760432539373
942.8571428571429,1.1,0.00018834101210201225,1.2058551676281074e-09,-1.419248479373261e-05,-3.4940623560784906e-07,0.0012655195545638743,0.0006953702550976633,0.002368678834812786,0.0036477881489524926
942.8571428571429,1.2000000000000002,0.0002040996819994739,1.3600529601892662e-09,-1.2603069731193936e-05,-3.4529296480561086e-07,0.0013171441526959977,0.0005735646746180883,0.0021743726764875456,0.0033940592551489485
942.8571428571429,1.3000000000000003,0.00021973232119962358,1.4117782806015516e-09,-1.1603247373546237e-05,-3.410450467893013e-07,0.0012700321306768512,0.000493232741838224,0.002006061005282391,0.0031471926640105822
942.8571428571429,1.4000000000000001,0.00023524892792603781,1.4962950436732085e-09,-9.524129752328142e-06,-3.351964102248316e-07,0.0012573366848115134,0.0003799464876694723,0.0018505353125205881,0.0029281763536775783
942.8571428571429,1.5000000000000002,0.00025067029335492877,1.5052187365751774e-09,-9.90476619365315e-06,-3.301226710044139e-07,0.001187133590137561,0.0003723699749356793,0.001717662707731567,0.002729226248248754
942.8571428571429,1.6,0.0002659926111218832,1.5637101078558344e-09,-1.1492720432910908e-05,-3.3260697698746413e-07,0.0011623066963886103,0.00040870271564952314,0.0016369499850065678,0.0026224426157830613
942.8571428571429,1.7000000000000002,0.0002812000016845085,1.7315529983133469e-09,-9.179898422597168e-06,-3.303905150995843e-07,0.0012174238454474493,0.00030980139524592107,0.001543175958172406,0.0025181107600189116
942.8571428571429,1.8000000000000003,0.00029631559326290783,1.814817140204742e-09,-9.08422139426373e-06,-3.278094262310678e-07,0.0012109402364130137,0.00029177784406617704,0.0014572879752739697,0.002408087841464286
942.8571428571429,1.9000000000000001,0.00031134034262736453,1.78728527098621e-09,-1.2006369145000109e-05,-3.2697073369707744e-07,0.0011350625112271986,0.0003680169229719553,0.0013870777218367874,0.002296034096615075
942.8571428571429,2.0,0.00032624502830037123,2.151089144579934e-09,-4.844864030171787e-06,-3.184768747506736e-07,0.0013036238077223912,0.00014203594423611735,0.00129233552065095,0.002249415799132743
942.8571428571429,2.1,0.0003411012653330762,2.076827898066309e-09,-8.076844748604923e-06,-3.1538389884924933e-07,0.0012039261496284389,0.00022695624576736918,0.0012266957515929885,0.002123796658158344
942.8571428571429,2.2,0.00035587673391829515,2.1658826312752977e-09,-7.614168361276279e-06,-3.1479399867339614e-07,0.001203467099678783,0.00020546843593808776,0.001175881596278261,0.002062994278980901
942.8571428571429,2.3000000000000003,0.0003705760608199013,2.242707968177688e-09,-7.5190283203190635e-06,-3.123456387809331e-07,0.0011967731444873517,0.00019519793526386633,0.001122485924531784,0.00199757790707681
942.8571428571429,2.4000000000000004,0.0003852001974383043,2.319199027138704e-09,-8.093233955165818e-06,-3.039109711996226e-07,0.0011906536225662447,0.0002024607265660962,0.0010525354122515433,0.0019168484506655308
942.8571428571429,2.5000000000000004,0.0003997434017171556,2.3535254046094772e-09,-7.0138205926050905e-06,-3.052993792916705e-07,0.0011644241085318168,0.00016932742027435757,0.0010204350314539717,0.0018620232508279326
942.8571428571429,2.6,0.0004142164677900809,2.3348187578503886e-09,-6.9130139046080335e-06,-3.072276704054894e-07,0.0011148452091911164,0.00016128522684748697,0.0009924126792312925,0.0017996273549414873
942.8571428571429,2.7,0.0004286204037239601,2.4426837597462635e-09,-5.631912041982817e-06,-3.022331419023654e-07,0.0011272005226264192,0.00012714037539662674,0.0009446873986582542,0.0017526021384309295
942.8571428571429,2.8000000000000003,0.00044296802053741944,2.5195416990765834e-09,-7.741024409912803e-06,-3.0055005390558183e-07,0.0011250441007844563,0.00016929958938242994,0.0009101381666387503,0.0017178735530940735
942.8571428571429,2.9000000000000004,0.0004572382271067797,2.6462819113637294e-09,-6.262241022671156e-06,-2.9448590424994667e-07,0.0011447972694066263,0.00013283055810499114,0.0008649317599960909,0.0016806006795509819
942.8571428571429,3.0000000000000004,0.0004714458112659132,2.8038135210007264e-09,-6.2614325536513435e-06,-2.9304941103784964e-07,0.0011764363049647111,0.00012894463398736175,0.0008356714077661911,0.0016725198060976777
942.8571428571429,3.1,0.0004855907810995102,2.8965230439040867e-09,-5.345820141210936e-06,-2.9291065472573585e-07,0.001179977261052553,0.00010698438225589434,0.0008117624865253468,0.0016497601836956146
942.8571428571429,3.2,0.0004996822927316951,2.92424276798297e-09,-6.264250263876644e-06,-2.925620511260841e-07,0.0011577350793022501,0.00012194109703944266,0.0007886771747040179,0.0016122169571098034
942.8571428571429,3.3000000000000003,0.0005137111618612412,3.0093526887745302e-09,-5.679575589120823e-06,-2.917835180476224e-07,0.0011589276614923148,0.00010763229168333504,0.0007657798527953246,0.0015898225060300003
942.8571428571429,3.4000000000000004,0.0005276832352348962,3.0748608942407642e-09,-1.8386379465489852e-06,-2.8992630364185757e-07,0.0011528441842839517,3.3945949234445523e-05,0.0007413758022958608,0.0015586783507723523
942.8571428571429,3.5000000000000004,0.0005416369222290856,2.7922824510688594e-09,-9.12415117046471e-06,-2.963690085105141e-07,0.0010200280043555156,0.00016425133313927024,0.0007389633188457965,0.0014695472783502787
942.8571428571429,3.6,0.0005554993677115704,2.634499009509804e-09,-5.212113619347535e-06,-2.932115568613767e-07,0.0009384045254681022,9.155146473104139e-05,0.0007133783643266569,0.0013808700538038205
942.8571428571429,3.7,0.0005693096920578617,2.7319882260381903e-09,-5.688401760457588e-06,-2.8306025827417607e-07,0.0009495539246780682,9.756064900166585e-05,0.0006724512982993302,0.0013474242959343053
942.8571428571429,3.8000000000000003,0.0005830631323865484,2.867756903163365e-09,-5.008552977719092e-06,-2.8202660151153225e-07,0.0009732540769621313,8.392818774628304e-05,0.0006546272843794681,0.0013458607661752605
942.8571428571429,3.9000000000000004,0.000596766487185458,2.984163882714851e-09,-5.163780197740049e-06,-2.809385330714325e-07,0.0009895292998274292,8.459413828682502e-05,0.000637532922677262,0.001341350386157277
942.8571428571429,4.0,0.0006104182041823901,3.102664783068819e-09,-6.764828040740823e-06,-2.801676800939108e-07,0.0010058381940664218,0.00010841031090020872,0.0006219381627366939,0.0013405511645173673
942.8571428571429,4.1,0.0006240022728989149,3.3991091553487306e-09,-2.4475779181838335e-06,-2.790942340664397e-07,0.0010779441095063646,3.838965360598331e-05,0.0006063997520889773,0.0013779980360619545
942.8571428571429,4.2,0.0006375618658362578,3.4393150049192048e-09,-4.955345316460385e-06,-2.776435967860191e-07,0.0010675348588239694,7.611056898579472e-05,0.0005907497156061565,0.001357716445541249
942.8571428571429,4.3,0.000651071905320436,3.4829226348423556e-09,-4.8849589951338755e-06,-2.765744217645876e-07,0.001058672536522793,7.350964203755565e-05,0.000576571767577408,0.0013383053513286
942.8571428571429,4.3999999999999995,0.000664533095214663,3.534775342670597e-09,-4.810255196225319e-06,-2.7555296200421155e-07,0.0010527012452197636,7.095334880540314e-05,0.0005630929488195336,0.0013218780682856107
942.8571428571429,4.5,0.0006779461825569277,3.5925665061246697e-09,-4.73979716296988e-06,-2.745134460192319e-07,0.0010487736850763527,6.856235738804914e-05,0.000550137501420186,0.001307642757138558
942.8571428571429,4.6,0.0006913118719275627,3.6562005861260487e-09,-4.668885362785895e-06,-2.734861139594263e-07,0.001046741885798445,6.626001705812537e-05,0.0005377320191952614,0.0012955193608283335
942.8571428571429,4.7,0.0007046308724445699,3.72545662514309e-09,-4.358504263361414e-06,-2.725498211520731e-07,0.001046434593520564,6.071132593079503e-05,0.0005259949369540499,0.0012853219717313686
942.8571428571429,4.8,0.0007179062879189434,3.778599971782856e-09,-4.775614276849703e-06,-2.689720583387232e-07,0.0010417620662795284,6.53179119203608e-05,0.0005097196488074002,0.0012685278369501032
942.8571428571429,4.9,0.0007311339472505484,3.786155057428633e-09,-4.726497989824759e-06,-2.650861337833209e-07,0.0010250016505286108,6.35013693226738e-05,0.0004934781419267808,0.0012416529952491747
942.8571428571429,5.0,0.0007443143416022552,nan,nan,nan,nan,nan,nan,nan
957.1428571428572,0.1,4.034070707311216e-05,nan,nan,nan,nan,nan,nan,nan
957.1428571428572,0.2,5.1179015327251166e-05,1.0320179850366575e-09,-2.0905521873692902e-05,-3.0593346587077624e-07,0.003986464075573823,0.0033823180017003626,0.0069541878285047255,0.011137927437306886
957.1428571428572,0.30000000000000004,6.180826836265324e-05,1.7705762050328143e-09,0.00014385534691380015,-6.729768258389309e-07,0.005749578569983276,0.019472521675306692,0.012896871823091922,0.02729277119990245
957.1428571428572,0.4,7.387607486719332e-05,2.8854315980628056e-09,0.00019184707206762005,-1.0208513812046897e-06,0.007899452964738441,0.02183495746458553,0.016113213198569686,0.032533644182407465
957.1428571428572,0.5,8.78623520924096e-05,5.740159964664791e-09,0.00020870434744046676,-1.0140656394698864e-06,0.012943317006548728,0.02008014590506115,0.013503661652784871,0.030584954974077417
957.1428571428572,0.6,0.00010393567279203054,7.064035322058288e-10,-3.636503710789282e-06,-6.045098637160208e-07,0.0013438175312689474,0.0003031111143961572,0.006973325812593693,0.009957523170055252
957.1428571428572,0.7000000000000001,0.0001199726284545436,8.086924160033587e-10,-1.7938596839556293e-05,-3.5583288002092854e-07,0.0013326677735010517,0.0013206633785458497,0.0036254971600774787,0.005459726592918377
957.1428571428572,0.8,0.00013583019814866109,9.009399648198723e-10,-1.7630630574924445e-05,-3.496065596952447e-07,0.0013113520689273471,0.0011636499573080502,0.0031933904927336815,0.004844503189181197
957.1428571428572,0.9,0.00015151146153702933,9.891403943104798e-10,-1.2838349356498415e-05,-3.432651364849399e-07,0.0012907209316844654,0.0007684673609261411,0.0028437577101946753,0.004293066321043797
957.1428571428572,1.0,0.0001670643414318326,1.0483286318501352e-09,-1.4907165347971407e-05,-3.383438938606205e-07,0.0012406872009737703,0.0008169735581071923,0.002566347150874858,0.003921610118677462
957.1428571428572,1.1,0.00018246814967315614,1.18745162689312e-09,-1.2506345207374422e-05,-3.355791715185658e-07,0.0012866930256359825,0.0006324420538372617,0.0023488464644267773,0.0036179719900218295
957.1428571428572,1.2000000000000002,0.00019774689446240594,1.2238856297452774e-09,-1.3171924635599826e-05,-3.318599660185222e-07,0.0012237773966726696,0.0006187083518060041,0.002157559994599274,0.003345229648587953
957.1428571428572,1.3000000000000003,0.00021289392000529975,1.3576524799581581e-09,-1.0531732520495795e-05,-3.284576584454551e-07,0.0012609521128829394,0.000462048544257971,0.001994590285649141,0.003124143067058022
957.1428571428572,1.4000000000000001,0.0002279356282229886,1.4400904198890283e-09,-9.361356888084344e-06,-3.2292933442848783e-07,0.0012492979528110147,0.00038542545286271126,0.0018403761149268806,0.00291260478668132
957.1428571428572,1.5000000000000002,0.0002428837228717966,1.6076901462821578e-09,-8.883464502990543e-06,-3.222159846064477e-07,0.0013088907563088786,0.000344663680224382,0.0017305313388079775,0.0027966883082692117
957.1428571428572,1.6,0.0002577429828755747,1.5940625748493228e-09,-1.1602199368165301e-05,-3.2143090412506673e-07,0.0012230373296998251,0.00042579031447734434,0.0016329552032084828,0.0026476788123020716
957.1428571428572,1.7000000000000002,0.00027248622088567114,1.6942859246911151e-09,-8.184361288655297e-06,-3.1578423581249015e-07,0.0012296324168589532,0.00028502278455603907,0.0015224319851258265,0.0024957628426945534
957.1428571428572,1.8000000000000003,0.00028714761528288103,1.751931362539051e-09,-1.1335924562466637e-05,-3.1377635055976214e-07,0.0012066088349452614,0.00037574040415040737,0.0014397489435141724,0.002396422285946161
957.1428571428572,1.9000000000000001,0.00030169565043446626,2.0314797708148107e-09,-6.6523892150211085e-06,-3.0602178170910537e-07,0.0013316221882165857,0.00021040068736721246,0.00134001727519859,0.0023256781155303135
957.1428571428572,2.0,0.0003161771616939013,2.002230013827078e-09,-8.248857498883292e-06,-3.037444317774257e-07,0.001252489186724339,0.0002495296965930976,0.0012721167023557706,0.0022062538478534784
957.1428571428572,2.1,0.00033057618437834746,2.154445546985654e-09,-6.5927065364735655e-06,-3.07885306190287e-07,0.0012890094801073543,0.00019114320544007143,0.001235922750154807,0.002180158538614332
957.1428571428572,2.2,0.0003449092799974289,2.1973971215826594e-09,-7.388063835245347e-06,-3.058617684125322e-07,0.0012601228161846737,0.00020569910608931997,0.0011790977066347208,0.002100182001088871
957.1428571428572,2.3000000000000003,0.0003591684949781579,2.2386679241784643e-09,-7.173802206135794e-06,-3.030346476902186e-07,0.001232867023097905,0.00019214376480764192,0.0011238484363102945,0.0020206313217880525
957.1428571428572,2.4000000000000004,0.00037335597193682553,2.304788476259259e-09,-6.462217897460538e-06,-3.031386203831129e-07,0.0012210923002714358,0.00016677602624693425,0.001083332883333719,0.0019662403009137012
957.1428571428572,2.5000000000000004,0.00038747882671651856,2.149476310608946e-09,-1.001292983701901e-05,-2.99378129791023e-07,0.0010973755487489903,0.0002493870766428595,0.001032510959403352,0.001843525093825598
957.1428571428572,2.6,0.0004015015521978414,2.454963731565705e-09,-3.7144508516413237e-06,-2.923396928187218e-07,0.00120954391097721,8.939990086566013e-05,0.0009743542980448839,0.001835680094976767
957.1428571428572,2.7,0.0004154871331706478,2.477181327901652e-09,-6.428318113552806e-06,-2.921487867746374e-07,0.0011794753711758179,0.0001497017210199327,0.0009421795486990407,0.0017857708028916025
957.1428571428572,2.8000000000000003,0.0004294084309623187,2.552602733915896e-09,-6.271131865881462e-06,-2.899683140300054e-07,0.0011760201849790577,0.00014147526477754173,0.0009059619779287503,0.001744870464225697
957.1428571428572,2.9000000000000004,0.0004432670174353308,2.5698718928003255e-09,-5.176318661963101e-06,-2.858980724033878e-07,0.0011470249434534345,0.00011324906832973975,0.0008663261141772191,0.001682121709209149
957.1428571428572,3.0000000000000004,0.00045707384072172326,2.508790203695403e-09,-7.284180214821993e-06,-2.8336855259722167e-07,0.0010860166503110092,0.00015471663535010968,0.0008336488948151473,0.0016103758448448725
957.1428571428572,3.1,0.0004708078222059675,2.590694796597817e-09,-5.6080388965572435e-06,-2.8392366419392583e-07,0.0010888040802552327,0.00011575240769417364,0.0008117262517856345,0.0015864085100450488
957.1428571428572,3.2,0.00048448572330124615,2.6399966916035743e-09,-5.979977440382895e-06,-2.8468219119902165e-07,0.0010782347961055979,0.00012005483886656595,0.0007916683046102114,0.0015589999515448903
957.1428571428572,3.3000000000000003,0.000498103824622121,2.6985012296853877e-09,-5.3558136413464274e-06,-2.828531259894741e-07,0.0010720314790809244,0.00010467353423284121,0.0007657546559932006,0.0015274057834314227
957.1428571428572,3.4000000000000004,0.0005116683678065823,2.739429542974464e-09,-5.383689288221849e-06,-2.883570463315062e-07,0.0010594751099480934,0.00010251149662554113,0.00076054386381401,0.0015132250503841853
957.1428571428572,3.5000000000000004,0.0005251790740981615,2.959510672080366e-09,-9.69835884254361e-06,-2.874322456192974e-07,0.0011151045008649992,0.00018006848402247198,0.0007391862486422423,0.0015390501379588361
957.1428571428572,3.6,0.0005385927968013152,3.4300207886594936e-09,1.4246452085522538e-07,-2.7799574847756116e-07,0.0012601350843427595,2.5808418586199916e-06,0.0006975760101744587,0.0016003661054515201
957.1428571428572,3.7,0.0005520079441496775,3.4458475318578716e-09,-5.147179093253732e-06,-2.7447404605175e-07,0.0012352401513368262,9.104063440468143e-05,0.0006724928370432061,0.001561601697084206
957.1428571428572,3.8000000000000003,0.0005653716197071072,3.4371768372338616e-09,-5.061406743115531e-06,-2.727411150477573e-07,0.0012030681099468434,8.746398354014086e-05,0.0006529022200820284,0.0015190738769276044
957.1428571428572,3.9000000000000004,0.0005786846811971058,3.4536654961669083e-09,-4.976251538960085e-06,-2.7131337700740384e-07,0.0011810812239465545,8.406568998709235e-05,0.0006349590099481945,0.0014860571275764872
957.1428571428572,4.0,0.0005919479801717147,3.47177332712121e-09,-4.89499673932657e-06,-2.669463388572318e-07,0.0011607209024004502,8.088733391531466e-05,0.0006111386596102434,0.0014494125349939723
957.1428571428572,4.1,0.0006051623291789304,3.4089177781600412e-09,-4.8096394442338235e-06,-2.6706498774627446e-07,0.0011148957879832046,7.778452405187451e-05,0.0005984068864684744,0.0014018647059507755
957.1428571428572,4.2,0.0006183285817917038,3.4719420022354508e-09,-4.7587827547469755e-06,-2.700948180707953e-07,0.001111358175984328,7.536310880353502e-05,0.0005926376748067995,0.0013939997922153954
957.1428571428572,4.3,0.0006314472465769297,3.536470102692684e-09,-4.65719748686923e-06,-2.686090084340414e-07,0.001108523630782456,7.225845994468685e-05,0.000577438742583345,0.0013787374398010542
957.1428571428572,4.3999999999999995,0.0006445193393872869,3.5995132377393523e-09,-4.601441124679229e-06,-2.67138064664733e-07,0.001105429576952609,6.997906152505502e-05,0.0005629146036704155,0.0013640444716739968
957.1428571428572,4.5,0.0006575454177863973,3.662443356915769e-09,-4.531388583979556e-06,-2.6569342913210907e-07,0.0011025025865028224,6.757959202187294e-05,0.0005490460341133415,0.0013501785251048965
957.1428571428572,4.6,0.0006705261822996679,3.725048467123338e-09,-4.466781969964753e-06,-2.6427223886752393e-07,0.0010996686209982663,6.535520843292862e-05,0.000535786586388105,0.0013370403552564808
957.1428571428572,4.7,0.0006834622789932389,3.7875417404706155e-09,-4.400143725118501e-06,-2.633032436515999e-07,0.0010969824518974156,6.318828297532291e-05,0.000523950684456641,0.0013252969095117516
957.1428571428572,4.8,0.0006963543742495587,3.861553251479781e-09,-4.341358433434128e-06,-2.6192175676686993e-07,0.0010977367177311985,6.121460415582858e-05,0.0005117720763007627,0.0013162805344528981
957.1428571428572,4.9,0.0007092030559215441,3.924251752196965e-09,-4.2801415546024095e-06,-2.59719280016848e-07,0.0010953775399729138,5.928100526372579e-05,0.0004984823241246639,0.0013039691129745534
957.1428571428572,5.0,0.0007220089361779836,nan,nan,nan,nan,nan,nan,nan
971.4285714285714,0.1,4.212030650693863e-05,nan,nan,nan,nan,nan,nan,nan
971.4285714285714,0.2,5.283276390325597e-05,7.490212116339488e-10,-6.985137954425106e-05,-2.2231670942307977e-07,0.002797643177592973,0.011114564679408204,0.004947455046132168,0.013428141279748222
971.4285714285714,0.30000000000000004,6.28467075041308e-05,1.5117670161212103e-09,9.355052452880072e-05,-5.337919401822614e-07,0.004806141763056581,0.012676883072979787,0.010265163352730412,0.019863270637261052
971.4285714285714,0.4,7.379615635029364e-05,2.792784396994551e-09,0.00016435273727266627,-8.094534719791982e-07,0.007672435078173776,0.019024700490081602,0.013161064725551813,0.02769896637397199
971.4285714285714,0.5,8.638913256918315e-05,3.461324714803003e-09,0.00017539652859343633,-1.0405040185199546e-06,0.008039766545248368,0.017411491385358052,0.014301483525734566,0.027872257541114373
971.4285714285714,0.6,0.00010073607407400701,4.231537849449619e-09,0.000118601133894443,-8.755951760920869e-07,0.008308784941209495,0.010200578523661075,0.010426130257153264,0.019760974006736074
971.4285714285714,0.7000000000000001,0.00011626902691777531,8.024035169345747e-10,-1.6819504600522824e-05,-4.6882479517420023e-07,0.0013649431698882172,0.0012777498297165811,0.004930786500500413,0.007219489283280325
971.4285714285714,0.8,0.00013163378471553838,8.732277925439655e-10,-1.7114533887302568e-05,-3.347543509739529e-07,0.0013120039285031226,0.0011656226437747718,0.0031563321780410927,0.004796341949065285
971.4285714285714,0.9,0.00014682739717442842,1.0378173828236256e-09,-1.18799507521644e-05,-3.3211025519694384e-07,0.001397910519334596,0.0007337732290951289,0.002839883230877889,0.004315373738373756
971.4285714285714,1.0,0.00016190221012579682,1.0381758015775928e-09,-1.3939876615230736e-05,-3.2894783573364046e-07,0.001268209665515642,0.0007882868065855715,0.0025753835968701086,0.003936362938957663
971.4285714285714,1.1,0.0001768376243110129,1.1025957777964276e-09,-1.2915899339196382e-05,-3.2256970203164906e-07,0.0012331990371587049,0.0006739531349867702,0.002330321602763875,0.0035827071102762006
971.4285714285714,1.2000000000000002,0.00019164387950283704,1.2268839493161212e-09,-1.1754394899990957e-05,-3.1869547305278657e-07,0.0012661866581164965,0.0005696819323361367,0.002138526300830633,0.0033278154449895743
971.4285714285714,1.3000000000000003,0.00020633259074566125,1.3010007277719877e-09,-1.0507746448710878e-05,-3.1514129293123647e-07,0.0012471485921247455,0.00047564394472844216,0.0019751271468811033,0.00309578281952868
971.4285714285714,1.4000000000000001,0.00022091622452399836,1.383537393570492e-09,-7.4605883817536224e-06,-3.1149986622771067e-07,0.0012387469757040358,0.00031689839153239426,0.0018321516305628163,0.002889373263377317
971.4285714285714,1.5000000000000002,0.00023542525241851793,1.3709881710697486e-09,-1.156067909449047e-05,-3.113755283011606e-07,0.0011519648208275948,0.00046276280838021934,0.0017258362509993523,0.0027382830196623757
971.4285714285714,1.6,0.0002498186735220926,1.5330980151581042e-09,-9.38819011414159e-06,-3.094729262299795e-07,0.0012139114029795892,0.0003554540982727849,0.0016224827034980185,0.00262008182249396
971.4285714285714,1.7000000000000002,0.00026411821272452585,1.6192157737231007e-09,-8.057761134179886e-06,-3.04680037429829e-07,0.0012127299415174825,0.0002894964049984527,0.001515795964035909,0.0024798784020058575
971.4285714285714,1.8000000000000003,0.0002783371743156173,1.686146782182889e-09,-9.058995681122124e-06,-2.991206183612393e-07,0.0011983787079742612,0.0003097457395092285,0.0014163782887559562,0.0023546356118492474
971.4285714285714,1.9000000000000001,0.00029246554594989754,1.6923824291580449e-09,-7.600412657766431e-06,-2.9501049919466877e-07,0.0011448099060047629,0.0002479598197714399,0.0013329348901110945,0.002219347795109786
971.4285714285714,2.0,0.0003065179134576001,1.7441640412990873e-09,-7.94947769930279e-06,-2.9516959520217e-07,0.0011257987239055684,0.00024804075629905766,0.0012755633049663614,0.002140810704729923
971.4285714285714,2.1,0.00032049078618830965,1.8095120770943596e-09,-7.338445029680386e-06,-2.945567233182538e-07,0.001117104608407588,0.00021945748994463648,0.0012200173884251925,0.00206711614384338
971.4285714285714,2.2,0.0003343902744687224,1.922197253960436e-09,-7.196260778626668e-06,-2.945656818655394e-07,0.0011373574925916765,0.00020665976224378988,0.001171617563440137,0.002020313280956172
971.4285714285714,2.3000000000000003,0.00034821780014134885,2.0415801232173488e-09,-6.3214383473609e-06,-2.9269126418833374e-07,0.0011600377275951545,0.0001746339984144376,0.0011199241711410358,0.001970950243171607
971.4285714285714,2.4000000000000004,0.0003619821114305017,2.1044206373366133e-09,-9.350236895492137e-06,-2.909531045053441e-07,0.0011503059592927072,0.00024890627462081233,0.0010726967862287376,0.0019200299278659305
971.4285714285714,2.5000000000000004,0.00037565292035069965,2.4719661813643935e-09,-3.607965885370255e-06,-2.840008218207535e-07,0.0013019624799397885,9.268123170529249e-05,0.0010104953704986317,0.0019354322249770742
971.4285714285714,2.6,0.0003892876496120439,2.3848100051977128e-09,-6.296904627670768e-06,-2.8217143363726667e-07,0.00121218938448408,0.00015630526367432023,0.0009701914111686267,0.0018374920919337133
971.4285714285714,2.7,0.0004028594098271114,2.4289724211524315e-09,-6.138932150871831e-06,-2.9234304954648647e-07,0.0011930782394997787,0.00014743942608530118,0.0009725773827673167,0.0018267423466031825
971.4285714285714,2.8000000000000003,0.0004163697807206702,2.2817316452357464e-09,-5.988019875519806e-06,-2.904844157633565e-07,0.0010844209984240585,0.00013931450593989442,0.0009361800460719746,0.0017170450170903959
971.4285714285714,2.9000000000000004,0.00042982027141547384,2.3218310077199277e-09,-5.689393198996927e-06,-2.8179705371493297e-07,0.0010689788415604701,0.0001283667684493191,0.0008807487625130862,0.0016463992700079624
971.4285714285714,3.0000000000000004,0.0004432138681782875,2.440372698732973e-09,-5.388840488087815e-06,-2.7759148735466856e-07,0.0010896166007946988,0.00011803303631901999,0.0008422954100283425,0.0016186782416217588
971.4285714285714,3.1,0.00045655357653622024,2.4627659307139235e-09,-6.5356188334625585e-06,-2.739127897698349e-07,0.0010675381084950509,0.0001391066480757218,0.000807668764146784,0.0015696005663176987
971.4285714285714,3.2,0.0004698279287058184,2.5894706946990825e-09,-5.5078955745369194e-06,-2.7210237543819835e-07,0.0010907718879320908,0.00011402396189540213,0.000780394889544004,0.0015558975360357307
971.4285714285714,3.3000000000000003,0.00048304720191967115,2.7071943389294057e-09,-5.390750158713657e-06,-2.700375019514045e-07,0.0011091836948189957,0.00010863792072900943,0.0007539411935591906,0.0015423829982736308
971.4285714285714,3.4000000000000004,0.0004962125676319368,2.848875316394142e-09,-5.272560715271047e-06,-2.6893845466167194e-07,0.0011362889761723565,0.00010352051371455235,0.000731555789867603,0.0015402002731814367
971.4285714285714,3.5000000000000004,0.0005093252077370497,2.989905463290317e-09,-5.16177085190363e-06,-2.5911751878155386e-07,0.001161860436793688,9.881138809082085e-05,0.000687287104788744,0.0015180284891334029
971.4285714285714,3.6,0.0005223862301336436,2.951096422165932e-09,-3.782209856916483e-06,-2.599016218412187e-07,0.001118218772194986,7.064145011168586e-05,0.0006726135649617857,0.0014697691834109016
971.4285714285714,3.7,0.0005354094304316683,3.0102041493304005e-09,-5.1059041367108515e-06,-2.693122794381011e-07,0.0011128958992803757,9.3108601753175e-05,0.0006804937042436396,0.0014742285634819208
971.4285714285714,3.8000000000000003,0.0005483815716883259,3.088469838773734e-09,-4.600804313469996e-06,-2.676553993398614e-07,0.001114841893590642,8.196581435265529e-05,0.0006607481908952841,0.0014569719235352629
971.4285714285714,3.9000000000000004,0.0005613077049018488,3.1447862248424484e-09,-4.7556785532157356e-06,-2.6600687908889525e-07,0.0011090549447119403,8.282466349076444e-05,0.0006419649023206657,0.0014356533937185283
971.4285714285714,4.0,0.0005741862813298396,3.2024552906046252e-09,-4.677479313738245e-06,-2.6401005225023124e-07,0.0011040873963543835,7.96820310903366e-05,0.0006232331381433605,0.0014149902097991085
971.4285714285714,4.1,0.000587018082964693,3.2717499678453306e-09,-4.602726010353649e-06,-2.623939145765597e-07,0.0011033470572704015,7.673718589890397e-05,0.0006062285659008403,0.0013993889640537105
971.4285714285714,4.2,0.0005998038573394428,3.333076664242399e-09,-4.531528838302468e-06,-2.6112488667657846e-07,0.001100094266102602,7.39787916855371e-05,0.0005907628141817619,0.0013833588331199481
971.4285714285714,4.3,0.0006125443164258096,3.395355722350759e-09,-4.459741395146723e-06,-2.5989329211083184e-07,0.0010973675837714432,7.132845187127594e-05,0.0005760511886887002,0.001368566149639124
971.4285714285714,4.3999999999999995,0.000625240178098225,3.449545485788366e-09,-4.394933499464806e-06,-2.583393454223995e-07,0.0010922695901102578,6.889775818451214e-05,0.0005612634470006636,0.0013519737691392595
971.4285714285714,4.5,0.0006378920904356457,3.5157466069130124e-09,-4.3296128410881705e-06,-2.564087089117831e-07,0.0010911783249113077,6.655815738342125e-05,0.0005462846422073902,0.001338638840648902
971.4285714285714,4.6,0.0006505007066446555,3.583982422573509e-09,-4.266960962047514e-06,-2.5554107449548463e-07,0.0010908224070984747,6.435191607316496e-05,0.0005341314203739742,0.001328392803876864
971.4285714285714,4.7,0.0006630666532440448,3.635120825775267e-09,-4.206717112143192e-06,-2.5442075514068837e-07,0.0010854459943395042,6.226725965953718e-05,0.0005219443362027319,0.0013141240422583419
971.4285714285714,4.8,0.0006755905326723127,3.6961873165225892e-09,-4.1379803510793725e-06,-2.5271572582811844e-07,0.00108324722302546,6.013867942571588e-05,0.0005090537363796677,0.0013020417120813141
971.4285714285714,4.9,0.0006880730322970698,3.756179680333958e-09,-4.105573772725419e-06,-2.513838563163348e-07,0.001080885474618723,5.8607979025496235e-05,0.0004973896814056797,0.0012909458915016084
971.4285714285714,5.0,0.0007005144761840997,nan,nan,nan,nan,nan,nan,nan
985.7142857142858,0.1,4.399649043361166e-05,nan,nan,nan,nan,nan,nan,nan
985.7142857142858,0.2,5.4639373951022806e-05,6.543281487183018e-10,-0.00010885869419845239,-1.4693884687556386e-07,0.002360153568673752,0.01695785477068177,0.003187439773957936,0.017704765118929874
985.7142857142858,0.30000000000000004,6.419367052644943e-05,1.5462251142318625e-09,5.3822673090455944e-05,-4.0160207672006394e-07,0.0047915943395039125,0.007245313067406797,0.007624347737681944,0.013846129228390626
985.7142857142858,0.4,7.428619383278061e-05,2.3118811402992328e-09,0.00012435887057842907,-6.758395521161055e-07,0.006270096255402362,0.014524120712621767,0.011176001491604142,0.022362249623137098
985.7142857142858,0.5,8.562230584489608e-05,3.337857171716667e-09,0.0001441636651920827,-9.020135119369302e-07,0.00788519714121615,0.014650770867103138,0.01279175055394547,0.02457802240671389
985.7142857142858,0.6,9.840005450893238e-05,4.75086187216885e-09,0.00015513780278209052,-9.920305609336252e-07,0.00962479088344355,0.013761991449735105,0.012188856767690066,0.024065856868583094
985.7142857142858,0.7000000000000001,0.00011272918120078959,2.736587594022019e-09,5.5727314334927584e-05,-7.269936765856051e-07,0.004803405334088537,0.004366811159149038,0.007889786025423748,0.01290888025961828
985.7142857142858,0.8,0.00012761558103599607,8.804432495551595e-10,-1.4684859349267033e-05,-3.9334382557708117e-07,0.0013650165587495505,0.0010315651507821616,0.0038270769736308166,0.00567630453641796
985.7142857142858,0.9,0.00014235513227770988,8.606684392453749e-10,-1.4273208709579215e-05,-3.208658148847909e-07,0.0011962796019975262,0.0009093998882666532,0.0028312135775882454,0.004276638129041879
985.7142857142858,1.0,0.0001569519514323279,1.0303395692618142e-09,-1.1665209158717258e-05,-3.180492982024887e-07,0.0012987678260761343,0.0006804564547823095,0.002569340897105534,0.003918270555230149
985.7142857142858,1.1,0.00017143211849535874,1.1010490951448228e-09,-1.2103653566919186e-05,-3.1060984647684654e-07,0.0012706792338101833,0.0006514652132748746,0.0023153797202441406,0.003572254069516806
985.7142857142858,1.2000000000000002,0.0001857912490227204,1.1765073770577558e-09,-1.1360771145276512e-05,-3.0621127763087926e-07,0.0012528631071401517,0.0005679341373515719,0.002120094943551839,0.0032987604170279326
985.7142857142858,1.3000000000000003,0.00020003677183862929,1.2522016169826669e-09,-1.031192594136193e-05,-3.041149990060907e-07,0.001238540889159069,0.00048146258488194116,0.0019665825790578574,0.003082317932217221
985.7142857142858,1.4000000000000001,0.00021417917539512456,1.3285901627074671e-09,-7.500348208060602e-06,-3.0563936410334797e-07,0.0012273469280780756,0.00032860726136333936,0.0018546339380305095,0.002914394843234615
985.7142857142858,1.5000000000000002,0.00022824657546953922,1.346308233167062e-09,-1.0673422939271383e-05,-3.029598644332886e-07,0.001167065892279703,0.00044067315582070144,0.0017324557857561226,0.0027493711510786106
985.7142857142858,1.6,0.00024220724131456117,1.4146681294201393e-09,-8.725039748355114e-06,-2.9422343397059055e-07,0.0011556693398613457,0.0003407145177880705,0.0015914055568176544,0.0025528026359801755
985.7142857142858,1.7000000000000002,0.00025608065676209957,1.5250664137767333e-09,-8.322727308379488e-06,-2.9180020903808093e-07,0.0011784043228875106,0.00030839668176590687,0.0014976707387647822,0.002443313435691109
985.7142857142858,1.8000000000000003,0.00026987084493655417,1.622254557364567e-09,-8.020747646402761e-06,-2.9106261446004955e-07,0.001189465113525992,0.0002828381512909209,0.0014217186971287189,0.002353166543968325
985.7142857142858,1.9000000000000001,0.00028358082563454475,1.677523867575102e-09,-7.618926607330394e-06,-2.87948250672957e-07,0.001170571420976379,0.0002563442768235951,0.0013420248075498254,0.002244551404629701
985.7142857142858,2.0,0.000297214617066462,1.7619802568562975e-09,-7.37323211086045e-06,-2.857036537916442e-07,0.0011731379855273413,0.0002372533116776428,0.0012735095498358309,0.002162451158762962
985.7142857142858,2.1,0.0003107746761772707,1.8254405791335117e-09,-7.118119419401417e-06,-2.834848831557975e-07,0.0011624012600531513,0.0002195164806384772,0.0012110950450090383,0.0020815538885015556
985.7142857142858,2.2,0.00032426355409388534,1.8939585687437256e-09,-6.867770122194991e-06,-2.8538049524737314e-07,0.0011559013117249854,0.00020337875407251408,0.0011707799590270028,0.0020295127949767084
985.7142857142858,2.3000000000000003,0.00033768375430927804,1.8505577583191787e-09,-6.623000103640057e-06,-2.856139171734591e-07,0.0010845650293674377,0.00018866918399233618,0.0011271824457400217,0.0019372552479949665
985.7142857142858,2.4000000000000004,0.00035103772452363435,1.9099009017840384e-09,-6.019785895390767e-06,-2.773034905354401e-07,0.0010767816473065536,0.00016522825907059645,0.0010545581364101307,0.0018468743378230504
985.7142857142858,2.5000000000000004,0.00036433149687903674,1.802360891329447e-09,-6.4826288764655875e-06,-2.758508422000048e-07,0.000979171819000221,0.0001716977770734935,0.001012291636035762,0.0017429074245501682
985.7142857142858,2.6,0.0003775604429456745,1.8577109633039034e-09,-6.199387135916557e-06,-2.786739040410315e-07,0.0009738934352692133,0.00015866272017297785,0.0009881997726510145,0.0017107658704124862
985.7142857142858,2.7,0.00039072739514095305,1.943285480235994e-09,-9.755733777403167e-06,-2.747690624716304e-07,0.0009844349265361503,0.00024160008249298943,0.0009427370819825742,0.0016748101790754952
985.7142857142858,2.8000000000000003,0.0004037967899984576,2.452860961361841e-09,-1.8816397545282338e-06,-2.682360501096504e-07,0.0012022579275548042,4.5139777695776425e-05,0.0008915223007923147,0.0017427236583918984
985.7142857142858,2.9000000000000004,0.00041684736845841686,2.6733811319722674e-09,-4.6016038885029155e-06,-2.665491388749342e-07,0.0012693398203860217,0.00010705090655491263,0.00085914388390454,0.0017603806130246384
985.7142857142858,3.0000000000000004,0.0004298519308794911,2.72116152338458e-09,-5.455714210988223e-06,-2.686284159218151e-07,0.0012529821972574755,0.00012320890595735588,0.0008405473083789593,0.0017315266028558748
985.7142857142858,3.1,0.00044280193615845543,2.783412209098169e-09,-5.334391994771779e-06,-2.6557485131892647e-07,0.0012441985720248812,0.00011705965354802858,0.0008075140313314135,0.0016928942290384713
985.7142857142858,3.2,0.00045569859751747206,2.8055258040439068e-09,-5.2191018669474855e-06,-2.6248583924330837e-07,0.0012186510242520657,0.00011139001353299795,0.0007762797690523439,0.0016440007949223782
985.7142857142858,3.3000000000000003,0.0004685430678578192,2.808246814339341e-09,-4.936761508042477e-06,-2.6102412415457607e-07,0.0011864505010805058,0.00010256326652968655,0.0007514755374186713,0.0015961249894142955
985.7142857142858,3.4000000000000004,0.00048133817058308595,2.7984957606603093e-09,-5.174714398816079e-06,-2.5905435235097704e-07,0.0011509615456411662,0.00010473401907956833,0.0007266038291329614,0.0015464759756681076
985.7142857142858,3.5000000000000004,0.0004940815261643645,2.802290554677621e-09,-4.2953703718873184e-06,-2.574261414877708e-07,0.001122850435987285,8.475776530713185e-05,0.0007039841586228877,0.0015030516862572108
985.7142857142858,3.6,0.0005067819280419242,2.7436332191139144e-09,-5.7085828410381205e-06,-2.6013337438788587e-07,0.0010718604635016771,0.00010990191381682647,0.0006940839760121412,0.0014575556302907538
985.7142857142858,3.7,0.0005194252440910735,2.775502797331388e-09,-4.6736503581503225e-06,-2.610168786460345e-07,0.0010579364316684707,8.784696699476597e-05,0.0006799667867405081,0.0014323603754649245
985.7142857142858,3.8000000000000003,0.0005320218236366413,2.8385310246839773e-09,-4.588146850653413e-06,-2.580395409046238e-07,0.0010563667266760641,8.425226517517044e-05,0.0006567305461137268,0.0014091128861142097
985.7142857142858,3.9000000000000004,0.0005445725217137026,2.910164758005994e-09,-4.5074998594415465e-06,-2.569230712973123e-07,0.0010580848435121973,8.091324173421255e-05,0.0006392227939443215,0.0013940236903848295
985.7142857142858,4.0,0.0005570781447921695,2.9788921910174097e-09,-4.2227045110370875e-06,-2.5540845062229194e-07,0.0010587804021236435,7.414216889107789e-05,0.0006215638423469966,0.0013781132832083513
985.7142857142858,4.1,0.000569541540825526,3.024045860585413e-09,-4.558424430425259e-06,-2.5390034325745624e-07,0.0010513342507766006,7.832891438114281e-05,0.0006047223132091522,0.0013575040618245607
985.7142857142858,4.2,0.0005819593526145782,3.0860908143145316e-09,-4.2848389685662914e-06,-2.520145683899593e-07,0.0010500340139434907,7.209475968514929e-05,0.0005877465553616987,0.0013411417193911399
985.7142857142858,4.3,0.0005943343160139448,3.155529018105322e-09,-4.427372949766111e-06,-2.50894159654013e-07,0.0010513288534888285,7.29788748038255e-05,0.0005732520727752298,0.0013296067660131554
985.7142857142858,4.3999999999999995,0.0006066650056838137,3.221597701559492e-09,-3.943296125535292e-06,-2.4978127420586455e-07,0.0010515461765195802,6.370880084956933e-05,0.0005593898984998665,0.0013174377745252411
985.7142857142858,4.5,0.0006189562623924273,3.2747641276060466e-09,-4.086312719914133e-06,-2.4792320344287556e-07,0.0010476994772879113,6.473811201514766e-05,0.0005444667489221756,0.0013018269083178513
985.7142857142858,4.6,0.0006312066559738417,3.3247549179037603e-09,-4.4160667390024866e-06,-2.464507076966337e-07,0.001043075595285624,6.863503692995058e-05,0.0005309759401171958,0.001287085220077332
985.7142857142858,4.7,0.0006434128888878661,3.4099201791116193e-09,-3.8106764676257626e-06,-2.4498398448701526e-07,0.001049520548145538,5.812670562782312e-05,0.0005180314166206474,0.0012812436115348415
985.7142857142858,4.8,0.0006555810150372142,3.4767796022575264e-09,-3.956523226601206e-06,-2.435518123787351e-07,0.0010502616944570674,5.925515177682616e-05,0.0005056602194966327,0.0012719847935485278
985.7142857142858,4.9,0.0006677095759542964,3.545450901135663e-09,-3.903908468987516e-06,-2.420332863373334e-07,0.0010515764670786295,5.742738526276344e-05,0.000493582715817986,0.0012634709198870416
985.7142857142858,5.0,0.0006797990977866886,nan,nan,nan,nan,nan,nan,nan
1000.0,0.1,4.596943925091213e-05,nan,nan,nan,nan,nan,nan,nan
1000.0,0.2,5.657952035567093e-05,nan,nan,nan,nan,nan,nan,nan
1000.0,0.30000000000000004,6.585618969452966e-05,nan,nan,nan,nan,nan,nan,nan
1000.0,0.4,7.524804379287966e-05,nan,nan,nan,nan,nan,nan,nan
1000.0,0.5,8.553667446177568e-05,nan,nan,nan,nan,nan,nan,nan
1000.0,0.6,9.703359859123915e-05,nan,nan,nan,nan,nan,nan,nan
1000.0,0.7000000000000001,0.00010974782274788999,nan,nan,nan,nan,nan,nan,nan
1000.0,0.8,0.00012377705965228134,nan,nan,nan,nan,nan,nan,nan
1000.0,0.9,0.0001380585140012455,nan,nan,nan,nan,nan,nan,nan
1000.0,1.0,0.00015221196612034098,nan,nan,nan,nan,nan,nan,nan
1000.0,1.1,0.0001662513165766729,nan,nan,nan,nan,nan,nan,nan
1000.0,1.2000000000000002,0.00018017872208894207,nan,nan,nan,nan,nan,nan,nan
1000.0,1.3000000000000003,0.00019399650428200194,nan,nan,nan,nan,nan,nan,nan
1000.0,1.4000000000000001,0.00020771326711578288,nan,nan,nan,nan,nan,nan,nan
1000.0,1.5000000000000002,0.0002213426553028395,nan,nan,nan,nan,nan,nan,nan
1000.0,1.6,0.00023488451688854405,nan,nan,nan,nan,nan,nan,nan
1000.0,1.7000000000000002,0.0002483543388433012,nan,nan,nan,nan,nan,nan,nan
1000.0,1.8000000000000003,0.00026173558791613686,nan,nan,nan,nan,nan,nan,nan
1000.0,1.9000000000000001,0.00027503845712890116,nan,nan,nan,nan,nan,nan,nan
1000.0,2.0,0.0002882709084828456,nan,nan,nan,nan,nan,nan,nan
1000.0,2.1,0.00030143110505993244,nan,nan,nan,nan,nan,nan,nan
1000.0,2.2,0.00031452335587593477,nan,nan,nan,nan,nan,nan,nan
1000.0,2.3000000000000003,0.0003275273733258438,nan,nan,nan,nan,nan,nan,nan
1000.0,2.4000000000000004,0.0003404831133110086,nan,nan,nan,nan,nan,nan,nan
1000.0,2.5000000000000004,0.00035337790216070637,nan,nan,nan,nan,nan,nan,nan
1000.0,2.6,0.0003662123609656936,nan,nan,nan,nan,nan,nan,nan
1000.0,2.7,0.00037899196932831224,nan,nan,nan,nan,nan,nan,nan
1000.0,2.8000000000000003,0.00039172438314591065,nan,nan,nan,nan,nan,nan,nan
1000.0,2.9000000000000004,0.00040442005348747666,nan,nan,nan,nan,nan,nan,nan
1000.0,3.0000000000000004,0.0004170453326670997,nan,nan,nan,nan,nan,nan,nan
1000.0,3.1,0.00042961833908866984,nan,nan,nan,nan,nan,nan,nan
1000.0,3.2,0.0004421418226156653,nan,nan,nan,nan,nan,nan,nan
1000.0,3.3000000000000003,0.0004546120453907304,nan,nan,nan,nan,nan,nan,nan
1000.0,3.4000000000000004,0.0004670348951180433,nan,nan,nan,nan,nan,nan,nan
1000.0,3.5000000000000004,0.00047940974062324625,nan,nan,nan,nan,nan,nan,nan
1000.0,3.6,0.0004917375510969628,nan,nan,nan,nan,nan,nan,nan
1000.0,3.7,0.0005040074868927913,nan,nan,nan,nan,nan,nan,nan
1000.0,3.8000000000000003,0.0005162413676308106,nan,nan,nan,nan,nan,nan,nan
1000.0,3.9000000000000004,0.0005284312497006597,nan,nan,nan,nan,nan,nan,nan
1000.0,4.0,0.0005405779454363397,nan,nan,nan,nan,nan,nan,nan
1000.0,4.1,0.000552682150902805,nan,nan,nan,nan,nan,nan,nan
1000.0,4.2,0.0005647446623416146,nan,nan,nan,nan,nan,nan,nan
1000.0,4.3,0.000576768301115979,nan,nan,nan,nan,nan,nan,nan
1000.0,4.3999999999999995,0.0005887473021880881,nan,nan,nan,nan,nan,nan,nan
1000.0,4.5,0.0006006887535589244,nan,nan,nan,nan,nan,nan,nan
1000.0,4.6,0.000612591126714845,nan,nan,nan,nan,nan,nan,nan
1000.0,4.7,0.0006244550266090571,nan,nan,nan,nan,nan,nan,nan
1000.0,4.8,0.0006362810442597193,nan,nan,nan,nan,nan,nan,nan
1000.0,4.9,0.0006480696810199179,nan,nan,nan,nan,nan,nan,nan
1000.0,5.0,0.0006598219404210072,nan,nan,nan,nan,nan,nan,nan
