T1_K,P1_atm,feature_value,d2_dT2,d2_dP2,d2_dTdP,C_T,C_P,C_TP,C_combined
300.0,0.1,0.001980885176003544,nan,nan,nan,nan,nan,nan,nan
300.0,0.2,0.0009117667362350163,nan,nan,nan,nan,nan,nan,nan
300.0,0.30000000000000004,0.000584606890535893,nan,nan,nan,nan,nan,nan,nan
300.0,0.4,0.00043008333816995633,nan,nan,nan,nan,nan,nan,nan
300.0,0.5,0.00034119766504376486,nan,nan,nan,nan,nan,nan,nan
300.0,0.6,0.000283901665613958,nan,nan,nan,nan,nan,nan,nan
300.0,0.7000000000000001,0.00024417166104516826,nan,nan,nan,nan,nan,nan,nan
300.0,0.8,0.0002151538783581935,nan,nan,nan,nan,nan,nan,nan
300.0,0.9,0.00019317276403735633,nan,nan,nan,nan,nan,nan,nan
300.0,1.0,0.0001760184979340697,nan,nan,nan,nan,nan,nan,nan
300.0,1.1,0.00016232737030384562,nan,nan,nan,nan,nan,nan,nan
300.0,1.2000000000000002,0.0001512270559417013,nan,nan,nan,nan,nan,nan,nan
300.0,1.3000000000000003,0.00014210975507488732,nan,nan,nan,nan,nan,nan,nan
300.0,1.4000000000000001,0.00013452487904280728,nan,nan,nan,nan,nan,nan,nan
300.0,1.5000000000000002,0.00012817137847017296,nan,nan,nan,nan,nan,nan,nan
300.0,1.6,0.00012282402268301898,nan,nan,nan,nan,nan,nan,nan
300.0,1.7000000000000002,0.00011830342130819925,nan,nan,nan,nan,nan,nan,nan
300.0,1.8000000000000003,0.00011448547249212901,nan,nan,nan,nan,nan,nan,nan
300.0,1.9000000000000001,0.00011126288390191148,nan,nan,nan,nan,nan,nan,nan
300.0,2.0,0.00010855665723123472,nan,nan,nan,nan,nan,nan,nan
300.0,2.1,0.00010629068714942089,nan,nan,nan,nan,nan,nan,nan
300.0,2.2,0.00010441756420136183,nan,nan,nan,nan,nan,nan,nan
300.0,2.3000000000000003,0.00010290134758700114,nan,nan,nan,nan,nan,nan,nan
300.0,2.4000000000000004,0.00010169499839197966,nan,nan,nan,nan,nan,nan,nan
300.0,2.5000000000000004,0.00010077486869372203,nan,nan,nan,nan,nan,nan,nan
300.0,2.6,0.00010012135241840079,nan,nan,nan,nan,nan,nan,nan
300.0,2.7,9.970094121416911e-05,nan,nan,nan,nan,nan,nan,nan
300.0,2.8000000000000003,9.950346407887258e-05,nan,nan,nan,nan,nan,nan,nan
300.0,2.9000000000000004,9.949394817480146e-05,nan,nan,nan,nan,nan,nan,nan
300.0,3.0000000000000004,9.966975380659752e-05,nan,nan,nan,nan,nan,nan,nan
300.0,3.1,0.00010000999632439481,nan,nan,nan,nan,nan,nan,nan
300.0,3.2,0.00010049305016330083,nan,nan,nan,nan,nan,nan,nan
300.0,3.3000000000000003,0.00010110341939574399,nan,nan,nan,nan,nan,nan,nan
300.0,3.4000000000000004,0.00010181846734494389,nan,nan,nan,nan,nan,nan,nan
300.0,3.5000000000000004,0.00010262420894325756,nan,nan,nan,nan,nan,nan,nan
300.0,3.6,0.00010350335908951522,nan,nan,nan,nan,nan,nan,nan
300.0,3.7,0.00010443211029473124,nan,nan,nan,nan,nan,nan,nan
300.0,3.8000000000000003,0.00010539724678027221,nan,nan,nan,nan,nan,nan,nan
300.0,3.9000000000000004,0.00010638153335567802,nan,nan,nan,nan,nan,nan,nan
300.0,4.0,0.00010737118518363625,nan,nan,nan,nan,nan,nan,nan
300.0,4.1,0.0001083510821092372,nan,nan,nan,nan,nan,nan,nan
300.0,4.2,0.00010931251271966994,nan,nan,nan,nan,nan,nan,nan
300.0,4.3,0.0001102432533616558,nan,nan,nan,nan,nan,nan,nan
300.0,4.3999999999999995,0.00011113624580961341,nan,nan,nan,nan,nan,nan,nan
300.0,4.5,0.00011198659345375658,nan,nan,nan,nan,nan,nan,nan
300.0,4.6,0.00011279013943362743,nan,nan,nan,nan,nan,nan,nan
300.0,4.7,0.00011354143523608121,nan,nan,nan,nan,nan,nan,nan
300.0,4.8,0.00011423944815810838,nan,nan,nan,nan,nan,nan,nan
300.0,4.9,0.00011488352889894353,nan,nan,nan,nan,nan,nan,nan
300.0,5.0,0.00011547148541071213,nan,nan,nan,nan,nan,nan,nan
314.2857142857143,0.1,0.0020349400851534826,nan,nan,nan,nan,nan,nan,nan
314.2857142857143,0.2,0.000934700533188314,-3.390733505284056e-09,0.07631653703380992,-1.405235010458696e-05,0.0007231223847464036,0.3750308797325296,0.009619149668445291,0.37527821644697984
314.2857142857143,0.30000000000000004,0.0005976263515612448,-1.2871980194996603e-09,0.01778477159340251,-5.012272658883693e-06,0.00043037473537754604,0.19027240235690993,0.007482571504690624,0.19056691757419045
314.2857142857143,0.4,0.00043839988586820075,-4.853252545044428e-10,0.006760474208165628,-2.5496884985168886e-06,0.0002217691766102782,0.11312209025764178,0.005967419521742579,0.1134366637261635
314.2857142857143,0.5,0.00034677816225681297,2.2336938260423346e-10,0.0032547102904312303,-1.5430963394794237e-06,0.0001293559567622588,0.07424067376262314,0.004935820689782126,0.07456821726080859
314.2857142857143,0.6,0.0002877035415497375,5.517605122281305e-10,0.001806667459718628,-1.044442636612886e-06,0.0003861358962779739,0.05209865142490338,0.0042339470377287455,0.05244302809964891
314.2857142857143,0.7000000000000001,0.0002466955954398483,9.332911774504404e-10,0.001103543588440984,-7.59459377753258e-07,0.0007636726242079805,0.03835696920853532,0.0037204215363630926,0.03872367951987466
314.2857142857143,0.8,0.00021672308521436897,1.1670549152560381e-09,0.000721219047627986,-5.891741849033501e-07,0.001089891383425555,0.02923518137168528,0.003374673893209952,0.0296422087711767
314.2857142857143,0.9,0.0001939627654651695,1.4289570754520742e-09,0.0004948836264482284,-4.830692412712312e-07,0.001495166776005724,0.02283483672072684,0.0031579071193984947,0.023315446521562085
314.2857142857143,1.0,0.0001761512819804523,1.7180596956317782e-09,0.0003567809688842586,-4.0528605372710285e-07,0.001985025856346398,0.0183943020212468,0.002968452845119009,0.018971402138128805
314.2857142857143,1.1,0.00016190760818457768,1.9366303324879117e-09,0.0002641838245491794,-3.494730105350125e-07,0.0024347753515613388,0.014997553329103573,0.0028264388870753647,0.015710895914511684
314.2857142857143,1.2000000000000002,0.00015030577263419487,2.2626754687641005e-09,0.00020199007012104152,-3.146619526376246e-07,0.0030534913276855846,0.012475637950921313,0.0027692007475707695,0.013427669087798234
314.2857142857143,1.3000000000000003,0.00014072383778502247,2.5944163304842032e-09,0.00015633576571012263,-2.912360551388323e-07,0.003725801372523402,0.010401181735754302,0.0027511711098943724,0.011713413777354619
314.2857142857143,1.4000000000000001,0.0001327052605929513,2.9117503199023445e-09,0.00012553655984229282,-2.72822156657011e-07,0.004417285214392582,0.008920774320699628,0.002742569909265275,0.010683445257058225
314.2857142857143,1.5000000000000002,0.00012594204899930305,3.220835317937466e-09,0.00010157049401560428,-2.595466484860484e-07,0.005128394014614453,0.007653840816993148,0.0027562256814269567,0.010003762513920385
314.2857142857143,1.6,0.00012019454234581086,3.5810906583439275e-09,8.36595001523925e-05,-2.5043609966018907e-07,0.005950259666381169,0.006642698035892324,0.0027913084881167074,0.009752632129075465
314.2857142857143,1.7000000000000002,0.0001152836306938426,3.955143733622257e-09,6.942087921880105e-05,-2.4716082916908333e-07,0.006822898117479979,0.005775709767176511,0.002874738109858309,0.00982033606536525
314.2857142857143,1.8000000000000003,0.00011106692783406234,4.393417786023197e-09,5.929569204927525e-05,-2.4885181520917847e-07,0.00783169999809586,0.005143461538502907,0.0030050068647619935,0.01028838441995471
314.2857142857143,1.9000000000000001,0.00010744318189477484,4.826424557009148e-09,5.03012066034334e-05,-2.521651101089757e-07,0.008852768946197805,0.004528909512882635,0.003146564046447181,0.01089423104158486
314.2857142857143,2.0,0.00010432244802152168,5.326307309106368e-09,4.358165696983248e-05,-2.542482801028501e-07,0.01001321816071543,0.004056251518361999,0.0032644473698754915,0.011748657266924988
314.2857142857143,2.1,0.00010163753071796684,5.875326072440001e-09,3.84144727998332e-05,-2.5837452023544545e-07,0.01128082026177008,0.0036822825315514372,0.0034001273334437715,0.012803821390030171
314.2857142857143,2.2,9.933675814241033e-05,6.3884698650508126e-09,3.411176954670898e-05,-2.6566243798730786e-07,0.01248611160570863,0.003356217856311903,0.00357056463488452,0.01388038345842847
314.2857142857143,2.3000000000000003,9.737710326232091e-05,6.97343916241199e-09,2.9686259158436796e-05,-2.72317136798582e-07,0.01383024501470776,0.002988446544216617,0.0037256613302205106,0.0150985957827041
314.2857142857143,2.4000000000000004,9.571431097381586e-05,7.582427354971092e-09,2.694713167924046e-05,-2.8079450388713566e-07,0.015216423408663648,0.002767296497478313,0.003898248321907531,0.016419200687463213
314.2857142857143,2.5000000000000004,9.432099000210321e-05,8.221609849570291e-09,2.4152951942968726e-05,-2.90878133659643e-07,0.016649781665667593,0.0025234420743598255,0.004086141870425746,0.01780382262851276
314.2857142857143,2.6,9.316919854982025e-05,8.958210826585065e-09,2.2090034659721162e-05,-3.017995828612069e-07,0.01825990407620393,0.002342006234161515,0.004278271624849602,0.019378243116056904
314.2857142857143,2.7,9.22383074441345e-05,9.657021297931303e-09,1.99538614284144e-05,-3.1099963636827094e-07,0.01976732264556713,0.0021416800551036725,0.004437466974628706,0.02084984566691612
314.2857142857143,2.8000000000000003,9.15069549527329e-05,1.0484902532353067e-08,1.9187733718690718e-05,-3.185297808542657e-07,0.021504538026080267,0.002080234801610172,0.004564074707178926,0.02254848306229009
314.2857142857143,2.9000000000000004,9.09674797985182e-05,1.116376657524855e-08,1.6556338672129056e-05,-3.262588021296672e-07,0.022899078296014577,0.0018092983949341433,0.004676283277941935,0.023903485061388768
314.2857142857143,3.0000000000000004,9.05935680310248e-05,1.1930487237166176e-08,1.5811687918996844e-05,-3.3384020731703674e-07,0.024428607684051605,0.0017381692835745032,0.00476866912717954,0.02540193922378167
314.2857142857143,3.1,9.037777314272136e-05,1.2652637863195472e-08,1.423902183203025e-05,-3.375889841149545e-07,0.02581912896100183,0.001571747546928932,0.004799038107843187,0.026742463315431186
314.2857142857143,3.2,9.030436847273822e-05,1.338045564884833e-08,1.3423695367262123e-05,-3.3871699226663083e-07,0.027173075451699932,0.001485287244914068,0.0047860044735947615,0.02804271358742267
314.2857142857143,3.3000000000000003,9.036520075642771e-05,1.4007317564629517e-08,1.1496004449896938e-05,-3.3801176425414666e-07,0.028274377412400614,0.0012697016078842003,0.0047424986991662236,0.029086683345736074
314.2857142857143,3.4000000000000004,9.054099308461617e-05,1.458629343343042e-08,1.089113309151574e-05,-3.334150313724667e-07,0.029236293335335933,0.0011991246400505943,0.004641275119970078,0.029988024565994528
314.2857142857143,3.5000000000000004,9.082569674371978e-05,1.5062573576371232e-08,9.634983492187546e-06,-3.2616381744696285e-07,0.02995389332669403,0.0010563892987166402,0.0045017699400030226,0.030641206715187278
314.2857142857143,3.6,9.120675023774527e-05,1.5441225541049258e-08,8.58278663180839e-06,-3.14328064708911e-07,0.03044607002422106,0.0009362328602227339,0.004299827813246402,0.031061499486268653
314.2857142857143,3.7,9.167363159808884e-05,1.5669059436146944e-08,6.751557219449986e-06,-2.9887206780776435e-07,0.030620536373744536,0.0007322092584603364,0.004050960626688316,0.031160454781853635
314.2857142857143,3.8000000000000003,9.220802853062691e-05,1.5820379741610258e-08,6.335573870845862e-06,-2.8120788998143053e-07,0.030633142947179497,0.0006826701729997364,0.0037762715430430236,0.031102667713896012
314.2857142857143,3.9000000000000004,9.280578120187344e-05,1.5804518396856224e-08,4.727030899877109e-06,-2.616936874241846e-07,0.030319283958258555,0.000505830949369358,0.003481829172811142,0.03072069519832082
314.2857142857143,4.0,9.345080418211875e-05,1.5658351462080692e-08,3.7234815646581764e-06,-2.3908172847648215e-07,0.029762006683371235,0.00039555513083468783,0.00315220964799074,0.030096617036011467
314.2857142857143,4.1,9.413306197801063e-05,1.540445617825022e-08,2.3507666272473905e-06,-2.1407645239337244e-07,0.029014630087592114,0.00024786964270833816,0.002797698962454394,0.029284201157767965
314.2857142857143,4.2,9.483882744017499e-05,1.5086592719245322e-08,1.5232751924103823e-06,-1.895873456768914e-07,0.028166002196026222,0.00015940539677433167,0.002456740498796851,0.02837992666558411
314.2857142857143,4.3,9.555982565426345e-05,1.4657004745721972e-08,8.797991907447402e-07,-1.6413375512377927e-07,0.027132957048154334,9.137009510968399e-05,0.0021098138714857307,0.027296672614366305
314.2857142857143,4.3999999999999995,9.628962186025936e-05,1.4145646540398695e-08,-1.330616043184688e-07,-1.388115725780414e-07,0.02597592369498567,1.3715133725631688e-05,0.0017707677358892557,0.026096360601845305
314.2857142857143,4.5,9.701808745021208e-05,1.3564048015827809e-08,-1.0682749743834428e-06,-1.1431370031288052e-07,0.024718789804046792,0.0001093022419720699,0.0014478684659961483,0.024803692518381208
314.2857142857143,4.6,9.773587029042097e-05,1.2979785831391543e-08,-1.9616926896356074e-06,-9.016180521949271e-08,0.023485527168057536,0.00019929007945741463,0.001134410346471106,0.02354110185538689
314.2857142857143,4.7,9.84340362037335e-05,1.2400669151953505e-08,-1.8646761530032373e-06,-6.826875697368583e-08,0.02228920923237457,0.00018813533086516022,0.0008537050664120514,0.022322676089307183
314.2857142857143,4.8,9.911355535551601e-05,1.1770172498110297e-08,-2.434243333289496e-06,-4.788220596118037e-08,0.0210266773759097,0.0002439886007055617,0.0005954130416143912,0.021044945361965568
314.2857142857143,4.9,9.976873207396561e-05,1.1132465752816454e-08,-3.205207903414855e-06,-2.8270471125385135e-08,0.019775957511607763,0.00031926971054691515,0.00034975203772889335,0.019784718386289438
314.2857142857143,5.0,0.00010039185671338107,nan,nan,nan,nan,nan,nan,nan
328.57142857142856,0.1,0.002086960548035663,nan,nan,nan,nan,nan,nan,nan
328.57142857142856,0.2,0.000956942343711962,-3.188824971866743e-09,0.07834589797249682,-1.3456157533091682e-05,0.0006650571396352614,0.37540670352508276,0.008995307638110015,0.3756227715029759
328.57142857142856,0.30000000000000004,0.0006103831191132294,-1.6353567133084638e-09,0.018279349308164133,-4.8154602673132115e-06,0.000535875044214063,0.191018293090249,0.007030142393397834,0.19127760261284693
328.57142857142856,0.4,0.00044661738759613814,-5.834862586728424e-10,0.0069552588979100785,-2.4427643473745233e-06,0.0002618752758360188,0.11394907034805858,0.005603129331972638,0.11422455659125372
328.57142857142856,0.5,0.00035240424505814767,-1.5204788342586216e-10,0.0033426919151528785,-1.4707420757952365e-06,8.667665130113986e-05,0.0748446434910315,0.004620600515271572,0.07512940882493978
328.57142857142856,0.6,0.000291618021671686,4.053473577518307e-10,0.0018578199136538849,-9.905145949713332e-07,0.0002798365691528396,0.05271843173589864,0.003952579960721232,0.053014687869399266
328.57142857142856,0.7000000000000001,0.00024940999742176315,6.480154876914096e-10,0.001132849337120539,-7.242449870558543e-07,0.0005242599552594528,0.03884702771888157,0.003499940482393744,0.039164595974589586
328.57142857142856,0.8,0.0002185304665430457,7.760558942512286e-10,0.000739345512160383,-5.581338151185942e-07,0.000718283284719019,0.029643780113197214,0.003160804797886912,0.029987514138677503
328.57142857142856,0.9,0.00019504439078593205,1.0214799436629437e-09,0.0005076375425696433,-4.4397611105072585e-07,0.0010617864632701704,0.023229600458005244,0.00287647365635933,0.023606988993168945
328.57142857142856,1.0,0.00017663469045451485,1.3196587600496393e-09,0.000365808662231167,-3.6778890104239593e-07,0.0015182481304790191,0.0187551490589983,0.002676110238124068,0.019193327632907556
328.57142857142856,1.1,0.00016188307674540933,1.5637269617989018e-09,0.0002714796794214038,-3.158547891386903e-07,0.0019677674798094904,0.01536955615699468,0.0025437042540166705,0.01590711249666054
328.57142857142856,1.2000000000000002,0.00014984625983051783,1.7163531860143401e-09,0.0002057950300038256,-2.778954592142773e-07,0.002330423870436237,0.01271257219353916,0.0024478925192902867,0.013380012061423516
328.57142857142856,1.3000000000000003,0.0001398673932156646,1.935402779656335e-09,0.00015913503014476852,-2.516666722389458e-07,0.0028067750661897872,0.01061988669752296,0.0023919494985677994,0.011493599286029043
328.57142857142856,1.4000000000000001,0.00013147987690225905,2.1752210560729187e-09,0.00012776722697709604,-2.3246254383009432e-07,0.0033451775952298302,0.009134882980201754,0.0023598656315501013,0.010284660023722225
328.57142857142856,1.5000000000000002,0.00012437003285862446,2.439052951356741e-09,0.00010357080218462903,-2.172992825835758e-07,0.00395234087737373,0.007877312074274502,0.002339225627988811,0.009413660127907184
328.57142857142856,1.6,0.00011829589683683618,2.6888069629007024e-09,8.492514549731949e-05,-2.0711586812185102e-07,0.0045653995944252524,0.0068284251073453305,0.0023493329984196265,0.00886053011835799
328.57142857142856,1.7000000000000002,0.0001130710122700211,2.9177110187453497e-09,6.988713474882616e-05,-2.0059650551908737e-07,0.005165097809043764,0.005907824076537539,0.00238418842372527,0.008541037968300838
328.57142857142856,1.8000000000000003,0.00010854499905069429,3.180280897421321e-09,5.89478659741987e-05,-1.9720416171714653e-07,0.005843655987412992,0.005213349097240527,0.0024437140757013116,0.008559836509915816
328.57142857142856,1.9000000000000001,0.00010460846449110946,3.492564493135353e-09,5.0331037193836034e-05,-1.9527657679141621e-07,0.0066339087444676325,0.004636882181032559,0.0025116976197472286,0.00883892931620053
328.57142857142856,2.0,0.000101175240303463,3.840270307229817e-09,4.4140430792891066e-05,-1.9377433572291305e-07,0.007512559846820794,0.004219585002764524,0.0025764359796721886,0.00935518560811693
328.57142857142856,2.1,9.818342042374544e-05,4.136933420342738e-09,3.681208996453912e-05,-1.9541820697016336e-07,0.00830669655821649,0.0036384484834556044,0.002676019134852365,0.009826579867748394
328.57142857142856,2.2,9.555972144367327e-05,4.540884522713272e-09,3.3998732351139776e-05,-1.9871126301699483e-07,0.00932898500428005,0.0034627773410628978,0.002792996158762835,0.010706187146206093
328.57142857142856,2.3000000000000003,9.32760097871125e-05,4.913453229539515e-09,2.8875957917604102e-05,-2.0173197519498038e-07,0.010297549664705233,0.003021770834129603,0.002901126847522833,0.011489286402640624
328.57142857142856,2.4000000000000004,9.128105770972778e-05,5.323311557693839e-09,2.588852392781314e-05,-2.056269352098598e-07,0.011350341477276756,0.002775475064477944,0.0030166512942388845,0.01243920751279575
328.57142857142856,2.5000000000000004,8.954499087162119e-05,5.769974465344941e-09,2.3632693886492633e-05,-2.1048209742237023e-07,0.012484451331859544,0.0025890030724276007,0.0031415230130596035,0.013501955252843022
328.57142857142856,2.6,8.804525097237952e-05,6.1986171007235086e-09,2.0098327400924317e-05,-2.1566935712999562e-07,0.013577705054856646,0.0022444948852291336,0.0032664954174824626,0.014516604853455484
328.57142857142856,2.7,8.674649434714709e-05,6.746209337457847e-09,2.0248413168937753e-05,-2.212181851270536e-07,0.014926308319800727,0.0022997734625448273,0.003391957682065338,0.01584595821875793
328.57142857142856,2.8000000000000003,8.565022185360405e-05,7.185806029709594e-09,1.6538177140834627e-05,-2.2788589516286876e-07,0.016026006189680846,0.001906495157562357,0.0035294585061773067,0.01689324577667513
328.57142857142856,2.9000000000000004,8.471933113146934e-05,7.777492859499714e-09,1.6373515982481267e-05,-2.352096269188325e-07,0.017448471082520643,0.0019116723375763557,0.003672002340311226,0.018304940224385217
328.57142857142856,3.0000000000000004,8.395217556915946e-05,8.289598230799858e-09,1.4270094668720814e-05,-2.4112370628141614e-07,0.01867411536766275,0.0016843965218016378,0.0037866547287868373,0.019499673958236402
328.57142857142856,3.1,8.332772095353678e-05,8.884683600550173e-09,1.4312567872036224e-05,-2.4646949781272624e-07,0.020062463056517373,0.001704847763027367,0.003886581467561012,0.020871510745444407
328.57142857142856,3.2,8.284639201663446e-05,9.390975435580097e-09,1.2055527505878134e-05,-2.51886815511233e-07,0.02122295556140844,0.0014467607379542102,0.003981491193691462,0.02200480637600087
328.57142857142856,3.3000000000000003,8.248561835479092e-05,9.961248848267268e-09,1.1546870959215637e-05,-2.5471224364232834e-07,0.02249657955939644,0.0013937687180024907,0.00401889377814413,0.023245251074392532
328.57142857142856,3.4000000000000004,8.224031340253954e-05,1.0517524228128923e-08,1.06170701316528e-05,-2.568326951528379e-07,0.023706759146530462,0.0012871419701294077,0.0040396480662694126,0.024419350455765664
328.57142857142856,3.5000000000000004,8.210117915160469e-05,1.1050298250675161e-08,9.936700388695709e-06,-2.592678228268387e-07,0.024829569044368335,0.0012082517657804634,0.004060912192056818,0.025513709783599823
328.57142857142856,3.6,8.20614119045568e-05,1.1535679969873561e-08,9.127547580425984e-06,-2.5978716336273154e-07,0.025811909709296192,0.0011115848231444086,0.004048323521388165,0.026462580190290463
328.57142857142856,3.7,8.211292013331316e-05,1.1970957628592475e-08,8.303084577132329e-06,-2.5667961995744786e-07,0.026649457806738604,0.0010095247509288138,0.003976716314306491,0.027255114876015875
328.57142857142856,3.8000000000000003,8.224745920784085e-05,1.2337914309121427e-08,7.344268342608714e-06,-2.51528256667329e-07,0.02730718502351158,0.0008906954176202118,0.00387180708248888,0.027864986495659508
328.57142857142856,3.9000000000000004,8.245544096579462e-05,1.2666528400678039e-08,6.25823878897181e-06,-2.4573145722022185e-07,0.02785393067737634,0.0007565019948112284,0.0037564678223839343,0.028366103899715448
328.57142857142856,4.0,8.272600511163812e-05,1.294688503436195e-08,6.223915629229091e-06,-2.3722949712791303e-07,0.02827392935468865,0.0007493384203422981,0.003600215211213151,0.02873847052917442
328.57142857142856,4.1,8.30588084137739e-05,1.3118453097043977e-08,5.242691808571395e-06,-2.2625077619038025e-07,0.02844096717636507,0.0006282883588085949,0.0034080492482002956,0.028853300669857633
328.57142857142856,4.2,8.34440386339954e-05,1.3177762710881102e-08,3.835455096480187e-06,-2.1329362339557692e-07,0.028356944105489883,0.0004573224971393689,0.003188632609919385,0.02871689709405161
328.57142857142856,4.3,8.38676234051817e-05,1.320212875344903e-08,3.865637543499036e-06,-1.9977741279109496e-07,0.028195028319200274,0.0004583948479040203,0.0029639362838236164,0.028508587905159782
328.57142857142856,4.3999999999999995,8.432986455180299e-05,1.3120686475042889e-08,2.5648812697958373e-06,-1.8528434994047765e-07,0.027808719835266324,0.00030239910082263525,0.0027282740305742638,0.028076739526952287
328.57142857142856,4.5,8.481775451112224e-05,1.2993847717194977e-08,2.489256073048341e-06,-1.6895965293057367e-07,0.027333105880192277,0.0002917192554570464,0.002469624837234594,0.027556884273356775
328.57142857142856,4.6,8.533053703117197e-05,1.275646051075463e-08,1.4066426685214472e-06,-1.5121717678548894e-07,0.02663668190781188,0.00016383478864397398,0.002194612215411629,0.02681738821078575
328.57142857142856,4.7,8.585738597790692e-05,1.2447676177221386e-08,5.503648304279527e-07,-1.3363075649192924e-07,0.02580755778139676,6.370719943355695e-05,0.00192608447974651,0.02595098649557725
328.57142857142856,4.8,8.638973857294614e-05,1.213593785752506e-08,3.775867291400179e-07,-1.1759726244363895e-07,0.024988731388516042,4.343778693478933e-05,0.0016838551088396215,0.025101978394219675
328.57142857142856,4.9,8.692586703527677e-05,1.1763857994849594e-08,-1.7652213454112184e-07,-1.0096620345073003e-07,0.02406352467331945,2.0183131691231392e-05,0.00143674435579811,0.024149163458598195
328.57142857142856,5.0,8.746023027626199e-05,nan,nan,nan,nan,nan,nan,nan
342.8571428571429,0.1,0.0021370122027499533,nan,nan,nan,nan,nan,nan,nan
342.8571428571429,0.2,0.0009785333736291066,-2.975361540159277e-09,0.08027515958889318,-1.2886749741895554e-05,0.0006075099546100155,0.37564202715170925,0.008424832228349624,0.3758314212877126
342.8571428571429,0.30000000000000004,0.0006228061403971919,-1.376292606172814e-09,0.018763690333049775,-4.639141004118707e-06,0.00044236050152238963,0.19175319757833603,0.006630545605840977,0.19198284489607909
342.8571428571429,0.4,0.00045471581049577495,-6.437608839065305e-10,0.0071373817084833275,-2.3469085555246032e-06,0.0002839521093055667,0.11460037474793514,0.005280314292868364,0.11484376325787347
342.8571428571429,0.5,0.00035799929767919137,-1.756392642576496e-10,0.0034332440881588264,-1.411014303201904e-06,9.859416644156745e-05,0.07550307266456326,0.0043566229071922745,0.0757541023899757
342.8571428571429,0.6,0.00029561522574419606,3.978313228210377e-11,0.0019025493653189761,-9.449499331099514e-07,2.709762938513519e-05,0.05314394127733402,0.00371309831912787,0.05340274737338207
342.8571428571429,0.7000000000000001,0.0002522566474623905,3.001078967437716e-10,0.001159815744506624,-6.892906895202656e-07,0.00024002750764828446,0.03923396508372828,0.003286493496177702,0.039509033250593135
342.8571428571429,0.8,0.00022049622662565123,6.477949267791888e-10,0.0007598675612407751,-5.23239136935211e-07,0.0005939195736746385,0.03012279632210943,0.002929421421885438,0.030412145903524892
342.8571428571429,0.9,0.0001963344814013197,9.036944299069667e-10,0.0005214680865885068,-4.1162587559032744e-07,0.0009323510820356773,0.02364975104421322,0.002641744448844268,0.023961169221459883
342.8571428571429,1.0,0.00017738741704287326,1.009998653871934e-09,0.0003737320573201686,-3.3777020696604573e-07,0.001155741463543621,0.019035477347264206,0.0024393676143786742,0.019380045533613218
342.8571428571429,1.1,0.0001621776732576285,1.2019708459088143e-09,0.0002769093714868154,-2.889353903877043e-07,0.0015075211160120018,0.015610429200842836,0.0023144013783903796,0.016020955877547986
342.8571428571429,1.2000000000000002,0.0001497370231872519,1.3670473929348415e-09,0.00021095556885449858,-2.537875808594281e-07,0.0018610850801157924,0.01300768253835925,0.0022281164048246083,0.013512677311364423
342.8571428571429,1.3000000000000003,0.00013940592880542027,1.505315621987159e-09,0.00016235814524828357,-2.2401763396859833e-07,0.002196418069503932,0.010842885866994197,0.002134828060033247,0.011467667938709968
342.8571428571429,1.4000000000000001,0.00013069841587607148,1.6823525944459918e-09,0.0001304879679663327,-2.024646834842965e-07,0.0026113293704091677,0.009360288266395395,0.0020679248784914814,0.010148234532023237
342.8571428571429,1.5000000000000002,0.00012329578262638602,1.8416055399690928e-09,0.00010528380660386339,-1.8721636374563336e-07,0.003021932668676238,0.008055476870025245,0.002034166402565686,0.009071849346422066
342.8571428571429,1.6,0.00011694598744273919,2.011088415080531e-09,8.576528154226184e-05,-1.760291095747534e-07,0.0034694881068054835,0.006956059624695352,0.0020219513556068314,0.008282553217122252
342.8571428571429,1.7000000000000002,0.00011145384507451498,2.233376711899218e-09,7.104044788765379e-05,-1.6762614653561543e-07,0.004031016938322422,0.00607463748360222,0.0020242961085336674,0.007832360281822872
342.8571428571429,1.8000000000000003,0.00010667210718516732,2.442784532097128e-09,5.961460555296013e-05,-1.6196768895544103e-07,0.0045928182771202185,0.005348815513103514,0.0020463459922064773,0.007620949478871079
342.8571428571429,1.9000000000000001,0.00010248651535134925,2.6451444748369697e-09,5.1083770200165844e-05,-1.5723779600781472e-07,0.005160437118105595,0.004788859201167914,0.0020694221275307095,0.007624191733053415
342.8571428571429,2.0,9.881176121953284e-05,2.8478809842294747e-09,4.365751684081613e-05,-1.5444696700996039e-07,0.005744490441731763,0.004259830348524127,0.0021091842364122943,0.00774871868889399
342.8571428571429,2.1,9.55735822561246e-05,3.1019418715922602e-09,3.73992579304208e-05,-1.521144762171758e-07,0.0064476197591944815,0.0037848994359416218,0.0021478218776074154,0.00806991585676111
342.8571428571429,2.2,9.270939587202056e-05,3.359771229829673e-09,3.3245238103646274e-05,-1.5166852506985418e-07,0.0071752783240225555,0.0034784966011374803,0.00220678115096469,0.008562962321989921
342.8571428571429,2.3000000000000003,9.017766186895298e-05,3.642618724915422e-09,2.8826669356936324e-05,-1.538921937175628e-07,0.007969804649770314,0.0031093579119779533,0.0023006135608576008,0.009152679295872013
342.8571428571429,2.4000000000000004,8.793419455945477e-05,3.9168580762167995e-09,2.5581030043666984e-05,-1.549502515348915e-07,0.00875711578196869,0.0028367368939817466,0.0023731450637512787,0.009797846090427042
342.8571428571429,2.5000000000000004,8.594653755039323e-05,4.20504463200911e-09,2.2744675171393398e-05,-1.578376102118055e-07,0.009583700501011311,0.002586556377225368,0.002470198154578895,0.010523371466950107
342.8571428571429,2.6,8.418632729304562e-05,4.515598175082943e-09,2.0534163026939117e-05,-1.6001457321510262e-07,0.010466784270570226,0.0023891786233854128,0.0025528200430314915,0.011326761576254032
342.8571428571429,2.7,8.26314586659674e-05,4.7871437095132094e-09,1.8338974205734756e-05,-1.6302177791098806e-07,0.011262335283228847,0.0021783791733660397,0.00264509728334596,0.012065596178040464
342.8571428571429,2.8000000000000003,8.125997978094654e-05,5.157908648146694e-09,1.699250092090454e-05,-1.6630833786965912e-07,0.012289920507016485,0.0020564203022962095,0.002738823529433063,0.013048881912992881
342.8571428571429,2.9000000000000004,8.005842590513471e-05,5.480031791681213e-09,1.4566581895078813e-05,-1.7031608604453537e-07,0.013200928525999142,0.0017925898990310014,0.0028407246249193227,0.01391464427442872
342.8571428571429,3.0000000000000004,7.900253784827368e-05,5.871135591536751e-09,1.4421970774570728e-05,-1.7475969391771756e-07,0.014272303593386335,0.001801430719067604,0.0029468682325798396,0.014977044677030425
342.8571428571429,3.1,7.809086949915835e-05,6.231033396814318e-09,1.2574000958564883e-05,-1.7803101503616893e-07,0.015260701411078742,0.0015915945615207405,0.0030294631408417185,0.0159303946796619
342.8571428571429,3.2,7.730494115962867e-05,6.6860359045001174e-09,1.1993106127295066e-05,-1.835637016471215e-07,0.016470205764584127,0.0015357885248574838,0.003147018261091148,0.017129908703554332
342.8571428571429,3.3000000000000003,7.663894388137194e-05,7.067515337292345e-09,1.1312063329238095e-05,-1.8658167999979086e-07,0.01748607936272319,0.0014633040475225986,0.003217342972389667,0.018127515599742846
342.8571428571429,3.4000000000000004,7.608606723640759e-05,7.467142893942342e-09,9.863387634740531e-06,-1.894788927822969e-07,0.018529923464547477,0.001286994201017161,0.0032815918452821593,0.019145550599381667
342.8571428571429,3.5000000000000004,7.563182446779065e-05,7.864372401259602e-09,9.27122742096231e-06,-1.9394562974522156e-07,0.019548732137903327,0.0012185184170651914,0.003368970446332963,0.020157818311234758
342.8571428571429,3.6,7.527029397338333e-05,8.278008558482984e-09,8.64977668252342e-06,-1.9580762649468434e-07,0.020586892944226918,0.0011436689176005672,0.0034065915601655416,0.021173990455408444
342.8571428571429,3.7,7.499526124580125e-05,8.735140055647611e-09,8.460306257468504e-06,-1.9810913730103385e-07,0.021710123584881273,0.0011239900644549354,0.0034409944819330145,0.022277201480105133
342.8571428571429,3.8000000000000003,7.480483158079385e-05,9.115747733614712e-09,7.570460998609548e-06,-2.0033456989120743e-07,0.02261901702797135,0.0010094585808291183,0.0034708715319398662,0.02316749525349101
342.8571428571429,3.9000000000000004,7.469010652577254e-05,9.472992513293452e-09,6.804600599031781e-06,-1.9839355917588736e-07,0.023446163838055707,0.0009096472052988172,0.0034260009276260257,0.023958819283747018
342.8571428571429,4.0,7.464342747674156e-05,9.832238153615557e-09,6.504174775394247e-06,-1.97891281561127e-07,0.02425572481489608,0.0008708214618960169,0.0034036345596637355,0.024744049239078456
342.8571428571429,4.1,7.466179017546451e-05,1.0122537852797523e-08,5.843628237958621e-06,-1.9713013302470088e-07,0.024871823844378037,0.0007818756420083106,0.003374890290063715,0.025337693655999364
342.8571428571429,4.2,7.473858915656705e-05,1.0416738485735427e-08,5.43450089301534e-06,-1.9208311837668396e-07,0.025476535315043763,0.0007258608605394971,0.0032718758882450964,0.025903495310550164
342.8571428571429,4.3,7.486973314659975e-05,1.0632756336921473e-08,4.692122406986607e-06,-1.872729234009589e-07,0.025873515723196773,0.0006252178624128126,0.0031724555605246204,0.026267064202552176
342.8571428571429,4.3999999999999995,7.504779836070231e-05,1.0823940424497451e-08,4.336365379792414e-06,-1.8139217451060486e-07,0.026194367147524104,0.0005761139763827106,0.0030551584319331673,0.02655456201223244
342.8571428571429,4.5,7.52692272286028e-05,1.0950018285211964e-08,3.7906963328793665e-06,-1.7371202731532478e-07,0.026347049884866858,0.0005018891104649324,0.0029082207572564255,0.026670853497043175
342.8571428571429,4.6,7.552856305983208e-05,1.1055099906012679e-08,3.3178938002928604e-06,-1.6641505239478326e-07,0.026440040300432895,0.000437595177395516,0.002768961416977911,0.02673203163407563
342.8571428571429,4.7,7.582107782906428e-05,1.1070649308125315e-08,2.905120381959541e-06,-1.567287067500421e-07,0.026314756262356603,0.0003815365788334769,0.002591721611832451,0.02657152628538118
342.8571428571429,4.8,7.614264380211609e-05,1.1028879952015088e-08,1.9579567307707463e-06,-1.4601537246393887e-07,0.026053925664346334,0.0002559963029555842,0.002399669929660244,0.026275262285523293
342.8571428571429,4.9,7.64837893424756e-05,1.0958760409928706e-08,1.9060543141871315e-06,-1.36029410499329e-07,0.025728609821106023,0.00024804206283407195,0.0022218982121465906,0.025920967410996233
342.8571428571429,5.0,7.684399542597698e-05,nan,nan,nan,nan,nan,nan,nan
357.14285714285717,0.1,0.0021851642845152008,nan,nan,nan,nan,nan,nan,nan
357.14285714285717,0.2,0.0009995171869054023,-2.8158087813920147e-09,0.0821078196343474,-1.23447563083114e-05,0.0005634277965045657,0.37575124312707603,0.007902609281317237,0.3759178322843055
357.14285714285717,0.30000000000000004,0.0006349482856390782,-1.2259629794859323e-09,0.019230346925043166,-4.477007503149229e-06,0.0003867980269894053,0.1923963607327464,0.006270771447167462,0.192601023842045
357.14285714285717,0.4,0.00046268285362318593,-6.076714104999032e-10,0.00731410839451338,-2.2674192157671412e-06,0.00026356589141838274,0.11519219060732953,0.005007682169726247,0.11540998226028998
357.14285714285717,0.5,0.0003635585055524274,-2.0091480819215381e-10,0.003518639134162548,-1.364976276991018e-06,0.00011109620554273055,0.07604861746245231,0.004144227095362065,0.07627420138390935
357.14285714285717,0.6,0.00029962054882329433,-2.150692783722344e-12,0.0019481951918396167,-9.09737586035555e-07,1.4455867228295613e-06,0.053586841239743055,0.0035212872724664805,0.053817733919718475
357.14285714285717,0.7000000000000001,0.00025516454401255744,3.092837488895244e-10,0.0011885650552717704,-6.503758250188323e-07,0.0002445193234941168,0.03966901001749198,0.003060047744748218,0.039905111575683105
357.14285714285717,0.8,0.00022259418975453823,4.794537187591936e-10,0.0007785163954863202,-4.917024797699453e-07,0.00043528492127318884,0.030510367280808696,0.002721175318838724,0.030755187770589918
357.14285714285717,0.9,0.00019780899945138225,5.887236163539028e-10,0.0005322456657264967,-3.8861830350140976e-07,0.0006025349468853339,0.023911031384665576,0.002469722868307223,0.02417228852080745
357.14285714285717,1.0,0.00017834626580549124,7.614620101561442e-10,0.0003834037782881889,-3.184201016916698e-07,0.0008659309277848624,0.019382524523734946,0.002281231185760275,0.019668251694816483
357.14285714285717,1.1,0.00016271756994248212,8.322501480345818e-10,0.00028179017283771986,-2.665513457883033e-07,0.0010392814104879908,0.015800172297694592,0.0021218463397721854,0.016116141419900445
357.14285714285717,1.2000000000000002,0.0001499067758078502,1.0311665198764644e-09,0.00021556899917509587,-2.3155178040537594e-07,0.0014002687399173887,0.013248046861276007,0.0020240696028268387,0.013625902307617286
357.14285714285717,1.3000000000000003,0.00013925167166496923,1.1515077846696986e-09,0.00016637245919682954,-2.0247661489329045e-07,0.0016857359706423354,0.011098394872429583,0.0019246665621313322,0.011550963477470682
357.14285714285717,1.4000000000000001,0.00013026029211405657,1.3190098524739354e-09,0.00013284576963035034,-1.8010052362487642e-07,0.0020595940843965263,0.009539976651050117,0.0018455919667546329,0.010102747235804775
357.14285714285717,1.5000000000000002,0.0001225973702594474,1.4414143427515272e-09,0.00010720558509632507,-1.6627041773789365e-07,0.0023858577003372473,0.008230104766113633,0.0018173836813922557,0.00894610017372076
357.14285714285717,1.6,0.00011600650425580149,1.5767605200561086e-09,8.768307925470041e-05,-1.530015028931646e-07,0.0027515938620253956,0.007152117461340369,0.001772757923310246,0.008062840335245647
357.14285714285717,1.7000000000000002,0.00011029246904470258,1.6944161579059551e-09,7.193089415666964e-05,-1.4304112041331883e-07,0.003102622575901103,0.0062005914770138755,0.0017473404791538201,0.007360706420819085
357.14285714285717,1.8000000000000003,0.00010529774277517037,1.8334451344638164e-09,6.013751089788343e-05,-1.3613054643933866e-07,0.0035076880573070277,0.005452549155782263,0.0017448676541310566,0.006937095506367333
357.14285714285717,1.9000000000000001,0.00010090439161461699,2.00608838541907e-09,5.184418824022348e-05,-1.3074047379715145e-07,0.0039947283946490135,0.0049235802092092475,0.0017508991839853007,0.006806672676755717
357.14285714285717,2.0,9.702948233646585e-05,2.1702737042300417e-09,4.4222039173848957e-05,-1.2684073236204938e-07,0.004482391523001408,0.004382568336841641,0.0017680476852032366,0.0067491276641405175
357.14285714285717,2.1,9.35967934500532e-05,2.3222655588052883e-09,3.8063333465172425e-05,-1.232302243315199e-07,0.004958815349464266,0.003922862675200255,0.0017816014555730557,0.006806387348040205
357.14285714285717,2.2,9.054473789829227e-05,2.4671425114282084e-09,3.300231807754739e-05,-1.2083056775029223e-07,0.005430932506723371,0.0035260094775745373,0.001806096336574954,0.006960728315521947
357.14285714285717,2.3000000000000003,8.782270552730681e-05,2.645051510429862e-09,2.8601704392505857e-05,-1.2110744517750094e-07,0.0059860326771880926,0.0031588477758512914,0.00186616075253784,0.007264710482324088
357.14285714285717,2.4000000000000004,8.538669020024641e-05,2.8280286241628152e-09,2.555817298586642e-05,-1.21723140874586e-07,0.006563415991926903,0.00291020105021925,0.0019283068294907375,0.007680132426794494
357.14285714285717,2.5000000000000004,8.320625660304468e-05,3.012984701824728e-09,2.2313125584488485e-05,-1.2071267236085126e-07,0.007154387537095999,0.002613185442855366,0.00196108778462308,0.008105907092219936
357.14285714285717,2.6,8.124895426168784e-05,3.2687867851233904e-09,2.0173916843901535e-05,-1.2163916846785102e-07,0.007924081799893876,0.002424567294277644,0.00202184108424928,0.008766144059722428
357.14285714285717,2.7,7.949339108877e-05,3.505396957243675e-09,1.8454421042597427e-05,-1.2393919170983636e-07,0.00865756390702565,0.002271342592688536,0.002103144226028436,0.00943179947033162
357.14285714285717,2.8000000000000003,7.792237212627815e-05,3.7207887256918885e-09,1.645413500507721e-05,-1.251468533214304e-07,0.009344632375534389,0.002069874587021069,0.0021635975198420116,0.010048325407530059
357.14285714285717,2.9000000000000004,7.651589451383706e-05,3.965030442426076e-09,1.4167416304023682e-05,-1.2657013441402813e-07,0.0101074918356283,0.0018181448943911114,0.0022251356476059862,0.01074101947511441
357.14285714285717,3.0000000000000004,7.525109106443621e-05,4.232448427956035e-09,1.3936989848217152e-05,-1.292391896380037e-07,0.010933382759880839,0.0018214502930102717,0.0023061584296867267,0.011553928905337659
357.14285714285717,3.1,7.412565751351754e-05,4.4886029571249604e-09,1.2776346339139103e-05,-1.3138939657024894e-07,0.011730454862348437,0.0016978287169549394,0.0023758621313910095,0.012319725458161257
357.14285714285717,3.2,7.312798742599025e-05,4.723513432038429e-09,1.0430213832516654e-05,-1.3379062843052838e-07,0.012469866978858669,0.0014070989968101941,0.002447526457475659,0.013017614281324393
357.14285714285717,3.3000000000000003,7.223461947678813e-05,5.04576706671154e-09,1.1447625573908903e-05,-1.3782617513667192e-07,0.013436359229525225,0.0015654233046539896,0.0025469851338863238,0.013998591572443186
357.14285714285717,3.4000000000000004,7.14557277833251e-05,5.307560578763536e-09,9.060765355527513e-06,-1.3979602085432795e-07,0.014236188932640512,0.0012543521958247596,0.002605837073245605,0.014758836284125148
357.14285714285717,3.5000000000000004,7.076744374341735e-05,5.640030416727414e-09,8.940584043149757e-06,-1.4220385494863248e-07,0.015218813293983708,0.0012512060712977766,0.002669981135720002,0.01573007925091889
357.14285714285717,3.6,7.016856554394109e-05,5.94546460852739e-09,9.059665783421783e-06,-1.4474582554997822e-07,0.01612003966157384,0.0012802024920201384,0.002734030974933633,0.01662661865368546
357.14285714285717,3.7,6.966028400229905e-05,6.198993188791178e-09,7.055817341936812e-06,-1.4678969192745473e-07,0.01686907452228573,0.0010055524560379258,0.002785953778399173,0.017352230055270323
357.14285714285717,3.8000000000000003,6.922256063407638e-05,6.5446699038558775e-09,7.319859811990744e-06,-1.495248395529452e-07,0.017855088915101396,0.0010507938514504424,0.002848272145448706,0.018333948737615166
357.14285714285717,3.9000000000000004,6.885803586397361e-05,6.883813180616681e-09,7.391796299772685e-06,-1.5085719280065416e-07,0.018809182341896276,0.0010678305211572754,0.0028809673235710904,0.019274997998225227
357.14285714285717,4.0,6.856742905686858e-05,7.159197742361564e-09,5.377373898291274e-06,-1.523463545849274e-07,0.019573870240651985,0.0007809362888180646,0.0029138752042339247,0.02001818161314291
357.14285714285717,4.1,6.833059598874645e-05,7.509525796446199e-09,6.524175560324138e-06,-1.5453636149994996e-07,0.020526647986705383,0.000951497766514347,0.0029538453054250096,0.020969001639242642
357.14285714285717,4.2,6.815900467622757e-05,7.767323012934722e-09,5.437979715022821e-06,-1.5477354849341568e-07,0.021209498061338865,0.0007958337895835736,0.002953196972712192,0.021631433243173067
357.14285714285717,4.3,6.804179316085891e-05,8.043975269053762e-09,5.011795768227865e-06,-1.5370083426049708e-07,0.021926451944404887,0.0007353094124591692,0.00292577031129956,0.02232555125033449
357.14285714285717,4.3999999999999995,6.797469960317254e-05,8.30013957010563e-09,4.779150982412176e-06,-1.521705889150885e-07,0.022571029020385252,0.0007023846316209941,0.002888119934229578,0.022948358736929294
357.14285714285717,4.5,6.795539755531028e-05,8.54491771743773e-09,4.663641900592052e-06,-1.508524497484853e-07,0.02316830958506348,0.0006860038966420679,0.002853271542713927,0.023527079873381537
357.14285714285717,4.6,6.798273192645395e-05,8.709048260461908e-09,3.4019567955728813e-06,-1.485619543536198e-07,0.023532246819542742,0.0004999636268601986,0.002799107707764078,0.023868108679227
357.14285714285717,4.7,6.804408586555334e-05,8.924173439676956e-09,4.090105357514321e-06,-1.4517375184618843e-07,0.024020495854125377,0.0006001944207134181,0.0027237177974140654,0.024334784398071217
357.14285714285717,4.8,6.814634085822788e-05,9.058806951767401e-09,2.9597515083983404e-06,-1.4083717911198445e-07,0.02427990440429403,0.00043348415687178627,0.002630570110210827,0.024567080913396787
357.14285714285717,4.9,6.82781933659864e-05,9.181051751728288e-09,2.9475770659776277e-06,-1.360678253831223e-07,0.0244977928927535,0.0004306834698951477,0.002529574452924189,0.02476135777160167
357.14285714285717,5.0,6.84395216444047e-05,nan,nan,nan,nan,nan,nan,nan
371.42857142857144,0.1,0.0022315877613262227,nan,nan,nan,nan,nan,nan,nan
371.42857142857144,0.2,0.0010199263453283527,-2.625746158156165e-09,0.0838575305024056,-1.184694347082502e-05,0.00051535559710136,0.3757751855233758,0.007434868218820578,0.3759226119527547
371.42857142857144,0.30000000000000004,0.0006468402343545389,-1.5491859830540842e-09,0.019677175879630037,-4.32940249407984e-06,0.0004801833397448086,0.19292742039421698,0.00594812739361211,0.19311131648608265
371.42857142857144,0.4,0.0004705258821770255,-7.009432751051081e-10,0.007486518040407125,-2.186666214117076e-06,0.00029912570528226046,0.11573983253960203,0.00474443022310545,0.11593453992993855
371.42857142857144,0.5,0.0003690767104035834,-3.131501081460312e-10,0.003599789435535671,-1.317312569151283e-06,0.00017063523214269413,0.07650566253401818,0.003935117800878163,0.07670799059006238
371.42857142857144,0.6,0.00030362543298549795,2.8119826691284966e-11,0.001996140412773825,-8.761030444700347e-07,1.8654315810012776e-05,0.054084702624315056,0.003341714715712198,0.05429078669927804
371.42857142857144,0.7000000000000001,0.0002581355596951508,1.1841849860686136e-10,0.001214431417632754,-6.20810397979615e-07,9.254766523545516e-05,0.03999768417590891,0.0028828610305583597,0.04020503799213624
371.42857142857144,0.8,0.0002247900005811312,3.7434737224658896e-10,0.0007959223711140143,-4.692940773739324e-07,0.00033646031764120106,0.030833503607715702,0.0025673733560651305,0.03104836488724053
371.42857142857144,0.9,0.00019940366517825171,4.66413898230845e-10,0.0005443185202972933,-3.7045262328964633e-07,0.00047334449696162235,0.024214534405005175,0.0023307182467588567,0.024442426773042248
371.42857142857144,1.0,0.00017946051497834517,6.00978126779015e-10,0.0003909948817883764,-2.997961151545689e-07,0.0006787512639848638,0.01960820937964489,0.0021297561950878517,0.019849793481429095
371.42857142857144,1.1,0.0001634273135963224,7.443589895889919e-10,0.0002892858361062456,-2.487794976350773e-07,0.0009246512435978472,0.016119748466182252,0.0019668199833634474,0.01638407862008687
371.42857142857144,1.2000000000000002,0.00015028697057536207,8.288853653490231e-10,0.00021857885588245544,-2.1281626008343455e-07,0.001121482361398275,0.013374683281055547,0.0018505395327710387,0.013674387323758645
371.42857142857144,1.3000000000000003,0.0001393324161132263,9.496959219682353e-10,0.000171349238512947,-1.860400375857793e-07,0.0013882937640724814,0.011401469991506895,0.0017619859219607438,0.01175287481091203
371.42857142857144,1.4000000000000001,0.00013009135403622,1.0012661973618644e-09,0.0001342832125693344,-1.6195787447144178e-07,0.001568705527690742,0.009637614584980088,0.001657283888232384,0.010041794246727907
371.42857142857144,1.5000000000000002,0.00012219312408490705,1.1677835401825777e-09,0.0001093914796505634,-1.4857996244325157e-07,0.0019439501105242233,0.008408820129591908,0.0016294842101136364,0.008932952232384125
371.42857142857144,1.6,0.00011538880893009973,1.2388482780297367e-09,8.923984554969407e-05,-1.376557624153296e-07,0.00217941382521315,0.007303180618222424,0.0016040400275192889,0.007951866484271352
371.42857142857144,1.7000000000000002,0.00010947689223078935,1.3444624584074636e-09,7.325753101156334e-05,-1.2562297947931185e-07,0.002487750033425532,0.006348755281453795,0.0015469942862896399,0.007161143518756049
371.42857142857144,1.8000000000000003,0.00010429755084159461,1.4698716097742251e-09,6.134642184275352e-05,-1.171473938312176e-07,0.0028488150838485195,0.0056035954796221765,0.0015173603529634674,0.006642348572808851
371.42857142857144,1.9000000000000001,9.97316736708274e-05,1.5643185039217391e-09,5.2431995420193714e-05,-1.1161633479718722e-07,0.0031638729411207905,0.005027155000008253,0.0015142955836535171,0.006314155653055236
371.42857142857144,2.0,9.569011645426213e-05,1.6685189320069984e-09,4.4537715297989437e-05,-1.0718520605696065e-07,0.003509387657822813,0.004465754324447601,0.001517493148596854,0.0060716006399695235
371.42857142857144,2.1,9.209393639067675e-05,1.7984960670780058e-09,3.858220691926433e-05,-1.0393141622109098e-07,0.0039215020104855945,0.004031994980140485,0.0015301890535657943,0.006026451577622257
371.42857142857144,2.2,8.888357839628402e-05,1.912016751900842e-09,3.343352144693286e-05,-1.0102023481469688e-07,0.004309554695781897,0.003630371635446517,0.0015418756972787149,0.006042070937940721
371.42857142857144,2.3000000000000003,8.600755561636061e-05,2.030399437650102e-09,2.848017034095905e-05,-9.813933492725468e-08,0.004718224400917027,0.0032042105926452817,0.0015483953363867686,0.0061093095563179356
371.42857142857144,2.4000000000000004,8.34163345398468e-05,2.194237726173131e-09,2.557570294702422e-05,-9.749103969134295e-08,0.005244419435115432,0.002973657693645596,0.0015858417593554016,0.006432446149158575
371.42857142857144,2.5000000000000004,8.108087049280322e-05,2.3409650793860418e-09,2.332741284731315e-05,-9.69430854285386e-08,0.005741731390033766,0.002796504183023048,0.001621916972258631,0.006785951984118787
371.42857142857144,2.6,7.897868057423278e-05,2.4190279993173107e-09,1.9421999004162366e-05,-9.52530834797662e-08,0.006076129693240054,0.00239538609860957,0.0016354038638188633,0.006928659192518621
371.42857142857144,2.7,7.707071064570396e-05,2.5873632036334705e-09,1.8136839233091306e-05,-9.563617718730138e-08,0.006642480584006284,0.0022964221611735244,0.001681536845724015,0.007419651971506769
371.42857142857144,2.8000000000000003,7.534410910950606e-05,2.759510465379793e-09,1.6504543544065686e-05,-9.711020273674557e-08,0.007227262026690756,0.00214148064884694,0.0017451621971639826,0.007931610048448709
371.42857142857144,2.9000000000000004,7.378255300874881e-05,2.9127559348222446e-09,1.4241235790433251e-05,-9.681580445191581e-08,0.007768843198858749,0.0018901591589244046,0.0017749497134151413,0.008380245775919979
371.42857142857144,3.0000000000000004,7.23634092658959e-05,3.0809720020547925e-09,1.322214246551596e-05,-9.72671298302093e-08,0.008355623652011998,0.0017920418752585235,0.0018160023286332555,0.0089232051199076
371.42857142857144,3.1,7.107648694769814e-05,3.2844010947416053e-09,1.2545139592050952e-05,-9.981941094473843e-08,0.009042563131128173,0.0017336302586234483,0.001894977952816368,0.009589332861955182
371.42857142857144,3.2,6.99150160254209e-05,3.4738665954866928e-09,1.0649835002220739e-05,-1.0042497753209466e-07,0.009694679033022147,0.001498362603382108,0.0019354196432067523,0.01018447791667076
371.42857142857144,3.3000000000000003,6.886004345316586e-05,3.6614752103111696e-09,1.0349307765087548e-05,-1.0210047752723979e-07,0.010344622069742215,0.0014802696692974469,0.0019945554386619825,0.010823996805959982
371.42857142857144,3.4000000000000004,6.79085639585617e-05,3.8901389818256864e-09,9.700517074516197e-06,-1.0412728262122305e-07,0.011110458731393233,0.0014087294442551234,0.0020593070464676815,0.011571875513172718
371.42857142857144,3.5000000000000004,6.70540896347027e-05,4.065936530822234e-09,8.05819278444121e-06,-1.0420019082048072e-07,0.011725490162997574,0.0011866239417694623,0.0020832118022674016,0.01214803435819745
371.42857142857144,3.6,6.62801972386881e-05,4.316337547650082e-09,8.410256689704086e-06,-1.0743613652705967e-07,0.012553843832741723,0.001254249626759753,0.0021687966516797216,0.012983816655196911
371.42857142857144,3.7,6.559040740957056e-05,4.551645051400191e-09,7.531902606015555e-06,-1.097049409987556e-07,0.013334817201094374,0.0011363729922063577,0.002233497907062019,0.013750844307376884
371.42857142857144,3.8000000000000003,6.497593660651317e-05,4.7555052783251705e-09,6.935923149782215e-06,-1.1064851671565614e-07,0.01402015863615848,0.0010574599889998806,0.002269145351009157,0.014421550230796887
371.42857142857144,3.9000000000000004,6.44308250349536e-05,4.955362099018783e-09,6.677793734882578e-06,-1.1350195852834875e-07,0.014686715571623817,0.0010277333553993279,0.0023423816390964057,0.015090704212127737
371.42857142857144,4.0,6.395249140074285e-05,5.1869239994440355e-09,5.780032048530159e-06,-1.1424395515849397e-07,0.015438174258742247,0.0008970911121182297,0.0023701757997980997,0.01582332024420382
371.42857142857144,4.1,6.353195808701741e-05,5.396516667129469e-09,5.316338441952686e-06,-1.1523606803658356e-07,0.016117669048995534,0.0008312949699862567,0.002400891452433504,0.016492388136131457
371.42857142857144,4.2,6.316458815771149e-05,5.6792069458451385e-09,5.826255264183713e-06,-1.1711212905583837e-07,0.017004676508824115,0.0009170589793885629,0.0024484352739422037,0.0173778505840855
371.42857142857144,4.3,6.285548078104741e-05,5.916586938774004e-09,4.913347597486003e-06,-1.1733095115563967e-07,0.017745956802522528,0.0007778642655309001,0.00245918562491153,0.018100255344279774
371.42857142857144,4.3999999999999995,6.25955068803582e-05,6.1647471156102396e-09,4.9895661009550685e-06,-1.188632525538955e-07,0.018508528372934024,0.0007938155971371641,0.0024955933495774646,0.018858731083158074
371.42857142857144,4.5,6.238542864067853e-05,6.348249908503508e-09,3.890717992632841e-06,-1.203960242138383e-07,0.019064875674703503,0.0006215650589856806,0.002529970706260416,0.01940766166140385
371.42857142857144,4.6,6.221425758092519e-05,6.608618340224077e-09,4.526726651891087e-06,-1.1977578904501215e-07,0.01983882645247265,0.0007256064036946326,0.0025146677758650722,0.02016810967122005
371.42857142857144,4.7,6.208835378769076e-05,6.77500681490523e-09,3.6324032488935267e-06,-1.192387592691109e-07,0.020319979825335992,0.0005838538287093886,0.002499636554580929,0.020633439635827925
371.42857142857144,4.8,6.199877402694527e-05,6.985039441076821e-09,3.708715426239028e-06,-1.1872447479264284e-07,0.020918485649092152,0.0005973286776004513,0.002484049213953129,0.021219821968976097
371.42857142857144,4.9,6.194628142046216e-05,7.1372842237955296e-09,2.8806406066400805e-06,-1.1667979319167847e-07,0.021333145259035863,0.0004646286401386141,0.0024355140836797816,0.021614403163630645
371.42857142857144,5.0,6.192259522004546e-05,nan,nan,nan,nan,nan,nan,nan
385.7142857142857,0.1,0.002276328841374703,nan,nan,nan,nan,nan,nan,nan
385.7142857142857,0.2,0.0010397996371884141,-2.7498754554033586e-09,0.08551455896631696,-1.1362934359754583e-05,0.0005298771193328617,0.3756687408778499,0.006998569704934646,0.3757994725892259
385.7142857142857,0.30000000000000004,0.0006584160226652947,-1.1283196297113296e-09,0.02011934529407092,-4.191040551569145e-06,0.0003438079045475433,0.19349252081365415,0.005653039824317598,0.19365791368598456
385.7142857142857,0.4,0.00047822586108288445,-8.005439481552236e-10,0.007649530756892918,-2.1164025370969878e-06,0.0003363296429180142,0.11618081112193032,0.004514192003831446,0.11635656341381549
385.7142857142857,0.5,0.00037453100706940344,-3.9697254805718235e-10,0.003679990283192023,-1.2659972696326243e-06,0.0002132505688583847,0.07695088414623023,0.0037231520821354477,0.0771311076644507
385.7142857142857,0.6,0.00030763605588784266,-9.277866342916822e-11,0.0020389637711994263,-8.395044072609352e-07,6.07597412301272e-05,0.05444045306565475,0.0031568267200987776,0.05462323435701489
385.7142857142857,0.7000000000000001,0.00026113074241827615,1.962206870447091e-10,0.0012436779881921953,-5.958005396566591e-07,0.00015159044953885574,0.040426925400630316,0.0027312832167885573,0.04061131730236218
385.7142857142857,0.8,0.00022706220883063162,2.612698240581576e-10,0.0008099842171977084,-4.4986723590159957e-07,0.0002324464805701911,0.031018340073505606,0.0024328170635398542,0.031209432068066773
385.7142857142857,0.9,0.0002010935174149642,3.9217684864604447e-10,0.0005572586749204147,-3.550359819708947e-07,0.0003945319327908667,0.024542114594511,0.0022110783496597885,0.024743661393431045
385.7142857142857,1.0,0.00018069741274850094,4.663050264507778e-10,0.00039876591660002936,-2.833483331250063e-07,0.0005227960538360915,0.019829874265770618,0.0019953491934767906,0.020036468399346113
385.7142857142857,1.1,0.00016428896724803797,5.747696541156504e-10,0.00029558038739416025,-2.3476191868822183e-07,0.0007097561875459687,0.016357754264337825,0.001842416838839353,0.01657917000438501
385.7142857142857,1.2000000000000002,0.0001508363256215166,6.308899983927243e-10,0.00022232920607673706,-1.9967323076499855e-07,0.0008497742276298932,0.013532814150634469,0.0017259699952072527,0.013777413397378624
385.7142857142857,1.3000000000000003,0.0001396069760557626,7.374375426526153e-10,0.00017491295086527705,-1.7321445725315353e-07,0.0010747359298436067,0.011596208681466713,0.0016331726196506008,0.01187272583336167
385.7142857142857,1.4000000000000001,0.00013012675599866137,8.176254156934045e-10,0.00013806651402723856,-1.4960427679195578e-07,0.0012803159983938003,0.009889657231175273,0.0015262250368181598,0.010203100260798266
385.7142857142857,1.5000000000000002,0.00012202720108183253,8.652506594638141e-10,0.00010962936185840267,-1.3387544398302567e-07,0.001445103957852926,0.008424813253588714,0.0014674447320687232,0.008796169159935405
385.7142857142857,1.6,0.00011502393978358771,9.91769851911792e-10,9.150170250857687e-05,-1.2486326926995818e-07,0.0017540870078384652,0.007498467693872207,0.001459788349736739,0.007972816506051491
385.7142857142857,1.7000000000000002,0.00010893569551042867,1.0467615493094608e-09,7.498814686623325e-05,-1.1233005899286055e-07,0.0019513232576165726,0.006519351276553388,0.001390702567561418,0.0070836227162136105
385.7142857142857,1.8000000000000003,0.00010359733270593196,1.1329482937879398e-09,6.192344998723081e-05,-1.0278159764293616e-07,0.002216868331442475,0.005684403968513952,0.001341204073148947,0.006389413933051479
385.7142857142857,1.9000000000000001,9.887820440130755e-05,1.229147797067066e-09,5.3218854313179164e-05,-9.798983827864087e-08,0.0025152138730299427,0.005137087309404432,0.0013421742133505016,0.0060265106064365664
385.7142857142857,2.0,9.469126463981494e-05,1.3158428740744649e-09,4.5379446666737025e-05,-9.286555986442293e-08,0.0028063437688924655,0.004589428675561278,0.0013302201862015889,0.005698893963289903
385.7142857142857,2.1,9.09581193449897e-05,1.3959203273018558e-09,3.876523444992416e-05,-8.844007399304743e-08,0.0030933817210380245,0.004093855393882289,0.0013203345081892533,0.005460332305373181
385.7142857142857,2.2,8.761262639466369e-05,1.506102636565841e-09,3.396394932502085e-05,-8.529739627464536e-08,0.0034580953035334453,0.003734020620655204,0.0013231427390894902,0.005422429947893179
385.7142857142857,2.3000000000000003,8.46067729375879e-05,1.604256435851203e-09,2.9286301652142227e-05,-8.270363156868683e-08,0.00380663385067085,0.0033427033131295334,0.0013292449204887484,0.00540350912185504
385.7142857142857,2.4000000000000004,8.189378249703353e-05,1.6560813563334522e-09,2.5244030146751036e-05,-7.9797040834591e-08,0.0040516739181986035,0.0029836890440642226,0.0013254157940416995,0.005369535911535566
385.7142857142857,2.5000000000000004,7.943323235794667e-05,1.789122762104318e-09,2.2940385145206354e-05,-7.943068278800587e-08,0.004503245859199452,0.002801236485326262,0.0013603139553999622,0.005641547414462793
385.7142857142857,2.6,7.720208607031187e-05,1.921638357124189e-09,2.0512372682482185e-05,-7.825539447920386e-08,0.004965531083062918,0.002582341429849932,0.0013787891028439283,0.005926812379131443
385.7142857142857,2.7,7.51760635095019e-05,2.018659929872635e-09,1.7897054513996675e-05,-7.584151438764108e-08,0.005345369347294125,0.002318208668312009,0.0013718261658212743,0.006140918412362467
385.7142857142857,2.8000000000000003,7.332901149383189e-05,2.1354064494521958e-09,1.616920121970985e-05,-7.731558578024344e-08,0.005784091679267017,0.0021508443598760854,0.0014331103982765188,0.006495341318350658
385.7142857142857,2.9000000000000004,7.164365149035898e-05,2.2475164734659214e-09,1.4620577680722338e-05,-7.718867785123362e-08,0.006216602877175954,0.0019938326431622713,0.001463545605499289,0.006848755465061106
385.7142857142857,3.0000000000000004,7.01044972636933e-05,2.3635044575962983e-09,1.3225928255350792e-05,-7.567918821773454e-08,0.006665631890237175,0.0018460712122037215,0.001465293915927732,0.007220304698333983
385.7142857142857,3.1,6.869760231958112e-05,2.480333678695854e-09,1.2028961580845953e-05,-7.692460968999616e-08,0.007121772169819037,0.0017158616137848953,0.0015186169456630118,0.007633885954858061
385.7142857142857,3.2,6.74109969912774e-05,2.6116642992971825e-09,1.0831560540891959e-05,-7.780247224328466e-08,0.007623436915876368,0.0015767013949778861,0.001563757491289144,0.008092802523378266
385.7142857142857,3.3000000000000003,6.62327072683826e-05,2.73668971121297e-09,1.008885029687924e-05,-7.797640354280415e-08,0.008110771883393276,0.0014966178735176816,0.0015932895182846419,0.008549949039726898
385.7142857142857,3.4000000000000004,6.515530604845659e-05,2.8708659845223874e-09,9.261366293138172e-06,-7.85376832242904e-08,0.008627645514739218,0.0013983070714005462,0.001629343879178986,0.009038863465456515
385.7142857142857,3.5000000000000004,6.417051849146197e-05,3.048737173816021e-09,8.698321277391859e-06,-7.893090184621819e-08,0.009278945748902511,0.0013350134939006872,0.001660444937072872,0.009664121792386248
385.7142857142857,3.6,6.327271414724126e-05,3.152207509977343e-09,7.452816716848848e-06,-8.050519655361056e-08,0.009705880216088343,0.0011614082123772248,0.0017151440616754703,0.010071564829232528
385.7142857142857,3.7,6.244943797018904e-05,3.31709497249464e-09,7.36620671039779e-06,-8.265197027803855e-08,0.010320993334052517,0.0011641995779185276,0.0017814407345399415,0.010687624911089395
385.7142857142857,3.8000000000000003,6.16998238602408e-05,3.4705229594823327e-09,6.470284319586602e-06,nan,0.010900496841165822,0.0010360836750324745,nan,nan
385.7142857142857,3.9000000000000004,6.101491259348844e-05,nan,6.61083361349398e-06,-8.455418967501456e-08,nan,0.0010714509701791847,0.001859022060231863,nan
385.7142857142857,4.0,6.039610966287101e-05,3.849641766256825e-09,5.734338510201961e-06,nan,0.012284762635189229,0.0009398257354569963,nan,nan
385.7142857142857,4.1,5.98346501173556e-05,4.010129695540093e-09,5.600289303789475e-06,-8.620954836265494e-08,0.012881608564549831,0.0009272599402594135,0.0019257498021336668,0.013198964914262375
385.7142857142857,4.2,5.932919346487809e-05,4.1701013707257244e-09,5.289831103411876e-06,-8.721207213107096e-08,0.013473389455838215,0.0008840748785255304,0.0019610394236915206,0.013784236034763662
385.7142857142857,4.3,5.88766351234347e-05,4.3272610177890445e-09,5.034903179953033e-06,-8.936381260159702e-08,0.014049920268728847,0.000848638399733786,0.002021110137092963,0.014362806796154443
385.7142857142857,4.3999999999999995,5.847442581379083e-05,4.467641080473818e-09,3.88044277168368e-06,-9.061281883509946e-08,0.014565957386584946,0.0006590802554440049,0.002059436702124052,0.014868895736773321
385.7142857142857,4.5,5.8111020931863806e-05,4.686610192185897e-09,4.686480591353905e-06,-9.114661902060497e-08,0.015331321439476624,0.0008014581633136154,0.002080172559231718,0.015631570235278953
385.7142857142857,4.6,5.779448085585032e-05,4.842753201270448e-09,3.7335382012817578e-06,-9.176324365208153e-08,0.015885699167358183,0.0006424836702936949,0.0021012975454483686,0.016174026278308478
385.7142857142857,4.7,5.751527616184965e-05,5.044204556786233e-09,4.065398109464674e-06,-9.243006589380779e-08,0.01658007401686067,0.0007034232420227976,0.0021223905325095833,0.016864244477798843
385.7142857142857,4.8,5.7276725448943625e-05,5.216975514926192e-09,3.2783356001440058e-06,-9.290134075411985e-08,0.01717274086959295,0.000569993890130802,0.002137537766440596,0.0174460900322936
385.7142857142857,4.9,5.707095809203904e-05,5.404974900974611e-09,3.7973824604966397e-06,-9.323210897280457e-08,0.017806655653027668,0.0006629887499210514,0.0021482477548043348,0.01807613001889696
385.7142857142857,5.0,5.6903164559739425e-05,nan,nan,nan,nan,nan,nan,nan
400.0,0.1,0.00231944012211986,nan,nan,nan,nan,nan,nan,nan
400.0,0.2,0.0010591117299759442,-2.2895963258239034e-09,0.08709782038318359,-1.089466785491213e-05,0.00043347252979074455,0.37551226070703764,0.006591992557639301,0.37562821322619555
400.0,0.30000000000000004,0.0006697615416638644,-1.2612937871056717e-09,0.02053511103210087,-4.0601294299640804e-06,0.0003780671605008074,0.19388994051238853,0.005380722308137658,0.19403957408680836
400.0,0.4,0.00048576246367279335,-5.734164281307501e-10,0.007814090324777525,-2.0556447824907644e-06,0.00023728309378289846,0.11666973749142516,0.004313192181724671,0.11682932509938433
400.0,0.5,0.00037990428892949754,-2.9142373978529723e-10,0.0037581630182877625,-1.2251227557923182e-06,0.00015439106610207418,0.07736627054039398,0.0035487410623045927,0.07752903185378557
400.0,0.6,0.00031162774436907937,-1.3669532532823417e-10,0.0020814770370912697,-8.074164454656756e-07,8.839592321232505e-05,0.05478951140447771,0.002994283174285773,0.05495297842006614
400.0,0.7000000000000001,0.0002641659701795739,1.3845955380083398e-11,0.0012683541462320386,-5.758270509783123e-07,1.0575084690161294e-05,0.040700937870597656,0.002606565700893177,0.04086752775596796
400.0,0.8,0.00022938773745238882,6.851387017828592e-11,0.0008253901018033407,-4.3416202366228235e-07,6.0340001342430475e-05,0.031245133551541848,0.002321190579062055,0.03141715873496681
400.0,0.9,0.00020286340574323712,2.5763573647962974e-10,0.0005690400775683697,-3.3543918259241404e-07,0.00025687518641625054,0.024806909204833954,0.0020679433919996815,0.024980022195812843
400.0,1.0,0.0001820294748097691,4.121890503831239e-10,0.00040723769528637905,-2.6996461373617515e-07,0.00045855658673206673,0.02007447788793496,0.0018841736786514435,0.020255743815497638
400.0,1.1,0.0001652679208291649,4.497870738972963e-10,0.00030080668800069123,-2.242438651786326e-07,0.0005518457112924618,0.016525163757960128,0.0017462848884859839,0.016717792699396047
400.0,1.2000000000000002,0.0001515144337285676,5.421095767096761e-10,0.00022710868280128026,-1.867264672978997e-07,0.0007264103748558108,0.013741849093390563,0.001603668586764834,0.013946669653023616
400.0,1.3000000000000003,0.0001400320334559831,6.496285624390996e-10,0.0001779387107437479,-1.6156302725106599e-07,0.0009430085398115906,0.011744010545062552,0.001515426861307728,0.011975144505710316
400.0,1.4000000000000001,0.0001303290202908361,6.816141994674474e-10,0.00014118527203064651,-1.4390686879535233e-07,0.001064548281948367,0.01008235534014622,0.00146227844403008,0.010347157520078849
400.0,1.5000000000000002,0.00012203785984599552,6.813428695328638e-10,0.00011147732465149979,-1.239838626458601e-07,0.0011380009217567693,0.008553530472548039,0.0013554700833765913,0.008839260598974613
400.0,1.6,0.00011486147264766994,7.844340406896963e-10,9.230381467051459e-05,-1.1137823571990462e-07,0.0013917848756857941,0.007563539280924501,0.0013021927491492812,0.00790794559327197
400.0,1.7000000000000002,0.0001086081235960495,8.774129190885845e-10,7.735539633479725e-05,-1.0382077625043574e-07,0.001643757449745609,0.006734668688436538,0.0012894306604566684,0.00716819110744497
400.0,1.8000000000000003,0.00010312832850777704,8.815155156014434e-10,6.270482014804784e-05,-9.283405454774602e-08,0.0017365420608232156,0.005773492633135655,0.0012174161766163726,0.00627000795916993
400.0,1.9000000000000001,9.827558162098506e-05,9.735578779963028e-10,5.381174532306813e-05,-8.562706466127908e-08,0.0020093941068888145,0.0052179402208589205,0.0011807676403674167,0.005835493917941686
400.0,2.0,9.396095218742376e-05,1.0447785966010484e-09,4.608612448895384e-05,-8.194007025548472e-08,0.0022517401427297325,0.004689478681153178,0.0011838528412897941,0.005464847579853486
400.0,2.1,9.0107183998752e-05,1.1126990568117835e-09,3.956264679765735e-05,-7.719106505320536e-08,0.0024965494207766763,0.004210541280886746,0.0011645525117386702,0.00516466668756324
400.0,2.2,8.66490422780568e-05,1.1694910844252508e-09,3.4248897407626734e-05,-7.350192286116221e-08,0.0027241695598482934,0.0038009064191930684,0.0011544076295845417,0.0049531104720925735
400.0,2.3000000000000003,8.353338953143788e-05,1.2346362038399647e-09,2.9146945640812903e-05,-7.115440256362981e-08,0.0029780898557389282,0.003363793167762934,0.001160211155656696,0.0047829178872069505
400.0,2.4000000000000004,8.070920624122709e-05,1.3428907767992365e-09,2.656983663808226e-05,-6.76316669346668e-08,0.0033465219684272467,0.0031807444648325545,0.001141949559059479,0.004891261823558557
400.0,2.5000000000000004,7.815072131739712e-05,1.3904003467847276e-09,2.2542626611446607e-05,-6.527764653000867e-08,0.0035722475894539364,0.002793067564568812,0.001138716248214975,0.00481201918621522
400.0,2.6,7.581766265968161e-05,1.4736187912324217e-09,2.087837855934435e-05,-6.457185465120636e-08,0.003895471536210109,0.0026715528925894405,0.0011612961465410144,0.005000910999734765
400.0,2.7,7.369338778755955e-05,1.5440022942003405e-09,1.8059819730230914e-05,-6.370339710864973e-08,0.0041915271206060135,0.0023820069224891557,0.001178787486771717,0.005101170106897157
400.0,2.8000000000000003,7.17497111127398e-05,1.5997179827161729e-09,1.5739236536867583e-05,-6.332846239652343e-08,0.004452167717065697,0.002135773236839111,0.0012034313552956727,0.005223008592171541
400.0,2.9000000000000004,6.996342680328872e-05,1.7067852053512148e-09,1.5079061614208397e-05,-6.228881252121282e-08,0.004861889421465899,0.0021016198365614016,0.0012134899417665245,0.005567754516995827
400.0,3.0000000000000004,6.832793310997973e-05,1.7888162038126525e-09,1.3246882146597426e-05,-6.153685303217009e-08,0.005207433840045545,0.0018934009884682696,0.0012270422880077123,0.0058063413656710295
400.0,3.1,6.682490823813671e-05,1.869953385317087e-09,1.1808730498248566e-05,-6.146606595471377e-08,0.005555115855213104,0.0017282434812189316,0.001252539695410763,0.006081434787315829
400.0,3.2,6.543997067127618e-05,1.9734955866996754e-09,1.0884608351286838e-05,-6.125639278670808e-08,0.005974606805168515,0.0016288250351947414,0.001273830957670804,0.006449363386341641
400.0,3.3000000000000003,6.416387918792852e-05,2.0768875775841154e-09,1.0015145102010312e-05,-6.108965364949111e-08,0.006399475805099122,0.0015304323946474965,0.0012946097473722222,0.006829900635486425
400.0,3.4000000000000004,6.298793915560096e-05,2.187122898487236e-09,9.713948491029863e-06,-6.172722402670402e-08,0.00685057962285089,0.0015139278693825295,0.001331392785323639,0.007264133276608892
400.0,3.5000000000000004,6.19091386081837e-05,2.2355329725134837e-09,7.820065012540234e-06,-6.256977858540056e-08,0.007109670135219568,0.0012415178393473231,0.0013718820983308236,0.007473479575170581
400.0,3.6,6.0908538710891834e-05,2.3638928243352403e-09,7.74878748595228e-06,-6.266023737018705e-08,0.007624567928041467,0.001251638717668732,0.0013949493773603063,0.007974484503695633
400.0,3.7,5.9985426688459504e-05,2.4668340309706566e-09,6.966643967235045e-06,-6.251857498521098e-08,0.008061489949116018,0.001143787737266672,0.0014115444735156326,0.008383363656018106
400.0,3.8000000000000003,5.9131981105699524e-05,2.60931244302949e-09,nan,-6.295000783222041e-08,0.008630701194246929,nan,0.0014400222890778639,nan
400.0,3.9000000000000004,nan,nan,nan,-6.407847955795943e-08,nan,nan,0.0014836458089435116,nan
400.0,4.0,5.762536910178627e-05,2.8035135195325746e-09,nan,-6.435746253026992e-08,0.009473219706117397,nan,0.001506832154274227,nan
400.0,4.1,5.695573596311015e-05,2.9682730114768835e-09,5.873704367713992e-06,-6.543143351373575e-08,0.010124066927008086,0.0010192914091949686,0.0015476737983615102,0.010407990896021532
400.0,4.2,5.634483986811117e-05,3.064841130833346e-09,4.6960186136125735e-06,-6.743862576119777e-08,0.010542495949704685,0.0008245031925588943,0.0016101187816024952,0.010817069443514621
400.0,4.3,5.5780903959248314e-05,3.2047981875844477e-09,4.814018264899397e-06,-6.816975187150616e-08,0.011108658724715007,0.000854384940336645,0.0016414408173960407,0.01138072617201945
400.0,4.3999999999999995,5.526510823303445e-05,3.3607351215278633e-09,4.3751775858273474e-06,-6.82540078289299e-08,0.011729303896031293,0.0007843504273476294,0.001656102208719628,0.011986539305812472
400.0,4.5,5.4793064282678866e-05,3.471495721360277e-09,4.200077830328167e-06,-6.904220396574929e-08,0.012191637716948955,0.0007599872622374765,0.0016867496957585976,0.012446037921056604
400.0,4.6,5.436302111062656e-05,3.6045466222671926e-09,3.865009881923435e-06,-6.921837066205111e-08,0.012728235443123645,0.0007053830503042772,0.0017016287973328757,0.012972918864737826
400.0,4.7,5.397162803739349e-05,3.745157800480793e-09,3.913078737874755e-06,-7.012734030487264e-08,0.013288955030219351,0.0007198052385484239,0.0017334166383658337,0.01353232839761735
400.0,4.8,5.3619365751539166e-05,3.854800625101633e-09,3.158740017079474e-06,-7.150190634839332e-08,0.013734968243323183,0.0005852593542093978,0.0017759730512336251,0.013974979131082881
400.0,4.9,5.329869086585564e-05,3.983571619652792e-09,3.2416056051226545e-06,-7.182278993455159e-08,0.014244964989339188,0.000604558737256157,0.0017913731069044607,0.014481110248547003
400.0,5.0,5.3010432036223334e-05,nan,nan,nan,nan,nan,nan,nan
414.2857142857143,0.1,0.0023610177173617273,nan,nan,nan,nan,nan,nan,nan
414.2857142857143,0.2,0.0010779565582071837,-2.402575352054547e-09,0.08859542547144661,-1.0444011547195726e-05,0.00044724669493965405,0.37524252706771655,0.006213892293030046,0.3753456794271527
414.2857142857143,0.30000000000000004,0.0006808496537671065,-1.088816963070264e-09,0.02094392931748299,-3.934217423004007e-06,0.0003212412107965405,0.19429288831746747,0.005126565610837161,0.194428374977995
414.2857142857143,0.4,0.0004931820425018592,-5.932190548651243e-10,0.007970366532037037,-1.9935694609861747e-06,0.00024189773555383088,0.11706500088437155,0.004117236252031231,0.11720996636499158
414.2857142857143,0.5,0.0003852180965569824,-3.2057800826239827e-10,0.003833738523304147,-1.1901764694876307e-06,0.00016755364840000844,0.07773475497720896,0.0033972390698201417,0.07788326310695276
414.2857142857143,0.6,0.00031559153584514706,-5.1444141136656775e-11,0.0021239048512739548,-7.859852013373885e-07,3.285549749727249e-05,0.055135126575233,0.0028756271258410953,0.055284914078656454
414.2857142857143,0.7000000000000001,0.00026720402364605126,-2.5772867835743482e-11,0.0012910737049675939,-5.611642275451045e-07,1.9463554218012988e-05,0.04090964295066177,0.0025087659403785056,0.04106320832896255
414.2857142857143,0.8,0.00023172724849663138,1.5390571948677403e-10,0.0008435399446029036,-4.1759408220756903e-07,0.00013417161979067775,0.03156913331964976,0.002207556248058396,0.0317234107522199
414.2857142857143,0.9,0.00020468587279324056,1.9433971179668408e-10,0.0005801159995551441,-3.212640124976196e-07,0.00019201912136191735,0.02503443178645335,0.0019604962802356207,0.025188226169049498
414.2857142857143,1.0,0.0001834456570854012,2.0713530193618204e-10,0.0004133226313117222,-2.5693753710728645e-07,0.00022861855353745712,0.020193021905778128,0.001777086307521972,0.020350097582542966
414.2857142857143,1.1,0.00016633866769067904,3.669465199879011e-10,0.0003071498147153489,-2.1222382333256097e-07,0.0004471287409111522,0.016743368014014014,0.0016396438532722516,0.01690908514659511
414.2857142857143,1.2000000000000002,0.00015230317644311038,4.1377594729963564e-10,0.00023219829183025292,-1.7882404540127984e-07,0.0005512865633941883,0.013959369463151258,0.0015252947265253956,0.014135804210913193
414.2857142857143,1.3000000000000003,0.00014058966811384424,3.883728445514542e-10,0.00017942297370995188,-1.520290096312728e-07,0.0005612241972824803,0.011780645545299678,0.0014178708444018862,0.011963247783374476
414.2857142857143,1.4000000000000001,0.00013067038952167763,5.41223817896074e-10,0.00014364572458582867,-1.3414131073995525e-07,0.0008423732196304431,0.010217374186381162,0.0013569008582610623,0.010430085703577794
414.2857142857143,1.5000000000000002,0.0001221875681753693,6.300941630088747e-10,0.00011543472624237684,-1.1729140442426001e-07,0.0010500121258623467,0.008834038580961509,0.0012778853091636997,0.009077926241225316
414.2857142857143,1.6,0.00011485909409148476,6.25792806878694e-10,9.289955351086161e-05,-1.0103295145857453e-07,0.001110696635706501,0.007603028270235139,0.001178555226501435,0.007862421429711853
414.2857142857143,1.7000000000000002,0.00010845961554270883,7.236920727703963e-10,7.790884413221779e-05,-9.377512613714632e-08,0.001359863837611061,0.006782993088049585,0.0011650661557311547,0.00711146842669157
414.2857142857143,1.8000000000000003,0.00010283922543525508,8.099895351390509e-10,6.528087940849753e-05,-8.737588064133608e-08,0.0016028960146542628,0.006018911193981826,0.001149294201000452,0.0064372604355999756
414.2857142857143,1.9000000000000001,9.78716441218863e-05,7.803759832421567e-10,5.397970482703641e-05,-7.818975235646229e-08,0.0016205490938482501,0.005248941208821205,0.0010831131255569035,0.005702966882662136
414.2857142857143,2.0,9.34438598567879e-05,8.549711986743162e-10,4.672545009904799e-05,-7.267329312430474e-08,0.001856983289704815,0.004774156040625779,0.0010564067743498288,0.005336004440053527
414.2857142857143,2.1,8.948333009267997e-05,9.007045640997154e-10,4.013294827605854e-05,-6.94364007478718e-08,0.002039984492047598,0.004294872700845869,0.0010557029904654602,0.004983621760569437
414.2857142857143,2.2,8.592412981133262e-05,9.473893113994537e-10,3.470431675148255e-05,-6.578869636161579e-08,0.0022313548118398853,0.0038782996470447056,0.001043022850946791,0.004711257346376065
414.2857142857143,2.3000000000000003,8.27119726975001e-05,9.947377590588343e-10,2.988737439569904e-05,-6.161155529352107e-08,0.0024302582125435234,0.003478344728229901,0.0010157816549169454,0.00447980599680071
414.2857142857143,2.4000000000000004,7.979868932762457e-05,1.0411893425885132e-09,2.6655949191173077e-05,-5.8451515677813685e-08,0.002632755677231405,0.003222743736104693,0.0009996262060285891,0.004394995420720533
414.2857142857143,2.5000000000000004,7.715196544966078e-05,1.096017851305959e-09,2.2873620617731813e-05,-5.6219692608967175e-08,0.002862124734626438,0.0028664155778074245,0.000995101430488529,0.004288187259807827
414.2857142857143,2.6,7.47339777778743e-05,1.1640840379444897e-09,2.0982446854986614e-05,-5.517540284295002e-08,0.003133414598593442,0.0027196257065773654,0.0010085895911470058,0.004387386119011536
414.2857142857143,2.7,7.252581457463768e-05,1.2055165545215238e-09,1.7923241794381752e-05,-5.446271534267426e-08,0.003338478444582752,0.0023982721550903584,0.0010261972782014792,0.004359278536914299
414.2857142857143,2.8000000000000003,7.049688378934489e-05,1.2967239359080519e-09,1.6357262346254085e-05,-5.224396174562447e-08,0.003688342905305854,0.002255371062316097,0.00101276699722817,0.004554334857825235
414.2857142857143,2.9000000000000004,6.863152562751463e-05,1.3530996615958208e-09,1.5026602197212735e-05,-5.155656950522312e-08,0.003946959157063458,0.002131527152620596,0.0010265162187843443,0.004714802825648233
414.2857142857143,3.0000000000000004,6.69164334876565e-05,1.4081285192592842e-09,1.3249594875456245e-05,-5.135158408618098e-08,0.004205793357355328,0.00193054063046275,0.001048539346759856,0.0048594808790702005
414.2857142857143,3.1,6.533383729655294e-05,1.4751190121176437e-09,1.2045744719286966e-05,nan,0.004504977324888179,0.0018001175632752367,nan,nan
414.2857142857143,3.2,6.387169855264224e-05,nan,1.0934590641311344e-05,-4.8971363560120656e-08,nan,0.0016736489227900078,0.0010469014121331328,nan
414.2857142857143,3.3000000000000003,6.251890571514466e-05,1.6121656381950632e-09,1.0081099703440977e-05,nan,0.005127704242855559,0.00157833593467571,nan,nan
414.2857142857143,3.4000000000000004,6.126692387468149e-05,1.6666529366940582e-09,8.904790956740486e-06,-5.045381498419097e-08,0.005399974295814011,0.0014243357037171205,0.0011233248279415812,0.005806218384669607
414.2857142857143,3.5000000000000004,6.010398994378572e-05,1.769175696456061e-09,8.573436865964301e-06,-5.032638731143196e-08,0.005832035022615249,0.0013993581403729117,0.0011414064339956799,0.006210994526255216
414.2857142857143,3.6,5.902679038154959e-05,1.832697966517208e-09,7.526010394112024e-06,-4.8709644250392e-08,0.0061406824245463865,0.0012521648564680949,0.0011239892467634844,0.006465493107303304
414.2857142857143,3.7,5.802485092325458e-05,1.9284912453532163e-09,7.373962967408013e-06,-4.8413319828364835e-08,0.006561087644718502,0.001249256976322559,0.0011355039364410965,0.006869297813744489
414.2857142857143,3.8000000000000003,5.709665109463365e-05,1.9822254922146173e-09,6.215995007142414e-06,nan,0.006841235608436003,0.0010712642787077346,nan,nan
414.2857142857143,3.9000000000000004,5.623061121608414e-05,nan,6.2202819398029426e-06,-5.096712041251931e-08,nan,0.001089430259139589,0.001231316297144436,nan
414.2857142857143,4.0,5.5426774156932665e-05,2.1551424717838234e-09,5.96547134257272e-06,nan,0.007632488973124207,0.0010608939176649681,nan,nan
414.2857142857143,4.1,5.4682591811206916e-05,2.202905345275827e-09,4.755458766580419e-06,-4.984208209703331e-08,0.007893366872394222,0.0008579714116351145,0.001235618539788687,0.008129874653223918
414.2857142857143,4.2,5.398596405314697e-05,2.3303167001507206e-09,4.9876946420712104e-06,-5.136691098151622e-08,0.008440432839611425,0.0009121174539954796,0.0012883917688236806,0.008682901097549102
414.2857142857143,4.3,5.3339213241507736e-05,2.416388182999347e-09,4.919253292546047e-06,-5.1806480139333765e-08,0.008840667872115201,0.0009112096780754428,0.0013135055049431686,0.009079554225043225
414.2857142857143,4.3999999999999995,5.274165496279396e-05,2.4925943179570308e-09,3.947946397705667e-06,-5.196040295285024e-08,0.00920459100171173,0.0007401583483862559,0.0013307268582404056,0.009424117880839732
414.2857142857143,4.5,5.2183576148057247e-05,2.6059115857537486e-09,4.168579172863698e-06,-5.20923068928155e-08,0.00970594906367137,0.0007903770133501458,0.0013465563292060637,0.009922528455250974
414.2857142857143,4.6,5.166718312504917e-05,2.7233799352598476e-09,4.150772936170924e-06,-5.325416429976446e-08,0.010223711121414743,0.0007954174938862358,0.0013884490412619899,0.01044090702784401
414.2857142857143,4.7,5.11922978314028e-05,2.779247284777259e-09,3.1287521501060607e-06,-5.407429285534868e-08,0.01050910161596307,0.0006055588791309945,0.001420984121470303,0.010716637069420307
414.2857142857143,4.8,5.074870005925749e-05,2.922611261012078e-09,3.429515248919373e-06,-5.4517556550009154e-08,0.011123803301243728,0.0006699279763167054,0.0014430215740186784,0.011329272964510093
414.2857142857143,4.9,5.033939743960137e-05,3.016395259960018e-09,3.4628407624879786e-06,-5.518460248273672e-08,0.01154983095042502,0.0006823506333057873,0.0014702737583509476,0.011755322505961265
414.2857142857143,5.0,4.9964723227570135e-05,nan,nan,nan,nan,nan,nan,nan
428.57142857142856,0.1,0.002401074204766836,nan,nan,nan,nan,nan,nan,nan
428.57142857142856,0.2,0.001096311064938004,-1.8703577000136615e-09,0.09001676332176926,-1.0014235407902667e-05,0.0003425569235143295,0.3749020465217594,0.005863720332926507,0.37499390430210305
428.57142857142856,0.30000000000000004,0.0006917155583268649,-1.0637641281568198e-09,0.021336050450196153,-3.829084502585265e-06,0.0003090913062669943,0.19461675734708292,0.004909090838349786,0.1947407921403405
428.57142857142856,0.4,0.0005004805562176873,-7.35992225477784e-10,0.008122092599263858,-1.939535236205538e-06,0.00029589037312512036,0.11741954480407721,0.003944910574526155,0.11755237850418689
428.57142857142856,0.5,0.0003904664801011484,-3.1904478910685587e-10,0.0039092424532291645,-1.1566302386224482e-06,0.00016456772952568822,0.0781097767867892,0.003254993989320159,0.07824547452703354
428.57142857142856,0.6,0.00031954482851690114,-3.384726749806057e-10,0.002161364041092868,-7.681172759075844e-07,0.00021357406565073483,0.055353382460204464,0.002773438849184955,0.05549258049295894
428.57142857142856,0.7000000000000001,0.00027023681734358255,-1.1354801749899218e-10,0.0013169362701117506,-5.415931762691326e-07,8.480646616048857e-05,0.04121288009022172,0.002392192504573232,0.04135158820922806
428.57142857142856,0.8,0.00023409816887138144,4.166900123043923e-12,0.0008588480609736488,-4.001889817296607e-07,3.5961770935010295e-06,0.03178131201425817,0.002092245189222319,0.03191875289142369
428.57142857142856,0.9,0.0002065480010089168,1.5368221624988161e-10,0.0005906278725180326,-3.106795327753466e-07,0.00015046772674341953,0.02522992278690297,0.0018768893190055694,0.025369609208686514
428.57142857142856,1.0,0.00018490411187163249,2.473027498972789e-10,0.00042240788627404934,-2.470609624780679e-07,0.00027074259331485604,0.020450833908376282,0.0016932532344191367,0.02059233163416833
428.57142857142856,1.1,0.00016748430159708866,2.576194976767845e-10,0.0003111871905985783,-2.0267884425308458e-07,0.0003116826243879009,0.016829652269421482,0.001553224019876506,0.016975257031333332
428.57142857142856,1.2000000000000002,0.00015317636322853063,3.079215187591642e-10,0.00023581376759269668,-1.7201599085094326e-07,0.00040776167193590983,0.01407975346608818,0.0014568026552346264,0.01423552862381722
428.57142857142856,1.3000000000000003,0.00014122656253589955,4.268187005226556e-10,0.00018454507496376405,-1.4354865479398393e-07,0.0006136351665115871,0.012047882001770278,0.0013306490498999123,0.012209392394143084
428.57142857142856,1.4000000000000001,0.00013112221259290612,4.1792358360681427e-10,0.00014480045003424037,-1.2345099609155529e-07,0.0006478122722784147,0.010253060574028512,0.0012423942698604718,0.010422667552904902
428.57142857142856,1.5000000000000002,0.0001224658671502551,4.844261922203682e-10,0.00011749066454258352,-1.1055530383262456e-07,0.0008047871281276362,0.008960393683056256,0.0011995819278515763,0.009155016705621601
428.57142857142856,1.6,0.00011498442835302992,5.21965411189987e-10,9.558101933124706e-05,-9.651744790012566e-08,0.00092455291562571,0.007804706858767217,0.0011224248537760936,0.008017974953180424
428.57142857142856,1.7000000000000002,0.00010845879974911722,5.17262382095548e-10,7.822552042916797e-05,-8.526440124790112e-08,0.0009723682919150765,0.006803140351230584,0.0010571967865681787,0.007033032690434746
428.57142857142856,1.8000000000000003,0.00010271542634949619,5.760689798284958e-10,6.549140776556868e-05,-7.934470190292665e-08,0.0011431931485928843,0.006038367372408779,0.001044085022469811,0.006320521985362617
428.57142857142856,1.9000000000000001,9.762696702753085e-05,6.85451476299252e-10,5.627437386833231e-05,-7.354027888620165e-08,0.0014293011795468568,0.005478668187274515,0.0010215707170231833,0.005843451071744024
428.57142857142856,2.0,9.310125144424883e-05,6.612725734605283e-10,4.67757583620654e-05,-6.696115261360956e-08,0.0014442210181315899,0.004791274356487446,0.0009773902370423361,0.005191595868254634
428.57142857142856,2.1,8.904329344458747e-05,7.250628297411584e-10,4.07226657110789e-05,-6.22985152477362e-08,0.0016536265013423835,0.00437401915434666,0.0009524208338753939,0.004866285550410408
428.57142857142856,2.2,8.53925621020369e-05,7.687152547391878e-10,3.517328100063719e-05,-5.8855733204015004e-08,0.0018258045158787977,0.003950132529916572,0.000939612090607215,0.004550038559807931
428.57142857142856,2.3000000000000003,8.20935635694927e-05,8.251526031948613e-10,3.060949980099943e-05,-5.491912498785111e-08,0.0020359626902360217,0.0035845627590402624,0.0009130833563523578,0.004319916281691904
428.57142857142856,2.4000000000000004,7.910066003495849e-05,8.623032721088871e-10,2.6913019401157098e-05,-5.222840981137337e-08,0.002205302632121526,0.003278334893864739,0.0009020702998962896,0.0041519033017982515
428.57142857142856,2.5000000000000004,7.637688669443585e-05,8.981194752080657e-10,2.347477131628406e-05,-4.966342319540446e-08,0.002375696947572426,0.0029677086519770382,0.0008890841192982573,0.0040040194520133176
428.57142857142856,2.6,7.388786106707606e-05,9.229841203326668e-10,2.0542970863659558e-05,-4.828703021739589e-08,0.0025204613991001417,0.0026896842425440395,0.0008940986964764389,0.00389691569667927
428.57142857142856,2.7,7.160426514835286e-05,9.814952055080167e-10,1.8802477426073282e-05,-4.6993872719552665e-08,0.002761846180646339,0.002544731591161399,0.0008983076490938623,0.003964513395291619
428.57142857142856,2.8000000000000003,6.950869400389039e-05,9.994718158165096e-10,1.626443803933938e-05,-4.4547379590897344e-08,0.0028933738485811193,0.0022714342512477445,0.0008774684445052275,0.0038821292517894567
428.57142857142856,2.9000000000000004,6.757576723982132e-05,1.0494163987660796e-09,1.4946655677680226e-05,-4.309831425907496e-08,0.003120528212580153,0.0021503289468859346,0.0008733580416701027,0.0039858649554675
428.57142857142856,3.0000000000000004,6.579230703252905e-05,1.124898379357426e-09,1.3496422608292535e-05,-4.2534069940740726e-08,0.0034307132921301436,0.001997228172104173,0.000885350522265542,0.004162499868924534
428.57142857142856,3.1,6.41438110513197e-05,1.1742874443165838e-09,nan,-4.205554236118371e-08,0.0036680915855643913,nan,0.0008978264844516069,nan
428.57142857142856,3.2,nan,nan,nan,-4.089072946822217e-08,nan,nan,0.0008941052635037551,nan
428.57142857142856,3.3000000000000003,6.120294563791082e-05,1.2634985728123221e-09,nan,-4.0622500715881905e-08,0.004124462011047125,nan,0.0009085736749587443,nan
428.57142857142856,3.4000000000000004,5.9886041846148565e-05,1.3261177925731619e-09,9.075948958430867e-06,-4.079594805601055e-08,0.004417331034151111,0.0014829268205693961,0.0009321968311448381,0.004842506301950627
428.57142857142856,3.5000000000000004,5.865989754397062e-05,1.376908788540376e-09,8.530880358145053e-06,-4.0010822079365435e-08,0.004675260225527201,0.0014245189855862379,0.0009329392377059907,0.005062416790347785
428.57142857142856,3.6,5.7519062045374124e-05,1.4489085892478418e-09,7.961825318084584e-06,-3.988146340324083e-08,0.005009515654626725,0.0013572859229964587,0.0009479157573527694,0.005360462735323316
428.57142857142856,3.7,5.6457844799958475e-05,1.464782303363454e-09,6.9229343762624765e-06,-4.0344329534812675e-08,0.005151847168846769,0.001203589580581355,0.000976416913502366,0.005467809168907181
428.57142857142856,3.8000000000000003,5.546585689830545e-05,1.5253127917698598e-09,6.581934930869019e-06,-3.934627703498044e-08,0.005451954166892435,0.0011658140607722705,0.0009687050685778212,0.005741054405069407
428.57142857142856,3.9000000000000004,5.4539688345961117e-05,1.5774706652878296e-09,5.448441270387491e-06,-3.9019659136741355e-08,0.005725223003483292,0.0009823054352837283,0.0009762809048635049,0.0059707077652657245
428.57142857142856,4.0,5.366800420632066e-05,1.686924727922437e-09,6.270011206752952e-06,-4.060900300278098e-08,0.006211264463316615,0.0011496235854852061,0.001031695373354759,0.006483072674925597
428.57142857142856,4.1,5.285902017874773e-05,1.7403764521043488e-09,5.262692377342543e-06,-4.037955867534387e-08,0.00649528224636209,0.0009806014691939558,0.0010407440212665642,0.006731758086629087
428.57142857142856,4.2,5.2102663074948223e-05,1.7767011553628444e-09,4.435699812850931e-06,-3.961099368905028e-08,0.0067164137731442934,0.0008391566468412009,0.001034829037308051,0.006925037192891598
428.57142857142856,4.3,5.139066296927723e-05,1.856059298569876e-09,4.8231546897653e-06,-4.0863444170806096e-08,0.007101484797647313,0.00092570214363656,0.0010813245598053623,0.007323014160659922
428.57142857142856,4.3999999999999995,5.072689441050389e-05,1.920828544675309e-09,4.278085267523458e-06,-4.070921749434336e-08,0.007432565885929756,0.0008324635294316045,0.0010903052643203024,0.007636331731618895
428.57142857142856,4.5,5.010590670440578e-05,1.981569088653667e-09,4.221796468651907e-06,-3.989199258842668e-08,0.007749600251234105,0.0008322599910192238,0.001080522802722279,0.007942544919670561
428.57142857142856,4.6,4.952713696299419e-05,2.0316517278953793e-09,3.1793727253431475e-06,-4.152999958057938e-08,0.008024877234119715,0.0006345305243350856,0.0011369203724380596,0.008208925598123985
428.57142857142856,4.7,4.8980160948836034e-05,2.1365100017673393e-09,4.130071005549776e-06,-4.227349537808437e-08,0.008517344753233647,0.0008339006166731773,0.0011688407230720337,0.00871624512939762
428.57142857142856,4.8,4.8474485644733375e-05,2.1628427315065497e-09,2.6884542095984656e-06,-4.14734601009576e-08,0.008697690291618492,0.0005488863567448842,0.0011573577013353137,0.008867358475849253
428.57142857142856,4.9,4.79956948827267e-05,2.264596727158024e-09,3.3307223081879077e-06,-4.1721213793196796e-08,0.009180932249610332,0.0006871083341860653,0.0011744484867727892,0.009355228128218401
428.57142857142856,5.0,4.7550211343801906e-05,nan,nan,nan,nan,nan,nan,nan
442.8571428571429,0.1,0.0024397566340920844,nan,nan,nan,nan,nan,nan,nan
442.8571428571429,0.2,0.0011142838660157602,-2.3648722212965703e-09,0.09135532702271551,-9.609290932467842e-06,0.00042643404675667156,0.37444442509616094,0.00554186260499517,0.3745266797090109
442.8571428571429,0.30000000000000004,0.0007023643681665912,-1.059535195111959e-09,0.02171839971210977,-3.7258704099945114e-06,0.0003033566201201903,0.19490903866145176,0.0047029458404634645,0.19502271861587545
442.8571428571429,0.4,0.00050762886743852,-6.092431032918643e-10,0.008275638575341533,-1.8961975187729523e-06,0.00024159067381694565,0.11782543292940319,0.0038003159415589786,0.11794819122634438
442.8571428571429,0.5,0.00039564975246386404,-5.907984460497866e-10,0.003975840764332862,-1.1281913848432617e-06,0.00030089184980620437,0.07832180199669961,0.003131629406557742,0.07844749460241246
442.8571428571429,0.6,0.00032342904513253673,-2.104747479723525e-10,0.0022038100175108704,-7.421082548400108e-07,0.00013124939594414716,0.05570103364874851,0.0026456743231771072,0.05582671010539298
442.8571428571429,0.7000000000000001,0.00027324643797631813,-6.804262776558888e-11,0.0013406108813812166,-5.190010765060499e-07,5.026839474164428e-05,0.04144992237267538,0.002265497638524807,0.04157359198713346
442.8571428571429,0.8,0.00023646993963391172,7.94644702903131e-11,0.0008748051650689737,-3.85471202456238e-07,6.789491558982546e-05,0.032015244976214184,0.001993443440096561,0.03213919964940475
442.8571428571429,0.9,0.00020844149294219506,7.682495814163836e-11,0.0005999990356344018,-2.982691618273605e-07,7.453536218887673e-05,0.025373163141297523,0.0017839006091568575,0.025498383597432527
442.8571428571429,1.0,0.0001864130366068224,1.8381900705968963e-10,0.00042979306397376653,-2.397132920209072e-07,0.0001995860170846127,0.02061936219642011,0.0016279842166041813,0.02074846011597967
442.8571428571429,1.1,0.00016868251091118743,1.7862244951523549e-10,0.00031604059246758065,-1.95930253815932e-07,0.00021453723783907124,0.01695378167859394,0.0014891527121001526,0.017085429202444918
442.8571428571429,1.2000000000000002,0.00015411239114022826,3.1216077043807713e-10,0.00024082914459353048,-1.613995881276357e-07,0.00041071115198148053,0.014277066620162468,0.0013569601885690928,0.014411314889129383
442.8571428571429,1.3000000000000003,0.0001419505628152044,3.0668252292197615e-10,0.00018705917012207964,-1.3831776982608343e-07,0.00043848619217747595,0.012137841009284766,0.0012738966319675443,0.01227864323796737
442.8571428571429,1.4000000000000001,0.00013165932619140132,3.4862348469164133e-10,0.0001474939045750887,-1.170059530821561e-07,0.0005379069151724984,0.010390512136757134,0.0011710431373195885,0.010535405562787524
442.8571428571429,1.5000000000000002,0.00012284302861334913,4.295362354874408e-10,0.0001189555132582228,-1.0350476103601868e-07,0.0007109073416108632,0.009035099654489332,0.0011179151839027111,0.009199884984700077
442.8571428571429,1.6,0.00011521628616787916,4.41996855413367e-10,9.740039845644766e-05,-9.447218887054868e-08,0.0007807229538288146,0.007928850302365741,0.0010944986003086443,0.008116159795131911
442.8571428571429,1.7000000000000002,0.00010856354770697367,4.539672984403499e-10,7.983831155933012e-05,-8.181699215138187e-08,0.0008518350952889244,0.006929429355412433,0.0010116244516774646,0.00712666698279644
442.8571428571429,1.8000000000000003,0.00010270919236166148,4.844207414773971e-10,6.673409732137061e-05,-7.15743717762074e-08,0.0009616695118090185,0.006147007787687091,0.000940127040167614,0.006362247299118244
442.8571428571429,1.9000000000000001,9.7522177989563e-05,5.03347447784785e-10,5.584330006657761e-05,-6.708193673349664e-08,0.001052208954793219,0.005437030394508525,0.0009321949594286869,0.005692663531258901
442.8571428571429,2.0,9.289359661813029e-05,5.800507281211055e-10,4.862135558670227e-05,-6.236730142638063e-08,0.001271494182733293,0.0049856716276276995,0.0009126181792547574,0.005304654834903867
442.8571428571429,2.1,8.87512288025646e-05,5.923639275852887e-10,4.090140699747476e-05,-5.597830818924308e-08,0.0013576608949400185,0.004403038367177607,0.0008589466893128277,0.004765036075272706
442.8571428571429,2.2,8.501787505697366e-05,6.495738444802531e-10,3.590316205504987e-05,-5.2724600193042536e-08,0.001552431352883525,0.004045370699589953,0.00084589029117061,0.004495122687080974
442.8571428571429,2.3000000000000003,8.164355293193322e-05,6.639458784388148e-10,3.093801950136823e-05,-4.9993040797741436e-08,0.0016505454626825065,0.003639001737062413,0.0008363565625975706,0.004167207526188865
442.8571428571429,2.4000000000000004,7.857861100190646e-05,6.93916184433625e-10,2.7142855614919747e-05,-4.732976982590637e-08,0.001790320684821212,0.0033245559067657106,0.0008236206829651913,0.003951534156568252
442.8571428571429,2.5000000000000004,7.57850976280289e-05,7.281409260186866e-10,2.385242083168166e-05,-4.564088147853052e-08,0.0019456172595502107,0.0030354851692533684,0.0008242821137804401,0.0037892583363520523
442.8571428571429,2.6,7.323010846246816e-05,7.458665042823156e-10,2.079015691418452e-05,-4.303033629786121e-08,0.0020601172064918993,0.0027433041013191677,0.0008048496300049222,0.0036146045635223603
442.8571428571429,2.7,7.088302086604926e-05,7.919526254657066e-10,1.8854478876808544e-05,-4.080220054874594e-08,0.0022571697992300028,0.002574689464849261,0.0007888827350661126,0.003601182206211255
442.8571428571429,2.8000000000000003,6.872447805839845e-05,8.427456295810613e-10,1.682402133734462e-05,-3.9130372627487096e-08,0.0024743509637299268,0.00237349101827047,0.0007806871868479394,0.0036020573666918337
442.8571428571429,2.9000000000000004,6.673417546412109e-05,8.757076271831307e-10,1.538788053859213e-05,-3.6915601036908216e-08,0.0026446735210274752,0.002239068374665039,0.0007587047011258361,0.0036275323384182103
442.8571428571429,3.0000000000000004,6.489775167522964e-05,8.90435036260814e-10,1.3210741858839266e-05,-3.579055469160036e-08,0.0027620468739870713,0.001979606665844232,0.0007566227648394887,0.0035626817851308825
442.8571428571429,3.1,6.319343530492659e-05,9.39655008608557e-10,1.2358042067079384e-05,nan,0.002989631036017386,0.0019042326965228657,nan,nan
442.8571428571429,3.2,6.161269935529433e-05,nan,1.128790066092552e-05,-3.5542401977976684e-08,nan,0.0017862457716467128,0.000791578472440849,nan
442.8571428571429,3.3000000000000003,6.014484241227132e-05,1.0001970498397588e-09,9.881063256592666e-06,nan,0.0033351637699547943,0.0016037380864637601,nan,nan
442.8571428571429,3.4000000000000004,5.8775796101814244e-05,1.0284140610082433e-09,9.005714637801678e-06,-3.3899453151862764e-08,0.003504663426464625,0.0014973378059702505,0.0007912656770387413,0.003972013215147418
442.8571428571429,3.5000000000000004,5.7496806937735185e-05,1.0798886914277433e-09,8.921156600127536e-06,-3.325943162812432e-08,0.003757003616737545,0.0015178282884801566,0.0007933981323482479,0.004204502358462529
442.8571428571429,3.6,5.63070293396574e-05,1.0946621969683147e-09,7.252209903447884e-06,-3.347752003967406e-08,0.0038839376098422818,0.0012613239394844127,0.0008152934224315143,0.004243267157130698
442.8571428571429,3.7,5.5189773840614095e-05,1.1713255907845352e-09,7.383268525745387e-06,-3.336662809495177e-08,0.004234062419183861,0.0013112516522950902,0.0008287098201743069,0.0045847775733723825
442.8571428571429,3.8000000000000003,5.4146351026828244e-05,1.2136336347624023e-09,6.777005162994887e-06,-3.297733633160102e-08,0.004465455822292483,0.0012279458115857867,0.000834436394811698,0.004779196042328626
442.8571428571429,3.9000000000000004,5.317069826467234e-05,1.2369675685547834e-09,5.845910582944233e-06,-3.180054150064842e-08,0.004628599256530986,0.0010796499620164106,0.0008190506293668063,0.004891959013010387
442.8571428571429,4.0,5.225350460834588e-05,1.2541569924204274e-09,5.431646204551642e-06,-3.153340289879594e-08,0.004769143373255332,0.001021548781908801,0.0008259621533056907,0.005015248486951703
442.8571428571429,4.1,5.139062741406494e-05,1.3281785846498456e-09,5.420394948851277e-06,-3.2805105984855e-08,0.005127920515620004,0.0010373265849780988,0.0008732286175773615,0.005375562453876896
442.8571428571429,4.2,5.0581954169272506e-05,1.3764652403137082e-09,4.761938451968116e-06,-3.226587476389585e-08,0.005391495500514562,0.0009266161344169224,0.0008720196978622368,0.005607822919774662
442.8571428571429,4.3,4.9820900308999756e-05,1.4181590680886428e-09,4.4293234930743895e-06,-3.162288677478331e-08,0.005631766574996263,0.0008756726713743917,0.0008670488199503533,0.0058298494573180626
442.8571428571429,4.3999999999999995,4.910413968365775e-05,1.4910734580898818e-09,4.526005726584601e-06,-3.234952755972036e-08,0.005998804170231596,0.0009084552263233618,0.0008992608409669335,0.006199054967591055
442.8571428571429,4.5,4.843263911558159e-05,1.526720596174296e-09,4.057505504508577e-06,-3.291976619554813e-08,0.006218341356647046,0.0008263061995685362,0.0009270868632650529,0.006408551417232266
442.8571428571429,4.6,4.7801713602550516e-05,1.5754726138704116e-09,3.3258426090102197e-06,-3.181662914043283e-08,0.006491896018118249,0.000686694483254009,0.0009071251342005725,0.006652970407388558
442.8571428571429,4.7,4.7204046515609545e-05,1.6437540553847273e-09,3.5288277358353417e-06,-3.229459248588984e-08,0.006848895650902859,0.0007382220154649556,0.000931512196175828,0.007013399555445409
442.8571428571429,4.8,4.6641667706026926e-05,1.7236908912406883e-09,3.4866026786911047e-06,-3.326151127245172e-08,0.007256882596996235,0.00073862368505593,0.0009701161399727941,0.00742227462606874
442.8571428571429,4.9,4.611415492323122e-05,1.7456018971922074e-09,3.2641797942938474e-06,-3.278289093020244e-08,0.007422442492221869,0.0006998419985467326,0.000966130959533943,0.0075795283121847775
442.8571428571429,5.0,4.561928393837845e-05,nan,nan,nan,nan,nan,nan,nan
457.1428571428571,0.1,0.002477065826673633,nan,nan,nan,nan,nan,nan,nan
457.1428571428571,0.2,0.0011317740401095783,-2.1125414178445567e-09,0.09263146927883219,-9.22327277596999e-06,0.0003752772338013114,0.37395642974584914,0.005243016534497305,0.3740301199449403
457.1428571428571,0.30000000000000004,0.0007127969463338457,-1.2213891282439319e-09,0.022083299077403702,-3.6160698997303124e-06,0.0003447716358249057,0.195121095685015,0.004496575018213352,0.19522499640822252
457.1428571428571,0.4,0.0005146528433321502,-7.937562484511522e-10,0.008420371338468619,-1.8460495879968642e-06,0.00031061642424563515,0.11813141711363132,0.003647698060223128,0.11824440618530278
457.1428571428571,0.5,0.00040071245371514093,-2.8598381557537025e-10,0.004049824361984221,-1.091482022376562e-06,0.00014385414974391148,0.07869041071964927,0.0029898671097882564,0.07880406108768684
457.1428571428571,0.6,0.0003272703077179739,-1.6466245470280327e-10,0.002241401063768247,-7.148388192262335e-07,0.00010150051067048612,0.05593539813867671,0.002517022553734032,0.05604863845231172
457.1428571428571,0.7000000000000001,0.0002762421723584893,-4.5195436673803554e-11,0.001364389063627201,-5.057385694504727e-07,3.3032274477478525e-05,0.04168997405053218,0.0021822161105483117,0.04180405676213108
457.1428571428571,0.8,0.00023885792763527676,-8.325147540930653e-11,0.0008876980526295139,-3.761640859512764e-07,7.04314251879258e-05,0.032134776708804505,0.0019245059623553098,0.032249903582935883
457.1428571428571,0.9,0.00021035066343835936,7.053623955762908e-11,0.0006116076183643777,-2.892732830470684e-07,6.781393573844242e-05,0.025605497980300235,0.0017130928485697943,0.025719943619002775
457.1428571428571,1.0,0.00018795947542508574,6.427859366949555e-11,0.0004348886374599632,-2.307768777462098e-07,6.921774652325306e-05,0.020674459987496164,0.0015530912788779422,0.020790918015135048
457.1428571428571,1.1,0.00016991717378641175,2.1895834787555914e-10,0.000323725318386936,-1.878431382594121e-07,0.000261018019439353,0.017223144385501436,0.0014159387428290774,0.017341124472686032
457.1428571428571,1.2000000000000002,0.00015511212533160713,1.623760658736651e-10,0.00024300744876907973,-1.5554118289864354e-07,0.00021222564384881768,0.01430152369851346,0.0012979334346810238,0.014420398129898319
457.1428571428571,1.3000000000000003,0.0001427371513644933,2.549336208805989e-10,0.00019054100424541087,-1.3165365022728644e-07,0.00036236804154442747,0.012284081843251261,0.0012044999596424566,0.012406918136055602
457.1428571428571,1.4000000000000001,0.00013226758743983358,3.1250870038641674e-10,0.00015098270174912344,-1.1221193413621515e-07,0.00047974624064002784,0.01057767373846311,0.0011165029182607495,0.01070562915973414
457.1428571428571,1.5000000000000002,0.0001233078505326651,2.6631243880148095e-10,0.00011902337971120755,-9.874960622497589e-08,0.0004389145152619544,0.008998680781514173,0.0010611649085217635,0.009133512122149736
457.1428571428571,1.6,0.00011553834742260868,3.522796643738893e-10,9.920977397146574e-05,-8.721185598017617e-08,0.000620136126980944,0.00804569810785765,0.0010061484459919676,0.008194052492479849
457.1428571428571,1.7000000000000002,0.00010876094205226693,4.4517069677893573e-10,8.182830677133032e-05,-7.783597899425885e-08,0.0008331209488178775,0.0070823504573788,0.0009591309179694232,0.0072590386933878955
457.1428571428571,1.8000000000000003,0.00010280181974963848,4.2132414670930386e-10,6.774154735207745e-05,-7.012795626221999e-08,0.0008349597914163901,0.006228481114067871,0.000918693636346792,0.006417096760725244
457.1428571428571,1.9000000000000001,9.752011292053081e-05,4.3629018182614805e-10,5.6591340020515406e-05,-6.263024294602429e-08,0.0009122166807824101,0.005504896718592808,0.0008688230782997486,0.005713644566985599
457.1428571428571,2.0,9.280431949162829e-05,4.5034158611482103e-10,4.91528695282343e-05,-5.795659757263474e-08,0.0009893733205712063,0.005040280210533493,0.0008482492636461053,0.005274688407356966
457.1428571428571,2.1,8.858005475800811e-05,4.707734099305297e-10,4.199640782327431e-05,-5.176823332352682e-08,0.0010825338128219242,0.004525264346888804,0.0007961218181445221,0.004787224327705691
457.1428571428571,2.2,8.477575410262068e-05,4.987005659957289e-10,3.5758800600556375e-05,-4.851943721886018e-08,0.001197108556820672,0.004036890776173695,0.000780986164094957,0.004353094854535683
457.1428571428571,2.3000000000000003,8.132904145323881e-05,5.169360223541097e-10,3.1584871284109444e-05,-4.711728648256469e-08,0.0012921675212635541,0.0037256962935270505,0.0007917206730431623,0.004099286891992
457.1428571428571,2.4000000000000004,7.819817751669804e-05,5.348793468673059e-10,2.7459517044809978e-05,-4.279142189406441e-08,0.0013891700169965375,0.003376348295042699,0.0007487499075006115,0.00380141736639431
457.1428571428571,2.5000000000000004,7.534190875060536e-05,5.798147168658128e-10,2.389335272827452e-05,-3.987775818974733e-08,0.0015613826168706221,0.003055487159297601,0.0007249838761335594,0.003581217767492722
457.1428571428571,2.6,7.272457351179543e-05,6.442964791045447e-10,2.16161295549087e-05,-3.833943875837275e-08,0.001795560325240607,0.0028690711336318542,0.0007227097214613677,0.003535565688034556
457.1428571428571,2.7,7.032339956853459e-05,6.473481485244698e-10,1.900253916289001e-05,-3.6058670313406696e-08,0.0018638013085738483,0.0026129461123354583,0.0007034317884208875,0.0033601897663275795
457.1428571428571,2.8000000000000003,6.811225101690265e-05,6.80236200395298e-10,1.7019706543241994e-05,-3.4367203422253496e-08,0.0020200039096466044,0.002420205315395087,0.0006926342061762916,0.003301104943921826
457.1428571428571,2.9000000000000004,6.607129953070312e-05,6.969618845535867e-10,1.545697093982269e-05,-3.3726254855088014e-08,0.0021313984672384607,0.0022693378517158256,0.0007010655510218062,0.0032673750205686023
457.1428571428571,3.0000000000000004,6.418491775390183e-05,7.218484868065111e-10,1.3628990972040276e-05,-3.2647626857170676e-08,0.0022699710531242077,0.0020627702298646224,0.0006988842915110332,0.0032225251138011833
457.1428571428571,3.1,6.243482588682093e-05,7.210164824921916e-10,1.1974280952892342e-05,-3.165820422038983e-08,0.0023285048550810788,0.0018655910721587583,0.0006968809375008024,0.003142236622337442
457.1428571428571,3.2,6.0804476829268963e-05,7.702270946716111e-10,1.1673326182090147e-05,-3.095555753171427e-08,0.0025512468150074488,0.001869681866856013,0.0006997914392835436,0.003314209817034055
457.1428571428571,3.3000000000000003,5.9290861033537895e-05,7.889060857563043e-10,9.818554028702369e-06,-2.988277003661484e-08,0.00267689190849444,0.0016147748555211798,0.000692871306201098,0.0032761851928271826
457.1428571428571,3.4000000000000004,5.787543077809385e-05,8.365089510576565e-10,9.41012560800954e-06,-2.8381167648724328e-08,0.0029045308406375884,0.0015871123211866835,0.0006741147467732167,0.003444428299139309
457.1428571428571,3.5000000000000004,5.65541017787299e-05,8.637264382562293e-10,8.562430293560455e-06,-2.824077824125853e-08,0.0030657476662283656,0.0014794585851793576,0.0006864044656442909,0.0035397610991645223
457.1428571428571,3.6,5.531839708230156e-05,9.107831099298272e-10,7.805653433212184e-06,-2.7841083551441697e-08,0.003301081698806638,0.0013802099560792434,0.0006917423526689188,0.003709330784657557
457.1428571428571,3.7,5.4160748920205334e-05,9.301097605699438e-10,7.142473086690474e-06,-2.7162981457785025e-08,0.003439374820267422,0.001291156914048694,0.0006891547943566804,0.003800822804624665
457.1428571428571,3.8000000000000003,5.3074525488976017e-05,9.655137779764085e-10,6.58484865664145e-06,-2.7627156697600463e-08,0.0036390933908144615,0.001215797194079215,0.0007151210081932568,0.003967865879401554
457.1428571428571,3.9000000000000004,5.205415054431311e-05,1.0142728125517111e-09,6.1179817337308304e-06,-2.7364575393741112e-08,0.0038930173628864396,0.0011527152955897047,0.0007219738693585833,0.004186505616441349
457.1428571428571,4.0,5.109495541698752e-05,1.049197471311788e-09,5.753121373039599e-06,-2.6401421549486636e-08,0.00409775257230447,0.001105218568141273,0.0007093440133421393,0.004361126240516411
457.1428571428571,4.1,5.019329150339232e-05,1.0667572742373098e-09,5.052894733307861e-06,-2.6282426182379902e-08,0.004236289322112774,0.0009889224272868096,0.0007185417207727096,0.004467294393345882
457.1428571428571,4.2,4.93421565371302e-05,1.10952425788781e-09,4.953629583147989e-06,-2.6380471248457587e-08,0.0044765673002699815,0.000986910687619121,0.0007333319205105145,0.00469991477693613
457.1428571428571,4.3,4.854055786669956e-05,1.1415680892307839e-09,4.67264662753255e-06,-2.5689127388674114e-08,0.004676211750287636,0.0009469887324475497,0.0007255305575893569,0.004880218557903183
457.1428571428571,4.3999999999999995,4.778568566254424e-05,1.1610613029226943e-09,4.013370024077896e-06,-2.5551951783704136e-08,0.004825484935430259,0.0008268075606175104,0.0007326802212733302,0.005004253812273007
457.1428571428571,4.5,4.707094715862971e-05,1.223338682873585e-09,4.160661063053026e-06,-2.7033614429441395e-08,0.005154808002361497,0.0008706919248653303,0.0007864805174006362,0.0053448342516618196
457.1428571428571,4.6,4.63978152653457e-05,1.2414743965931533e-09,3.870872162436484e-06,-2.6605044508246175e-08,0.005300272786458978,0.0008223484752477138,0.0007847436591190032,0.005477298042527431
457.1428571428571,4.7,4.576339209368606e-05,1.2522295933643803e-09,3.1654496567667236e-06,-2.489106703556195e-08,0.005413880349977479,0.0006822411009362725,0.0007438785037982956,0.005557181283753967
457.1428571428571,4.8,4.5160623418594086e-05,1.3005548318320574e-09,3.100550537489017e-06,-2.567645754217655e-08,0.005690605985789325,0.0006775176392391591,0.0007770658733579361,0.005835211168420263
457.1428571428571,4.9,4.4588860248877e-05,1.362763256004605e-09,3.1921233187255167e-06,-2.673158016877358e-08,0.006031010449351493,0.000706837744275075,0.0008187522776922912,0.006181700188570407
457.1428571428571,5.0,4.4049018312347174e-05,nan,nan,nan,nan,nan,nan,nan
471.42857142857144,0.1,0.002513076943201882,nan,nan,nan,nan,nan,nan,nan
471.42857142857144,0.2,0.0011488330833017955,-1.765587494735449e-09,0.09383910380119942,-8.862435140270605e-06,0.0003091498470824847,0.3734032260931897,0.004969090261728719,0.37346947471846764
471.42857142857144,0.30000000000000004,0.0007229802614137035,-9.789548773083585e-10,0.022438738862905636,-3.5206136938987755e-06,0.0002725737784586442,0.19531765918871122,0.00431515306857038,0.19541316071194548
471.42857142857144,0.4,0.0005215148281546679,-4.11598900846352e-10,0.008566739602679044,-1.7898086313452105e-06,0.00015900230626625896,0.11849202612983908,0.003488398075031946,0.11859478648046734
471.42857142857144,0.5,0.00040571679092242285,-3.3961340373087824e-10,0.0041159212030640845,-1.0602562640044224e-06,0.00016877767162255507,0.0789224194761229,0.002867068731337976,0.07902668503795394
471.42857142857144,0.6,0.0003310779657208186,-1.6637146017506058e-10,0.002278954266294122,-6.977819391237384e-07,0.00010139820769729509,0.05617106112647631,0.0024274368085669224,0.05627595657641044
471.42857142857144,0.7000000000000001,0.0002792286831821556,-1.0280913976258285e-10,0.0013849524896126855,-4.927219919126384e-07,7.435112472684638e-05,0.0418316116748327,0.0021020906334709433,0.041937177223394524
471.42857142857144,0.8,0.0002412289255396195,1.1668173159080238e-10,0.0009045061188370455,-3.677861090668049e-07,9.774334254404474e-05,0.03239302311385355,0.0018618692512964567,0.03250000945282184
471.42857142857144,0.9,0.0002122742290854538,1.6042536771186405e-11,0.0006199499692401685,-2.846218824280528e-07,1.5284644076382375e-05,0.025699653051696237,0.0016689781373044237,0.025807816192841743
471.42857142857144,1.0,0.00018951903232368979,9.939087984443732e-11,0.00044326864768277614,-2.220029431493494e-07,0.00010614323728367524,0.020881887056781283,0.00148060447848196,0.02098687334222019
471.42857142857144,1.1,0.00017119652203875354,1.1329059716534818e-10,0.0003270985741795983,-1.7990685939034607e-07,0.00013403284230062003,0.0172594050406995,0.0013449048390136924,0.01736440512121689
471.42857142857144,1.2000000000000002,0.00015614499749561328,2.2350921597411666e-10,0.0002482294230876663,-1.508910570552201e-07,0.00029012285322009833,0.01449967675344917,0.0012496226900222842,0.014609856637192302
471.42857142857144,1.3000000000000003,0.00014357576718334968,2.075188477761649e-10,0.00019330891029729075,-1.2552173586912007e-07,0.00029317280094918113,0.012380089877853537,0.0011405215124996966,0.01248816056574775
471.42857142857144,1.4000000000000001,0.000132939625974059,2.4507018349002363e-10,0.0001523537164519183,-1.0974961767738149e-07,0.00037418595665179345,0.010611380976105738,0.0010853434381343325,0.010728343866022224
471.42857142857144,1.5000000000000002,0.00012382702192928748,2.6508489070262577e-10,0.00012178846018781291,-9.523695951557845e-08,0.0004348780560988901,0.00916118571084125,0.0010178893494188327,0.00928378371180193
471.42857142857144,1.6,0.0001159323024863941,3.0365332736574576e-10,0.00010116045166674174,-8.116603815923225e-08,0.000532442739941597,0.008169497262440045,0.0009320836869149388,0.008292269942009715
471.42857142857144,1.7000000000000002,0.00010904918756016814,2.555095317117339e-10,8.143590234099014e-05,-7.427150879765216e-08,0.0004766889442785879,0.007024435864244785,0.0009116227439632383,0.007157656293446057
471.42857142857144,1.8000000000000003,0.00010298043165735208,3.3441401053531863e-10,6.95410909580185e-05,-6.766549413812038e-08,0.0006611406380799858,0.0063770388862043614,0.0008836764297633372,0.006531883339782022
471.42857142857144,1.9000000000000001,9.760708666411621e-05,3.3333898613931084e-10,5.73207140391844e-05,-5.891867765409406e-08,0.0006958562912534416,0.005566175351634595,0.000815380684968638,0.005726798001157484
471.42857142857144,2.0,9.280694881127218e-05,4.093203993038479e-10,4.981459611317522e-05,-5.257969100390223e-08,0.0008992569282548074,0.005103583952320629,0.0007683330546087236,0.005294894101585759
471.42857142857144,2.1,8.85049569195599e-05,4.494091419594395e-10,4.3244374613349186e-05,-5.064817152207438e-08,0.0010354040948704882,0.004659605252327485,0.0007789009161402077,0.004898709628210328
471.42857142857144,2.2,8.463540877398111e-05,3.923231498636085e-10,3.541664935612781e-05,nan,0.0009444439604139322,0.004001657148798704,nan,nan
471.42857142857144,2.3000000000000003,8.11200271219636e-05,nan,3.222576119245914e-05,-4.1552994479158365e-08,nan,0.0038075979852023934,0.0007002169584083579,nan
471.42857142857144,2.4000000000000004,7.792690308187069e-05,5.119445450874086e-10,2.8327036545828994e-05,nan,0.0013360730634285835,0.00349199051711847,nan,nan
471.42857142857144,2.5000000000000004,7.501704940723606e-05,4.922177167448746e-10,2.4333190588953604e-05,-3.674194709203385e-08,0.001333289757584603,0.0031225661006172595,0.000671224029927737,0.0035255019539221573
471.42857142857144,2.6,7.235052763849097e-05,4.903301235861474e-10,2.1188426831983763e-05,-3.3555864187260505e-08,0.0013759774355253918,0.0028244815011265897,0.000636258752052899,0.003268127912491978
471.42857142857144,2.7,6.989589013806572e-05,5.586243730773605e-10,1.9759505213275615e-05,-3.254003744298831e-08,0.0016211527712950697,0.0027310796283347943,0.0006392030304331436,0.0033021346538887283
471.42857142857144,2.8000000000000003,6.763884768977323e-05,5.52912122667109e-10,1.6885547510107952e-05,-3.204635351994621e-08,0.001656665387252744,0.0024158140738681265,0.0006509996005508604,0.0030705535013504253
471.42857142857144,2.9000000000000004,6.555066071658181e-05,5.739944343128476e-10,1.5692610689923362e-05,-3.100956985111566e-08,0.001772959244337259,0.0023200588457535235,0.0006503879234676962,0.0030613830913208753
471.42857142857144,3.0000000000000004,6.361939985028963e-05,5.873670163671217e-10,1.3522370563460796e-05,-2.861926278766254e-08,0.0018675854680747393,0.002062888522501217,0.0006187960796235468,0.0029170536013495086
471.42857142857144,3.1,6.182336268963205e-05,6.627340303204708e-10,1.2611797726332626e-05,-2.719430218878812e-08,0.0021662884616307472,0.001982382379590337,0.0006052668521878492,0.0030586502779199084
471.42857142857144,3.2,6.01534435062378e-05,6.639776653868695e-10,1.1435657395199814e-05,-2.69834455298534e-08,0.002228547190329461,0.0018497307324756062,0.0006174082938621416,0.003024948324327144
471.42857142857144,3.3000000000000003,5.859788089679555e-05,7.060635631084956e-10,1.034632794809015e-05,-2.6284422102723948e-08,0.002430300424116158,0.0017199893048545519,0.0006175396350814094,0.0031028106229781705
471.42857142857144,3.4000000000000004,5.71457815668342e-05,6.984495511497693e-10,9.398508453670882e-06,-2.5411871871886106e-08,0.00246288835880933,0.0016038990335203137,0.0006122811082497149,0.0030639986110840367
471.42857142857144,3.5000000000000004,5.578766732140956e-05,7.143834923600408e-10,8.608585302810214e-06,-2.4439574387371972e-08,0.0025779305987680893,0.0015064253330304253,0.0006032555996016995,0.0031052983903261597
471.42857142857144,3.6,5.4515638929013025e-05,7.306091001864223e-10,7.793178166374825e-06,-2.404613687393685e-08,0.0026953763279763004,0.0013969356563119906,0.0006074117177216625,0.0031550563809450345
471.42857142857144,3.7,5.3321542318280235e-05,7.542586770164622e-10,7.229787173479401e-06,-2.327060215757945e-08,0.0028421014353963592,0.0013261859010574187,0.0006009522893172649,0.003249399470874095
471.42857142857144,3.8000000000000003,5.219974357928224e-05,7.848650525455971e-10,6.665243521080623e-06,-2.2703828511908826e-08,0.0030179552216459448,0.0012500095142213429,0.0005988477149583577,0.003374583630157296
471.42857142857144,3.9000000000000004,5.114459727549505e-05,8.079488142340606e-10,6.107718684206697e-06,-2.2928480927808603e-08,0.0031676150966794643,0.0011700667983033568,0.0006171505529675575,0.003487777418824178
471.42857142857144,4.0,5.015052815854993e-05,8.25392004256328e-10,5.720211728577452e-06,-2.2231925336916906e-08,0.0032967510477836734,0.0011184390988094029,0.000610131814780377,0.0035866412075398245
471.42857142857144,4.1,4.921366115889058e-05,8.722102465004145e-10,5.1998267774578855e-06,-2.216065310337906e-08,0.0035463323043977515,0.0010368438715179099,0.0006195929833700319,0.0037972765184013223
471.42857142857144,4.2,4.832879242700581e-05,8.804748638923297e-10,4.926480871317116e-06,-2.239137335249541e-08,0.0036416881697886815,0.0010010392958596489,0.0006372898700155713,0.0038828145918499567
471.42857142857144,4.3,4.749318850383421e-05,9.090941725938814e-10,4.659834707887373e-06,-2.1838641856563004e-08,0.0038221526725720286,0.0009641943185163239,0.0006322800214784553,0.004042038815675853
471.42857142857144,4.3999999999999995,4.670418292774149e-05,9.367514137565568e-10,4.373880571754463e-06,-2.1359708483276812e-08,0.004000649049163869,0.0009209490264906835,0.0006286262581822847,0.004200438294859529
471.42857142857144,4.5,4.595891615736631e-05,9.447063913630456e-10,3.3629662903459953e-06,-2.1007403887375095e-08,0.004095885771693159,0.0007200567656967726,0.0006280244086878833,0.004252480607410184
471.42857142857144,4.6,4.524727904989459e-05,1.0250722152639545e-09,4.265278920998643e-06,-2.1794766914671307e-08,0.004508798745845412,0.0009280634265599415,0.0006614564436476419,0.0046974053591255375
471.42857142857144,4.7,4.457829473163286e-05,1.0505032534923467e-09,3.568807122523618e-06,-2.234739368005944e-08,0.004684714337634283,0.0007887340846702102,0.0006880679172455589,0.004849280853801113
471.42857142857144,4.8,4.394499848459636e-05,1.0372146339791204e-09,2.997828716794486e-06,-2.116042947818847e-08,0.004687190740306563,0.0006724861807392602,0.0006605538528908864,0.004826453924408567
471.42857142857144,4.9,4.334168052472781e-05,1.0664183766437882e-09,3.1500265409921636e-06,-2.0135989092958854e-08,0.004880959104626868,0.0007168111615924425,0.0006369641631736898,0.005014880528263713
471.42857142857144,5.0,4.276986283026918e-05,nan,nan,nan,nan,nan,nan,nan
485.7142857142857,0.1,0.002547875156639526,nan,nan,nan,nan,nan,nan,nan
485.7142857142857,0.2,0.0011655318025154953,-1.869144466577009e-09,0.09497753413924416,-8.488757061659055e-06,0.0003227637658038846,0.37277153824331444,0.004697754449746777,0.3728308754575935
485.7142857142857,0.30000000000000004,0.0007329637897839066,-7.277949783403605e-10,0.022789703614918486,-3.4210155894468476e-06,0.00019995938294811044,0.19553051719166203,0.004135185513948172,0.19561805298965432
485.7142857142857,0.4,0.0005282928132015027,-4.3438613581213046e-10,0.008702998265270157,-1.749060495209778e-06,0.0001657068971872557,0.11873708342176069,0.0033638421181610965,0.11883245897427926
485.7142857142857,0.5,0.0004106518192718005,-2.2618864012519726e-10,0.0041840845022345675,-1.0420263200100173e-06,0.00011108646744985611,0.07920010262639451,0.0027825396307237476,0.07929787922654534
485.7142857142857,0.6,0.00033485167036444396,-1.6917514463981176e-10,0.00231426910916401,-6.8762498362068e-07,0.00010196831892126527,0.056355993095753266,0.0023639596233871194,0.05645515889224529
485.7142857142857,0.7000000000000001,0.0002821942125487275,-1.7859815000785583e-10,0.0014086981309234946,-4.84267129037315e-07,0.00012783452947274444,0.04206931771880677,0.0020432040187302663,0.04216862815313235
485.7142857142857,0.8,0.00024362373604224605,-2.1549217589648467e-10,0.0009147809183879824,-3.5349876499668816e-07,0.00017879082110073053,0.03241671436582081,0.001771157416994082,0.03251383295805755
485.7142857142857,0.9,0.0002142010687196444,1.0259580742177651e-10,0.0006320471678280587,-2.7278744287490243e-07,9.686806218470742e-05,0.025943579147741886,0.0015842952759779368,0.026040327675733867
485.7142857142857,1.0,0.0001910988730753233,1.331629833380904e-10,0.0004502313390126842,-2.200557002087371e-07,0.00014102381124004237,0.02101909863026718,0.0014543926161622416,0.021119964742113816
485.7142857142857,1.1,0.00017249899082112907,5.98705493647589e-11,0.00033243752183935974,-1.7690181383049486e-07,7.029642083958094e-05,0.01739610058863752,0.0013114123131966334,0.017494823856992244
485.7142857142857,1.2000000000000002,0.00015722348378532843,9.318592288424501e-11,0.0002508757037938708,-1.4410937255334676e-07,0.00012012011527686169,0.0145436041451404,0.0011844322868583344,0.014640239412555522
485.7142857142857,1.3000000000000003,0.0001444567337874665,1.55529464806396e-10,0.00019716950418410554,-1.2388829878117243e-07,0.00021834511341209829,0.012540715892882713,0.001117876326092095,0.012641856060540569
485.7142857142857,1.4000000000000001,0.00013366167883144562,1.1736119383087127e-10,0.00015336684077713652,-1.0555056515678207e-07,0.00017819862318074024,0.010616801083345768,0.0010372642318283495,0.010719144283285692
485.7142857142857,1.5000000000000002,0.00012440029228319611,2.1553689245671904e-10,0.00012493218820422476,-8.991237520721135e-08,0.00035184756855878655,0.009346896529840151,0.0009556466377078074,0.009450650371448679
485.7142857142857,1.6,0.00011638822761698885,2.0786641058949425e-10,0.00010134149196778921,-7.946860794882855e-08,0.00036293061578162656,0.008146403043578568,0.0009080851688725652,0.008254988705513194
485.7142857142857,1.7000000000000002,0.0001093895778704595,2.726402973388481e-10,8.363631983876418e-05,-6.995877230540296e-08,0.0005068139393265575,0.007185977615708278,0.0008550263685260765,0.0073046064126895925
485.7142857142857,1.8000000000000003,0.00010322729132231778,2.9786234920289895e-10,6.970839980437604e-05,-6.206840745596132e-08,0.0005871277366664623,0.006372490063626135,0.0008076573447970474,0.006500612999047562
485.7142857142857,1.9000000000000001,9.776208877221983e-05,3.51529270011725e-10,5.962266841623186e-05,-5.652269203859842e-08,0.0007321310624510184,0.00577586291885404,0.0007798981051149367,0.005925629963026927
485.7142857142857,2.0,9.28931129062842e-05,2.9004355766824765e-10,4.9743819218341744e-05,-4.9773662068428236e-08,0.0006362159982507656,0.005088252495734011,0.000725646284410815,0.0052295515407090164
485.7142857142857,2.1,8.852157523253198e-05,3.140279243848684e-10,4.250918355135421e-05,-4.625501528410489e-08,0.0007233146920458577,0.004576139416733712,0.000710228721222585,0.004740578633248507
485.7142857142857,2.2,8.45751293942933e-05,4.3004918177163284e-10,nan,-4.334486776445552e-08,0.001036978971430795,nan,0.0006988673322017605,nan
485.7142857142857,2.3000000000000003,nan,nan,nan,-3.9245698420437975e-08,nan,nan,0.0006624329493993569,nan
485.7142857142857,2.4000000000000004,7.776010712563261e-05,3.750320761920037e-10,nan,-3.6745131963823565e-08,0.0009821660476629062,nan,0.0006471034037461798,nan
485.7142857142857,2.5000000000000004,7.479264265912082e-05,4.3355353064878947e-10,2.5137094473792013e-05,-3.490639845380486e-08,0.0011794693749814312,0.0032326465848586646,0.0006399110131843111,0.003558106822273134
485.7142857142857,2.6,7.207654913734696e-05,4.480418595636767e-10,2.219300661211883e-05,-3.2326182697284986e-08,0.0012638071508413358,0.0029672713549201537,0.0006155968724579947,0.003340632698607781
485.7142857142857,2.7,6.958238568169428e-05,4.0157795603561815e-10,1.9006134530978274e-05,-2.9706894906499804e-08,0.0011725250904358264,0.002636937361521116,0.0005865668527954477,0.003002727940037892
485.7142857142857,2.8000000000000003,6.727828357135138e-05,4.647878515043932e-10,1.729821627403493e-05,-2.845738074856229e-08,0.0014023695969419471,0.002486005057826832,0.0005816279181661727,0.0029704282021870755
485.7142857142857,2.9000000000000004,6.514716362374883e-05,4.866991323988809e-10,1.5770909019790067e-05,-2.79363010652864e-08,0.0015152609060684284,0.0023441307034928107,0.0005900307720332706,0.0029132862874096956
485.7142857142857,3.0000000000000004,6.317375276634419e-05,5.163844838076e-10,1.468094264261754e-05,-2.589104382110275e-08,0.0016564851095759493,0.002253504500580549,0.0005642537398461622,0.0029084342898275
485.7142857142857,3.1,6.134715133536571e-05,4.743496674549318e-10,1.1736592481671887e-05,-2.3897246443702742e-08,0.001565849063704742,0.0018578273361535295,0.0005366118443641446,0.0025454489278490967
485.7142857142857,3.2,5.963791582920396e-05,5.32091395650276e-10,1.203150417270187e-05,-2.347151397695884e-08,0.0018052180293501164,0.001961216439689171,0.0005423634819272218,0.0027737156216624346
485.7142857142857,3.3000000000000003,5.804899536476923e-05,5.293542181479547e-10,9.859817996450333e-06,-2.3623413485944028e-08,0.0018436071652776602,0.0016532801086959015,0.0005610274588494509,0.002600331924358659
485.7142857142857,3.4000000000000004,5.6558673080299e-05,5.721277511572142e-10,9.867461772168914e-06,-2.2992773103809205e-08,0.0020432088308343847,0.0016998505676392155,0.0005605461872858215,0.0027735569824440813
485.7142857142857,3.5000000000000004,5.516702541355046e-05,5.887690544025628e-10,8.660692691980584e-06,-2.214195074513533e-08,0.0021538263857818875,0.0015312757920760613,0.0005535204408805237,0.0027561827603469215
485.7142857142857,3.6,5.386198467372172e-05,6.043016641031872e-10,7.932212471040697e-06,-2.1401106901403057e-08,0.0022622291996931177,0.0014378539374885963,0.0005480245245424385,0.002790298667973655
485.7142857142857,3.7,5.2636266058603394e-05,6.229547089770878e-10,7.459076743923332e-06,-2.05569233270328e-08,0.0023842823847458608,0.001384849962196525,0.0005386900695151447,0.0028605918775654786
485.7142857142857,3.8000000000000003,5.14851382109243e-05,6.260287189993187e-10,6.592115654077521e-06,-1.9577997390205372e-08,0.0024475400509781976,0.0012523904425017704,0.0005245266075265964,0.0028476640331364335
485.7142857142857,3.9000000000000004,5.039993151978598e-05,6.567878431671859e-10,5.982341927209173e-06,-1.9139322647747274e-08,0.002620772133921245,0.001161955106870009,0.0005237935595460212,0.002960963632732289
485.7142857142857,4.0,4.937454824791975e-05,6.91598199130305e-10,6.2867929457850825e-06,-1.944657704582641e-08,0.002814376932825317,0.001247381247594953,0.0005431819944057164,0.0031728174947456282
485.7142857142857,4.1,4.8412032905511374e-05,6.705161630513659e-10,4.5599501511554344e-06,-1.8991433034652356e-08,0.002780529431329827,0.0009235426576986566,0.0005409837067948517,0.0030281350202914442
485.7142857142857,4.2,4.749511706461455e-05,7.252535014186511e-10,5.314734022948214e-06,-1.8725938024402045e-08,0.003062582597742704,0.0010978126106212674,0.0005435754911322494,0.003342985690240816
485.7142857142857,4.3,4.663134856394721e-05,7.362644261445134e-10,4.627388756836558e-06,-1.868977770752697e-08,0.0031637809733454877,0.000974287262107649,0.0005524591262993078,0.00340134795174956
485.7142857142857,4.3999999999999995,4.5813853950848236e-05,7.57145147727433e-10,4.332304108080282e-06,-1.852465206480664e-08,0.0033084706383285354,0.0009290540036900802,0.0005572122971249446,0.0035256333324083927
485.7142857142857,4.5,4.5039682378830064e-05,7.800337870925142e-10,4.0430438909944775e-06,-1.7407803582073414e-08,0.0034637581149501357,0.0008824937311172491,0.0005324638880848956,0.003652868879192508
485.7142857142857,4.6,4.4305941245721836e-05,7.696131547684826e-10,3.5385676046114834e-06,-1.705647297007724e-08,0.0034712343467820242,0.0007856555414508678,0.0005301776454827849,0.003637155370840105
485.7142857142857,4.7,4.3607585788659724e-05,8.069091554118469e-10,3.181967491512789e-06,-1.827592960530217e-08,0.003694069924175414,0.0007181807680973349,0.000577017478463784,0.0038506927378418074
485.7142857142857,4.8,4.294105000651274e-05,8.714717301465202e-10,3.7622979609549354e-06,-1.8270915417868075e-08,0.004047135729487629,0.0008627622678284869,0.0005855160655414209,0.004220109532902923
485.7142857142857,4.9,4.2312137203975304e-05,8.719004259493765e-10,3.115770401105092e-06,-1.7940736558771714e-08,0.004105490610525087,0.0007255925042896094,0.0005832204924155788,0.0042499211664380155
485.7142857142857,5.0,4.171438210544892e-05,nan,nan,nan,nan,nan,nan,nan
500.0,0.1,0.002581402653564352,nan,nan,nan,nan,nan,nan,nan
500.0,0.2,0.0011818490636747916,-1.3843182063041021e-09,0.09605033147814616,-8.142590815374862e-06,0.00023584417543654263,0.3720858167768663,0.004450178777779353,0.37213911222994445
500.0,0.30000000000000004,0.0007427987885666932,-9.085373238867055e-10,0.02312336345579443,-3.3428965362665044e-06,0.0002464166146022626,0.19565411664240462,0.0039866691885043284,0.1957354876937362
500.0,0.4,0.0005349821480165392,-6.317430480198954e-10,0.00883751792078287,-1.7135651569062348e-06,0.0002380739081446491,0.1189759334130818,0.003253313206123373,0.11906509775889022
500.0,0.5,0.00041554068667421385,-4.1627418960292534e-10,0.004249162413645841,-1.0226502235490918e-06,0.00020210540640484226,0.07942624682710865,0.0026977176132591944,0.07951807902784035
500.0,0.6,0.0003385908494683469,-3.5442333828630257e-10,0.0023482281050777065,-6.746519379076268e-07,0.00021133576864134873,0.05651018493211305,0.0022928532503033207,0.05660353359926902
500.0,0.7000000000000001,0.000285123293313257,-1.0061939975478011e-10,0.0014318831391624577,-4.7213512349747524e-07,7.129271338097913e-05,0.04228948128429316,0.0019706751760918476,0.04238127453539938
500.0,0.8,0.0002459745685497917,3.1589848085617556e-11,0.00093230024873906,-3.43847203851062e-07,2.5960857720838045e-05,0.03269814394696851,0.0017054027501180974,0.03278698047431369
500.0,0.9,0.00021614884627371697,-1.1156964510674642e-10,0.0006382765948363173,-2.644978149422467e-07,0.00010441102799238261,0.025948885634781118,0.0015215689185349845,0.026038162594496175
500.0,1.0,0.00019270588994600542,-8.495572903446285e-11,0.00045507444646729334,-2.1213280657517324e-07,8.92346849781491e-05,0.021053753203522377,0.0013896524515213918,0.021145466527269403
500.0,1.1,0.0001738136780829668,1.5299663469005914e-10,0.00033995213903979094,-1.7246412779152234e-07,0.0001782591701081467,0.017640983321010207,0.0012680542680159163,0.017732794255761124
500.0,1.2000000000000002,0.00015832098761032608,7.927654051061333e-11,0.0002541143961001297,-1.3913406067844842e-07,0.00010147658464689068,0.014619930888225774,0.0011347534256810538,0.014708093260104093
500.0,1.3000000000000003,0.00014536944109868667,1.966464517455754e-10,0.00019897883658321266,-1.1786600959133833e-07,0.00027427080028233564,0.01256806438530799,0.0010561066383036474,0.012659470341529803
500.0,1.4000000000000001,0.00013440768295287938,2.2372536687934243e-10,0.00015716249509421947,-1.0174809565927431e-07,0.00033771049728919183,0.010811247116753162,0.0009933854368165843,0.010907370987164662
500.0,1.5000000000000002,0.00012501754975801428,2.431081700254696e-10,0.0001259157900881263,-8.654902573348301e-08,0.00039474989659079907,0.009368198850081349,0.0009145123080870407,0.009465286192123792
500.0,1.6,0.00011688657446403044,2.2739393538504682e-10,0.00010300098877121854,-7.690319922398908e-08,0.000395183519471572,0.008238922372945936,0.0008741076433833391,0.008340511988237495
500.0,1.7000000000000002,0.00010978560905775878,2.578362094389118e-10,8.502955703275652e-05,-6.69627658459346e-08,0.0004773437462801855,0.007274535798713369,0.0008146130636692945,0.00738064475678626
500.0,1.8000000000000003,0.00010353493922181469,2.2128617763675666e-10,7.045621618021878e-05,-5.9254922474130284e-08,0.0004347042406236852,0.006417618555374722,0.0007679090814523998,0.006523355303358869
500.0,1.9000000000000001,9.798883154767279e-05,2.57724816257304e-10,5.9574569055477215e-05,-5.271964945483787e-08,0.0005352384258468776,0.005754054573581566,0.000724953487780967,0.005869134461498522
500.0,2.0,9.303846956408565e-05,3.3559016151670355e-10,5.141732965126537e-05,-5.011295086275136e-08,0.0007344352662103847,0.005247264289119541,0.0007285159468415212,0.005397652142341846
500.0,2.1,8.860228087701117e-05,2.8572607564311297e-10,4.365229638058666e-05,-4.448255477626153e-08,0.0006570947838904589,0.0046918545183633545,0.0006814469699534656,0.0048346677571701035
500.0,2.2,8.460261515374256e-05,2.4521343163293254e-10,3.667166902868997e-05,nan,0.0005909715646912133,0.004138908012943135,nan,nan
500.0,2.3000000000000003,8.096966612076085e-05,nan,3.3313124002192714e-05,-3.719878056363944e-08,nan,0.003937599794244546,0.0006275510678813358,nan
500.0,2.4000000000000004,7.766984832780106e-05,3.5754423720292087e-10,2.8668568854160795e-05,nan,0.0009383759149942371,0.003540655436494396,nan,nan
500.0,2.5000000000000004,7.465671622338289e-05,3.349670495526642e-10,2.5042363143489636e-05,-3.2425934704865416e-08,0.0009140019649960856,0.003224206520630735,0.0005957137351836766,0.0034555255733777217
500.0,2.6,7.18940077503996e-05,3.539874388015523e-10,2.1953663281173375e-05,-3.028730679199566e-08,0.0010023001283209804,0.002940614641485848,0.0005785004994223981,0.003212653992047249
500.0,2.7,6.935083591022806e-05,4.240311495139366e-10,2.0491004644534676e-05,-2.8173180195006514e-08,0.0012436620049853296,0.0028501686421036647,0.0005583979915837321,0.0032083910461607806
500.0,2.8000000000000003,6.701257411650186e-05,3.8018545878264796e-10,1.6868056169098898e-05,-2.658895586357694e-08,0.00115325280344035,0.0024322787097957894,0.0005458884786734991,0.0028003500161704487
500.0,2.9000000000000004,6.484299288446665e-05,3.912258699302639e-10,1.600786184994721e-05,-2.4820072718281206e-08,0.0012255639360234036,0.002388784800613304,0.000527023652480638,0.002786361004154053
500.0,3.0000000000000004,6.283349027093091e-05,4.1584322019558666e-10,1.4375837828684747e-05,-2.475910040148443e-08,0.0013433737840319343,0.0022170225631470706,0.0005429268361546619,0.0027035867413421947
500.0,3.1,6.096774603568202e-05,4.3526975062352586e-10,1.2897643248194395e-05,-2.3261036430881902e-08,0.001447998145278677,0.002052670191100513,0.0005260104171272266,0.002619833479444032
500.0,3.2,5.9230978232915076e-05,4.1795018871189414e-10,1.1393087568618917e-05,-2.1024828302961324e-08,0.0014302303441363707,0.001868707359125757,0.000489598430415064,0.0024529654048659126
500.0,3.3000000000000003,5.7608141305834324e-05,4.487723988024667e-10,1.030209805525094e-05,-2.0792213648828578e-08,0.001577739688029519,0.0017393091187418532,0.0004980583567094427,0.0024516490342417012
500.0,3.4000000000000004,5.608832535930608e-05,4.5718742864418876e-10,9.803104279158563e-06,-1.988940105245193e-08,0.001649677260527195,0.00170168730615958,0.0004894732440481793,0.002469077330729691
500.0,3.5000000000000004,5.4666540455569425e-05,4.762519799858625e-10,8.690173682279033e-06,-1.9398056633933607e-08,0.0017618184214422822,0.0015493729981433963,0.0004899603892351695,0.0024463612168991295
500.0,3.6,5.333165728865556e-05,5.01842550811864e-10,8.13492912618159e-06,-1.8782188803947683e-08,0.0019014681268220927,0.00148810022701058,0.00048637203275352336,0.002510605271929231
500.0,3.7,5.207812341300351e-05,5.15396032140088e-10,7.370426827598497e-06,-1.8154983373903008e-08,0.0019982964518218617,0.0013819984606340556,0.0004815212564345163,0.002523258586700002
500.0,3.8000000000000003,5.0898293805627444e-05,5.473698146033666e-10,7.083990116577198e-06,-1.7800293786964942e-08,0.0021697159473790775,0.001360262170047468,0.00048310780813980733,0.002650427658349617
500.0,3.9000000000000004,4.978930409941715e-05,5.313385988407219e-10,5.9396433701147495e-06,-1.7119969135979593e-08,0.002151519763482901,0.0011669631584896169,0.0004750322057112732,0.002538139377350152
500.0,4.0,4.8739710826908004e-05,5.383422328018753e-10,5.712713100909893e-06,-1.722925207555662e-08,0.0022251497116417634,0.0011473775752123374,0.0004883581486838432,0.002597066403096268
500.0,4.1,4.774724468540796e-05,5.796953781240961e-10,5.467407697224904e-06,-1.605648447667171e-08,0.002443714343496012,0.001121756285473586,0.0004645679966831955,0.002767981900896774
500.0,4.2,4.680945262088016e-05,5.868654901369876e-10,4.810611385978847e-06,-1.5080598493286285e-08,0.002521700645814952,0.0010075160185000203,0.0004450073843276578,0.0027874945414924075
500.0,4.3,4.591976667021215e-05,6.1601662190219e-10,4.7963672314399715e-06,-1.600015415331435e-08,0.0026959906116980773,0.001024657833597582,0.0004812571162855991,0.002963360571761075
500.0,4.3999999999999995,4.507804439185854e-05,6.30283303346159e-10,4.331705558327768e-06,-1.6240912905066356e-08,0.002807649531489963,0.0009433204635897503,0.0004975473552577622,0.0030443153795477527
500.0,4.5,4.427963916908821e-05,6.361919574269172e-10,4.043340436763104e-06,-1.6147488053564718e-08,0.0028826822591772566,0.0008969644737945564,0.00050351232405092,0.0031018464816246396
500.0,4.6,4.352166735068551e-05,6.53104131103353e-10,3.7856651242936317e-06,-1.5323669615714055e-08,0.003008322442103657,0.00085494489009667,0.0004860370996791617,0.003202092878930276
500.0,4.7,4.280155218352574e-05,6.578350830297537e-10,3.351588556242955e-06,-1.4223783506547594e-08,0.003078639996532133,0.0007700965427718535,0.0004586222558944388,0.003239095809117097
500.0,4.8,4.211495290192841e-05,6.647056464904435e-10,3.217912533037489e-06,-1.4334146093364554e-08,0.0031590800306211383,0.0007518214571377295,0.0004695823259097858,0.0033145191604357395
500.0,4.9,4.146053274566145e-05,7.030733535783229e-10,3.1186163585185103e-06,-1.5364995495582957e-08,0.003391092186656228,0.0007405009726072166,0.0005111657391188481,0.003545480042889959
500.0,5.0,4.083729875297967e-05,nan,nan,nan,nan,nan,nan,nan
514.2857142857143,0.1,0.0026138888287982848,nan,nan,nan,nan,nan,nan,nan
514.2857142857143,0.2,0.001197883810914434,-1.8470779974800513e-09,0.09705695785385113,-7.802811398672824e-06,0.00031062362616023716,0.3713124934179865,0.004214104772963002,0.37136044702336624
514.2857142857143,0.30000000000000004,0.0007524483715690948,-7.59160506746038e-10,0.02345296234551628,-3.2686833324908635e-06,0.00020333635299713796,0.1957866208043407,0.0038478677653306015,0.19586233533871203
514.2857142857143,0.4,0.0005415425556789185,-5.216834500457836e-10,0.008970786037163954,-1.6830583467569664e-06,0.0001942822823356502,0.11922128316201956,0.003155575930898728,0.11930493461426905
514.2857142857143,0.5,0.0004203446001603817,-3.9723295685030084e-10,0.004311105263687714,-9.983164932902168e-07,0.0001907178524218431,0.07960787602892978,0.0026025100998490016,0.07969313908220907
514.2857142857143,0.6,0.000342257697278722,-1.1765871253087437e-10,0.0023861045109345638,-6.523851447369107e-07,6.941874860231514e-05,0.056765437453559546,0.0021925432954979633,0.05685010290634401
514.2857142857143,0.7000000000000001,0.000288031839506408,-8.941753791839229e-11,0.0014525866231015992,-4.5622463368958177e-07,6.272632705241711e-05,0.0424413135088286,0.0018842106742226088,0.042524928297135216
514.2857142857143,0.8,0.00024833184796510993,-5.8178184281644147e-11,0.0009441998088649765,-3.39791884179926e-07,4.736408521393444e-05,0.032781091509988106,0.0016685460310253216,0.03286594431410854
514.2857142857143,0.9,0.00021807385451246166,3.5081658225380994e-11,0.0006479707852989564,-2.6380768579296874e-07,3.254239139835375e-05,0.026092939371594213,0.0015033997545626282,0.026179437841576492
514.2857142857143,1.0,0.00019429556891280294,7.769100901808646e-11,0.0004642305834658257,-2.0172774600373933e-07,8.093526634045689e-05,0.021287768976417928,0.0013098845718553722,0.021368370403328577
514.2857142857143,1.1,0.0001751595891478025,6.185707442872542e-11,0.0003411060938340187,-1.648570120630687e-07,7.151612790208394e-05,0.017556040816715808,0.0012021883154352056,0.017638316166978054
514.2857142857143,1.2000000000000002,0.00015943467032114223,1.264579798697126e-10,0.00026125288443525405,-1.3982986811496948e-07,0.00016072169312909043,0.014915134575635747,0.0011316512423999265,0.015001611244823599
514.2857142857143,1.3000000000000003,0.0001463222803388345,-1.2753508493799497e-12,0.00019894549559249948,-1.1353614419126908e-07,1.7672784396345255e-06,0.012478182768639491,0.0010100908571526082,0.012559682138105693
514.2857142857143,1.4000000000000001,0.00013519934531245177,1.0324538470292271e-10,0.0001608010859013506,-9.681514880844078e-08,0.00015491629095969617,0.010989514756671911,0.000939110423156464,0.011070559625334061
514.2857142857143,1.5000000000000002,0.00012568442114508255,9.038544269406469e-11,0.00012618312589474857,-8.308358183315018e-08,0.00014596855960978,0.009333116636262824,0.0008726491999609521,0.009415487572020126
514.2857142857143,1.6,0.00011743132823666081,1.9660924540660402e-10,0.00010560245513983605,-7.431562589802456e-08,0.0003399900491627348,0.00840219131199522,0.0008401155298741903,0.008492585017765156
514.2857142857143,1.7000000000000002,0.00011023425987963744,1.4810945640762927e-10,8.505560431131989e-05,-6.689910084472518e-08,0.00027301565524188217,0.007243007942472241,0.0008098052549193,0.007338069957728186
514.2857142857143,1.8000000000000003,0.00010388774756572726,2.0449962318875782e-10,7.269359725856565e-05,-5.8267967499694715e-08,0.00040020809637514695,0.006594465036363317,0.0007518525419424667,0.006691614164450395
514.2857142857143,1.9000000000000001,9.826817122440274e-05,1.7585558887343302e-10,6.0371912687352203e-05,-5.0469440232479946e-08,0.000364046033738156,0.005811263994260379,0.0006913848935233303,0.005904180287529516
514.2857142857143,2.0,9.325231400995174e-05,1.5320149753483268e-10,5.048411699984226e-05,-4.564984442531238e-08,0.00033440078219920325,0.005137382366113032,0.0006615116094508518,0.005232563107852698
514.2857142857143,2.1,8.874129796549917e-05,2.728213097359157e-10,4.49862549621336e-05,-4.251611882432003e-08,0.0006260437030640398,0.004824143555014918,0.0006496148232092865,0.004950584873992625
514.2857142857143,2.2,8.468014447066793e-05,2.9863843407296573e-10,3.783206461098313e-05,-3.8866430242995293e-08,0.0007185523521399325,0.0042631858535235176,0.00062430822417906,0.004412549446975535
514.2857142857143,2.3000000000000003,8.099731162194652e-05,2.76002818494812e-10,3.380789684184699e-05,-3.548935809826598e-08,0.0006946992311594136,0.003992423141596977,0.0005977352939056183,0.004139640627698669
514.2857142857143,2.4000000000000004,7.765255774164358e-05,2.341714575334342e-10,2.8134654866199264e-05,-3.279954313670603e-08,0.0006151932617825921,0.00347352946694296,0.0005778952644976201,0.00362102134494141
514.2857142857143,2.5000000000000004,7.458915041000264e-05,2.906864934130698e-10,2.579656195398613e-05,-3.0058614676685934e-08,0.000794620727603768,0.003322049228540985,0.0005527701873522921,0.003504075190066313
514.2857142857143,2.6,7.178370869790155e-05,3.040132167238283e-10,2.2755612224993146e-05,-2.7526443751946868e-08,0.0008629858810001156,0.0030507938620978783,0.0005267240921305546,0.0032568334864222256
514.2857142857143,2.7,6.92058231080504e-05,2.789265585731636e-10,1.9651601259240613e-05,-2.622170969470668e-08,0.000820808959499731,0.002737612978725226,0.0005210390469286944,0.0029514768415368872
514.2857142857143,2.8000000000000003,6.682445353079165e-05,3.324563707511281e-10,1.7558020592303775e-05,-2.472455124649211e-08,0.0010124702688012984,0.002537072720729093,0.0005093058653353521,0.002824998931752768
514.2857142857143,2.9000000000000004,6.461866415945594e-05,3.639351674352116e-10,1.652189507026164e-05,-2.3118913260319978e-08,0.0011454203429872114,0.002472432499975269,0.0004928480867769162,0.0028125982120349564
514.2857142857143,3.0000000000000004,6.257809373882285e-05,3.4443107416110387e-10,1.396479791602984e-05,-2.2613173041873925e-08,0.0011187036665980864,0.002161109038337542,0.0004981962040913351,0.0025334342471803463
514.2857142857143,3.1,6.067717129735006e-05,3.79977252811077e-10,1.3308773762889602e-05,-2.1654500528402893e-08,0.0012719246350246353,0.00212674643277492,0.0004923329998297569,0.002574029182419293
514.2857142857143,3.2,5.890933659350617e-05,3.8730711091417543e-10,1.173715610743809e-05,-2.0547658299677656e-08,0.0013344751326355901,0.0019343611207450415,0.000481464372223773,0.002446669717905229
514.2857142857143,3.3000000000000003,5.725887345073666e-05,3.798353647240457e-10,1.0287088721217862e-05,-1.8903543981838864e-08,0.00134559837576991,0.0017462577778123976,0.00045592802342392277,0.002296909214690777
514.2857142857143,3.4000000000000004,5.5711281195179326e-05,4.0095262165759285e-10,9.956083959616612e-06,-1.7889629850993003e-08,0.001458896572864606,0.0017387844642424632,0.00044362851315008254,0.002354859473252395
514.2857142857143,3.5000000000000004,5.426324977921816e-05,4.083493771815e-10,8.852838743686213e-06,-1.7361994934959406e-08,0.0015244536583725007,0.0015890567500451323,0.00044221056250469073,0.0022891397236889516
514.2857142857143,3.6,5.290374675069386e-05,4.133072270611954e-10,8.09199089361274e-06,-1.6763598210327815e-08,0.001581582459165399,0.0014912470090782928,0.0004380741353623671,0.002260318254886156
514.2857142857143,3.7,5.162516363110568e-05,4.257258616486308e-10,7.657701424233959e-06,-1.6090006246428598e-08,0.001668317197585306,0.0014474780888999181,0.00043099585457797326,0.002291285652844499
514.2857142857143,3.8000000000000003,5.0423157525759846e-05,4.2559932283897633e-10,6.596170737731503e-06,-1.61130769736132e-08,0.0017064816552143903,0.0012777045676533444,0.0004420028964624405,0.0022215629009208447
514.2857142857143,3.9000000000000004,4.9287113127791325e-05,4.570253657218457e-10,6.367043786975389e-06,-1.5918400253445446e-08,0.0018733036038049067,0.001262722149782595,0.0004467845597630246,0.0023458402557005684
514.2857142857143,4.0,4.821473916769256e-05,4.682708333514238e-10,5.839643691974853e-06,-1.4851245188057286e-08,0.001960731292262995,0.0011848216138839094,0.0004261169128213605,0.002368843748323346
514.2857142857143,4.1,4.720076164451354e-05,4.752527792884528e-10,5.677252318614183e-06,-1.4533561232346599e-08,0.0020313290067129996,0.001177493110326388,0.00042598181194914645,0.002423986090430943
514.2857142857143,4.2,4.624355664452066e-05,4.623894268574148e-10,4.755080988852564e-06,-1.4039353369324963e-08,0.002015943017297347,0.001007416156685107,0.00042004976896949694,0.0023306216292145704
514.2857142857143,4.3,4.533390245441631e-05,4.68086398981276e-10,4.661581413773315e-06,-1.3342321754251547e-08,0.0020803205994676622,0.0010080499321467437,0.0004071925344503714,0.0023823328865829776
514.2857142857143,4.3999999999999995,4.4470864078449694e-05,4.933909208220018e-10,4.160535021570951e-06,-1.3403779520913746e-08,0.0022337265517165398,0.0009177535566796641,0.0004169937664528585,0.0024858747959546792
514.2857142857143,4.5,4.3649431052698786e-05,5.273507982128219e-10,4.2681986069333146e-06,-1.3613976515548692e-08,0.002430521429255444,0.0009597741567161629,0.0004314414731546746,0.002683446354873877
514.2857142857143,4.6,4.287068001301721e-05,5.415084161292567e-10,3.784166281730168e-06,-1.347912472701164e-08,0.00253923915112345,0.0008669451560918338,0.0004348701305723849,0.0027527356268260343
514.2857142857143,4.7,4.212977063615294e-05,5.573549294936531e-10,3.564875162489225e-06,-1.332576056631789e-08,0.0026575182014561857,0.0008315415480712671,0.00043740973101127526,0.002852458392826509
514.2857142857143,4.8,4.1424510010913556e-05,5.550515430685979e-10,3.3163259546545225e-06,-1.274854843829982e-08,0.002689681866196589,0.0007871692403206856,0.0004255035419421979,0.0028663793333514884
514.2857142857143,4.9,4.075241264522072e-05,5.565133932868964e-10,2.9726856061378457e-06,-1.2232304634837416e-08,0.0027393319471315665,0.0007176151523227849,0.00041492913330814704,0.002891927280336519
514.2857142857143,5.0,4.011004213558926e-05,nan,nan,nan,nan,nan,nan,nan
528.5714285714286,0.1,0.0026451343825601944,nan,nan,nan,nan,nan,nan,nan
528.5714285714286,0.2,0.001213541603460713,-1.1673166402007226e-09,0.0979994199494602,-7.449140003010335e-06,0.00019384492523831157,0.37048938078755655,0.003977732448356168,0.3705321356685052
528.5714285714286,0.30000000000000004,0.0007619430238558339,-7.075951594538686e-10,0.023765205308012953,-3.1942740941515705e-06,0.000187227324817863,0.19583346166493687,0.0037130942980947374,0.19590394049195783
528.5714285714286,0.4,0.0005479964973310843,-4.0925251413477574e-10,0.009101747488983717,-1.6501721595037754e-06,0.00015066000248350732,0.11945443693314589,0.003056410439634519,0.11953270887502838
528.5714285714286,0.5,0.0004250674456961719,-1.4870946625999663e-10,0.004376213904568851,-9.772269661230348e-07,7.061819326053257e-05,0.07985842840022506,0.002518257272481723,0.07993783092418699
528.5714285714286,0.6,0.00034590053310694797,-2.227704909683244e-10,0.002418851670470871,-6.385174984757956e-07,0.00013008193977482016,0.05690512635022653,0.0021225055317011547,0.056984387210099095
528.5714285714286,0.7000000000000001,0.00029092213722243273,-6.82307898806825e-11,0.0014733512943677666,-4.5142323269474137e-07,4.7395240304089123e-05,0.042594652316197086,0.0018451908356071796,0.04267453702954649
528.5714285714286,0.8,0.00025067725428159517,-1.478117913620237e-10,0.0009573650932535544,-3.363096891164515e-07,0.00011923544101699245,0.032907949267593,0.0016352785878778703,0.03298932576165831
528.5714285714286,0.9,0.00022000602227329315,-9.522852424730078e-11,0.0006566312922572216,-2.518232058060925e-07,8.757435867625837e-05,0.026194290907606766,0.00142196880966979,0.026271515677858702
528.5714285714286,1.0,0.00019590110318756335,5.188445497078082e-11,0.00047219400035452,-1.992563987774517e-07,5.360881421534399e-05,0.021462776131098683,0.001282685627137556,0.021539363918062934
528.5714285714286,1.1,0.00017651812410537874,-5.2806218114591305e-11,0.0003439015759758046,-1.6045386321806812e-07,6.0589355691426717e-05,0.01755485652607785,0.0011605053852382274,0.017631511682766596
528.5714285714286,1.2000000000000002,0.0001605741607829522,1.2640565177917028e-10,0.00026446618427731556,-1.3496414139152306e-07,0.00015949771104188364,0.01498238130603706,0.0010839960637646215,0.015061450263896593
528.5714285714286,1.3000000000000003,0.0001472748593032988,1.465665554200133e-10,0.00020365203350528415,-1.1278525766899027e-07,0.00020175419269836134,0.012682740019458067,0.0009961811935616416,0.012762341207484085
528.5714285714286,1.4000000000000001,0.00013601207815869823,1.7064306956976686e-10,0.0001620441526766213,-9.433557841399573e-08,0.00025445863532686674,0.011002838735897656,0.0009089944761119002,0.011080602481835825
528.5714285714286,1.5000000000000002,0.0001263697385408639,1.2433373292103036e-10,0.00012888074220589052,-8.221408311725839e-08,0.00019967064303180333,0.009475683626825635,0.0008581689495616961,0.009555174328779345
528.5714285714286,1.6,0.00011801620634508845,1.0162517291098941e-10,0.00010504629718780908,-7.068165165911191e-08,0.00017483992790857353,0.008312614902961165,0.0007945659921915182,0.008390042059323524
528.5714285714286,1.7000000000000002,0.00011071313712119112,1.6836099789695353e-10,8.722226293233434e-05,-6.315090852952764e-08,0.00030891402971668845,0.007390702144524944,0.0007605310756060422,0.007474939538268278
528.5714285714286,1.8000000000000003,0.00010428229052661713,1.986841799543666e-10,7.319558647780123e-05,-5.419625237092215e-08,0.0003872116675574627,0.006611282850532757,0.0006960868637749388,0.006695376587547651
528.5714285714286,1.9000000000000001,9.858339979682115e-05,2.5462288903678157e-10,6.129150005344606e-05,-5.065709571455103e-08,0.0005251495088352369,0.00587746008875802,0.0006910722814885472,0.005981260811740021
528.5714285714286,2.0,9.349742406755964e-05,2.447279521103016e-10,5.2454453400249416e-05,-4.4968065176516015e-08,0.0005324998418342979,0.0053208200882052395,0.0006492138315230141,0.0054256464767512775
528.5714285714286,2.1,8.893599287230061e-05,1.7674698714059716e-10,4.4405872975026806e-05,-3.8558088915729564e-08,0.0004045320730664484,0.00474942207423168,0.000587285728924962,0.004838436244504669
528.5714285714286,2.2,8.481862040679186e-05,2.1011585301270156e-10,3.800362876643539e-05,-3.675843616088068e-08,0.0005044799749054196,0.004273143812652228,0.0005889195983696853,0.004382683045279046
528.5714285714286,2.3000000000000003,8.108128422894746e-05,2.3258931268091004e-10,3.391091977572119e-05,-3.579313824267702e-08,0.0005844799226863031,0.003998051325650396,0.0006015655104782727,0.004129139536193012
528.5714285714286,2.4000000000000004,7.768305724886027e-05,2.6607698550872397e-10,2.960781020152372e-05,-3.1862944164393426e-08,0.000698250239670475,0.00365162077575397,0.000560484729456094,0.0038013384420523314
528.5714285714286,2.5000000000000004,7.458090837078832e-05,2.441304089874052e-10,2.5669366630423907e-05,-2.7806831828075385e-08,0.000667661092585607,0.0033043713184705433,0.0005108028740597539,0.003447677522213871
528.5714285714286,2.6,7.17354531590206e-05,2.592851460794254e-10,2.2773614608375712e-05,-2.6123049658568508e-08,0.0007371496526777171,0.0030535448154042103,0.0005000991381751799,0.003219895005451564
528.5714285714286,2.7,6.911773409333665e-05,2.951853784419055e-10,2.0416615635755305e-05,-2.4937287306853593e-08,0.0008704746401712557,0.0028460983707033227,0.0004962782893061833,0.003057872841662114
528.5714285714286,2.8000000000000003,6.670418118401025e-05,2.66805818912012e-10,1.7797964291143736e-05,-2.2659386882904278e-08,0.000814823979066444,0.002575021378320845,0.0004677431932183423,0.002780690670548459
528.5714285714286,2.9000000000000004,6.446860791759528e-05,2.6800137176031687e-10,1.5995461148572164e-05,-2.12475564444074e-08,0.0008464142398106472,0.0023979697920955005,0.00045422970873158953,0.002622846820869557
528.5714285714286,3.0000000000000004,6.239298926266604e-05,3.0722910634758835e-10,1.467723294060175e-05,-2.0859131876815993e-08,0.0010019451516634864,0.00227664803300273,0.0004611478775000681,0.002571446107341704
528.5714285714286,3.1,6.046414293714281e-05,3.0107243900604043e-10,1.314406100111798e-05,-1.974517702759113e-08,0.00101262721358725,0.0021066567183988037,0.00045075511362536124,0.0024227622144550463
528.5714285714286,3.2,5.8666737221630765e-05,3.178141276172462e-10,1.1779151089252609e-05,-1.9189450997606846e-08,0.0011010143687730084,0.001948121732494903,0.0004517926732413422,0.002327153661461289
528.5714285714286,3.3000000000000003,5.6987123017011245e-05,3.392441315510545e-10,1.0855528430525129e-05,-1.7745131654441567e-08,0.0012091313024954087,0.0018503719389600952,0.0004303254720503527,0.0022926479980485237
528.5714285714286,3.4000000000000004,5.541606409669698e-05,3.3660416204095306e-10,9.829053407224866e-06,-1.6639191324960162e-08,0.0012330487734875017,0.001724784984195604,0.00041513693666751376,0.0021999931526886706
528.5714285714286,3.5000000000000004,5.394329571045496e-05,3.457423978225197e-10,8.965730220517643e-06,-1.628618534408309e-08,0.0013003215493375593,0.0016178937220934894,0.0004176170169460944,0.0021580602802857628
528.5714285714286,3.6,5.2560184626418115e-05,3.5437222518188727e-10,8.201313573446746e-06,-1.5313643534147757e-08,0.0013670272282004148,0.0015203582698150235,0.000403157453879392,0.002122574987243859
528.5714285714286,3.7,5.125908667811574e-05,3.689646442884305e-10,7.688952073990036e-06,-1.503447637854833e-08,0.0014585698465906455,0.0014628852863894566,0.0004059792494308446,0.0021440843407979746
528.5714285714286,3.8000000000000003,5.0034878250553265e-05,3.716349657047539e-10,6.752281597508743e-06,-1.465088976139886e-08,0.0015041475836423746,0.0013172848045284282,0.0004054193932602517,0.0020800069659695167
528.5714285714286,3.9000000000000004,4.887819263896588e-05,3.786063821572171e-10,6.382595729279065e-06,-1.3807908876237201e-08,0.0015676837960295466,0.0012756293114810347,0.00039120089016307646,0.00209545672767823
528.5714285714286,4.0,4.778533298467128e-05,3.880572137541372e-10,5.879563636253096e-06,-1.3458304132418345e-08,0.0016425547687875688,0.0012029011955662795,0.000390084700451986,0.0021093339237339827
528.5714285714286,4.1,4.6751268966739214e-05,3.993813181485004e-10,5.482090850859237e-06,-1.3536526685527337e-08,0.0017268024629079597,0.0011472329496202945,0.0004010785000367038,0.0021493529521655723
528.5714285714286,4.2,4.577202585731574e-05,4.2185558755908553e-10,5.0783327254997335e-06,-1.3214548230560827e-08,0.0018617291423901655,0.0010862448951091937,0.00039994960644565414,0.0022284260694866395
528.5714285714286,4.3,4.4843566075147265e-05,4.2964224234107305e-10,4.926949671961037e-06,-1.242603570505712e-08,0.0019341394745765264,0.0010764106634300443,0.00038386925372351025,0.0022790933792562248
528.5714285714286,4.3999999999999995,4.39643757896984e-05,4.1651010297194245e-10,4.166004393999731e-06,-1.1782124208118957e-08,0.0019114101691628707,0.0009290082744575863,0.0003712807656151563,0.00218911946284835
528.5714285714286,4.5,4.312684554818953e-05,4.1578419186778125e-10,4.0889290327283156e-06,-1.1570726031036402e-08,0.0019439867751143106,0.0009300550637378598,0.00037169524267859744,0.0022181978519202417
528.5714285714286,4.6,4.2330204597007945e-05,4.2560362123103175e-10,3.817134693206736e-06,-1.121220711358602e-08,0.0020260439502594895,0.0008850948045670316,0.00036695641494974236,0.0022710264028408308
528.5714285714286,4.7,4.157173499275843e-05,4.492537537628676e-10,3.4077556505834224e-06,-1.1079759968045902e-08,0.002176238753713148,0.0008050411480468715,0.000369208711431071,0.0023783894778620185
528.5714285714286,4.8,4.084734294501474e-05,4.749485110433062e-10,3.491580940421633e-06,-1.1503749304667846e-08,0.002339877225688896,0.0008398930044728344,0.00039007873363531735,0.0025465208672086383
528.5714285714286,4.9,4.0157866706675276e-05,4.849496657113195e-10,3.1399444102557393e-06,-1.1112481802665333e-08,0.00242855117301942,0.000768702242024033,0.0003832265969983772,0.0026043212524880046
528.5714285714286,5.0,3.9499789912438366e-05,nan,nan,nan,nan,nan,nan,nan
542.8571428571429,0.1,0.0026753002404992805,nan,nan,nan,nan,nan,nan,nan
542.8571428571429,0.2,0.001228961168121237,-1.5281286801906046e-09,0.09886711732239806,-7.1250070853341695e-06,0.00025067984862522973,0.3695552215999013,0.003763699147753449,0.3695936356523043
542.8571428571429,0.30000000000000004,0.0007712932689671743,-6.87362994007094e-10,0.02407415482488866,-3.125906080630142e-06,0.00017972784171426054,0.19589028074574405,0.0035894959062473548,0.19595612609578056
542.8571428571429,0.4,0.0005543669180619982,-3.718884276565598e-10,0.009231937520447478,-1.6212962844538793e-06,0.00013536796296954447,0.11969425757870038,0.0029674925645890517,0.11976788236436116
542.8571428571429,0.5,0.00042975994236129684,-4.3772418580413737e-10,0.0044344938909074705,-9.62638318238095e-07,0.00020566080529367862,0.07999203679775738,0.0024528128591208226,0.08006747672597371
542.8571428571429,0.6,0.0003494979055696702,-1.4988831004495986e-10,0.00245626415094179,-6.291634455630029e-07,8.663979157047407e-05,0.05715432986718019,0.0020692478403195155,0.05722926263957333
542.8571428571429,0.7000000000000001,0.00029379851028746144,-2.5628938062525453e-10,0.001489337992112118,-4.4247703057987743e-07,0.00017633167149960663,0.042613645700810304,0.0017903519216985382,0.0426891627088143
542.8571428571429,0.8,0.00025299249492637387,2.5646649564931217e-11,0.0009732276076134805,-3.243266511458434e-07,2.050036911119808e-05,0.03312568217794042,0.0015619977019034844,0.033199260739669445
542.8571428571429,0.9,0.0002219187556414211,1.0623341691852149e-10,0.0006672209770135119,-2.474908867432247e-07,9.685049014478939e-05,0.026373152974663826,0.0013848039534107488,0.026445943768775293
542.8571428571429,1.0,0.0001975172261266035,-5.274466300757552e-11,0.00047501856719620505,-1.9849664634764286e-07,5.405824230586578e-05,0.02140506627406228,0.001266752838603282,0.02147996997201762
542.8571428571429,1.1,0.00017786588228374794,8.508417882045933e-11,0.00035249098756614427,-1.567200072338235e-07,9.688121855529867e-05,0.017846088388270835,0.0011243612812170947,0.017917048677555246
542.8571428571429,1.2000000000000002,0.00016173944831655382,-2.271789225711458e-11,0.0002644335460325828,-1.2677487951195853e-07,2.8461029521778028e-05,0.014867019050383944,0.001010466750189338,0.014935566664213211
542.8571428571429,1.3000000000000003,0.00014825734980968553,1.1501073791366177e-10,0.00020843848183661802,-1.1037610523255366e-07,0.000157249486615486,0.01288730016122385,0.0009679561324520117,0.012960752717154354
542.8571428571429,1.4000000000000001,0.00013685963612118342,5.00958172514055e-13,0.00016185077351722892,-9.586098151873948e-08,7.424178999198841e-07,0.01091688025753819,0.0009174676454224756,0.010993714971264517
542.8571428571429,1.5000000000000002,0.0001270804301678536,9.453227347981956e-11,0.000132060007019863,-7.99728636020813e-08,0.0001509446694675752,0.009649302801223983,0.000829636127177056,0.009721544170037205
542.8571428571429,1.6,0.00011862182428472242,1.3227300125631625e-10,0.00010631553484794819,-6.73274478961009e-08,0.0002263604675518781,0.008366003696046813,0.00075253702214824,0.00843646139343663
542.8571428571429,1.7000000000000002,0.00011122637375007071,1.44422713868271e-10,8.864580639154162e-05,-5.999372236612679e-08,0.00026370461381220226,0.007472976151401049,0.0007186761350535161,0.00754638346871835
542.8571428571429,1.8000000000000003,0.00010471738127933442,1.2361520678816307e-10,7.42203415546899e-05,-5.3494532875543236e-08,0.00023985686425881836,0.006672908506526109,0.0006837379196539209,0.006746868483774226
542.8571428571429,1.9000000000000001,9.895059222414503e-05,7.780896859905263e-11,6.086754362344002e-05,-4.780897193844975e-08,0.00015985901155825217,0.005812554026831075,0.0006493632355905853,0.005886822949764998
542.8571428571429,2.0,9.379247860519004e-05,1.5731890036306396e-10,5.3239360656917305e-05,-4.4005981282044363e-08,0.00034111794690736523,0.005380398384712884,0.0006328739421613348,0.005464989211815241
542.8571428571429,2.1,8.916675859280422e-05,1.826232195404432e-10,4.58938548826508e-05,-4.004081519609252e-08,0.0004167286912399719,0.00489312741971948,0.0006077495106097634,0.004985486704726632
542.8571428571429,2.2,8.499997712924491e-05,1.5041466361050118e-10,3.7952837693236716e-05,-3.3865610951750825e-08,0.00036024103479945186,0.004256388624213096,0.0005409465584844688,0.00433956957332826
542.8571428571429,2.3000000000000003,8.121272404261797e-05,2.0777999985576636e-10,3.4238722569995495e-05,-3.1782262150331597e-08,0.0005210206386338502,0.004028086092062653,0.0005328265417303709,0.004130950050302677
542.8571428571429,2.4000000000000004,7.776785818169098e-05,2.0675806170015075e-10,2.9949654325641386e-05,-3.108185167715721e-08,0.0005416984599613614,0.003687803195706713,0.0005455770697563579,0.0038063943975732498
542.8571428571429,2.5000000000000004,7.462248886402041e-05,2.1810949319188535e-10,2.6299340972440028e-05,-2.78433386987142e-08,0.0005958102881192324,0.0033817751430155413,0.0005106396093326092,0.003508974015091196
542.8571428571429,2.6,7.174011295607424e-05,2.1252770875156249e-10,2.321499444625746e-05,-2.5013671822264605e-08,0.0006041805555768129,0.0031109917130425118,0.00047830940130434073,0.0032405035641252613
542.8571428571429,2.7,6.908988699259064e-05,1.9811710315389434e-10,1.9869797524670537e-05,-2.3072651851915932e-08,0.0005849737755225332,0.002769691418918816,0.00045914169909823263,0.002904308364100347
542.8571428571429,2.8000000000000003,6.663835900435375e-05,2.5721682865723043e-10,1.8641481711987746e-05,-2.220770646592829e-08,0.000786955621168669,0.0026981491103013244,0.0004590036893930036,0.002884558292852057
542.8571428571429,2.9000000000000004,6.437324583323673e-05,2.379481615108107e-10,1.624519420114731e-05,-2.1065333941939638e-08,0.0007532479893158493,0.002437814262515971,0.00045114614509329456,0.002630092507954756
542.8571428571429,3.0000000000000004,6.227058460413119e-05,2.2189577129075148e-10,1.4463455680910686e-05,-1.919120679492882e-08,0.0007258003153717108,0.002246811620836901,0.00042526138833468686,0.002436522738276437
542.8571428571429,3.1,6.0312557931834753e-05,2.515789965578949e-10,1.3446661626137249e-05,-1.7543953814021634e-08,0.0008491421504498738,0.002159392225337349,0.0004016924250475815,0.002388876468802696
542.8571428571429,3.2,5.84889978757997e-05,2.729450000010064e-10,1.1916825975610036e-05,-1.6892923137225415e-08,0.0009494828562607889,0.001975844896029519,0.00039912493862653955,0.0022636435631004995
542.8571428571429,3.3000000000000003,5.678460607952074e-05,2.7771008410356093e-10,1.0932744191997504e-05,-1.6653500342253996e-08,0.0009945321744204451,0.001869196701781929,0.0004055230595963121,0.0021936017094355597
542.8571428571429,3.4000000000000004,5.518954172516176e-05,2.847206423185516e-10,9.942394391397774e-06,-1.590704018043218e-08,0.0010485452996626945,0.001750896075157151,0.0003987627715145341,0.0021173350720510324
542.8571428571429,3.5000000000000004,5.369390131471676e-05,2.917120498788793e-10,9.068246015263378e-06,-1.5145859807644913e-08,0.0011036231772600892,0.0016431094971620368,0.00039044531464008315,0.0020549180091912482
542.8571428571429,3.6,5.228894336442439e-05,2.9888169419788643e-10,8.43232179914148e-06,-1.4274533489843758e-08,0.0011605032317820142,0.001570443121597182,0.000378030122765089,0.00202456733565075
542.8571428571429,3.7,5.0968308632123436e-05,2.9758488465348046e-10,7.476894607619178e-06,-1.3902689635960707e-08,0.0011847969413564196,0.0014299188559825063,0.0003778712981203442,0.0019323522357034585
542.8571428571429,3.8000000000000003,4.9722442845898674e-05,3.1330898246747323e-10,6.996169907003123e-06,-1.3483970518935798e-08,0.001277920740541108,0.0013726509854387631,0.00037579317688614,0.0019492801672718822
542.8571428571429,3.9000000000000004,4.854653875874394e-05,3.2061688557365963e-10,6.448747980653288e-06,-1.2698470634068858e-08,0.0013386750600072198,0.0012969491464125057,0.0003625605371425778,0.0019331394907899661
542.8571428571429,4.0,4.7435122151395744e-05,3.279510051988036e-10,5.957713637622015e-06,-1.2197089407749884e-08,0.0014006133763398473,0.0012272169736403597,0.0003564864512963165,0.0019292341771513359
542.8571428571429,4.1,4.6383282680423766e-05,3.3515596187309327e-10,5.514483771190453e-06,-1.1824875419768698e-08,0.001463044263913562,0.0011625317952360737,0.0003535118019689643,0.0019344042704067506
542.8571428571429,4.2,4.538658804716369e-05,3.4207886683509717e-10,5.101837224828585e-06,-1.1544512867787458e-08,0.0015252113563301592,0.0010999301752702025,0.00035276392714451386,0.0019455078639104139
542.8571428571429,4.3,4.4440911786151905e-05,3.51656027838175e-10,4.765403763799411e-06,-1.1590554408501572e-08,0.0016003753174589457,0.001049958582224207,0.0003617479139093315,0.001981246397486591
542.8571428571429,4.3999999999999995,4.354288956277811e-05,3.7081782772579565e-10,4.424662098366662e-06,-1.1326159975289923e-08,0.0017213279237976652,0.0009956281094451842,0.0003608149385134581,0.002052953967645625
542.8571428571429,4.5,4.2689113960387985e-05,3.7828107683067973e-10,4.124870488470493e-06,-1.0674947744537503e-08,0.0017900734166866046,0.0009473120709004503,0.00034687005275104126,0.002083842763692303
542.8571428571429,4.6,4.187658706288256e-05,3.8680610148867553e-10,4.13236235302178e-06,-1.0362091659389318e-08,0.0018648627254108353,0.000968013146596642,0.00034324300552659613,0.002156477210242789
542.8571428571429,4.7,4.110538378890736e-05,3.6861474765310104e-10,3.292363174363393e-06,-9.860616324244693e-09,0.0018095828700472848,0.0007862061847159435,0.00033277880140264373,0.0020283475515256574
542.8571428571429,4.8,4.036710414667579e-05,3.7159723370283493e-10,3.34655832185353e-06,-9.637939726861045e-09,0.0018565753529065495,0.000814141120549914,0.00033119823665010847,0.0020806446955476637
542.8571428571429,4.9,3.9662290087662754e-05,3.851615038832396e-10,3.16603466865456e-06,-9.499912443045683e-09,0.0019573845673065532,0.0007843105755494928,0.00033224446222447813,0.0021603865831388382
542.8571428571429,5.0,3.8989136375336265e-05,nan,nan,nan,nan,nan,nan,nan
557.1428571428571,0.1,0.0027044089208227424,nan,nan,nan,nan,nan,nan,nan
557.1428571428571,0.2,0.0012440688697858036,-1.2231682112751414e-09,0.09967744171676075,-6.805756643148741e-06,0.00019828486990552323,0.3685738534187228,0.003558127397723652,0.36860825449516543
557.1428571428571,0.30000000000000004,0.0007805032359164724,-6.414303872747011e-10,0.02437238411482898,-3.0569159082266237e-06,0.0001657891278502395,0.19590864064483246,0.003468845227591893,0.19597012205886638
557.1428571428571,0.4,0.0005606614431954312,-4.476836365101424e-10,0.009354345708554123,-1.5951356263026218e-06,0.00016117430291916028,0.11985018483069051,0.002886038838724527,0.11991976993583607
557.1428571428571,0.5,0.0004343631075599311,-1.5857076724244797e-10,0.004499991665693177,-9.471863680732261e-07,7.37272291592335e-05,0.08026219245692992,0.0023870309993716384,0.08033318621641682
557.1428571428571,0.6,0.0003530646885813628,-2.370291495054137e-10,0.0024856309794465976,-6.204749020214002e-07,0.0001356578481942199,0.05722472595358812,0.0020194218177212236,0.05729610625924606
557.1428571428571,0.7000000000000001,0.0002966225793972605,-9.672635325645795e-11,0.001513249936810969,-4.334527047170519e-07,6.592617943501252e-05,0.04286041583176463,0.0017365325293113715,0.04293076614717734
557.1428571428571,0.8,0.00025531296958126786,-1.5988298495619066e-10,0.0009849809533440856,-3.142295241588372e-07,0.000126665672995898,0.033206539952068896,0.0014991949874284868,0.033274397229727914
557.1428571428571,0.9,0.00022385316929871612,-1.7652959516405911e-10,0.0006729215832538929,-2.4499023826239507e-07,0.00015958449434383173,0.02635673324224516,0.0013586372177629962,0.02642715733091033
557.1428571428571,1.0,0.00019912258484870333,-1.1473514920453855e-11,0.00048390041815532135,-1.925478275848464e-07,1.1665346291013528e-05,0.02161686697004458,0.0012184559405748279,0.021685440817266147
557.1428571428571,1.1,0.00017923100458024376,1.1186568292303689e-11,0.00035606752338290007,-1.541686025000877e-07,1.2641158484043348e-05,0.01788182509048113,0.0010972235653011195,0.017949028594047994
557.1428571428571,1.2000000000000002,0.00016290009954561318,2.993904687368714e-11,0.0002694117384255715,-1.2757786635769672e-07,3.7240973203563373e-05,0.015031536483128558,0.001009167771456158,0.015099182597597844
557.1428571428571,1.3000000000000003,0.00014926331189523833,-4.122362248156781e-11,0.00020807720751668814,-1.0652943114540575e-07,5.5989191890105865e-05,0.012773301434258796,0.000927578554918714,0.012840606226776699
557.1428571428571,1.4000000000000001,0.00013770729632003035,1.1442707088419965e-10,0.0001659133350731111,-9.062172779493436e-08,0.00016851456492180048,0.011115479950596217,0.000861565748239258,0.011183330575806807
557.1428571428571,1.5000000000000002,0.00012781041409555349,1.2595394621881748e-10,0.00013409048433320536,-7.59246942825642e-08,0.0001999351804369378,0.009737355094212327,0.0007826899445635987,0.009802105151741694
557.1428571428571,1.6,0.00011925443671440869,9.600376874681014e-11,0.00010706250689248304,-6.69952304053184e-08,0.00016339883746850235,0.008376665364094753,0.0007444222842658565,0.008444142992437653
557.1428571428571,1.7000000000000002,0.00011176908440218872,8.536559557221004e-11,8.939675353050273e-05,-5.980109704918187e-08,0.0001550936670210115,0.007496304204143841,0.0007124721149294941,0.007565306589670961
557.1428571428571,1.8000000000000003,0.00010517769962527378,1.100550720894209e-10,7.473491844568057e-05,-5.3358464444551e-08,0.00021256972501458514,0.00668654653882242,0.0006785979648230554,0.006758408163136852
557.1428571428571,1.9000000000000001,9.933366403281565e-05,1.5578925690921102e-10,6.300106004962013e-05,-4.569588842736397e-08,0.0003187387928196012,0.005989963678049604,0.0006178264733302515,0.0060617388911678675
557.1428571428571,2.0,9.411963904085372e-05,1.3551771682492193e-10,5.2918030922021275e-05,-3.960913419833217e-08,0.0002927423774542041,0.005327300813603272,0.0005672712938385983,0.005395315143696636
557.1428571428571,2.1,8.9434794358112e-05,1.7408672431176198e-10,4.620810464522743e-05,-3.851884105195374e-08,0.0003959054266441931,0.004909507209772688,0.0005824528452341143,0.004993846692029999
557.1428571428571,2.2,8.521203072182256e-05,1.8503722961337067e-10,3.9730085235858594e-05,-3.417986350616227e-08,0.00044186618052811233,0.004442352165173281,0.0005441193432917756,0.004530107084871482
557.1428571428571,2.3000000000000003,8.13865679378917e-05,1.4013087247291823e-10,3.33749483356804e-05,-2.948619966348455e-08,0.0003505145760408734,0.003916694397840841,0.0004928882752715102,0.003993649105504287
557.1428571428571,2.4000000000000004,7.789485463731764e-05,1.9298358115543839e-10,3.054401619766416e-05,-2.8602750954068333e-08,0.0005045321671704504,0.0037529554288335556,0.0005008158918259691,0.0038523837131744613
557.1428571428571,2.5000000000000004,7.470858149872023e-05,1.9921619938328778e-10,2.658373947910804e-05,-2.7556711338655883e-08,0.0005432777132016645,0.003412772204644745,0.0005043057573073516,0.0035285710122036746
557.1428571428571,2.6,7.17881457549139e-05,1.952395001856595e-10,2.3476194260519915e-05,-2.5608851139283484e-08,0.0005543544856731123,0.0031423691615563693,0.0004888609806541286,0.003264929242739973
557.1428571428571,2.7,6.910247195371277e-05,2.0254356854475016e-10,2.082319025238177e-05,-2.2197787759037175e-08,0.0005977093476850205,0.0029006446723770446,0.00044119198436680233,0.0030265982081932215
557.1428571428571,2.8000000000000003,6.662503005503545e-05,1.750465748805968e-10,1.7885644180795924e-05,-2.086938211874626e-08,0.0005360115690505791,0.0025882784906416014,0.00043110118991610945,0.0027125984625757274
557.1428571428571,2.9000000000000004,6.43264445981661e-05,2.0018559190893062e-10,1.656056555834206e-05,-2.038744260948814e-08,0.0006346456808505438,0.002485637236435353,0.00043699989997783074,0.0026387696823590907
557.1428571428571,3.0000000000000004,6.219346479688016e-05,2.2934858955571771e-10,1.5183058329122392e-05,-1.780043788747253e-08,0.000751652403791668,0.0023603136196890407,0.00039502741632726845,0.0025393217674638574
557.1428571428571,3.1,6.021231557888545e-05,2.2549628627068887e-10,1.3579523030258586e-05,-1.66244703474116e-08,0.0007630193750252743,0.0021834324674800533,0.0003813878335079827,0.002374971424208262
557.1428571428571,3.2,5.8366961591193326e-05,2.040448979105769e-10,1.1715706589711197e-05,-1.6235445899906622e-08,0.0007119598114596408,0.001945732609197233,0.00038455497392329174,0.0021420847825343904
557.1428571428571,3.3000000000000003,5.663876466939831e-05,2.1777456136994906e-10,1.1055785955764494e-05,-1.4737954815161938e-08,0.000782673176819166,0.00189418562391513,0.0003599689160211856,0.0021117934843544457
557.1428571428571,3.4000000000000004,5.5021125607160944e-05,2.4590453035160937e-10,1.0055344545883682e-05,-1.4166787365474435e-08,0.0009093135485859759,0.001775346726676852,0.0003564041218604554,0.002057366016469233
557.1428571428571,3.5000000000000004,5.350403999038241e-05,2.524996744134476e-10,9.174399294880121e-06,-1.423783071347129e-08,0.0009597094742031512,0.0016674321351372143,0.00036854370459156444,0.0019932438698141495
557.1428571428571,3.6,5.207869836655268e-05,2.57168293109136e-10,8.4905452521135e-06,-1.3781562258745118e-08,0.001003717454348509,0.001586897971375566,0.00036667006125191715,0.0019479701659308613
557.1428571428571,3.7,5.073826219524409e-05,2.604300341096083e-10,7.612202597542169e-06,-1.3050147675046926e-08,0.0010427849771629145,0.001461672974997216,0.0003565393926069271,0.0018649742816979826
557.1428571428571,3.8000000000000003,4.9473948049910914e-05,2.6661217974513507e-10,7.068299140827986e-06,-1.2229861141673837e-08,0.001094287525176703,0.0013930905070474663,0.0003427861483200115,0.0018366194585551078
557.1428571428571,3.9000000000000004,4.828031689598602e-05,2.7251309575276404e-10,6.515435263026644e-06,-1.1724696561883928e-08,0.0011456000555868046,0.001316942657669783,0.00033686129559015846,0.0018093337215351404
557.1428571428571,4.0,4.715184009469139e-05,2.7923583103498285e-10,6.033227660402073e-06,-1.1305264670747096e-08,0.00120136518487234,0.0012496247018013403,0.0003326782611903172,0.0017961597517238454
557.1428571428571,4.1,4.6083695570000786e-05,2.829451120894085e-10,5.541120534128081e-06,-1.0927788554129401e-08,0.0012449291444993145,0.0011751652794462057,0.00032910480247260815,0.0017741144131258116
557.1428571428571,4.2,4.507096225065146e-05,2.9022640163658954e-10,5.179510214791597e-06,-1.050755134906935e-08,0.0013050083831696974,0.0011239355157452511,0.00032362495222579393,0.0017820617674769374
557.1428571428571,4.3,4.411002403345005e-05,2.954799686484339e-10,4.799462730832538e-06,-1.0170086584266853e-08,0.00135690362763525,0.0010648680416764714,0.00032010987706949126,0.0017832756566690618
557.1428571428571,4.3999999999999995,4.319708044355697e-05,3.012605398244632e-10,4.444573868392028e-06,-9.886676808560941e-09,0.0014119812313484025,0.0010076108471447592,0.00031781130144658713,0.0017919203842856068
557.1428571428571,4.5,4.23285825923478e-05,3.0916044832434067e-10,4.182480833051686e-06,-9.608180455337627e-09,0.001477987317898652,0.0009682322948924022,0.0003152287828593525,0.0018222674501367346
557.1428571428571,4.6,4.1501909549469156e-05,3.1514175015917984e-10,3.902357798682328e-06,-9.865616983651722e-09,0.0015358138616466655,0.0009219202627842776,0.0003301483034094294,0.0018511231706849016
557.1428571428571,4.7,4.071426008457733e-05,3.327280684225721e-10,3.6090898794761876e-06,-9.581426236978186e-09,0.0016519414532629247,0.0008696201978789075,0.0003268592960204216,0.001923232656845579
557.1428571428571,4.8,3.996270151848027e-05,3.3816794038848264e-10,3.4174904814623813e-06,-8.729927508425696e-09,0.0017096560886468196,0.000839384155419525,0.00030339882182056643,0.0019523297344405497
557.1428571428571,4.9,3.924531785719783e-05,3.4160565430862327e-10,3.292907602823769e-06,-8.50953138307603e-09,0.0017577260289492586,0.0008239952449913838,0.0003011480179559871,0.001987447914802242
557.1428571428571,5.0,3.856086327194363e-05,nan,nan,nan,nan,nan,nan,nan
571.4285714285714,0.1,0.0027324793081980586,nan,nan,nan,nan,nan,nan,nan
571.4285714285714,0.2,0.0012589269452848038,-1.0383083351745968e-09,0.1004207716333553,-6.487304454007621e-06,0.00016638201350604233,0.36750789413874135,0.0033583820136429015,0.36753862027923795
571.4285714285714,0.30000000000000004,0.0007895822987051023,-4.941380958760264e-10,0.02466269521960123,-3.0052671328584726e-06,0.00012628286425088567,0.19590251294543432,0.003371018663960834,0.19596055230419057
571.4285714285714,0.4,0.000566864604321413,-3.676271996313589e-10,0.009478700143977161,-1.5726029356370807e-06,0.00013093701531967532,0.1200470192850324,0.0028132816168053277,0.12011300133888018
571.4285714285714,0.5,0.0004389339113774955,-3.460823772731291e-10,0.004557987986366002,-9.32602569042894e-07,0.00015927746376334515,0.08040699580850205,0.002325141825595901,0.08047436183827245
571.4285714285714,0.6,0.000356583098297238,-1.6993531378705358e-10,0.002519462321798587,-6.067345377766626e-07,9.631733236738728e-05,0.05739958240847285,0.0019546617016820015,0.057466187818852446
571.4285714285714,0.7000000000000001,0.0002994269084349664,-2.3196592406464257e-11,0.0015330096482863774,-4.262152202678923e-07,1.566374356940738e-05,0.042991652033055765,0.0016910163332747215,0.04305811726449514
571.4285714285714,0.8,0.00025760081505555855,-4.44319137598074e-11,0.0009976834831867724,-3.168431712807032e-07,3.48920721499165e-05,0.03331976703100693,0.001497661841785436,0.03338703452602455
571.4285714285714,0.9,0.00022575155650801846,-1.657546991137731e-11,0.000682330407666753,-2.3723116625718468e-07,1.4859653258613202e-05,0.026487897855431482,0.001304071868207391,0.026552027426996354
571.4285714285714,1.0,0.00020072560203714593,2.4412632350346294e-11,0.0004898762283587061,-1.8487271307486118e-07,2.4623541680949367e-05,0.021699794053969514,0.0011601487617374463,0.02176174530230095
571.4285714285714,1.1,0.00018059840984986045,1.0611572911846988e-11,0.0003595643121663625,-1.5245955472985168e-07,1.190114390444578e-05,0.017913226241056297,0.0010764369457058427,0.017977798780625377
571.4285714285714,1.2000000000000002,0.0001640668607842386,3.085340812281342e-11,0.0002725549277994451,-1.2683657648225393e-07,3.8105888423101364e-05,0.015091767863628052,0.0009957527061460578,0.01515737299837816
571.4285714285714,1.3000000000000003,0.0001502608609966112,8.377788019811636e-11,0.00021234477733392195,-1.0218735612116448e-07,0.00011302243727039958,0.012942575747406591,0.0008834544250584468,0.01300323130960126
571.4285714285714,1.4000000000000001,0.00013857830898232303,6.794348479105676e-11,0.00016703459422019433,-8.62101041149514e-08,9.94242103364984e-05,0.011116307540921215,0.0008141257863000996,0.01117621492768372
571.4285714285714,1.5000000000000002,0.0001285661029102368,4.012577453725427e-11,0.0001352744911811091,-7.701266356955362e-08,6.331813812494625e-05,0.009761591996216715,0.000788868321871063,0.009825340398465653
571.4285714285714,1.6,0.00011990664174996166,5.5903646892809026e-11,0.00010820360147369967,-6.607657400622575e-08,9.462456112053278e-05,0.00841618428375682,0.0007298779853097911,0.008479773313750922
571.4285714285714,1.7000000000000002,0.00011232921660442351,1.0643650435852204e-10,9.086867311215386e-05,-5.7346316956295126e-08,0.00019237914828949747,0.007578285221400835,0.0006794653413204211,0.007641384883233552
571.4285714285714,1.8000000000000003,0.00010566047819000691,1.105861861510272e-10,7.567897917958102e-05,-5.059838174408503e-08,0.000212578853328409,0.006737248016790745,0.000640179941120191,0.006801129415226456
571.4285714285714,1.9000000000000001,9.974852956738611e-05,1.132951586345681e-10,6.378752086551292e-05,-4.4724076911379455e-08,0.0002307841587776267,0.006037027463646837,0.000601808898726816,0.006101090871798454
571.4285714285714,2.0,9.447445615342045e-05,1.1233426386309254e-10,5.379752868857686e-05,-3.913147903223729e-08,0.00024169560963435005,0.005393315462583678,0.0005579804031623138,0.0054560931725262055
571.4285714285714,2.1,8.973835802634055e-05,1.0837203588267383e-10,4.595871150606464e-05,-3.614460083689589e-08,0.00024556684777625833,0.004864670660970056,0.0005443747725482542,0.004931329587687639
571.4285714285714,2.2,8.54618470143213e-05,1.2929347709626365e-10,4.0367396810275144e-05,-3.444543684768123e-08,0.00030775628767006123,0.004498343595547655,0.0005463642068405141,0.004574585962602297
571.4285714285714,2.3000000000000003,8.15890099704048e-05,1.3489183415898688e-10,3.4506257077344334e-05,-2.910075720711113e-08,0.00033646160618896445,0.004037621264090155,0.0004848781891638819,0.004109234186722135
571.4285714285714,2.4000000000000004,7.806123549726174e-05,1.321395143326518e-10,3.0186947652244672e-05,-2.600643009791947e-08,0.00034460917917729676,0.0036998791458793955,0.00045407609048978454,0.003770972205200599
571.4285714285714,2.5000000000000004,7.483533050064113e-05,1.485034912207855e-10,2.665978456892957e-05,-2.5863013579007783e-08,0.0004041321582516493,0.0034152398945651785,0.000472140551436671,0.003503286990725218
571.4285714285714,2.6,7.187602334970982e-05,1.7730713257257755e-10,2.396761382083786e-05,-2.3662694230371488e-08,0.000502570636644157,0.0032027136995984172,0.00045076374484731877,0.0033039867121024942
571.4285714285714,2.7,6.915639233698689e-05,1.9966851550885905e-10,2.1066357224516597e-05,-2.2186637535029994e-08,0.0005884195247336347,0.002930929709622235,0.0004402105359459405,0.0030535482854786595
571.4285714285714,2.8000000000000003,6.664742489650912e-05,1.9781226414984137e-10,1.820401094945078e-05,-2.0770879945193196e-08,0.0006051526772137285,0.0026322962107025263,0.00042847986785254525,0.0027681009912804287
571.4285714285714,2.9000000000000004,6.432049756552586e-05,2.0478455300416442e-10,1.6958058968974634e-05,-1.8214170064880654e-08,0.0006493962176373889,0.0025444432392260174,0.00039004900316734335,0.0026833157277645157
571.4285714285714,3.0000000000000004,6.216315082423234e-05,2.0436188072373e-10,1.5228879325663709e-05,-1.7393714660660696e-08,0.000670593066431653,0.002367655708842962,0.000386102791539514,0.0025206426457616096
571.4285714285714,3.1,6.015809287619547e-05,1.9086210899310436e-10,1.3353219432846258e-05,-1.7407943112027642e-08,0.0006469017250115232,0.002148092439941273,0.00039985696634298087,0.002313558765067738
571.4285714285714,3.2,5.828656712248707e-05,2.0772833495965493e-10,1.2232567853189586e-05,-1.58643903374482e-08,0.0007263276448035087,0.0020334035319843073,0.0003763916824971015,0.002223875708936555
571.4285714285714,3.3000000000000003,5.6537367047310566e-05,2.0897338964268e-10,1.147271150570063e-05,-1.42402017309819e-08,0.000752976001299773,0.001968328565583756,0.0003485387070935623,0.0021643125147056065
571.4285714285714,3.4000000000000004,5.490289408719107e-05,1.798057888756635e-10,9.728808477516079e-06,-1.3605770383229447e-08,0.0006669267222232395,0.0017207749468373715,0.00034317158833950604,0.00190824294799313
571.4285714285714,3.5000000000000004,5.336570921184673e-05,1.8995675210204112e-10,9.241235730289726e-06,-1.2611940603550666e-08,0.0007245562037824772,0.0016831964660394328,0.0003274570959109471,0.0018901291847522414
571.4285714285714,3.6,5.192093669380529e-05,2.1406694919591437e-10,8.52005691538723e-06,-1.2248745753845531e-08,0.0008388675957581139,0.0015965414947574335,0.0003270446161247768,0.001861870014143765
571.4285714285714,3.7,5.056136474491772e-05,2.2494525454306888e-10,7.80711068205811e-06,-1.2188378208635706e-08,0.0009047845318007552,0.0015036536663618361,0.0003343395556264965,0.0018174639678030346
571.4285714285714,3.8000000000000003,4.927986390285073e-05,2.287526076194295e-10,7.13468899449167e-06,-1.1455348762766595e-08,0.0009436118902320404,0.0014110950189905286,0.00032253339469603184,0.0017577394953164865
571.4285714285714,3.9000000000000004,4.806970995072866e-05,2.34548539509316e-10,6.598894367330404e-06,-1.0925828236595388e-08,0.0009914402381114404,0.0013390650551185215,0.0003154857590207464,0.0017248511518029117
571.4285714285714,4.0,4.6925544942279895e-05,2.3849726943766085e-10,6.047242617308802e-06,-1.0525095265735144e-08,0.0010322590175142427,0.001258015208227221,0.0003114281625784377,0.001685863560394023
571.4285714285714,4.1,4.5841852360004216e-05,2.4596126651300624e-10,5.640655429570921e-06,-1.0028609662863071e-08,0.0010892393984145944,0.0012020436707787048,0.0003038393666904738,0.0016780906337321199
571.4285714285714,4.2,4.481456633202425e-05,2.5268370779151134e-10,5.215801112196717e-06,-9.64115864058016e-09,0.0011441535981445625,0.0011377814908603834,0.0002988710779788951,0.001668017391874605
571.4285714285714,4.3,4.3839438315166245e-05,2.576854057916782e-10,4.844276884889849e-06,-9.412100005145097e-09,0.0011922201240460082,0.0010809603397697403,0.0002983263830807812,0.0016636890761255584
571.4285714285714,4.3999999999999995,4.291275306715714e-05,2.628731938190469e-10,4.507737420536745e-06,-9.064270723609231e-09,0.001241926306695975,0.0010282379505253138,0.00029356044255983627,0.001664935344401054
571.4285714285714,4.5,4.2031145193353405e-05,2.670322964944193e-10,4.200935939570874e-06,-8.783295742563012e-09,0.0012874607109931728,0.0009789481306399846,0.00029047253234888715,0.0016687249949985518
571.4285714285714,4.6,4.119154667894538e-05,2.720887554420195e-10,3.9091903143133454e-06,-8.264957487128047e-09,0.0013379701811300638,0.0009300699032420192,0.0002789387548876519,0.0016765464170330573
571.4285714285714,4.7,4.039104006768048e-05,2.882831422988508e-10,3.677929925456705e-06,-8.265609554707802e-09,0.0014450291918479538,0.0008928846382300669,0.0002845173578219994,0.0017456381630464003
571.4285714285714,4.8,3.9627312755670156e-05,2.859054323162875e-10,3.4475622727902125e-06,-8.363977868012473e-09,0.0014600626382704589,0.0008535462981426996,0.0002934730923913443,0.0017414296146160706
571.4285714285714,4.9,3.889806106638773e-05,2.896521463443699e-10,3.1909713607748296e-06,-8.126483586652744e-09,0.001506235295188996,0.0008052454579621333,0.0002905024391626329,0.001756686752486227
571.4285714285714,5.0,3.8200719090713055e-05,nan,nan,nan,nan,nan,nan,nan
585.7142857142858,0.1,0.002759536513056397,nan,nan,nan,nan,nan,nan,nan
585.7142857142858,0.2,0.0012735731211235644,-1.0965979139456092e-09,0.10109507877936379,-6.173626854668541e-06,0.00017375487133813452,0.36634803816164513,0.0031660992563785186,0.3663754408044349
585.7142857142858,0.30000000000000004,0.0007985605169843696,-5.86343803164118e-10,0.02494448266431117,-2.9524379143390533e-06,0.00014820308883979274,0.19586219472270894,0.0032746763822102272,0.195916993383852
585.7142857142858,0.4,0.0005729927394882865,-2.880609309456435e-10,0.009600912414627016,-1.549373377521591e-06,0.00010152269754863465,0.12022773741535907,0.0027413156471170156,0.1202902688243272
585.7142857142858,0.5,0.00044343408613847356,-8.397189453303907e-11,0.004619139454816952,-9.214715148582457e-07,3.8259580675826895e-05,0.08061427547829131,0.002273310424876815,0.080678366091915
585.7142857142858,0.6,0.00036006682733683015,-1.740832996197975e-10,0.0025526934939035257,-5.995035475478894e-07,9.773242136624126e-05,0.057566469824928676,0.0019120359412255312,0.05763002483611895
585.7142857142858,0.7000000000000001,0.000302226503474222,-2.043899529940521e-10,0.0015493413180733382,-4.1710383468004795e-07,0.00013676842875117974,0.043029271247583795,0.001639169148874101,0.04309188601927846
585.7142857142858,0.8,0.00025987959279234724,-4.446790318740217e-11,0.0010113878857886816,-3.113990286150998e-07,3.4617992269153885e-05,0.03346456628265055,0.0014586181299087236,0.03352810058128998
585.7142857142858,0.9,0.0002276465609683593,-5.857508085210909e-11,0.0006920072251084612,-2.3531692506166382e-07,5.208085381135099e-05,0.026627994051899216,0.0012823495681319886,0.026689728744839096
585.7142857142858,1.0,0.00020233360139545594,-5.971369582297188e-11,0.0004947338924049434,-1.8451786022856176e-07,5.975826772225943e-05,0.02173254409381158,0.001148422382870805,0.02179322811744472
585.7142857142858,1.1,0.00018196798074660201,-7.582624397895006e-11,0.0003637558539018549,-1.4851032349965714e-07,8.441287558422239e-05,0.017978024974255425,0.0010403482290336542,0.01803832465568305
585.7142857142858,1.2000000000000002,0.00016523991863676664,4.4424002850008526e-11,0.00027636510976238683,-1.1907436971055881e-07,5.447669604520605e-05,0.015187568089093476,0.000927909203956643,0.01524425213491424
585.7142857142858,1.3000000000000003,0.00015127550762455513,6.834923834224402e-11,0.00021520910495763818,-1.0252707083146022e-07,9.158534714234381e-05,0.013024038424438755,0.0008800952190337777,0.013083695958948318
585.7142857142858,1.4000000000000001,0.00013946318766192,-2.178085706515704e-12,0.00016791129592142565,-8.754544835948976e-08,3.1671878813097785e-06,0.011099701369911001,0.0008211527050252917,0.011160285124593545
585.7142857142858,1.5000000000000002,0.00012932998065849914,7.461170515603221e-11,0.0001373482037965494,-7.443534489252438e-08,0.00011703163210989577,0.00984834823433854,0.0007576630483622895,0.009907157308603745
585.7142857142858,1.6,0.00012057025569304377,8.202667514848432e-11,0.00011005398146532905,-6.423579786654267e-08,0.00013806229772055803,0.008509549054672088,0.0007052960623185206,0.00856891891564896
585.7142857142858,1.7000000000000002,0.00011291107054224168,5.984270724575823e-11,9.139399727190279e-05,-5.5570892558618064e-08,0.00010759686909359886,0.00758014460088565,0.0006547347639527956,0.007637245869999948
585.7142857142858,1.8000000000000003,0.00010616582536415861,7.705601902522402e-11,7.659363768268628e-05,-4.8998049195771415e-08,0.00014740065017738088,0.006783536575718808,0.000616687621510135,0.0068409577305254
585.7142857142858,1.9000000000000001,0.0001001865165629024,9.779336432249356e-11,6.449908643130332e-05,-4.349566083557102e-08,0.00019830032550579107,0.006075315310747644,0.0005824207034977386,0.006134101963272705
585.7142857142858,2.0,9.485219862595923e-05,1.0970359143579484e-10,5.4615774756990745e-05,-3.92228964784123e-08,0.00023504399467499866,0.005451409693708642,0.0005567391238642634,0.00551298741447644
585.7142857142858,2.1,9.006403843658597e-05,1.0015679858148758e-10,4.6217148350453044e-05,-3.486390514322223e-08,0.00022608259071413124,0.004872543706942002,0.0005228804270952601,0.004933518358733731
585.7142857142858,2.2,8.573804973071724e-05,1.286038576254864e-10,4.0691992381612786e-05,-3.2166829932458074e-08,0.00030503874105100326,0.00451811767359999,0.0005082682598118327,0.004585096421440106
585.7142857142858,2.3000000000000003,8.181898094866463e-05,1.374379939314228e-10,3.546714384168055e-05,-2.9741614025672522e-08,0.0003417348346090244,0.00413668656484191,0.0004938142032990351,0.004209116696848466
585.7142857142858,2.4000000000000004,7.825458360502883e-05,1.0781382946937917e-10,3.02200076112021e-05,-2.5413299669411025e-08,0.00028039812281017464,0.003693520410644436,0.0004423250556618551,0.0037565967365229716
585.7142857142858,2.5000000000000004,7.499238633750505e-05,1.4043398886786074e-10,2.6989700362091064e-05,-2.389230280601501e-08,0.000381228002570836,0.0034489609577778965,0.00043496737130788247,0.0035240686296417884
585.7142857142858,2.6,7.200008607360219e-05,1.178261128732511e-10,2.4327558719614773e-05,-2.341826030926451e-08,0.00033328824793664485,0.0032440038126174578,0.0004450053488724607,0.0033212499625200572
585.7142857142858,2.7,6.925106139689547e-05,9.611311437078259e-11,2.081528676205348e-05,-2.1304767348704144e-08,0.0002827769571857609,0.002891008594180711,0.00042184536911525346,0.0029654342902903676
585.7142857142858,2.8000000000000003,6.671018958780928e-05,1.2201334651311113e-10,1.8702552008173812e-05,-1.912869356093555e-08,0.00037277668535910796,0.0027006881383354873,0.00039395327649700845,0.002782638540274101
585.7142857142858,2.9000000000000004,6.435634329880483e-05,1.3697829563469137e-10,1.7204634805428482e-05,-1.7506002823179284e-08,0.0004339443001539635,0.00257901152908318,0.0003743918944086584,0.0026683228260422093
585.7142857142858,3.0000000000000004,6.217454335785467e-05,1.3529241270686089e-10,1.5007820741590234e-05,-1.694945833040478e-08,0.00044380521582636695,0.0023319877998520385,0.0003758686410403439,0.0024326291618100094
585.7142857142858,3.1,6.014282162432041e-05,1.6333991689291707e-10,1.3746630074153845e-05,-1.547804679157411e-08,0.0005540921961099901,0.0022109740308076105,0.00035541287435328345,0.002334108169988651
585.7142857142858,3.2,5.8248566191527685e-05,1.8596305544360162e-10,1.2430629702718476e-05,-1.4339485966951805e-08,0.0006511216192974264,0.002066851765014598,0.00034050330103987443,0.0022198469716848868
585.7142857142858,3.3000000000000003,5.647861705576214e-05,1.8792595861724044e-10,1.1268970617880814e-05,-1.45411188252392e-08,0.0006783520078040561,0.0019346348510669263,0.00035639475643753555,0.0021111626887302844
585.7142857142858,3.4000000000000004,5.482135762617541e-05,2.0545992288838864e-10,1.0204692082483049e-05,-1.3634036883079854e-08,0.0007637228820987934,0.0018068240007378038,0.00034450128409691194,0.0020211996140342726
585.7142857142858,3.5000000000000004,5.32661451174135e-05,2.0615113416206795e-10,9.592954489525772e-06,-1.2051760840749773e-08,0.0007883650504121005,0.0017498571551145701,0.00031358640536743225,0.0019698203936601593
585.7142857142858,3.6,5.1806862153546856e-05,1.8688379592656275e-10,8.279529971585068e-06,-1.1373685014712536e-08,0.0007345697635236392,0.0015543700324727211,0.0003044674509072651,0.0017723035272369007
585.7142857142858,3.7,5.043037448939606e-05,1.9566433241676411e-10,7.857713618190501e-06,-1.113310429839032e-08,0.0007897630258407584,0.0015167322033327471,0.00030632025777539045,0.001764048302700049
585.7142857142858,3.8000000000000003,4.913246396142717e-05,2.0174580698991847e-10,7.241662089247718e-06,-1.0799987220089173e-08,0.0008354855393387184,0.001435972300933521,0.0003051451093021928,0.001716473014921736
585.7142857142858,3.9000000000000004,4.7906970054350755e-05,2.0441117064548484e-10,6.644655472419029e-06,-1.034027582578214e-08,0.0008678347649822181,0.0013523961423216237,0.00029975372166978886,0.0016618715631443754
585.7142857142858,4.0,4.674792270199853e-05,2.0839661267445808e-10,6.1329977200726845e-06,-9.85195771844501e-09,0.0009063276943567585,0.0012801890232495942,0.00029278781433235906,0.0016222710110366356
585.7142857142858,4.1,4.5650205326847035e-05,2.1184629496591833e-10,5.7250565332415105e-06,-9.418184921191371e-09,0.0009431106188428588,0.0012246654401601375,0.00028672122836220266,0.0015980241566646745
585.7142857142858,4.2,4.4609738517027954e-05,2.1130206708741523e-10,5.216974799839831e-06,-9.193009111158214e-09,0.0009622512134709858,0.0011428151883408316,0.00028648210058491264,0.0015479334418636878
585.7142857142858,4.3,4.362144145520727e-05,2.1267034251106085e-10,4.89288879460434e-06,-8.862281739728344e-09,0.000990024333900465,0.001096820774400343,0.0002825064152473823,0.0015306154782253705
585.7142857142858,4.3999999999999995,4.268207328133263e-05,2.1650749249154875e-10,4.549907394069292e-06,-8.447291169651214e-09,0.0010296520123084885,0.0010430437973356224,0.00027526718583920984,0.0015164655211414835
585.7142857142858,4.5,4.1788204181398684e-05,2.2059887931914422e-10,4.2377044394008336e-06,-8.35614260984117e-09,0.0010711147470710788,0.0009928534660133838,0.00027817713225729887,0.0015125507727642468
585.7142857142858,4.6,4.0936712125858745e-05,2.1925221858478776e-10,4.14332748115316e-06,-7.916646599317309e-09,0.0010862750816409716,0.00099150646990413,0.0002690741613119381,0.0015191709717564032
585.7142857142858,4.7,4.012665334513034e-05,2.0910073837341337e-10,3.367747586959781e-06,-7.456296220593344e-09,0.0010565120384298477,0.0008226717320642993,0.00025859314841288425,0.0013880732325410796
585.7142857142858,4.8,3.935027204027153e-05,2.2809631506572464e-10,3.6026223092332614e-06,-7.411693618996526e-09,0.0011747016172349292,0.0008978128024400686,0.00026214065603861146,0.0015242792279816565
585.7142857142858,4.9,3.860991695850505e-05,2.343956933003409e-10,3.2434867929727346e-06,-7.174094250087619e-09,0.0012297748130411373,0.0008242603226867943,0.00025862732945693573,0.0015249679870181392
585.7142857142858,5.0,3.7901996744668304e-05,nan,nan,nan,nan,nan,nan,nan
600.0,0.1,0.0027855939504969106,nan,nan,nan,nan,nan,nan,nan
600.0,0.2,0.001287995501469683,-1.0271106278576728e-09,0.10170220208205359,-5.872791503042966e-06,0.0001609684250175342,0.3651005993314689,0.0029848800170334173,0.3651250368852618
600.0,0.30000000000000004,0.0008074190732629912,-3.8695841860582427e-10,0.02522194416537694,-2.8976855430139553e-06,9.675476064769506e-05,0.1958232318094057,0.0031788699852083368,0.19587485266498522
600.0,0.4,0.000579062086710069,-3.025812137548871e-10,0.009721202362097154,-1.5293501138973794e-06,0.00010554515118967972,0.12039847315980831,0.002676781999597187,0.12045801676409401
600.0,0.5,0.00044791712377811833,-3.2867894575924236e-10,0.004674286832625053,-9.105697564831126e-07,0.00014829190751187426,0.08072168667062855,0.0022233487332835268,0.08078303812447606
600.0,0.6,0.00036351502917241824,-1.1130961057674032e-10,0.002587145171145454,-5.972233238805838e-07,6.190716517437848e-05,0.05775946115485041,0.0018861679744340714,0.057821055374762356
600.0,0.7000000000000001,0.0003049843862781727,-1.4441462461367524e-10,0.0015695552062925623,-4.1408561165480685e-07,9.577883235690474e-05,0.04317717509138004,0.0016121165420448535,0.04323743125980874
600.0,0.8,0.0002621492954468528,-1.5641476230238472e-10,0.001021540671503415,-2.9957450660701967e-07,0.00012073729343193662,0.033494851456811296,0.0013907890261412909,0.03355276799070904
600.0,0.9,0.00022952961133056705,4.085711947075814e-11,0.0007019487070949363,-2.310678301705857e-07,3.60303846729637e-05,0.02677667723265909,0.0012485364426176738,0.026834854728649306
600.0,1.0,0.00020392941428523065,-2.2194312716494448e-11,0.000499285965978015,-1.8314468497000075e-07,2.203890715128881e-05,0.021752573146605766,0.0011305597347606668,0.021811264402587644
600.0,1.1,0.0001833220768996744,9.65571898373076e-11,0.0003707303098207133,-1.4546180022479926e-07,0.00010669187150020485,0.018179344609021566,0.0010111028915897964,0.018235805759103933
600.0,1.2000000000000002,0.0001664220426123253,-4.097335969345446e-11,0.00027820947516743623,-1.1949288744001428e-07,4.989331420079284e-05,0.015175994068608024,0.0009242443643392763,0.015232259865274544
600.0,1.3000000000000003,0.00015230410307665054,-5.933678890863956e-11,0.00021614582932541574,-9.958255839368875e-08,7.898188258620439e-05,0.012987812547699613,0.0008488326899280823,0.013043410090269394
600.0,1.4000000000000001,0.00014034762183422994,8.807507712067114e-11,0.0001717944693555408,-8.377458839769912e-08,0.00012725310904123505,0.011279700670249266,0.0007805734651913215,0.011334303261925895
600.0,1.5000000000000002,0.00013010908528536476,3.9984823207710124e-11,0.00013800610374117142,-7.2590638624105e-08,6.234068403413671e-05,0.009833162966179494,0.0007341655923485632,0.00988802197177508
600.0,1.6,0.00012125060977391129,5.5522091781413715e-11,0.00011130030149991262,-6.174924751683366e-08,9.292132109635382e-05,0.008554383520243855,0.0006739165048090655,0.008607812654457698
600.0,1.7000000000000002,0.00011350513727745693,1.2437723090996914e-10,9.272334754761482e-05,-5.464136612346994e-08,0.00022241577375483733,0.0076472479371865,0.0006401314206035435,0.007703856583588895
600.0,1.8000000000000003,0.00010668689825647872,8.651948808882148e-11,7.758021523717529e-05,-4.962667154804817e-08,0.00016467181105854443,0.006834951888347998,0.0006212092140448293,0.006893147749513103
600.0,1.9000000000000001,0.00010064446138787227,6.882514796948479e-11,6.503050672803316e-05,-4.286192530807697e-08,0.0001389086371699443,0.0060954538739797035,0.0005710511834147481,0.006150288810084723
600.0,2.0,9.525232958654614e-05,7.161651044808399e-11,5.499612245871874e-05,-3.7834775171500646e-08,0.00015277580295738452,0.005464396321499499,0.0005345290272858127,0.005518551455446326
600.0,2.1,9.04101590098072e-05,1.0532911030401712e-10,4.725096992745994e-05,-3.397088036523529e-08,0.00023679514860333503,0.0049606104262812575,0.0005072782721117412,0.00501780731340351
600.0,2.2,8.604049813234287e-05,7.772093804202662e-11,4.0616324223602216e-05,-3.142541273934324e-08,0.00018366876875080108,0.004492451364806955,0.0004945422666762128,0.0045502744520335035
600.0,2.3000000000000003,8.207700049711455e-05,8.880759636129735e-11,3.564316732503758e-05,-2.9154168201295624e-08,0.00022007659170296347,0.004142603552830805,0.00048227636190046567,0.0042041383041757675
600.0,2.4000000000000004,7.846993453513661e-05,1.1495944928068705e-10,3.152335989384371e-05,-2.50697922406309e-08,0.0002980750312806151,0.003840705642618109,0.0004348830798213934,0.0039010402643066123
600.0,2.5000000000000004,7.517810217209711e-05,9.542980943070298e-11,2.619251339212825e-05,-2.259722687332721e-08,0.0002583526191790983,0.003337904325687948,0.00041014187215470803,0.0033977616269938882
600.0,2.6,7.214819494297889e-05,1.412092919920735e-10,2.470576642435375e-05,-2.208736201509671e-08,0.00039845384348601807,0.0032862982318704334,0.000418572509258818,0.0033628748750433703
600.0,2.7,6.93653453781042e-05,1.7701583616447954e-10,2.153591488417806e-05,-2.0142635875916734e-08,0.0005196761630370276,0.0029849554657879673,0.0003978589084777957,0.003081656351587022
600.0,2.8000000000000003,6.67978549620713e-05,1.6956173959026097e-10,1.8977924025657084e-05,-1.799358594004217e-08,0.0005171005996845273,0.0027359373650069994,0.0003697740570700502,0.0028330570064860378
600.0,2.9000000000000004,6.442014378629497e-05,1.6793366828558543e-10,1.7111397742914765e-05,-1.7201199244737713e-08,0.0005312015595963664,0.0025616687470923793,0.0003672010753350669,0.002667207364679753
600.0,3.0000000000000004,6.221354658794779e-05,1.6481717359287519e-10,1.539356597616615e-05,-1.6439208111207104e-08,0.0005400259680228676,0.002389557841912338,0.00036399925955564976,0.0025033189265249263
600.0,3.1,6.0160885049362276e-05,1.558590531649279e-10,1.4029339375962697e-05,-1.4835840475664742e-08,0.0005282772034762753,0.0022550296752701943,0.00034026899368301165,0.002365544676429936
600.0,3.2,5.824851690453638e-05,1.3212830770163e-10,1.2207054095572963e-05,-1.3998534926050636e-08,0.00046271575451977613,0.002029068236871353,0.0003321318019923759,0.002133505764498993
600.0,3.3000000000000003,5.6458219300666216e-05,1.408196405858373e-10,1.1383006487153026e-05,-1.3283547615520802e-08,0.0005088421717550342,0.0019542139597835016,0.0003256345899810144,0.002071219044126743
600.0,3.4000000000000004,5.478175176166758e-05,1.4784343412895822e-10,1.0336846034440451e-05,-1.2998381794959396e-08,0.000550371802533888,0.001830884176383947,0.0003287813657265799,0.0019675467875645536
600.0,3.5000000000000004,5.320865268301335e-05,1.4039280750838264e-10,9.537355911839685e-06,-1.2730278291700022e-08,0.0005378950045268248,0.0017409731534932876,0.0003317340655679505,0.0018815986653895557
600.0,3.6,5.173092716347752e-05,1.4742107246417712e-10,8.611408634429979e-06,-1.1407164199557487e-08,0.0005807325884124156,0.0016184226061373543,0.0003059344508709961,0.0017730577677447753
600.0,3.7,5.0339315730285985e-05,1.499421920780278e-10,7.853233658056627e-06,-1.0289220390195216e-08,0.0006067860425921901,0.0015180925780122262,0.0002837246970901733,0.0016833875918451815
600.0,3.8000000000000003,4.902623663367502e-05,1.5618781083028432e-10,7.278918634665236e-06,-1.0074635706098055e-08,0.0006487576820852356,0.0014459709134039683,0.0002853902408760315,0.0016354245906337204
600.0,3.9000000000000004,4.77859467234107e-05,1.6150519624105833e-10,6.717356952475141e-06,-9.745722064619529e-09,0.0006880051920093171,0.0013701555358342848,0.000283365802766249,0.00158469861265915
600.0,4.0,4.661283038267114e-05,1.6618451045829784e-10,6.207818950642424e-06,-9.29932147530504e-09,0.0007254911930991362,0.0012990888276366757,0.0002773029675984487,0.0015387537571140658
600.0,4.1,4.5501792231438e-05,1.6954388672854408e-10,5.7279492660965215e-06,-8.651605175569724e-09,0.0007579548210609705,0.0012288353268987402,0.0002643847095385742,0.001491418895106098
600.0,4.2,4.444803357286583e-05,1.8474328892274684e-10,5.257179167118634e-06,-8.2565723778077e-09,0.0008451677431522906,0.0011553784827592695,0.00025838007326401666,0.001477405995997067
600.0,4.3,4.344684670596484e-05,1.9494006771721594e-10,4.991885899356429e-06,-8.220591042155339e-09,0.0009120213812759861,0.0011230836322990506,0.00026325421038526497,0.001493889354541937
600.0,4.3999999999999995,4.2495578698057416e-05,1.9750520305065745e-10,4.597265874685667e-06,-7.784622899218467e-09,0.0009443586310902376,0.0010581356814681115,0.00025494090715562156,0.0014633707926541635
600.0,4.5,4.159028334889685e-05,2.0556624248124948e-10,4.163492376741978e-06,-7.516310994115744e-09,0.0010039267110359047,0.0009797471888369185,0.0002515713579252776,0.001447186819806603
600.0,4.6,4.07266229235037e-05,2.1827576219773033e-10,4.1977744545844465e-06,-7.807206902463382e-09,0.0010881693131814902,0.0010093161470840978,0.0002668971528278658,0.0015314371418017152
600.0,4.7,3.99049402426564e-05,2.201286949388903e-10,3.652403144456441e-06,-7.287142208480462e-09,0.0011195606837809766,0.0008968097235355616,0.0002542999331007877,0.0014788579096201868
600.0,4.8,3.911978159325366e-05,2.1416797805595417e-10,3.4985762547029436e-06,-6.691190469351178e-09,0.001110735666044012,0.0008767276015021168,0.0002382168142812381,0.001454606306967797
600.0,4.9,3.8369608706397954e-05,2.150078282020325e-10,3.2757284468100446e-06,-6.8428397728663135e-09,0.0011364735298399517,0.0008373585724146671,0.00024842230772393817,0.001454705725833573
600.0,5.0,3.7652193104010346e-05,nan,nan,nan,nan,nan,nan,nan
614.2857142857142,0.1,0.0028107334630966194,nan,nan,nan,nan,nan,nan,nan
614.2857142857142,0.2,0.001302208267401953,-9.167980681434754e-10,0.1022515586728488,-5.569410778919926e-06,0.0001421492350679584,0.3637895944790049,0.002806550552899114,0.36381127347790615
614.2857142857142,0.30000000000000004,0.0008161986584357749,-3.6467558911862895e-10,0.025488063319414146,-2.847948558325985e-06,9.022092977377365e-05,0.1957295461674929,0.003091014326951061,0.19577837501084674
614.2857142857142,0.4,0.0005850696826637383,-2.486919109830893e-10,0.009839237719019225,-1.52200991286015e-06,8.587338987326764e-05,0.12054954535058766,0.002635822289518031,0.12060719454807131
614.2857142857142,0.5,0.00045233308408189387,-2.174294329230502e-10,0.004734402926090038,-9.024577382400087e-07,9.715984195540459e-05,0.08092032567018313,0.0021813324537005526,0.08097916379631567
614.2857142857142,0.6,0.00036694051476094986,-2.1282700335432756e-10,0.002616485126974741,-5.852261263976762e-07,0.00011728716063680201,0.05784421301584549,0.0018305863207750096,0.057902235088605834
614.2857142857142,0.7000000000000001,0.00030771279670975326,-6.577222454720249e-11,0.001590199806273995,-4.085654920944314e-07,4.3240017969879626e-05,0.04333671923118002,0.0015760988982919636,0.04339402353891232
614.2857142857142,0.8,0.0002643870767212966,-1.3158503938168864e-11,0.0010359643147581942,-2.957410981476275e-07,1.0071964161567451e-05,0.03366659839419537,0.001360984114565042,0.03372157327884773
614.2857142857142,0.9,0.0002314209998804219,-1.4370853176878867e-10,0.0007065774683883394,-2.26004988560324e-07,0.00012571968050154912,0.026725113691285957,0.001210943059384206,0.026780221683854057
614.2857142857142,1.0,0.00020552069772343057,-5.619388436864388e-12,0.000507548303525394,-1.7788564095928085e-07,5.537199298719124e-06,0.02193181706879024,0.0010893304642647392,0.021985857097693632
614.2857142857142,1.1,0.00018469587860169318,-5.215536983518079e-11,0.00037247451977866225,-1.4447090324449618e-07,5.720739629934535e-05,0.018123455394254338,0.0009965051093780335,0.01817825494869491
614.2857142857142,1.2000000000000002,0.00016759580467774242,4.090477398858185e-11,0.0002824858226197423,-1.1861533644211238e-07,4.946093258645838e-05,0.015294646786837002,0.0009107350223625177,0.01534886130238563
614.2857142857142,1.3000000000000003,0.00015332058897998908,1.2831003685201993e-10,0.0002204657229838973,-9.727027131623893e-08,0.00016963700885742826,0.0131546086972651,0.0008233158392483439,0.013207127039415163
614.2857142857142,1.4000000000000001,0.0001412500305120747,-2.3399624656948927e-11,0.00017168780360716062,-8.329926096359673e-08,3.359487927740756e-05,0.011197961392489093,0.0007709019864390686,0.011250957635196273
614.2857142857142,1.5000000000000002,0.00013089635008023195,4.229759289053745e-11,0.00013996252455286822,-7.132493368271911e-08,6.554798789313527e-05,0.009908849155321323,0.0007168092651776489,0.009960784063863545
614.2857142857142,1.6,0.00012194229489391787,4.459309904111336e-11,0.00011363474134173671,-6.05960520277206e-08,7.420420629851935e-05,0.008681276542247754,0.0006573339779582078,0.008731222399204491
614.2857142857142,1.7000000000000002,0.00011412458712102116,-9.80534111662215e-12,9.187488390598597e-05,-5.153765354153296e-08,1.7439903419423984e-05,0.007534291853856888,0.0006003210206153535,0.00758199370514846
614.2857142857142,1.8000000000000003,0.00010722562818718431,1.0049965502794112e-10,7.897829080598697e-05,-4.7342838355083475e-08,0.00019028769076658456,0.006920357198947499,0.0005894319872055017,0.0069729773627456885
614.2857142857142,1.9000000000000001,0.00010111645216140733,1.0969407122687352e-10,6.598000258798617e-05,-4.408960695753714e-08,0.00022031652790245008,0.006153379905856514,0.0005843598811057108,0.006212533829248535
614.2857142857142,2.0,9.566707616151021e-05,8.102754648379397e-11,5.600751582120866e-05,-3.8613364165218415e-08,0.000172076132760698,0.00553891227629373,0.0005428747023294707,0.005594513855984439
614.2857142857142,2.1,9.077777531982518e-05,5.138961706824362e-11,4.703334717552962e-05,-3.294544095255376e-08,0.00011505211767422323,0.004916356709399736,0.0004897577456132983,0.004966238574879138
614.2857142857142,2.2,8.635880794989544e-05,1.0363542244493428e-10,4.1330346485617384e-05,-2.9417155915314236e-08,0.00024395050485842782,0.004552914668816648,0.00046101807990914614,0.004605824483233455
614.2857142857142,2.3000000000000003,8.235314404482188e-05,1.241423220837755e-10,3.612664375941744e-05,-2.6793014863810402e-08,0.00030651846111101486,0.004183318947660531,0.0004414821249293592,0.0042407456794910205
614.2857142857142,2.4000000000000004,7.870874657734249e-05,1.3250920465586008e-10,3.189443681384505e-05,-2.520040502422011e-08,0.0003424226824530207,0.0038728863583503323,0.00043555432719631995,0.003936485384455695
614.2857142857142,2.5000000000000004,7.538329347800155e-05,1.1386295107387192e-10,2.6728165655050223e-05,-2.2871996521929728e-08,0.00030732452987525125,0.003395831698169151,0.0004137315061021529,0.0034595474859057127
614.2857142857142,2.6,7.232512203521112e-05,9.856581178360313e-11,2.48804447742159e-05,-2.0824729001426687e-08,0.0002773699861791491,0.0033005250402699036,0.00039345239104101313,0.003358572497165046
614.2857142857142,2.7,6.951575504016284e-05,6.7630648722856e-11,2.1373672786983768e-05,-1.975341860450838e-08,0.00019807950301441486,0.002955221116195021,0.0003891109647781979,0.0030125374721222346
614.2857142857142,2.8000000000000003,6.69201247729844e-05,8.111144778484964e-11,1.937219451802899e-05,-1.6950794914732765e-08,0.00024684784356371467,0.002786734389468499,0.000347523433098813,0.002840487192089412
614.2857142857142,2.9000000000000004,6.451821645098625e-05,1.0591096531041345e-10,1.6987784692890135e-05,-1.5735608113144074e-08,0.0003343933127953107,0.00253851658981785,0.0003352190997918775,0.002603964103852667
614.2857142857142,3.0000000000000004,6.2286185975917e-05,1.268925654668574e-10,1.5660094359003215e-05,-1.5828936705917793e-08,0.0004151087186477841,0.0024272360924453037,0.00034983756378048056,0.0025116852786187757
614.2857142857142,3.1,6.02107564444378e-05,1.350731797791385e-10,1.4010566534192287e-05,-1.5249825179515343e-08,0.0004572363728609443,0.0022493858493132786,0.00034921153627927174,0.002347913796096209
614.2857142857142,3.2,5.827543257830051e-05,1.479898596502525e-10,1.2645153556743882e-05,-1.4022454528422572e-08,0.0005177557304919819,0.0021001485952784485,0.0003322719862201389,0.002213482429196283
614.2857142857142,3.3000000000000003,5.6466560247730665e-05,1.494428434918149e-10,1.1463010941301027e-05,-1.2941549165667966e-08,0.00053974557531749,0.001967040043143224,0.0003169401525525281,0.002088414216098843
614.2857142857142,3.4000000000000004,5.477231802657383e-05,1.4185068981880366e-10,1.0173603656526496e-05,-1.231493222457884e-08,0.0005283473570519872,0.0018017041611695065,0.00031134653331463713,0.0019285129353191852
614.2857142857142,3.5000000000000004,5.317981184198226e-05,1.690062645399252e-10,9.777244917344824e-06,-1.1298937786990746e-08,0.000648223036230237,0.0017850705008689261,0.00029459389640007467,0.001944284167853131
614.2857142857142,3.6,5.1685078106564135e-05,1.8235058561544447e-10,8.851304739276035e-06,-1.0842035253536534e-08,0.0007193840757974153,0.0016644106913308906,0.0002910921628299592,0.0018593670139188554
614.2857142857142,3.7,5.027885741853877e-05,1.7528049045886676e-10,7.924763884420832e-06,-1.032162314053606e-08,0.0007106081627476977,0.001533278883332938,0.00028503598762988597,0.001737354058195004
614.2857142857142,3.8000000000000003,4.895188436935762e-05,1.726765702397936e-10,7.297231642501479e-06,-9.709278083094694e-09,0.0007188011724983679,0.001451351923484811,0.0002755380572886671,0.0016658151078126633
614.2857142857142,3.9000000000000004,4.769788363660148e-05,1.7394749973993034e-10,6.7770365714387125e-06,-1.0083447014969518e-08,0.0007428855589765142,0.0013844281295289486,0.000293820723273809,0.0016251712015714404
614.2857142857142,4.0,4.6511653269559727e-05,1.532235720019804e-10,6.255702672089852e-06,-9.407524950322907e-09,0.0006708478433595192,0.0013115262554939592,0.0002812400355985857,0.0015258865826256916
614.2857142857142,4.1,4.538797992923887e-05,1.6287911195194434e-10,5.972475181073094e-06,-8.190270597743876e-09,0.000730534633079067,0.0012840814637268278,0.0002510121456292276,0.0015193946985959826
614.2857142857142,4.2,4.432403134072875e-05,1.4758216171665517e-10,5.195289179300832e-06,-8.203763216908767e-09,0.0006776184702125872,0.001144639877650522,0.0002575648378602495,0.0013791470306261772
614.2857142857142,4.3,4.3312035644011636e-05,1.3896158746844264e-10,4.935135178373261e-06,-7.845727720150165e-09,0.000652740297553687,0.0011134220036160007,0.00025216374170936614,0.001339011411248045
614.2857142857142,4.3999999999999995,4.2349391299078254e-05,1.4531642060488942e-10,4.7567856634071545e-06,-7.36069908692267e-09,0.0006978705379931774,0.0010982595467236675,0.0002420264117452251,0.001345492804786819
614.2857142857142,4.5,4.143431481077894e-05,1.4020527944869145e-10,4.184147258693099e-06,-6.681862590325146e-09,0.000687980942482003,0.0009880064695957434,0.0002246237909595787,0.0012451450743232993
614.2857142857142,4.6,4.0561079795066564e-05,1.4791041676395332e-10,4.0306584285193885e-06,-6.581263119691406e-09,0.0007411810057583188,0.0009727826915749629,0.0002260577158811634,0.0012640647254565567
614.2857142857142,4.7,3.972815136363938e-05,1.5996925290866597e-10,3.77759646472665e-06,-6.741354696390001e-09,0.0008181139004186049,0.0009313352809670809,0.00023646710720939045,0.0012839506007694102
614.2857142857142,4.8,3.893299889685946e-05,1.6730025124426238e-10,3.5333172823974113e-06,-6.421622024899227e-09,0.0008727786052641056,0.0008893736962629552,0.0002298899758794716,0.001287799234131981
614.2857142857142,4.9,3.8173179602903515e-05,1.726380360901784e-10,3.2261350749427933e-06,-6.27492234970794e-09,0.0009182332958591484,0.0008286377022970688,0.00022914685154691545,0.0012785966472817956
614.2857142857142,5.0,3.7445621659697e-05,nan,nan,nan,nan,nan,nan,nan
628.5714285714287,0.1,0.002834903901703833,nan,nan,nan,nan,nan,nan,nan
628.5714285714287,0.2,0.0013162339316876632,-6.403877280366292e-10,0.10273398583474488,-5.27065465563986e-06,9.825466736095899e-05,0.36238965903923503,0.0026343759773830846,0.36240882233485033
628.5714285714287,0.30000000000000004,0.0008249038200189426,-4.2707239895357656e-10,0.025745281681596444,-2.8131416478672506e-06,0.00010456550738457534,0.1955980700830747,0.003021341592358761,0.19564476216910118
628.5714285714287,0.4,0.0005910265251661865,-3.339003923524476e-10,0.009955544071858127,-1.5069366824675717e-06,0.00011415848413892582,0.12068733142282595,0.002582735841260612,0.12074264386277947
628.5714285714287,0.5,0.00045670467103201164,-1.5226810415670047e-10,0.004793974936932753,-8.9277175953204e-07,6.74014705122745e-05,0.08111268670360895,0.0021366320962524794,0.0811689773291836
628.5714285714287,0.6,0.00037032256626716426,-9.855789615808318e-11,0.002648732273604812,-5.772899372496142e-07,5.382577053090467e-05,0.05799661009858942,0.0017887615813331403,0.05805177875079354
628.5714285714287,0.7000000000000001,0.000310427784238365,-8.171201638681307e-11,0.001608917037720773,-3.986441242978909e-07,5.3256250222706074e-05,0.04344636768800207,0.0015239904255336873,0.04349982523118334
628.5714285714287,0.8,0.0002666221725867735,-2.0428097271109448e-11,0.0010466499223305207,-2.963233688124725e-07,1.5506607331545213e-05,0.03371637383871672,0.001351912548715582,0.033770541013814416
628.5714285714287,0.9,0.0002332830601584872,-2.007928778088779e-11,0.0007166886617462842,-2.2531168123997948e-07,1.742704776532813e-05,0.026880309870441647,0.0011972107853617188,0.026933584792265017
628.5714285714287,1.0,0.00020711083434766378,-8.554607802634106e-12,0.0005120427813844006,-1.749160704206358e-07,8.365332099104949e-06,0.02194941977512343,0.001062681865604698,0.022000810983650823
628.5714285714287,1.1,0.00018605903635068437,-2.848447463243501e-11,0.0003770676302513475,-1.4236026789039177e-07,3.10173425558988e-05,0.018206079437562795,0.0009744732456089755,0.018258189580985337
628.5714285714287,1.2000000000000002,0.00016877791465621844,4.019019686843377e-12,0.0002866467643381642,-1.13568879224682e-07,4.825865040353536e-06,0.01540622643008276,0.0008656727614744956,0.015454792614715725
628.5714285714287,1.3000000000000003,0.00015436326060513415,-6.764907923158516e-11,0.00021990572022661544,-9.650323782591811e-08,8.884577916633136e-05,0.013029294779150378,0.000811138403379061,0.013079996446228249
628.5714285714287,1.4000000000000001,0.00014214766375631602,8.980035606135739e-11,0.00017601801294156523,-8.266048955262826e-08,0.00012810107011253368,0.011402843672227462,0.000759925335096257,0.011454092138937253
628.5714285714287,1.5000000000000002,0.00013169224703691353,3.624896423701418e-11,0.00014062503288707706,-7.017546343096165e-08,5.583393755173293e-05,0.009892883862526985,0.0007007418064695478,0.009942552323457886
628.5714285714287,1.6,0.00012264308064638182,5.3992799412504243e-11,0.000114812161871149,-6.179926946830381e-08,8.93271362983725e-05,0.008718217241670044,0.0006663218211622333,0.008769450424567438
628.5714285714287,1.7000000000000002,0.00011474203587456159,5.466180990790996e-11,9.438771488277138e-05,-5.193000879905759e-08,9.669246352586316e-05,0.007696130461278982,0.0006014008010531801,0.007743586982564589
628.5714285714287,1.8000000000000003,0.00010778486825156907,-1.2899703785013167e-11,7.831288515141843e-05,-4.330757899300816e-08,2.4299028526331077e-05,0.006825125992799339,0.0005362540238716543,0.006867173510011929
628.5714285714287,1.9000000000000001,0.00010161082948009073,4.814965970252318e-11,6.615682618381649e-05,-4.0280612133125135e-08,9.622932931693394e-05,0.006137858426417238,0.0005311329870168185,0.006184397355147605
628.5714285714287,2.0,9.609835897045056e-05,1.1322425984267024e-10,5.6999084598546106e-05,-3.7739262095938514e-08,0.0002393198753914713,0.005609548203689679,0.000527965666214769,0.0056640798495147205
628.5714285714287,2.1,9.115587930679585e-05,1.309289718009903e-10,4.848682105201238e-05,-3.316698551387621e-08,0.00029183041750045215,0.00504554100314259,0.0004907308023849988,0.005101400047809471
628.5714285714287,2.2,8.669826785366126e-05,8.44131361645013e-11,4.139663597747236e-05,-2.9885173309970177e-08,0.00019788845632106884,0.004541301810950351,0.00046628196486296744,0.004593192758942195
628.5714285714287,2.3000000000000003,8.26546227603014e-05,4.507177973509202e-11,3.636236474345534e-05,-2.7204910054495647e-08,0.00011086951312528098,0.004194128169299954,0.0004464324546812831,0.004242830072326906
628.5714285714287,2.4000000000000004,7.897460131437609e-05,4.400628861438865e-11,3.171422524090612e-05,-2.451916077608656e-08,0.00011332415188943274,0.0038369572301935797,0.0004221930448329031,0.0038847879072025026
628.5714285714287,2.5000000000000004,7.561172212085984e-05,7.442598969273495e-11,2.7332167189231774e-05,-2.1570782253964236e-08,0.00020023610124393415,0.003460880679907451,0.0003888406582431035,0.0035100119218891396
628.5714285714287,2.6,7.252216459923591e-05,1.143836809896794e-10,2.473597978182339e-05,-2.026541521264345e-08,0.0003209072010483595,0.003271447744872776,0.0003816553094309396,0.0033311669621247622
628.5714285714287,2.7,6.967996687543022e-05,1.3631907812968157e-10,2.2117878896376022e-05,-1.999672603600196e-08,0.00039815978435150376,0.003049809533209804,0.00039271033496869856,0.0031254299251646475
628.5714285714287,2.8000000000000003,6.705894794058828e-05,1.2502543690661255e-10,1.999745926475947e-05,-1.7802834149510273e-08,0.0003795618544437451,0.0028699007995382324,0.00036398873086201174,0.0029403015819687676
628.5714285714287,2.9000000000000004,6.463790359839394e-05,7.41816629683539e-11,1.678625496186306e-05,-1.6006719718585336e-08,0.00023372667670577585,0.0025032088151360583,0.00034016103116199774,0.002559707324250408
628.5714285714287,3.0000000000000004,6.238472180581823e-05,7.165319427224944e-11,1.5665378132777087e-05,-1.4748387586986724e-08,0.00023397754771108695,0.0024235591287286628,0.00032527770822042177,0.002477901434320419
628.5714285714287,3.1,6.0288193794570285e-05,7.527482382969878e-11,1.4088448091581731e-05,-1.456022966634706e-08,0.0002544212688728222,0.002258317050035766,0.00033281653473096566,0.0023208316983611196
628.5714285714287,3.2,5.833255026423816e-05,6.986457445756634e-11,1.2849300037719872e-05,-1.3285915253326074e-08,0.00024412873226054528,0.0021313128207992717,0.00031433532108620705,0.0021908232621969366
628.5714285714287,3.3000000000000003,5.650539973428324e-05,8.15282598197243e-11,1.1358420752294463e-05,-1.173112127916355e-08,0.00029416835567718343,0.0019471839823293226,0.0002869455159039792,0.0020106555997277354
628.5714285714287,3.4000000000000004,5.479183341185126e-05,1.0989572511113887e-10,1.0719498592778516e-05,-1.0758238318120133e-08,0.0004090124816381322,0.0018970750836534175,0.0002717233629315504,0.0019783458380879886
628.5714285714287,3.5000000000000004,5.318546207534707e-05,1.055522681524578e-10,9.735271603551958e-06,-1.0904679135618688e-08,0.0004048149784372856,0.001776774201070311,0.0002840970300847875,0.0018660718028420597
628.5714285714287,3.6,5.167644345487839e-05,8.043507155291572e-11,8.674580104691541e-06,-1.1167144608806871e-08,0.00031760270713415126,0.0016310058738236385,0.0002997983120782858,0.001714878915806049
628.5714285714287,3.7,5.0254170635456635e-05,9.017498028594679e-11,8.087440538081049e-06,-1.0146215693223534e-08,0.00036601979730804406,0.0015650149269933115,0.00028044059094923444,0.0016554564518093532
628.5714285714287,3.8000000000000003,4.891277222141569e-05,9.502049545331734e-11,7.394623216035882e-06,-9.221084365973981e-09,0.0003961428267254717,0.0014714446826068275,0.0002619983496446755,0.0015682362269667863
628.5714285714287,3.9000000000000004,4.76453200395351e-05,1.0517739508426318e-10,6.387841552890312e-06,-8.40263044662765e-09,0.0004500152390518483,0.0013059659599693467,0.0002452154382929255,0.001424191709824184
628.5714285714287,4.0,4.644174627318341e-05,1.6153635760470282e-10,6.923575530025316e-06,-8.1843582756163e-09,0.0007087815907496877,0.0014531491286615932,0.00024512493012930305,0.0016535374795442035
628.5714285714287,4.1,4.530740826213198e-05,1.5049444976403423e-10,5.707766602473074e-06,-8.493209020240445e-09,0.0006766803250761729,0.0012290163614646157,0.0002608627062315448,0.0014506812820526116
628.5714285714287,4.2,4.4230147917105276e-05,1.5869549206012413e-10,5.269651762647859e-06,-8.231056672799144e-09,0.0007306834269055122,0.0011630883259001698,0.0002590697450744696,0.0014215860824535191
628.5714285714287,4.3,4.320558408970505e-05,1.7364775748260535e-10,5.184005016260691e-06,-7.55084352195397e-09,0.0008182094728787615,0.0011720523806468808,0.0002433650322588131,0.001470247122881466
628.5714285714287,4.3999999999999995,4.2232860312467436e-05,1.6921799072138336e-10,4.682305976768546e-06,-7.3861094490622635e-09,0.0008154611615738167,0.0010837270402471514,0.0002436178482571662,0.001399335740906046
628.5714285714287,4.5,4.1306959594997505e-05,1.716925753624479e-10,4.466358844143399e-06,-6.615088362725516e-09,0.0008456589967613454,0.0010575553753873733,0.00022314668387384126,0.0013903781485128128
628.5714285714287,4.6,4.042572246596901e-05,1.6849367293510908e-10,3.952393398973734e-06,-6.122370307245401e-09,0.0008477699321133544,0.0009568347411007203,0.00021108695379679743,0.0013127688234031104
628.5714285714287,4.7,3.958400927093025e-05,1.6477760065096153e-10,3.8063032990965275e-06,-6.332669012271386e-09,0.0008464547332620145,0.0009415547990022276,0.00022303819482219237,0.0013048000336008878
628.5714285714287,4.8,3.878035910888245e-05,1.6054703761012125e-10,3.5273804837718706e-06,-5.877373706326925e-09,0.0008415663442696911,0.0008911124842430535,0.00021134253328434883,0.0012616048129788387
628.5714285714287,4.9,3.801198275167238e-05,1.6734777038947359e-10,3.3307526035647106e-06,-5.308524633749143e-09,0.000894675438546273,0.0008588761631146986,0.00019478608980859582,0.0012704312832540125
628.5714285714287,5.0,3.727691392049795e-05,nan,nan,nan,nan,nan,nan,nan
642.8571428571429,0.1,0.002858174655234172,nan,nan,nan,nan,nan,nan,nan
642.8571428571429,0.2,0.0013301289046003047,-1.0514319703323385e-09,0.1031438670003233,-4.971686684637205e-06,0.0001596788719942155,0.36087321259894345,0.002465694673809395,0.3608900945845886
642.8571428571429,0.30000000000000004,0.0008335218239696708,-2.9039608723691515e-10,0.02600004813923832,-2.7675303816750914e-06,7.037866704722656e-05,0.19547013864081972,0.002942095156105464,0.19551442888245668
642.8571428571429,0.4,0.0005969152247314199,-8.080385263606336e-11,0.010073655736566297,-1.490491335866512e-06,2.7357209603735887e-05,0.12085653244914733,0.002528586253460834,0.12090942759326545
642.8571428571429,0.5,0.0004610451828588321,-1.0473067720411533e-10,0.004850936293077555,-8.850005500255012e-07,4.592876295965839e-05,0.0812667543412085,0.002097400226553617,0.08132088075043391
642.8571428571429,0.6,0.00037368450391701987,-9.855248264707543e-11,0.002680227087005753,-5.73367460752747e-07,5.334574809092386e-05,0.05813371848690186,0.001760118546704248,0.05818700976575527
642.8571428571429,0.7000000000000001,0.00031312609584526515,-6.545742306172104e-11,0.0016285411679296822,-3.968940746552898e-07,4.229952631073094e-05,0.04358064492530617,0.0015038513013227288,0.043632528448721834
642.8571428571429,0.8,0.00026885309945280726,-1.2768089154121734e-10,0.001056091956237032,-2.9253780085403946e-07,9.613192669094079e-05,0.033727369588477614,0.0013232948805070833,0.03377938601257646
642.8571428571429,0.9,0.00023514102262271966,-2.1094248831387415e-11,0.0007270279340937889,-2.220282804590215e-07,1.8164748417934527e-05,0.02704182825392373,0.0011701676175607293,0.027092423106454842
642.8571428571429,1.0,0.00020869922513356992,-4.761915914300183e-11,0.0005158953297167123,-1.7438721786504018e-07,4.621596396325835e-05,0.021939826745776256,0.0010511822324651859,0.021990181939258828
642.8571428571429,1.1,0.0001874163809415873,2.1188095768377086e-12,0.0003827308093189119,-1.41635162382671e-07,2.2906213564117407e-06,0.01833887064381575,0.000962231163861033,0.01838928925660163
642.8571428571429,1.2000000000000002,0.00016996084484279382,-3.988983241629738e-11,0.0002886817551741839,-1.1503821196270252e-07,4.7569181962499984e-05,0.015403229628265973,0.0008705656780300628,0.015452427479450961
642.8571428571429,1.3000000000000003,0.00015539212629574217,1.420975114131827e-13,0.0002240215855144636,-9.311373780481687e-08,1.8539382969354252e-07,0.013180776179459074,0.0007772760244852117,0.013226533059114384
642.8571428571429,1.4000000000000001,0.00014306362360383515,-3.076516819997686e-11,0.00017604208294704564,-7.700028981112906e-08,4.360951331797693e-05,0.01132889337082643,0.0007032329371245747,0.01137254588581293
642.8571428571429,1.5000000000000002,0.0001324955417413986,5.4729646804791325e-11,0.00014274254585393555,-6.848008624533287e-08,8.378452622997359e-05,0.009977556995844822,0.0006794919012319948,0.010024075116430805
642.8571428571429,1.6,0.0001233548853375014,5.251294964648207e-11,0.00011564111659076229,-6.05638088371419e-08,8.637292446791455e-05,0.008727925111357157,0.000649011500794278,0.00877647815970999
642.8571428571429,1.7000000000000002,0.0001153706400995118,7.090969880642917e-11,9.550808618224395e-05,-5.2605116973279314e-08,0.00012473841577341187,0.007742545900872265,0.0006056716444006261,0.007790779998250849
642.8571428571429,1.8000000000000003,0.00010834147572334464,1.0050242396572472e-10,8.027219127604294e-05,-4.6083207181589014e-08,0.00018831218835323258,0.0069577659625364805,0.0005674600862847981,0.007006424949199576
642.8571428571429,1.9000000000000001,0.00010211503325993792,-2.957402684479778e-13,6.641579746643479e-05,-4.015096193284725e-08,5.88146960208059e-07,0.006130228245739503,0.000526618229232786,0.006175301790965347
642.8571428571429,2.0,9.655274877119554e-05,-2.1991334054178024e-11,5.7023920964009535e-05,-3.4385388349189496e-08,4.6267059021575987e-05,0.00558428266079617,0.0004786822984065428,0.005625355718711022
642.8571428571429,2.1,9.156070349209326e-05,1.0833412542057517e-11,4.8629671508192914e-05,-3.1845617447011195e-08,2.4039957413047684e-05,0.005036591099382616,0.00046899480534407667,0.005080131895611773
642.8571428571429,2.2,8.70549549280729e-05,4.381809549621135e-11,4.160934341232896e-05,-2.9646151556473298e-08,0.00010229248091547391,0.004544454315592077,0.0004605054526245461,0.004592021267584588
642.8571428571429,2.3000000000000003,8.296529979817584e-05,1.0338321370586847e-10,3.737922583583417e-05,-2.7003080692147635e-08,0.0002532935871728408,0.0042937505242197724,0.00044126712025161885,0.004346249480686857
642.8571428571429,2.4000000000000004,7.924943692663712e-05,8.987616519206832e-11,3.2176568610804944e-05,-2.3688223344917367e-08,0.00023059431247181167,0.0038783164394124705,0.0004062605905538295,0.00392741740537413
642.8571428571429,2.5000000000000004,7.585533974120645e-05,9.729525182096297e-11,2.813082158501737e-05,-2.139190533207276e-08,0.00026085763714354287,0.0035496557043122805,0.0003841948735105482,0.0036004602105392577
642.8571428571429,2.6,7.274255077162595e-05,2.4507326629738913e-11,2.4223712867860633e-05,-1.961848574880981e-08,6.854373766806121e-05,0.003193409053404019,0.00036819291986932485,0.003236308341122653
642.8571428571429,2.7,6.987199893072406e-05,5.3516188371358215e-11,2.21839413657056e-05,-1.7811955596388116e-08,0.00015585698858244977,0.0030496512880544596,0.0003487237188860581,0.0030931991277397034
642.8571428571429,2.8000000000000003,6.722328650347923e-05,7.503914302199348e-11,1.9815578445873837e-05,-1.8032845640680257e-08,0.0002272024188820128,0.0028359827612088754,0.0003676236241523786,0.0028921814291447234
642.8571428571429,2.9000000000000004,6.477272986069313e-05,1.0921328177992633e-10,1.7570751868430965e-05,-1.6671473062220198e-08,0.0003432693395195535,0.0026137894742057233,0.00035334349480334537,0.0026831758245710446
642.8571428571429,3.0000000000000004,6.249788073659135e-05,1.0979829203458045e-10,1.5796174115805804e-05,-1.4414545603186349e-08,0.00035776115800349425,0.002438707485353586,0.0003171454998537379,0.00250528437137395
642.8571428571429,3.1,6.038099335364761e-05,1.1746769646495874e-10,1.3982005589185147e-05,-1.2897872136990881e-08,0.0003962625547765301,0.0022371967536171104,0.00029418038388432456,0.0023097959916922573
642.8571428571429,3.2,5.8403926026595726e-05,1.5813292267126975e-10,1.340189416633444e-05,-1.2483309329559479e-08,0.0005515871353263538,0.0022195550987113457,0.000294776158646372,0.0023247492706710733
642.8571428571429,3.3000000000000003,5.6560877641207186e-05,1.3368722634039792e-10,1.159472403123191e-05,-1.1993249375305675e-08,0.0004816623378013811,0.001985264488204433,0.00029283752985152035,0.0020844139064881
642.8571428571429,3.4000000000000004,5.4833776496130966e-05,1.1076218532571772e-10,1.059782368719185e-05,-1.1492731262321335e-08,0.00041175259873165723,0.0018737021293090495,0.00028985050938273263,0.001961715195312102
642.8571428571429,3.5000000000000004,5.3212653587926664e-05,8.909741557003076e-11,9.26934441953744e-06,-1.135926496091353e-08,0.0003414160575101859,0.0016904442866873268,0.00029559229059162743,0.0017745186432478058
642.8571428571429,3.6,5.1684224123917737e-05,1.2749443577568528e-10,9.209224966690172e-06,-1.0028645049681906e-08,0.0005030987373821035,0.001730645691531467,0.0002690042470017721,0.0018420014709499765
642.8571428571429,3.7,5.024788690957571e-05,1.363526910920408e-10,8.150231608768602e-06,-9.737638417776262e-09,0.0005535586870357235,0.0015769283078000097,0.0002689760925080859,0.0017140088636338942
642.8571428571429,3.8000000000000003,4.889305201132137e-05,1.243491755878073e-10,7.600410390867739e-06,-9.534948533323933e-09,0.0005188293695181477,0.001512583087234129,0.000270966966926087,0.0016443654413759656
642.8571428571429,3.9000000000000004,4.761422121697571e-05,1.1256207960792577e-10,6.94154577698464e-06,-7.692093545137149e-09,0.0004821429043219302,0.0014197407384953797,0.0002246592160987842,0.001532667306197804
642.8571428571429,4.0,4.640480588039989e-05,7.772834667815592e-11,6.2159204214075545e-06,-7.432705093981522e-09,0.00034156613750462755,0.0013054756042489713,0.00022285819730980067,0.00138573645827603
642.8571428571429,4.1,4.525754974803815e-05,8.829131401392849e-11,5.8357712919701655e-06,-7.851828686119772e-09,0.0003976973348110627,0.0012575790764023074,0.00024152619191034058,0.0013624749929000987
642.8571428571429,4.2,4.4168651328596114e-05,9.852786157811347e-11,5.48179440979879e-06,-6.9759927065517776e-09,0.00045461586269983655,0.0012112441880564732,0.00021995749147346152,0.00133062040485989
642.8571428571429,4.3,4.313457085325206e-05,1.0027979735028365e-10,5.0373231769296875e-06,-6.676257504852339e-09,0.00047367175323618436,0.0011404747542446182,0.00021563370620176356,0.001272023343097044
642.8571428571429,4.3999999999999995,4.215086360967731e-05,1.1249377139569994e-10,4.748731420788846e-06,-6.497577355265801e-09,0.0005436030702130141,0.001100910783822212,0.0002148392056312273,0.0012648401560804298
642.8571428571429,4.5,4.1214643680310444e-05,1.2711387809674207e-10,4.63278497921812e-06,-6.1851492763385086e-09,0.0006280202665409186,0.0010990960996952127,0.00020921925420755859,0.001299987340020544
642.8571428571429,4.6,4.032475160073576e-05,1.2525638360081044e-10,3.863573882554433e-06,-6.451282121215278e-09,0.0006323332201914366,0.0009374274620746477,0.00022311294286442572,0.0011739566936461651
642.8571428571429,4.7,3.947349525998662e-05,1.248193220170719e-10,3.824510322105329e-06,-6.024161458219737e-09,0.0006435257947102223,0.0009484274968318833,0.00021288289770352335,0.0011850225404917464
642.8571428571429,4.8,3.866048402245853e-05,1.4184123043924443e-10,3.7465721712727097e-06,-5.600736132225106e-09,0.0007464394490078313,0.0009491361599970918,0.00020212837872742351,0.001240863837906115
642.8571428571429,4.9,3.7884938506643173e-05,1.299950043534108e-10,3.337936798969084e-06,-5.9755596197449454e-09,0.000697927095739794,0.000863397570767614,0.00022012466977226956,0.0011530252974934687
642.8571428571429,5.0,3.7142772358817505e-05,nan,nan,nan,nan,nan,nan,nan
657.1428571428571,0.1,0.002880490283295617,nan,nan,nan,nan,nan,nan,nan
657.1428571428571,0.2,0.0013438092995598171,-5.517760501861817e-10,0.1034952247588782,-4.67089061974589e-06,8.295952410415301e-05,0.3592972535233398,0.0022993984089772833,0.35931197828319633
657.1428571428571,0.30000000000000004,0.0008420805634127995,-2.430703165375852e-10,0.026243560644870077,-2.720915962961167e-06,5.831976009438729e-05,0.1952922981963774,0.002863627831199646,0.19533429259791646
657.1428571428571,0.4,0.0006027874337144828,-2.1720044389204175e-10,0.010187001706189398,-1.4792440449590832e-06,7.283191867109901e-05,0.12097419354869482,0.002484400865409977,0.1210252259017332
657.1428571428571,0.5,0.00046536432107805993,-1.1381158116237759e-10,0.004908512037367774,-8.809054137432337e-07,4.9454588006265496e-05,0.08143023166758231,0.002067703970153819,0.08148273359803769
657.1428571428571,0.6,0.00037702632881531485,-8.478799797780663e-11,0.002712271224182782,-5.700301593998479e-07,4.549397761264445e-05,0.058282749693821675,0.0017338678961705675,0.05833432589254299
657.1428571428571,0.7000000000000001,0.0003158110487943976,-5.964039742359596e-11,0.0016462200220556352,-3.975727133758739e-07,3.8217041252448374e-05,0.04366326424014889,0.0014932555535181133,0.04371431949537282
657.1428571428571,0.8,0.0002710579689940367,-7.466147326002019e-11,0.0010689790944535212,-2.8948319110382713e-07,5.576274146799039e-05,0.03384869207503435,0.0012984879501070942,0.03389851333889107
657.1428571428571,0.9,0.00023699468013821102,-1.8474498648116622e-11,0.000734650644134728,-2.1900717223744505e-07,1.578560437199852e-05,0.027103082298638875,0.0011449959201590364,0.02715141525936464
657.1428571428571,1.0,0.0002102778977237326,-7.013217545409587e-11,0.0005213042633353802,-1.7223968039499162e-07,6.756295476003231e-05,0.021996454225527977,0.0010301958675919963,0.022044753804472635
657.1428571428571,1.1,0.00018877415794260797,1.844349210501804e-11,0.0003865216085760075,-1.3606071626304832e-07,1.9796271830929373e-05,0.018381466276775674,0.0009175338951891508,0.018427219846581896
657.1428571428571,1.2000000000000002,0.00017113563424724342,7.822298916863433e-11,0.00029239104339634335,-1.141031387971888e-07,9.263743974226395e-05,0.015488933791734223,0.0008573060446854264,0.015536589040342049
657.1428571428571,1.3000000000000003,0.0001564210209858423,4.660225280482669e-11,0.0002266897121157995,-9.555412550265912e-08,6.0400727087603833e-05,0.01324620165244463,0.000792135757814879,0.013293624960208464
657.1428571428571,1.4000000000000001,0.0001439733048455992,7.674694127310593e-13,0.00017844170562020275,-7.80253893590752e-08,1.0810533774164885e-06,0.011407782949860272,0.0007078956435482436,0.011451626324854837
657.1428571428571,1.5000000000000002,0.0001333100057615581,-3.6688083831042955e-11,0.00014307002796032307,-6.589324433107282e-08,5.582711385374209e-05,0.00993726080774177,0.0006497181412830965,0.009979806428681197
657.1428571428571,1.6,0.00012407740695712024,-1.0079074834446455e-11,0.00011689075388829782,-5.817107604783595e-08,1.6482284682427303e-05,0.008768340622336468,0.0006196197954439304,0.008812033041065847
657.1428571428571,1.7000000000000002,0.00011601371569156535,1.4128382267752975e-11,9.685694678782432e-05,-5.0994870233333125e-08,2.471585257862331e-05,0.007806171096184901,0.000583742444256569,0.007849740666973307
657.1428571428571,1.8000000000000003,0.00010891859389388873,-1.2981640435195739e-11,7.957045884161708e-05,-4.556561837836214e-08,2.4196184744392212e-05,0.00685871134867911,0.0005579797882059751,0.006903998095882455
657.1428571428571,1.9000000000000001,0.00010261917668462827,9.98263078329826e-11,6.828910692147028e-05,-3.980604862532119e-08,0.00019751780575480923,0.006269738203561394,0.0005193551291945073,0.0063157018553149525
657.1428571428571,2.0,9.700265054458252e-05,1.1916969019543683e-10,5.816141733726818e-05,-3.5454590323155514e-08,0.000249498617194546,0.005667694793148776,0.0004910568291674441,0.005715530373220993
657.1428571428571,2.1,9.196773857790945e-05,5.875949975142849e-11,4.8775785971677905e-05,-3.1674920251874794e-08,0.0001297992693156934,0.005028294144319336,0.000464211508206558,0.005072629939273495
657.1428571428571,2.2,8.742058447095316e-05,5.813978210886669e-11,4.2364508709542775e-05,-2.6710275851068094e-08,0.00013514261078127385,0.004606453237257124,0.00041301951384013904,0.004645303562729878
657.1428571428571,2.3000000000000003,8.32970754510923e-05,4.8414218338963276e-11,3.690481821957101e-05,-2.497479924587336e-08,0.00011813250318766034,0.004221524992415627,0.00040636748470330937,0.0042621001413795205
657.1428571428571,2.4000000000000004,7.954261461342715e-05,6.887359290868946e-11,3.306597596320774e-05,-2.3974956233121245e-08,0.0001760283283649453,0.003969644286325799,0.00040949852823456823,0.0040155248500785765
657.1428571428571,2.5000000000000004,7.611881353539407e-05,4.647365935416019e-11,2.7292598188555644e-05,-2.1927187865763438e-08,0.00012415499809869033,0.0034311919869866258,0.00039229322065572616,0.0034779707958893214
657.1428571428571,2.6,7.296793843924655e-05,1.1925452052767986e-10,2.578893140150692e-05,-1.9426340798063713e-08,0.0003324014452162049,0.003387983890410413,0.0003632840918610696,0.0034428006368741344
657.1428571428571,2.7,7.00749526571141e-05,9.563278142465562e-11,2.209723022093346e-05,-1.7194328425273935e-08,0.00027763313729446345,0.003028347887248003,0.00033548361227359757,0.003077835212179446
657.1428571428571,2.8000000000000003,6.740293917719099e-05,8.601626492662237e-11,1.989188505774938e-05,-1.6643657572008565e-08,0.0002596790209806169,0.0028386583655764957,0.0003382293769201321,0.0028903655016655656
657.1428571428571,2.9000000000000004,6.492984454784537e-05,7.883295393889486e-11,1.7669756356564612e-05,-1.5699659936269323e-08,0.0002471214258248769,0.0026215112534059976,0.00033177569705215816,0.002674610341179607
657.1428571428571,3.0000000000000004,6.26334474820654e-05,7.846788344066e-11,1.6071549571807807e-05,-1.4261765676295462e-08,0.00025505847895238655,0.0024752176266131425,0.0003129492661161447,0.002527376428850117
657.1428571428571,3.1,6.04977659120035e-05,7.485637720684049e-11,1.4548947204664062e-05,-1.2687373051895068e-08,0.0002519686329869488,0.002322871850352808,0.0002886805851562863,0.002371896875005982
657.1428571428571,3.2,5.850757381398824e-05,3.602722718662031e-11,1.2625693957455485e-05,-1.2438265092451744e-08,0.00012542944719324045,0.0020869686288614493,0.0002930728066614972,0.0021314206398747137
657.1428571428571,3.3000000000000003,5.664363865554754e-05,5.989808597041788e-11,1.1862061092132452e-05,-1.2331239798443966e-08,0.00021544581742747503,0.0020274402643741863,0.0003005200506217049,0.0020826798907907108
657.1428571428571,3.4000000000000004,5.4898324108028165e-05,7.393423268430014e-11,1.0501868603217291e-05,-1.1263935133546121e-08,0.0002744485030395635,0.0018540243622200223,0.0002836046212639905,0.0019166615452214303
657.1428571428571,3.5000000000000004,5.325802824654096e-05,1.1089418834649107e-10,1.0029168051060501e-05,-9.91312495114849e-09,0.0004243980876496823,0.0018268623339621887,0.00025758698550816284,0.0019105606073236327
657.1428571428571,3.6,5.171802406556436e-05,9.769390250775372e-11,9.141037892172497e-06,-8.974929479796992e-09,0.00038510436059372566,0.0017163680656476796,0.00024043280133678795,0.001791602793378256
657.1428571428571,3.7,5.026943026350949e-05,9.31429487812586e-11,7.787272254546175e-06,-8.980948643278503e-09,0.0003778328704804221,0.0015057172804347739,0.0002478170773415721,0.0015914675033627311
657.1428571428571,3.8000000000000003,4.889870918400008e-05,1.2202647638156893e-10,7.810614290686372e-06,-9.091408398182366e-09,0.0005089665688812793,0.0015537503110227386,0.00025815406144199295,0.0016752534244465916
657.1428571428571,3.9000000000000004,4.760609424739753e-05,1.293526840493375e-10,7.024910471489411e-06,-9.01340317157688e-09,0.0005543067401285467,0.0014366249311521706,0.00026316130036283056,0.0015841890338520927
657.1428571428571,4.0,4.6383728415509875e-05,1.3165063575090778e-10,6.434728583515146e-06,-8.29157978801436e-09,0.000578980477864832,0.001351660682364614,0.0002487196162655483,0.0015119285330429896
657.1428571428571,4.1,4.522570986945737e-05,1.2957495821041526e-10,5.957114353475673e-06,-7.3300811466004824e-09,0.000584297408272307,0.001284311235205431,0.00022565646588700486,0.0014466169124484412
657.1428571428571,4.2,4.412726246693963e-05,1.2546005195749036e-10,5.520781714255542e-06,-6.795917677693948e-09,0.0005796892471481381,0.001220717536593922,0.00021451567482832874,0.0013849999555600046
657.1428571428571,4.3,4.308402288156444e-05,1.2262857568207933e-10,5.104152322766972e-06,-6.360047844552914e-09,0.0005801898440176875,0.0011566890936393415,0.00020570658966879478,0.001326340950326047
657.1428571428571,4.3999999999999995,4.209182481941692e-05,1.203480126282878e-10,4.864261612883143e-06,-5.988330342512941e-09,0.0005826883911838361,0.0011290175075467596,0.0001983271761591287,0.001301104773326888
657.1428571428571,4.5,4.114826937339823e-05,1.1005341129270102e-10,4.462933538844397e-06,-6.5106692332444095e-09,0.0005449490241834372,0.0010602851166447056,0.0002206587303553284,0.0012322964408375155
657.1428571428571,4.6,4.024934326276798e-05,9.847084162981205e-11,3.803742792914582e-06,-6.189012409516795e-09,0.0004983562038399854,0.0009243992155290129,0.0002145219637925329,0.0010931203783093907
657.1428571428571,4.7,3.938845458006688e-05,1.1969151929992872e-10,4.199022855438846e-06,-5.092917489346982e-09,0.0006188162591777309,0.0010432525142150793,0.00018042507701944725,0.0012395224031350753
657.1428571428571,4.8,3.856955612592017e-05,1.0796082591981521e-10,3.376618256569342e-06,-5.585768680417967e-09,0.0005699054777350835,0.0008572609137800828,0.00020215259608750795,0.001068372534305031
657.1428571428571,4.9,3.7784423854339155e-05,1.1493492561418973e-10,3.2673299807559027e-06,-5.528707931865081e-09,0.0006191406979343229,0.0008471266742320989,0.00020429527431137468,0.0010883160957396783
657.1428571428571,5.0,3.70319648825657e-05,nan,nan,nan,nan,nan,nan,nan
671.4285714285714,0.1,0.0029019333314747858,nan,nan,nan,nan,nan,nan,nan
671.4285714285714,0.2,0.0013573770871621487,-5.685912261418389e-10,0.1037768853819368,-4.381810851129984e-06,8.464880714352573e-05,0.35761292051873766,0.002141906380935086,0.3576257591578813
671.4285714285714,0.30000000000000004,0.0008505896966688798,-2.1340642341183425e-10,0.026481300990073214,-2.6939484700438996e-06,5.0697938123998785e-05,0.19509170473355597,0.002807424029911421,0.1951321067520498
671.4285714285714,0.4,0.0006086153160763431,-1.4807703075356342e-10,0.010301929696018286,-1.4710325022042787e-06,4.9184836983249325e-05,0.12111514795398062,0.002446262840076519,0.12116455705703827
671.4285714285714,0.5,0.0004696602324439893,-1.1274196165251944e-10,0.004964570122891766,-8.730701735108969e-07,4.854812185815363e-05,0.08157156075035457,0.0020299751932070747,0.08162207715280832
671.4285714285714,0.6,0.00038035085004055314,-6.110275016210151e-11,0.0027442362596734778,-5.676422659640177e-07,3.250235811144457e-05,0.0584302453157081,0.0017110378289635372,0.05848033793474008
671.4285714285714,0.7000000000000001,0.00031848383023385177,-1.0005212918805642e-10,0.001663079107275657,-3.9554008431812794e-07,6.358299789425586e-05,0.04372486894924355,0.001472796200446445,0.04377449559643427
671.4285714285714,0.8,0.00027324760149990697,-1.4315661263001176e-11,0.0010833194581893696,-2.869612273722544e-07,1.0607115348687638e-05,0.03401489668702883,0.0012765444058680613,0.03406277205954394
671.4285714285714,0.9,0.00023884456734785583,-7.060304347936595e-11,0.0007400724429222409,-2.16603550145191e-07,5.98669671067241e-05,0.027084316160868222,0.0011234389801358985,0.027130941676244774
671.4285714285714,1.0,0.0002118422576250271,4.8456459514188366e-11,0.0005295751019410908,-1.702024770109777e-07,4.6336965813012666e-05,0.02217237376681932,0.0010102474218372714,0.022218404651923054
671.4285714285714,1.1,0.00019013569892160925,-5.0479339480110507e-11,0.00038972473088421533,-1.3405462510714938e-07,5.3799523477888096e-05,0.018396930586627832,0.0008973373725732429,0.01844072607351355
671.4285714285714,1.2000000000000002,0.00017232638752703356,-4.372815274337132e-11,0.0002942350207322288,-1.0985886389306377e-07,5.143337286733391e-05,0.015475001401685149,0.0008195923741669458,0.015518433461325504
671.4285714285714,1.3000000000000003,0.00015745942633978017,4.020159713558171e-11,0.00022906775612472138,-9.462618307109358e-08,5.176085264946586e-05,0.013292668604730462,0.0007791000570798529,0.013338354906769333
671.4285714285714,1.4000000000000001,0.000144883142713774,5.970975509636671e-11,0.00018101233299026438,-8.146737418594317e-08,8.357498310313819e-05,0.011495807980378364,0.0007342430987826829,0.011542911753788623
671.4285714285714,1.5000000000000002,0.00013411698241767045,2.7116358619147962e-11,0.00014470495011243244,-6.586209375401277e-08,4.1013648050955816e-05,0.009987700943118445,0.0006453043316995124,0.010029391188378079
671.4285714285714,1.6,0.00012479787162269124,7.142851550122546e-11,0.00011809137992268374,-5.656719308048729e-08,0.00011612291669830916,0.00880510266439791,0.0005989074294867578,0.008846507654467867
671.4285714285714,1.7000000000000002,0.00011665967462693886,2.1208615606180848e-11,9.715851188718125e-05,-5.1461849862657095e-08,3.689617514930488e-05,0.007785269942818121,0.0005856386688097685,0.007829286986124501
671.4285714285714,1.8000000000000003,0.00010949306275005829,6.125565148097002e-11,8.172419520252035e-05,-4.1958870631492586e-08,0.00011356422277566976,0.007005350860429088,0.0005109646513678072,0.007043437176571113
671.4285714285714,1.9000000000000001,0.00010314369282520291,3.6499626953298896e-11,6.825497625598079e-05,-3.721408403373235e-08,7.184814268795822e-05,0.006233726095669423,0.00048294841360695443,0.006271441742681551
671.4285714285714,2.0,9.747687266290735e-05,1.6793294148247745e-12,5.767128977570106e-05,-3.644537917590986e-08,3.4988796232258253e-06,0.005591353983557318,0.0005021895058512629,0.005636278933052833
671.4285714285714,2.1,9.23867653983688e-05,4.982434715773124e-11,5.014211416580466e-05,-3.093020905023088e-08,0.00010955264659441867,0.005144001114931658,0.00045110121970609314,0.005184566893544208
671.4285714285714,2.2,8.779807927548829e-05,8.356115114742454e-11,4.2933840412321044e-05,-2.6370744929345292e-08,0.0001933641922220623,0.004647185148997445,0.0004058837787419938,0.00468649152390014
671.4285714285714,2.3000000000000003,8.363873155673099e-05,6.967649437843494e-11,3.704642975309622e-05,-2.560217057940317e-08,0.0001692929246061823,0.0042195034400301454,0.00041471186977050514,0.004263430689550968
671.4285714285714,2.4000000000000004,7.984984813550466e-05,5.5260943008767126e-11,3.308070355797267e-05,-2.4645704179799028e-08,0.0001406757423431665,0.003955189532678947,0.00041917153894697676,0.004001840009548515
671.4285714285714,2.5000000000000004,7.639177174985805e-05,5.283611085626006e-11,2.839683999062553e-05,-2.093434123583249e-08,0.0001406300312396931,0.003556279774312944,0.000373042457010565,0.0035979471908768696
671.4285714285714,2.6,7.32176637641177e-05,3.267972102784335e-11,2.5386749929509456e-05,-1.8243665907007708e-08,9.077123226135258e-05,0.003323230938095978,0.00033990486532706855,0.003359043601900777
671.4285714285714,2.7,7.029742327767244e-05,3.679188573533288e-11,2.2296339945650935e-05,-1.7776986830785227e-08,0.00010646284775572717,0.003045213244918894,0.00034564165936562524,0.00308603213825776
671.4285714285714,2.8000000000000003,6.76001461906837e-05,4.9603541274584624e-11,2.0017848924937283e-05,-1.6220254637758155e-08,0.00014929285426546116,0.0028475935520235873,0.0003285502022747044,0.0028891119508753092
671.4285714285714,2.9000000000000004,6.510304759294432e-05,6.544699538010516e-11,1.7907908609789946e-05,-1.4809105478253512e-08,0.00020457359522932367,0.0026490931778869325,0.0003119990021699679,0.002693368109951228
671.4285714285714,3.0000000000000004,6.278502808130284e-05,8.208744758498968e-11,1.6280671237287673e-05,-1.3893785852714124e-08,0.0002661103394414975,0.0025007540874403137,0.0003040034450336342,0.002551356875819559
671.4285714285714,3.1,6.062981528203425e-05,7.972700717243703e-11,1.439716139593072e-05,-1.3692318872972335e-08,0.0002677084063949813,0.0022930883103671248,0.00031071344172064574,0.0023501079710789193
671.4285714285714,3.2,5.8618574096724966e-05,9.638962084886587e-11,1.3129085764985052e-05,-1.2193493913792862e-08,0.00033483580851118174,0.0021654503982754913,0.0002866043336973324,0.002228356913566811
671.4285714285714,3.3000000000000003,5.673862376906553e-05,1.0153889141130834e-10,1.1928689743442886e-05,-1.1042162901586777e-08,0.0003644792284797887,0.00203496757252397,0.00026850588862295993,0.002101934574069263
671.4285714285714,3.4000000000000004,5.4977960338840526e-05,9.457676846318738e-11,1.08737463549225e-05,-1.0546995536565872e-08,0.00035044423409973856,0.0019164628312417719,0.0002650129935201783,0.001983961874183582
671.4285714285714,3.5000000000000004,5.3326034372164746e-05,7.061709775068216e-11,9.765313284605435e-06,-9.711428981258664e-09,0.0002698384248545309,0.0017762232764583833,0.00025189272615855156,0.0018315790439791845
671.4285714285714,3.6,5.177176153833502e-05,7.646458579664893e-11,9.249367799537318e-06,-9.360853230281969e-09,0.00030101630360546583,0.0017344938374726261,0.00025038447911158106,0.0017956793873146648
671.4285714285714,3.7,5.030998238250067e-05,7.756247230233526e-11,8.106649253932021e-06,-8.140361199313627e-09,0.00031427871412079665,0.0015658438138963762,0.00022432175482165422,0.001628274687833568
671.4285714285714,3.8000000000000003,4.8929269719205634e-05,7.56684603538503e-11,7.580872885759255e-06,-7.547818251894685e-09,0.00031531305590187027,0.0015068327450649464,0.000214083303554787,0.0015689584336571825
671.4285714285714,3.9000000000000004,4.7624365784768194e-05,8.457326113031151e-11,7.005657697296259e-06,-8.192424708953182e-09,0.0003621461697286968,0.0014317928179799527,0.00023896679286222646,0.001515054711239781
671.4285714285714,4.0,4.638951842730372e-05,8.903169793797501e-11,6.5642790059888025e-06,-8.036788028893786e-09,0.00039147538577448935,0.0013783446556863697,0.0002408969896490766,0.001472803342870472
671.4285714285714,4.1,4.522031385989913e-05,9.148515622460986e-11,6.0368405024825616e-06,-7.500750107467544e-09,0.0004127561122495928,0.0013013371785574365,0.00023086736263023823,0.0014037255923972148
671.4285714285714,4.2,4.4111477697519363e-05,9.044355082711472e-11,5.585961467232985e-06,-7.0933534934623305e-09,0.0004182871649825639,0.0012352770227423288,0.00022402295543002954,0.0013421050795014199
671.4285714285714,4.3,4.305850114981193e-05,9.010333591143106e-11,5.182224595576083e-06,-6.6064490436517434e-09,0.0004268040603088716,0.001174801857945355,0.0002138764976672811,0.0012860044416085202
671.4285714285714,4.3999999999999995,4.2057346848060256e-05,8.865635658155006e-11,4.81624000330815e-06,-6.377143293889354e-09,0.00042984912328838595,0.0011185340582458214,0.00021145204408139088,0.0012350354821380873
671.4285714285714,4.5,4.1104354946341665e-05,9.179173766226979e-11,4.266797030566548e-06,-6.272405713466362e-09,0.00045525627131935004,0.0010145188297257842,0.00021288170871918867,0.0011520173489397525
671.4285714285714,4.6,4.019403101492874e-05,1.1720490613381114e-10,4.413365730478928e-06,-5.434119673886135e-09,0.0005942797238349768,0.001073697844483927,0.00018865989320489637,0.0012558584960173551
671.4285714285714,4.7,3.93278407408206e-05,1.0329062625270056e-10,3.901058428563584e-06,-5.157068256161656e-09,0.0005351750879323902,0.0009705566548213753,0.0001830400142891317,0.0011381563550863436
671.4285714285714,4.8,3.85006610509981e-05,1.0591870037299712e-10,3.3883948127738923e-06,-5.44957322731989e-09,0.0005604436107597524,0.0008615766207720846,0.00019764940497047964,0.0010651487637287304
671.4285714285714,4.9,3.770736530930334e-05,1.1186069262518569e-10,3.728720299498122e-06,-4.559340805897199e-09,0.0006041831646991878,0.0009684821501010197,0.00016887267219669553,0.0011662036401932233
671.4285714285714,5.0,3.695135677060356e-05,nan,nan,nan,nan,nan,nan,nan
685.7142857142858,0.1,0.0029225039166257834,nan,nan,nan,nan,nan,nan,nan
685.7142857142858,0.2,0.001370828835738737,-5.494105378093395e-10,0.10399015227419608,-4.068579584088361e-06,8.100502418321984e-05,0.3558255360501256,0.00197554848757231,0.35583651337492994
685.7142857142858,0.30000000000000004,0.0008590552775936516,-7.7795491968606e-11,0.026713125918744262,-2.6609309563092812e-06,1.830148684501939e-05,0.1948684272048349,0.0027462914003727966,0.1949071278561715
685.7142857142858,0.4,0.0006144129786360089,-4.543434862776084e-11,0.010416245556794986,-1.4690725267151066e-06,1.4950492713732484e-05,0.12125233181702258,0.002419208052959421,0.12130059080560815
685.7142857142858,0.5,0.0004739331352463161,-1.2358064003136972e-10,0.005020960946015546,-8.724887485702112e-07,5.274268196965484e-05,0.08171964331160507,0.002009690014404586,0.0817690686792656
685.7142857142858,0.6,0.00038366290131677875,-1.1612873088055572e-10,0.002774352548418941,-5.643491612609213e-07,6.124735563292219e-05,0.05853890226470521,0.001686000479303994,0.05858747327567308
685.7142857142858,0.7000000000000001,0.0003211361928714308,-4.4063540809131256e-11,0.0016824828016171276,-3.9190258092494616e-07,2.777370896074866e-05,0.04385315327186022,0.0014468510587996516,0.043900872192211324
685.7142857142858,0.8,0.00027543431244225416,-6.106572477056516e-11,0.0010947613760039618,-2.8478961018723617e-07,4.489196142149204e-05,0.0340902520583302,0.0012565410137721786,0.03413656531239296
685.7142857142858,0.9,0.0002406800457731171,-1.2707345337445327e-11,0.0007490727495711808,-2.1518152768174252e-07,1.0693597961675107e-05,0.027196057852386376,0.0011073224157938672,0.02724110869491958
685.7142857142858,1.0,0.00021341650659969182,-8.402121657133019e-11,0.0005333970568327636,-1.6988558211334472e-07,7.976414958100689e-05,0.022162080579608306,0.0010007453535368664,0.02220736725642779
685.7142857142858,1.1,0.00019148693799459418,-2.3957992202977267e-11,0.0003950847304522403,-1.3529155773819602e-07,2.5355509013313016e-05,0.018512379231907586,0.0008990575883319708,0.01855600810578814
685.7142857142858,1.2000000000000002,0.00017350821669401894,-2.6470717983076354e-11,0.0002976540707853023,-1.0877656769797851e-07,3.092537059855773e-05,0.015544353776950853,0.0008058520319797171,0.015586105533982651
685.7142857142858,1.3000000000000003,0.00015850603610129672,-8.433463535628205e-11,0.00023013107376796635,-9.010144034802437e-08,0.00010788292960558256,0.013263410699091078,0.0007368497919873451,0.013304720866337917
685.7142857142858,1.4000000000000001,0.00014580516624625417,-3.2158295768761533e-12,0.000182519663330979,-7.739230538995858e-08,4.472890722529793e-06,0.011514997650583848,0.0006930149184126048,0.011556631440605338
685.7142857142858,1.5000000000000002,0.0001349294930245214,4.2852529447720436e-11,0.00014790937335350704,-6.665322333763123e-08,6.442258502802079e-05,0.010144316361444906,0.0006489548155976649,0.01018595058970518
685.7142857142858,1.6,0.0001255329135363237,-3.708621832305161e-11,0.00011736278030855698,-5.6274538385926916e-08,5.99445017877912e-05,0.00869808206329124,0.0005922044501368394,0.00873851458455996
685.7142857142858,1.7000000000000002,0.00011730996185121159,5.6954603908444654e-11,9.930225934918242e-05,-4.7866881311240026e-08,9.852677854449675e-05,0.007910456035137648,0.000541589177181725,0.00794806013336693
685.7142857142858,1.8000000000000003,0.00011008003275959131,7.374576513681544e-11,8.25554201266387e-05,-4.270123394909552e-08,0.00013597648175654424,0.007037375072318812,0.0005170873489612376,0.007076573758889016
685.7142857142858,1.9000000000000001,0.00010367565786923741,2.087741966844448e-11,6.801545226374022e-05,-3.9649163738191585e-08,4.08849523094395e-05,0.006178727472972524,0.0005117511013404455,0.0062211030488199676
685.7142857142858,2.0,9.795143750152092e-05,6.513985547810209e-11,5.887433191375395e-05,-3.495106328560263e-08,0.00013504615099381665,0.005678703480040624,0.00047912088984307643,0.005720579020631721
685.7142857142858,2.1,9.281596045294196e-05,4.9393544392614764e-11,5.121439718129441e-05,-3.057662775910471e-08,0.00010809382543765793,0.00522854982914357,0.000443734346852847,0.005267183111691566
685.7142857142858,2.2,8.819262737617595e-05,-6.841690102964905e-12,4.2531305569003745e-05,-2.656851953742841e-08,1.5761709144681376e-05,0.004582326720690164,0.000407001575576673,0.004618361957628487
685.7142857142858,2.3000000000000003,8.399460735509998e-05,2.400370814558374e-11,3.7177206702934113e-05,-2.3698618982324097e-08,5.8072358153289716e-05,0.004215455170006313,0.0003821738689358371,0.004250358622670469
685.7142857142858,2.4000000000000004,8.016835940105335e-05,7.475796275390664e-11,3.3340139708189864e-05,-2.2158291060255878e-08,0.00018951955167620792,0.0039693190739304674,0.00037525408353497857,0.004009119956493585
685.7142857142858,2.5000000000000004,7.667551284408861e-05,1.1049165901496691e-10,2.9139213268697258e-05,-2.0781798805004998e-08,0.00029291751053415387,0.003634752349480461,0.0003687888130205528,0.0036836443486375652
685.7142857142858,2.6,7.347405841981085e-05,1.0161037279800014e-10,2.5479845080693752e-05,-1.9278973933852466e-08,0.0002811725588031493,0.003323074621294581,0.00035776495443102857,0.0033731105039346257
685.7142857142858,2.7,7.052740244634003e-05,9.754725938424079e-11,2.2672990299588046e-05,-1.7584122074637598e-08,0.0002812710712101358,0.0030858497253603073,0.0003406070387619989,0.0031358584554654913
685.7142857142858,2.8000000000000003,6.780747637586509e-05,9.008676572339254e-11,2.020568623225312e-05,-1.572323523969752e-08,0.0002702365388534219,0.0028649412187874623,0.0003173583627743834,0.0029124471900593392
685.7142857142858,2.9000000000000004,6.528960716771268e-05,8.280869288516637e-11,1.8162326130349238e-05,-1.449827148046162e-08,0.00025803850928456817,0.0026785138012913588,0.00030443693598536023,0.002725139216988078
685.7142857142858,3.0000000000000004,6.295336122086376e-05,6.630621135116042e-11,1.6102019584045688e-05,-1.3725557550639176e-08,0.00021433169204275115,0.002466245438218617,0.000299389544774549,0.002511488171341579
685.7142857142858,3.1,6.07781354698553e-05,7.323907355089982e-11,1.463360118085006e-05,-1.3099234747521643e-08,0.00024526428854310464,0.0023245146719823202,0.0002963985972781216,0.002374705726702259
685.7142857142858,3.2,5.8749245730655336e-05,6.86103935998704e-11,1.3397511386514898e-05,-1.2553739694586186e-08,0.0002377515584817502,0.002204330765158104,0.0002942812790805887,0.0022558375092673736
685.7142857142858,3.3000000000000003,5.6854331105320524e-05,4.134030744981542e-11,1.1748147098619372e-05,-1.1590160423857399e-08,0.00014806990540457626,0.0019997102860657145,0.0002811389049780301,0.002044222124150904
685.7142857142858,3.4000000000000004,5.5076897950971906e-05,5.507931536197145e-11,1.0898735376742317e-05,-1.0219027557260282e-08,0.0002036831332694547,0.0019169578051235565,0.0002562127318228088,0.0019615055374122194
685.7142857142858,3.5000000000000004,5.340845215039071e-05,8.144520453099811e-11,1.0109767880568165e-05,-9.512351516576356e-09,0.000310638190613833,0.0018355732179338843,0.00024623651987078037,0.0018939614492645138
685.7142857142858,3.6,5.18411040286152e-05,7.876566703961454e-11,9.260767063222945e-06,-9.31725891512994e-09,0.00030956485379831587,0.001733951591996324,0.0002487571278481472,0.00179615665781253
685.7142857142858,3.7,5.036636357747191e-05,7.572047080360183e-11,8.364967101191923e-06,-8.713807306372733e-09,0.0003063780614918192,0.0016135781168114473,0.0002397290609406134,0.0016770336612409419
685.7142857142858,3.8000000000000003,4.897527279734055e-05,6.350530148475819e-11,7.571515413994305e-06,-7.705327091509861e-09,0.00026431054359334083,0.0015032880827991575,0.0002182395601456597,0.001557238624798947
685.7142857142858,3.9000000000000004,4.765989717134913e-05,6.429943446640063e-11,6.895662801290908e-06,-6.912912655995138e-09,0.00027505202567179544,0.0014079886455814407,0.000201401924160698,0.001462604222961113
685.7142857142858,4.0,4.6413478173370614e-05,8.596840138345876e-11,6.652911499461875e-06,-7.045683347074877e-09,0.0003776682450424535,0.00139591394323471,0.00021097396035533512,0.0014765598748870813
685.7142857142858,4.1,4.523358829038672e-05,8.513847046303177e-11,6.0452388212010825e-06,-7.3718064877636406e-09,0.0003838614953553477,0.0013024748540973372,0.0002266958582404641,0.0013951961931782514
685.7142857142858,4.2,4.411415079561484e-05,8.816696984602834e-11,5.665455311675969e-06,-7.003258365621964e-09,0.0004076885396382259,0.00125248858775151,0.00022102779739604895,0.0013537518909473845
685.7142857142858,4.3,4.3051367853959714e-05,8.904295435574082e-11,5.237709839524023e-06,-6.61680895706445e-09,0.00042199293862867017,0.0011873083228533276,0.0002141752211556334,0.0012959634039907805
685.7142857142858,4.3999999999999995,4.204096201069983e-05,8.966408651603719e-11,4.861735953133171e-06,-6.199329199888895e-09,0.0004350914771834245,0.0011292872202400897,0.00020565930408095027,0.0012446628933270908
685.7142857142858,4.5,4.107917352697128e-05,9.233334723691495e-11,4.5253092445503645e-06,-5.608549412360699e-09,0.0004584317227950732,0.0010764047795572876,0.00019050686851871879,0.001200580121368103
685.7142857142858,4.6,4.016263813568823e-05,7.970351339473467e-11,4.220387681254459e-06,-5.397852279882456e-09,0.0004046875302390321,0.0010273789170766757,0.00018760098662916805,0.0011356353713904322
685.7142857142858,4.7,3.928830662121773e-05,8.184994567858719e-11,3.940693062941529e-06,-5.473959247750312e-09,0.00042473907115150416,0.000981183818061956,0.0001945548029157858,0.0011040054828054435
685.7142857142858,4.8,3.845338203737664e-05,8.21167713910663e-11,3.4678023512619532e-06,-4.755105644639792e-09,0.0004352788839518517,0.0008826550822603182,0.00017272771491673274,0.0010140105660470461
685.7142857142858,4.9,3.765313547704817e-05,9.272497162114482e-11,3.684850126876257e-06,-4.620291748789944e-09,0.0005018505918121809,0.0009582642492394006,0.00017143645339602604,0.0011085600132507956
685.7142857142858,5.0,3.688973741798847e-05,nan,nan,nan,nan,nan,nan,nan
700.0,0.1,0.002942097642888106,nan,nan,nan,nan,nan,nan,nan
700.0,0.2,0.0013841684597157725,-4.845393791667966e-10,0.10412657053439701,-3.759578961275375e-06,7.076351559667813e-05,0.3539194927336991,0.0018139397944275841,0.3539287966519673
700.0,0.30000000000000004,0.0008675049818874093,-1.161664677974511e-10,0.02693598648205819,-2.6275477006679584e-06,2.706542294208964e-05,0.19460049311909097,0.0026861420244495577,0.19463756927346149
700.0,0.4,0.0006202013688796281,-5.378441039080807e-11,0.010528306163801397,-1.4681547454242215e-06,1.7534796045749516e-05,0.12136306284829883,0.002394439713794077,0.12141029616336166
700.0,0.5,0.000478180817509861,-4.468344358963318e-11,0.005079098671191442,-8.738884008245187e-07,1.8902785595054734e-05,0.08189434796583334,0.0019943359673746807,0.0819429029139548
700.0,0.6,0.00038695125285200834,-2.2280291258355957e-11,0.002805787475550539,-5.629270908886726e-07,1.1651947024990489e-05,0.05867628672688609,0.0016669760597926827,0.058723627086475695
700.0,0.7000000000000001,0.00032377956294966107,-8.438257238891049e-11,0.0017000687944477239,-3.8917046532567874e-07,5.2759288524935424e-05,0.04393496033201694,0.0014246741728636716,0.04398116546791452
700.0,0.8,0.00027760856099179104,-8.4406058885973e-13,0.001107537182867417,-2.8158726670013044e-07,6.156824623027053e-07,0.034206519175504886,0.0012324156990872659,0.034250892709445716
700.0,0.9,0.00024251293086259521,-2.6073150221503067e-11,0.000755630765390179,-2.1509887341349428e-07,2.1777196889810013e-05,0.02721928901221902,0.0010982958337204928,0.027263577829289887
700.0,1.0,0.00021497360838730118,2.442575072312162e-11,0.0005399001769408085,-1.6696842447091863e-07,2.3020902331345215e-05,0.022262737703116924,0.000976204622853766,0.022305514361500165
700.0,1.1,0.00019283328768141523,6.685791063195948e-11,0.00039916766981315397,-1.3358879127756264e-07,7.026232539187012e-05,0.018568217410855604,0.0008813379723704736,0.018610135621597572
700.0,1.2000000000000002,0.00017468464367366082,1.4552713032602196e-11,0.00029994350468341447,-1.1080083048236976e-07,1.6887712946780767e-05,0.015554550165579233,0.0008150997768279316,0.015597214217312637
700.0,1.3000000000000003,0.00015953543471274056,7.055519582230933e-11,0.00023403077351636666,-8.991367169371079e-08,8.966925140575097e-05,0.013397329530211829,0.0007303829821332452,0.013437388054116517
700.0,1.4000000000000001,0.00014672653348698396,-3.4446530528176813e-12,0.00018331167843179956,-7.458048477035942e-08,4.761285210391852e-06,0.011490342491113057,0.0006634951987058461,0.011528592498233533
700.0,1.5000000000000002,0.00013575074904554536,2.2099008367083236e-11,0.0001485422229865129,-6.59921747956467e-08,3.3021795184284624e-05,0.010123746500130464,0.0006385121889688205,0.01016399179794949
700.0,1.6,0.0001262603868339719,4.893509486892468e-11,0.00012018478416386561,-5.5540823522902536e-08,7.863719188777096e-05,0.008853342247381837,0.0005809493203460422,0.008891729695781643
700.0,1.7000000000000002,0.00011797187246403706,2.8540950070975126e-11,9.986948311724632e-05,-4.6891909792599104e-08,4.909560810172282e-05,0.007909803353332927,0.000527476994323846,0.007945052764218342
700.0,1.8000000000000003,0.0001106820529252747,-3.459768606899656e-11,8.196502246510927e-05,-4.323417198906506e-08,6.345202940466927e-05,0.006947844494889727,0.0005205942939914091,0.006987031281100571
700.0,1.9000000000000001,0.00010421188361116343,4.9695869191828154e-11,6.975818911390839e-05,-3.831195271350223e-08,9.681351099714649e-05,0.006302574561117382,0.0004918478656912574,0.006341580843947796
700.0,2.0,9.843929618819124e-05,1.145013228101887e-11,5.885270574782429e-05,-3.374739427856421e-08,2.362047607187423e-05,0.0056474083097294535,0.0004602077891325114,0.005684836054104605
700.0,2.1,9.32552358226973e-05,5.488247666473354e-11,5.146037563739453e-05,-3.096578097625427e-08,0.00011952852434323937,0.00522762531123904,0.00044715513275450105,0.005267091122084004
700.0,2.2,8.85857792135773e-05,7.253538778189803e-11,4.3905926495974776e-05,-2.8330450647026132e-08,0.00016633913048108454,0.004708145994017053,0.0004319061412539688,0.004750515049656597
700.0,2.3000000000000003,8.435538186941704e-05,3.093824184302833e-11,3.771428684378781e-05,-2.349959738700325e-08,7.452482067142298e-05,0.004257374849394275,0.00037722715778871715,0.0042913162566161145
700.0,2.4000000000000004,8.050212739369467e-05,-3.4916604059898785e-12,3.3293033851320064e-05,-2.1022850046934927e-08,8.815267456805006e-06,0.003946758714560503,0.0003544826161710814,0.0039784793464632436
700.0,2.5000000000000004,7.69818032564855e-05,-2.3757360653368212e-11,2.897107670027864e-05,-1.9635285212609788e-08,6.273599064541599e-05,0.0035987964092670435,0.00034700741031404254,0.003632643622143706
700.0,2.6,7.375118988627911e-05,1.7583101369824825e-12,2.5671270289086362e-05,-1.8205888935412992e-08,4.847294353179188e-06,0.003334719271716155,0.0003365336521282027,0.0033685139031102663
700.0,2.7,7.077728921896359e-05,1.923341893366324e-11,2.298030636276824e-05,-1.7126676039271512e-08,5.526012510468956e-05,0.0031159234716352105,0.00033050271857871946,0.003151269086652179
700.0,2.8000000000000003,6.803319161527575e-05,2.6090406201840466e-11,2.0397246413500022e-05,-1.529579217061818e-08,7.799945275758973e-05,0.0028818914426627863,0.0003076276632289282,0.0029155877212477866
700.0,2.9000000000000004,6.549306647572291e-05,4.594039136695914e-11,1.8228490412219147e-05,-1.474002097821544e-08,0.00014269022840963488,0.00267935253064421,0.00030846568379551187,0.00271838051804967
700.0,3.0000000000000004,6.313522624029226e-05,4.3101974636965675e-11,1.640164025189987e-05,-1.3597052255586338e-08,0.00013890561491492677,0.0025043323109599186,0.0002956258107565716,0.002542786725925653
700.0,3.1,6.094140240738061e-05,5.910815896273838e-11,1.463409112595847e-05,-1.2357557076771184e-08,0.00019737458373837645,0.002317896362683681,0.0002787746629561922,0.002359455636340894
700.0,3.2,5.889391948572854e-05,6.156476716933501e-11,1.3203867493778918e-05,-1.2656196301530675e-08,0.00021276870317557604,0.002166649760619851,0.0002958319231039452,0.002216906574418469
700.0,3.3000000000000003,5.6978475239014254e-05,8.81381400693771e-11,1.2404524740779756e-05,-1.1456512711862188e-08,0.0003149016886960727,0.002106248802779323,0.0002771570859902638,0.002165428177839708
700.0,3.4000000000000004,5.518707623970777e-05,7.883798134309987e-11,1.1181415852783983e-05,-9.031356771886291e-09,0.00029087707973422783,0.001962392957319408,0.00022587186971628417,0.0020093859254781757
700.0,3.5000000000000004,5.3507491398929124e-05,8.128802497866617e-11,9.861458667134768e-06,-8.78310818975041e-09,0.0003093701530294226,0.0017869144986592585,0.0002268403341118259,0.0018416531680704833
700.0,3.6,5.1926521144821827e-05,7.557044281658328e-11,9.264703903548794e-06,-9.695667757735079e-09,0.00029643132215560736,0.001731477903621962,0.0002583019027838499,0.0017942483120932677
700.0,3.7,5.043819792975002e-05,7.641731111311858e-11,8.436142640638948e-06,-9.491003526974426e-09,0.00030866256075920304,0.0016246308157464948,0.00026060473294289426,0.0016942631193389132
700.0,3.8000000000000003,4.90342361410846e-05,6.906931419459219e-11,7.827653907545397e-06,-8.643948618211213e-09,0.00028704041490170307,0.0015519297335816204,0.000244400685354266,0.001615655126493563
700.0,3.9000000000000004,4.770855089149463e-05,6.15569447026819e-11,7.211684924375673e-06,-7.123353196238874e-09,0.0002629831062272784,0.0014707448289039786,0.00020722417712523185,0.0015225420142246323
700.0,4.0,4.645498249114842e-05,4.0713879169067e-11,6.282382812578109e-06,-6.423351652768481e-09,0.0001786687758968714,0.0013168253269453462,0.00019209255507008749,0.0013563740533466104
700.0,4.1,4.526423791892799e-05,5.814319614662986e-11,6.132380615499676e-06,-6.097074023752171e-09,0.000261902640976801,0.0013200695138929708,0.0001872947855194423,0.0013716177267102505
700.0,4.2,4.413481715286256e-05,7.420781969881862e-11,5.7010202811539714e-06,-5.832697425003372e-09,0.0003428625242187425,0.0012594976836603265,0.0001839113211186724,0.0013309905610974881
700.0,4.3,4.306240658960867e-05,8.70144185912414e-11,5.287994015116533e-06,-6.226678057491645e-09,0.00041210370613309165,0.0011981456718856164,0.00020138392361716584,0.0012986506401067818
700.0,4.3999999999999995,4.2042875966505943e-05,8.363436821684833e-11,4.949030445010874e-06,-6.074707242415578e-09,0.0004057889774241972,0.0011492693597401308,0.0002013903656614774,0.001251639290769906
700.0,4.5,4.1072835647853326e-05,8.721344051932015e-11,4.471595038879936e-06,-5.8167108788597274e-09,0.00043322297999603233,0.001063579723338217,0.00019755634518207988,0.001181922585170553
700.0,4.6,4.014751127958951e-05,8.776642027617805e-11,4.328966083581679e-06,-5.8539061545342366e-09,0.0004459745468304058,0.001053973025066248,0.00020355035389595073,0.001180092338391457
700.0,4.7,3.9265476572161506e-05,8.492733358739807e-11,3.941968379536343e-06,-5.44098715204109e-09,0.00044115184353675095,0.0009818711680742193,0.00019353406921053916,0.0011106740348282593
700.0,4.8,3.842286154852887e-05,8.627638095970466e-11,3.7582583492928588e-06,-4.762169450199865e-09,0.00045789014522934794,0.0009571406429732207,0.00017315837203574474,0.0010889211354094851
700.0,4.9,3.761782910838916e-05,7.385452108915836e-11,3.435893274893354e-06,-4.5113920959751334e-09,0.0004002947178694549,0.0008942314904249781,0.0001676015348956475,0.0010080011749103361
700.0,5.0,3.684715560099838e-05,nan,nan,nan,nan,nan,nan,nan
714.2857142857143,0.1,0.002960862926121036,nan,nan,nan,nan,nan,nan,nan
714.2857142857143,0.2,0.0013974091981052228,-3.2696967156100933e-10,0.10419755086493496,-3.4601592045863185e-06,4.730561375055448e-05,0.3519161591227122,0.0016594689006916425,0.35192398747963727
714.2857142857143,0.30000000000000004,0.0008759309787387594,-3.5147130090585176e-11,0.027152602334066748,-2.6027195170686944e-06,8.11091229964052e-06,0.19430673829028425,0.002635910251595169,0.1943424931827953
714.2857142857143,0.4,0.0006259787827129636,-6.253549955813003e-11,0.010639279401611778,-1.4629563227983978e-06,2.020178787417155e-05,0.1214625314077957,0.0023632476624088966,0.1215085051472931
714.2857142857143,0.5,0.00048241938070328556,3.8925679224659186e-11,0.005137507869541431,-8.723813186139067e-07,1.6323347014039946e-05,0.082071597495297,0.0019727296860165434,0.08211900332267726
714.2857142857143,0.6,0.0003902350573890219,-5.184131679318046e-11,0.002835497801999243,-5.657006719010432e-07,2.6885992118144828e-05,0.05877661461000113,0.001660572144202064,0.05882351696015268
714.2857142857143,0.7000000000000001,0.0003264057120947507,9.645396775606705e-13,0.0017206270483585365,-3.8789428241528774e-07,5.982542652563749e-07,0.0440920674803253,0.0014081906643899013,0.04413701866848301
714.2857142857143,0.8,0.0002797826372840649,-3.754442597172802e-11,0.0011180932427628661,-2.8176709970634387e-07,2.7175575551561495e-05,0.03425470821534828,0.0012233592996836033,0.03429838173125374
714.2857142857143,0.9,0.0002443404949010077,-6.238020666408849e-11,0.0007637342504046345,-2.1320758191673238e-07,5.171797218422574e-05,0.027297414086107526,0.0010802741073827789,0.02734018059251313
714.2857142857143,1.0,0.0002165356950219969,-9.858075374508689e-12,0.0005462386696807762,-1.62897807288142e-07,9.224626956540185e-06,0.022355634087672608,0.0009453833678519478,0.022395579027568682
714.2857142857143,1.1,0.00019419328183979383,-4.133398639980537e-11,0.00040131719371471673,-1.3346122770987098e-07,4.313848121669563e-05,0.018533535252649627,0.0008741980502383282,0.018574774139995597
714.2857142857143,1.2000000000000002,0.00017586404059473793,3.5867422113774074e-12,0.00030444329940579323,-1.101236021786461e-07,4.134494846422632e-06,0.015677334278585076,0.0008045184484999327,0.01571856631644565
714.2857142857143,1.3000000000000003,0.00016057923234373997,-2.6068879085893164e-11,0.00023527736445528056,-9.055792675000418e-08,3.2918294734045945e-05,0.013378366814478865,0.0007307129466513252,0.013418258644760329
714.2857142857143,1.4000000000000001,0.00014764719773729482,3.5449667205823516e-12,0.00018613519374272272,-7.514368432860799e-08,4.869552966698395e-06,0.011591486086088457,0.000664210132697593,0.011629485095965543
714.2857142857143,1.5000000000000002,0.0001365765150682769,6.617720738373174e-12,0.00014920144864159917,-6.293772529772471e-08,9.829108856497733e-06,0.010105267890493243,0.0006051820165558735,0.010141450897003837
714.2857142857143,1.6,0.00012699784688567495,3.668980474065568e-11,0.00012204290574774723,-5.6580512497488105e-08,5.861555850219375e-05,0.008935863218265304,0.0005882617700813845,0.008974697268405428
714.2857142857143,1.7000000000000002,0.00011863960776055049,-2.8935512253914676e-11,9.956437032730842e-05,-4.96713287185898e-08,4.94982012692291e-05,0.007839847113072517,0.0005554837062983828,0.007879262473366804
714.2857142857143,1.8000000000000003,0.00011127701233869911,4.239885575090381e-11,8.438344503624915e-05,-4.198698416402082e-08,7.733982301906265e-05,0.007112586313211664,0.0005027718611721583,0.007148456099038697
714.2857142857143,1.9000000000000001,0.00010475825136721022,-1.5169172273529e-11,6.900012408302281e-05,-3.6830948559370835e-08,2.9398904634908628e-05,0.006200752755025798,0.0004702837600049279,0.006236387788969068
714.2857142857143,2.0,9.892949163655157e-05,3.781915371656743e-11,6.049797920015022e-05,-3.231518681989318e-08,7.762643120710887e-05,0.005775008499147816,0.0004384034638888012,0.005808712785320932
714.2857142857143,2.1,9.370571169789441e-05,1.974602909635459e-11,5.118024321050382e-05,-2.8751040336754968e-08,4.279728710005137e-05,0.005173406065658404,0.00041309450499400123,0.005206462913349788
714.2857142857143,2.2,8.899373419134229e-05,3.874663612166888e-11,4.407136258506756e-05,-2.726627659713058e-08,8.844102933205431e-05,0.004703167158812354,0.00041367601728317557,0.004740238267634964
714.2857142857143,2.3000000000000003,8.472247031064085e-05,7.348713731513527e-11,3.839763726402623e-05,-2.509650343859183e-08,0.00017622293852191266,0.004314645026746358,0.00040098769163918646,0.0043553184141438646
714.2857142857143,2.4000000000000004,8.083518280257967e-05,7.006031486507658e-11,3.3534993341422505e-05,-2.2479747653486804e-08,0.00017612191125047092,0.003958217131590253,0.00037734672126612265,0.003997909814457758
714.2857142857143,2.5000000000000004,7.728324522793271e-05,8.738960682807915e-11,2.9737253826507552e-05,-1.9027738458831424e-08,0.0002298200267428888,0.003678751354980367,0.0003348316617500366,0.0037162149103466243
714.2857142857143,2.6,7.402868019155083e-05,8.182165342789841e-11,2.569860239556734e-05,-1.7515398172374513e-08,0.00022467239073274537,0.003325248871184698,0.0003224379415065457,0.0033638802283551404
714.2857142857143,2.7,7.103110117912463e-05,6.373256860612514e-11,2.3070926068223873e-05,-1.7376753984212873e-08,0.00018242673409492885,0.0031164848554002785,0.0003340012928208191,0.0031573519117234607
714.2857142857143,2.8000000000000003,6.826423142738066e-05,5.048737490468233e-11,2.0853969817133483e-05,-1.5958612900213133e-08,0.0001504044879733348,0.0029358927949806684,0.0003197571331298741,0.0029743196300997636
714.2857142857143,2.9000000000000004,6.570590137380803e-05,1.8466615744170595e-11,1.7831626083984728e-05,-1.4202677484065189e-08,5.716859655773409e-05,0.0026121477838586633,0.0002961735497660402,0.0026461333746264836
714.2857142857143,3.0000000000000004,6.332588758107524e-05,4.852142430576413e-11,1.7085844614769685e-05,-1.2718539354406041e-08,0.0001558772967103242,0.002600351605796633,0.0002756166796667443,0.0026340188521762494
714.2857142857143,3.1,6.111673223449015e-05,2.989720938143966e-11,1.4358059109449008e-05,-1.193060619925733e-08,9.953758727306126e-05,0.0022673285220150435,0.0002682933298733197,0.0023010104258199466
714.2857142857143,3.2,5.905115747899956e-05,4.201325634374948e-11,1.3502402472337742e-05,-1.0652575216378316e-08,0.00014479183931093305,0.0022092808268171613,0.00024826134614388336,0.0022416854909757767
714.2857142857143,3.3000000000000003,5.712060674823235e-05,5.696861865906701e-11,1.2328789492607092e-05,-9.587271744741495e-09,0.00020299219041849576,0.002087815043590229,0.000231286784574833,0.0021230083935421685
714.2857142857143,3.4000000000000004,5.5313343912391204e-05,7.707878924936408e-11,1.1703896377026537e-05,-1.0219095005427288e-08,0.00028365824823602717,0.0020489797016010735,0.000254890774895306,0.0020996948429757635
714.2857142857143,3.5000000000000004,5.3623120040320326e-05,3.056206321063e-11,9.44646321293302e-06,-9.470723198713033e-09,0.00011605093312580486,0.0017078091008012337,0.00024397297165227414,0.0017461744946174684
714.2857142857143,3.6,5.202736080037878e-05,6.109310752492721e-11,9.402609120581137e-06,-8.771417899288063e-09,0.00023912200401852743,0.0017534617742330405,0.00023314913575150898,0.0018001457067431154
714.2857142857143,3.7,5.052562765164304e-05,6.131177311269407e-11,8.340076032839817e-06,-9.032151254644376e-09,0.0002471598198808081,0.00160301731714577,0.00024746658621178344,0.0016592865690456737
714.2857142857143,3.8000000000000003,4.9107295263235705e-05,8.04420997721597e-11,8.080437858782532e-06,-8.474391937563456e-09,0.00033369578277155125,0.0015992751073760814,0.00023913358805109042,0.0016683535267984038
714.2857142857143,3.9000000000000004,4.776976725341619e-05,8.091972658126795e-11,7.255652026201161e-06,-8.06304035470986e-09,0.00034514302018372097,0.0014775100089116748,0.0002341338427531073,0.0015529960861059473
714.2857142857143,4.0,4.650479576385869e-05,8.248629436049725e-11,6.6929231565347036e-06,-7.044061013155518e-09,0.0003614648065321785,0.0014010792895492012,0.0002103128639464766,0.0014772078335318216
714.2857142857143,4.1,4.530675350586654e-05,6.695361304648293e-11,6.1916715235661455e-06,-6.017823677413828e-09,0.00030121514924511656,0.0013314049490736647,0.0001845957612371555,0.001389791673124449
714.2857142857143,4.2,4.4170627963110045e-05,5.121136352821923e-11,5.670094951453076e-06,-5.676685652919241e-09,0.00023636439971697418,0.001251490012569293,0.00017877042729302756,0.0012984656762361174
714.2857142857143,4.3,4.309120336986808e-05,4.245072022022707e-11,5.007938409753618e-06,-5.399324854964214e-09,0.00020087365511115942,0.001133771159861276,0.00017444287033328544,0.0011775601463497017
714.2857142857143,4.3999999999999995,4.206185816072366e-05,6.495070468095761e-11,5.178347848661329e-06,-5.772447634508352e-09,0.0003148956086137271,0.001201718087149624,0.00019120355425919795,0.0012713784659295834
714.2857142857143,4.5,4.1084296430065846e-05,5.071496731355063e-11,4.356123842482692e-06,-5.237434373218241e-09,0.00025178724118843577,0.0010356470286779522,0.00017774580966305978,0.0010950564955929478
714.2857142857143,4.6,4.015029593783286e-05,7.703839477958949e-11,4.368318640079554e-06,-4.837278925595189e-09,0.0003914012945363662,0.0010632575021736971,0.00016811123540769803,0.001157684872594437
714.2857142857143,4.7,3.925997863200067e-05,8.146663665576606e-11,4.028715819826802e-06,-5.35814190853109e-09,0.0004233607270576408,0.001003408748484621,0.00019055804313110856,0.0011219127226991244
714.2857142857143,4.8,3.840994848436675e-05,8.084810091434291e-11,3.7676754240002365e-06,-5.153783482979678e-09,0.0004294217496179763,0.0009596733251732385,0.00018748001984788637,0.001084284762310322
714.2857142857143,4.9,3.759759509097283e-05,8.1574256236171e-11,3.528278399409249e-06,-4.860701158571734e-09,0.00044255098685171834,0.0009185845174578393,0.00018072206280600367,0.0010511754466531243
714.2857142857143,5.0,3.6820524481573e-05,nan,nan,nan,nan,nan,nan,nan
728.5714285714287,0.1,0.0029787148020190357,nan,nan,nan,nan,nan,nan,nan
728.5714285714287,0.2,0.001410583207990273,-2.795343729930037e-10,0.10418981887449072,-3.157232167688057e-06,4.007011618274571e-05,0.34978111635215525,0.0015055740824057753,0.34978759907808255
728.5714285714287,0.30000000000000004,0.0008843498027064176,6.608348077280292e-11,0.027362703677688813,-2.581134629496189e-06,1.510606501815014e-05,0.1939814930639491,0.0025899661056304688,0.1940160707992221
728.5714285714287,0.4,0.0006317434341994504,6.040830703426752e-11,0.010752882222039522,-1.4651727960832834e-06,1.933777437762971e-05,0.1215908251365237,0.0023444734876461796,0.1216360236245774
728.5714285714287,0.5,0.0004866658879128784,-7.005058051950549e-11,0.005191994043915903,-8.745345734664153e-07,2.9122208595518795e-05,0.08218516826368341,0.00195967858862123,0.08223188804213599
728.5714285714287,0.6,0.0003935082820654655,-1.0577011601189535e-11,0.002868138186661999,-5.648746073939919e-07,5.440237265691946e-06,0.0589344406069292,0.001643851802139074,0.05898027481067411
728.5714285714287,0.7000000000000001,0.00032903205808467253,-8.959634774971103e-12,0.0017393217344709813,-3.8823774352872237e-07,5.513223700348005e-06,0.04420038443261079,0.0013978180831709602,0.04424456808664197
728.5714285714287,0.8,0.0002819490514485894,-3.449081359881171e-11,0.0011289283472492703,-2.8234379918978614e-07,2.4775546551863083e-05,0.03431058826975316,0.001216162483298449,0.03435367787611387
728.5714285714287,0.9,0.000246155328284999,3.8237526030427375e-11,0.0007734164683166805,-2.119787295596933e-07,3.146883124543208e-05,0.027431071831703093,0.0010658844584850106,0.02747247552517018
728.5714285714287,1.0,0.00021809576980457535,-2.7769298198936252e-11,0.0005508629166592158,-1.647285547792043e-07,2.5801043193220236e-05,0.02237867124376955,0.0009489815217825516,0.022418892126684523
728.5714285714287,1.1,0.0001955448404907439,-3.4069623983600796e-11,0.0004050258327109015,-1.3121356124310655e-07,3.5314155340238415e-05,0.018571008189375928,0.0008533930947198119,0.018610216328878774
728.5714285714287,1.2000000000000002,0.00017704416950402145,2.1720545284581866e-11,0.0003074211278035097,-1.0754618926238728e-07,2.4871210800316323e-05,0.01572125999499647,0.0007803232536359978,0.01575996329842596
728.5714285714287,1.3000000000000003,0.0001616177097953341,2.2832830357734288e-11,0.0002377335363554954,-8.839935534273752e-08,2.8647098445645894e-05,0.013427922366576183,0.0007085546337694229,0.013465289416760359
728.5714285714287,1.4000000000000001,0.0001485685854502017,8.220232017884325e-11,0.00018841705411918293,-7.38286163918312e-08,0.0001122088722128099,0.011658193545607497,0.0006484009761918716,0.011694738784158488
728.5714285714287,1.5000000000000002,0.00013740363164626115,2.6968132763217814e-11,0.00015041168103106282,-6.546374988158395e-08,3.9813728217368175e-05,0.010124056884251545,0.0006255212103912373,0.010162709604126957
728.5714285714287,1.6,0.0001277427946526312,-2.1671206189288776e-11,0.00012194801914802231,-5.633313881477593e-08,3.4422329296568275e-05,0.008875167103441012,0.0005821621425059338,0.008913338405507216
728.5714285714287,1.7000000000000002,0.00011930143785048149,6.944782887138013e-11,0.00010205435314960294,-4.660810736260829e-08,0.00011813076013359785,0.007989049670246969,0.0005182229931543628,0.00802346431732769
728.5714285714287,1.8000000000000003,0.00011188062457982779,5.838994076787914e-11,8.417120646393493e-05,-4.1138510000215985e-08,0.000105926417128966,0.007055338810704471,0.0004898362519385109,0.007090056787297609
728.5714285714287,1.9000000000000001,0.00010530152337381345,7.943876547752986e-11,7.049831117488272e-05,-3.696938593821644e-08,0.00015314414019713878,0.006301208224358953,0.0004694685730240108,0.006337939704392906
728.5714285714287,2.0,9.942740527954793e-05,5.909339619453865e-11,6.069301896655147e-05,-3.2298977465904735e-08,0.00012067433546173661,0.0057637360811101735,0.0004358677243370961,0.005797859713219007
728.5714285714287,2.1,9.416021737494792e-05,4.497742601932271e-11,5.165671755188918e-05,-2.8899423622879894e-08,9.700579165565341e-05,0.0051954204584392285,0.00041310760183866117,0.005229064892022034
728.5714285714287,2.2,8.940959664586681e-05,5.4011181777939306e-11,4.455802100412263e-05,-2.638720860408473e-08,0.00012269725994459624,0.004732149335073398,0.00039837727516592536,0.004767148083893636
728.5714285714287,2.3000000000000003,8.510455612682693e-05,1.585022160582581e-11,3.830206271194781e-05,-2.5026488401441414e-08,3.783768591991002e-05,0.004283887205492547,0.00039796890500596384,0.004320865628385336
728.5714285714287,2.4000000000000004,8.118253623490652e-05,2.4657924074743273e-11,3.4200547003220075e-05,-2.190227095405393e-08,6.171870023237765e-05,0.0040186505352607415,0.0003659960655006618,0.0040523163206287035
728.5714285714287,2.5000000000000004,7.760252181301831e-05,1.8117099677002464e-11,3.0036140231038846e-05,-1.9871030918974598e-08,4.744746561706577e-05,0.003699827773811782,0.0003481598604226741,0.0037327479682777408
728.5714285714287,2.6,7.43228687934405e-05,-1.0715603372087394e-11,2.5470401207730106e-05,-1.85690137448243e-08,2.9308605848738885e-05,0.0032821615345311225,0.0003404169871754565,0.003317410252508381
728.5714285714287,2.7,7.129791978593998e-05,1.2272901870362335e-11,2.3260400694502576e-05,-1.6755650877013777e-08,3.499748968621431e-05,0.0031296424737247857,0.00032080259521444666,0.0031625488846528807
728.5714285714287,2.8000000000000003,6.850557478538449e-05,3.8009562152703376e-11,2.0927518415479823e-05,-1.583729412635959e-08,0.0001128221968664424,0.002935221459239089,0.0003161321426583804,0.002971217414819551
728.5714285714287,2.9000000000000004,6.592250496898379e-05,6.093578040021602e-11,1.8701610076609598e-05,-1.4080776649273776e-08,0.00018799067590590118,0.00272993988229401,0.00029256767129864155,0.0027675086160200498
728.5714285714287,3.0000000000000004,6.35264512533492e-05,4.338873612578115e-11,1.6776599518743216e-05,-1.292075296306619e-08,0.00013893030940495023,0.0025448971525940233,0.00027902929063200536,0.0025790536710610973
728.5714285714287,3.1,6.129816353290203e-05,4.3843205720462807e-11,1.4709379376342957e-05,-1.193603787404332e-08,0.00014551642714883076,0.002315473174737974,0.0002675335370617764,0.0023506891415937758
728.5714285714287,3.2,5.921696960621829e-05,4.974481719378812e-11,1.3858882662182438e-05,-1.0135983544923973e-08,0.0001709294838658759,0.0022608968790302554,0.00023549064462815832,0.002291676956614561
728.5714285714287,3.3000000000000003,5.727436450615637e-05,3.12363632435903e-11,1.2358254413311562e-05,-9.483380469652767e-09,0.00011099197065022294,0.0020869447551084817,0.00022810266361351269,0.0021146440075622136
728.5714285714287,3.4000000000000004,5.545534195022757e-05,1.7588239990657925e-11,1.0866644317003152e-05,-9.940162838724385e-09,6.455713546375578e-05,0.0018972963577509633,0.0002472422213224099,0.0019303260151806575
728.5714285714287,3.5000000000000004,5.37449858374688e-05,6.545301935970861e-11,1.0603871235323745e-05,-9.660125156275227e-09,0.0002479158712135774,0.0019121460372277502,0.0002482005055930653,0.001959839720191088
728.5714285714287,3.6,5.214066843706327e-05,2.8270666903353374e-11,8.921894363602657e-06,-8.044812170200196e-09,0.00011040091741456082,0.0016600421833924235,0.0002132988892192729,0.0016908344819918397
728.5714285714287,3.7,5.062556998029376e-05,5.5048269872104826e-11,8.629961691810049e-06,-6.983195472540945e-09,0.000221424145851973,0.0016551306207796131,0.00019089250087467747,0.0016915572464415625
728.5714285714287,3.8000000000000003,4.9196771140442356e-05,6.629243655501702e-11,7.952554466134823e-06,-7.356142129377662e-09,0.00027442454629013417,0.0015708572701957516,0.00020712353795736453,0.001621327146163089
728.5714285714287,3.9000000000000004,4.78474978452523e-05,6.67513110327332e-11,7.32184241313116e-06,-7.952304356909404e-09,0.000284168606661784,0.0014882770237561829,0.0002304358294790321,0.0015498134208568593
728.5714285714287,4.0,4.657144297419355e-05,6.734884990509222e-11,6.754499233282245e-06,-7.500083728678135e-09,0.00029462213631652895,0.0014116724045064076,0.00022350150387099327,0.0014763221278968248
728.5714285714287,4.1,4.536293309546763e-05,6.794878853288496e-11,6.246685529505077e-06,-7.092665740834113e-09,0.00030522100391129257,0.0013413124289420296,0.0002171914494429881,0.0014094761951467206
728.5714285714287,4.2,4.421689007203676e-05,6.852820296160225e-11,5.781651381145478e-06,-6.610017560382567e-09,0.00031585934240170837,0.0012745320874595616,0.00020784201859204326,0.0013455838047224328
728.5714285714287,4.3,4.312866356241734e-05,6.631838795016768e-11,5.365854799670757e-06,-5.607292095143847e-09,0.0003134430766038438,0.0012135305741604345,0.00018091542782366243,0.0012792043623840073
728.5714285714287,4.3999999999999995,4.209409560079463e-05,4.896577908383414e-11,4.6579566435742855e-06,-5.303598310623229e-09,0.00023715917059400672,0.0010800141388181727,0.00017546616497392473,0.0011332483233366416
728.5714285714287,4.5,4.110610720560766e-05,7.118192192562758e-11,5.068390703910873e-06,-4.9332964353661935e-09,0.0003530884680252792,0.0012040621449567847,0.00016725630817226314,0.0012768658740906196
728.5714285714287,4.6,4.01688027174598e-05,4.53939512450596e-11,3.960830674335342e-06,-4.348926174680143e-09,0.00023046918829576314,0.0009635625807434789,0.00015100589409823228,0.0010134961538494135
728.5714285714287,4.7,3.92711065360553e-05,5.4104129609033444e-11,4.012467798533594e-06,-4.446717832426489e-09,0.0002810063247463677,0.0009989015173682367,0.00015803471496035845,0.0010614700835224846
728.5714285714287,4.8,3.841353503263613e-05,6.710411924123504e-11,3.8045351734678436e-06,-4.444662956479355e-09,0.0003563473152874774,0.0009687873627841,0.00016159300367889817,0.001057240257027087
728.5714285714287,4.9,3.759400888095164e-05,7.385188477063757e-11,3.5570920646657656e-06,-4.655546034539582e-09,0.00040078752919604207,0.0009259996669516779,0.0001730585163109037,0.001038269968211134
728.5714285714287,5.0,3.6810053649913805e-05,nan,nan,nan,nan,nan,nan,nan
742.8571428571429,0.1,0.002995755387153503,nan,nan,nan,nan,nan,nan,nan
742.8571428571429,0.2,0.0014237001700441,-2.6781619757861843e-10,0.10411371601640261,-2.8551265580863444e-06,3.804133792189148e-05,0.34753744068312953,0.0013542076914326354,0.34754271950461896
742.8571428571429,0.30000000000000004,0.0008927821130987233,7.823107299582107e-11,0.02756563577585161,-2.5575541235657985e-06,1.771525383050771e-05,0.19361967046051384,0.0025429733930739224,0.19365306744388006
742.8571428571429,0.4,0.0006375204139118626,5.2495288444507985e-11,0.01086393843606286,-1.4717268214898188e-06,1.6653488517605594e-05,0.12168633619188038,0.0023328850352437105,0.12173105354968938
742.8571428571429,0.5,0.0004908980990856306,3.0852422905667384e-11,0.005250356390871439,-8.767255489695775e-07,1.271651651899013e-05,0.0823558944356769,0.0019469132386620268,0.08240190806242234
742.8571428571429,0.6,0.0003967793481681129,6.213329299142354e-11,0.0028995978327106308,-5.63245910292227e-07,3.169566013218671e-05,0.05906720433653249,0.0016250808440779942,0.05911190580795151
742.8571428571429,0.7000000000000001,0.0003316565755777015,1.536499601028525e-11,0.0017574623684273023,-3.8972223592528453e-07,9.380381129230748e-06,0.04429319158220597,0.00139164561522341,0.04433689506005459
742.8571428571429,0.8,0.00028410842667156314,4.448130788530506e-11,0.0011417687480306353,-2.818171220078521e-07,3.17099234310993e-05,0.03442623581461718,0.001204352027156335,0.03446835716267176
742.8571428571429,0.9,0.00024797796524573114,-1.7085203700959784e-11,0.0007802673563540612,-2.1270343553946577e-07,1.3958432864595355e-05,0.027463717479104238,0.0010614271438051672,0.027504712828406632
742.8571428571429,1.0,0.00021965017738343975,1.7468025051932747e-11,0.0005567056636059146,-1.6625909680631812e-07,1.6115604574210096e-05,0.022449803677284517,0.0009508236115079031,0.022490043929297474
742.8571428571429,1.1,0.0001968894461572075,1.2366769553748957e-11,0.0004100016246673485,-1.3087283957184315e-07,1.2731406970910716e-05,0.01866611853227031,0.0008451822390003673,0.01870435268015795
742.8571428571429,1.2000000000000002,0.00017822873117764876,-2.2481611636210215e-11,0.00030928308101357246,-1.0544889285711805e-07,2.5573363418132678e-05,0.01570846416859864,0.0007599065662481485,0.01574520296826681
742.8571428571429,1.3000000000000003,0.00016266084700822573,1.4188614559952364e-11,0.0002413786308015869,-8.871833860972087e-08,1.7687928735884593e-05,0.01354319414196995,0.0007064344168393726,0.013580004403552398
742.8571428571429,1.4000000000000001,0.00014950674914681857,-9.189491800600523e-11,0.00018836006393979141,-7.507904144786517e-08,0.00012467289633311216,0.011579926417711701,0.0006551696152953901,0.011617604469954641
742.8571428571429,1.5000000000000002,0.00013823625192480932,-2.495858941448226e-11,0.00015175650216467176,-6.335333890265834e-08,3.662772381998139e-05,0.01015047835838126,0.0006016557930870614,0.010186144112510336
742.8571428571429,1.6,0.0001284833197244468,7.107011577204384e-11,0.00012470534426284793,-5.369432559446349e-08,0.00011222756544694574,0.009021175163999584,0.0005515899264736054,0.009055534178610524
742.8571428571429,1.7000000000000002,0.00011997744096671276,6.448484646236769e-12,0.00010245909264201509,-4.778404168757696e-08,1.0907296766816991e-05,0.007974505395856455,0.0005281939708820791,0.008009421515903557
742.8571428571429,1.8000000000000003,0.0001124961531353989,-4.191719228418053e-11,8.46142069286238e-05,-4.186266201195878e-08,7.563477025122508e-05,0.007052509725732496,0.0004956605344418431,0.0070876634218075526
742.8571428571429,1.9000000000000001,0.00010586100737337126,-2.3818708288711233e-11,7.115171879750505e-05,-3.4915909456322034e-08,4.567901215662561e-05,0.006324813499344087,0.0004410123035809117,0.0063556538670270805
742.8571428571429,2.0,9.993737879931868e-05,1.4876693782203292e-11,6.101518932698895e-05,-3.319250228826302e-08,3.0224472045794926e-05,0.005763707604990824,0.0004455911244259584,0.005798132611011401
742.8571428571429,2.1,9.462390211853599e-05,-1.4376063856535988e-11,5.2605635279679274e-05,-3.072357773583974e-08,3.0855563871539184e-05,0.005263859820189513,0.0004369403249223274,0.005300094901745992
742.8571428571429,2.2,8.98364817905501e-05,-3.11174069640732e-11,4.408152195520362e-05,-2.6131703738193935e-08,7.0360083540949e-05,0.004658603267066963,0.00039260810418533296,0.004692101574798533
742.8571428571429,2.3000000000000003,8.548987668211623e-05,2.1905276801903216e-11,3.9165032295400636e-05,-2.330353870820207e-08,5.205498313010415e-05,0.004359591060869039,0.00036884411755173723,0.004390994865105509
742.8571428571429,2.4000000000000004,8.153492189663638e-05,4.647844214982443e-11,3.4552865422840945e-05,-1.977615969601408e-08,0.0001158213406763195,0.004041749358385626,0.0003289679322771086,0.0040700850433252654
742.8571428571429,2.5000000000000004,7.792549576538493e-05,7.916951395584242e-11,2.9880090336563017e-05,-1.9641842002826963e-08,0.0002064412025334406,0.003664698468030996,0.0003426236031643589,0.0037023525897168195
742.8571428571429,2.6,7.461487053749912e-05,8.826925924878881e-11,2.629977569931204e-05,-1.8852091208222286e-08,0.0002404292539134049,0.0033749898465188334,0.0003441089542404368,0.0034183599335089725
742.8571428571429,2.7,7.156724306660642e-05,7.708754278733897e-11,2.3505960117513755e-05,-1.5893861607325633e-08,0.00021895126416174388,0.003150305019386235,0.0003030437237608579,0.0031868530509375275
742.8571428571429,2.8000000000000003,6.875467519688886e-05,6.36741932752661e-11,2.0943711053931707e-05,-1.4776932248839502e-08,0.00018828370636793848,0.0029264381519405118,0.000293795795731742,0.002961776992009348
742.8571428571429,2.9000000000000004,6.615154443771062e-05,5.811479682804785e-11,1.874560911980697e-05,-1.4082923465239538e-08,0.00017863723476775557,0.0027264486474739696,0.0002915010655176868,0.002763218998080681
742.8571428571429,3.0000000000000004,6.373586976973045e-05,5.823490845514701e-11,1.683473225678035e-05,-1.3369761609140668e-08,0.0001858223971550156,0.0025448736533479144,0.000287678209613187,0.0025838787470315425
742.8571428571429,3.1,6.148854242431809e-05,6.263512941771561e-11,1.5171865804024196e-05,-1.1984113747255692e-08,0.00020720256769040234,0.0023804281417729467,0.00026768166420421764,0.002419230867218831
742.8571428571429,3.2,5.9392933736945954e-05,5.053270293716039e-11,1.371719825154707e-05,-1.0920740813519702e-08,0.00017309387625012745,0.0022308543528138766,0.0002528874596532492,0.0022659604515444798
742.8571428571429,3.3000000000000003,5.743449703208929e-05,5.3268768373874496e-11,1.2486909756409204e-05,-1.0707653565336686e-08,0.00018871769328284612,0.0021024234653425787,0.0002567447232004811,0.0021418763972656497
742.8571428571429,3.4000000000000004,5.5600929424796724e-05,4.840963346114082e-11,1.1284757616612072e-05,-9.47961945693111e-09,0.00017719073806534888,0.001964804812394745,0.0002350871589875233,0.0020005965243165206
742.8571428571429,3.5000000000000004,5.3880209393670276e-05,3.1947326947967895e-11,1.0025623506175575e-05,-8.95107280406751e-09,0.00012068913289880354,0.0018031395535817035,0.00022934134350175947,0.0018360482074741594
742.8571428571429,3.6,5.225974559760558e-05,5.758067241026144e-11,9.746484819381455e-06,-8.322123071569845e-09,0.00022429908199969508,0.0018089173982546644,0.00022007251915457865,0.001849150091060327
742.8571428571429,3.7,5.0736746649734705e-05,3.458737119722151e-11,8.602838446987642e-06,-6.9362599434443324e-09,0.00013879952189887334,0.0016461692165952307,0.0001891359845051053,0.0016735241970806823
742.8571428571429,3.8000000000000003,4.9299776086333704e-05,2.087309757330298e-11,7.60456306929944e-06,-6.526099941029994e-09,8.621880117019592e-05,0.0014988274912063572,0.00018332520345645622,0.001523526760682552
742.8571428571429,3.9000000000000004,4.79388511536257e-05,4.612551131032787e-11,7.390862685666115e-06,-6.449456659404791e-09,0.00019595013615962374,0.001499167597175948,0.00018648171101301382,0.0015347477960133914
742.8571428571429,4.0,4.665183484777435e-05,6.189641975335696e-11,6.816124284630475e-06,-6.879281763997045e-09,0.00027023126746222783,0.0014218372198339512,0.00020457168105661043,0.001475921801112795
742.8571428571429,4.1,4.543297978476931e-05,6.231048882124663e-11,6.3012806742383865e-06,-7.016187702266692e-09,0.0002793852298069257,0.0013507037171848787,0.00021442198307496083,0.0014122358910263239
742.8571428571429,4.2,4.427713752850665e-05,6.285845177673473e-11,5.8362847610388615e-06,-6.634030900394901e-09,0.0002892490143191048,0.0012845921153944177,0.00020821778129186518,0.0013492780232814484
742.8571428571429,4.3,4.3179658119854384e-05,6.326851588361853e-11,5.414734580304244e-06,-6.273139880579181e-09,0.00029858644010350013,0.0012229188431203603,0.00020206505777644484,0.001290869836281303
742.8571428571429,4.3999999999999995,4.213632605700516e-05,6.377713766231345e-11,4.945090983551056e-06,-4.9757746553394355e-09,0.000308491522932941,0.0011452362521780276,0.00016437704824300928,0.001208624309288221
742.8571428571429,4.5,4.114244490399144e-05,6.758404425610487e-11,4.800981779168414e-06,-5.0039855631479804e-09,0.0003348336928324998,0.0011393925926701084,0.00016943077544471027,0.001211504295255676
742.8571428571429,4.6,4.019657356876941e-05,6.536966992319795e-11,4.257386566643004e-06,-5.3632040450639315e-09,0.00033154861935700284,0.0010347918254682948,0.00018599759823673495,0.001117993212033601
742.8571428571429,4.7,3.929327609921381e-05,5.626205620195292e-11,4.083766945979727e-06,-4.381362439873801e-09,0.0002919641312797768,0.0010159490183891187,0.000155552914476183,0.0010797170371554937
742.8571428571429,4.8,3.8430816299118005e-05,4.5489452918497775e-11,3.7137985126742455e-06,-4.104763885599999e-09,0.00024139870027401391,0.0009451486059083154,0.00014910771699601418,0.00099802076244933
742.8571428571429,4.9,3.760549448414894e-05,4.6031475024970754e-11,3.4616506947008244e-06,-3.926993392616773e-09,0.00024967004554123876,0.0009007486772484379,0.00014587552236834967,0.000957205645228784
742.8571428571429,5.0,3.681478917612689e-05,nan,nan,nan,nan,nan,nan,nan
757.1428571428571,0.1,0.0030119103972320992,nan,nan,nan,nan,nan,nan,nan
757.1428571428571,0.2,0.0014367624757310744,-2.70959080733843e-10,0.10396158347860801,-2.5328995482904044e-06,3.814245795769538e-05,0.3451682479470411,0.0011953225604183937,0.34517238944869855
757.1428571428571,0.30000000000000004,0.0009012303890161301,1.4897979540370752e-10,0.027760980464726116,-2.5327234294908963e-06,3.342171790440415e-05,0.19321899711085072,0.0024956907761250935,0.19325123261297517
757.1428571428571,0.4,0.0006433081069484472,1.0398886734082879e-10,0.010975078179045639,-1.4761067585806115e-06,3.269397827935366e-05,0.12177882939596714,0.0023180201371511976,0.12182294854690048
757.1428571428571,0.5,0.0004951366066712206,7.372020695140119e-11,0.0053097988140642,-8.831243475677772e-07,3.012662527903038e-05,0.08253896937894042,0.0019435728345710268,0.0825847281552575
757.1428571428571,0.6,0.00040006309453463607,-8.481549795541097e-11,0.0029294646386150403,-5.666564894962553e-07,4.291598789624033e-05,0.05916477592536915,0.0016209956399833496,0.0592091868362575
757.1428571428571,0.7000000000000001,0.00033428422878420194,-6.288583866007543e-12,0.0017771516678704838,-3.886773446964473e-07,3.809273046795589e-06,0.04442178476716813,0.0013766741734527526,0.044464428928873874
757.1428571428571,0.8,0.00028627687971247265,-3.7906558441848895e-11,0.0011527584789454435,-2.8291250185149607e-07,2.68204714746422e-05,0.03448438124460876,0.001199608200521665,0.03452609721400222
757.1428571428571,0.9,0.0002497971154301978,-4.509019776793253e-12,0.0007890798717452996,-2.1140583249953883e-07,3.657201893732213e-06,0.027563520761363137,0.0010470491211111968,0.027603266362176446
757.1428571428571,1.0,0.00022120814986537597,2.5439609509212484e-11,0.0005617391353638159,-1.6436009109721168e-07,2.3305321259919466e-05,0.02248781513735237,0.0009331709469448141,0.022526517458812338
757.1428571428571,1.1,0.0001982365756541923,1.9211166823478655e-11,0.00041437033242600416,-1.336449737943314e-07,1.964373429886047e-05,0.018732145839933288,0.0008570286165539426,0.018771325732190893
757.1428571428571,1.2000000000000002,0.00017940870476726867,-1.2230512032315552e-11,0.00031260459763967854,-1.048686549483525e-07,1.3821782106900328e-05,0.015769269450305278,0.0007506094809903436,0.015804963752691657
757.1428571428571,1.3000000000000003,0.00016370687985674183,3.363598326271062e-11,0.00024211038323212493,-8.7532065160351e-08,4.166360562724409e-05,0.013494907259165254,0.000692443938709754,0.013530455092346919
757.1428571428571,1.4000000000000001,0.00015042615877853624,9.039845091983565e-11,0.00019183409133504236,-7.656139209539945e-08,0.00012188275529212505,0.011718144741559694,0.0006638356712022366,0.011756322859929533
757.1428571428571,1.5000000000000002,0.00013906377861368108,3.1277369106185344e-11,0.0001536950452696073,-6.044298699806047e-08,4.562717671393961e-05,0.010217308380245465,0.0005704600469271149,0.010249210784571135
757.1428571428571,1.6,0.00012923834890152198,8.923270470526935e-12,0.0001241840910855892,-5.354634157413897e-08,1.4008791232896082e-05,0.008930009836031596,0.0005467908335786271,0.008963438645365073
757.1428571428571,1.7000000000000002,0.00012065476010021878,4.013847614486393e-12,0.0001031955863016828,-4.9573444322495426e-08,6.751281682705399e-06,0.007984904417211069,0.0005447832430410449,0.008021989883788052
757.1428571428571,1.8000000000000003,0.00011310312716193241,7.180730474896775e-11,8.641361884077974e-05,-4.07906372563298e-08,0.0001288598238278928,0.0071620563307243324,0.0004802682513368035,0.0071953436974997705
757.1428571428571,1.9000000000000001,0.00010641563041205383,6.429773370704576e-11,7.222547168697319e-05,-3.5846109951735564e-08,0.0001226544443676435,0.006385806785303672,0.0004502865551925102,0.006418651601039569
757.1428571428571,2.0,0.00010045038837904499,-1.1032195188994984e-11,5.9950662550494727e-05,-3.26878105009929e-08,2.230034507514429e-05,0.005633633171965314,0.0004364871827369457,0.005667394652134763
757.1428571428571,2.1,9.50846529715411e-05,6.898645931843395e-11,5.380988799790207e-05,-2.891890956879472e-08,0.00014733094876385493,0.005356862115341247,0.0004091943226829684,0.005390042496926524
757.1428571428571,2.2,9.025701644401622e-05,8.549261423454213e-11,4.502877855676448e-05,-2.5169891745481682e-08,0.00019237524194171165,0.004735651564111154,0.0003762785983579401,0.004769336970433624
757.1428571428571,2.3000000000000003,8.587966770205899e-05,5.963585445593782e-11,3.944739946215846e-05,-2.266542389309487e-08,0.00014105647563828727,0.0043705632001060585,0.00035701171509722207,0.00440188986060239
757.1428571428571,2.4000000000000004,8.189679295472334e-05,2.5763979943646108e-11,3.5070855402831136e-05,-2.067155117787064e-08,6.391568703217985e-05,0.0040837204359595244,0.000342260428262484,0.00411280223395571
757.1428571428571,2.5000000000000004,7.826462676141601e-05,-2.2699344189985075e-11,2.924258479896328e-05,-1.8546992167616258e-08,5.8938559537466996e-05,0.00357066299471947,0.0003220816910107105,0.0036000807222933214
757.1428571428571,2.6,7.492488641609831e-05,1.462895823058158e-11,2.67152428081512e-05,-1.664404614551828e-08,3.9680827933267395e-05,0.0034134504837786644,0.0003025123842949386,0.0034403846091124587
757.1428571428571,2.7,7.185229849886212e-05,4.12078887342306e-11,2.3705976008879566e-05,-1.5629738132359652e-08,0.0001165664174757756,0.003163965558416398,0.00029676799795830364,0.0031938078016300053
757.1428571428571,2.8000000000000003,6.901677034171473e-05,4.661948150315172e-11,2.1120188448809195e-05,-1.5259442539786545e-08,0.0001373127780502956,0.0029393893988156365,0.0003021550054914519,0.002973459287021216
757.1428571428571,2.9000000000000004,6.639244406905542e-05,4.667034654700449e-11,1.8905516491051635e-05,-1.42663857111423e-08,0.0001429194266145071,0.0027392641523859996,0.00029414096727375445,0.0027743525147876013
757.1428571428571,3.0000000000000004,6.395717296130664e-05,4.692182343799342e-11,1.6980214164929104e-05,-1.3183832122311505e-08,0.00014918480979965714,0.00255755220387245,0.0002826115739088151,0.0025928879625664934
757.1428571428571,3.1,6.169170399520714e-05,4.735603958855333e-11,1.52975635083757e-05,-1.2222414396953883e-08,0.00015611939651634176,0.002391844854936061,0.0002720224627796549,0.0024276094242209043
757.1428571428571,3.2,5.957921066419141e-05,4.7951610764463874e-11,1.387834020657026e-05,-1.1361857561572122e-08,0.0001637138973717041,0.002249628281891594,0.0002621976949213088,0.002285853212549584
757.1428571428571,3.3000000000000003,5.760550073524137e-05,4.4371131686893486e-11,1.2460561010742606e-05,-1.0659020446768125e-08,0.00015670581081414774,0.002091427676169553,0.00025474031553467943,0.0021280065066884343
757.1428571428571,3.4000000000000004,5.5756396416398764e-05,5.143640756040316e-11,1.1466071495803865e-05,-9.969329062195355e-09,0.00018771071023684335,0.001990447326984046,0.00024646120443623596,0.002029433941477247
757.1428571428571,3.5000000000000004,5.4021952812514194e-05,5.1980704165401184e-11,1.030647071530223e-05,-8.567371688786911e-09,0.00019581805549575646,0.001848482215086438,0.00021885882988108667,0.0018844175718727631
757.1428571428571,3.6,5.2390573915782646e-05,5.3008999839139315e-11,9.578694730765694e-06,-8.090647543894038e-09,0.00020593386593374647,0.0017731115281983641,0.00021334963168139593,0.0018103506232897348
757.1428571428571,3.7,5.0854981966358756e-05,5.58219746910702e-11,8.765083112147305e-06,-8.340983876989986e-09,0.00022344467947323904,0.001673026740695205,0.00022682633939226596,0.0017180938205902231
757.1428571428571,3.8000000000000003,4.940704084805634e-05,5.038430453681943e-11,8.05181019003433e-06,-7.090953145617851e-09,0.0002076243643835966,0.0015832883777956526,0.0001986860968436968,0.0016213766663260105
757.1428571428571,3.9000000000000004,4.8039617831654264e-05,2.8467944849503857e-11,7.26638285016034e-06,-5.891136136747977e-09,0.00012066965516828632,0.0014707180850006725,0.0001699339476834474,0.0014951013157565743
757.1428571428571,4.0,4.6744858643753794e-05,2.4993956991156256e-11,6.5643444507717775e-06,-5.659016866238946e-09,0.00010889160330136476,0.0013664439367055917,0.00016791170989525437,0.0013911919702431124
757.1428571428571,4.1,4.551574290036104e-05,4.645038447581191e-11,6.358608347290032e-06,-5.858863454540181e-09,0.00020785110674254625,0.0013602797252526705,0.00017867787990516088,0.0013990763320999996
757.1428571428571,4.2,4.435021324044119e-05,5.643700390412083e-11,5.888103878715831e-06,-6.216579181843048e-09,0.00025920571623990775,0.001293641167541863,0.00019472088646330118,0.0013477861554937512
757.1428571428571,4.3,4.3243564619308494e-05,5.718100553289187e-11,5.4656257419951e-06,-6.196333566675057e-09,0.0002693865292377969,0.0012323786838100736,0.000199211063375723,0.0012925542224552162
757.1428571428571,4.3999999999999995,4.219157225559575e-05,5.766889480785758e-11,5.299537258529796e-06,-5.709782373871281e-09,0.0002785034443773026,0.0012255088832717376,0.00018829625492697784,0.0012846583790047117
757.1428571428571,4.5,4.1192575264468305e-05,3.231326104151387e-11,4.410689570207622e-06,-4.9179556579315765e-09,0.00015987042308199394,0.0010453958775197445,0.00016625380392924,0.001083370549513682
757.1428571428571,4.6,4.0237685169042936e-05,5.84851998930324e-11,4.413264104086622e-06,-4.812876745665695e-09,0.00029624070679239677,0.0010713736822114627,0.00016668254200892383,0.0011362949717909168
757.1428571428571,4.7,3.932692771465843e-05,5.904441347881645e-11,4.121086714605246e-06,-5.052441943670008e-09,0.0003060471333373613,0.0010241858340737317,0.0001791422928553704,0.0010985469460702535
757.1428571428571,4.8,3.845738112741998e-05,5.957519079143876e-11,3.853972574124078e-06,-4.617612000304284e-09,0.00031582941880189453,0.000979983130664839,0.00016754249599668607,0.0010565302334046103
757.1428571428571,4.9,3.762637426592277e-05,5.491524744407864e-11,3.6092378028570887e-06,-3.998875013071297e-09,0.0002976009371226546,0.0009385032722063633,0.00014839627840434121,0.0010066765223282258
757.1428571428571,5.0,3.6831459782454135e-05,nan,nan,nan,nan,nan,nan,nan
771.4285714285714,0.1,0.0030271560547327114,nan,nan,nan,nan,nan,nan,nan
771.4285714285714,0.2,0.0014497694836464704,3.735540554147391e-11,0.1037326156413186,-2.2214580941360132e-06,5.211672776968169e-06,0.3426734987089322,0.0010433683912701149,0.3426766755701093
771.4285714285714,0.30000000000000004,0.0009097090689734153,1.977966031321357e-10,0.02794683679024961,-2.515161207435378e-06,4.3961465582814016e-05,0.19276745100164158,0.0024563347400811293,0.19279875326098816
771.4285714285714,0.4,0.0006491170222028564,1.5414967502131e-10,0.011086518376470735,-1.4823225465220275e-06,4.8032310980556577e-05,0.1218688342744742,0.0023061847072073953,0.12191247700842466
771.4285714285714,0.5,0.0004993901591970048,9.901412922479517e-11,0.005366623542470897,-8.901689221134855e-07,4.011993791526153e-05,0.08267574811485637,0.0019416070348763112,0.08272134314502126
771.4285714285714,0.6,0.00040332953161586224,1.4570595303745108e-10,0.002964169457152026,-5.727899963291956e-07,7.312845313597489e-05,0.05935578430136203,0.0016246377653159057,0.05940028092136816
771.4285714285714,0.7000000000000001,0.00033691059860623993,7.28472872013869e-12,0.001794593112442946,-3.91765942778981e-07,4.378530055364067e-06,0.044494463503658016,0.0013763656015889749,0.044537019053685616
771.4285714285714,0.8,0.0002884375967210471,1.2316267212944124e-11,0.0011650750570692495,-2.817274932845409e-07,8.649403873912617e-06,0.034581134042355154,0.0011853380419657956,0.03462174113205436
771.4285714285714,0.9,0.00025161534540654674,3.86854045056687e-11,0.0007978220012308511,-2.1116296785672037e-07,3.115109969982584e-05,0.02766012511199913,0.0010380609907530128,0.027699072779490356
771.4285714285714,1.0,0.00022277131410435488,-4.4229690738934756e-11,0.0005660342995304572,-1.6385958564857894e-07,4.023826731323345e-05,0.02249601663268546,0.0009236259638939929,0.02253394224938405
771.4285714285714,1.1,0.0001995876257974676,2.897937046724583e-11,0.0004182244843444545,-1.3135200692148997e-07,2.943178134494524e-05,0.018773713573756703,0.0008364887827236776,0.018810970590228855
771.4285714285714,1.2000000000000002,0.00018058618233402485,5.764350324215344e-11,0.0003175038321055973,-1.0791502905649678e-07,6.471711083011853e-05,0.01590799183250898,0.0007671981970173759,0.015945080074888932
771.4285714285714,1.3000000000000003,0.00016475977719163809,-7.074392100002575e-11,0.00024306450244556294,-8.724374305001623e-08,8.707894100642768e-05,0.013459750868201746,0.0006856477954052176,0.013494913929874192
771.4285714285714,1.4000000000000001,0.00015136401707370695,-3.6912440620623963e-11,0.00019294314833293055,-7.251635013062958e-08,4.9464418949301404e-05,0.01171057351628434,0.0006248244117705857,0.011743968234805946
771.4285714285714,1.5000000000000002,0.0001398976884391051,4.487586817005597e-11,0.00015638393497001204,-6.329938188098365e-08,6.507241160123912e-05,0.010331645393228476,0.0005937691911898045,0.01036591793595643
771.4285714285714,1.6,0.0001299951991542034,-3.5416316893164447e-11,0.00012401885169975122,-5.512832193666151e-08,5.528188180898271e-05,0.008864967897860183,0.0005595731295153483,0.008900390783055491
771.4285714285714,1.7000000000000002,0.00012133289838629919,2.7843939511057415e-11,0.00010541581220605367,-4.664285944175981e-08,4.6570967293693246e-05,0.008109208100908937,0.0005096389710622392,0.008141307551032116
771.4285714285714,1.8000000000000003,0.00011372475574045551,-1.6243974510941568e-11,8.66762342595397e-05,-4.0741797051387676e-08,2.8992547266046082e-05,0.007143671288851954,0.0004770048534436304,0.007175510247458523
771.4285714285714,1.9000000000000001,0.00010698337543720723,-3.107242084312231e-11,7.1915135640643e-05,-3.6368506581272225e-08,5.896437210760119e-05,0.006323613110655424,0.0004543782999289796,0.006356451749940678
771.4285714285714,2.0,0.00010096114649036538,5.196841979999464e-11,6.205651502713253e-05,-2.969275038472296e-08,0.00010450864801439376,0.005800575535547199,0.00039442374766860793,0.005828270651449568
771.4285714285714,2.1,9.555948269379486e-05,4.8100536801047767e-11,5.371796725507751e-05,-2.6994686539804274e-08,0.0001022075602034962,0.005320657413513403,0.00038000476891416154,0.005348705352338348
771.4285714285714,2.2,9.069499856977511e-05,9.321855188190145e-12,4.511148587884141e-05,-2.603981452356502e-08,2.087476673187242e-05,0.004720775438204703,0.0003873191987709838,0.0047524929055513705
771.4285714285714,2.3000000000000003,8.628162930454377e-05,3.309330387721043e-11,3.9566192858841026e-05,-2.3609002347049225e-08,7.790643252135469e-05,0.0043625551003676636,0.00037007943673473436,0.004394527732869587
771.4285714285714,2.4000000000000004,8.226392196790085e-05,4.2630292768364226e-11,3.5291060696671543e-05,-2.3479209868794225e-08,0.00010527693560387916,0.004090217231770918,0.0003869142350547604,0.004127997757608634
771.4285714285714,2.5000000000000004,7.859912523822464e-05,3.6814059177272855e-11,3.035592878287778e-05,-2.001888804535834e-08,9.517310754757797e-05,0.0036900658340508715,0.0003460612009738558,0.00372359510280975
771.4285714285714,2.6,7.523788779637721e-05,1.2552229904650438e-11,2.6911334979910408e-05,-1.602960039820153e-08,3.390552705861558e-05,0.0034238720721566996,0.0002900823331400489,0.0034485279571521065
771.4285714285714,2.7,7.214576370432888e-05,-9.888692822073863e-12,2.3474005415863175e-05,-1.4626156765169176e-08,2.785999838188935e-05,0.003119971347334059,0.00027655268459263074,0.0031445127066695284
771.4285714285714,2.8000000000000003,6.928837966643919e-05,8.661984913413672e-12,2.1187263237052635e-05,-1.3384012895585152e-08,2.5412699533623942e-05,0.002936730051660866,0.00026395299057857877,0.002960468132592609
771.4285714285714,2.9000000000000004,6.664286826092002e-05,3.71608794027913e-11,1.906951798162561e-05,-1.3020129918873064e-08,0.00011335954561624015,0.0027521956890070275,0.0002673909698264179,0.0027803646089426134
771.4285714285714,3.0000000000000004,6.418805203521711e-05,4.325480516211065e-11,1.7129425445722165e-05,-1.293585248849393e-08,0.00013701409837312792,0.0025703313636887713,0.00027622641570235944,0.002603455059681024
771.4285714285714,3.1,6.190453006397142e-05,4.341861610813454e-11,1.5426554172428237e-05,-1.2148956191848801e-08,0.00014262806396559143,0.002403337331995117,0.0002693815844953165,0.002437520455734145
771.4285714285714,3.2,5.9775273634450015e-05,4.428184757858248e-11,1.395425664621561e-05,-1.1267125780277216e-08,0.00015066781333260035,0.0022541575926342465,0.0002590837609256892,0.00228870619188131
771.4285714285714,3.3000000000000003,5.7785559771390776e-05,4.9056013886084954e-11,1.265147257020009e-05,-1.0509324956649867e-08,0.00017268344240608537,0.002116506006742682,0.0002503038983653885,0.0021528402938752545
771.4285714285714,3.4000000000000004,5.592236063403354e-05,4.4988524505954385e-11,1.1514304165434196e-05,-9.816416449398308e-09,0.00016366737412254172,0.001992591957400203,0.00024188528891831972,0.0020283556650741354
771.4285714285714,3.5000000000000004,5.417430453833064e-05,4.5727994565894586e-11,1.059719545644399e-05,-8.389052434465021e-09,0.00017175069498542473,0.0018949835694158255,0.00021363446320637582,0.0019265877600885123
771.4285714285714,3.6,5.253222039719219e-05,4.840887134823115e-11,9.447326666194682e-06,-7.983345458149247e-09,0.00018752200070615155,0.001743875947592515,0.0002098936549992417,0.0017788700104724943
771.4285714285714,3.7,5.098460952271568e-05,4.4891182441079686e-11,8.75894726697673e-06,-8.395063042448575e-09,0.00017920298855444617,0.0016673476203272939,0.0002276403646172236,0.0017075719807153255
771.4285714285714,3.8000000000000003,4.9524588120908936e-05,4.951935001771055e-11,8.162757524380144e-06,-7.871482039912594e-09,0.00020353541991114743,0.0016010238385258814,0.00021995748840643412,0.001643613881694447
771.4285714285714,3.9000000000000004,4.8146194294345996e-05,5.039040324239319e-11,7.518277949939625e-06,-7.1334458179674266e-09,0.00021307718435073346,0.0015180899499021702,0.00020524021874638947,0.0015602070623051741
771.4285714285714,4.0,4.684298324728245e-05,4.012502648922911e-11,6.821348603504983e-06,-5.959559654387474e-09,0.0001744175419794341,0.0014167991268016055,0.00017640111540944352,0.0014491293771404026
771.4285714285714,4.1,4.560798568625396e-05,2.3992765547926347e-11,6.18185830490603e-06,-5.140717789891134e-09,0.00010713202884169591,0.001319697823742826,0.00015642156717688717,0.0013423915341477075
771.4285714285714,4.2,4.4434806708274524e-05,2.8790058186437853e-11,5.751298143341008e-06,-4.891366577489243e-09,0.0001319592520592554,0.0012610287555572584,0.00015288584258688054,0.0012862172943454487
771.4285714285714,4.3,4.33191407117285e-05,5.0368097412752963e-11,5.511290120955235e-06,-5.345135319896597e-09,0.0002368207464366318,0.001240309237111847,0.00017149602063358472,0.0012857965779212845
771.4285714285714,4.3999999999999995,4.225858761639203e-05,5.139171819249799e-11,5.126564695930794e-06,-6.1565648210935246e-09,0.00024773439127914406,0.0011834409943738326,0.00020262857759511144,0.0012425866556113542
771.4285714285714,4.5,4.1249300168014865e-05,6.272593338190812e-11,5.0719804758970785e-06,-5.6880987457507925e-09,0.00030981545329380393,0.0012002247973686815,0.0001919368355277051,0.001268938405511913
771.4285714285714,4.6,4.029073252439667e-05,2.9011406648385096e-11,4.0464329626377005e-06,-4.85522507342616e-09,0.00014673455192960953,0.0009809700882574845,0.00016786623539994703,0.0010198977834864535
771.4285714285714,4.7,3.937262921040486e-05,3.480902776731251e-11,4.157826151125423e-06,-4.152802378228074e-09,0.0001801852862703612,0.0010319559587574623,0.0001470289677866424,0.0010680050903156672
771.4285714285714,4.8,3.8496104157924295e-05,5.3111323582352896e-11,3.888213560880392e-06,-4.03233620779568e-09,0.0002812001111417963,0.000987542269555336,0.00014611076217291104,0.001047382426007884
771.4285714285714,4.9,3.765846124105254e-05,5.532591599229126e-11,3.6407996391992416e-06,-4.494028908686253e-09,0.0002994814973883069,0.0009457579458595153,0.0001665567604705372,0.0010196222674849899
771.4285714285714,5.0,3.685722632057277e-05,nan,nan,nan,nan,nan,nan,nan
785.7142857142858,0.1,0.0030416021700525753,nan,nan,nan,nan,nan,nan,nan
785.7142857142858,0.2,0.0014627841151140177,4.088848718289411e-11,0.10342620554089405,-1.9038436140586305e-06,5.654254726733198e-06,0.3400385709847988,0.0008902327256236279,0.34004090168385065
785.7142857142858,0.30000000000000004,0.0009182281155844009,2.774179736557981e-10,0.02812852805198326,-2.506972191351239e-06,6.108727038913587e-05,0.19229445932143424,0.002426732373230636,0.1923250916479696
785.7142857142858,0.4,0.0006549573965746169,1.5338666805841404e-10,0.011197724112310407,-1.4939958044509456e-06,4.7369891640222376e-05,0.12194926208705431,0.0023028388220431174,0.1219927493778393
785.7142857142858,0.5,0.0005036639186879369,4.9349225553435976e-11,0.005425526380461455,-8.96813342566081e-07,1.9827375024353428e-05,0.08283785187916946,0.0019387190541147814,0.08288321518993816
785.7142857142858,0.6,0.00040662570460587156,-2.421338263013478e-11,0.002995096458380236,-5.751286900503295e-07,1.2054897527180032e-05,0.059466170739062935,0.0016175136423937939,0.05951015298631486
785.7142857142858,0.7000000000000001,0.00033953845510760857,7.559520186660655e-11,0.0018149621644196962,-3.9293209510163717e-07,4.5085960033079746e-05,0.04463471305088491,0.0013693788058289245,0.04467672815355143
785.7142857142858,0.8,0.00029060082725354254,7.65240381599999e-11,0.001177827096393054,-2.83140194303215e-07,5.334096585862839e-05,0.03468906330565032,0.0011820794201525384,0.03472936195488121
785.7142857142858,0.9,0.00025344147036340705,4.638897558201547e-12,0.0008043338402564491,-2.1408657546832798e-07,3.7086974362151173e-06,0.027678305249788104,0.0010446010810719537,0.02771770152974517
785.7142857142858,1.0,0.00022432545187583606,5.1208982986732506e-11,0.0005735156709716043,-1.654695043083277e-07,4.626504485609605e-05,0.02262911709552688,0.0009260248218255512,0.02266702726249555
785.7142857142858,1.1,0.0002009445900979811,-3.0732790876208313e-11,0.000421169556090838,-1.294582755607434e-07,3.100417401523464e-05,0.01877493403307419,0.0008187186707366718,0.018810627574026323
785.7142857142858,1.2000000000000002,0.00018177542388103453,2.3602671065487666e-12,0.0003191979327548408,-1.0833051112073735e-07,2.6326716983889917e-06,0.015884873168230063,0.000765009797526311,0.015921673356853485
785.7142857142858,1.3000000000000003,0.00016579823699163637,5.735700279232705e-11,0.0002473292115492373,-8.974835358928125e-08,7.015656495606313e-05,0.013606306411977088,0.000700745118512878,0.013642528488607033
785.7142857142858,1.4000000000000001,0.00015229434221773058,2.6787115869905513e-11,0.00019503091611472237,-7.065747436140532e-08,3.567678363129561e-05,0.01176314776643618,0.0006049758205342113,0.011794274445457205
785.7142857142858,1.5000000000000002,0.00014074075660497202,-6.214264839475165e-12,0.00015576505948972495,-6.250403890075022e-08,8.957440415332229e-06,0.01022789535195158,0.0005827279644221034,0.010261046112714365
785.7142857142858,1.6,0.0001307448215871107,4.756059558898204e-11,0.00012678325397651004,-5.3826468211012635e-08,7.380941193311828e-05,0.009008282819763605,0.0005431103693772547,0.009041268989295045
785.7142857142858,1.7000000000000002,0.0001220167191090145,4.726956813782461e-11,0.00010544525912213433,-4.6065176808580384e-08,7.861491291951824e-05,0.008064966385829658,0.0005004206734822448,0.008096338975734186
785.7142857142858,1.8000000000000003,0.00011434306922213964,4.45633669357831e-11,8.753598167196942e-05,-4.301020375574444e-08,7.910347853503648e-05,0.007174097313152747,0.0005007175841198488,0.00720939427531852
785.7142857142858,1.9000000000000001,0.00010754477915198448,4.2670540770014724e-11,7.360213198156377e-05,-3.5762558086877455e-08,8.054647731389588e-05,0.006436956125305109,0.00044436945822381844,0.006468061558528559
785.7142857142858,2.0,0.00010148251040164495,-6.6824695320994485e-12,6.238872008250373e-05,-2.977395072835791e-08,1.3369958101980543e-05,0.005801185382912426,0.0003934168075977107,0.005827819847223934
785.7142857142858,2.1,9.604412885213047e-05,-3.8776026495934043e-11,5.291358123441803e-05,-2.8205468207893507e-08,8.198719602356644e-05,0.005214059154133849,0.00039502484592318535,0.005244542308048631
785.7142857142858,2.2,9.113488311496016e-05,2.0622083732064364e-12,4.647072647238523e-05,-2.570573140850892e-08,4.595773795076349e-06,0.004838476544873614,0.00038046151740114316,0.004868303434347045
785.7142857142858,2.3000000000000003,8.66903446425137e-05,-1.441446635052595e-11,3.93944870759753e-05,-2.243257839038687e-08,3.37756479353568e-05,0.004322657332679295,0.00034994785242563374,0.0043510267993881815
785.7142857142858,2.4000000000000004,8.2639751040827e-05,1.6936415795783513e-12,3.519793491944572e-05,-2.137984155304056e-08,4.163552180457273e-06,0.004060190908755985,0.00035067729082318983,0.004090368770087814
785.7142857142858,2.5000000000000004,7.894113678833476e-05,4.064709119051427e-11,3.109283203859777e-05,-1.9719379212199985e-08,0.00010461815738903356,0.003762454708175101,0.00033933900604673145,0.003794379041684427
785.7142857142858,2.6,7.555345085622849e-05,4.015795177172602e-11,2.714458850974917e-05,-1.7723306812123832e-08,0.00010801003917522694,0.003438585965962473,0.0003193157869486922,0.0034697931865553646
785.7142857142858,2.7,7.243721080921971e-05,3.99260636000366e-11,2.40785980975858e-05,-1.5473234177673847e-08,0.00011202273900758792,0.003186962054639336,0.00029132094371712704,0.0032154334103293466
785.7142857142858,2.8000000000000003,6.95617567431868e-05,2.0330029212831985e-11,2.1457362857008117e-05,-1.3282109167161182e-08,5.940761970873423e-05,0.0029622016940327933,0.0002608643778474764,0.0029856772412083844
785.7142857142858,2.9000000000000004,6.690087630572396e-05,-4.270204228957438e-12,1.8776275212402477e-05,-1.2003712613067343e-08,1.2976415075907823e-05,0.0026992238395764086,0.00024553747098993633,0.002721498672203626
785.7142857142858,3.0000000000000004,6.442775862038515e-05,1.4196893526695207e-11,1.715761397522348e-05,-1.11559195378458e-08,4.480143756966596e-05,0.0025646321726514516,0.00023730642447118399,0.0025868850047881544
785.7142857142858,3.1,6.212621707479857e-05,3.9310181683847026e-11,1.556981872473568e-05,-1.1245725186564847e-08,0.00012865635231489018,0.0024166320632810815,0.00024841861196387446,0.002445421558711149
785.7142857142858,3.2,5.9980373716459354e-05,3.8460319258174125e-11,1.4109988082536899e-05,-1.1251227903179465e-08,0.00013039726627171654,0.0022711809517628914,0.0002577651171673354,0.0023039427236713826
785.7142857142858,3.3000000000000003,5.7975630238945504e-05,3.411792446463364e-11,1.2661942176848738e-05,-1.0434034877375727e-08,0.00011969267526668676,0.002111014218868421,0.00024763152134600695,0.002143210234555962
785.7142857142858,3.4000000000000004,5.609750618320014e-05,3.9861764550478153e-11,1.1660638048127196e-05,-9.696383893586767e-09,0.00014454407008868537,0.002011299920340338,0.00023811832132036265,0.0020444121472089983
785.7142857142858,3.5000000000000004,5.433598850793605e-05,4.080685534754715e-11,1.0927540742940778e-05,-9.135577013856864e-09,0.000152789226884165,0.0019479548176801692,0.0002318877373738764,0.001981266353891872
785.7142857142858,3.6,5.2683746240101366e-05,1.5538729485229755e-11,9.189457261021874e-06,-7.824950546643298e-09,6.0016326892112096e-05,0.001691228504967699,0.00020508752609632857,0.0017169675600399456
785.7142857142858,3.7,5.11233985448769e-05,4.607872499452865e-11,8.919053390862937e-06,-7.316652391438417e-09,0.00018341192798572594,0.001692942136311865,0.00019781734502074093,0.001725675640498449
785.7142857142858,3.8000000000000003,4.9652241383561066e-05,4.462374904403479e-11,8.197029055624973e-06,-7.711884550994874e-09,0.00018290962420344268,0.0016033810914251908,0.0002148748972217611,0.0016421416802085641
785.7142857142858,3.9000000000000004,4.826305451280148e-05,4.504823388291131e-11,7.542898968538365e-06,-7.367306151860721e-09,0.0001899914557584359,0.0015191457139406561,0.00021138650605289887,0.0015598938948941303
785.7142857142858,4.0,4.694929663172728e-05,4.7469983223503964e-11,6.958620425868011e-06,-6.865134900931855e-09,0.00020583640469143419,0.0014418110283555055,0.00020267650981332043,0.001484366262835448
785.7142857142858,4.1,4.570512495491176e-05,4.6089764674135454e-11,6.4322420090488495e-06,-5.985422457029124e-09,0.00020532048628895,0.0013700401221137966,0.00018167533013851227,0.0014089635514992545
785.7142857142858,4.2,4.4525275698186724e-05,3.51532208464315e-11,5.956956624043809e-06,-5.008523768340174e-09,0.00016077224202047408,0.0013033454410025932,0.0001561836516378919,0.0013316695229915066
785.7142857142858,4.3,4.340499600770213e-05,1.6434031465482757e-11,5.137476572434349e-06,-4.455399870697412e-09,7.711105325589327e-05,0.0011538337476579784,0.00014263649996888622,0.001173869146887947
785.7142857142858,4.3999999999999995,4.233609108294188e-05,3.746415341794858e-11,5.16401242740659e-06,-4.6379673415830884e-09,0.00018023390033659973,0.001189727658652531,0.00015233449150864285,0.0012224351742320613
785.7142857142858,4.5,4.131882628245569e-05,4.659692492261982e-11,4.813909301526675e-06,-5.612893129672604e-09,0.00022971177885776052,0.0011370698565664943,0.00018901896080590912,0.0011904418067030561
785.7142857142858,4.6,4.034970057498477e-05,6.195022221225075e-11,4.4859721855245016e-06,-5.46146442950839e-09,0.0003127781364421559,0.0010856969060201215,0.00018846606250259737,0.0011608646983211947
785.7142857142858,4.7,3.94254345893691e-05,5.7539128566912966e-11,4.449763030423415e-06,-4.509080675961377e-09,0.00029735843148246896,0.0011027995169763647,0.00015936008949955758,0.0011642079228675742
785.7142857142858,4.8,3.854566623405766e-05,2.7874512941750465e-11,3.594134069981563e-06,-4.285272456207253e-09,0.00014737152779505393,0.0009116282692672478,0.0001550220431648827,0.0009491301998492491
785.7142857142858,4.9,3.7701839219446035e-05,2.994002538641019e-11,3.6052519064907055e-06,-4.0807708873300415e-09,0.00016185415671988226,0.0009353196503593513,0.00015102420230728102,0.0009729523296446463
785.7142857142858,5.0,3.689406472389932e-05,nan,nan,nan,nan,nan,nan,nan
800.0,0.1,0.003055129870233723,nan,nan,nan,nan,nan,nan,nan
800.0,0.2,0.001475807091170786,-1.8972675618917519e-10,0.10303194660005284,-1.5710969775126472e-06,2.6007503487012326e-05,0.33724244459752123,0.0007316070103775262,0.337244032730214
800.0,0.30000000000000004,0.0009268037781083775,3.38947919072987e-10,0.028302860930205283,-2.486769939260778e-06,7.394638646891278e-05,0.19177886526993232,0.0023861829199021806,0.19180856698840487
800.0,0.4,0.0006608290743480219,2.6343812146927933e-10,0.011309337886172374,-1.5078384291730193e-06,8.063369759443629e-05,0.12202515951386098,0.0023026971950403942,0.12206863186306503
800.0,0.5,0.0005079477494493902,1.7942317495728255e-10,0.005485051153846333,-9.06735197771705e-07,7.148008539720263e-05,0.08300257005577304,0.001942747994455192,0.08304806009056466
800.0,0.6,0.0004099169360892217,1.63226226400354e-10,0.0030295616472141673,-5.790989727877901e-07,8.061019153347317e-05,0.05964317492297544,0.0016149436006085132,0.05968694077067376
800.0,0.7000000000000001,0.0003421817392011949,4.200928199468782e-11,0.0018333132623514802,-3.950789359242321e-07,2.486220292962089e-05,0.04472401847657364,0.0013657837088205116,0.04476571430347776
800.0,0.8,0.0002927796749366829,2.377262577562365e-12,0.001189093136188385,-2.866392113564597e-07,1.6448239086947788e-06,0.03475033878091391,0.001187484606107377,0.03479089374352459
800.0,0.9,0.00025526854203405475,1.4993108812241607e-11,0.0008132631328745028,-2.1393801300951955e-07,1.190133765772069e-05,0.027777308416316152,0.00103616341530214,0.02781593560791021
800.0,1.0,0.00022589004046017167,3.185206659746561e-11,0.0005783743514068057,-1.658819783001713e-07,2.8578165288452e-05,0.022657486378781694,0.0009217249216709387,0.022694969913588076
800.0,1.1,0.0002022952824003566,3.881552547476541e-11,0.00042646227746672555,-1.3125723269306302e-07,3.8897050130079386e-05,0.01887919788751901,0.0008243620914863779,0.018915199485397206
800.0,1.2000000000000002,0.00018296514711520882,3.032998277269914e-11,0.00032133904723475817,-1.04860215640618e-07,3.361075570387209e-05,0.01588465353328436,0.0007355631825602885,0.015918713953911562
800.0,1.3000000000000003,0.0001668484023024086,4.789400524957171e-11,0.00024984766304866267,-8.874072911289175e-08,5.821203803828891e-05,0.01365547848800622,0.000688378260114661,0.013690259699354508
800.0,1.4000000000000001,0.00015323013412009502,3.4116619348248124e-11,0.00019706906157433135,-7.377858548616027e-08,4.516082847325717e-05,0.011811264528451916,0.0006277113934502159,0.011844663458639475
800.0,1.5000000000000002,0.00014158255655352474,2.4074161388234957e-11,0.00015691712770612843,-6.194501328028127e-08,3.449497546952266e-05,0.01024061804861071,0.0005739846799233495,0.010272797318473555
800.0,1.6,0.00013150415026401576,2.899585700230236e-11,0.00012844427078634202,-5.1797503511919485e-08,4.4738405069162794e-05,0.009072040646319604,0.0005195310893485806,0.009101854103366116
800.0,1.7000000000000002,0.0001227101866823702,2.740133998541071e-11,0.00010542541677799287,-4.548795460373406e-08,4.531354307539301e-05,0.008016888939728092,0.0004912912134542422,0.00804706752189612
800.0,1.8000000000000003,0.00011497047726850455,4.815530739126482e-11,8.841232857493532e-05,-4.250097550966942e-08,8.500828797977342e-05,0.007204970586817432,0.0004919864684976407,0.007238986734087799
800.0,1.9000000000000001,0.00010811489114038826,4.625875824332135e-11,7.432055313602851e-05,-3.7726979538269004e-08,8.68541443900987e-05,0.006464316309869593,0.00046619454437218786,0.006498430864666374
800.0,2.0,0.00010200251054363226,4.439734322018388e-11,6.307315887947247e-05,-3.2967618987014894e-08,8.836968134743003e-05,0.00583390115960727,0.00043329352405964097,0.0058666599097469884
800.0,2.1,9.652086153567099e-05,3.8282614266874495e-11,5.359759912871723e-05,-2.7853656907187505e-08,8.053961798234323e-05,0.0052545372504131166,0.00038808474217233294,0.0052837361667912325
800.0,2.2,9.157518851899688e-05,4.550338173464608e-11,4.666027503342145e-05,-2.4258911391398487e-08,0.00010091199786184187,0.004834216592252166,0.00035725418587072505,0.004861593812605381
800.0,2.3000000000000003,8.7096118252657e-05,5.4432014600558605e-11,3.9887776857473586e-05,-2.2050723916906486e-08,0.00012693627635642276,0.004355740621729547,0.0003423103435282664,0.004384397555493002
800.0,2.4000000000000004,8.301592575489184e-05,5.656387378572492e-11,3.557104060509402e-05,-1.996850616033644e-08,0.0001384069944860532,0.004084113198007981,0.0003259679959479527,0.0041123773390862725
800.0,2.5000000000000004,7.929144366317763e-05,3.888784805523376e-11,3.102478449779278e-05,-1.899350691714435e-08,9.964000910715627e-05,0.0037372087603280866,0.00032532848651373983,0.003766740593399353
800.0,2.6,7.587720941644135e-05,3.842398785513508e-11,2.7383092065038927e-05,-1.778453788731177e-08,0.00010289663642528149,0.0034534737671519334,0.0003189778102863866,0.0034843309924725003
800.0,2.7,7.273680609035545e-05,3.78944055404491e-11,2.428800412184893e-05,-1.621388640869633e-08,0.0001058750597730595,0.003200961699651822,0.0003039372349347217,0.0032314270866722894
800.0,2.8000000000000003,6.983928280548805e-05,3.751364794539956e-11,2.1625335965645543e-05,-1.4833061667156507e-08,0.00010917511528479629,0.0029730939709920754,0.00029009978854687254,0.0030032520275156322
800.0,2.9000000000000004,6.71580128802771e-05,3.866400336957403e-11,1.9361957569657752e-05,-1.2892331062587165e-08,0.00011703140239057366,0.0027723591640514775,0.0002626418023828118,0.0027995773103030204
800.0,3.0000000000000004,6.467036253076272e-05,1.8765467044981284e-11,1.7321439043530903e-05,-1.0957447962097349e-08,5.899377942911019e-05,0.0025792066055334182,0.00023216836667373816,0.002600690539261919
800.0,3.1,6.235592657168366e-05,6.408215777261474e-13,1.5183223061067112e-05,-9.947025538954696e-09,2.0896111113933473e-06,0.0023477869099380235,0.00021889614601648376,0.0023681086939650107
800.0,3.2,6.019332284321526e-05,3.086563144658666e-11,1.419444334808538e-05,-1.0030594381408148e-08,0.00010426817375988434,0.0022763583396948825,0.00022895653862578186,0.0023016344922503797
800.0,3.3000000000000003,5.817266354822771e-05,4.001081740653643e-11,1.2878253311648099e-05,-1.0233183094827832e-08,0.0001398727636494894,0.0021394820394268505,0.00024198329472904765,0.0021711885263368705
800.0,3.4000000000000004,5.6280786786356637e-05,3.508803606562369e-11,1.1709038271865594e-05,-9.615066043643311e-09,0.0001268048157165483,0.002012807658731027,0.00023529139446771974,0.0020440641411062213
800.0,3.5000000000000004,5.450600040720422e-05,3.559878632203969e-11,1.0722922424143966e-05,-9.531836192095415e-09,0.00013285704118626716,0.0019052545347044395,0.0002411300280992945,0.0019400858785906703
800.0,3.6,5.2838443252293246e-05,4.831581414019266e-11,1.007052910833103e-05,-8.662465173919203e-09,0.00018603418890653648,0.0018476000867970455,0.00022630227822442064,0.0018843195701455974
800.0,3.7,5.127159138846558e-05,6.876507111332813e-12,8.426200913528885e-06,-6.560779786212294e-09,2.7291645014591587e-05,0.0015947102894942275,0.0001768304141179637,0.0016144298473518837
800.0,3.8000000000000003,4.9789001533773204e-05,4.039522752771908e-11,8.269656929510013e-06,-6.5376342846890875e-09,0.000165096388420577,0.001612912083585222,0.0001816270293492988,0.0016415599174033346
800.0,3.9000000000000004,4.838910824837593e-05,4.0786005679512203e-11,7.608280487172128e-06,-7.231711782219911e-09,0.00017153909113287827,0.001528104652191354,0.00020689341273462074,0.0015652920674115451
800.0,4.0,4.706529776785037e-05,4.13456356981926e-11,7.0183010668032605e-06,-6.79069037998837e-09,0.00017880762662712528,0.001450388593808983,0.00019992352415455804,0.0014884683642630706
800.0,4.1,4.581167029799285e-05,4.182892147470564e-11,6.487598666695027e-06,-6.143080936521375e-09,0.00018587237690445866,0.0013784250763046511,0.0001859690370512359,0.001415546960353179
800.0,4.2,4.462291881480228e-05,4.924796064948202e-11,6.003785603659981e-06,-6.01884104766051e-09,0.00022469185294911328,0.0013105362813900776,0.00018721864600087886,0.0013557630384555567
800.0,4.3,4.3494205187648306e-05,4.3195770862388913e-11,5.574873459289269e-06,-5.4117277284607256e-09,0.00020222556807652955,0.0012493296286660606,0.00017283554089334838,0.0012889778701896107
800.0,4.3999999999999995,4.2421240295087226e-05,2.0159848060592134e-11,4.958657088519231e-06,-4.399272355836572e-09,9.678207365603904e-05,0.001140073043552803,0.00014416961046525371,0.0011621975165953162
800.0,4.5,4.139786197341134e-05,1.9716337006154343e-11,4.682787632971776e-06,-4.249613132328249e-09,9.700223885365413e-05,0.0011038780574065597,0.00014280884407588557,0.001126385782873205
800.0,4.6,4.042131152806517e-05,3.384561919193194e-11,4.522156491371125e-06,-4.124868965911154e-09,0.0001705505742966836,0.0010923647444101286,0.00014205735435669954,0.0011237031712497674
800.0,4.7,3.948998264763271e-05,4.619880634258383e-11,4.226321910133148e-06,-4.4467583741860265e-09,0.00023830597481362014,0.0010455677340401846,0.0001568528065988995,0.0010950832068722905
800.0,4.8,3.8600916986301585e-05,6.966635291214203e-11,3.947608213160737e-06,-4.441827448191259e-09,0.0003676617884810789,0.000999647998933062,0.00016038505594755996,0.0010889986431683854
800.0,4.9,3.7751327407102065e-05,6.941436974753442e-11,3.6982630262773026e-06,-4.359523735472585e-09,0.0003746186626594545,0.0009580764694242151,0.00016105065911397064,0.001053624360613979
800.0,5.0,3.693872045816532e-05,nan,nan,nan,nan,nan,nan,nan
814.2857142857143,0.1,0.0030678003651595956,nan,nan,nan,nan,nan,nan,nan
814.2857142857143,0.2,0.0014887913474813932,2.3718195837590795e-10,0.10256662838738718,-1.2490797541611085e-06,3.2230461781509225e-05,0.3343327993314565,0.0005794198084900543,0.33433380505452864
814.2857142857143,0.30000000000000004,0.0009354486136770628,3.656737045106477e-10,0.028464863513062703,-2.4701997170078365e-06,7.904025616806205e-05,0.19119444481738204,0.0023497138940000496,0.19122333614691578
814.2857142857143,0.4,0.0006667545150033595,2.4798330379981785e-10,0.011420778085566826,-1.5200059986665101e-06,7.522898494743831e-05,0.12208878091843031,0.0022998417283150757,0.12213211956524478
814.2857142857143,0.5,0.0005122681971853245,1.8450650280861015e-10,0.005545959968005788,-9.167441066567715e-07,7.288515582464268e-05,0.0831784388888292,0.0019467443686936646,0.08322402078428268
814.2857142857143,0.6,0.0004132414790473474,6.794575008687988e-11,0.003061883570826696,-5.891994153896362e-07,3.328648356019676e-05,0.05977110403593904,0.0016292501014398186,0.059815507165375766
814.2857142857143,0.7000000000000001,0.00034483359661763725,3.9108002919776385e-11,0.001853329358752418,-4.009513266948864e-07,2.2967988099447504e-05,0.044848580133459263,0.001374976626085093,0.044890720521733166
814.2857142857143,0.8,0.0002949590077754513,6.436777233134919e-11,0.001201425458956202,-2.8607754547229744e-07,4.4207352441648964e-05,0.03484073102912829,0.00117608612523217,0.0348804364950039
814.2857142857143,0.9,0.0002570986735228274,8.185082085876589e-11,0.0008222790196058383,-2.1529639549666468e-07,6.450874240892585e-05,0.02787773886979676,0.0010350487990014841,0.027916216396622468
814.2857142857143,1.0,0.00022746112946626186,-3.141741328617328e-12,0.0005830310828846944,-1.661702314276692e-07,2.7994903902536895e-06,0.022677327537161642,0.0009167413081399507,0.02271435716274965
814.2857142857143,1.1,0.0002036538962385433,4.99573166264339e-11,0.00043143971309609545,-1.3132786856743975e-07,4.972800801665719e-05,0.018967623791742792,0.000819150105945211,0.019003032362547002
814.2857142857143,1.2000000000000002,0.0001841610601417857,-3.5974619863989425e-12,0.0003240117854938376,-1.0466030057629748e-07,3.960891306289058e-06,0.01590992323143757,0.0007292593021961866,0.01594331556416595
814.2857142857143,1.3000000000000003,0.00016790834189996646,4.647645865260244e-11,0.0002517264939689412,-8.750610308236795e-08,5.613159505436003e-05,0.01366882302779626,0.0006744241217269787,0.013702173897346036
814.2857142857143,1.4000000000000001,0.00015417288859783664,2.7185430292718582e-11,0.00019918343005315074,-7.62543775064003e-08,3.5765887035575445e-05,0.011862628610305547,0.0006446695756046646,0.011897665084718758
814.2857142857143,1.5000000000000002,0.00014242926959623833,9.741259472185245e-13,0.00015837458681179886,-6.173244928118368e-08,1.3875384709431865e-06,0.010272531587893022,0.000568518154229145,0.01030394744420308
814.2857142857143,1.6,0.000132269396462758,3.825798461339692e-11,0.00012997230366492858,-5.3105342555353097e-08,5.868617074966086e-05,0.009125392837678449,0.0005295002582879285,0.00915625357641674
814.2857142857143,1.7000000000000002,0.00012340924636592698,-3.8972545866032075e-11,0.0001058616659526816,-4.6034993671585434e-08,6.408991296775306e-05,0.0080034889992477,0.0004943104736068433,0.008034216163799552
814.2857142857143,1.8000000000000003,0.00011560771292862277,3.781440324529457e-12,8.882642003802916e-05,-3.8824526552517176e-08,6.638717650368119e-06,0.007197711893859677,0.0004469254781103857,0.007225412468887122
814.2857142857143,1.9000000000000001,0.00010869444369169885,4.511060667632014e-11,7.503969131344847e-05,-3.644504994684574e-08,8.424209806056344e-05,0.006490889700393836,0.00044788192569598635,0.006522265118231145
814.2857142857143,2.0,0.0001025315713679094,4.3433433055461823e-11,6.367079535133566e-05,-3.336060526267461e-08,8.599989579931677e-05,0.005857778299315065,0.0004360963664364239,0.005890782856942029
814.2857142857143,2.1,9.700540699763332e-05,4.2083134934295013e-11,5.455377001120175e-05,-2.8046959243973295e-08,8.808741966065375e-05,0.005320680184979214,0.0003887385320364977,0.005349731985521583
814.2857142857143,2.2,9.202478032746925e-05,3.6914929110997473e-11,4.6884677990338093e-05,-2.4958129917737996e-08,8.146089699912142e-05,0.004833202544213022,0.0003656923580453347,0.004861475548904123
814.2857142857143,2.3000000000000003,8.751300043720857e-05,6.355615863104651e-12,4.024235697201787e-05,-2.2611197747161446e-08,1.475090481540905e-05,0.004372991364805855,0.0003492760101526743,0.00440082475547434
814.2857142857143,2.4000000000000004,8.340364411666806e-05,1.0161169812779695e-11,3.553990374144318e-05,-1.945844286130127e-08,2.4747858775476e-05,0.004061099901030523,0.00031613104265562717,0.004085709550974611
814.2857142857143,2.5000000000000004,7.964968683354198e-05,3.618155478141425e-11,3.130800564128151e-05,-1.874274273486081e-08,9.228221952873054e-05,0.0037537934910238137,0.00031953990649662004,0.0037820223538447837
814.2857142857143,2.6,7.620880960682872e-05,3.5322452847308645e-11,2.7620254352684046e-05,-1.784675770117947e-08,9.417228114100434e-05,0.003467716628994032,0.00031863110786814914,0.00349813930587957
814.2857142857143,2.7,7.30441349236423e-05,3.543284250790339e-11,2.4500447385288317e-05,-1.6237786832718022e-08,9.857307785466409e-05,0.0032149101280664733,0.0003030380147522663,0.003244846353834357
814.2857142857143,2.8000000000000003,7.012446471430876e-05,3.556358088443685e-11,2.1824556278756928e-05,-1.4704083530852719e-08,0.0001030700469120595,0.002987858820091652,0.0002863441563406752,0.0030169371413920508
814.2857142857143,2.9000000000000004,6.74230400677628e-05,3.8274632495284524e-11,1.9518070707550433e-05,-1.3580757082409427e-08,0.00011538589457592364,0.002783346837236935,0.00027551738726581645,0.0028128549878007393
814.2857142857143,3.0000000000000004,6.491679612829233e-05,3.503583322983179e-11,1.7521465966069705e-05,-1.2519494744788363e-08,0.0001097150278750744,0.0025987356767745787,0.0002641961802404681,0.002627748798570739
814.2857142857143,3.1,6.258576684848257e-05,3.256050437178401e-11,1.578335097568526e-05,-1.0505387920907758e-08,0.00010577463665031997,0.002431320076932523,0.00023028401942489762,0.0024553140429400574
814.2857142857143,3.2,6.041257107842965e-05,7.30152213350745e-12,1.3848702207328204e-05,-8.884783359445462e-09,2.457570883244887e-05,0.002212755855633329,0.00020203904232625483,0.0022312624209967825
814.2857142857143,3.3000000000000003,5.837786233045002e-05,2.5273217157928957e-11,1.280746307296047e-05,-9.505931962226482e-09,8.803475367162853e-05,0.0021199996696603736,0.00022396769915804907,0.0021453372177227567
814.2857142857143,3.4000000000000004,5.6471228213199994e-05,2.344214922730823e-11,1.1868326895549476e-05,-9.650077654132367e-09,8.44258246357243e-05,0.002033018411734294,0.00023530029545485573,0.0020618011641276995
814.2857142857143,3.5000000000000004,5.468327736490546e-05,2.8704923148732163e-11,1.0767411810688725e-05,-8.538437603719423e-09,0.00010677110672320621,0.0019067075662030446,0.0002152555382884683,0.0019338054984342538
814.2857142857143,3.6,5.300300063471782e-05,3.8029531627267044e-11,9.846369632231763e-06,-8.472147898778063e-09,0.00014595359328653867,0.001800618051205349,0.0002205915765570067,0.001833261875732873
814.2857142857143,3.7,5.142118760085249e-05,6.275608606339096e-11,9.46310409834271e-06,-7.499020774671195e-09,0.0002482836927464465,0.0017853902581025248,0.00020146351715418808,0.0018249488385430107
814.2857142857143,3.8000000000000003,4.993400560797059e-05,1.967937056289136e-11,7.666204349015603e-06,-6.255946121694746e-09,8.01908032406617e-05,0.0014908648957163546,0.00017325404618187212,0.0015129912859102991
814.2857142857143,3.9000000000000004,4.8523485658578846e-05,3.673385605905314e-11,7.677107962272978e-06,-6.84635610207207e-09,0.00015404602684482576,0.0015374508551438022,0.00019528589867219388,0.0015696364148456478
814.2857142857143,4.0,4.718973678880983e-05,2.9518921436557405e-11,7.0764236619799924e-06,-6.859066630106041e-09,0.00012730862656572408,0.0014583502330750013,0.00020134787166727408,0.0014913332355841345
814.2857142857143,4.1,4.592675215566062e-05,3.377640526056493e-11,6.684501312060864e-06,-6.036730642656928e-09,0.00014969238796084497,0.0014165159136140745,0.00018224565626522848,0.0014475331094625863
814.2857142857143,4.2,4.473061253563201e-05,2.4594404713472496e-11,5.775691543238002e-06,-5.702273590273602e-09,0.00011192894838968806,0.0012575876307696038,0.00017690185227363302,0.0012871065492910878
814.2857142857143,4.3,4.3592229831035787e-05,4.127344467971509e-11,5.6656635499257465e-06,-5.718244273306183e-09,0.00019275530594920238,0.0012666188162329612,0.0001821658027189979,0.0013068460479212815
814.2857142857143,4.3999999999999995,4.251050376193882e-05,4.5100054046689554e-11,5.214371377128994e-06,-5.2707889038406685e-09,0.00021601302207348918,0.0011961699131565386,0.00017230952612418056,0.0012397036873513453
814.2857142857143,4.5,4.148092140661314e-05,4.0350415191834935e-11,4.849069908094741e-06,-4.2973654559015286e-09,0.0001980837077860424,0.0011406757104667127,0.0001440798338480377,0.001175540823953963
814.2857142857143,4.6,4.049982975036841e-05,3.0077217855297926e-11,4.522093959766204e-06,-4.0063428018687835e-09,0.0001512451752693576,0.001090162370174657,0.00013767240390420422,0.0011176924791643761
814.2857142857143,4.7,3.956395903372134e-05,1.7186678448591823e-11,4.229704451453214e-06,-3.8594862748151325e-09,8.84802656164421e-05,0.0010443758597317903,0.00013585368055805478,0.0010655806580622661
814.2857142857143,4.8,3.8670385361588804e-05,1.0700102917472886e-11,3.817010320948774e-06,-3.824629379916291e-09,5.636498794941184e-05,0.000964769556478269,0.0001378293991489776,0.0009858758519780012
814.2857142857143,4.9,3.7814981792665756e-05,1.1252660955340365e-11,3.4294063485055943e-06,-3.991915627271314e-09,6.0623148888725444e-05,0.000886830145714559,0.00014719764339944324,0.0009129497061580062
814.2857142857143,5.0,3.699387228722776e-05,nan,nan,nan,nan,nan,nan,nan
828.5714285714286,0.1,0.0030796317672529346,nan,nan,nan,nan,nan,nan,nan
828.5714285714286,0.2,0.0015018240082733017,1.2234754716532195e-10,0.10201518272387139,-9.17195931233366e-07,1.6482401364601574e-05,0.33125772960469907,0.00042395936001408854,0.33125827261761687
828.5714285714286,0.30000000000000004,0.000944168076532383,4.831678197209831e-10,0.02862184197047429,-2.462556598991913e-06,0.00010347021098332139,0.19058053282409437,0.002322252716268282,0.1906088558093687
828.5714285714286,0.4,0.0006727305644962072,3.2555350618673977e-10,0.011533324684955555,-1.538927991965117e-06,9.788174518401792e-05,0.12215330057878723,0.002306926046442953,0.12219689946432805
828.5714285714286,0.5,0.000516626299309587,1.3451920906202484e-10,0.005605785436211575,-9.30104552320115e-07,5.269150707460777e-05,0.08332883522855279,0.0019575332023218915,0.08337482491387076
828.5714285714286,0.6,0.00041657988848508264,1.3149858132579394e-10,0.003095995759858706,-5.942656688244169e-07,6.390464604124524e-05,0.05992718071062501,0.0016294273314552657,0.05997150272074794
828.5714285714286,0.7000000000000001,0.0003474934352591653,1.3806261277700117e-10,0.0018744494861039412,-4.043995670183566e-07,8.04612678038033e-05,0.04499615891013097,0.0013756884409162982,0.04503827070452769
828.5714285714286,0.8,0.00029715147689428735,3.8525830024159236e-11,0.0012135990731345463,-2.8810250017335155e-07,2.6264796367686508e-05,0.034924374103051124,0.0011753192532423548,0.03496391492701412
828.5714285714286,0.9,0.0002589455092607549,3.862106320849683e-11,0.0008292035673429942,-2.1560702748856678e-07,3.022178979534108e-05,0.02790507979329298,0.0010289232621892323,0.027943009103988333
828.5714285714286,1.0,0.00022903157730065233,9.733764791073361e-11,0.0005905060106920259,-1.6712495963358334e-07,8.613590890083314e-05,0.022804257636203834,0.0009154514365992059,0.02284114026047531
828.5714285714286,1.1,0.00020502270544747007,4.378217767523289e-11,0.0004342405398159167,-1.3289954842667681e-07,4.329030440561305e-05,0.01895985457262447,0.000823237108083628,0.018995615234515997
828.5714285714286,1.2000000000000002,0.00018535623899244697,5.378633250987734e-11,0.00032879939516621974,-1.074889373050653e-07,5.8837165838723626e-05,0.016037218631399983,0.0007439694287210142,0.01607180214739933
828.5714285714286,1.3000000000000003,0.00016897776648908607,-3.193879275643477e-11,0.0002521897136851608,-8.676172460160695e-08,3.8332716857338394e-05,0.013605677103506469,0.0006643639040699938,0.013638133216687836
828.5714285714286,1.4000000000000001,0.00015512119112257678,4.3846037692067997e-11,0.0002011565684098147,-7.51924329183466e-08,5.7331242247942453e-05,0.011904321650671542,0.0006317180439466921,0.011937935173558305
828.5714285714286,1.5000000000000002,0.00014327618144016564,4.329798841445274e-11,0.00016112786557076885,-6.358961951590214e-08,6.130719397312841e-05,0.010387224621260523,0.0005820298597029533,0.01041996695866764
828.5714285714286,1.6,0.0001330424504134622,-1.922728320072724e-11,0.0001291633081936048,-5.3991910920054826e-08,2.932433302493213e-05,0.009014988178446494,0.000535143750062888,0.009046746898222593
828.5714285714286,1.7000000000000002,0.00012410035246869478,5.842074601605489e-11,0.00010874657873288305,-4.666037339520447e-08,9.553107548640043e-05,0.008173825601898213,0.0004981457962401235,0.00820468461461217
828.5714285714286,1.8000000000000003,0.00011624572031125621,-2.261371173259107e-12,8.9211433545227e-05,-3.8377181434021523e-08,3.9484208143601166e-06,0.007188652712951098,0.0004392873365336499,0.007215448021122719
828.5714285714286,1.9000000000000001,0.0001092832024892699,-1.3136743208485564e-11,7.488114908326336e-05,-3.356880754811166e-08,2.4401434085593445e-05,0.006441626313877513,0.0004102849014902449,0.0064677517267135685
828.5714285714286,2.0,0.00010306949615811623,3.8621423260362806e-11,6.427510275176398e-05,-3.163174643527238e-08,7.606910268977727e-05,0.005881517130510054,0.0004112906634330419,0.00591069795240136
828.5714285714286,2.1,9.74985408544802e-05,3.829877570080201e-11,5.543202440996932e-05,-2.8555856768461663e-08,7.975629884181063e-05,0.0053781212168663856,0.0003937071066463837,0.005407454064729635
828.5714285714286,2.2,9.248190579494386e-05,3.0890796519152863e-11,4.659089508144667e-05,-2.5677745155250305e-08,6.782744021763348e-05,0.004778624856651458,0.0003743130988127591,0.004808334085121297
828.5714285714286,2.3000000000000003,8.793117968622199e-05,5.387706812164774e-11,4.129826090692068e-05,-2.370960580655864e-08,0.00012443725602391962,0.00446555037463107,0.00036441705496381303,0.004496912758654703
828.5714285714286,2.4000000000000004,8.379343618656933e-05,2.6889130154249166e-11,3.596213077613845e-05,-2.0196369821571077e-08,6.518186586093736e-05,0.004089804197381124,0.0003265260436214362,0.0041163072726509995
828.5714285714286,2.5000000000000004,8.001531399467805e-05,3.3891743157836177e-12,3.104266582757146e-05,-1.7664539811401734e-08,8.604804398848518e-06,0.0037046655729040365,0.00029974393389219306,0.00372884887083527
828.5714285714286,2.6,7.654761846106248e-05,3.191752897657435e-11,2.7877202183078152e-05,-1.6404181367998074e-08,8.471234590438274e-05,0.003483983351603459,0.0002915410397637087,0.00350931738825825
828.5714285714286,2.7,7.33586949492777e-05,4.45300239183735e-11,2.471330592864482e-05,-1.5306299279005126e-08,0.00012333701190851926,0.0032284878910002605,0.00028437125066715517,0.0032557764200346795
828.5714285714286,2.8000000000000003,7.041690449677937e-05,5.7758052443407146e-11,2.2076436045629827e-05,-1.4842965458456071e-08,0.00016667377018275548,0.0030093823316914388,0.0002877790740926114,0.003041347687281863
828.5714285714286,2.9000000000000004,6.769587840473733e-05,3.7799539958098495e-11,1.955275831735535e-05,-1.4258580707223672e-08,0.00011348333124058035,0.0027767136963894276,0.00028802425157594454,0.0028087245071700896
828.5714285714286,3.0000000000000004,6.517037989586885e-05,3.930673860321333e-11,1.7737073917331057e-05,-1.2780575553847043e-08,0.00012259727919961878,0.002620111347294347,0.0002685925816666513,0.0026503391320622464
828.5714285714286,3.1,6.282225212617367e-05,3.620340542795596e-11,1.5918506372340234e-05,-1.1503853909645243e-08,0.00011715401869536173,0.002442598370268103,0.00025116274405477556,0.002471068050567429
828.5714285714286,3.2,6.0633309420201904e-05,3.908400201495446e-11,1.4385219786219283e-05,-9.93826582680316e-09,0.0001310558934118666,0.0022898287309610736,0.00022512121075261968,0.0023155669680219215
828.5714285714286,3.3000000000000003,5.858821891209232e-05,1.3993183555795485e-11,1.2332534814782184e-05,-8.647701906254126e-09,4.85660244247914e-05,0.0020339537677739245,0.00020298141658958013,0.0020546847687982696
828.5714285714286,3.4000000000000004,5.666645375213056e-05,4.697381648837972e-11,1.2172387801928146e-05,-8.64586690066982e-09,0.00016856479328711233,0.0020776169728238363,0.0002100499625249783,0.002105504297980676
828.5714285714286,3.5000000000000004,5.486641247018808e-05,3.8679378661943607e-11,1.0894795780031666e-05,-8.473718303395092e-09,0.0001433730038518238,0.001922618243888615,0.00021285462342129547,0.0019513151747963425
828.5714285714286,3.6,5.317531914604591e-05,3.4198574497502196e-11,9.936535583838394e-06,-7.288920418381972e-09,0.0001308096902525495,0.0018110416075112362,0.00018912508834428702,0.001835352684713028
828.5714285714286,3.7,5.158359117774213e-05,3.775858519837538e-11,9.116267080368303e-06,-7.871619948527006e-09,0.0001488943520241605,0.0017143793825346858,0.00021076285420302242,0.0017464558845697517
828.5714285714286,3.8000000000000003,5.0083025880242036e-05,4.211595869391517e-11,8.289919135799995e-06,-7.683806904600215e-09,0.0001710785013450859,0.0016070845295038366,0.00021209820518696554,0.001643763923402662
828.5714285714286,3.9000000000000004,4.866535977409994e-05,2.3800713281360014e-11,7.250641149237961e-06,-6.379616713287524e-09,9.950994328536379e-05,0.0014477242582298469,0.00018140170857278503,0.0014736420584477315
828.5714285714286,4.0,4.732020007945022e-05,4.5345110706216407e-11,7.368677245860872e-06,-6.236479622139688e-09,0.00019498778586723067,0.0015141524238319797,0.0001825215103069341,0.0015483236104519987
828.5714285714286,4.1,4.604872715725911e-05,4.419060030290612e-11,6.607128766179764e-06,-6.070122586534901e-09,0.00019529113063153217,0.001396259685099905,0.00018271425987503287,0.0014333348301991374
828.5714285714286,4.2,4.48433255227298e-05,4.933465300071809e-11,6.075373819822859e-06,-5.6688179564631576e-09,0.0002239085668260498,0.0013193358850235102,0.00017536510079779402,0.0013609878989045074
828.5714285714286,4.3,4.369867762639872e-05,3.763031863044838e-11,5.494159138536344e-06,-5.098799233962601e-09,0.00017528338689054823,0.0012251899417565525,0.0001619886492959821,0.0012586879295928438
828.5714285714286,4.3999999999999995,4.2608971321453e-05,4.617346476912135e-11,5.295060191823878e-06,-5.17642035060691e-09,0.0002205956998236307,0.0012117209214187047,0.0001687836741309329,0.0012545540687793197
828.5714285714286,4.5,4.157221561842552e-05,4.119566760887378e-11,4.902626499918066e-06,-5.06443921133111e-09,0.0002017492759402492,0.0011506089792526076,0.00016936902230249462,0.0011924661525219691
828.5714285714286,4.6,4.058448618039722e-05,3.9718235808484685e-11,4.468616283872118e-06,-4.6720777204193616e-09,0.00019927017519965321,0.0010749045287573153,0.00016016533930856766,0.0011164381848086098
828.5714285714286,4.7,3.964144290520764e-05,4.57188266327007e-11,4.363780133091385e-06,-4.5222183191750185e-09,0.0002348548225279205,0.0010752335544410914,0.00015881880272043924,0.0011232679148162972
828.5714285714286,4.8,3.874203743134898e-05,4.0538853504232926e-11,3.830068215858982e-06,-4.140057164270807e-09,0.00021310708747975885,0.0009661778016046514,0.0001488705471090043,0.0010115527937981147
828.5714285714286,4.9,3.78809326396489e-05,4.28208661640257e-11,3.720210882233331e-06,-3.3013426233326823e-09,0.00023024131121648513,0.0009602517391671924,0.00012148287760787999,0.001002302670388584
828.5714285714286,5.0,3.705702995677116e-05,nan,nan,nan,nan,nan,nan,nan
842.8571428571429,0.1,0.0030905790161547776,nan,nan,nan,nan,nan,nan,nan
842.8571428571429,0.2,0.0015148816379523867,2.085909249621755e-10,0.10138018853152012,-5.743112726562356e-07,2.786000166119656e-05,0.3280297575360324,0.00026460517548478963,0.3280299721627975
842.8571428571429,0.30000000000000004,0.0009529861450651972,4.292925017320483e-10,0.02876824013021057,-2.4511953340894206e-06,9.108167095795658e-05,0.18990421039821706,0.0022917207095381697,0.18993188618676468
842.8571428571429,0.4,0.0006787730534801135,3.2350038321108263e-10,0.011645189243862845,-1.5562751895053358e-06,9.639693918054986e-05,0.12219683679730893,0.002311330873729589,0.1222405853898522
842.8571428571429,0.5,0.0005210118543336582,2.922195812648797e-10,0.005669447918078351,-9.420438966623039e-07,0.00011349481311730235,0.08352494090640053,0.0019649776954637423,0.08357123254552157
842.8571428571429,0.6,0.00041994513436798643,1.8325366649047434e-10,0.0031303035541802565,-6.014684400234717e-07,8.834038893284482e-05,0.06008123477696531,0.0016352252484469804,0.06012578897258197
842.8571428571429,0.7000000000000001,0.0003501814499441172,8.69985839763687e-11,0.0018934042907166062,-4.107005475027002e-07,5.031299542236211e-05,0.04508694435919975,0.0013858938136031658,0.04512955225096134
842.8571428571429,0.8,0.00029935180842741404,9.97989642304878e-11,0.0012278059937605881,-2.9353730368176626e-07,6.75364467184413e-05,0.03506199411637951,0.0011883088481430216,0.03510230973064047
842.8571428571429,0.9,0.00026080022684831677,3.4265635309260874e-11,0.0008373244691927575,-2.1710141944155856e-07,2.662352553409821e-05,0.027971251404542284,0.0010284255945708024,0.02800905090065276
842.8571428571429,1.0,0.00023062188996114704,-8.55828339723113e-13,0.0005956896720720567,-1.6664470280514518e-07,7.521524460801566e-07,0.022840841791848365,0.0009063508153719057,0.022876778574070056
842.8571428571429,1.1,0.0002064004497946979,4.255171203892586e-11,0.0004383385017412511,-1.32602326608194e-07,4.1792931978119464e-05,0.01900680381272993,0.0008157712449973176,0.019041830355118104
842.8571428571429,1.2000000000000002,0.0001865623946456613,5.101769797865192e-11,0.00033163334606103135,-1.0948589031051876e-07,5.544697330674593e-05,0.016067472061756648,0.0007527348026532679,0.016102793303909426
842.8571428571429,1.3000000000000003,0.00017004067295723499,6.235799831789671e-11,0.00025594905494658076,-8.779938924590077e-08,7.437118318430113e-05,0.013719220072871914,0.0006679539472228235,0.013751903702106156
842.8571428571429,1.4000000000000001,0.0001560784418182745,3.19033827562342e-11,0.00020157189289451708,-7.306566231241207e-08,4.145952042659012e-05,0.011854333988975225,0.0006099916501539462,0.011885753356036054
842.8571428571429,1.5000000000000002,0.00014413192960825916,4.667079411317616e-11,0.00016261630305754364,-6.530467639080559e-08,6.568852157370051e-05,0.010418883041315939,0.000594059385434034,0.010452906386136438
842.8571428571429,1.6,0.00013381158042881928,4.695511115173284e-11,0.00013121499233109655,-5.3485667694121024e-08,7.119886228877817e-05,0.009103811534871562,0.0005269625580791219,0.009134540646123717
842.8571428571429,1.7000000000000002,0.00012480338117269035,4.572284683772055e-11,0.00010880842730071383,-4.618695280680527e-08,7.434281272330573e-05,0.008131465673749682,0.0004902386317993135,0.008161306800346983
842.8571428571429,1.8000000000000003,0.00011688326618956857,4.3244975599442274e-11,9.061291123924432e-05,-4.170914657096669e-08,7.509174202027433e-05,0.007260453233543674,0.00047471731109956656,0.0072918127360149364
842.8571428571429,1.9000000000000001,0.00010986928031883923,2.3985312227862756e-11,7.600084233275323e-05,-3.418929791039092e-08,4.4314235585511524e-05,0.006502285982451101,0.00041557053323950635,0.00652894206477968
842.8571428571429,2.0,0.00010361530287143742,-1.5011548977998816e-11,6.381653639651049e-05,-3.025551628528074e-08,2.9412815827817176e-05,0.00580840579016407,0.0003912915723518505,0.005834780298017534
842.8571428571429,2.1,9.799949078800072e-05,1.1084237518341235e-11,5.6165680204204473e-05,-2.8837185290488078e-08,2.2964743351277135e-05,0.005420597020682657,0.00039551413037349674,0.005449427703412634
842.8571428571429,2.2,9.294533550660606e-05,-1.5158120853528518e-11,4.691740300488472e-05,-2.4837013589362643e-08,3.3118910175756334e-05,0.004787514978662461,0.0003602078620416258,0.004814654290900007
842.8571428571429,2.3000000000000003,8.836035425526025e-05,1.9046428942350027e-11,4.133428301386648e-05,-2.183507387151815e-08,4.377606467246254e-05,0.0044471605582540145,0.0003339514838638027,0.00447238197852979
842.8571428571429,2.4000000000000004,8.41887158340531e-05,4.1330439692509026e-11,3.645554111958746e-05,-2.1289799552993327e-08,9.971085573825016e-05,0.004125780326125979,0.0003425253896368597,0.004155316214115601
842.8571428571429,2.5000000000000004,8.038163282404183e-05,3.8918290268391055e-11,3.1839128268948277e-05,-1.8771764714680706e-08,9.835205591486566e-05,0.0037818759858158834,0.0003170118963505742,0.0038096262525146893
842.8571428571429,2.6,7.689294109672004e-05,5.2997435783726054e-12,2.780933654981937e-05,-1.638367009097166e-08,1.4002971124860419e-05,0.003459663056446611,0.0002898270551033644,0.0034838863344089756
842.8571428571429,2.7,7.368234273489644e-05,-1.6482435774591842e-12,2.493872638186325e-05,-1.425046240132601e-08,4.545277576251443e-06,0.003243305045451961,0.0002635677885156606,0.003264656832760292
842.8571428571429,2.8000000000000003,7.072113163689148e-05,9.022652686555119e-12,2.1651039465352884e-05,-1.3674088507714176e-08,2.5924683609121256e-05,0.002938429841088483,0.00026395837425874,0.002962159696387444
842.8571428571429,2.9000000000000004,6.797643093354005e-05,3.781079500358893e-11,2.0025521664515847e-05,-1.4069456710218238e-08,0.00011303776009808917,0.0028316178207292136,0.00028297925067614265,0.0028619908334070036
842.8571428571429,3.0000000000000004,6.543198544683377e-05,3.2769438442901095e-11,1.7858589382462364e-05,-1.315412743908947e-08,0.00010179013905510218,0.0026271737331903396,0.00027527566429979785,0.0026578104596613945
842.8571428571429,3.1,6.306612585395212e-05,2.8947476746943532e-11,1.6175782784552127e-05,-1.233241640304358e-08,9.330433020944392e-05,0.002472152216395089,0.00026815316591921037,0.0025028093255076334
842.8571428571429,3.2,6.086202408891598e-05,9.792425215973342e-12,1.4350892160085385e-05,-1.1482345108059671e-08,3.271181186041686e-05,0.002275530955130974,0.00025907154887274233,0.0023050699176521993
842.8571428571429,3.3000000000000003,5.88014312454807e-05,7.923478743954846e-12,1.304273821765988e-05,-9.041201291802618e-09,2.7399846440586116e-05,0.0021430010606622576,0.00021141632270729136,0.002163931149689998
842.8571428571429,3.4000000000000004,5.6871265784222015e-05,-9.11537205280971e-12,1.1634100325469668e-05,-7.71420416168933e-09,3.2594051939375916e-05,0.0019785403312549184,0.0001867331400642877,0.001996352360136027
842.8571428571429,3.5000000000000004,5.505744132621803e-05,9.323840329260498e-12,1.1100009007782662e-05,-8.18663797371018e-09,3.4440030961557e-05,0.0019517780824323022,0.00020491208833237862,0.0019734745315522113
842.8571428571429,3.6,5.3354616958291866e-05,1.1698119169245377e-11,1.0190799798002465e-05,-7.856599350024347e-09,4.45935031655053e-05,0.001850939591911197,0.00020314276169312474,0.001873632812662497
842.8571428571429,3.7,5.175370058834573e-05,-5.650376293157802e-12,8.785702772489132e-06,-7.503188247148944e-09,2.2208763740660665e-05,0.0016466621397276742,0.0002002163004213454,0.001670976530507904
842.8571428571429,3.8000000000000003,5.0240641246124485e-05,1.4096822611418163e-11,8.45092741425592e-06,-7.030357734321158e-09,5.708011652012822e-05,0.0016329126841528627,0.00019342939670416963,0.001656650789028254
842.8571428571429,3.9000000000000004,4.88120911780458e-05,2.6604072391671198e-11,7.637636434925628e-06,-5.765435214450035e-09,0.00011088502956460808,0.0015202107786621431,0.00016341569020982813,0.0015416697690995996
842.8571428571429,4.0,4.745991747431637e-05,2.806475256656664e-11,7.197687812840392e-06,-5.166093715349757e-09,0.00012031208751881702,0.0014745706727839795,0.0001507249387043473,0.0014947473638486845
842.8571428571429,4.1,4.6179720648715344e-05,3.618499076024318e-11,6.6582983244032e-06,-6.0507717651452675e-09,0.00015943426388559794,0.0014029308685600723,0.00018157533593303395,0.0014351214275098291
842.8571428571429,4.2,4.496610680635835e-05,2.461703327097468e-11,6.031211462365233e-06,-6.0864533473821475e-09,0.00011140937037965005,0.0013060303045668194,0.00018772215554247384,0.0013373879091790515
842.8571428571429,4.3,4.381280507862501e-05,3.105148148696919e-11,5.735868615084547e-06,-5.380129891865095e-09,0.00014424232706751851,0.0012755982277463875,0.00017044207319819943,0.0013061614326643465
842.8571428571429,4.3999999999999995,4.271686203704251e-05,1.9900963081301606e-11,5.099811388173445e-06,-5.048541483083136e-09,9.482917319474297e-05,0.0011640002001746964,0.00016416265371611548,0.0011907089450599448
842.8571428571429,4.5,4.167191710934175e-05,3.106674079920948e-11,5.027619119493605e-06,-4.8778897066360245e-09,0.00015175828051420469,0.0011769635876188276,0.0001627038712387942,0.0012088089020673987
842.8571428571429,4.6,4.0677248372835926e-05,3.1579578173400635e-11,4.567751314602625e-06,-4.579545623241155e-09,0.00015805228317453455,0.0010961221924629563,0.00015659472671043117,0.0011293839922247484
842.8571428571429,4.7,3.972825714947613e-05,2.9134480496372346e-11,4.269681040184989e-06,-4.49468266633865e-09,0.00014931342199086243,0.001049648442552044,0.00015746771459750983,0.0010833505957074463
842.8571428571429,4.8,3.882196273651818e-05,3.152995875707071e-11,3.995411535019405e-06,-4.276061741049379e-09,0.00016538069517288423,0.0010056850769936407,0.00015340290275498515,0.001042025983155354
842.8571428571429,4.9,3.795562243891042e-05,2.8224312815247325e-11,3.730270586399606e-06,-3.807515009763366e-09,0.00015143687271679013,0.000960866046808782,0.00013979803742631054,0.0009926145620857442
842.8571428571429,5.0,3.7126584847166664e-05,nan,nan,nan,nan,nan,nan,nan
857.1428571428572,0.1,0.003100637293734095,nan,nan,nan,nan,nan,nan,nan
857.1428571428572,0.2,0.0015279818372079946,4.0087930997939663e-10,0.10065654436307561,-2.4804933350405884e-07,5.308462442423753e-05,0.32463179284622173,0.00011394368610545988,0.32463183717999194
857.1428571428572,0.30000000000000004,0.0009618918243126507,5.68808875709229e-10,0.028907975153308247,-2.4455602346705234e-06,0.00011956104598400076,0.18919056790707905,0.002266895555166095,0.18921776584338712
857.1428571428572,0.4,0.0006848815629503894,4.4375263545960207e-10,0.011758574441883907,-1.5723653668571818e-06,0.00013104369860654014,0.12224424976567776,0.0023135284833106936,0.12228809672781128
857.1428571428572,0.5,0.0005254570460069671,2.5535683032471035e-10,0.0057315249894792294,-9.573736834483378e-07,9.833609010296956e-05,0.08368636709664798,0.0019790406835192976,0.08373321271679232
857.1428571428572,0.6,0.00042334777895833726,1.5476532217126345e-10,0.0031648707532418072,-6.132580764551987e-07,7.400677397808913e-05,0.06023081767181868,0.0016531291123167442,0.06027621874456325
857.1428571428572,0.7000000000000001,0.0003528872194421255,1.3046800752513097e-10,0.0019145847170184186,-4.142331404188804e-07,7.4872484128638e-05,0.04522486740639871,0.0013865664851137065,0.04526742063615404
857.1428571428572,0.8,0.000301572507096098,1.3930742277820493e-10,0.0012404142672606026,-2.967016103489678e-07,9.357492333167159e-05,0.03515044464408647,0.0011918899447637213,0.03519096074596602
857.1428571428572,0.9,0.00026266193742267646,9.4600369510595e-11,0.0008460660213541939,-2.220325909142911e-07,7.297944455962232e-05,0.028055144333319147,0.0010439987748184405,0.028094061942808172
857.1428571428572,1.0,0.0002322120279627969,1.0188941411190393e-10,0.000602475966187348,-1.6925356490460305e-07,8.89294960884314e-05,0.022937315246321425,0.0009139945070260398,0.022973878886295006
857.1428571428572,1.1,0.00020778687816479084,1.326615399610945e-11,0.0004417233707188524,-1.337246647912975e-07,1.294306319306645e-05,0.019022415617059328,0.0008170080288219648,0.019057477998658336
857.1428571428572,1.2000000000000002,0.0001877789620739733,1.8590418666630762e-11,0.00033452595643338417,-1.0846102875059141e-07,2.0073950126530186e-05,0.016099474586074664,0.00074073658775627,0.01613353235643141
857.1428571428572,1.3000000000000003,0.0001711163055474896,2.2155991395104322e-11,0.00025885543874063524,-8.926333667213995e-08,2.6258558991486876e-05,0.013785113938304882,0.0006747063960374341,0.013818122638248493
857.1428571428572,1.4000000000000001,0.00015704220340841224,-3.2857940456486885e-12,0.0002029101158877624,-7.315440063118713e-08,4.2439730632053485e-06,0.011858023420886045,0.0006069014819258979,0.011889045221510307
857.1428571428572,1.5000000000000002,0.00014499720242821252,3.535852267412287e-11,0.000163809167190882,-6.265845175989658e-08,4.94689813391068e-05,0.01043090097028703,0.00056651313025025,0.010461740604963474
857.1428571428572,1.6,0.00013459029311992162,5.5756767224305e-11,0.00013323572582873996,-5.3914032715839785e-08,8.405155671691141e-05,0.009188848032754592,0.0005280058253682186,0.00921952130733966
857.1428571428572,1.7000000000000002,0.0001255157410699181,2.4312249341453188e-11,0.00010884485531907116,-4.619230649392034e-08,3.9305736824291106e-05,0.008087125215047201,0.00048743405037772426,0.008116546253902259
857.1428571428572,1.8000000000000003,0.0001175296375731053,5.931699953743989e-11,9.167190337952079e-05,-4.126630778519189e-08,0.00010242578252728682,0.007303618064004839,0.00046700814371978595,0.007334133969214451
857.1428571428572,1.9000000000000001,0.00011046025311008771,5.844926995300536e-11,7.671773562644144e-05,-3.597269106944601e-08,0.00010740215791651873,0.006527522522029544,0.000434811562080499,0.00655730186038174
857.1428571428572,2.0,0.00010415804600333453,6.763851566133822e-11,6.468639142293458e-05,-3.086363552143399e-08,0.00013182287513394122,0.0058560785080282556,0.0003969895160660331,0.005884406012022938
857.1428571428572,2.1,9.850270281081069e-05,5.4323006050235845e-11,5.583121059296596e-05,-2.9062370366460795e-08,0.00011196388130645197,0.005360239821624398,0.0003964841078665037,0.005390649882122429
857.1428571428572,2.2,9.340567172421651e-05,6.147990540963192e-11,4.8477521299093136e-05,-2.5992928229180884e-08,0.0001336505391448664,0.004921440723530353,0.00037501392869486656,0.004951738296322514
857.1428571428572,2.3000000000000003,8.879341585061326e-05,1.3995204711316265e-11,4.112702881375678e-05,-2.125452705897961e-08,3.20092520165696e-05,0.004403054766865311,0.0003234349967265426,0.0044268652866836814
857.1428571428572,2.4000000000000004,8.459243026514759e-05,2.1246655614673463e-11,3.6444948194173676e-05,-1.938567233027633e-08,5.1012089909163006e-05,0.004104465161638668,0.00031036674257440454,0.004128182593613675
857.1428571428572,2.5000000000000004,8.075589416162364e-05,4.743890562135115e-11,3.199872546000059e-05,-1.8625754922796152e-08,0.00011931758405424787,0.003782693718539991,0.0003130361273724732,0.003810379467746901
857.1428571428572,2.6,7.723934531269971e-05,6.136562590157746e-11,2.8285768049911334e-05,-1.8359260237916026e-08,0.0001613901523616082,0.003502625826085292,0.0003232384439614474,0.0035360147966528948
857.1428571428572,2.7,7.400565414427489e-05,3.2688915352759024e-11,2.5523715884466293e-05,-1.6277686893634408e-08,8.974440127969193e-05,0.0033044966630846988,0.0002996695349364108,0.0033327700062015936
857.1428571428572,2.8000000000000003,7.102720013469473e-05,8.804310087598031e-13,2.1595382600443686e-05,-1.2739876551665066e-08,2.5188716087220304e-06,0.002918071983843726,0.00024483308999939267,0.0029385433349748548
857.1428571428572,2.9000000000000004,6.8264699951119e-05,1.9387811541085977e-11,1.9807887075396312e-05,-1.1997160926549273e-08,5.771402662092631e-05,0.002788774869040732,0.0002402631826882763,0.0028099909204431523
857.1428571428572,3.0000000000000004,6.570027863829725e-05,3.5157927195144886e-11,1.8004990457077963e-05,-1.2486090509305788e-08,0.00010875340587981987,0.0026375257592826827,0.00026018191427267396,0.0026652877314090008
857.1428571428572,3.1,6.331590723004627e-05,4.6956163831674485e-11,1.6120138996048122e-05,-1.1847341371809999e-08,0.00015073298709211802,0.002453587614870717,0.00025653022783670066,0.0024848396593809803
857.1428571428572,3.2,6.109273721175577e-05,7.171704129657967e-11,1.4669342188216484e-05,-1.0787218399724312e-08,0.00023861407683612275,0.0023168494032499974,0.0002423947493547333,0.0023541958848051947
857.1428571428572,3.3000000000000003,5.901626061534744e-05,8.744370966805323e-11,1.3443351736359084e-05,-9.762927811597181e-09,0.0003011979007125623,0.0022004827987593015,0.00022737976573012242,0.0022441586037435486
857.1428571428572,3.4000000000000004,5.7074217536302695e-05,7.041649601111492e-11,1.1819854954701695e-05,-8.943421035159214e-09,0.0002508348260701455,0.0020028132639138933,0.00021563789503476012,0.00204136681750956
857.1428571428572,3.5000000000000004,5.525037300680497e-05,5.1625275625590765e-11,1.097736644896049e-05,-8.417102270864738e-09,0.00018999172011951486,0.0019233494426757955,0.00020988145571111742,0.001955369628294891
857.1428571428572,3.6,5.353630214179685e-05,4.315000446873218e-11,1.0042558414158617e-05,-8.597311641525285e-09,0.0001639056194444248,0.0018176453601357076,0.0002214792279882883,0.0018517034871082636
857.1428571428572,3.7,5.1922656860930315e-05,4.5859548085982776e-11,9.212193451691167e-06,-7.833384246281407e-09,0.0001796337198029307,0.0017207377206015556,0.00020828618655516784,0.001754985141649542
857.1428571428572,3.8000000000000003,5.040113351458069e-05,3.15058130508504e-11,8.464181628950152e-06,-6.5385540244020795e-09,0.00012715058344079733,0.0016301518721625946,0.0001792824790888732,0.0016546440136177485
857.1428571428572,3.9000000000000004,4.896425198452057e-05,2.737560327888798e-11,7.799191524585589e-06,-6.007195051299766e-09,0.00011373433190750801,0.0015474238336979742,0.00016970609457621138,0.0015700497878805
857.1428571428572,4.0,4.7605362369706306e-05,1.0768607663909468e-11,7.162607727141975e-06,-5.909631183329903e-09,4.602171185260997e-05,0.0014628238841280256,0.00017186454790638455,0.0014835924506384427
857.1428571428572,4.1,4.631809883216346e-05,-3.0243641931280955e-12,6.3076679707298e-06,-5.822515522567121e-09,1.3286099642738882e-05,0.0013249910633478736,0.00017418546389659802,0.0013477607317551553
857.1428571428572,4.2,4.5093911974327914e-05,2.0607501751689527e-11,6.354445139708893e-06,-5.3578854758249044e-09,9.2991195009503e-05,0.0013719140681344943,0.00016476117634098934,0.0013946641399108126
857.1428571428572,4.3,4.3933269567889455e-05,2.2509045483748722e-11,5.618701221802912e-06,-5.1272747688981886e-09,0.0001042636656321555,0.0012459999533865358,0.00016195751894281811,0.0012711598135932908
857.1428571428572,4.3999999999999995,4.2828814173669026e-05,3.240351538443598e-11,5.359997199289858e-06,-4.792203150738968e-09,0.00015397825048594685,0.0012200314822931927,0.00015538502826231687,0.0012491897907945773
857.1428571428572,4.5,4.1777958751441495e-05,2.967125947714515e-11,4.935204793279006e-06,-4.397088919758961e-09,0.00014455361703809427,0.0011523094646671657,0.0001462616743103685,0.0011796176521672056
857.1428571428572,4.6,4.0776455377146755e-05,3.4187322324894765e-11,4.606520323879674e-06,-4.3671539332587815e-09,0.00017065934736317098,0.0011026197692630766,0.0001489325144389881,0.0011354544271464278
857.1428571428572,4.7,3.982101720609081e-05,3.755048709948874e-11,4.274369211313831e-06,-4.163410836999778e-09,0.00019196112649596752,0.0010482444272754052,0.00014548301813354324,0.0010853552738758093
857.1428571428572,4.8,3.8908322727148005e-05,4.35125529627131e-11,4.044405380658976e-06,-3.993029324898103e-09,0.0002276744021589794,0.0010156459237913103,0.00014288882157923236,0.0010602861437258135
857.1428571428572,4.9,3.803607230201179e-05,4.6385562432849505e-11,3.7736147067396304e-06,-3.781934219195288e-09,0.00024829366158995515,0.0009698733952637384,0.00013851973456220992,0.0010201370393003722
857.1428571428572,5.0,3.720155802394297e-05,nan,nan,nan,nan,nan,nan,nan
871.4285714285714,0.1,0.003109923882856587,nan,nan,nan,nan,nan,nan,nan
871.4285714285714,0.2,0.00154116384856768,1.493724932178288e-10,0.0998509772725353,8.334868031058527e-08,1.9611841369609938e-05,0.3210720938315001,3.818355835431541e-05,0.3210720989714556
871.4285714285714,0.30000000000000004,0.0009709135870041264,6.927439745268199e-10,0.029041730874243114,-2.4328446728323074e-06,0.00014425025875939546,0.188440255078873,0.0022359400945150105,0.18846683898909217
871.4285714285714,0.4,0.0006910806341830039,4.6253489920661175e-10,0.011870666995723636,-1.5975136233153124e-06,0.00013535758977777283,0.12226285793725522,0.0023285547533575873,0.12230727323892612
871.4285714285714,0.5,0.0005299543513191178,3.0204483908367876e-10,0.005795393985308317,-9.757619887712775e-07,0.00011532323718622213,0.08385988115785704,0.0019988492512971207,0.08390759062157466
871.4285714285714,0.6,0.00042678200830831487,2.366496634529034e-10,0.0032009949766606555,-6.225835953866302e-07,0.00011224687587077305,0.060401333977030444,0.001663953242829373,0.060447259874659
871.4285714285714,0.7000000000000001,0.00035561961506411856,1.6581913180264493e-10,0.0019364414031140924,-4.2160177389607625e-07,9.442515383422499e-05,0.04537307959137709,0.001399809190668047,0.045416342865269035
871.4285714285714,0.8,0.00030382163585106317,4.5785825484478365e-11,0.0012519297556887663,-3.005940818120421e-07,3.0528106051683545e-05,0.03520418173398682,0.00119820611022008,0.035244953387541425
871.4285714285714,0.9,0.00026454295419489545,9.269756885109946e-11,0.0008558687183701035,-2.230567679972269e-07,7.100159916665015e-05,0.02817010434338061,0.0010410755769580924,0.028208642233505544
871.4285714285714,1.0,0.0002338229597224288,5.45268758285771e-11,0.0006073048663288182,-1.730789307010281e-07,4.726340727093376e-05,0.022956758314621434,0.0009279872935067542,0.02299428857302237
871.4285714285714,1.1,0.00020917601391325032,6.692154206555068e-11,0.00044702553612066423,-1.358367420029897e-07,6.485675244927352e-05,0.019118119822421557,0.0008241944937170845,0.019153728228983345
871.4285714285714,1.2000000000000002,0.00018899932346527849,7.868770934646873e-11,0.0003373826751334503,-1.0787946460020825e-07,8.441482074588901e-05,0.016129128231374083,0.0007318567474368333,0.01616252245052138
871.4285714285714,1.3000000000000003,0.00017219645976864116,7.431550087728433e-11,0.00026116983563327694,-9.081740540266161e-08,8.751960833823413e-05,0.013818559286073694,0.0006819914498644027,0.013852453396418754
871.4285714285714,1.4000000000000001,0.0001580052944283366,5.704999760414204e-11,0.0002055562185169368,-7.465524311087887e-08,7.323471242297285e-05,0.011937308048790144,0.0006154380031393762,0.01196921946687544
871.4285714285714,1.5000000000000002,0.0001458696912732014,1.9089380166897246e-11,0.0001646296625044328,-6.141643006210732e-08,2.654784359060501e-05,0.010419249753627763,0.0005518791144212511,0.01044847411492895
871.4285714285714,1.6,0.00013538038474311055,3.2784043872287356e-11,0.00013419844376652554,-5.436805816453395e-08,4.9131740264799554e-05,0.009199885363106952,0.0005292724458837656,0.00923041511884241
871.4285714285714,1.7000000000000002,0.00012623306265068494,1.7422940936130148e-11,0.0001102373908492388,-4.7619122190049024e-08,2.8007813177918446e-05,0.008142789005838511,0.0004995501002058674,0.0081734263217108
871.4285714285714,1.8000000000000003,0.00011818811446675172,-1.072702793238421e-11,9.199880409570703e-05,-4.096237098547011e-08,1.842063516635461e-05,0.007288011727188167,0.0004609362487446507,0.007317129130078665
871.4285714285714,1.9000000000000001,0.00011106315432377558,-8.203849283278562e-12,7.763987331385959e-05,-3.6244787866006366e-08,1.4993634823761001e-05,0.006569177760738453,0.0004356811716339576,0.006598026782902489
871.4285714285714,2.0,0.00010471459291393803,-2.6667254359972373e-11,6.509696572855386e-05,-3.1371761481200044e-08,5.1700572322942994e-05,0.005861256698939119,0.00040135271069666184,0.005888902362648266
871.4285714285714,2.1,9.901700116138601e-05,-1.8305112253958683e-11,5.5914545246431494e-05,-2.779488812744245e-08,3.7534699464155545e-05,0.005339708983291956,0.00037720723817692134,0.005366420732758363
871.4285714285714,2.2,9.387855486129832e-05,1.4980858584247603e-11,4.8922504898246215e-05,-2.597978868980166e-08,3.2402463371393575e-05,0.004940818680067711,0.0003729015604819148,0.004968988860579008
871.4285714285714,2.3000000000000003,8.922933361019308e-05,2.2390596187579212e-11,4.203683893204857e-05,-2.315547957067763e-08,5.0959279066616e-05,0.004477789309193805,0.00035058484938734386,0.004505442644057653
871.4285714285714,2.4000000000000004,8.500048074840833e-05,1.987438051661414e-12,3.682090218923582e-05,-1.8979204843910476e-08,4.748912905696941e-06,0.004126546809157118,0.00030236649868567423,0.004148645817540158
871.4285714285714,2.5000000000000004,8.113983690851594e-05,3.2798489578835093e-13,3.1908005717860023e-05,-1.7895348165812735e-08,8.210566087952122e-07,0.003753861794300207,0.0002993221089324922,0.0037776535699601036
871.4285714285714,2.6,7.759827312580215e-05,-1.7680143039706898e-11,2.7892741777981978e-05,-1.781746852833663e-08,4.6286416442909464e-05,0.0034376137345987854,0.0003122218532783351,0.0034661643919437018
871.4285714285714,2.7,7.433563676086818e-05,3.024814303260367e-11,2.604479163614728e-05,-1.6462786773995074e-08,8.266964285707651e-05,0.003356362272897945,0.0003016957396240692,0.0033843821615469794
871.4285714285714,2.8000000000000003,7.133344831229568e-05,3.762225520301205e-11,2.2566580120765618e-05,-1.4578323692694138e-08,0.00010716388868926708,0.0030357687246778432,0.00027890286298950373,0.0030631600452373734
871.4285714285714,2.9000000000000004,6.855692566493084e-05,-7.92727310453728e-12,1.953438993774071e-05,-1.2470640986557085e-08,2.3498457443867675e-05,0.0027384614651207867,0.00024865114086041195,0.0027610465684511907
871.4285714285714,3.0000000000000004,6.59757469169434e-05,-9.912682663591788e-12,1.807033277623378e-05,-1.1463113153173694e-08,3.053616798642482e-05,0.002635814339830784,0.0002378571182503376,0.0026573674395946067
871.4285714285714,3.1,6.357527149671831e-05,-6.852259423427147e-12,1.6329038897919806e-05,-1.0529828016974564e-08,2.190740041867074e-05,0.002475006295643211,0.0002270610546858696,0.0024958464581734093
871.4285714285714,3.2,6.133808646547241e-05,-9.58142282960114e-12,1.480342060219524e-05,-1.0005981572165658e-08,3.17529296767186e-05,0.0023284872016566035,0.00022393129322232684,0.002350138579954404
871.4285714285714,3.3000000000000003,5.924893564024847e-05,-2.5465174088196756e-11,1.3175518683049885e-05,-9.874128262682226e-09,8.737874362645878e-05,0.0021480159297871918,0.00022906070856475324,0.0021740618886944424
871.4285714285714,3.4000000000000004,5.729154000185503e-05,-1.1394490174550857e-11,1.1969609446615642e-05,-9.041209998316893e-09,4.04372489964897e-05,0.0020202235394224622,0.0002171619551650571,0.002043833885100559
871.4285714285714,3.5000000000000004,5.5453840457927746e-05,7.615168985850672e-12,1.1065253466233531e-05,-8.020155543600635e-09,2.7922168420521363e-05,0.00193139396599834,0.00019923587209022097,0.0019520379516902847
871.4285714285714,3.6,5.37267934486628e-05,2.69865097312268e-11,1.0122578556316998e-05,-7.277796482055184e-09,0.00010213586389343506,0.0018254062248397197,0.00018679598789712976,0.0018472479807989464
871.4285714285714,3.7,5.210097222496102e-05,5.0327320990621536e-11,9.290453954313958e-06,-7.291283946667141e-09,0.0001964231891640671,0.0017292031327332431,0.00019316729526769037,0.0017616335462910314
871.4285714285714,3.8000000000000003,5.056805554080238e-05,5.380950953830803e-11,8.686079216362138e-06,-7.488515010733737e-09,0.00021640210873319802,0.0016671625970543274,0.00020458919332300442,0.0017058647290246142
871.4285714285714,3.9000000000000004,4.912199964880736e-05,4.221235818042994e-11,7.706118331735017e-06,-7.262919840085349e-09,0.0001747829834881327,0.0015239103519646118,0.00020446159567483223,0.0015609166987234511
871.4285714285714,4.0,4.7753004940129694e-05,3.9386420839252603e-11,7.184956697728067e-06,-6.8541469711922575e-09,0.00016777845136041125,0.0014626759393135806,0.00019866025400413942,0.0014988336482844723
871.4285714285714,4.1,4.645585979842931e-05,4.6165883592300056e-11,6.7208098170942574e-06,-5.705116728646683e-09,0.00020216724952975773,0.001407410868807203,0.00017011877200736686,0.001442067177213899
871.4285714285714,4.2,4.522592275489986e-05,3.2834692981244836e-11,6.234202853526871e-06,-5.1816688035962976e-09,0.00014771325342157198,0.0013419626459561626,0.0001588390720459113,0.0013686280173936462
871.4285714285714,4.3,4.405832773990569e-05,2.5566540737824238e-11,5.664654770738176e-06,-5.094895426641659e-09,0.00011807708216919483,0.0012525238681005038,0.00016044264699513483,0.0012783747194952855
871.4285714285714,4.3999999999999995,4.294737927261889e-05,2.1945300931681206e-11,5.3624947286108e-06,-4.827953681652063e-09,0.00010398395304224126,0.0012171353302984622,0.00015608270301264402,0.001241351962624019
871.4285714285714,4.5,4.189005575261821e-05,1.740331187886112e-11,4.990715339616254e-06,-4.666538754262693e-09,8.455271369220446e-05,0.0011620535232048689,0.00015478101837955246,0.0011855091224814709
871.4285714285714,4.6,4.0882639386013684e-05,1.2616898625117899e-11,4.621760801051506e-06,-4.368812249577519e-09,6.281506313439313e-05,0.0011033073883561586,0.00014857887608941023,0.001124893012778482
871.4285714285714,4.7,3.9921440627419676e-05,9.477651399592892e-12,4.332096180169824e-06,-4.10046113738863e-09,4.8326612047665436e-05,0.0010596420009153992,0.00014290319120000846,0.0010798237243394354
871.4285714285714,4.8,3.9003562830627366e-05,5.054259576411718e-12,4.03035725909267e-06,-3.8789961140696275e-09,2.6380713924290594e-05,0.0010095720985390634,0.00013845320185860383,0.0010287226751780685
871.4285714285714,4.9,3.812598860642598e-05,3.835505969429437e-12,3.8159506370136634e-06,-3.647715049015586e-09,2.0482055564547058e-05,0.0009783595036136562,0.00013327477152966027,0.0009965596632233694
871.4285714285714,5.0,3.7286573888594736e-05,nan,nan,nan,nan,nan,nan,nan
885.7142857142858,0.1,0.0031183459172651755,nan,nan,nan,nan,nan,nan,nan
885.7142857142858,0.2,0.0015543763441096547,5.328137334812989e-10,0.09896699550628002,4.5015426519397325e-07,6.93612710856113e-05,0.3173701639652448,0.00020573101000846247,0.31737030490707424
885.7142857142858,0.30000000000000004,0.0009800767260169342,6.826217022788561e-10,0.029159699236879395,-2.422748817875214e-06,0.00014080602758152896,0.1875974203247544,0.0022077406958283616,0.18762345316297752
885.7142857142858,0.4,0.0006973741002930076,5.023352662922033e-10,0.011984182386608208,-1.62241327890312e-06,0.0001456688819876451,0.12227800200207124,0.002342613744840843,0.12232296052400282
885.7142857142858,0.5,0.0005345132984351631,3.7613048126338174e-10,0.005861203693065816,-9.94060466815136e-07,0.00014237496819643371,0.08404676472216538,0.002017827148161895,0.08409531606275293
885.7142857142858,0.6,0.00043026453350797676,2.158631168178748e-10,0.0032370082744464586,-6.353100165729322e-07,0.00010155509426077348,0.06055992028492273,0.0016833671700958513,0.06060677939316755
885.7142857142858,0.7000000000000001,0.000358385851325255,1.5601639532795624e-10,0.0019572939509512376,-4.2980808315917934e-07,8.815475507128329e-05,0.045490478496874556,0.0014154544199076857,0.04553458496094063
885.7142857142858,0.8,0.0003060801086520456,1.7695029541941261e-10,0.0012668522859472318,-3.0527930257427283e-07,0.00011710528107066205,0.03534883649180373,0.0012074548615956559,0.03539025076849148
885.7142857142858,0.9,0.00026644288883830855,9.795177693704215e-11,0.0008639350391331788,-2.2592513111067659e-07,7.44893015817582e-05,0.02822578190193037,0.0010466169690111536,0.028264662155968436
885.7142857142858,1.0,0.00023544501941590324,8.789507789872267e-11,0.000613165712577625,-1.7394781594575232e-07,7.565965675844418e-05,0.02301302599033619,0.000925973597279369,0.02305037838781105
885.7142857142858,1.1,0.0002105788071192742,9.939901687044582e-11,0.0004523148750131688,-1.372535490920561e-07,9.568553396001561e-05,0.019211061509616163,0.0008270303255893588,0.019246869832950857
885.7142857142858,1.2000000000000002,0.00019023574357277683,2.4063645886972248e-11,0.00033991003922637146,-1.1025160041973423e-07,2.5647708216394604e-05,0.016141702191039702,0.000742928704103879,0.016175879992999315
885.7142857142858,1.3000000000000003,0.0001732917804185432,2.558525511198469e-11,0.00026322110406053174,-9.018796362116798e-08,2.9941000605857497e-05,0.013836574511026819,0.0006728740152327351,0.013869290160042985
885.7142857142858,1.4000000000000001,0.00015898002830491486,6.332572751112015e-11,0.00020777997187745604,-7.6111672416602e-08,8.078892805652231e-05,0.011990180456084831,0.0006234847899599756,0.012022829150703174
885.7142857142858,1.5000000000000002,0.0001467460759100611,4.003135526212418e-11,0.0001665043472290578,-6.472217192349952e-08,5.533854544628162e-05,0.010473287054001006,0.0005779932687216101,0.010505282314506934
885.7142857142858,1.6,0.0001361771669874979,-4.969090876006663e-12,0.00013456818687489178,-5.421598886382953e-08,7.403653705761357e-06,0.009170138693001033,0.0005246296960988402,0.009200107124323087
885.7142857142858,1.7000000000000002,0.00012695393993368364,4.595573491261517e-11,0.00011136892911548215,-4.61651025672839e-08,7.345248440366884e-05,0.008178238068773063,0.0004814830496351474,0.00820686450668987
885.7142857142858,1.8000000000000003,0.00011884440217102419,7.925453036595569e-11,9.295168741429233e-05,-4.101383394979767e-08,0.0001353314785417896,0.007321685917179656,0.0004588758297484317,0.0073516347388295775
885.7142857142858,1.9000000000000001,0.00011166438128250768,7.014156213091852e-11,7.813371337422061e-05,-3.751373156120526e-08,0.0001274903308953868,0.006574454660622681,0.00044839734890220656,0.006606196200088229
885.7142857142858,2.0,0.00010526569752773337,5.966433332797484e-11,6.605500018075902e-05,-3.2341285482212396e-08,0.00011505728133412583,0.005915494217770462,0.00041148796002140096,0.005945162293911657
885.7142857142858,2.1,9.952756377476666e-05,5.3096153073252794e-11,5.650652946586014e-05,-2.675422533064857e-08,0.00010830646668983252,0.0053679907883546684,0.0003611517604121464,0.005393321479634326
885.7142857142858,2.2,9.435449531645854e-05,4.7154778693983524e-11,4.883940210485083e-05,-2.5003396514080197e-08,0.0001014700360254925,0.00490712323827956,0.00035701657511123005,0.004934072994361008
885.7142857142858,2.3000000000000003,8.966982087919894e-05,3.973942555191586e-11,4.2379038933212816e-05,-2.3749418659869458e-08,8.999366618016481e-05,0.004491470045075904,0.0003577363956786532,0.004520769036718532
885.7142857142858,2.4000000000000004,8.540893683127146e-05,4.351790472919859e-11,3.7579380775727444e-05,-2.0930620464050853e-08,0.00010347886049955356,0.004190861586124222,0.0003317955082081695,0.004218317819600148
885.7142857142858,2.5000000000000004,8.152384659110126e-05,7.1623994797761004e-12,3.148363955164553e-05,-1.7933814922972e-08,1.7845517646266773e-05,0.003686223095581045,0.00029850690673894617,0.003710360079512078
885.7142857142858,2.6,7.795359274644751e-05,6.210841662010747e-11,2.884535660825274e-05,-1.548102693722131e-08,0.00016183516526096129,0.003538272274238022,0.00027000289235389784,0.0035624941306780407
885.7142857142858,2.7,7.467179246787629e-05,4.266260589418975e-11,2.5738231185748632e-05,-1.5637695401235652e-08,0.00011606295007355198,0.0033017376465848103,0.00028522870330559367,0.0033283108210673414
885.7142857142858,2.8000000000000003,7.164737450116256e-05,2.9908576814652376e-11,2.2457703345619026e-05,-1.533313839252276e-08,8.481327387952234e-05,0.0030075216629198106,0.0002919949372279718,0.0030369231025977
885.7142857142858,2.9000000000000004,6.884753356790501e-05,5.970321043612924e-11,2.0149956448013573e-05,-1.2822919861810894e-08,0.00017620059659235392,0.002812378902689117,0.0002545382465505665,0.002840792350814191
885.7142857142858,3.0000000000000004,6.624919219912761e-05,6.757970617414958e-11,1.8238651274965497e-05,-1.130305881663387e-08,0.00020728158880812397,0.0026491364802453724,0.0002335090499459805,0.0026776748683959017
885.7142857142858,3.1,6.383323734309986e-05,6.310971817813417e-11,1.6419783970274376e-05,-1.134082456295935e-08,0.00020091597562608418,0.002478488178530666,0.0002434933483467157,0.002510348362629424
885.7142857142858,3.2,6.158148032677485e-05,4.454054305258492e-11,1.466903803959532e-05,-1.1153467282713038e-08,0.0001470050784951465,0.002298025080687999,0.00024855709671785887,0.0023293971377229923
885.7142857142858,3.3000000000000003,5.947641369084579e-05,4.959303294757714e-11,1.351900063325514e-05,-1.0113089040471727e-08,0.00016949165971114936,0.002195302964709222,0.00023364618894013945,0.002226491323312364
885.7142857142858,3.4000000000000004,5.7506537061249295e-05,3.966270861946181e-11,1.2220159351728685e-05,-8.546406369174395e-09,0.0001402127561474813,0.0020546227644538577,0.00020446041707631693,0.002079601511227699
885.7142857142858,3.5000000000000004,5.5658862025170085e-05,3.0367191489519704e-11,1.116052174034279e-05,-7.658306509773504e-09,0.0001109249514183073,0.0019407396638152455,0.0001895116623077667,0.0019622956270282446
885.7142857142858,3.6,5.39227922064943e-05,1.1413481660843786e-11,1.0283608300802289e-05,-7.43817754285565e-09,4.303831777687793e-05,0.0018476138258363656,0.00019019066613609333,0.001867585105206544
885.7142857142858,3.7,5.2289558470826543e-05,-1.683563021766422e-11,8.963436442412091e-06,-7.024898777022373e-09,6.5476168906965e-05,0.0016622723111383248,0.0001854279740661335,0.0016841031536709448
885.7142857142858,3.8000000000000003,5.0745959099582905e-05,-7.950733396183911e-12,8.600235173048316e-06,-6.912625342253749e-09,3.186424341073327e-05,0.0016447327964810741,0.0001881893062830281,0.0016664308361966805
885.7142857142858,3.9000000000000004,4.928836208006975e-05,7.404243309967018e-12,7.792049506572216e-06,-6.571321747109016e-09,3.0553681360799166e-05,0.0015355014753551605,0.00018435171910862846,0.0015577770767793398
885.7142857142858,4.0,4.790868555562232e-05,2.5837101906208862e-11,7.403334241665685e-06,-5.910966365545445e-09,0.00010969248041703945,0.0015020450932491628,0.00017074161763014364,0.0015252794178103385
885.7142857142858,4.1,4.660304237359154e-05,2.985977485620769e-11,6.7235301662321315e-06,-5.571555980339168e-09,0.00013033172333207248,0.0014034052673864467,0.00016557989291486646,0.001428763837906786
885.7142857142858,4.2,4.5364634493223086e-05,3.6128530716827074e-11,6.2376960442353516e-06,-5.409778287738623e-09,0.00016200951404585586,0.0013384739979486952,0.00016528792040010205,0.0013683566490818536
885.7142857142858,4.3,4.4188603573296985e-05,4.40720521546984e-11,5.785035104107676e-06,-5.145868209794763e-09,0.0002029038527395818,0.0012752301806756294,0.0001615276663706681,0.0013113216085952645
885.7142857142858,4.3999999999999995,4.307042300441196e-05,4.559068483810379e-11,5.346201456979149e-06,-4.9982946069723665e-09,0.0002153616814223002,0.0012098597884206144,0.0001610819619938743,0.0012498144495971416
885.7142857142858,4.5,4.200570445009673e-05,4.746573510469303e-11,5.04123763695507e-06,-4.942923056222857e-09,0.0002299227531012561,0.0011704639251949457,0.0001634459664329622,0.0012150224032761003
885.7142857142858,4.6,4.0991398272151045e-05,4.718032668978251e-11,4.6706169114522816e-06,-4.693013396022735e-09,0.00023421766650998972,0.0011119006269734223,0.00015912982082385494,0.0011583719261619467
885.7142857142858,4.7,4.0023798263319886e-05,4.6313763483495205e-11,4.363616116420589e-06,-4.393690678078097e-09,0.00023549633381829405,0.0010645199481729235,0.0001526814320991773,0.001111433525999487
885.7142857142858,4.8,3.909983441565293e-05,4.65325385991836e-11,4.081709917448791e-06,-4.1437035122238645e-09,0.00024222141373907158,0.0010198207303052259,0.00014748939375970274,0.0010687430831482598
885.7142857142858,4.9,3.821668766716047e-05,4.4544101765340006e-11,3.868470778552125e-06,-3.9780849539113946e-09,0.000237251272545457,0.0009893829056737517,0.00014495322485354748,0.0010378774374437286
885.7142857142858,5.0,3.737222562645352e-05,nan,nan,nan,nan,nan,nan,nan
900.0,0.1,0.0031258171613468655,nan,nan,nan,nan,nan,nan,nan
900.0,0.2,0.0015676975771482583,3.893057134128635e-10,0.09798011826315761,7.906815033224849e-07,5.024997344425382e-05,0.3134544127364748,0.00036057834998917405,0.3134548315507692
900.0,0.30000000000000004,0.0009893791755812274,7.829228342431991e-10,0.029270930979009884,-2.4173942696993936e-06,0.00015996550543797381,0.18671286736473483,0.0021841908703123226,0.18673848507482302
900.0,0.4,0.0007037700838042954,5.697115295249194e-10,0.012098801484655185,-1.6498935272295154e-06,0.00016369217332550508,0.12228680149395245,0.002359724717699183,0.1223324373019502
900.0,0.5,0.0005391490068739152,3.199671021196031e-10,0.005926318246141331,-1.0144905354027121e-06,0.00012006878151746465,0.0842081580692669,0.0020404170596247887,0.08425766971312078
900.0,0.6,0.0004337911124049484,2.841417585473808e-10,0.003275070973108901,-6.46981631791921e-07,0.00013258193520659673,0.060745191614065344,0.0016994749452423285,0.06079286399223243
900.0,0.7000000000000001,0.0003611839276670706,2.1327596192360718e-10,0.0019797950829022882,-4.37555557990737e-07,0.00011956773072770651,0.045639364806859616,0.0014291589541351587,0.04568425228728403
900.0,0.8,0.0003083746937582157,1.0612528466222847e-10,0.0012797353790919457,-3.109482136798125e-07,6.970985881593688e-05,0.03543168123116405,0.001220276320113022,0.03547375146395002
900.0,0.9,0.0002683628136402802,1.1261106935941059e-10,0.0008734083358032702,-2.308374233625066e-07,8.502169641379475e-05,0.028322957540999623,0.0010614012457328722,0.028362833034924685
900.0,1.0,0.00023708501688037744,5.763631913167733e-11,0.0006194665718470422,-1.755271188702408e-07,4.92698036023774e-05,0.023083174730661075,0.0009276645225470985,0.023120478067993364
900.0,1.1,0.0002120018858389451,6.694334754006383e-11,0.0004558319830902612,-1.3895658416304044e-07,6.400859997754928e-05,0.0192265200512546,0.0008314990616819588,0.01926255309561332
900.0,1.2000000000000002,0.00019147707462841538,7.378276915586604e-11,0.0003440059131194658,-1.1332307511429363e-07,7.812710738437629e-05,0.01622654967233652,0.0007584855187011424,0.01626215295334143
900.0,1.3000000000000003,0.00017439232254908032,5.475581785086162e-11,0.0002660115329607278,-9.100005308294597e-08,6.367179209387456e-05,0.013892604818459636,0.0006745070292663337,0.013925460215161858
900.0,1.4000000000000001,0.00015996768579935254,1.1782182601934567e-11,0.00020875811616352362,-7.587671530379763e-08,1.4938871189323349e-05,0.011970602438921675,0.0006176228649024637,0.012002435666442483
900.0,1.5000000000000002,0.00014763063021126,4.6888516859244617e-11,0.00016793605085390454,-6.516750798103287e-08,6.442754383720594e-05,0.010498123418785138,0.0005783905480370021,0.01053013853073961
900.0,1.6,0.0001369729351317065,6.760759137812756e-11,0.00013689558859400808,-5.529703877125039e-08,0.00010013947746434596,0.009272844557942346,0.0005318693871546497,0.009303840293163482
900.0,1.7000000000000002,0.00012768419593809307,1.0694739800969524e-11,0.00011214075247692519,-4.568406232319704e-08,1.6996240145663064e-05,0.008187073772573841,0.000473666436766674,0.008214449806066384
900.0,1.8000000000000003,0.00011951686426924889,-3.1469030293364107e-12,9.303902453515834e-05,-4.035434061036192e-08,5.343473993501015e-06,0.007286651558683722,0.0004489220436293293,0.007314258779459125
900.0,1.9000000000000001,0.00011227992284575629,4.974726086933839e-12,7.859971138217537e-05,-3.704501689488047e-08,8.99275358175668e-06,0.0065764536128646335,0.0004403197612537775,0.006605875110542012
900.0,2.0,0.00010582897853608544,2.9567304665738456e-11,6.709281113394829e-05,-3.2215275434028926e-08,5.671278739689907e-05,0.005975494944551801,0.0004076462099396515,0.006003507894354332
900.0,2.1,0.00010004896233775408,2.5548416493736687e-11,5.7111305641930685e-05,-2.797140862868077e-08,5.184124034915361e-05,0.005396565896405865,0.00037556199257210166,0.0054228871101085286
900.0,2.2,9.484005919584203e-05,7.995726954828111e-12,4.8726218112214664e-05,-2.47259552252493e-08,1.711767546070955e-05,0.004870237229219872,0.0003512064755974853,0.004895528128884119
900.0,2.3000000000000003,9.011841823505212e-05,4.6673500102338834e-11,4.294968449191483e-05,-2.2962209194581836e-08,0.00010516193286819697,0.00452864378787712,0.0003441109894723212,0.00455593001875071
900.0,2.4000000000000004,8.582627411918136e-05,3.367446594766648e-11,3.751879845555162e-05,-2.23178253698807e-08,7.967885733223261e-05,0.004163277517553948,0.00035199630490873583,0.004193689450330669
900.0,2.5000000000000004,8.190931798786612e-05,4.040878881124291e-11,3.292256976073214e-05,-1.8762076190566797e-08,0.00010019911764243431,0.003835954676887723,0.00031075728299820944,0.0038623475146840397
900.0,2.6,7.83215875541582e-05,-8.107361435896774e-12,2.827977086982454e-05,-1.508499353440156e-08,2.1026904693527875e-05,0.003452570667724746,0.0002618371300843899,0.0034724348390914334
900.0,2.7,7.501665482914852e-05,1.599751767578227e-11,2.5568237707725092e-05,-1.57438868372628e-08,4.3319962447517824e-05,0.0032645198477424943,0.00028582868477645073,0.003289735936140347
900.0,2.8000000000000003,7.19674044812161e-05,2.1119118160798174e-11,2.3217166625595173e-05,-1.5283705310699145e-08,5.961986593531438e-05,0.003094934941910246,0.0002897091207997232,0.0031225053358513613
900.0,2.9000000000000004,6.915032579953962e-05,3.410394249040451e-13,2.0318214021889364e-05,-1.2804020747120547e-08,1.0021121421121936e-06,0.0028232522998925904,0.0002530227806837662,0.002845838296208595
900.0,3.0000000000000004,6.653642925808204e-05,-1.6022835987369332e-11,1.8155000717900567e-05,-1.1642194722443789e-08,4.893665267835054e-05,0.002625439650209347,0.00023946642787222032,0.0026476435736372266
900.0,3.1,6.410408272380347e-05,-1.2561273679778633e-11,1.6222790529781317e-05,-1.082510969316583e-08,3.982338162542552e-05,0.0024381817164934156,0.00023143296453509662,0.002460373633925114
900.0,3.2,6.183396409482271e-05,2.145634348841389e-11,1.5016730273332979e-05,-9.754618639336378e-09,7.052322930791824e-05,0.0023425544263746077,0.00021647751447139828,0.002363526982063609
900.0,3.3000000000000003,5.971401276857527e-05,4.0123173565291646e-11,1.3556710864622822e-05,-9.38438942417289e-09,0.0001365648773747112,0.0021924376130622223,0.0002159138687088896,0.002217807532294907
900.0,3.4000000000000004,5.772962855097406e-05,4.673776717790447e-11,1.2483664505784037e-05,-9.15396105551863e-09,0.0001645608729200316,0.0020905753820573275,0.00021809757817483063,0.002119603457293792
900.0,3.5000000000000004,5.587008097843069e-05,4.2337483805710455e-11,1.1058684041008501e-05,-8.750904570154926e-09,0.000154043715885011,0.0019155993756730853,0.00021567986818800552,0.0019458381344721269
900.0,3.6,5.412112024629741e-05,4.439424844584271e-11,1.0254935962637945e-05,-8.777511552652151e-09,0.00016676420871094758,0.0018354968854612877,0.000223557061491747,0.0018699771756175863
900.0,3.7,5.2474708873790504e-05,5.203895323859231e-11,9.394255842754883e-06,-8.028116620497732e-09,0.0002016346660424185,0.001735783701446493,0.00021109981445069798,0.001772774057819993
900.0,3.8000000000000003,5.092224005971115e-05,3.566836388556033e-11,8.646433576360426e-06,-6.925298853216251e-09,0.00014243506404877133,0.0016477335009435477,0.0001878335677846897,0.0016750750239842122
900.0,3.9000000000000004,4.94562355813954e-05,2.744422140401102e-11,7.94079459753372e-06,-6.0988495596726495e-09,0.00011285299707204069,0.0015593961672193501,0.00017048245366960266,0.001581954721003404
900.0,4.0,4.806963904905498e-05,1.5109749831385825e-11,7.327626364251405e-06,-5.756457515008327e-09,6.39309018045024e-05,0.0014816385190076892,0.0001656973362320025,0.0015014163565385847
900.0,4.1,4.675631878035708e-05,9.314937672809648e-12,6.772088942117364e-06,-5.608906974109904e-09,4.05232798466738e-05,0.0014088079453241703,0.00016612302618888877,0.0014288371785050775
900.0,4.2,4.5510719401080356e-05,3.772493195186983e-12,6.275368124275504e-06,-5.257367645974912e-09,1.6862406377109774e-05,0.0013421433269275823,0.00016009988633375438,0.0013612115919184747
900.0,4.3,4.4327873703046385e-05,-6.298416562971583e-13,5.7742952588146054e-06,-4.936631193475528e-09,2.890662048736485e-06,0.0012687769683283744,0.0001544613440182029,0.0012874470726517032
900.0,4.3999999999999995,4.320277095760056e-05,1.6897553084882586e-13,5.3371820135757395e-06,-4.5977595194896585e-09,7.957697045455549e-07,0.0012040239171699652,0.0001477101137012544,0.0012220109581120805
900.0,4.5,4.213104003229049e-05,7.1914578432240415e-12,5.047668940793891e-06,-4.348329737815064e-09,3.4730699548663294e-05,0.0011683669424231383,0.0001433455091007488,0.0011863319112276455
900.0,4.6,4.110978579638836e-05,1.522794659458833e-11,4.7076127199882246e-06,-4.1645670394701725e-09,7.537345730516708e-05,0.0011173739637996521,0.00014078762724594222,0.0011374744151032871
900.0,4.7,4.0135607687686116e-05,2.3139927447893613e-11,4.417285814344327e-06,-3.93026534875403e-09,0.00011732132071181668,0.0010745095671922478,0.00013617488079272364,0.0010979172548963158
900.0,4.8,3.920560243712731e-05,2.8851643906261122e-11,4.088017433977728e-06,-4.2702910585721815e-09,0.00014975842188353928,0.001018551273918287,0.00015155506928903905,0.0010515760365185317
900.0,4.9,3.8316477360908286e-05,2.136513786829593e-11,3.85292963830716e-06,-4.387416472315144e-09,0.0001134867524536536,0.0009827497599318802,0.00015941441618445238,0.0010146439009837416
900.0,5.0,3.746588158107233e-05,nan,nan,nan,nan,nan,nan,nan
914.2857142857143,0.1,0.0031325924165450303,nan,nan,nan,nan,nan,nan,nan
914.2857142857143,0.2,0.0015810982603324563,5.418307668057793e-10,0.09692373011958919,1.1352483613344968e-06,6.93446928791031e-05,0.30940421616192065,0.0005167497523802802,0.30940508697833674
914.2857142857143,0.30000000000000004,0.0009988414053157743,8.642599461532836e-10,0.02936977846755776,-2.4088550243141987e-06,0.00017489645633891507,0.18575555488488238,0.0021580339371510874,0.18578070669557908
914.2857142857143,0.4,0.0007102823349746699,6.005238214791874e-10,0.012212675008769772,-1.6801767464822486e-06,0.00017094846077751603,0.12226840961712888,0.0023800694710370473,0.12231485059081003
914.2857142857143,0.5,0.0005438500147212632,4.792855391998224e-10,0.005995798494805282,-1.037006999924173e-06,0.00017828047548595108,0.08441429836515793,0.0020664013795676506,0.08446505538820656
914.2857142857143,0.6,0.0004373756794159093,2.556325858555549e-10,0.003312418560484577,-6.621412972831908e-07,0.00011829579745942288,0.060906839584849055,0.0017240830144996562,0.060955738258116475
914.2857142857143,0.7000000000000001,0.00036402552971540123,1.6150604564026396e-10,0.0020015557070852245,-4.4614916421891576e-07,8.983485744485974e-05,0.045762848765578144,0.001445210894900056,0.045808554512277125
914.2857142857143,0.8,0.0003106909370857454,1.9302808535170167e-10,0.0012949375837052017,-3.1603274525996813e-07,0.00012583906067294422,0.03557271339506317,0.001230513046991556,0.03561547554749383
914.2857142857143,0.9,0.0002703057202931416,1.1980405396010264e-10,0.0008816273358422354,-2.3516232332135917e-07,8.979884174453078e-05,0.028376345448368246,0.0010731507838849489,0.02841704330233907
914.2857142857143,1.0,0.00023873677685896014,1.2041985203438122e-10,0.0006270793041498578,-1.7956939713867644e-07,0.00010222187870749745,0.023198891368995146,0.0009421706812050603,0.023237348842928895
914.2857142857143,1.1,0.00021343862646627725,5.228798426338422e-11,0.00045929873184505593,-1.393642358584624e-07,4.965896011869557e-05,0.019238708752292426,0.0008281235727655258,0.0192743860543311
914.2857142857143,1.2000000000000002,0.00019273346339204492,9.28591545383779e-11,0.00034757390185091106,-1.1242717198108685e-07,9.76803504355899e-05,0.01628448925133178,0.0007474205727802947,0.016319050421296943
914.2857142857143,1.3000000000000003,0.0001755040393363217,8.956080168237633e-11,0.00026831325402533365,-9.334591524648348e-08,0.00010347787587640049,0.013921466947312085,0.0006873466844313427,0.013955745790358045
914.2857142857143,1.4000000000000001,0.00016095774782085183,8.917560051325906e-11,0.00021132972921502458,-7.736165277810926e-08,0.00011236371300474293,0.01204130286768212,0.0006256814976388441,0.012074293148181597
914.2857142857143,1.5000000000000002,0.0001485247535975322,5.584985339326732e-11,0.0001690741369330691,-6.419053731578632e-08,7.627590373211108e-05,0.010504255882186606,0.0005661729161049148,0.010535004185751592
914.2857142857143,1.6,0.00013778250074354326,6.070537036396969e-11,0.0001376386652907562,-5.603819167686926e-08,8.938277688283824e-05,0.00926705225606536,0.0005357318628032818,0.009298401155849036
914.2857142857143,1.7000000000000002,0.00012841663454246188,7.129134909421404e-11,0.00011379158009850536,-4.931306045889355e-08,0.00011264204771164451,0.008258783189768594,0.0005082609294343946,0.008290768743083841
914.2857142857143,1.8000000000000003,0.00012018868414236556,2.984791697193142e-11,9.357459169574905e-05,-4.1491065567426155e-08,5.039780929875129e-05,0.007286796763452631,0.00045889817665725876,0.0073158131526252475
914.2857142857143,1.9000000000000001,0.00011289647965922672,4.518306401038458e-11,7.940185121589614e-05,-3.5657571899380476e-08,8.122665699284553e-05,0.006606433191484425,0.000421451338541312,0.006633762110964626
914.2857142857143,2.0,0.00010639829368824685,3.5982169150856444e-11,6.754671460242722e-05,-3.212495283173568e-08,6.864503960776682e-05,0.005983066505378569,0.0004042624835674063,0.006010711543609945
914.2857142857143,2.1,0.00010057557486329125,2.713840646779268e-11,5.743988179010517e-05,-2.9048549347939856e-08,5.4777716080388576e-05,0.005398571706272598,0.0003879219089111051,0.005426651258444059
914.2857142857143,2.2,9.53272548562367e-05,2.7393806722512407e-11,4.9760594582566645e-05,-2.4807442568921905e-08,5.8344504311941067e-05,0.004947582417520798,0.00035050935401588967,0.004972694387738867
914.2857142857143,2.3000000000000003,9.057654079500782e-05,3.731677236357529e-12,4.2465701330164124e-05,-2.148030330543681e-08,8.36560914154842e-06,0.00445472823005412,0.0003202476979795393,0.004477699271186019
914.2857142857143,2.4000000000000004,8.625048374708058e-05,4.320843262573475e-11,3.7860937707176786e-05,-2.079494843498608e-08,0.00010172692972328659,0.004179993779279272,0.00032632427671286504,0.004206622330348743
914.2857142857143,2.5000000000000004,8.230303607622511e-05,5.26369427045028e-11,3.3233939294089846e-05,-2.003725204006366e-08,0.00012988221954313338,0.0038531887417054354,0.00033022019184267363,0.0038835581134264224
914.2857142857143,2.6,7.868792779831054e-05,4.928533622338588e-11,2.9196246955045704e-05,-1.708392915239785e-08,0.00012721580460222466,0.0035474082545394257,0.0002950834463356632,0.0035741345338302123
914.2857142857143,2.7,7.536478198994642e-05,2.107801653606725e-11,2.5010830380177816e-05,-1.4795181818747601e-08,5.6811865929434415e-05,0.003178483800499168,0.00026732630280618076,0.0032013924411871254
914.2857142857143,2.8000000000000003,7.229174448538408e-05,4.662259714511652e-11,2.344806502351193e-05,-1.4847769040067597e-08,0.00013101187232760617,0.003111276169635823,0.00028013576316751485,0.003139132938574828
914.2857142857143,2.9000000000000004,6.945318763105686e-05,4.894071036462875e-11,2.0576557377879864e-05,-1.4123312209194052e-08,0.00014316278309596756,0.0028463218759425604,0.0002778105859620405,0.0028768735195135193
914.2857142857143,3.0000000000000004,6.682039635050844e-05,4.68243903552259e-11,1.847595093062878e-05,-1.2552102703694091e-08,0.0001423847409192695,0.0026602020095571584,0.0002570244200309389,0.002688693223683779
914.2857142857143,3.1,6.437236457926631e-05,3.636559999430299e-11,1.664939004562707e-05,-1.0743544108022777e-08,0.00011479927011711429,0.0024916628686684505,0.00022868460495468893,0.002515185086749498
914.2857142857143,3.2,6.209082670848045e-05,1.162904726344814e-11,1.50511411378581e-05,-9.28994258882381e-09,3.806371401838618e-05,0.0023381370618015054,0.00020528605059610185,0.002356399476157076
914.2857142857143,3.3000000000000003,5.995980024907318e-05,-3.3079178363489207e-12,1.334845708651571e-05,-9.05156667762008e-09,1.1213126023665146e-05,0.0021498275661858053,0.00020739048207564712,0.0021697709378270193
914.2857142857143,3.4000000000000004,5.7962258360531054e-05,-4.333339522597001e-12,1.252237625198619e-05,-9.013670017684097e-09,1.519666884275135e-05,0.0020884619695142755,0.00021388074308673362,0.0021103066794610757
914.2857142857143,3.5000000000000004,5.608994023450879e-05,-1.5940790174007774e-12,1.1088622831721688e-05,-8.447888473145687e-09,5.777398088935792e-06,0.0019130763958073104,0.00020738239875782178,0.0019354352464375716
914.2857142857143,3.6,5.432850833680375e-05,6.494629925723417e-12,1.0340303219424976e-05,-7.457648905225333e-09,2.4303303935671513e-05,0.001843521882211457,0.00018920056185344888,0.0018629968561395868
914.2857142857143,3.7,5.267047947129295e-05,2.566060567766831e-11,9.334967199306215e-06,-7.045575503798366e-09,9.90488182937982e-05,0.0017182447089169263,0.00018455483280831064,0.0017407746898298521
914.2857142857143,3.8000000000000003,5.110580027777522e-05,4.273166575358809e-11,8.858885997457896e-06,-7.21180040258051e-09,0.00017000144842659732,0.001681945197078805,0.0001948606442238398,0.0017128285027340772
914.2857142857143,3.9000000000000004,4.9629709944232067e-05,4.223329413005034e-11,8.00565542133041e-06,-6.886986170591827e-09,0.00017303207351056173,0.001566486656664663,0.0001917918065099938,0.0015991837724478486
914.2857142857143,4.0,4.823367616490222e-05,4.1222454702025584e-11,7.385380923858533e-06,-6.458527905726946e-09,0.00017379506579254174,0.001488096733218337,0.0001852265490678408,0.0015209386448072396
914.2857142857143,4.1,4.691149619481095e-05,4.0704606921130367e-11,6.825798078838382e-06,-6.061850147991194e-09,0.00017646449384362058,0.0014151519480916641,0.00017889855347940354,0.001448379832312354
914.2857142857143,4.2,4.565757420550807e-05,3.98773024695483e-11,6.336307747706239e-06,-5.78469720282683e-09,0.00017764175825493592,0.0013506940220779234,0.00017554660732612925,0.001384761408416761
914.2857142857143,4.3,4.4467015293682254e-05,3.5884158658383454e-11,5.8697013734935785e-06,-5.355675271045022e-09,0.00016414988598756507,0.0012855920349761959,0.0001670058050597089,0.0013173738813682507
914.2857142857143,4.3999999999999995,4.333515339559137e-05,3.174758596194065e-11,5.4551761441566e-06,-4.651439950636958e-09,0.0001490338351755081,0.0012267916135427369,0.00014894409017380633,0.0012536336909485634
914.2857142857143,4.5,4.2257843258942056e-05,2.655980708673786e-11,5.074794253591673e-06,-4.1636622974009795e-09,0.00012786884276052662,0.001171057180129412,0.00013681940822551377,0.0011938025217831992
914.2857142857143,4.6,4.123128106482866e-05,2.1859303229795515e-11,4.742067551012759e-06,-4.188932851237428e-09,0.00010786702813269888,0.00112217453265538,0.0001411696237243077,0.0011448880743650997
914.2857142857143,4.7,4.0252139546225385e-05,9.929094752585123e-12,4.426052157269335e-06,-3.803767943896583e-09,5.019348143029714e-05,0.001073469473410292,0.00013139064756588427,0.0010905884193670075
914.2857142857143,4.8,3.9317258549194806e-05,1.1777533254131248e-11,3.824973470989672e-06,-3.3073256747045934e-09,6.095607051560437e-05,0.0009502534558683743,0.00011703416653950885,0.0009664839704815009
914.2857142857143,4.9,3.8420627286874125e-05,3.8666915080475307e-11,4.058278417158123e-06,-3.6837512486915986e-09,0.00020479264693708488,0.0010321875346624937,0.00013345995058761394,0.001069099738927024
914.2857142857143,5.0,3.7564578808725024e-05,nan,nan,nan,nan,nan,nan,nan
928.5714285714286,0.1,0.003138430866903467,nan,nan,nan,nan,nan,nan,nan
928.5714285714286,0.2,0.0015946095212241657,7.158604339622789e-10,0.09576918390863043,1.4932352450825745e-06,9.083938013488173e-05,0.30514989168176615,0.0006786048947769793,0.30515141430836107
928.5714285714286,0.30000000000000004,0.0010084800146311689,7.901358317874992e-10,0.029456663398880673,-2.4086813917945896e-06,0.0001583574558867096,0.1847264989128316,0.002139553744483133,0.18475134602521107
928.5714285714286,0.4,0.0007169171420269789,6.620290898373907e-10,0.012329456652116906,-1.7081036188726673e-06,0.0001866939255032571,0.12225781843209017,0.00239634317057289,0.12230492199244498
928.5714285714286,0.5,0.000548648835943958,3.9315781180923433e-10,0.006063188648141377,-1.061251859271981e-06,0.00014495437189903545,0.08457307396777534,0.002094930495012644,0.0846250750055006
928.5714285714286,0.6,0.00044101241634235096,3.2806426372266225e-10,0.003352409544046558,-6.770804348856069e-07,0.00015054973224245036,0.06110301023930345,0.0017474417740455195,0.06115314898706083
928.5714285714286,0.7000000000000001,0.00036690009218120947,2.926414525008769e-10,0.0020258805880013593,-4.541590991419456e-07,0.00016148511079317862,0.04593704197272987,0.0014589053680155073,0.045983635267244825
928.5714285714286,0.8,0.0003130465739000816,1.663905863816795e-10,0.0013080021133979876,-3.2319996775194733e-07,0.00010765177228933138,0.03565008952769558,0.0012484351587351771,0.03569394420525587
928.5714285714286,0.9,0.00027227307675293356,1.3366121440562057e-10,0.0008913532711764334,-2.3926201102164326e-07,9.945683637961229e-05,0.02847350348133618,0.001083588084017823,0.02851488415609674
928.5714285714286,1.0,0.00024041311231754985,1.2420756409117885e-10,0.0006332890228639834,-1.8265319249283865e-07,0.00010469613117123302,0.023259333255290737,0.0009513811566451797,0.023298450527255987
928.5714285714286,1.1,0.000214886038110806,1.1483101418579669e-10,0.00046498390994772804,-1.4292976990495786e-07,0.00010831594701266109,0.019341037827152862,0.0008433412114161625,0.01937807847474772
928.5714285714286,1.2000000000000002,0.00019400880300353944,5.1933308285308796e-11,0.00035024659419192783,-1.1348971604240495e-07,5.426994232480041e-05,0.016299178730789537,0.0007493552425313423,0.016333684185874307
928.5714285714286,1.3000000000000003,0.00017663403383819215,4.780696304989765e-11,0.000270674427165182,-9.41186781483784e-08,5.488167492703779e-05,0.013951656985391738,0.0006884735023458378,0.013985697557259615
928.5714285714286,1.4000000000000001,0.0001619660089444967,3.3979501057370176e-11,0.0002132290862267118,-7.872050349272194e-08,4.254841573286148e-05,0.012071800750587119,0.000632589682551001,0.01210497927063475
928.5714285714286,1.5000000000000002,0.00014943027491306834,4.347009132985149e-11,0.0001709914324834723,-6.541581056672822e-08,5.900739512293909e-05,0.010557241831035579,0.0005733861039210555,0.010588502264248055
928.5714285714286,1.6,0.00013860445520647472,2.8142080180286045e-11,0.00013849869018667864,-5.5037757443805776e-08,4.119051128373055e-05,0.009268449132362959,0.0005229674520043753,0.009298001714838054
928.5714285714286,1.7000000000000002,0.00012916362240174788,5.6040754154682384e-11,0.00011438058300881218,-4.9130837807699334e-08,8.802885156069031e-05,0.008252302051793576,0.0005033768013213105,0.008283418053011722
928.5714285714286,1.8000000000000003,0.00012086659542710915,6.41017678057623e-11,9.526890536982415e-05,-4.241136453348231e-08,0.0001076197181030368,0.007375831027214591,0.00046633858493223227,0.007406038664315709
928.5714285714286,1.9000000000000001,0.00011352225750616867,5.638066818887292e-11,7.970325550067852e-05,-3.5735763919878387e-08,0.00010079103902825925,0.006594316255788397,0.0004199745310668,0.006621776417880103
928.5714285714286,2.0,0.00010697495214023496,5.577813905289571e-11,6.800790648267073e-05,-3.23005831885888e-08,0.0001058290892901209,0.0059907112469971165,0.00040420353496402404,0.006018852219185362
928.5714285714286,2.1,0.00010110772583912797,6.95076757395775e-11,5.7954155141091564e-05,-2.960991341832998e-08,0.0001395442509635271,0.0054175443860090405,0.0003932567771102361,0.005447803369968606
928.5714285714286,2.2,9.582004108943189e-05,4.8648307510316245e-11,5.030685820106404e-05,-2.7051956200971708e-08,0.00010307248755460565,0.004975570143977628,0.00038016829760131204,0.005005594676393046
928.5714285714286,2.3000000000000003,9.103542492174646e-05,3.006802327361811e-11,4.3270266839342645e-05,-2.236065095352094e-08,6.706340340598187e-05,0.004515784625781691,0.0003316328202459352,0.004540569230994196
928.5714285714286,2.4000000000000004,8.668351142245444e-05,8.183947460738333e-12,3.7589847462667074e-05,-1.9341306934097954e-08,1.9171575872867472e-05,0.004129145054793681,0.0003019705353630227,0.004151214140622406
928.5714285714286,2.5000000000000004,8.27074963977891e-05,2.1864719830340345e-11,3.328449012214378e-05,-1.9290713192151434e-08,5.3685995849586156e-05,0.0038397717831169667,0.00031633067216707686,0.003866116878843546
928.5714285714286,2.6,7.90643262743452e-05,2.301013160462947e-11,2.9605463587079076e-05,-1.8359500821019123e-08,5.910907367999307e-05,0.003579538116434931,0.00031555568274741305,0.0036077330537929507
928.5714285714286,2.7,7.571721078677209e-05,1.770763927738024e-11,2.555040060969927e-05,-1.482836184352111e-08,4.75042642878675e-05,0.0032315965763171084,0.0002666405927075015,0.0032538696191686603
928.5714285714286,2.8000000000000003,7.262559930529597e-05,2.474382998924059e-11,2.320495388286671e-05,-1.2993593618663036e-08,6.92084637504558e-05,0.003064686831665576,0.00024400529452224429,0.003084829388337199
928.5714285714286,2.9000000000000004,6.976603736264852e-05,4.176185724814651e-11,2.0744402096545567e-05,-1.3544938811372822e-08,0.00012160283878774275,0.0028563484907494397,0.00026519624690101026,0.002883430604288684
928.5714285714286,3.0000000000000004,6.711391944096652e-05,4.073649191812562e-11,1.8626646646387198e-05,-1.3069995753971084e-08,0.00012331790459679868,0.002669873100225637,0.00026640194760208316,0.002699142395701821
928.5714285714286,3.1,6.46480679857484e-05,3.9835962210716426e-11,1.6784606655964007e-05,-1.1237142726581061e-08,0.00012520483858430534,0.0025009128949364623,0.00023812031439466842,0.002526587447115027
928.5714285714286,3.2,6.235006259708992e-05,6.211107369027141e-11,1.5285543586692555e-05,-1.0566123394195657e-08,0.00020241663542929435,0.002364423881942186,0.00023246604084119847,0.002395736569008754
928.5714285714286,3.3000000000000003,6.020491264429836e-05,4.3776417490890175e-11,1.3424112357664021e-05,-1.0308989087699793e-08,0.00014776904698121654,0.002153023076241558,0.0002351750715743053,0.0021835655901882955
928.5714285714286,3.4000000000000004,5.8194003815083434e-05,4.286563299411779e-11,1.2637918246993327e-05,-8.98439393250555e-09,0.0001497076001621245,0.002099150665936593,0.00021229026577392087,0.0021257893116988493
928.5714285714286,3.5000000000000004,5.630947416833844e-05,4.2882309056941304e-11,1.1227734039535445e-05,-8.030720632356746e-09,0.0001547902093600382,0.0019293627012179054,0.0001963302255504537,0.001955375042464734
928.5714285714286,3.6,5.4537221861988806e-05,4.371836308788776e-11,1.0651737145779776e-05,-7.543845524238063e-09,0.0001629465461681629,0.001891642090980315,0.0001906145955359433,0.001917688511030708
928.5714285714286,3.7,5.2871486927096967e-05,1.3214119029515779e-11,9.232925174714177e-06,-7.31845769149781e-09,5.0810160596618126e-05,0.0016929584712031904,0.00019094085961019185,0.0017151113320644396
928.5714285714286,3.8000000000000003,5.129808124395227e-05,-1.59373995561364e-13,8.712778587954192e-06,-6.960684968923572e-09,6.316779367250999e-07,0.0016479163145095585,0.00018735374203943662,0.001669081012999711
928.5714285714286,3.9000000000000004,4.9811803346687114e-05,3.672662719528024e-12,8.060057718504915e-06,-6.282230870542059e-09,1.499206534846306e-05,0.0015712201164356705,0.000174297107520578,0.001590508214281088
928.5714285714286,4.0,4.840612602660701e-05,1.8282985457394662e-11,7.453196537488713e-06,-6.128910763689186e-09,7.680206527618825e-05,0.001496271172038266,0.0001751304881248519,0.0015185741184562417
928.5714285714286,4.1,4.707498067190179e-05,1.4430629905505279e-11,6.873191773300485e-06,-5.892944221385155e-09,6.233993651727794e-05,0.0014199012268659042,0.0001732830786690226,0.0014422412462713398
928.5714285714286,4.2,4.5812567234929574e-05,2.435750363484105e-11,6.332638404614877e-06,-5.040443029833916e-09,0.00010812802734994157,0.001345223792815005,0.00015242205668738638,0.0013666688295939887
928.5714285714286,4.3,4.461348018200351e-05,4.009019501205378e-11,5.962180368064838e-06,-4.967781837267877e-09,0.0001827566406441104,0.0013014290025464897,0.00015437112148069472,0.001332208063578316
928.5714285714286,4.3999999999999995,4.347401493275809e-05,4.3348236288208745e-11,5.551717087415828e-06,-5.255785774441667e-09,0.00020280214113596216,0.001244403499742062,0.00016771453126014608,0.001282936127253124
928.5714285714286,4.5,4.239006685438683e-05,3.249286351716752e-11,5.111863954517219e-06,-5.206764158810149e-09,0.0001559220497354741,0.001175843538358216,0.00017051675157975016,0.0012104014364792788
928.5714285714286,4.6,4.1357237415560746e-05,2.4029666900897095e-11,4.628977389786926e-06,-4.813367238548109e-09,0.00011820290434271804,0.0010919957747855939,0.00016168382940371794,0.0011219224661829107
928.5714285714286,4.7,4.037069775063253e-05,3.1639413006621184e-11,4.716015377311823e-06,-4.3746750338191975e-09,0.0001594495463277145,0.0011403119918105104,0.00015063442522109707,0.001170947076777746
928.5714285714286,4.8,3.943131823947743e-05,1.8126038358728144e-11,4.072969167691369e-06,-3.5135870043584712e-09,9.353420537321567e-05,0.001008892437988034,0.00012394916985263585,0.0010282700970166124
928.5714285714286,4.9,3.8532668419999244e-05,-2.8737245515775907e-12,3.6528775766009446e-06,-3.187916540285585e-09,1.5176289473210984e-05,0.000926389920422137,0.00011515228211668975,0.0009407171203795918
928.5714285714286,5.0,3.767054737628707e-05,nan,nan,nan,nan,nan,nan,nan
942.8571428571429,0.1,0.003143498114557345,nan,nan,nan,nan,nan,nan,nan
942.8571428571429,0.2,0.0016082668760819898,4.855419914495115e-10,0.09452442385504974,1.8440912921347568e-06,6.109049176115442e-05,0.3006982043899215,0.0008369343233683383,0.30070054002860463
942.8571428571429,0.30000000000000004,0.0010182798761571323,1.0027332522102007e-09,0.02953941808245309,-2.4020690954044727e-06,0.00019901054978512805,0.18367236508915805,0.002115584427437781,0.18369683910612922
942.8571428571429,0.4,0.0007236870570568058,7.245176344976732e-10,0.012443365549829794,-1.739567551544206e-06,0.00020238128067372665,0.12219985724150403,0.002416740502428528,0.12224781117606519
942.8571428571429,0.5,0.0005535278934547772,5.187211573859164e-10,0.006134737530659949,-1.0862915030726776e-06,0.00018954168702257804,0.08477058516991556,0.002124055213790376,0.0848240016575703
942.8571428571429,0.6,0.00044471610515934825,3.573724341928931e-10,0.0033930060528506835,-6.911806089578352e-07,0.00016261835571475144,0.061297833279433285,0.0017679108660915122,0.061349016513255555
942.8571428571429,0.7000000000000001,0.00036983437739242605,2.2443264267241285e-10,0.0020483518351440775,-4.66269264093581e-07,0.00012285623122120155,0.046059762877490654,0.0014851945380994157,0.046107791701796096
942.8571428571429,0.8,0.00031543616797694463,1.799614928880849e-10,0.001322975245012062,-3.309106939550117e-07,0.00011554315644994955,0.03577210032068684,0.0012680022020064067,0.03581720495436337
942.8571428571429,0.9,0.00027426771101158383,1.67512547081866e-10,0.0009015542212384114,-2.4260304630106214e-07,0.00012373023255923102,0.028581193685573388,0.001090332431616416,0.0286230255438795
942.8571428571429,1.0,0.00024211479625860715,1.2859552735472365e-10,0.0006395003150558557,-1.851857968858035e-07,0.00010762668954821784,0.023316646086306757,0.0009574899003179934,0.023356179953853952
942.8571428571429,1.1,0.000216356884656189,1.1542982429867417e-10,0.0004695768195607041,-1.4670553903499388e-07,0.0001081338888680903,0.01939480059942891,0.0008594857286768836,0.019433152463384014
942.8571428571429,1.2000000000000002,0.0001952947412493779,9.514824751958489e-11,0.0003541187020567217,-1.1771913984552983e-07,9.876907460531179e-05,0.01636734151628449,0.0007719495307327559,0.016404006699486114
942.8571428571429,1.3000000000000003,0.000177773784863134,6.403000894707641e-11,0.00027283761833039535,-9.52468919917511e-08,7.303189424220244e-05,0.01397055632860081,0.0006921003106635958,0.014004991376942224
942.8571428571429,1.4000000000000001,0.00016298120466019407,8.151206713308776e-11,0.00021560432185605227,-7.832560700859826e-08,0.00010142557078821396,0.012128015501388105,0.0006253610266657027,0.012160641429450366
942.8571428571429,1.5000000000000002,0.00015034466767581466,7.942398222258604e-11,0.0001724022259640378,-6.60381815379434e-08,0.00010714888181343894,0.01057804342061933,0.0005751997641963761,0.010609815881005895
942.8571428571429,1.6,0.00013943215295107562,6.992310081614681e-11,0.00014024089233002888,-5.6857359218854966e-08,0.00010172953144785308,0.009327959181926403,0.0005369337579000183,0.009359367880257671
942.8571428571429,1.7000000000000002,0.00012992204714963688,1.5904469696377802e-11,0.00011456473570843636,-4.900114430886613e-08,2.483714267586576e-05,0.008216522034816117,0.0004990345643909044,0.008246812852562421
942.8571428571429,1.8000000000000003,0.0001215575887052825,3.7594831158066576e-11,9.664113509965363e-05,-4.2288416374744245e-08,6.275682630582289e-05,0.007438393807661285,0.00046227659001582734,0.007467331527959305
942.8571428571429,1.9000000000000001,0.00011415954161192466,1.9007104106919643e-11,8.014993673405094e-05,-3.70811645513445e-08,3.3788998487925915e-05,0.00659357738070761,0.0004332955600272551,0.006622076294975504
942.8571428571429,2.0,0.00010756299388590734,8.247242229882123e-12,6.876158950215219e-05,-3.2622401133221274e-08,1.5562351818182064e-05,0.0060232888579652135,0.0004059507326595562,0.0060506068165082135
942.8571428571429,2.1,0.00010165406205491154,-3.130805893494254e-12,5.776253247338524e-05,-2.834789816183831e-08,6.2518736095701825e-06,0.005370112004752702,0.00037444271253662595,0.005396161294796171
942.8571428571429,2.2,9.63227555486496e-05,5.0713500954228384e-11,5.089963373777701e-05,-2.6633076055545054e-08,0.00010687877795786546,0.005007142135675998,0.00037228318106700395,0.005035879761655405
942.8571428571429,2.3000000000000003,9.150044537976542e-05,4.803749064441151e-11,4.400740803063991e-05,-2.4597037437297597e-08,0.0001065891905774527,0.0045687447145771444,0.00036286804839966993,0.004598710250018294
942.8571428571429,2.4000000000000004,8.711820929118764e-05,2.8559039458059734e-11,3.8044570446371275e-05,-2.0686644287975192e-08,6.656532171199416e-05,0.004157856312990639,0.00032130755553378104,0.0041831420191068
942.8571428571429,2.5000000000000004,8.311641890707358e-05,1.8571348179126608e-11,3.307921726457908e-05,-1.8761880756761957e-08,4.537424236879134e-05,0.003797049725162933,0.0003061109394911515,0.0038219174836438786
942.8571428571429,2.6,7.94454206956053e-05,2.854016350507401e-11,2.9883090339489217e-05,-1.7633927064684764e-08,7.295944463815097e-05,0.003595329386471683,0.00030158728972198823,0.003621274121691489
942.8571428571429,2.7,7.607325338753192e-05,4.304449390944877e-11,2.6341780697161734e-05,-1.4962586288582736e-08,0.00011492426977806153,0.003315707874226021,0.0002677501795110354,0.003339237429750218
942.8571428571429,2.8000000000000003,7.296450388643015e-05,2.304818065873736e-11,2.3165553692161195e-05,-1.438364388717533e-08,6.416357206284266e-05,0.003045164057089996,0.00026881971054674465,0.0030694737614336332
942.8571428571429,2.9000000000000004,7.008740992225e-05,-1.993113157966174e-11,2.0544014313396438e-05,-1.3515094899327953e-08,5.7774225475494666e-05,0.0028156176248896815,0.00026337164952163524,0.0028407340111777798
942.8571428571429,3.0000000000000004,6.741575610120381e-05,7.891148267108666e-12,1.87798900279132e-05,-1.1759184070949983e-08,2.378111888153711e-05,0.0026794955112118255,0.00023860382660426355,0.0027007638379465864
942.8571428571429,3.1,6.493190118043676e-05,1.869749058235924e-11,1.7392795535422662e-05,-1.1253076109809184e-08,5.850721744437444e-05,0.0025799303517879094,0.0002373894295029987,0.0026023395622111053
942.8571428571429,3.2,6.262197421502393e-05,-1.3929568235424532e-11,1.4691175266568452e-05,-1.0817844752026244e-08,4.52014927586415e-05,0.002262551226668031,0.00023695446973424612,0.0022876791885442977
942.8571428571429,3.3000000000000003,6.0458959002276783e-05,7.708837282995457e-12,1.3855356847231565e-05,-9.907316023683435e-09,2.5911933098200367e-05,0.0022125391319757315,0.00022504490171795774,0.0022354622015098575
942.8571428571429,3.4000000000000004,5.843449735800196e-05,1.6562718253220317e-11,1.277238800852283e-05,-8.773040525057197e-09,5.760464242528948e-05,0.0021125716054822986,0.00020642348718161654,0.0021334241011199437
942.8571428571429,3.5000000000000004,5.653775959381237e-05,1.4520841125498252e-11,1.138356724669865e-05,-8.328989829464395e-09,5.220166856835596e-05,0.0019480902140659548,0.00020277585568287892,0.0019697757719183942
942.8571428571429,3.6,5.475485750208976e-05,7.35845064043617e-12,1.0323573151944404e-05,-7.922145746537459e-09,2.7317000049486924e-05,0.001825960778444826,0.00019935791330940458,0.0018478003512578675
942.8571428571429,3.7,5.3075191141886596e-05,3.35966249285407e-11,9.480490314066931e-06,-7.790921241693473e-09,0.00012867331010738863,0.0017314427881955684,0.00020245731668398073,0.0017596672639127522
942.8571428571429,3.8000000000000003,5.14903296848241e-05,3.800720831840671e-11,8.917804438453887e-06,-7.276728427510604e-09,0.00015005848136599877,0.001680220880338199,0.00019508641563201662,0.0017093206760823549
942.8571428571429,3.9000000000000004,4.9994646272146146e-05,3.4288864398091554e-11,8.334425036552426e-06,-6.53463418311455e-09,0.00013944005123805078,0.0016186388954135707,0.0001805983989957867,0.0016445871716253343
942.8571428571429,4.0,4.8582307109833715e-05,1.249755611342094e-11,7.14422279826673e-06,-5.9689486818690204e-09,5.230654889700768e-05,0.0014289975689351043,0.00016991445101879958,0.0014500040925493945
942.8571428571429,4.1,4.724141017550395e-05,2.800983550307893e-11,7.201794228603918e-06,-5.461611607451509e-09,0.00012056241812320128,0.001482390330356744,0.0001600109944746632,0.0015044013510045887
942.8571428571429,4.2,4.597253118346023e-05,1.8500351126116638e-11,6.447455135969982e-06,-4.930283480091245e-09,8.183543671940271e-05,0.0013647888816225846,0.00014854954390186757,0.0013832858215461425
942.8571428571429,4.3,4.47681267427762e-05,5.434737789325207e-12,5.800074666696143e-06,-4.543746519099524e-09,2.4689098559622856e-05,0.0012616391826567224,0.00014069334940648733,0.0012774710235214108
942.8571428571429,4.3999999999999995,4.362172304875914e-05,1.1382607381462868e-11,5.3602291725690125e-06,-4.793618824824122e-09,5.307032225660801e-05,0.0011973315755129158,0.00015243622148443836,0.0012177409264969158
942.8571428571429,4.5,4.2528921646467766e-05,2.5972743873502758e-11,5.1977535769687e-06,-5.168825385506827e-09,0.0001242132123345056,0.001191551643010249,0.0001686940907235358,0.0012215316748119805
942.8571428571429,4.6,4.148809777994608e-05,3.176346242126755e-11,4.84390646778547e-06,-4.745355262443445e-09,0.00015573022637923174,0.0011389676202118754,0.0001588607952171443,0.0011713123613337633
942.8571428571429,4.7,4.049571297810225e-05,2.873052971497971e-11,4.574894500341717e-06,-4.59175429529851e-09,0.0001443235374501257,0.0011027004719780294,0.00015758749738318926,0.0011342156995147264
942.8571428571429,4.8,3.9549077121261834e-05,3.1588871642015746e-11,4.168181430466276e-06,-4.555911647400597e-09,0.0001624949602795186,0.0010292895528769155,0.00016020160583540575,0.0010663820632410732
942.8571428571429,4.9,3.864412307872608e-05,3.405857726799894e-11,3.901167865723168e-06,-3.659427530332705e-09,0.0001793157033220897,0.0009864118582999441,0.00013177012985718397,0.001019749581955199
942.8571428571429,5.0,3.777818071484756e-05,nan,nan,nan,nan,nan,nan,nan
957.1428571428572,0.1,0.0031476975648681367,nan,nan,nan,nan,nan,nan,nan
957.1428571428572,0.2,0.0016220233211421506,7.337250030590914e-10,0.09319352997061578,2.18478629358805e-06,9.153193703859781e-05,0.2960688822546389,0.0009904424117617742,0.2960722097224742
957.1428571428572,0.30000000000000004,0.0010282843771223223,1.0727192980122653e-09,0.02960593997258728,-2.391973926395498e-06,0.0002108046811337325,0.18252474910003272,0.002088785364287462,0.18254877299297195
957.1428571428572,0.4,0.0007306048328283669,7.774140922616898e-10,0.012558752389187596,-1.7760455104159302e-06,0.0002150738331355284,0.12213306618868953,0.0024431283723261848,0.12218211761911744
957.1428571428572,0.5,0.0005585128124262874,5.353485444288006e-10,0.006207193510197286,-1.1126126818930174e-06,0.0001938492738025785,0.08495965577133646,0.002154652374716243,0.08501450311586065
957.1428571428572,0.6,0.0004484927271261808,4.075662855966929e-10,0.003434182335770559,-7.111963570771753e-07,0.00018387604405657745,0.06148797770371299,0.001802665369124764,0.061541079104594575
957.1428571428572,0.7000000000000001,0.00037281446518377985,2.691961118007807e-10,0.0020726285647712068,-4.794137478058815e-07,0.00014617016471208955,0.046213203457100546,0.001514033289055717,0.04626301041961234
957.1428571428572,0.8,0.00031786248888909097,2.1693168295708813e-10,0.0013386018909930365,-3.370674879248234e-07,0.00013820543234131292,0.035905309906179995,0.0012811643871686556,0.035951260681292584
957.1428571428572,0.9,0.00027629653150433245,1.537259762365993e-10,0.0009112150065264985,-2.4822012656237235e-07,0.000112706629421397,0.02866695625869969,0.0011069733386942792,0.02870989139421598
957.1428571428572,1.0,0.0002438427241848389,1.1101940117376335e-10,0.000646237144322643,-1.8917413755257355e-07,9.225422601213948e-05,0.02338926011137819,0.0009708720645302293,0.02342970730784519
957.1428571428572,1.1,0.00021785128830857173,9.413516035009711e-11,0.0004740245072609651,-1.4831313202727032e-07,8.757671319554252e-05,0.019439764251552683,0.0008627104038183125,0.019478209422797377
957.1428571428572,1.2000000000000002,0.00019660009750491423,9.945407722516162e-11,0.0003577696535583845,-1.187231653770813e-07,0.00010254729564860913,0.016422654937510762,0.000773161610991979,0.016459333792648318
957.1428571428572,1.3000000000000003,0.00017892660323684057,1.1742226081825392e-10,0.0002759926522865989,-9.648466510459227e-08,0.00013305539289409013,0.014038276470320684,0.0006963987025837206,0.014073409405707563
957.1428571428572,1.4000000000000001,0.0001640130354916329,7.843261045210576e-11,0.0002175801668099537,-7.995728839231043e-08,9.697425504598484e-05,0.012160302765148257,0.0006342173829182283,0.012193720954811346
957.1428571428572,1.5000000000000002,0.00015127526941452476,5.6341208798802975e-11,0.00017366173788346175,-6.774659904826247e-08,7.553806721084554e-05,0.01058828875173895,0.0005863343264637613,0.010620976441673285
957.1428571428572,1.6,0.00014027412071625125,4.21858864801126e-11,0.00014107456896902544,-5.852882546703253e-08,6.100537127223474e-05,0.009325686182217444,0.0005492974169904818,0.009358183569964327
957.1428571428572,1.7000000000000002,0.000130683717707668,7.305966637603939e-11,0.00011629396988931614,-4.917241537785401e-08,0.00011341930739842217,0.008290479334000423,0.0004977605532895198,0.00832108422404202
957.1428571428572,1.8000000000000003,0.0001222562543979779,6.971856620646589e-11,9.719136302310142e-05,-4.293199662334053e-08,0.0001157060856833271,0.0074371440243621596,0.00046653951415980417,0.007467249652577237
957.1428571428572,1.9000000000000001,0.00011480070471851881,5.1936785004801605e-11,8.07563703179154e-05,-3.778475815257642e-08,9.180699328855681e-05,0.006605500120675308,0.0004389574673645881,0.0066352413433550745
957.1428571428572,2.0,0.00010815271874223888,7.936553430015638e-11,6.950265647578999e-05,-3.2972732842803514e-08,0.00014892653788328247,0.006054201204269989,0.0004079939148654169,0.006083457027431402
957.1428571428572,2.1,0.00010219975933071685,6.426540713691273e-11,5.890197827447686e-05,-2.8635407369701514e-08,0.00012763304274177086,0.005446185630789214,0.00037613310143205016,0.005473589346909414
957.1428571428572,2.2,9.683581970193959e-05,2.884901775564037e-11,5.033893341413204e-05,-2.5313699486665914e-08,6.047525518005709e-05,0.004925543244308044,0.00035191641082357104,0.004950992206462418
957.1428571428572,2.3000000000000003,9.197526940730365e-05,5.00396545276229e-11,4.4401642265273196e-05,-2.4707975649773824e-08,0.00011044928227419127,0.004585249797228065,0.0003625616655448863,0.004615150774306324
957.1428571428572,2.4000000000000004,8.755873553532044e-05,4.78972093024747e-11,3.86929824077779e-05,-2.233310359153082e-08,0.00011106746577694262,0.004206889814742455,0.0003450608722517584,0.004236554249204914
957.1428571428572,2.5000000000000004,8.352913148741501e-05,3.3404936493350145e-11,3.328122005201195e-05,-1.9115311739617185e-08,8.120837026346968e-05,0.003801016523198487,0.0003102816394445095,0.0038271230448708475
957.1428571428572,2.6,7.98323396400297e-05,3.802001773551405e-11,3.025327862411216e-05,-1.7196780896709773e-08,9.671538975856754e-05,0.0036218835375620186,0.00029264111472699294,0.003646734411817815
957.1428571428572,2.7,7.643808057888551e-05,2.117188346632774e-11,2.6429066016153055e-05,-1.597344503730433e-08,5.625502475482031e-05,0.003310571396920571,0.0002844329482752517,0.003335393800744957
957.1428571428572,2.8000000000000003,7.330811217790285e-05,1.520795561764606e-11,2.2657112705788584e-05,-1.4185734297621561e-08,4.213796514030056e-05,0.0029641132448905527,0.0002638467119578827,0.002987804061759027
957.1428571428572,2.9000000000000004,7.040471490397808e-05,8.968897746294374e-11,2.178855698096505e-05,-1.3397438536880122e-08,0.00025874737319647864,0.0029721890707114325,0.0002598498894663589,0.003005977712043774
957.1428571428572,3.0000000000000004,6.771920319986296e-05,3.365936615781403e-11,1.8585869378183697e-05,-1.2124697158170589e-08,0.00010097467164686101,0.0026398614643255293,0.00024485321836152614,0.002664389354473012
957.1428571428572,3.1,6.521955018952968e-05,4.082598885874578e-11,1.711458847339082e-05,-1.1834169552783746e-08,0.00012717342482900987,0.002527287337223935,0.00024850912683325977,0.0025547735588724975
957.1428571428572,3.2,6.28910430639303e-05,3.9209466257059444e-11,1.5204265402285918e-05,-1.0833448340570101e-08,0.0001266767582908272,0.0023312435240816502,0.00023622421322400417,0.0023584628738842392
957.1428571428572,3.3000000000000003,6.071457859235378e-05,5.1377741678815155e-11,1.4025692672552263e-05,-8.518334944934519e-09,0.00017194384865943095,0.002230157426121046,0.00019264545323053142,0.0022533067642190796
957.1428571428572,3.4000000000000004,5.867837104750278e-05,4.760864997335106e-11,1.2684495359890152e-05,-9.2889933139244e-09,0.0001648689587967173,0.0020892009224103554,0.00021760973640819287,0.0021181714431401156
957.1428571428572,3.5000000000000004,5.676900845625068e-05,3.011905974803064e-11,1.1434900181263078e-05,-9.523556625616823e-09,0.00010782555027120075,0.0019487419260507445,0.00023086082173095376,0.001978841803090847
957.1428571428572,3.6,5.497399486681121e-05,2.3365047293867192e-11,1.0677053337153248e-05,-8.114415950969084e-09,8.63869267885054e-05,0.001880789118482063,0.00020334597449374285,0.0019046074608711683
957.1428571428572,3.7,5.3285751810743274e-05,5.659710220902693e-12,9.282594414680124e-06,-6.470074673348858e-09,2.159060897114807e-05,0.0016885428168663427,0.00016745136530865084,0.00170520465583288
957.1428571428572,3.8000000000000003,5.169033469882214e-05,2.9699993529545913e-11,8.956933813235598e-06,-6.3791237974736326e-09,0.00011679467284776003,0.0016809247329470421,0.00017034514750736122,0.0017021115979856637
957.1428571428572,3.9000000000000004,5.018448692503336e-05,3.010040039238706e-11,8.239956347164111e-06,-7.148719498604803e-09,0.0001219309544467961,0.0015941000179578787,0.0001967854464353824,0.001622797291334676
957.1428571428572,4.0,4.876103871471622e-05,3.8015256900804595e-11,7.596546766684105e-06,-6.324150330530032e-09,0.00015850066236639134,0.0015137241072190272,0.00017932544852230714,0.0015429835921752632
957.1428571428572,4.1,4.7413555972065927e-05,2.643378312489135e-11,7.019748443772243e-06,-5.671686719060627e-09,0.00011335417805706586,0.0014396224175703756,0.00016553255784540648,0.001462929912971859
957.1428571428572,4.2,4.613627071385335e-05,2.613035876305358e-11,6.489697806920412e-06,-5.741873362206076e-09,0.00011516438354789217,0.001368743110249708,0.00017235737037103147,0.0013950393053016263
957.1428571428572,4.3,4.492388243370998e-05,2.6284364139429804e-11,6.025999229183144e-06,-5.1117993989136905e-09,0.00011897872186937229,0.0013061305424007137,0.00015770470752209088,0.0013303662952731884
957.1428571428572,4.3999999999999995,4.3771754145858444e-05,1.7342621872910662e-11,5.345114051597752e-06,-4.1666632651353145e-09,8.057562743774261e-05,0.0011898156975824704,0.00013202563584238715,0.0012070689139356623
957.1428571428572,4.5,4.267307699852288e-05,2.3301113726538862e-11,5.10406324137375e-06,-4.170074841715159e-09,0.00011104877633173662,0.0011660632161018117,0.0001356222141652484,0.0011869380879475752
957.1428571428572,4.6,4.162544048360106e-05,2.4926782059272688e-11,4.878761030395185e-06,-4.589679675865999e-09,0.00012179453595920881,0.0011432878464714563,0.0001531149207796635,0.001169969814486504
957.1428571428572,4.7,4.062659157898319e-05,2.4902244309230388e-11,4.554003717929241e-06,-4.507973815107489e-09,0.0001246754776693936,0.0010940433698769763,0.00015418460527123125,0.0011225064164222638
957.1428571428572,4.8,3.967328271154461e-05,2.744722628387307e-11,4.255462340158473e-06,-4.2799117347727275e-09,0.0001407296464483726,0.0010474573856104371,0.00014999452390822963,0.0010779464376601692
957.1428571428572,4.9,3.8762528467507614e-05,2.7302194309791507e-11,3.982661042458351e-06,-3.884054769108845e-09,0.00014328560215866724,0.0010038647599230372,0.00013940248612107517,0.0010330253270248422
957.1428571428572,5.0,3.7891600833895204e-05,nan,nan,nan,nan,nan,nan,nan
971.4285714285714,0.1,0.0031512415456872245,nan,nan,nan,nan,nan,nan,nan
971.4285714285714,0.2,0.001635929505998854,6.669174771672348e-10,0.0917890334082745,2.5307969838838934e-06,8.24896570213527e-05,0.2912789517322041,0.0011463393529806821,0.2912834748395102
971.4285714285714,0.30000000000000004,0.001038507800393229,9.987757886940863e-10,0.029659516974952012,-2.3860207567279406e-06,0.00019432260610461458,0.18130070315494876,0.0020658541487476,0.18132434539377743
971.4285714285714,0.4,0.0007376812645371242,7.899171386573033e-10,0.01267522575217637,-1.8098443116504247e-06,0.00021640956953838475,0.12205229221558973,0.0024648731685852866,0.1221022525085263
971.4285714285714,0.5,0.0005636069862027831,5.897801077111703e-10,0.006281981801755037,-1.1412302810192783e-06,0.0002116011479255998,0.08515848380257858,0.0021885992750524308,0.08521497563323809
971.4285714285714,0.6,0.0004523525258859923,3.584721697869925e-10,0.00347514253879323,-7.304259350059901e-07,0.00016033292427590696,0.061658968463227874,0.001834434139279447,0.06171372939483275
971.4285714285714,0.7000000000000001,0.0003758494909571338,3.1750435833211016e-10,0.002098662554499402,-4.906067900111748e-07,0.00017099069851284684,0.0463944033558538,0.0015360270492181805,0.046445545090530435
971.4285714285714,0.8,0.00032033308157326936,2.357015906783846e-10,0.0013540052455887704,-3.456378783755789e-07,0.0001489921038927851,0.03602519833512816,0.0013029932501236203,0.036072603129689414
971.4285714285714,0.9,0.0002783567246452926,1.9300356127513877e-10,0.0009212941414402465,-2.543571500195143e-07,0.00014044427246797544,0.028760505687250422,0.0011254928220363072,0.028804858620811585
971.4285714285714,1.0,0.00024559330913171833,1.6977721566160137e-10,0.0006535009600024717,-1.9325922894709631e-07,0.00014006231506888698,0.023477103376439785,0.0009844122118530655,0.023518761345058835
971.4285714285714,1.1,0.00021936490321816876,1.3821181811500296e-10,0.0004789253206285471,-1.5097858965387061e-07,0.0001276850831101558,0.019500747895851128,0.0008718771536714239,0.019540107766339968
971.4285714285714,1.2000000000000002,0.00019792575051090467,1.0670972606539541e-10,0.00036167875336041527,-1.206747161585757e-07,0.00010928462628432788,0.01648753962253974,0.0007803857123438519,0.016524796811290023
971.4285714285714,1.3000000000000003,0.00018010338533724473,6.028129576500297e-11,0.00027798528146812405,-9.788936382501674e-08,6.785888722024637e-05,0.014044927491777204,0.0007017600040871728,0.014080111053700065
971.4285714285714,1.4000000000000001,0.00016506087297826603,8.839962866656603e-11,0.00021990087398248462,-8.213682422852074e-08,0.00010859623999922054,0.012209702420124913,0.0006472321795431271,0.012244445488457958
971.4285714285714,1.5000000000000002,0.00015221736935911218,6.033534437056536e-11,0.00017508321060563287,-6.92639866673508e-08,8.038905974494763e-05,0.010607190392642993,0.0005956208236418427,0.010640887122689352
971.4285714285714,1.6,0.00014112469784601466,8.215949930408651e-11,0.00014282720687770807,-5.7982211331567924e-08,0.00011808580603336958,0.00938310834558895,0.000540776695592389,0.009414963906018927
971.4285714285714,1.7000000000000002,0.00013146029840169421,5.892208258633779e-11,0.00011732494121171632,-4.935519881748377e-08,9.092638539053974e-05,0.008313565449736732,0.0004965590027405303,0.008343667046390444
971.4285714285714,1.8000000000000003,0.00012296914836949094,4.950888326809997e-11,9.744688317038138e-05,-4.389006731632128e-08,8.168549127021261e-05,0.007412647343353781,0.0004741067355929014,0.007443357276785996
971.4285714285714,1.9000000000000001,0.00011545246716899149,5.321898455418087e-11,8.228546778947411e-05,-3.8233010901171083e-08,9.353665571286727e-05,0.0066915538474924844,0.00044156875502576623,0.006721280230036792
971.4285714285714,2.0,0.00010875864064638678,2.7310838213759076e-11,6.937578719517068e-05,-3.3385191462175126e-08,5.0961264618475456e-05,0.0060090346179976495,0.00041074015787890823,0.0060372600611017626
971.4285714285714,2.1,0.00010275857199573377,2.9341521079664535e-11,5.9626806479282175e-05,-3.031957976483656e-08,5.795460764067045e-05,0.005482489126831794,0.00039602844877784413,0.005511326775546738
971.4285714285714,2.2,9.735477140987359e-05,3.067052769449394e-11,5.093347852218614e-05,-2.5611038570291702e-08,6.394863599440729e-05,0.004956616030466125,0.000354103790770418,0.004982259616960488
971.4285714285714,2.3000000000000003,9.246030560923527e-05,3.5241779347432264e-11,4.4319691153026264e-05,-2.3631994956375985e-08,7.737497361792384e-05,0.004552390243559385,0.0003449121256856566,0.004579101720325401
971.4285714285714,2.4000000000000004,8.800903672012721e-05,4.174979556279917e-11,3.908935707155235e-05,-2.2413311220263318e-08,9.63103053229946e-05,0.0042276906629268125,0.0003444663060519344,0.004256754407799455
971.4285714285714,2.5000000000000004,8.394866140173468e-05,4.963068377719508e-11,3.3873168840491514e-05,-1.940036590675713e-08,0.00012003925856420445,0.003848828495670252,0.00031327545370443146,0.0038761028408012366
971.4285714285714,2.6,8.022701777174706e-05,4.364547044984133e-11,3.018544210238102e-05,-1.7890291948691718e-08,0.00011046970406002299,0.003595702611376873,0.0003028924955902828,0.0036228122436509722
971.4285714285714,2.7,7.680722856278325e-05,4.244542734872303e-11,2.6738477996787327e-05,-1.669747026649999e-08,0.00011222812397085293,0.003332852041547981,0.0002958371638376041,0.003360883386503542
971.4285714285714,2.8000000000000003,7.365482413378732e-05,4.618482615023081e-11,2.379040538664004e-05,-1.3469626821337208e-08,0.00012735241544370234,0.003097417499863759,0.00024930121575372625,0.003120018589453303
971.4285714285714,2.9000000000000004,7.074032375865779e-05,-6.0206573119310475e-12,2.0369617339341272e-05,-1.2665006167382746e-08,1.7287522934432707e-05,0.002765551011613538,0.000244461976590609,0.002787130167803981
971.4285714285714,3.0000000000000004,6.802951955692166e-05,4.824152195598937e-11,1.9681567789802385e-05,-1.3236484111219427e-08,0.00014404176289857908,0.0027822275534035274,0.00026604772129008126,0.0028112454479080973
971.4285714285714,3.1,6.551553103308357e-05,1.1712296606899415e-11,1.6657133548040245e-05,-1.217715708271788e-08,3.63185365991961e-05,0.0024485155350983906,0.00025451382367692576,0.0024750963485497216
971.4285714285714,3.2,6.316811384472587e-05,3.3087771018588214e-11,1.599867794664438e-05,-1.0853478764102694e-08,0.0001064208064388998,0.0024419672243159393,0.00023558806207428282,0.0024668872659001323
971.4285714285714,3.3000000000000003,6.0980683435834614e-05,5.996919279838485e-13,1.3870776107521536e-05,-9.513248931207467e-09,1.9982413222500458e-06,0.0021958509227642006,0.00021418346245839347,0.002216644847320857
971.4285714285714,3.4000000000000004,5.8931960788018564e-05,-3.169004313312782e-12,1.2316592537382855e-05,-8.790665268124537e-09,1.092737391967158e-05,0.002019753115811285,0.00020504043557036987,0.0020404914155094963
971.4285714285714,3.5000000000000004,5.700640406557634e-05,3.581155914116452e-11,1.170532653972867e-05,-8.926891688317041e-09,0.00012765659378016227,0.0019862442014840402,0.0002154722166397838,0.0020135339048925525
971.4285714285714,3.6,5.519790060853141e-05,3.778121661056495e-11,1.0807037101570234e-05,-8.73941748714331e-09,0.00013910372693594247,0.0018957584290246663,0.00021807232255474917,0.0019257105036309028
971.4285714285714,3.7,5.349746752250218e-05,4.2770865655414154e-11,9.936649951652658e-06,-7.1989410805346914e-09,0.00016249231905754246,0.0018001862103641034,0.000185536554111449,0.0018264505937913764
971.4285714285714,3.8000000000000003,5.189640093598947e-05,1.1038010973682857e-11,8.513616729939717e-06,-6.082962065440391e-09,4.323322931526999e-05,0.0015914055607134507,0.00016176998485396404,0.001608346923641172
971.4285714285714,3.9000000000000004,5.0380470516776164e-05,2.6622703980860554e-11,8.298843772991641e-06,-5.813340926387269e-09,0.0001074140405317067,0.0015991173999190574,0.00015938618956830216,0.0016184937904352428
971.4285714285714,4.0,4.894752853529277e-05,4.0113347624515143e-11,7.650986443584526e-06,-5.89610292540724e-09,0.00016658588102589803,0.0015186413237321453,0.00016652214115624015,0.0015457948029717963
971.4285714285714,4.1,4.7591096418245226e-05,4.2274648591794467e-11,7.06786693269721e-06,-6.224576040495546e-09,0.00018057708876712285,0.0014439680907690872,0.0001809493800909932,0.0014775443439902444
971.4285714285714,4.2,4.630534297052465e-05,3.651734476208843e-11,6.541275778650718e-06,-6.179139866712944e-09,0.0001603317530147492,0.0013744746960994492,0.00018476032037383509,0.001408247035577118
971.4285714285714,4.3,4.5085002280590585e-05,3.018060545106371e-11,6.066296288753913e-06,-5.4731950276039325e-09,0.00013611042448319726,0.0013100640011705286,0.00016821290577371468,0.0013384262766972278
971.4285714285714,4.3999999999999995,4.392532455354406e-05,3.5186004048904576e-11,5.634085341241743e-06,-5.0243699039356745e-09,0.00016288174953323368,0.0012496584354543235,0.0001586145728739277,0.0012800366538068789
971.4285714285714,4.5,4.282198767990995e-05,9.14806997754455e-12,4.921947935964629e-06,-4.7908500861998264e-09,4.3445029496813597e-05,0.0011205262535886054,0.00015524338310623706,0.0011426581166586243
971.4285714285714,4.6,4.176787028563548e-05,1.0220137016971857e-11,4.8799379178462036e-06,-3.986479651123779e-09,4.9764340708868406e-05,0.0011395869697416313,0.00013252512116725717,0.0011559674591838192
971.4285714285714,4.7,4.076255227053948e-05,2.4436540087635202e-11,4.58555211357156e-06,-3.910445651917303e-09,0.00012192230484247195,0.0010978659151669968,0.0001332863978199669,0.001120582502001175
971.4285714285714,4.8,3.9803089776579195e-05,2.4430481361696717e-11,4.287845005999154e-06,-4.202772930944644e-09,0.00012483918003296641,0.0010519078828874339,0.00014678355955584756,0.0010794377433014824
971.4285714285714,4.9,3.88865057326789e-05,2.4196476594260436e-11,4.007708270569652e-06,-4.000062136920566e-09,0.0001265667860135592,0.0010068837100500312,0.0001430815581988101,0.001034784335733353
971.4285714285714,5.0,3.80099987714843e-05,nan,nan,nan,nan,nan,nan,nan
985.7142857142858,0.1,0.0031538865461527964,nan,nan,nan,nan,nan,nan,nan
985.7142857142858,0.2,0.0016499717964631427,8.875259737130671e-10,0.09028780086842578,2.8437035929756226e-06,0.00010883804264062659,0.2862747265863495,0.0012871767620368027,0.28628053474842147
985.7142857142858,0.30000000000000004,0.0010489350554577469,1.1483356598782701e-09,0.029702058937284826,-2.38203346603097e-06,0.00022117304074329976,0.18001555542315187,0.0020447751089904018,0.18003891613290862
985.7142857142858,0.4,0.0007449189038251994,8.761704517376448e-10,0.012791877107391485,-1.8440855724316385e-06,0.00023767365904397406,0.12195108782792291,0.00248623655423322,0.12200199611313407
985.7142857142858,0.5,0.0005688215232665667,5.98576038987197e-10,0.006356133952354052,-1.1713989781239017e-06,0.00021276082327776407,0.08532652238673173,0.002224310081962362,0.085384751568783
985.7142857142858,0.6,0.0004562854822314746,4.628919016787654e-10,0.003519987234192815,-7.496643123654091e-07,0.00020522504092564757,0.06188210344043618,0.0018652506970624745,0.06193864031326528
985.7142857142858,0.7000000000000001,0.00037894931353831066,3.321772223022596e-10,0.0021238631777745595,-5.023212254020076e-07,0.00017740975339867708,0.046546805902913206,0.0015589433638167778,0.046599326420102394
985.7142857142858,0.8,0.00032285177662289233,2.576582898440521e-10,0.001370206656067167,-3.544816973874531e-07,0.00016158450868964655,0.036158045604393035,0.0013252551471587565,0.03620694648673037
985.7142857142858,0.9,0.00028045630626814566,2.0905108702675348e-10,0.000931770657655828,-2.6001052947407235e-07,0.00015096852740490056,0.02886063280810701,0.0011414176341557722,0.028906134055106246
985.7142857142858,1.0,0.0002473785424899573,1.6528804013334259e-10,0.0006605945909489754,-1.9808622713556005e-07,0.00013536352488214678,0.023554278373665014,0.0010013509379271852,0.023597198147020486
985.7142857142858,1.1,0.00022090672462125866,1.286868809100376e-10,0.0004838274259450473,-1.5465445907203817e-07,0.00011804765184943054,0.01955818079753983,0.0008865856774205199,0.019598684641683923
985.7142857142858,1.2000000000000002,0.0001992731810120105,1.254311860207241e-10,0.0003652832340144708,-1.2378700128188023e-07,0.00012757879286712012,0.016535632160620897,0.0007948700993628665,0.01657428864987791
985.7142857142858,1.3000000000000003,0.00018129246974290706,1.1947341980751022e-10,0.00028149927316397483,-1.0066527519979521e-07,0.0001335974656131132,0.014126299973452449,0.0007167219166733452,0.014163247503113851
985.7142857142858,1.4000000000000001,0.00016612675120544336,6.60157649257565e-11,0.00022107499713057546,-8.281266032781268e-08,8.05748410058072e-05,0.012194383883902322,0.00064821891687794,0.012229058268786548
985.7142857142858,1.5000000000000002,0.00015317178263928543,1.0049596042177363e-10,0.00017752281474065138,-6.98216720910321e-08,0.0001330510414615254,0.010685986058989074,0.0005965407041295504,0.010720061672206443
985.7142857142858,1.6,0.000141992042220534,5.664070242515918e-11,0.0001436602208751403,-5.942878680625799e-08,8.090747178119109e-05,0.009379026502123794,0.0005507627730435724,0.009411661033572757
985.7142857142858,1.7000000000000002,0.00013224890401053398,6.140510891467938e-11,0.0001186380394198208,-5.048926244593e-08,9.418753095097101e-05,0.008355259743046652,0.0005048438457126052,0.00838623701560303
985.7142857142858,1.8000000000000003,0.00012369214619473216,5.75375368646513e-11,9.797022577897532e-05,-4.409289226649744e-08,9.437152053164513e-05,0.007408017972774409,0.00047342973735089777,0.007438810906405162
985.7142857142858,1.9000000000000001,0.00011611509063672012,6.142910834177101e-11,8.32101112278389e-05,-3.947900044640715e-08,0.00010734245925724094,0.0067271943925072495,0.000453266763395306,0.006758518204143427
985.7142857142858,2.0,0.00010937013619098646,4.484787465244865e-11,6.98190981024356e-05,-3.402486263442781e-08,8.321267579909093e-05,0.006012921982800063,0.0004161901044573741,0.0060422333227665385
985.7142857142858,2.1,0.00010332337272627716,6.739577899321224e-11,6.033731476059614e-05,-3.029181595231205e-08,0.00013237714559938475,0.005516799819580799,0.0003934331684205005,0.00554636667324029
985.7142857142858,2.2,9.787998240917382e-05,4.226557192239994e-11,5.1594191896324095e-05,-2.6796848569987015e-08,8.764650134994082e-05,0.004993467647732204,0.0003684360154925686,0.005021343570516875
985.7142857142858,2.3000000000000003,9.295253401103372e-05,2.8292840733975764e-11,4.427726584817583e-05,-2.301572909503175e-08,6.178722293085062e-05,0.0045236283005324635,0.000334095488978804,0.004548655873311115
985.7142857142858,2.4000000000000004,8.846785827137538e-05,4.8441748171733265e-11,3.9513749531225354e-05,-2.1733193421303443e-08,0.0001111586776048252,0.004250959906755739,0.0003322337179511888,0.004278291115286448
985.7142857142858,2.5000000000000004,8.437832002702929e-05,3.2947234675089536e-11,3.418213596485374e-05,-1.9979074480822078e-08,7.927782848416587e-05,0.0038637915094541977,0.00032092013769368505,0.0038911629716800837
985.7142857142858,2.6,8.063060314233174e-05,3.034223321087251e-11,3.0215262115879174e-05,-1.7656480239670557e-08,7.64099629156917e-05,0.003580927198621659,0.00029739588105495663,0.0036063508848139065
985.7142857142858,2.7,7.718503887879298e-05,4.667921895615409e-11,2.7148694914209887e-05,-1.6204051064126847e-08,0.00012280623283779916,0.0033670459919896843,0.0002856433317225871,0.003393414844800554
985.7142857142858,2.8000000000000003,7.401096156439632e-05,4.1618615176931034e-11,2.3781965776396198e-05,-1.5656459667659075e-08,0.00011419868586319615,0.003081162634865295,0.0002883290706337037,0.0031101240856737404
985.7142857142858,2.9000000000000004,7.107470390776362e-05,3.3913983919795884e-11,2.1123487141188557e-05,-1.3283218027269816e-08,9.691414664222605e-05,0.0028541025132890877,0.0002551378092254613,0.0028784516865105123
985.7142857142858,3.0000000000000004,6.834968112254281e-05,2.2251987294334518e-11,1.892438039291066e-05,-1.1991754883106307e-08,6.61268676651014e-05,0.0026626041829832395,0.00023987729834136024,0.0026849424638874745
985.7142857142858,3.1,6.581390214125111e-05,5.1033448388132806e-11,1.738140718923617e-05,-1.1967270604675434e-08,0.00015751007323445434,0.0025430121843689935,0.00024894436455683255,0.002572093891425563
985.7142857142858,3.2,6.345193723185177e-05,4.328255961692415e-11,1.5693834297077818e-05,-1.1384056073067634e-08,0.00013857136591872022,0.0023845773896517186,0.0002459509387834525,0.0024137926752866965
985.7142857142858,3.3000000000000003,6.12469106654232e-05,4.7289888415963654e-11,1.430196939655628e-05,-1.106336334234375e-08,0.00015686866297220614,0.002253984672571501,0.00024793953234294265,0.0022864826054459324
985.7142857142858,3.4000000000000004,5.9184903792960205e-05,3.613613143697596e-11,1.282112358621856e-05,-8.872998365041771e-09,0.0001240591003452776,0.0020933502517795884,0.00020603279172174332,0.002117169090916797
985.7142857142858,3.5000000000000004,5.725110815635939e-05,9.77269448910045e-12,1.1220428286253917e-05,-7.3835142838916535e-09,3.46870178551805e-05,0.0018958260581963709,0.00017743861119460554,0.0019126757575787423
985.7142857142858,3.6,5.542951680262111e-05,3.840047783700914e-11,1.0998653347118828e-05,-7.808057341391611e-09,0.0001407755925018561,0.0019211249705560697,0.00019399640222257463,0.0019457153255522542
985.7142857142858,3.7,5.371791198235402e-05,2.8891472055898358e-11,9.841266637062325e-06,-8.186337199836158e-09,0.00010930207568120774,0.001775455967279325,0.00021007695066527752,0.0018034565383999769
985.7142857142858,3.8000000000000003,5.210471982845756e-05,3.7496592133450157e-11,9.035963885192998e-06,-6.8476672250219845e-09,0.00014625888119185177,0.001682113759030927,0.00018134242792291135,0.0017078256676190929
985.7142857142858,3.9000000000000004,5.058188731341302e-05,2.3627889262167318e-11,8.314995497522781e-06,-5.758661887715139e-09,9.494381038179496e-05,0.0015958238572048628,0.00015723530535875213,0.0016140365525156302
985.7142857142858,4.0,4.914220475334371e-05,9.952268565437508e-12,7.47421504545688e-06,-6.093387448720446e-09,4.11657884859196e-05,0.0014776465336584844,0.00017139516410732486,0.0014979607822414296
985.7142857142858,4.1,4.7777264343728974e-05,2.4519779984636234e-12,6.954381242091864e-06,-6.33154967331013e-09,1.043291584467427e-05,0.001415154504564364,0.00018332530221433412,0.0014387450956947817
985.7142857142858,4.2,4.6481867746535154e-05,1.0553009709055843e-11,6.581028536476562e-06,-5.902299439316897e-09,4.615624175698559e-05,0.0013774393797706752,0.00017579576719420727,0.0014004563353146543
985.7142857142858,4.3,4.52522814347061e-05,2.229755310628371e-11,6.338065550546428e-06,-5.7368719039360166e-09,0.00010017853802560328,0.0013635565560979163,0.00017564156357194688,0.0013896122260783955
985.7142857142858,4.3999999999999995,4.408607577838251e-05,4.501397884941325e-12,5.289519229473472e-06,-5.58856442352039e-09,2.0761569114163327e-05,0.0011688955919505735,0.00017575827610280642,0.0011952112327412358
985.7142857142858,4.5,4.297276531435365e-05,2.7532642031430825e-11,5.293097959347086e-06,-4.6527178240908484e-09,0.0001302809119239057,0.0012006280590622547,0.00015021646075255728,0.0012262180973959611
985.7142857142858,4.6,4.191238582991827e-05,3.333496825592542e-11,5.149366561036733e-06,-3.843494466548082e-09,0.00016173218308907506,0.001198286059407202,0.00012730844154125058,0.0012224817617419587
985.7142857142858,4.7,4.090350001109325e-05,1.624775708945969e-11,4.326846186834251e-06,-3.652685592080286e-09,8.078074178238684e-05,0.0010323550189656882,0.00012405284663443548,0.001050266933185451
985.7142857142858,4.8,3.9937882654136576e-05,2.6341905586637024e-11,4.3155757118092675e-06,-3.5392489155436363e-09,0.00013413574032152656,0.0010550626989472443,0.0001231752824855542,0.0010777263084717937
985.7142857142858,4.9,3.901542105429799e-05,3.506649301406269e-11,4.038382410249886e-06,-4.247334513274892e-09,0.00018278810419119509,0.0010111658760737058,0.0001513951032207093,0.0010496232059782856
985.7142857142858,5.0,3.813334327856191e-05,nan,nan,nan,nan,nan,nan,nan
1000.0,0.1,0.003156080675215558,nan,nan,nan,nan,nan,nan,nan
1000.0,0.2,0.0016641952146771687,nan,nan,nan,nan,nan,nan,nan
1000.0,0.30000000000000004,0.0010595966647385664,nan,nan,nan,nan,nan,nan,nan
1000.0,0.4,0.0007523353534095475,nan,nan,nan,nan,nan,nan,nan
1000.0,0.5,0.0005741582187056539,nan,nan,nan,nan,nan,nan,nan
1000.0,0.6,0.0004603129063119934,nan,nan,nan,nan,nan,nan,nan
1000.0,0.7000000000000001,0.0003821169273893451,nan,nan,nan,nan,nan,nan,nan
1000.0,0.8,0.00032542305499697326,nan,nan,nan,nan,nan,nan,nan
1000.0,0.9,0.00028259855137814703,nan,nan,nan,nan,nan,nan,nan
1000.0,1.0,0.00024919750810128467,nan,nan,nan,nan,nan,nan,nan
1000.0,1.1,0.0002224748086531057,nan,nan,nan,nan,nan,nan,nan
1000.0,1.2000000000000002,0.00020064620971434505,nan,nan,nan,nan,nan,nan,nan
1000.0,1.3000000000000003,0.00018250593647914235,nan,nan,nan,nan,nan,nan,nan
1000.0,1.4000000000000001,0.00016720610203770759,nan,nan,nan,nan,nan,nan,nan
1000.0,1.5000000000000002,0.00015414670529913658,nan,nan,nan,nan,nan,nan,nan
1000.0,1.6,0.00014287094592207888,nan,nan,nan,nan,nan,nan,nan
1000.0,1.7000000000000002,0.0001330500412742543,nan,nan,nan,nan,nan,nan,nan
1000.0,1.8000000000000003,0.00012442688637443556,nan,nan,nan,nan,nan,nan,nan
1000.0,1.9000000000000001,0.00011679025065717156,nan,nan,nan,nan,nan,nan,nan
1000.0,2.0,0.00010999078436306623,nan,nan,nan,nan,nan,nan,nan
1000.0,2.1,0.0001039019276974314,nan,nan,nan,nan,nan,nan,nan
1000.0,2.2,9.841381903539698e-05,nan,nan,nan,nan,nan,nan,nan
1000.0,2.3000000000000003,9.345053646196155e-05,nan,nan,nan,nan,nan,nan,nan
1000.0,2.4000000000000004,8.893656589367899e-05,nan,nan,nan,nan,nan,nan,nan
1000.0,2.5000000000000004,8.481470257776779e-05,nan,nan,nan,nan,nan,nan,nan
1000.0,2.6,8.104038080540843e-05,nan,nan,nan,nan,nan,nan,nan
1000.0,2.7,7.757237556601825e-05,nan,nan,nan,nan,nan,nan,nan
1000.0,2.8000000000000003,7.437559258993939e-05,nan,nan,nan,nan,nan,nan,nan
1000.0,2.9000000000000004,7.141600527807759e-05,nan,nan,nan,nan,nan,nan,nan
1000.0,3.0000000000000004,6.867438391006076e-05,nan,nan,nan,nan,nan,nan,nan
1000.0,3.1,6.612268823888562e-05,nan,nan,nan,nan,nan,nan,nan
1000.0,3.2,6.374459379440968e-05,nan,nan,nan,nan,nan,nan,nan
1000.0,3.3000000000000003,6.15227888926477e-05,nan,nan,nan,nan,nan,nan,nan
1000.0,3.4000000000000004,5.944522151860327e-05,nan,nan,nan,nan,nan,nan,nan
1000.0,3.5000000000000004,5.749780667458919e-05,nan,nan,nan,nan,nan,nan,nan
1000.0,3.6,5.566896982892245e-05,nan,nan,nan,nan,nan,nan,nan
1000.0,3.7,5.3944252660992785e-05,nan,nan,nan,nan,nan,nan,nan
1000.0,3.8000000000000003,5.232069108666716e-05,nan,nan,nan,nan,nan,nan,nan
1000.0,3.9000000000000004,5.078812612826665e-05,nan,nan,nan,nan,nan,nan,nan
1000.0,4.0,4.933891204661209e-05,nan,nan,nan,nan,nan,nan,nan
1000.0,4.1,4.796393267288588e-05,nan,nan,nan,nan,nan,nan,nan
1000.0,4.2,4.666054619799648e-05,nan,nan,nan,nan,nan,nan,nan
1000.0,4.3,4.542411110986371e-05,nan,nan,nan,nan,nan,nan,nan
1000.0,4.3999999999999995,4.424774565585054e-05,nan,nan,nan,nan,nan,nan,nan
1000.0,4.5,4.3129161855334385e-05,nan,nan,nan,nan,nan,nan,nan
1000.0,4.6,4.206370442894716e-05,nan,nan,nan,nan,nan,nan,nan
1000.0,4.7,4.104776362044079e-05,nan,nan,nan,nan,nan,nan,nan
1000.0,4.8,4.007805143079327e-05,nan,nan,nan,nan,nan,nan,nan
1000.0,4.9,3.9151492803062814e-05,nan,nan,nan,nan,nan,nan,nan
1000.0,5.0,3.826068994276538e-05,nan,nan,nan,nan,nan,nan,nan
