T1_K,P1_atm,feature_value,d2_dT2,d2_dP2,d2_dTdP,C_T,C_P,C_TP,C_combined
300.0,0.1,0.0032817428561155563,nan,nan,nan,nan,nan,nan,nan
300.0,0.2,0.0013702561930556399,nan,nan,nan,nan,nan,nan,nan
300.0,0.30000000000000004,0.0008222728656115145,nan,nan,nan,nan,nan,nan,nan
300.0,0.4,0.000582308323493161,nan,nan,nan,nan,nan,nan,nan
300.0,0.5,0.0004508611912054675,nan,nan,nan,nan,nan,nan,nan
300.0,0.6,0.0003688614559681582,nan,nan,nan,nan,nan,nan,nan
300.0,0.7000000000000001,0.0003132665073991784,nan,nan,nan,nan,nan,nan,nan
300.0,0.8,0.0002733501582908853,nan,nan,nan,nan,nan,nan,nan
300.0,0.9,0.00024344967298421436,nan,nan,nan,nan,nan,nan,nan
300.0,1.0,0.00022033604771559825,nan,nan,nan,nan,nan,nan,nan
300.0,1.1,0.00020202272269563456,nan,nan,nan,nan,nan,nan,nan
300.0,1.2000000000000002,0.00018723503023434623,nan,nan,nan,nan,nan,nan,nan
300.0,1.3000000000000003,0.00017511261019814893,nan,nan,nan,nan,nan,nan,nan
300.0,1.4000000000000001,0.0001650495509308581,nan,nan,nan,nan,nan,nan,nan
300.0,1.5000000000000002,0.00015661903234516858,nan,nan,nan,nan,nan,nan,nan
300.0,1.6,0.00014950557949241757,nan,nan,nan,nan,nan,nan,nan
300.0,1.7000000000000002,0.0001434759907755884,nan,nan,nan,nan,nan,nan,nan
300.0,1.8000000000000003,0.0001383461462166824,nan,nan,nan,nan,nan,nan,nan
300.0,1.9000000000000001,0.00013397399899288726,nan,nan,nan,nan,nan,nan,nan
300.0,2.0,0.0001302578166858525,nan,nan,nan,nan,nan,nan,nan
300.0,2.1,0.00012710369691166577,nan,nan,nan,nan,nan,nan,nan
300.0,2.2,0.00012444279136974523,nan,nan,nan,nan,nan,nan,nan
300.0,2.3000000000000003,0.00012221768924893078,nan,nan,nan,nan,nan,nan,nan
300.0,2.4000000000000004,0.00012038201467804035,nan,nan,nan,nan,nan,nan,nan
300.0,2.5000000000000004,0.00011889428680498694,nan,nan,nan,nan,nan,nan,nan
300.0,2.6,0.00011772354960827667,nan,nan,nan,nan,nan,nan,nan
300.0,2.7,0.00011683684584046613,nan,nan,nan,nan,nan,nan,nan
300.0,2.8000000000000003,0.000116209448839732,nan,nan,nan,nan,nan,nan,nan
300.0,2.9000000000000004,0.0001158174688458313,nan,nan,nan,nan,nan,nan,nan
300.0,3.0000000000000004,0.00011564068892918838,nan,nan,nan,nan,nan,nan,nan
300.0,3.1,0.00011565528898178494,nan,nan,nan,nan,nan,nan,nan
300.0,3.2,0.00011584258861195848,nan,nan,nan,nan,nan,nan,nan
300.0,3.3000000000000003,0.00011617847576843622,nan,nan,nan,nan,nan,nan,nan
300.0,3.4000000000000004,0.00011664522416071404,nan,nan,nan,nan,nan,nan,nan
300.0,3.5000000000000004,0.00011721949771799387,nan,nan,nan,nan,nan,nan,nan
300.0,3.6,0.00011788229019562501,nan,nan,nan,nan,nan,nan,nan
300.0,3.7,0.0001186143925084728,nan,nan,nan,nan,nan,nan,nan
300.0,3.8000000000000003,0.00011939615100152393,nan,nan,nan,nan,nan,nan,nan
300.0,3.9000000000000004,0.00012021023264718308,nan,nan,nan,nan,nan,nan,nan
300.0,4.0,0.00012104102459259509,nan,nan,nan,nan,nan,nan,nan
300.0,4.1,0.0001218748818149044,nan,nan,nan,nan,nan,nan,nan
300.0,4.2,0.00012269913584839326,nan,nan,nan,nan,nan,nan,nan
300.0,4.3,0.00012350327938387095,nan,nan,nan,nan,nan,nan,nan
300.0,4.3999999999999995,0.00012427854213298457,nan,nan,nan,nan,nan,nan,nan
300.0,4.5,0.0001250191712996183,nan,nan,nan,nan,nan,nan,nan
300.0,4.6,0.0001257187230395542,nan,nan,nan,nan,nan,nan,nan
300.0,4.7,0.00012637410186610565,nan,nan,nan,nan,nan,nan,nan
300.0,4.8,0.00012698326517588773,nan,nan,nan,nan,nan,nan,nan
300.0,4.9,0.00012754330343434165,nan,nan,nan,nan,nan,nan,nan
300.0,5.0,0.0001280529812160589,nan,nan,nan,nan,nan,nan,nan
314.2857142857143,0.1,0.0034329894796404654,nan,nan,nan,nan,nan,nan,nan
314.2857142857143,0.2,0.0014334537276675236,6.925531926743055e-09,0.14208458557099848,-4.1361636705091176e-05,0.0009434665424320464,0.4138800494835158,0.016487086086139784,0.4145373728686206
314.2857142857143,0.30000000000000004,0.000854763831404567,4.028139089427954e-09,0.032593068852127365,-1.5370742959791677e-05,0.0009256734783070279,0.2273744050682537,0.014657714826526553,0.22831923738354223
314.2857142857143,0.4,0.0006020046236628841,2.856826585749705e-09,0.01147097959403011,-6.854400251683058e-06,0.0009369128580915389,0.13420057298377663,0.011026073001142478,0.1351066991919004
314.2857142857143,0.5,0.0004639552118615024,2.194994385074515e-09,0.005211329240881374,-3.719232963232516e-06,0.0009381375359493817,0.0865662660391735,0.00853820824130701,0.08740938461026462
314.2857142857143,0.6,0.0003780190924689345,1.9972075709179175e-09,0.002774414018561632,-2.2987550566659944e-06,0.001051625048575376,0.059799177757482266,0.006877392914957394,0.060594097421507696
314.2857142857143,0.7000000000000001,0.00031982711326198287,1.857317772085051e-09,0.00164131413942353,-1.5615366748313358e-06,0.0011599846910492256,0.043418815930796224,0.00575556478857579,0.04419040838673953
314.2857142857143,0.8,0.00027804827544926656,1.9774702311114906e-09,0.001048342567054383,-1.1321608279014466e-06,0.001425270751209985,0.03277841444904781,0.004949623987541374,0.033547777955386125
314.2857142857143,0.9,0.0002467528633070941,2.079486882106563e-09,0.0007078829999207101,-8.651911309492617e-07,0.001694284312859011,0.025458996240020643,0.004365133369004548,0.026251473626076296
314.2857142857143,1.0,0.0002225362811641287,2.231378921070215e-09,0.0004999159097692319,-6.904064453488591e-07,0.0020222017629883543,0.020259781510501302,0.003937612561741406,0.021108236122335068
314.2857142857143,1.1,0.00020331885811885562,2.4172444289935965e-09,0.0003659084306276383,-5.715288206050697e-07,0.002405144836116359,0.016442641564490216,0.003625662160733936,0.017390688183868807
314.2857142857143,1.2000000000000002,0.00018776051937985892,2.6410661137022128e-09,0.0002756104815266436,-4.896672116896553e-07,0.0028544582541184358,0.013555578861530297,0.003410513169621184,0.01466849857197358
314.2857142857143,1.3000000000000003,0.00017495828545612867,2.92107212104814e-09,0.00021339568904564125,-4.294242539226392e-07,0.0033987276789492907,0.01136531203420458,0.003248845304697424,0.012721307287311336
314.2857142857143,1.4000000000000001,0.00016429000842285482,3.2104972083248763e-09,0.00016800800870395635,-3.853354001946653e-07,0.003969738228354892,0.009602746635630748,0.0031384198172261426,0.011299155829003132
314.2857142857143,1.5000000000000002,0.00015530181147662054,3.528062955569698e-09,0.00013529159785184673,-3.553119743387663e-07,0.004597224470705643,0.008234925492463848,0.0030753705896619066,0.010385772923957107
314.2857142857143,1.6,0.00014766653050890473,3.84092538683308e-09,0.00010992160139917253,-3.3424147330419336e-07,0.005243030571198446,0.007077934272242561,0.0030487215497134947,0.0098069327166083
314.2857142857143,1.7000000000000002,0.00014113046555518064,4.2466843512775286e-09,9.201216626457895e-05,-3.183822218964295e-07,0.006040524767147188,0.0062310779529712295,0.0030422392736813896,0.0096863156832297
314.2857142857143,1.8000000000000003,0.00013551452226410234,4.653457870591718e-09,7.661257929236568e-05,-3.075543554803545e-07,0.0068645589753195254,0.005428493344154025,0.003062277964395768,0.009764517529074961
314.2857142857143,1.9000000000000001,0.0001306647047659477,5.080098661839288e-09,6.535623476858415e-05,-3.025404479071778e-07,0.00773847788929428,0.004822821471577217,0.003124052615028896,0.010132277950823323
314.2857142857143,2.0,0.0001264684496154789,5.568207883567654e-09,5.626766947395351e-05,-3.0064375261939986e-07,0.00872399818101323,0.00430626385103327,0.003205779318368879,0.010733410208000126
314.2857142857143,2.1,0.00012283487115974964,6.065482533266466e-09,4.857096005701365e-05,-3.0078182431380487e-07,0.00973892662679926,0.0038405594600622738,0.003298752668982525,0.01146124457250137
314.2857142857143,2.2,0.00011968700230459051,6.617252351635999e-09,4.249251487577947e-05,-3.0350545377554376e-07,0.010852052165775413,0.0034593201811981356,0.0034112243012150616,0.012369593153825065
314.2857142857143,2.3000000000000003,0.00011696405859818918,7.21841783604092e-09,3.806005269499243e-05,-3.082194165455188e-07,0.012053463833297716,0.0031799654066139702,0.0035382800993238863,0.013432684857854014
314.2857142857143,2.4000000000000004,0.00011462171541873777,7.831308591010509e-09,3.346017094692921e-05,-3.134511047008038e-07,0.013276287552902284,0.002860722460211144,0.0036638500955264706,0.014535857017275703
314.2857142857143,2.5000000000000004,0.00011261397394875566,8.503272518217319e-09,3.0163261124149033e-05,-3.202427959768103e-07,0.014595837908158486,0.002631548569479715,0.0038003161000573775,0.015774927481147977
314.2857142857143,2.6,0.00011090786509001503,9.2072858414587e-09,2.709876666987068e-05,-3.276768545382068e-07,0.015961444698879487,0.0024063413908296874,0.003937193323386869,0.017075162614044192
314.2857142857143,2.7,0.00010947274389797311,9.949453636512537e-09,2.484357468643199e-05,-3.34707119193982e-07,0.01737894178449445,0.002240019196679014,0.004061659956831247,0.01844015907632552
314.2857142857143,2.8000000000000003,0.00010828605845279551,1.0691004017040699e-08,2.257772763450318e-05,-3.420356340246182e-07,0.018775044338323454,0.002062406296817158,0.004182091110094398,0.019792311177460397
314.2857142857143,2.9000000000000004,0.00010732515028396295,1.1428978753701603e-08,2.03876183563838e-05,-3.4859416647044676e-07,0.020138970976108693,0.0018827556056323959,0.004285294107823778,0.02111517018231648
314.2857142857143,3.0000000000000004,0.00010656811829869422,1.2192333742733469e-08,1.8806550668551725e-05,-3.5322696535254993e-07,0.021516919339625344,0.0017522967001483804,0.004356941621434902,0.022450261516928433
314.2857142857143,3.1,0.00010599915182011101,1.2944046001924879e-08,1.7112767320480814e-05,-3.563594086712287e-07,0.022840650561386774,0.0016058055254871194,0.00439462615287046,0.023725501206508768
314.2857142857143,3.2,0.0001056013130147326,1.3667578973909915e-08,1.5853810771750432e-05,-3.573312307010554e-07,0.024078379677387858,0.001495654493411005,0.004393870580065575,0.02491219676385117
314.2857142857143,3.3000000000000003,0.0001053620123170717,1.4309969181262967e-08,1.4186427210345346e-05,-3.5550773369994215e-07,0.025137202518889974,0.0013433949640726701,0.004353956149119103,0.025915198799200602
314.2857142857143,3.4000000000000004,0.00010526457589151426,1.487921461565581e-08,1.2832558117757414e-05,-3.5005897790310853e-07,0.026032565269663556,0.001217949224350394,0.004266220755785852,0.026750310912334922
314.2857142857143,3.5000000000000004,0.00010529546504713439,1.5362496151026664e-08,1.1427904323035505e-05,-3.4073489101350654e-07,0.026746431755496382,0.0010838235669900697,0.004129238829781067,0.027397947218770455
314.2857142857143,3.6,0.00010544063324598487,1.5736522735593108e-08,1.0062657132080384e-05,-3.289605006611558e-07,0.027243577019349804,0.0009521238744621134,0.003961943929692265,0.027830074166009983
314.2857142857143,3.7,0.00010568642801615616,1.5990133982794447e-08,8.800947335905788e-06,-3.1336724370818774e-07,0.027511776442448007,0.0008301196053172855,0.0037494298371978734,0.028030401170630943
314.2857142857143,3.8000000000000003,0.0001060202322596865,1.611800547529723e-08,7.313599780135606e-06,-2.9481591929249054e-07,0.02755020865344018,0.0006871929046189438,0.003503575275703797,0.02800064839180148
314.2857142857143,3.9000000000000004,0.0001064271725010182,1.611522565031743e-08,6.105625360931288e-06,-2.737134171428412e-07,0.027358915201020833,0.0005711787930436866,0.0032304680885098616,0.027743617902718325
314.2857142857143,4.0,0.00010689516899595922,1.5999410972322423e-08,5.02813374247664e-06,-2.505947565948759e-07,0.026975861479270818,0.00046811026840176944,0.002937377284721775,0.02729784973945364
314.2857142857143,4.1,0.000107413446828325,1.574664590172323e-08,3.5922531238611333e-06,-2.261852345403301e-07,0.02636803545224286,0.00033271569931271557,0.0026334477532775073,0.026631824711907934
314.2857142857143,4.2,0.0001079676471919294,1.540542839150762e-08,2.4491259630792304e-06,-2.005278473658849e-07,0.025623366913874353,0.000225629532033288,0.0023195202168635456,0.025833470319754446
314.2857142857143,4.3,0.00010854633881516458,1.4987820880322792e-08,1.7559259943785459e-06,-1.746373280856963e-07,0.024766459404375725,0.0001608836659668518,0.0020074414535561705,0.024929160382200544
314.2857142857143,4.3999999999999995,0.00010914258969834355,1.447932823124432e-08,5.817433150516947e-07,-1.4907167033602694e-07,0.023776952114468244,5.3008804763318395e-05,0.001703414978980245,0.023898734421896214
314.2857142857143,4.5,0.00010974465801467303,1.3926026730055181e-08,-2.3920661825025525e-07,-1.2413154231397126e-07,0.02273288362013408,2.16781966961868e-05,0.0014105359205601538,0.022820247386852607
314.2857142857143,4.6,0.00011034433426482002,1.3340321179366028e-08,-7.826084945201862e-07,-1.0005586502152577e-07,0.021655601175209652,7.054582763425159e-05,0.0011310620445175853,0.021714710259882235
314.2857142857143,4.7,0.0001109361844300218,1.2725823190610601e-08,-1.497306775003718e-06,-7.755957146097541e-08,0.02055094149231345,0.00013427187402928812,0.0008725511007133291,0.02058839274939542
314.2857142857143,4.8,0.00011151306152747355,1.2107638940522705e-08,-2.0000091127290658e-06,-5.6357437356872117e-08,0.019458837502194327,0.000178460802146858,0.0006312414891854972,0.0194801215815006
314.2857142857143,4.9,0.000112069938533798,1.1495200096324303e-08,-2.274138001588481e-06,-3.654561498567115e-08,0.0183934329765825,0.00020195876734930467,0.00040770641114565715,0.018403576093876984
314.2857142857143,5.0,0.00011260407416010657,nan,nan,nan,nan,nan,nan,nan
328.57142857142856,0.1,0.0035838990666469633,nan,nan,nan,nan,nan,nan,nan
328.57142857142856,0.2,0.001498064636142008,7.413432298160401e-09,0.14758466607624907,-4.0910632540984414e-05,0.000967239803041578,0.4117991699312193,0.015650393757319653,0.41239466722836765
328.57142857142856,0.30000000000000004,0.0008880768663995435,4.611190029087364e-09,0.03441948530093544,-1.5690543032264297e-05,0.0010203053240386449,0.22975968106140301,0.014330153698356544,0.23065398040014168
328.57142857142856,0.4,0.0006222839496664337,2.527735609920894e-09,0.012100615762198369,-7.012345856716353e-06,0.000802178733590434,0.13625640099439698,0.010861217248764862,0.1371217793894036
328.57142857142856,0.5,0.0004774971905553076,2.0218577925088088e-09,0.0054873890907349175,-3.779380059669594e-06,0.0008396022660260595,0.08818143379202298,0.008395723068055768,0.08898115828226229
328.57142857142856,0.6,0.00038758432235153073,1.703235924514504e-09,0.002909530942031611,-2.323143402101641e-06,0.0008744695830949071,0.0609329436817829,0.006753004738287851,0.06168301604793463
328.57142857142856,0.7000000000000001,0.00032676676356807,1.67666073330016e-09,0.001720075317632668,-1.5640298003237037e-06,0.0010243290065511063,0.04437938323193054,0.005620991944958262,0.04509733924358277
328.57142857142856,0.8,0.0002831499579609359,1.6531657505346326e-09,0.0010947286354152928,-1.123713300818016e-06,0.0011690699943050437,0.0335018354823362,0.004805602435542835,0.034204200544291276
328.57142857142856,0.9,0.00025048043870795476,1.6910223816148386e-09,0.0007380978610965185,-8.496435637196833e-07,0.001355735131120545,0.026067383742940497,0.004205899844673775,0.026771733226564294
328.57142857142856,1.0,0.00022519189806593877,1.834588943004235e-09,0.000520495130774441,-6.683530214622445e-07,0.0016405343768071707,0.020779871412685738,0.0037508478700627778,0.02150888487248814
328.57142857142856,1.1,0.0002051083087316672,1.970760703552882e-09,0.00038002822124050126,-5.457294951805399e-07,0.0019401647297078734,0.016875750171492614,0.003416032787544512,0.017660513668639247
328.57142857142856,1.2000000000000002,0.00018882500160980064,2.1472828622590737e-09,0.00028584033937351685,-4.587613088316962e-07,0.002302455087579024,0.013936068272469026,0.003161473416847012,0.014815705405281822
328.57142857142856,1.3000000000000003,0.00017540009788166925,2.332298291521194e-09,0.00022104752732167177,-3.9629815144903656e-07,0.002699551613176459,0.011706475595771886,0.0029745549490830677,0.012728908204431184
328.57142857142856,1.4000000000000001,0.00016418566942675458,2.5053826368972853e-09,0.00017333624843080504,-3.5078880836714283e-07,0.0031064730517359586,0.009882334760596512,0.0028421782405280917,0.011111555671620359
328.57142857142856,1.5000000000000002,0.00015470460345614795,2.692612028170266e-09,0.00013878063636940433,-3.1669653078693213e-07,0.0035383531820102595,0.008452664404509204,0.002748747663472151,0.009953828721189967
328.57142857142856,1.6,0.00014661134384923538,2.956186877840439e-09,0.00011335263682210137,-2.901315820520526e-07,0.004085580140456071,0.007327037094551098,0.0026688271354013467,0.009199060507808717
328.57142857142856,1.7000000000000002,0.0001396516106105438,3.209067587522377e-09,9.407062193826436e-05,-2.7163792835261565e-07,0.004640470432654545,0.006416326286116023,0.0026279088566889468,0.008747286365746402
328.57142857142856,1.8000000000000003,0.0001336325835912349,3.4524946133085897e-09,7.786087960289682e-05,-2.583925696156583e-07,0.005199374396470575,0.005575365673370778,0.002615539039398662,0.008473504908814999
328.57142857142856,1.9000000000000001,0.00012839216536795494,3.752183281172113e-09,6.637043562604407e-05,-2.486711994526519e-07,0.005860432558331432,0.0049666356694159875,0.002621450193760889,0.008529721090411122
328.57142857142856,2.0,0.00012381545150093543,4.0460835570592475e-09,5.6516135213524444e-05,-2.420735362329509e-07,0.006529148895917924,0.004401836751608379,0.002646616300056627,0.0087186643341929
328.57142857142856,2.1,0.00011980389898605116,4.406765468565506e-09,4.893264318680829e-05,-2.3783834486223933e-07,0.007321535676740908,0.0039520627347903025,0.0026865915184535296,0.009146542106149243
328.57142857142856,2.2,0.00011628167290303499,4.759456513634673e-09,4.241276245799661e-05,-2.3563871311537976e-07,0.008115481523815853,0.003540182149074694,0.0027404818342193723,0.009665113107429025
328.57142857142856,2.3000000000000003,0.00011318357444459879,5.154098904275713e-09,3.7416641633598645e-05,-2.3512161531794815e-07,0.0089929926495918,0.0032177591446245924,0.0028063867873303746,0.010343089688706772
328.57142857142856,2.4000000000000004,0.00011045964240249857,5.59213870863221e-09,3.3331247053772395e-05,-2.370857368900526e-07,0.009956689214698973,0.0029448837622713018,0.00289570927943309,0.011161463387628965
328.57142857142856,2.5000000000000004,0.00010806902283093607,6.007474520800283e-09,2.928152392081209e-05,-2.392639345313709e-07,0.010886883442053808,0.002650879840269133,0.002982031978062897,0.011972319092172164
328.57142857142856,2.6,0.0001059712184985817,6.483569578656257e-09,2.657285313981843e-05,-2.4215736731152884e-07,0.011930420479719544,0.0024588778952308278,0.003071902038700316,0.012932678670612234
328.57142857142856,2.7,0.00010413914269762551,6.9558390448520484e-09,2.3743872368780894e-05,-2.4665035877844364e-07,0.012967236758661325,0.002240596334097893,0.0031770303676100513,0.01390527040373481
328.57142857142856,2.8000000000000003,0.00010254450562035713,7.465440694709335e-09,2.1540782261840547e-05,-2.5148169969180124e-07,0.01406976435581538,0.0020684616469702996,0.0032817261922576052,0.014959152924382426
328.57142857142856,2.9000000000000004,0.00010116527636570716,8.01182408898186e-09,1.9773193321092423e-05,-2.5594716423244066e-07,0.015234696958564246,0.001928254780836064,0.003376600933403946,0.016081574103489763
328.57142857142856,3.0000000000000004,9.998377904426811e-05,8.558227031680739e-09,1.823749768171674e-05,-2.6026753332537266e-07,0.016389300788304955,0.0018027428320157152,0.0034643395411946337,0.017200649957524478
328.57142857142856,3.1,9.898465669964623e-05,9.09962093751955e-09,1.638048938925625e-05,-2.6453443132427394e-07,0.017519626011768045,0.0016383146892261138,0.003546148102231048,0.018296767565312382
328.57142857142856,3.2,9.814933924891691e-05,9.654081166219027e-09,1.51928941246739e-05,-2.6857482097242256e-07,0.01865716050227782,0.001534873649233781,0.003619635714878378,0.019407447038281823
328.57142857142856,3.3000000000000003,9.746595073943433e-05,1.0218877230583184e-08,1.3793980372105334e-05,-2.7196986858045687e-07,0.019793520484618698,0.0014054073596076252,0.0036792003110052486,0.020514181750156683
328.57142857142856,3.4000000000000004,9.69205020336728e-05,1.0781505747818722e-08,1.3158234449151968e-05,-2.7355404029487875e-07,0.02090263772820254,0.0013500339707688506,0.0037090358995755563,0.021592979190639412
328.57142857142856,3.5000000000000004,9.650663567240279e-05,1.1308488513849921e-08,1.1774223737380278e-05,-2.739983380642358e-07,0.021917893593155154,0.0012148331354381136,0.0037122898941763303,0.022570601933148297
328.57142857142856,3.6,9.621051154850659e-05,1.1792821110461007e-08,1.0736874877902015e-05,-2.7311115364709256e-07,0.02282514920214605,0.0011125530180483075,0.003691664088266609,0.02344103192693085
328.57142857142856,3.7,9.60217561733894e-05,1.224463239847591e-08,1.0070159208649941e-05,-2.699883798294877e-07,0.023644517257556716,0.0010466797282927716,0.0036379630307351776,0.024220410500701846
328.57142857142856,3.8000000000000003,9.593370239035872e-05,1.2625946559360484e-08,8.72853088145658e-06,-2.64716613374931e-07,0.02430407604949539,0.0009090159594347773,0.0035532898380063378,0.024834777228312736
328.57142857142856,3.9000000000000004,9.59329339161426e-05,1.2962321296644594e-08,8.233387011573463e-06,-2.5728037571855025e-07,0.02485616812912569,0.0008575149660277223,0.0034383536443778544,0.02534184242607349
328.57142857142856,4.0,9.601449931204221e-05,1.3204666222215438e-08,6.954833823708254e-06,-2.486572610345984e-07,0.025210024611779434,0.0007232142138342664,0.0033070781090248163,0.025650378378573657
328.57142857142856,4.1,9.616561304617891e-05,1.3385150920926568e-08,6.339673300861686e-06,-2.3769734412168652e-07,0.025431298723857496,0.0006577780842940349,0.0031450869153045206,0.025825699800777768
328.57142857142856,4.2,9.638012351332422e-05,1.3476309734752194e-08,5.350322115657925e-06,-2.244552291979855e-07,0.025473068686192042,0.000553587712145569,0.00295404092782627,0.025819302919580178
328.57142857142856,4.3,9.664813720162612e-05,1.3474009251028185e-08,4.5451318926408016e-06,-2.101430770506786e-07,0.02533293924371511,0.0004687558568649298,0.002750570575761588,0.025634133879723672
328.57142857142856,4.3999999999999995,9.696160220885442e-05,1.340824892399599e-08,3.712378508488394e-06,-1.9479974373698854e-07,0.02507158148794851,0.00038149161685649966,0.0025357530218782093,0.02532962338718251
328.57142857142856,4.5,9.73121910011676e-05,1.3255417346068804e-08,2.9680223006281433e-06,-1.7809121721606855e-07,0.024649830455726954,0.000303812832651286,0.0023056555308385816,0.024866413866642307
328.57142857142856,4.6,9.769246001648707e-05,1.303638507861549e-08,2.2644735725414014e-06,-1.6067178759196676e-07,0.024110768971181043,0.0002308440740444895,0.002069037494940783,0.02428876904413086
328.57142857142856,4.7,9.809537376753195e-05,1.2758375053541035e-08,1.551708303819052e-06,-1.4327266629946995e-07,0.02347070096474407,0.00015751176295485532,0.001835437344891166,0.023614323497105516
328.57142857142856,4.8,9.851380460161503e-05,1.2429100661980963e-08,1.0297400887738408e-06,-1.2571174953577618e-07,0.02274667308709289,0.00010407456320878371,0.0016024655315428514,0.0228595222960881
328.57142857142856,4.9,9.894253283658584e-05,1.2047077406818018e-08,3.427484597138749e-07,-1.0857644351047866e-07,0.021937972466539415,3.449051913457798e-05,0.0013774741826341628,0.02202432055220317
328.57142857142856,5.0,9.937468855615379e-05,nan,nan,nan,nan,nan,nan,nan
342.8571428571429,0.1,0.0037343316519113674,nan,nan,nan,nan,nan,nan,nan
342.8571428571429,0.2,0.0015641884899834637,8.19155177814143e-09,0.1528285632528569,-4.0409494100656744e-05,0.0010243637006177538,0.4092527860363813,0.014862217565425473,0.40979343970036336
342.8571428571429,0.30000000000000004,0.0009223309605841297,4.326280221307257e-09,0.03626057088953755,-1.6044933340858214e-05,0.0009221345876555283,0.23181714430030678,0.014045071577213507,0.23266836225616302
342.8571428571429,0.4,0.0006430791400801712,3.154319825751307e-09,0.012762447371218762,-7.182305308956413e-06,0.0009687302268415824,0.1383716682690134,0.01071621870055972,0.1392024845477937
342.8571428571429,0.5,0.0004914517932884003,2.156747795164124e-09,0.005767270490576584,-3.86132730919038e-06,0.0008701306996117089,0.0896821266797364,0.008301026150623314,0.0904513960287035
342.8571428571429,0.6,0.00039749715140239525,1.6842965245759628e-09,0.0030506080017624056,-2.357140512729947e-06,0.0008429941222760256,0.062073392414547714,0.006656848007989335,0.06278888385489556
342.8571428571429,0.7000000000000001,0.00033404858953401425,1.5500257567799408e-09,0.0017988993572387207,-1.572171086970471e-06,0.0009259031136981972,0.04525565405669172,0.005508125655626213,0.04593049550300159
342.8571428571429,0.8,0.00028858902123802047,1.5064106724463503e-09,0.0011423667775281564,-1.1227573906606358e-06,0.0010444908396545051,0.03419762313984672,0.004694729694492132,0.03485182008644304
342.8571428571429,0.9,0.00025455312071730825,1.5624295928719047e-09,0.0007704700677888409,-8.413395457047553e-07,0.0012313950592477536,0.02669783016982403,0.004083481518160168,0.027343008469936463
342.8571428571429,1.0,0.0002282219208744844,1.5574999843945988e-09,0.0005409234374767804,-6.550449016393903e-07,0.0013726191348919835,0.02124992362900545,0.003613816209068788,0.02189891944169603
342.8571428571429,1.1,0.00020729995540642835,1.6553186259737758e-09,0.0003949714893667835,-5.28043441142316e-07,0.0016099750177711626,0.017306465910608415,0.003257539499453148,0.017981348921977273
342.8571428571429,1.2000000000000002,0.00019032770483204013,1.7400155782100284e-09,0.0002962435292725519,-4.386002648007786e-07,0.0018477210586418712,0.014290573709567015,0.0029861008063699537,0.015015597427699078
342.8571428571429,1.3000000000000003,0.00017631788955037742,1.8582902708711547e-09,0.00022845587408982414,-3.7485975822489437e-07,0.002135197333653607,0.01200329055044463,0.002786442803089396,0.012812750629034041
342.8571428571429,1.4000000000000001,0.00016459263300961296,1.9821908138477988e-09,0.00017895316256371271,-3.2727909174797296e-07,0.0024456992031661783,0.010149461465314464,0.0026323326259103524,0.011083833395316581
342.8571428571429,1.5000000000000002,0.00015465690809448563,2.1562485995588396e-09,0.00014382774546649647,-2.891707342429961e-07,0.002838134956353988,0.008738407232242059,0.002497525669897313,0.009843273842100037
342.8571428571429,1.6,0.00014615946063402326,2.3021088761348555e-09,0.00011656542449016826,-2.615183945273512e-07,0.0032045142323354732,0.007537033161102261,0.002409541961778684,0.008870601178496319
342.8571428571429,1.7000000000000002,0.00013882766741846257,2.4409622908983677e-09,9.59361452875472e-05,-2.4096666837016235e-07,0.0035671308579486136,0.006563799898507221,0.0023479635929512395,0.008175191602220806
342.8571428571429,1.8000000000000003,0.00013245523565577735,2.664596420175398e-09,8.025737669051593e-05,-2.248850218108635e-07,0.004069330796254732,0.0057810793902197755,0.0023004698296577057,0.007782329658894034
342.8571428571429,1.9000000000000001,0.0001268853776599973,2.836057935782887e-09,6.726650603500627e-05,-2.1200496855633565e-07,0.004507964580038927,0.005078433155320297,0.0022663951609376075,0.007509016048656762
342.8571428571429,2.0,0.00012198818472456732,3.097661941521463e-09,5.812749147593193e-05,-2.0240589812315205e-07,0.005105791714761665,0.004581102452300742,0.0022520944498786583,0.007563032958764179
342.8571428571429,2.1,0.00011767226670389666,3.2921696154639295e-09,4.9131247409727573e-05,-1.9594033260915667e-07,0.0056080925227058355,0.004027541480403142,0.002260741752963756,0.007608790880736854
342.8571428571429,2.2,0.00011384766115732328,3.557433328032486e-09,4.318915994984379e-05,-1.9098328726458124e-07,0.006243518720655875,0.003670292173305574,0.0022773321221590324,0.007926225699653225
342.8571428571429,2.3000000000000003,0.00011045494721024833,3.795188103576017e-09,3.7658892076601964e-05,-1.8758012001936148e-07,0.006843114720523204,0.0033078318600293487,0.002304504169381149,0.00826991231065099
342.8571428571429,2.4000000000000004,0.0001074388221839394,4.055913001395377e-09,3.273897638126e-05,-1.8590088572637022e-07,0.007493572577461306,0.0029640117720523785,0.002346388998562749,0.0087149342179788
342.8571428571429,2.5000000000000004,0.00010475008692144308,4.374988319634553e-09,2.9639771323350648e-05,-1.8595766931041536e-07,0.008261893516941293,0.002758758028136815,0.002404985273558918,0.009350804172645067
342.8571428571429,2.6,0.00010235774937218026,4.657057557558085e-09,2.596886631057879e-05,-1.8610848130352252e-07,0.00896866076630468,0.0024791259915663885,0.0024601800963904314,0.009934179072095697
342.8571428571429,2.7,0.00010022510048602323,4.995992603806966e-09,2.3406051350344017e-05,-1.8697944421078928e-07,0.009790654127699005,0.0022866906994250045,0.0025206230098531314,0.010667377527708884
342.8571428571429,2.8000000000000003,9.832651211336963e-05,5.3459720493993285e-09,2.1254484734386805e-05,-1.8888663049169423e-07,0.010639426240916579,0.0021206748241026536,0.00259112987268442,0.01145087596997375
342.8571428571429,2.9000000000000004,9.664046858805991e-05,5.692669497280152e-09,1.9159167233277662e-05,-1.9125509833626087e-07,0.011483873982209849,0.0019485250540756808,0.0026644193894047228,0.012242318934373038
342.8571428571429,3.0000000000000004,9.514601673508296e-05,6.064563557520962e-09,1.756621945283958e-05,-1.9415886362817919e-07,0.01237866825976995,0.0018176877357370261,0.002741749097589925,0.013098465284847502
342.8571428571429,3.1,9.382722707663441e-05,6.455915400263881e-09,1.5914871108249343e-05,-1.9677301463511365e-07,0.013310484665858333,0.0016726786527029769,0.0028114991182432805,0.013991994514686731
342.8571428571429,3.2,9.266758612926836e-05,6.866029090279164e-09,1.4742912899325563e-05,-1.9957642300925101e-07,0.01427651410911608,0.0015712830229208555,0.002880337066709454,0.01492918178205459
342.8571428571429,3.3000000000000003,9.165537431089555e-05,7.268614250169051e-09,1.3357297878179179e-05,-2.02382712854815e-07,0.015219578242924078,0.0014414207206763941,0.002945696460451257,0.01584510999837847
342.8571428571429,3.4000000000000004,9.077673547130454e-05,7.687044868997443e-09,1.2756446470253939e-05,-2.0531745958672165e-07,0.016186303560389064,0.0013917837951306598,0.003009365366338001,0.016794226534666053
342.8571428571429,3.5000000000000004,9.002566109641607e-05,8.089627226730714e-09,1.1250131530906366e-05,-2.0806757949628414e-07,0.017107055079508538,0.0012393188048123464,0.003066837181436976,0.01769175585373563
342.8571428571429,3.6,8.938708803683667e-05,8.521790746257807e-09,1.0747392448291389e-05,-2.0938674272399097e-07,0.018076413279927473,0.001193814332202582,0.003099516588605604,0.018638559920031196
342.8571428571429,3.7,8.885598890174017e-05,8.937766847951571e-09,9.900654201183265e-06,-2.109627963917174e-07,0.018996049679706396,0.0011076156991603955,0.0031324583828326717,0.019537177560007418
342.8571428571429,3.8000000000000003,8.842389630865551e-05,9.341381633615899e-09,9.226330888890541e-06,-2.115752651563717e-07,0.01987210299949023,0.0010383465428642428,0.003147728086216564,0.020391052581339195
342.8571428571429,3.9000000000000004,8.808406702445976e-05,9.70803569990255e-09,8.442172912965355e-06,-2.1107114456570145e-07,0.020652258766756353,0.0009547388506266243,0.003140465332662651,0.02114597747689315
342.8571428571429,4.0,8.782865946939366e-05,1.005652044304071e-08,7.619080295557903e-06,-2.0951816876396515e-07,0.021375428977185997,0.000864978259171683,0.0031124604750252796,0.021841061598849805
342.8571428571429,4.1,8.764944271728314e-05,1.0381100659198307e-08,7.264116235300941e-06,-2.0666180952307267e-07,0.02203066048409223,0.000827078117688034,0.0030631954566930756,0.02246776340426237
342.8571428571429,4.2,8.754286712752562e-05,1.0653871899265144e-08,6.3441856651828585e-06,-2.0278606704165584e-07,0.022559211298147114,0.0007238135769609272,0.0029974129856607883,0.022965428141052742
342.8571428571429,4.3,8.749973339441994e-05,1.089897886947392e-08,6.039238947878845e-06,-1.975398614204983e-07,0.023014219066562893,0.0006898607671920721,0.0029104284129033604,0.02338955694781601
342.8571428571429,4.3999999999999995,8.751699205079304e-05,1.1074822747666397e-08,5.066049397945716e-06,-1.9114136429585627e-07,0.023309927395987494,0.0005784157714461955,0.002806011138398341,0.023652371488468067
342.8571428571429,4.5,8.75849112011456e-05,1.1220005398785005e-08,4.8242167393814394e-06,-1.833888950782192e-07,0.02353042302924541,0.0005500749991788572,0.0026817231931902785,0.023840441879498662
342.8571428571429,4.6,8.770107251889198e-05,1.1298351612906679e-08,4.107927933049131e-06,-1.7459452653946299e-07,0.02360249750145716,0.00046756280508446137,0.0025426352193765444,0.023879415633566454
342.8571428571429,4.7,8.785831311596885e-05,1.1327211000782879e-08,3.5545118217108402e-06,-1.650437614764657e-07,0.023565593622424337,0.0004036873893558726,0.0023933376957950853,0.023810844103848965
342.8571428571429,4.8,8.805109883126282e-05,1.1296045364585324e-08,2.982981869809964e-06,-1.5486342209491486e-07,0.023400937461000478,0.0003379241364498519,0.002235979348749675,0.02361603849234077
342.8571428571429,4.9,8.82737143652549e-05,1.1222261815850012e-08,2.534474458899631e-06,-1.4376529498589802e-07,0.023147350767959218,0.00028631117396920084,0.0020667133232920103,0.023332904439538324
342.8571428571429,5.0,8.852167464383597e-05,nan,nan,nan,nan,nan,nan,nan
357.14285714285717,0.1,0.0038842015642079103,nan,nan,nan,nan,nan,nan,nan
357.14285714285717,0.2,0.0016319840890857648,6.59011110800434e-09,0.15777013551359753,-3.987811212648191e-05,0.0007906067711392727,0.40618421290855694,0.014123967575044399,0.4066758079789506
357.14285714285717,0.30000000000000004,0.0009574679690995949,4.8939168085622315e-09,0.03815662201204329,-1.63649618875849e-05,0.0010051879799005238,0.23380511040042423,0.013742977358048166,0.234613680133016
357.14285714285717,0.4,0.0006645180692338579,2.6665437520477387e-09,0.013427837926463003,-7.3622968471132524e-06,0.0007927045278303762,0.14024320770845813,0.010585273124302163,0.1410421274054611
357.14285714285717,0.5,0.000505846548632751,2.0236861663135804e-09,0.006057868640622302,-3.947371455162142e-06,0.0007932272448021349,0.09116183473545865,0.008214264086957966,0.09190243517327246
357.14285714285717,0.6,0.0004077537144378671,1.7273309660137447e-09,0.0031985867044073252,-2.3982180846328324e-06,0.000842609641044679,0.06323235204535373,0.006580231504084048,0.06391900522919151
357.14285714285717,0.7000000000000001,0.0003416467472870565,1.4802361914169778e-09,0.0018795735128338026,-1.5920808681053644e-06,0.0008642300571629224,0.04609580357655355,0.005436432858718182,0.04674055632333245
357.14285714285717,0.8,0.0002943355152645839,1.34774294636634e-09,0.0011920382666769209,-1.1265381838694182e-06,0.0009157420235902272,0.03489095904300688,0.0046040741016931275,0.03550510671808093
357.14285714285717,0.9,0.0002589446659088805,1.3619701454791112e-09,0.0008015984269525309,-8.373009255753756e-07,0.0010543936125993899,0.02723417275118698,0.003982407418308715,0.02783039793144515
357.14285714285717,1.0,0.00023156980082270241,1.4097349980408572e-09,0.0005634486472414943,-6.505107660209356e-07,0.0012231906337248348,0.02175942281969095,0.003525232026762452,0.022356726022777638
357.14285714285717,1.1,0.00020982942220893925,1.3960369096939723e-09,0.00040964696791463874,-5.19773364845934e-07,0.0013398250931322595,0.01768999957936131,0.003156957433105688,0.018293823462220048
357.14285714285717,1.2000000000000002,0.00019218551327432248,1.4587815405241271e-09,0.00030733197918025786,-4.2645002320958177e-07,0.0015318973818879082,0.014646753345878718,0.002864952256396991,0.015273833704296799
357.14285714285717,1.3000000000000003,0.00017761492413150828,1.5332720293501059e-09,0.00023597903412972177,-3.5978510271120093e-07,0.001745922073516792,0.012278710820044442,0.002644725677576614,0.012953923386693924
357.14285714285717,1.4000000000000001,0.0001654041253299913,1.6386966592697736e-09,0.00018559369389528155,-3.091315026430272e-07,0.0020079723698817006,0.010449217305515707,0.0024640354263740756,0.011196474288853175
357.14285714285717,1.5000000000000002,0.00015504926346742714,1.743446195600904e-09,0.00014829939519348605,-2.710002505120345e-07,0.0022837691181292175,0.00896588249522917,0.002324485795016935,0.009818814527510364
357.14285714285717,1.6,0.00014617739555679784,1.8275521414496396e-09,0.00011963521497838813,-2.423413303329388e-07,0.002544682745253548,0.007715948615487697,0.002222128525445969,0.008711313544927596
357.14285714285717,1.7000000000000002,0.00013850187979595242,1.9956903017049246e-09,9.953188730037122e-05,-2.1908642241646763e-07,0.0029337360672794573,0.006808979385714784,0.0021353908232692406,0.008005547796606437
357.14285714285717,1.8000000000000003,0.00013182168290811071,2.0777114841125495e-09,8.158912656038929e-05,-2.015702727302856e-07,0.0032012532366908265,0.0058908317114966455,0.002074208533691327,0.007318101025612713
357.14285714285717,1.9000000000000001,0.0001259573772858729,2.2534076310765863e-09,7.000221909971036e-05,-1.8702649099365112e-07,0.003624366470463371,0.005310372129637202,0.0020171396026492047,0.007033760645671577
357.14285714285717,2.0,0.00012079309385463218,2.344043334521585e-09,5.836953484453991e-05,-1.7588336245766625e-07,0.003921496100616617,0.0046340703579484995,0.001980227753598033,0.006685457625459015
357.14285714285717,2.1,0.00011621250577183684,2.5399269500290136e-09,5.077385242093439e-05,-1.6771237570522086e-07,0.004405051872466953,0.004203373785759468,0.0019640353587626123,0.006692361538565744
357.14285714285717,2.2,0.00011213965621325084,2.6746547413207656e-09,4.3404150563629245e-05,-1.610305689220299e-07,0.004794546509284003,0.0037348949904621965,0.0019549523123191122,0.006676885045165202
357.14285714285717,2.3000000000000003,0.00010850084816030114,2.875584575508364e-09,3.836992052523444e-05,-1.5644794070346438e-07,0.00531306211105822,0.003421619239876046,0.0019631238435277214,0.006902450120696742
357.14285714285717,2.4000000000000004,0.00010524573931260379,3.0478760888029933e-09,3.333753061527446e-05,-1.5216121425775791e-07,0.005789485734143904,0.003072559448200901,0.0019679803278671057,0.007120720453039021
357.14285714285717,2.5000000000000004,0.00010232400577105917,3.240495160570974e-09,2.9242792596998513e-05,-1.4928602127398956e-07,0.006313365099826847,0.0027785250774039197,0.001984997046151611,0.007447093865121841
357.14285714285717,2.6,9.969470015548455e-05,3.473537677660209e-09,2.6525406181856488e-05,-1.481581639825078e-07,0.006925564939507011,0.002592295520682089,0.0020205665331212617,0.007927725022187419
357.14285714285717,2.7,9.733064860172848e-05,3.6820997613869735e-09,2.3293626236876123e-05,-1.469443118126969e-07,0.0074976121475686846,0.002336495942166156,0.00205085053876501,0.008371700966221493
357.14285714285717,2.8000000000000003,9.519953331034118e-05,3.905606892965553e-09,2.0901207661799627e-05,-1.4693628608925948e-07,0.008106283992850802,0.002147443581448449,0.002094375352178231,0.008893602776146271
357.14285714285717,2.9000000000000004,9.327743009557188e-05,4.160032511181962e-09,1.905935772423812e-05,-1.476109526033213e-07,0.00878499700152242,0.002002043188815483,0.002144617813659265,0.009507003754073607
357.14285714285717,3.0000000000000004,9.154592045804495e-05,4.409051465366229e-09,1.7292038826046294e-05,-1.4835880139003544e-07,0.009457110790130717,0.0018538288210051357,0.0021930889609644687,0.010123877921814572
357.14285714285717,3.1,8.998733120877849e-05,4.679188350866259e-09,1.583214766953558e-05,-1.4918142437468804e-07,0.010177604389352946,0.0017294214302855122,0.00223988694270463,0.010798551598335053
357.14285714285717,3.2,8.858706343620739e-05,4.940150459899944e-09,1.413928820203036e-05,-1.5072974909932773e-07,0.010879683107335416,0.0015712531988781816,0.002294943799449256,0.011461669826700022
357.14285714285717,3.3000000000000003,8.732818854565659e-05,5.234196370438942e-09,1.3243992097283738e-05,-1.5239521139645158e-07,0.011654563073219834,0.0014950255244458915,0.0023493376049353283,0.01221076230668383
357.14285714285717,3.4000000000000004,8.620175357607862e-05,5.518784722015842e-09,1.2031224591455478e-05,-1.5450462301283006e-07,0.012407172283539452,0.0013777022965689209,0.0024081609144886804,0.012939647045864226
357.14285714285717,3.5000000000000004,8.519563085241521e-05,5.835942817946244e-09,1.1329736503898204e-05,-1.5643758088785551e-07,0.013229658342423315,0.0013143278453029358,0.002461889131074416,0.013743111501024583
357.14285714285717,3.6,8.430280549379079e-05,6.1296788057914806e-09,1.042755455269448e-05,-1.578711548272829e-07,0.013994804907497025,0.001223954145108472,0.0025051770621300215,0.014488079664796016
357.14285714285717,3.7,8.35142556806933e-05,6.430239657833213e-09,9.478877438013785e-06,-1.597178341014827e-07,0.014768771626324922,0.0011243845780093216,0.0025525871738506646,0.015245073256302154
357.14285714285717,3.8000000000000003,8.282049464197596e-05,6.7449468625599615e-09,8.969830500861712e-06,-1.6128810186869984e-07,0.015567282435332307,0.0010740478290505013,0.002593089975656442,0.016029413351841472
357.14285714285717,3.9000000000000004,8.221643190826724e-05,7.068011377937049e-09,8.280156301122754e-06,-1.626749569313213e-07,0.016375848099966304,0.0009997714136962084,0.0026281673316563073,0.016822082835344292
357.14285714285717,4.0,8.169517073756974e-05,7.384901306897796e-09,7.795479278008286e-06,-1.6359586472557087e-07,0.017159805521324446,0.000948165603526321,0.0026532423635081378,0.01759083095309644
357.14285714285717,4.1,8.125186435965232e-05,7.680770931716332e-09,7.131233127071638e-06,-1.641605970402648e-07,0.017883790508912766,0.0008729075492086766,0.00267014366433172,0.01829894163421714
357.14285714285717,4.2,8.087987031300562e-05,7.977583800191984e-09,6.77347227882901e-06,-1.638494408218424e-07,0.018597498345560615,0.0008336389979738793,0.0026705318652223884,0.018995404169914604
357.14285714285717,4.3,8.057561098914721e-05,8.253118255595496e-09,6.119813512988323e-06,-1.6321895922261125e-07,0.019249314057774306,0.0007566547138743678,0.002663494461598152,0.01962898427185635
357.14285714285717,4.3999999999999995,8.033254980041868e-05,8.517618213331569e-09,5.793980959364875e-06,-1.6216190000213122e-07,0.01986230777085309,0.0007190737852605637,0.002644974504956415,0.02022424577966948
357.14285714285717,4.5,8.01474284212838e-05,8.743516726508715e-09,5.316402259829993e-06,-1.5959121150543143e-07,0.02037327142545423,0.000661799267300524,0.00259959699989584,0.020712893954471068
357.14285714285717,4.6,8.001547106474723e-05,8.960424488129345e-09,4.9414470640573825e-06,-1.5677937778940696e-07,0.020851034158196724,0.0006165446803961513,0.0025492242197220666,0.02116938452232484
357.14285714285717,4.7,7.993292817885122e-05,9.135135289512409e-09,4.332314848301521e-06,-1.5348253596244363e-07,0.021219543811744707,0.00054143464890632,0.0024901536558994586,0.021516596420381368
357.14285714285717,4.8,7.989370844143823e-05,9.286445050843317e-09,4.0664703337489955e-06,-1.489362869750513e-07,0.021523784401043133,0.0005087353142687583,0.0024102998925557765,0.021797963154998694
357.14285714285717,4.9,7.989515340736273e-05,9.406044257801456e-09,3.647805134176899e-06,-1.4368897098067863e-07,0.0217460076619891,0.00045635740513709754,0.0023188666433359225,0.02199662238471316
357.14285714285717,5.0,7.9933076424629e-05,nan,nan,nan,nan,nan,nan,nan
371.42857142857144,0.1,0.004033479353911697,nan,nan,nan,nan,nan,nan,nan
371.42857142857144,0.2,0.0017011246088223524,8.335250772210391e-09,0.1624833872414412,-3.938011580025072e-05,0.0009599909896848393,0.40283678924465965,0.01345084070211323,0.40328680933404437
371.42857142857144,0.30000000000000004,0.0009936037361474197,4.58514078058425e-09,0.04004183275175161,-1.6692947715028195e-05,0.0009078931699244206,0.235384477680748,0.013457970113861741,0.23615442092456737
371.42857142857144,0.4,0.0006865011909900034,3.0752149597542284e-09,0.014125565532131332,-7.555327712024845e-06,0.0008850435072203149,0.14216498004427333,0.010472091323202102,0.1429370289545759
371.42857142857144,0.5,0.0005206543011539004,2.050507205308833e-09,0.0063555382679217915,-4.03324887395593e-06,0.0007809032780035403,0.09257869252574014,0.008125352350746042,0.0932923727930246
371.42857142857144,0.6,0.00041836279399701525,1.6098600195618628e-09,0.0033475707218625114,-2.4428771399958657e-06,0.0007652982586807366,0.06429545889553695,0.006512318186498441,0.06495623366803849
371.42857142857144,0.7000000000000001,0.00034954699405875524,1.3435036300410348e-09,0.0019625864751543157,-1.6135998550805479e-06,0.0007664746781842749,0.04691111406929551,0.005369532760653951,0.04752792727218624
371.42857142857144,0.8,0.0003003570588720384,1.3869164039041278e-09,0.0012447040506045305,-1.1346817893675518e-06,0.0009229852091385267,0.03560906177883792,0.004531386353785601,0.03619287370519137
371.42857142857144,0.9,0.00026361416419136684,1.2337487220311597e-09,0.0008334112280233482,-8.424176112554827e-07,0.0009376246429256697,0.027747349476424585,0.003924369883018977,0.028312469000342483
371.42857142857144,1.0,0.00023520538179092876,1.1816571531866115e-09,0.0005847195112733762,-6.484156781813176e-07,0.0010086681672466927,0.02218088368153495,0.0034494816935240285,0.022733386467337306
371.42857142857144,1.1,0.00021264379450322443,1.2583444173256035e-09,0.0004258825019559029,-5.147798085463573e-07,0.001190482890491354,0.01810683491649289,0.003075929454116715,0.018660048344500187
371.42857142857144,1.2000000000000002,0.00019434103223507914,1.2724301870914873e-09,0.0003186601404756337,-4.195274059676684e-07,0.0013198038452388759,0.014985630839596484,0.0027783183555639196,0.015548283494337867
371.42857142857144,1.3000000000000003,0.00017922487137169018,1.3149425804430447e-09,0.0002441335031715314,-3.4958060715197684e-07,0.001481783131561385,0.012562118270331211,0.0025381705334759017,0.013148654531958005
371.42857142857144,1.4000000000000001,0.00016655004554001654,1.3782409440041159e-09,0.00019222044780667615,-2.979433915295989e-07,0.001674474845676161,0.01072509894053905,0.0023502261528864548,0.011352477228894889
371.42857142857144,1.5000000000000002,0.00015579742418640966,1.4180355253682395e-09,0.0001523497471555288,-2.5897794194118103e-07,0.0018452197675685013,0.009147385499749033,0.0022024917767566768,0.009837755715863553
371.42857142857144,1.6,0.00014656830030435806,1.526010101808149e-09,0.00012441994861776208,-2.2789433172512045e-07,0.002114682479461296,0.007986008065762063,0.0020758336642854123,0.008767347239554192
371.42857142857144,1.7000000000000002,0.0001385833759084841,1.570307380283132e-09,0.00010137013996936544,-2.0435822957031323e-07,0.002305789137286494,0.006916239033874593,0.001982339022302757,0.007810913001564379
371.42857142857144,1.8000000000000003,0.00013161215291230378,1.688240158837563e-09,8.483261040080168e-05,-1.851995170555941e-07,0.002613673261675785,0.0061214131813921435,0.001903587335916037,0.007179852139636321
371.42857142857144,1.9000000000000001,0.00012548925602013148,1.7709712098028328e-09,7.100200474565451e-05,-1.6988714662022242e-07,0.002869404743620881,0.0053947909197234085,0.0018410925910599357,0.006642025030663143
371.42857142857144,2.0,0.00012007637917541572,1.901809950884597e-09,6.075949478584647e-05,-1.583360189325376e-07,0.003213134686652307,0.004841808511168414,0.0017958004337244751,0.006341698713193583
371.42857142857144,2.1,0.00011527109727855845,1.9757775095540746e-09,5.116837938692333e-05,-1.484003692760726e-07,0.003469677357277253,0.004261319315114681,0.0017550715920264233,0.00602976416248996
371.42857142857144,2.2,0.0001109774991755704,2.1119347241016347e-09,4.497020327732994e-05,-1.4011560814908102e-07,0.0038434849999158826,0.0039012557648043524,0.001722406320810918,0.005993791834468093
371.42857142857144,2.3000000000000003,0.00010713360310535566,2.2257387857172935e-09,3.849649344543897e-05,-1.3373429627379362e-07,0.00418644105507208,0.00346885573484911,0.0017036702369903724,0.005946783447343802
371.42857142857144,2.4000000000000004,0.00010367467196959531,2.3746954206501887e-09,3.435093298139813e-05,-1.2955701374081615e-07,0.004604763306004925,0.003206364015183665,0.0017058064645515316,0.006107713704096297
371.42857142857144,2.5000000000000004,0.00010055925016364893,2.493745815129053e-09,2.9670782142508717e-05,-1.250631575958843e-07,0.004973688369002635,0.002861912324276298,0.0016975666176636405,0.006220255861828242
371.42857142857144,2.6,9.774053617912765e-05,2.627274014779921e-09,2.6582345372267437e-05,-1.2234283392593177e-07,0.00537820335009806,0.0026434510329987194,0.0017080593719922363,0.006461256710220468
371.42857142857144,2.7,9.518764564832904e-05,2.7749704558971833e-09,2.3486202099975883e-05,-1.2028905228048946e-07,0.005818521805200925,0.0024029131635755576,0.0017236774170526297,0.006750652956966295
371.42857142857144,2.8000000000000003,9.286961713853019e-05,2.9415520663763864e-09,2.117892011243346e-05,-1.182309746452622e-07,0.0063058791084942,0.0022249652219237595,0.0017353361431044136,0.007123016539980998
371.42857142857144,2.9000000000000004,9.076337782985567e-05,3.10078642653412e-09,1.8849208132909974e-05,-1.172909581689843e-07,0.0067842087393183365,0.002029642063108035,0.0017600770281483746,0.007506042726564509
371.42857142857144,3.0000000000000004,8.884563060251025e-05,3.287067338137147e-09,1.7448836389370614e-05,-1.1684862360026979e-07,0.007327798613538637,0.0019224533954741163,0.0017895712282404198,0.007987339353016158
371.42857142857144,3.1,8.710237173905854e-05,3.463915564963262e-09,1.556218389477397e-05,-1.1706995659042808e-07,0.007855789635875885,0.0017515981134061844,0.0018268732707300641,0.008453192216472958
371.42857142857144,3.2,8.551473471455457e-05,3.6550894415627117e-09,1.4210843127292549e-05,-1.1734448942336775e-07,0.0084203786850237,0.001631510467919912,0.0018628731693531107,0.008972468807208254
371.42857142857144,3.3000000000000003,8.406920612132353e-05,3.843694816317459e-09,1.2937674908998561e-05,-1.1764821127173028e-07,0.008982523588292032,0.0015129176219962682,0.0018972168929197806,0.009495973547916505
371.42857142857144,3.4000000000000004,8.275305427718247e-05,4.0493711829390115e-09,1.1970691372932571e-05,-1.1837882044190604e-07,0.009586838410463388,0.0014239091725996799,0.0019365179038710904,0.010071503920675216
371.42857142857144,3.5000000000000004,8.155660934677073e-05,4.25347084079603e-09,1.0931339271070323e-05,-1.193350331610141e-07,0.01018896467983878,0.001320959010703781,0.0019776699629548747,0.01064811208241675
371.42857142857144,3.6,8.04694778090697e-05,4.477348435514933e-09,1.0246999599883222e-05,-1.2060362630267328e-07,0.010838839506282108,0.001256427858141329,0.0020222973055574285,0.011280001134298926
371.42857142857144,3.7,7.94848162673675e-05,4.702664799598131e-09,9.345801750048687e-06,-1.2148977479379596e-07,0.011491780682228298,0.0011614095188020874,0.0020587312618768924,0.0119116180318233
371.42857142857144,3.8000000000000003,7.859361274316579e-05,4.932466039361682e-09,8.883887473043894e-06,-1.225194426082913e-07,0.012154307054917306,0.0011176835891726375,0.0020957832136336025,0.012560295026304725
371.42857142857144,3.9000000000000004,7.779124809369452e-05,5.150415538785736e-09,7.992127721599748e-06,-1.2376763399294548e-07,0.012784612365200372,0.0010168927782613882,0.00213486898947588,0.013175572680356856
371.42857142857144,4.0,7.706880472143924e-05,5.381916637298371e-09,7.54289246163804e-06,-1.2485410490691534e-07,0.013444495240370644,0.0009696325289129076,0.002169432592366536,0.013824164172025711
371.42857142857144,4.1,7.642179027380034e-05,5.622425259928808e-09,7.017599889395702e-06,-1.2574122039154428e-07,0.014121937207952477,0.0009105629592622351,0.002198787434107844,0.014488877381250561
371.42857142857144,4.2,7.58449518250554e-05,5.864976690168359e-09,6.768505564472324e-06,-1.268399627478305e-07,0.014798911197181228,0.0008856774409788683,0.0022301020193278708,0.015157140468595495
371.42857142857144,4.3,7.533579843195519e-05,6.086343322121979e-09,5.975194248150031e-06,-1.271708929520193e-07,0.015415469604481303,0.000787817000916879,0.0022462041978318684,0.015759068035589404
371.42857142857144,4.3999999999999995,7.488639698133648e-05,6.33428813260535e-09,5.734127937948832e-06,-1.2737078197049852e-07,0.016092005880663222,0.0007611425188687702,0.002258229974605629,0.016423495256301088
371.42857142857144,4.5,7.449433681009725e-05,6.570096156094477e-09,5.625103054635342e-06,-1.2802962336966932e-07,0.016729619111114126,0.0007511515150124336,0.002276778994455833,0.017053205838804944
371.42857142857144,4.6,7.415852766940438e-05,6.7752063256089136e-09,4.913803741237788e-06,-1.278197505532668e-07,0.01728034778890146,0.000659621113718238,0.00227829697401786,0.017590531371243234
371.42857142857144,4.7,7.387185656612388e-05,6.989347155702708e-09,4.632545628929806e-06,-1.2706637768953842e-07,0.01784492838199608,0.0006246814458859677,0.0022686037373004365,0.018141797642493712
371.42857142857144,4.8,7.363151091913269e-05,7.188838194536287e-09,4.502804626815186e-06,-1.2613597514271523e-07,0.01836327120420295,0.000609542637226757,0.0022543181428395973,0.01864792675135706
371.42857142857144,4.9,7.343619331840964e-05,7.356846918719072e-09,4.0131179843930646e-06,-1.2459993062712935e-07,0.018792095218787927,0.0005450272491081372,0.0022268616304758366,0.019061944361917372
371.42857142857144,5.0,7.328100689753053e-05,nan,nan,nan,nan,nan,nan,nan
385.7142857142857,0.1,0.004182438074464296,nan,nan,nan,nan,nan,nan,nan
385.7142857142857,0.2,0.0017719662001451054,7.569846646181123e-09,0.16691809203857752,-3.889032364288479e-05,0.0008376199940265235,0.3990927996225195,0.012828066989942903,0.3995057983599134
385.7142857142857,0.30000000000000004,0.0010306752462116904,5.333705076586454e-09,0.04197276153576191,-1.7034988192646516e-05,0.0010184087980642036,0.2368711182658269,0.01319470943411441,0.23760716432608836
385.7142857142857,0.4,0.0007091119076358946,3.2527490853236753e-09,0.014833195547317714,-7.758183352246952e-06,0.0009063880733681688,0.14391725814545397,0.010369342602621177,0.14466528700232772
385.7142857142857,0.5,0.000535880524533276,2.18838072564182e-09,0.006665127498664101,-4.143609351657271e-06,0.000809728209094766,0.09399260436741141,0.008082402297150033,0.0946885198391404
385.7142857142857,0.6,0.00042930041641729846,1.6280106498787809e-09,0.0035001116943427155,-2.4932093769278727e-06,0.0007541295498817847,0.0653151501893287,0.0064576303292024125,0.06595482950148411
385.7142857142857,0.7000000000000001,0.0003577214252447481,1.4860816668134127e-09,0.0020519212571357254,-1.6398781289089327e-06,0.0008281886575190126,0.047796861560487514,0.005317387749981926,0.04839189081294683
385.7142857142857,0.8,0.00030666164664355496,1.1151625983417393e-09,0.0012933579884967102,-1.1529406058876732e-06,0.0007266561158418086,0.036155452182150195,0.004497711315191203,0.03671789163004921
385.7142857142857,0.9,0.00026853544792732894,1.0845897122598872e-09,0.0008672868069110665,-8.493063540768464e-07,0.0008087781164841205,0.028281554488590765,0.0038739423303083805,0.02881866243755845
385.7142857142857,1.0,0.0002390821172802136,1.1275370500610717e-09,0.0006086185147539045,-6.480253261939532e-07,0.000946217294606122,0.022664364032811378,0.0033826255936244528,0.023183033364805653
385.7142857142857,1.1,0.00021571497178063728,1.0709238726117793e-09,0.00044084045447934854,-5.134210490866739e-07,0.000997950671512875,0.018438871944682772,0.003016003006056623,0.018952056679956072
385.7142857142857,1.2000000000000002,0.00019675623082585447,1.0748092810273327e-09,0.00033056843694622735,-4.1651501940061107e-07,0.0011000951738512961,0.01532431588857846,0.002716934581023238,0.01583692943343466
385.7142857142857,1.3000000000000003,0.00018110317424053392,1.0986725333719443e-09,0.0002527121756870046,-3.4382011295702044e-07,0.0012238641552350168,0.012843922381836834,0.00246336161707544,0.013364149300800232
385.7142857142857,1.4000000000000001,0.00016797723941208343,1.1302923615734832e-09,0.00019836753269364326,-2.9121226197205736e-07,0.0013598123469813527,0.010953288561921038,0.0022707673735054366,0.011495059324286532
385.7142857142857,1.5000000000000002,0.00015683497991056936,1.184051216057912e-09,0.00015779152758850596,-2.501357556191208e-07,0.0015282823289062678,0.009393625478116726,0.00210650262120872,0.009972489813797218
385.7142857142857,1.6,0.00014727063568494036,1.2301044207871363e-09,0.00012790514556397425,-2.178859306503489e-07,0.0016936642977931815,0.008155396559932516,0.0019686129207079576,0.008782361041686627
385.7142857142857,1.7000000000000002,0.0001389853429149511,1.3120145912366227e-09,0.0001047111579461035,-1.932490651661961e-07,0.0019172815113432775,0.007110117876459408,0.0018625193577559906,0.007820978284519014
385.7142857142857,1.8000000000000003,0.00013174716172442287,1.378930967073002e-09,8.735769163735364e-05,-1.741440282811013e-07,0.002129289115714816,0.006285388790299291,0.001781368816894403,0.007098347279975044
385.7142857142857,1.9000000000000001,0.00012538255745026818,1.4209044474027206e-09,7.298357998581553e-05,-1.5769933180882445e-07,0.0023093900451114212,0.005539670003553943,0.0017045902598166597,0.006467803493958264
385.7142857142857,2.0,0.00011974778897597164,1.5066199897451116e-09,6.19888183513975e-05,-1.4467610122177473e-07,0.0025606490585941325,0.004943974633472028,0.0016459902281006937,0.006034763992046402
385.7142857142857,2.1,0.00011473290868518905,1.5985758435528393e-09,5.283208300348536e-05,-1.3483511393849013e-07,0.002830197471649222,0.004411946429682018,0.0016041588917276178,0.0057115620041045785
385.7142857142857,2.2,0.00011024634922444132,1.6763223659803835e-09,4.608006919650203e-05,-1.261676532697811e-07,0.003082666376910275,0.004016290506757678,0.001563614027509063,0.005524780455371163
385.7142857142857,2.3000000000000003,0.0001062205904556586,1.7391573040100184e-09,3.9340465821097305e-05,-1.1878851000018503e-07,0.003312966723370824,0.003568414382684668,0.0015291196205490945,0.005327827263022857
385.7142857142857,2.4000000000000004,0.00010258823634508687,1.8320436850928705e-09,3.475400390968443e-05,-1.1296484663134624e-07,0.0036063433743502276,0.0032718707136346007,0.0015063280581704545,0.005314969326169505
385.7142857142857,2.5000000000000004,9.930342227361197e-05,1.9357309536634164e-09,3.039423709969246e-05,-1.0835512221679743e-07,0.003928501184702568,0.0029627409713382895,0.0014930650736341674,0.00535438532883733
385.7142857142857,2.6,9.6322550573134e-05,2.0472900815775705e-09,2.6928432347706847e-05,-1.042547880425935e-07,0.004274728978333481,0.0027117325597813343,0.001481071221663283,0.0054784984476825924
385.7142857142857,2.7,9.36109631961331e-05,2.1609715976287577e-09,2.406418958270708e-05,-1.0132807637600422e-07,0.004633107676497219,0.002498292397732561,0.0014810067601590995,0.0056651490442758586
385.7142857142857,2.8000000000000003,9.114001771495927e-05,2.2639193553066924e-09,2.1306688678955672e-05,-9.879145791881459e-08,0.004974978603999953,0.002276089033964327,0.0014826572630143892,0.005858970773090494
385.7142857142857,2.9000000000000004,8.8882139120575e-05,2.379462095332355e-09,1.9191028979240878e-05,-9.678410024454557e-08,0.0053502251774037194,0.002105664389846938,0.0014887861564359516,0.00612304666083681
385.7142857142857,3.0000000000000004,8.681617081598313e-05,2.4925961054302164e-09,1.7413130181737542e-05,-9.569042634735376e-08,0.0057255835688388625,0.0019591259114629753,0.001506120776200133,0.006415394074078894
385.7142857142857,3.1,8.492433381320864e-05,2.6087624799848616e-09,1.5584580319468168e-05,-9.495745213753194e-08,0.00611235372228813,0.0017951241310217982,0.0015268449571878466,0.006726503528485378
385.7142857142857,3.2,8.318834261362884e-05,2.743724126685744e-09,1.4229979647560812e-05,-9.386116947034114e-08,0.006547920673468667,0.0016756068618518343,0.001539422891483706,0.007100885098293833
385.7142857142857,3.3000000000000003,8.159465121052464e-05,2.8865161873154104e-09,1.2979745309831847e-05,-9.353051760609092e-08,0.007007142845344424,0.001560284157855714,0.0015624795609500636,0.007511139877880752
385.7142857142857,3.4000000000000004,8.013075726051876e-05,3.0247378079473468e-09,1.1877980424521225e-05,-9.349291927519964e-08,0.007459464011149398,0.0014557302774509714,0.0015887067264265305,0.007925322207929868
385.7142857142857,3.5000000000000004,7.878564311475809e-05,3.1735453955046194e-09,1.0936573402770703e-05,-9.329733687373106e-08,0.007941261055365727,0.0013648408896491568,0.001610598073796602,0.008373438368684715
385.7142857142857,3.6,7.754989470302513e-05,3.3258160514153507e-09,1.0095807287159595e-05,-9.374940854477924e-08,0.008434725664394717,0.0012814272864986559,0.0016421443653094271,0.008841941481214248
385.7142857142857,3.7,7.641510436416376e-05,3.4762695339235524e-09,9.30425413719286e-06,-9.420066760066739e-08,0.00892551301419408,0.0011997765016733045,0.0016723406930260955,0.009311159595217843
385.7142857142857,3.8000000000000003,7.537335656667432e-05,3.634793448976202e-09,8.55607219339959e-06,nan,0.009438357081863724,0.00111968337471932,nan,nan
385.7142857142857,3.9000000000000004,7.441716949111888e-05,nan,7.980662388782482e-06,-9.5218165273894e-08,nan,0.0010588174326192957,0.0017307507015333814,nan
385.7142857142857,4.0,7.354078903945127e-05,3.984727975172955e-09,7.474132668080069e-06,nan,0.010551737422046735,0.0010043559462406119,nan,nan
385.7142857142857,4.1,7.273914991446445e-05,4.151634495597504e-09,6.945656602926171e-06,-9.652268907495954e-08,0.011086790076557208,0.000944463160328637,0.0017891747033026472,0.011411012974348139
385.7142857142857,4.2,7.20069673555069e-05,4.319786799167341e-09,6.331196027953788e-06,-9.742856194075213e-08,0.01162357047467961,0.000870397308106952,0.0018212562073814228,0.011937291585600735
385.7142857142857,4.3,7.133809675682888e-05,4.511235656002528e-09,6.3729867900413745e-06,-9.827744971749698e-08,0.012220755034424402,0.0008850514087862064,0.0018510969202422429,0.01252929723583348
385.7142857142857,4.3999999999999995,7.073295602605128e-05,4.659491767296975e-09,5.426585386037981e-06,-9.846572062173712e-08,0.012698123097582791,0.0007606854728036347,0.0018671775981900802,0.012992062074831147
385.7142857142857,4.5,7.018208114913406e-05,4.836824539795349e-09,5.307317033630706e-06,-9.917228708251201e-08,0.01325076631602456,0.0007503315755213167,0.0018918615602172549,0.013538983926468438
385.7142857142857,4.6,6.968427944255314e-05,5.026578990333816e-09,5.070459613915262e-06,-9.990906958665805e-08,0.013832966743622773,0.0007224721083919902,0.0019159475522347155,0.014114341816868627
385.7142857142857,4.7,6.923718233211138e-05,5.199072607252164e-09,4.633801077716999e-06,-1.0011264645839016e-07,0.014363186134628664,0.0006649707961086185,0.0019285451163040524,0.014634953864939473
385.7142857142857,4.8,6.883642323244679e-05,5.3676515958785935e-09,4.296642702518199e-06,-1.0037503970587921e-07,0.014877313904407044,0.0006205686825770015,0.0019411034260007852,0.015141180255215327
385.7142857142857,4.9,6.847863055980738e-05,5.552879036467208e-09,4.295372488599614e-06,-1.0023644775818355e-07,0.01543163620659914,0.0006239970479138644,0.0019447506044810129,0.01568722021761297
385.7142857142857,5.0,6.816379161205396e-05,nan,nan,nan,nan,nan,nan,nan
400.0,0.1,0.004330941306096843,nan,nan,nan,nan,nan,nan,nan
400.0,0.2,0.0018443526581303443,7.907231653704854e-09,0.17110712573522344,-3.8301464429823787e-05,0.0008412012194244624,0.39508068487178294,0.0122170339311053,0.3954591850171092
400.0,0.30000000000000004,0.0010688352675160807,5.253321921585973e-09,0.04390685737239124,-1.7356919553528843e-05,0.000967546305507144,0.238061073509122,0.01292546339012067,0.23876378719116428
400.0,0.4,0.0007323864506257295,3.210251109857691e-09,0.015561572248862891,-7.970691726455029e-06,0.0008662426293667806,0.14559373854707475,0.010276182219873888,0.14631981042373926
400.0,0.5,0.0005515533562240072,2.448411794704969e-09,0.006985002408670049,-4.25532331108857e-06,0.0008801358337519143,0.09537317904642105,0.008037688110250567,0.09605220862021793
400.0,0.6,0.0004405702859089855,1.7069986812262007e-09,0.0036611922809596177,-2.5586119565785202e-06,0.0007704023001111199,0.06637965737393983,0.006438248054370063,0.067005630426143
400.0,0.7000000000000001,0.00036619913840356,1.3194386233149763e-09,0.0021365827720680264,-1.6750628259453502e-06,0.0007181650126683979,0.04849584369176929,0.005291923114482759,0.04907516191375362
400.0,0.8,0.00031319381861881474,1.2346752157435518e-09,0.0013489577668458251,-1.17382301144015e-06,0.0007874746429007903,0.03683672694388599,0.004472349240727756,0.037384065906662746
400.0,0.9,0.00027367807650252775,1.1362232223991519e-09,0.0009026627985310918,-8.571240579168972e-07,0.000830962695858242,0.028821220115768455,0.003826710190471541,0.029336677550929342
400.0,1.0,0.0002431889623715517,1.0034050565027946e-09,0.0006304856709844232,-6.539835764340753e-07,0.0008273780159616221,0.02303749277405492,0.0033479791779052084,0.023533562349276893
400.0,1.1,0.0002190047049504199,9.83058055323842e-10,0.0004570330720204441,-5.142060566596974e-07,0.0009017013273357819,0.018793331225377522,0.0029679933237146856,0.01927745658975008
400.0,1.2000000000000002,0.00019939077824949252,1.0341526134918768e-09,0.00034288444451741404,-4.1440428640645537e-07,0.0010435884813000645,0.015656487589846033,0.0026607607267738666,0.016136107828704834
400.0,1.3000000000000003,0.0001832056959937393,1.014409918400037e-09,0.0002614491456689457,-3.4211322642177814e-07,0.0011159322119653535,0.01311239907704263,0.0024166432731050802,0.013596346703295646
400.0,1.4000000000000001,0.00016963510519467552,1.02646235593251e-09,0.00020496643444352648,-2.8594313737562097e-07,0.0012214525779686656,0.011187776304211134,0.0022019225798168693,0.01167712340982612
400.0,1.5000000000000002,0.000158114178740047,1.0765667244142882e-09,0.00016307604986321364,-2.4433469540303977e-07,0.0013765005211816604,0.009613343280334894,0.002035245319067484,0.010128947118429717
400.0,1.6,0.00014822401278405064,1.089079982769126e-09,0.000132122117320804,-2.1242054941006342e-07,0.0014876957163599445,0.008356120771308175,0.0019012095882139503,0.008903212267816431
400.0,1.7000000000000002,0.0001396550680012623,1.1016340239635717e-09,0.00010774618011441081,-1.8653546641673896e-07,0.0015996007390326674,0.007269144728350294,0.0017836670686229223,0.007858888218405738
400.0,1.8000000000000003,0.0001321635850196181,1.1282342014680605e-09,8.93737341900962e-05,-1.660929472932921e-07,0.0017336904356380653,0.0063996055044195305,0.0016881984109186762,0.007047032062370395
400.0,1.9000000000000001,0.00012556583937987483,1.2181744354561317e-09,7.585785036908961e-05,-1.4945819293775258e-07,0.0019731072212581745,0.00573969375587303,0.001607644649495108,0.0064812251276968845
400.0,2.0,0.00011972667224382247,1.2312970671859637e-09,6.334549521215677e-05,-1.358530783092578e-07,0.002094796048628062,0.00504480323032106,0.0015403121049675109,0.005880759549533073
400.0,2.1,0.00011452096005989166,1.287547680856487e-09,5.420580026534978e-05,-1.2456119893300754e-07,0.002290230726642204,0.004527462364857188,0.0014834049394229648,0.005490359976819664
400.0,2.2,0.00010985730587861435,1.3492643111042041e-09,4.68856170667372e-05,-1.1605473896925499e-07,0.002497679654952302,0.004094064269302072,0.0014450299059069792,0.005213059443155202
400.0,2.3000000000000003,0.00010566250786800441,1.430127820814039e-09,4.079773295294374e-05,-1.0808046821026317e-07,0.002747704746530574,0.003713702300147681,0.0014005059574124588,0.005026360514499969
400.0,2.4000000000000004,0.00010187568718692391,1.4933681621095292e-09,3.53775011132298e-05,-1.0096631966755183e-07,0.0029707988316538566,0.003348160272461453,0.0013579062110870626,0.00487069209296407
400.0,2.5000000000000004,9.844264151697571e-05,1.5695129261468849e-09,3.127834224756208e-05,-9.606328256608866e-08,0.0032255561097943694,0.0030702460136707442,0.0013377095239952468,0.004838342313547901
400.0,2.6,9.532237926950313e-05,1.6222932758446749e-09,2.7317833366759176e-05,-9.174703840514308e-08,0.0034372040441878393,0.002775000035126894,0.001319865868877125,0.004795736508607311
400.0,2.7,9.247529535569814e-05,1.6944892720301556e-09,2.4423120772106593e-05,-8.838716322347578e-08,0.0036941627918565837,0.0025621602145552386,0.0013108807364654118,0.004862953866556784
400.0,2.8000000000000003,8.987244264961421e-05,1.7680095703863495e-09,2.1691497701553964e-05,-8.543060210611725e-08,0.003958944585671945,0.002345653249132054,0.001303733164658801,0.00495729479926779
400.0,2.9000000000000004,8.748650492054583e-05,1.8501027370820847e-09,1.9483692071943197e-05,-8.27496467103103e-08,0.004248007427537327,0.0021679272864435534,0.0012970568141037998,0.005109812969350739
400.0,3.0000000000000004,8.529540411219687e-05,1.932297519221413e-09,1.7439308963018422e-05,-8.09478000191907e-08,0.00454231543257106,0.001993371318108615,0.0013010455807803628,0.005290708639432672
400.0,3.1,8.32786963934781e-05,2.033595889618144e-09,1.5990553726738626e-05,-7.937348533960237e-08,0.004886933469771593,0.0018747262989345576,0.0013061010670769352,0.005550542084222918
400.0,3.2,8.142189421202672e-05,2.117520568307914e-09,1.4408920533722638e-05,-7.778257524918493e-08,0.005194803035851294,0.0017302048612340025,0.0013084349285105614,0.005779584013354289
400.0,3.3000000000000003,7.970918123591257e-05,2.206042820479969e-09,1.2928541424997169e-05,-7.63172743565447e-08,0.005517675654308625,0.0015878458183901489,0.001310576388792545,0.006033342349879561
400.0,3.4000000000000004,7.812575367404838e-05,2.3184776980336057e-09,1.2001309617443264e-05,-7.580287414629981e-08,0.005904832676747195,0.0015056370459914017,0.0013271681244104846,0.006376263977874947
400.0,3.5000000000000004,7.666233920835863e-05,2.414334875899956e-09,1.1012482398827394e-05,-7.538107448791073e-08,0.006253949117698985,0.0014095841487524099,0.0013438940670226572,0.006686621685570327
400.0,3.6,7.530904956665715e-05,2.519054801368571e-09,9.907529802955762e-06,-7.456574867357752e-08,0.00662918780966154,0.0012923594434065388,0.0013520546878058922,0.007019432149708622
400.0,3.7,7.405483522298524e-05,2.648753213874672e-09,9.427409229325775e-06,-7.491961494813885e-08,0.0070740187411965595,0.0012518295322504949,0.0013801182034397913,0.007444344889884294
400.0,3.8000000000000003,7.289489497160657e-05,2.7499468780785196e-09,nan,-7.48624226407222e-08,0.007445782888692369,nan,0.0013995442255566547,nan
400.0,3.9000000000000004,nan,nan,nan,-7.468154162584269e-08,nan,nan,0.0014154592745776403,nan
400.0,4.0,7.082598314831492e-05,2.9750378140272037e-09,nan,-7.518928183384124e-08,0.00825597035633595,nan,0.0014433935138509835,nan
400.0,4.1,6.990378190116886e-05,3.103274435334103e-09,6.899137462278852e-06,-7.573541489834445e-08,0.008706746148095296,0.0009740969564561557,0.0014712032773640338,0.009004730508716113
400.0,4.2,6.90505720286456e-05,3.222022666978041e-09,6.369326353993409e-06,-7.571144521109493e-08,0.009131833633204111,0.0009111561893744848,0.0014869462671973487,0.009415020420000027
400.0,4.3,6.826105541966227e-05,3.351752543359481e-09,5.889294729060462e-06,-7.621273601710451e-08,0.009588581170444152,0.0008528958640078017,0.0015120111451126905,0.00986106868564091
400.0,4.3999999999999995,6.753043175796954e-05,3.500129682459397e-09,5.7124440831868915e-06,-7.688286219342317e-08,0.010098718054857896,0.0008368525871842073,0.0015396073804815232,0.010364613373216392
400.0,4.5,6.685693253710869e-05,3.630483695559451e-09,5.243034646097341e-06,-7.686649630818246e-08,0.010557040027577366,0.0007763958425274824,0.0015524486266319385,0.010810831518658843
400.0,4.6,6.62358636627088e-05,3.757604601103783e-09,4.874853575978054e-06,-7.750030876103563e-08,0.011004750109959913,0.0007291470593976602,0.0015775355331258294,0.01125226275614999
400.0,4.7,6.56635433240687e-05,3.895680931220065e-09,4.555166153199759e-06,-7.806178462738947e-08,0.011482802996303608,0.0006877189941080735,0.0016003155385127862,0.011723896183111955
400.0,4.8,6.51367746469606e-05,4.033956126827026e-09,4.430245103980063e-06,-7.818370960914577e-08,0.011959603851491618,0.0006746887054381934,0.0016131652092888546,0.012193930175246163
400.0,4.9,6.46543084208923e-05,4.163231744713557e-09,4.164872905911421e-06,-7.849230404944461e-08,0.012407361605050536,0.0006394042272564017,0.0016289612048716008,0.012635604021109123
400.0,5.0,6.42134909238831e-05,nan,nan,nan,nan,nan,nan,nan
414.2857142857143,0.1,0.004478695734615251,nan,nan,nan,nan,nan,nan,nan
414.2857142857143,0.2,0.0019183528368612373,7.938687579420513e-09,0.17500574562278565,-3.7717046649305944e-05,0.0008125186226931418,0.3907515848200834,0.011647263868004597,0.39109944865358853
414.2857142857143,0.30000000000000004,0.0011080673953350803,5.762392850295745e-09,0.045853419309436684,-1.7686126914069328e-05,0.0010239648287332281,0.23902495113704395,0.012671131262015582,0.23969791593786371
414.2857142857143,0.4,0.0007563161469032904,3.4178620281346996e-09,0.016316096531970834,-8.200849225931934e-06,0.0008931798299514176,0.14724823237883322,0.010200913012841898,0.14795592911908137
414.2857142857143,0.5,0.0005677258637912087,2.1228929918228796e-09,0.00730529417993466,-4.365284450939275e-06,0.0007414342416640733,0.09659048282713426,0.007985368613592544,0.0972512381479204
414.2857142857143,0.6,0.0004521885224784738,1.8422025409466959e-09,0.003829494358506459,-2.623397466487125e-06,0.0008099390327289306,0.06745323055979047,0.006413670887078952,0.06806515013341642
414.2857142857143,0.7000000000000001,0.0003749461247508035,1.4378718857719466e-09,0.0022274238104766503,-1.7183251710754936e-06,0.0007642018676893937,0.04925874275331006,0.005288327516808324,0.04982911355805379
414.2857142857143,0.8,0.00031997796512789973,1.1031803427853282e-09,0.001404278186301614,-1.196841129888015e-06,0.0006885248435044904,0.037452799045060804,0.0044526898751331406,0.03798472215270314
414.2857142857143,0.9,0.0002790525873680121,9.765799701475475e-10,0.0009373374396908784,-8.720961707121764e-07,0.0007002232910797271,0.029293812132226406,0.0038100925054655255,0.029793478341676633
414.2857142857143,1.0,0.00024750058400503324,9.152313437584041e-10,0.0006546481571071337,-6.624035535569237e-07,0.0007412010211184532,0.023459669852255824,0.003324676804062654,0.023937678254866163
414.2857142857143,1.1,0.00022249506221312573,8.939857777832326e-10,0.00047468368056862104,-5.151146267275352e-07,0.0008066843477192419,0.01917909335353196,0.0029201626774377613,0.01963525048543435
414.2857142857143,1.2000000000000002,0.00020223637722690442,8.590438248697295e-10,0.0003537547938588074,-4.1398548805453045e-07,0.0008541234526417134,0.01589944470407839,0.0026149065811451135,0.01634617207870488
414.2857142857143,1.3000000000000003,0.0001855152401792712,8.74360268560935e-10,0.0002708349959085258,-3.41539921348638e-07,0.0009491372869318967,0.013392001954458244,0.002377085707089055,0.013840074091396766
414.2857142857143,1.4000000000000001,0.00017150245309072322,8.827866244770196e-10,0.00021234190621278326,-2.844956580686891e-07,0.0010380903229663,0.011446062652728066,0.0021617840234363465,0.011892712142181102
414.2857142857143,1.5000000000000002,0.00015961308506430309,8.52732883140776e-10,0.00016759340662512662,-2.4180525835477427e-07,0.001078996931157775,0.009772070521724331,0.0019904129066569726,0.010226489316328202
414.2857142857143,1.6,0.00014939965110413421,8.909932349918369e-10,0.00013633992138048292,-2.0832510617207643e-07,0.001206147665308503,0.008541901268655755,0.0018452144661105514,0.009012685633365852
414.2857142857143,1.7000000000000002,0.00014054961635777017,9.423379942551277e-10,0.00011106785812578022,-1.8171127644465508e-07,0.0013577990521382792,0.007434278280098791,0.0017218923361653783,0.007939895354891422
414.2857142857143,1.8000000000000003,0.00013281026019266393,9.869163355112512e-10,9.268243095678941e-05,-1.6001179861597342e-07,0.0015069129745404655,0.0065942855881488535,0.0016139082672179913,0.007138962734241945
414.2857142857143,1.9000000000000001,0.0001259977283371256,9.96069745727491e-10,7.71644145838282e-05,-1.4330517074619937e-07,0.0016052664436030791,0.005810124494288926,0.0015316789209190874,0.006405193800945444
414.2857142857143,2.0,0.00011995684062742554,1.0561380911569045e-09,6.558233496966214e-05,-1.2997095154788905e-07,0.0017901480542578327,0.0052050410618663615,0.0014662287017604865,0.005881898989579002
414.2857142857143,2.1,0.00011457177626742213,1.0913960496455274e-09,5.5691068885932446e-05,-1.1735116475709375e-07,0.0019394249181673828,0.004642592168536981,0.0013923668951024931,0.0054029993705093276
414.2857142857143,2.2,0.00010974362259627804,1.1400518041642507e-09,4.8081917579056406e-05,-1.0803700930941445e-07,0.002117769170408316,0.004196663362085646,0.0013438821553817147,0.005070401180272694
414.2857142857143,2.3000000000000003,0.00010539628810092451,1.1733123401635107e-09,4.189534358653825e-05,-1.0033429082948521e-07,0.0022661916967906936,0.003817565212027103,0.001304672357467685,0.004807678116862983
414.2857142857143,2.4000000000000004,0.00010146790704143637,1.212840919820709e-09,3.626435388293569e-05,-9.314486350800498e-08,0.002429613599673665,0.003440761960061627,0.0012593311800998277,0.00457314936907484
414.2857142857143,2.5000000000000004,9.790216952077758e-05,1.252928007297977e-09,3.1685622612991585e-05,-8.806723656637103e-08,0.0025974475022800354,0.003122723581955047,0.0012349397724416699,0.004421344657399547
414.2857142857143,2.6,9.465328822624871e-05,1.3078050940776568e-09,2.8103472069233766e-05,-8.386455129808855e-08,0.002799961570795037,0.002870566832869769,0.0012170183571694631,0.004363737629976842
414.2857142857143,2.7,9.168544165241218e-05,1.3486613004122333e-09,2.4809078536418616e-05,-7.899304457488894e-08,0.002976330046045853,0.0026210477207213078,0.0011838479840762769,0.004304814025727082
414.2857142857143,2.8000000000000003,8.896568586393983e-05,1.4251241216964141e-09,2.2251263220877587e-05,-7.530489019207122e-08,0.0032361605951111002,0.0024269134575622318,0.0011633205835819254,0.0043668379736620955
414.2857142857143,2.9000000000000004,8.646844270767626e-05,1.4765677689535934e-09,1.977842894920864e-05,-7.302442437734421e-08,0.0034444210713939333,0.0022231525286565985,0.0011607630011800578,0.00441601462549116
414.2857142857143,3.0000000000000004,8.416898384090478e-05,1.5331423981844015e-09,1.7855356892409554e-05,-6.983558044961289e-08,0.0036682656816952766,0.002064956455012511,0.00114034861740818,0.004507882896776561
414.2857142857143,3.1,8.204807854305739e-05,1.6042167643657134e-09,1.6041961997132346e-05,nan,0.003931271628632325,0.0019059232112692101,nan,nan
414.2857142857143,3.2,8.008759286518133e-05,nan,1.4681689450135167e-05,-6.636530968186986e-08,nan,0.0017894007648735465,0.0011384374319677608,nan
414.2857142857143,3.3000000000000003,7.827392408180661e-05,1.7514532693887105e-09,1.3365350303051908e-05,nan,0.004484294496445623,0.0016688415552145526,nan,nan
414.2857142857143,3.4000000000000004,7.659390880146242e-05,1.806681929650108e-09,1.178631840858396e-05,-6.354217482490801e-08,0.004719450124296901,0.0015057783989807,0.0011388215768456075,0.00520906970872354
414.2857142857143,3.5000000000000004,7.503175670520407e-05,1.886460794967694e-09,1.1269263794930292e-05,-6.290909603411579e-08,0.005021918231931826,0.0014713002601996893,0.0011503266588191235,0.0054800447103881276
414.2857142857143,3.6,7.358229724689501e-05,1.9553202230214012e-09,1.0229017360333275e-05,-6.185650746671561e-08,0.005298764833309365,0.0013632917326622863,0.0011526707918212123,0.005709008058822202
414.2857142857143,3.7,7.22351279621893e-05,2.0079012107851117e-09,8.968834764269845e-06,-6.113984586277718e-08,0.005533409885650476,0.0012188848540806204,0.0011597893938299706,0.005898688678528689
414.2857142857143,3.8000000000000003,7.097764702512628e-05,2.1102616807015796e-09,8.924172884846409e-06,nan,0.005908035799907801,0.0012354339414360385,nan,nan
414.2857142857143,3.9000000000000004,6.980940781691172e-05,nan,7.715922277266806e-06,-6.064383205504767e-08,nan,0.0010870918663357988,0.0011884789164820142,nan
414.2857142857143,4.0,6.871832783146983e-05,2.278226612735156e-09,7.448735517882289e-06,nan,0.006564599402835193,0.0010670102713688674,nan,nan
414.2857142857143,4.1,6.770173520120677e-05,2.360811971763363e-09,6.658977716264979e-06,-6.032231299257175e-08,0.006892307518719571,0.0009690249932443024,0.001216710718523662,0.0071696361354863175
414.2857142857143,4.2,6.675173234810635e-05,2.4628086131459547e-09,6.631571878757562e-06,-6.043122780616957e-08,0.007278925980140152,0.0009795276087162029,0.0012349879089437583,0.007549346198914917
414.2857142857143,4.3,6.586804521379351e-05,2.540179951075895e-09,5.786159050089262e-06,-6.016508340802565e-08,0.007594433875378044,0.0008668178107969969,0.00124474159488014,0.007843823192847604
414.2857142857143,4.3999999999999995,6.504221966998156e-05,2.6340358707188073e-09,5.630483882379435e-06,-6.021281155613105e-08,0.007960238472776856,0.0008548126582630615,0.0012601373022173806,0.008201950576849568
414.2857142857143,4.5,6.427269896499341e-05,2.728210216720104e-09,5.112770471712513e-06,-6.070197278860149e-08,0.008327896212407935,0.0007860694941922733,0.0012841189035265206,0.008559771217218742
414.2857142857143,4.6,6.355430596472238e-05,2.8291676106226883e-09,4.902827631345931e-06,-6.07887266075359e-08,0.00871704712669289,0.0007628165162344112,0.0012989085008135056,0.008941092004525843
414.2857142857143,4.7,6.288494124076482e-05,2.9309372813574833e-09,4.480589708084133e-06,-6.087235294516483e-08,0.009109323610989319,0.0007050017524495054,0.0013128915273182675,0.009323313383432553
414.2857142857143,4.8,6.226038241388809e-05,3.034120172001803e-09,4.380182654004614e-06,-6.132800567875471e-08,0.009506276626741259,0.0006965391980306385,0.0013342477766018095,0.009716732805694211
414.2857142857143,4.9,6.167962541355141e-05,3.13534617791494e-09,4.035492856942429e-06,-6.175312932913758e-08,0.009896735152682417,0.0006481638403882104,0.0013543617512937242,0.010101191739248467
414.2857142857143,5.0,6.113922334178415e-05,nan,nan,nan,nan,nan,nan,nan
428.57142857142856,0.1,0.004626107541128896,nan,nan,nan,nan,nan,nan,nan
428.57142857142856,0.2,0.001993973155914461,9.276708469605118e-09,0.17866367509949302,-3.716528181681535e-05,0.0009139357871287998,0.38620735361438285,0.011123650777161648,0.38652868778096205
428.57142857142856,0.30000000000000004,0.0011484755216949567,5.496223413167698e-09,0.04779654785682833,-1.8049501744610957e-05,0.0009425825437861855,0.23970507183136197,0.01244758304823834,0.24035243824645475
428.57142857142856,0.4,0.0007809433660437359,3.623038765725318e-09,0.017092040443361413,-8.44135420425768e-06,0.0009170116754532697,0.14882372432401902,0.010133633159545394,0.1495149586968107
428.57142857142856,0.5,0.0005843316148261292,2.4015838785201977e-09,0.007646285514167351,-4.494258939529986e-06,0.0008149264393286412,0.0979108837674553,0.007962657124547535,0.09855969298953743
428.57142857142856,0.6,0.00046418271875019613,1.5874125723731715e-09,0.00399527316657783,-2.6939747580499166e-06,0.0006798765023455432,0.06837338704952058,0.006399001483138395,0.06897301449584761
428.57142857142856,0.7000000000000001,0.0003839865543400413,1.1104408208126935e-09,0.00231968605525646,-1.7604298537989235e-06,0.000576270816287468,0.049973554842846685,0.005277849241708589,0.05053117509934949
428.57142857142856,0.8,0.0003269872504824511,1.1475036542785027e-09,0.0014638453643359506,-1.2155183954595981e-06,0.0007006669496477447,0.03812230787226041,0.004415610768126316,0.03863672512769325
428.57142857142856,0.9,0.00028462640026822043,1.0487693004327653e-09,0.0009733437491414509,-8.856163599511734e-07,0.0007369974193395203,0.02976702448506288,0.0037853080277352033,0.030253529143227556
428.57142857142856,1.0,0.00025199898754540425,9.56887354613377e-10,0.0006796290730342137,-6.699405361190836e-07,0.0007607662906175394,0.023877935159695617,0.0032954922709777295,0.0243404003963722
428.57142857142856,1.1,0.00022616786555293018,9.203279810563375e-10,0.0004920547710160157,-5.225139764765808e-07,0.0008165164071249163,0.01952606142623328,0.0029079463996926178,0.0199711311244784
428.57142857142856,1.2000000000000002,0.00020525729127061627,8.058930805289052e-10,0.0003656508247635621,-4.1829439846119175e-07,0.0007890321737975736,0.016167231532632945,0.002597780057409471,0.016598158622401386
428.57142857142856,1.3000000000000003,0.00018800322523593798,8.193039988921182e-10,0.00028008023211187897,-3.4072121007236673e-07,0.0008769867176655243,0.01364532438180792,0.0023351484517788682,0.014066620765891642
428.57142857142856,1.4000000000000001,0.00017354996152237848,8.050741966572128e-10,0.0002189320698748497,-2.8540398190880816e-07,0.0009347929057781511,0.011645123087654323,0.002138484019960019,0.012067682350416822
428.57142857142856,1.5000000000000002,0.00016128601850756748,8.154983167889441e-10,0.00017350492855412744,-2.396762545580455e-07,0.001020247295262967,0.009997405187079502,0.0019480609906792797,0.010420119877666868
428.57142857142856,1.6,0.00015075712477829775,8.564796924508024e-10,0.0001408247541628604,-2.0449514499714725e-07,0.001147760679254562,0.008731367756855686,0.0017908673751710618,0.009163435458014978
428.57142857142856,1.7000000000000002,0.00014163647859065663,8.331321185726095e-10,0.00011425144597373806,-1.786490274418035e-07,0.0011898870158062358,0.00757851054414545,0.0016758416063389003,0.008029106012326722
428.57142857142856,1.8000000000000003,0.0001336583468627529,8.462995640112319e-10,9.526816994715846e-05,-1.5719833138388244e-07,0.0012824123084278593,0.00672624530736131,0.0015715848000001245,0.007199077359689238
428.57142857142856,1.9000000000000001,0.00012663289683432073,8.581774495987934e-10,7.95100591090438e-05,-1.3951865148993198e-07,0.001374245546968222,0.005948753742307522,0.0014799051124939474,0.006454181605281275
428.57142857142856,2.0,0.000120402547396979,8.831003475410654e-10,6.731284029980849e-05,-1.2476360505682298e-07,0.0014891087008439803,0.0053155887595209,0.0013985345353369387,0.005863849100747256
428.57142857142856,2.1,0.00011484532636263535,9.086568474306065e-10,5.744976191529267e-05,-1.1277815928857206e-07,0.001608267395043016,0.00477147395610121,0.0013311879800588598,0.005375649784371835
428.57142857142856,2.2,0.00010986260294744463,9.272307876523266e-10,4.896402995832534e-05,-1.0312033312896322e-07,0.0017176125508820048,0.004263476060289701,0.0012776170564759422,0.004938828978372027
428.57142857142856,2.3000000000000003,0.00010536951983183716,9.644074899652578e-10,4.312087347845802e-05,-9.499703652175314e-08,0.001864872636685896,0.00392498196124899,0.0012318149168411628,0.004681663094018468
428.57142857142856,2.4000000000000004,0.00010130764545101428,1.003884792612367e-09,3.716260477141852e-05,-8.772621418742873e-08,0.0020191058773711273,0.003526883754498227,0.0011874519084754606,0.004397247051470063
428.57142857142856,2.5000000000000004,9.761739711790557e-05,1.036514003806926e-09,3.2394739698878465e-05,-8.207574092791306e-08,0.002160661721799589,0.0031976599154643704,0.0011555482111261588,0.0041909511268316295
428.57142857142856,2.6,9.425109618178566e-05,1.0766824962322424e-09,2.860297035446135e-05,-7.710385376532595e-08,0.002321431466330344,0.0029301099188204873,0.0011250860227210553,0.004062785412285938
428.57142857142856,2.7,9.117082494921035e-05,1.130080241610023e-09,2.5921701911947058e-05,-7.210861863682321e-08,0.002515433383754349,0.002750281212851986,0.0010883120308730282,0.0040324059829038045
428.57142857142856,2.8000000000000003,8.834977073575452e-05,1.1521273948793256e-09,2.2300433351895055e-05,-6.80973908396973e-08,0.0026429070656622043,0.002446005436971557,0.0010610407187943542,0.00390121970277257
428.57142857142856,2.9000000000000004,8.575172085581764e-05,1.2039837549351324e-09,2.0177879744303248e-05,-6.502821078404983e-08,0.002841625947001259,0.002283863282979342,0.0010441940965788452,0.003933389396013596
428.57142857142856,3.0000000000000004,8.335544977332379e-05,1.268003099003581e-09,1.8567317820790556e-05,-6.231919375805322e-08,0.003074483388595107,0.0021652414243685586,0.0010295943452495908,0.00403247412441651
428.57142857142856,3.1,8.114485186903784e-05,1.2867935868866832e-09,nan,-5.99632624733651e-08,0.0032006957476951657,nan,0.0010177359833082411,nan
428.57142857142856,3.2,nan,nan,nan,-5.810665234993321e-08,nan,nan,0.0010117178224165906,nan
428.57142857142856,3.3000000000000003,7.719610637043305e-05,1.370799487157912e-09,nan,-5.694135940270731e-08,0.003574051009462415,nan,0.001015697890728964,nan
428.57142857142856,3.4000000000000004,7.543077452676423e-05,1.420755716222067e-09,1.2072351792708097e-05,-5.487938176401671e-08,0.0037855509753307215,0.0015638550129429768,0.0010015994180105326,0.004333871419026219
428.57142857142856,3.5000000000000004,7.37861662010225e-05,1.4783501672838851e-09,1.1303199532586683e-05,-5.34232642835076e-08,0.0040210189527829015,0.0014984864736575256,0.0009964101606860704,0.0045166050908852715
428.57142857142856,3.6,7.225458987060663e-05,1.5377207118678034e-09,1.0218291850568006e-05,-5.3157822832387716e-08,0.004264892034960908,0.0013848519819730663,0.0010121014119631288,0.00470699666645763
428.57142857142856,3.7,7.082519645869644e-05,1.6004729212276483e-09,9.526168098249772e-06,-5.169001337090249e-08,0.004521721439354573,0.0013184170189477534,0.001003541327289321,0.004919184749745134
428.57142857142856,3.8000000000000003,6.949106472776875e-05,1.6473745639601165e-09,8.56643623955923e-06,-5.06992357664299e-08,0.004736686896440646,0.0012095181754356267,0.0010026628554494954,0.0050901672443071965
428.57142857142856,3.9000000000000004,6.824259735923665e-05,1.7183080707533046e-09,8.148673060083933e-06,-5.0429758819892984e-08,0.00502332174769305,0.0011726217020859245,0.0010150028300366712,0.005354368732821241
428.57142857142856,4.0,6.707561672130539e-05,1.7654036825108716e-09,7.285077945489737e-06,-4.970720732495316e-08,0.005242945764078243,0.0010675264757494906,0.0010172023857406484,0.00554053196440604
428.57142857142856,4.1,6.598148686282903e-05,1.8301974965407664e-09,6.8149665897283465e-06,-4.935820609829053e-08,0.00551698847985992,0.0010160125128694782,0.0010260977707502762,0.005794410805551483
428.57142857142856,4.2,6.495550667024995e-05,1.8878166751399474e-09,6.391260190202296e-06,-4.895630209584261e-08,0.00577166607756455,0.0009686444628762743,0.0010330248436732188,0.006031971656238313
428.57142857142856,4.3,6.39934390795729e-05,1.9721274371173898e-09,6.019443406076677e-06,-4.8916121705982164e-08,0.006110322324891631,0.0009267025560488197,0.0010468668213922568,0.006355051284208517
428.57142857142856,4.3999999999999995,6.30915659229566e-05,2.0315603452243125e-09,5.555022178681874e-06,-4.907645092388342e-08,0.006374385040828227,0.000868061204176644,0.0010643888911229759,0.00660697830524842
428.57142857142856,4.5,6.224524298812714e-05,2.095915269176181e-09,5.120935846333537e-06,-4.8622624545569114e-08,0.00665504665159503,0.0008116672603414057,0.0010679354511637861,0.006872366545239066
428.57142857142856,4.6,6.1450129411761e-05,2.174650356125338e-09,4.947378764922195e-06,-4.853676184016214e-08,0.006983101906170869,0.0007948203794249587,0.0010788131246518397,0.007191879252556913
428.57142857142856,4.7,6.0704489623044095e-05,2.2362432180251344e-09,4.4348544856091595e-06,-4.852204805558738e-08,0.007257320400389611,0.0007216997796525989,0.0010906768700528085,0.007454441765524646
428.57142857142856,4.8,6.000319837918329e-05,2.3155063316543922e-09,4.290183780946516e-06,-4.8300877638010025e-08,0.007589935915284689,0.0007067325345435267,0.0010972619582230927,0.007779110854296775
428.57142857142856,4.9,5.9344808973131945e-05,2.396593906608529e-09,4.0620064287255145e-06,-4.87140709328074e-08,0.00792969791868398,0.000676964984942325,0.0011177497986020583,0.00811400763476156
428.57142857142856,5.0,5.872703963136786e-05,nan,nan,nan,nan,nan,nan,nan
442.8571428571429,0.1,0.004773006704535819,nan,nan,nan,nan,nan,nan,nan
442.8571428571429,0.2,0.0020714866807778082,7.012251773085886e-09,0.18200386692826206,-3.6565868444724845e-05,0.0006654812945870672,0.3813191101435132,0.010618766720744886,0.38161528145415435
442.8571428571429,0.30000000000000004,0.0011900053263024183,5.832391774374293e-09,0.04977860090236275,-1.837536988422738e-05,0.0009655711005514111,0.24030374592450549,0.012207099423047848,0.2409249866359815
442.8571428571429,0.4,0.000806309980850656,3.541613567704248e-09,0.017881284962103776,-8.675156026934254e-06,0.000868307091228398,0.15026222628485592,0.010053398663015111,0.15093585476831192
442.8571428571429,0.5,0.0006014274850199314,2.380580274077688e-09,0.007995588758217554,-4.627769983350031e-06,0.0007848554084080776,0.0991627159294521,0.007942221226030229,0.09979988970196176
442.8571428571429,0.6,0.00047650087677138237,1.8389305340951171e-09,0.004167933598212187,-2.764613772518374e-06,0.0007671633239002418,0.06930068382348807,0.006380274030678569,0.06988983553694844
442.8571428571429,0.7000000000000001,0.0003932536045049552,1.6938309266686479e-09,0.0024224388017715,-1.795411066087889e-06,0.0008580508009536404,0.05083807648340905,0.00524305538998252,0.051383124966810016
442.8571428571429,0.8,0.000334230720256243,1.2993655080987507e-09,0.0015206411712006638,-1.2427364938369699e-06,0.0007759616250659404,0.03866820682075918,0.0044067664545825785,0.03917488374388685
442.8571428571429,0.9,0.0002904142477195375,9.933956924821677e-10,0.0010094899036537856,-9.062492369673522e-07,0.0006839760859702325,0.030203384742127987,0.003788389320589526,0.030682504142522368
442.8571428571429,1.0,0.00025669267421936983,9.122612513108684e-10,0.0007057390210482723,-6.824210535655563e-07,0.0007117557827426655,0.024301115616401425,0.003289039597349387,0.024752502488472578
442.8571428571429,1.1,0.0002300284909296849,7.723825233574905e-10,0.0005078365649946295,-5.319423699675778e-07,0.0006734940327194589,0.019783835535588056,0.002905189058028624,0.020217170663499973
442.8571428571429,1.2000000000000002,0.00020844267328994626,7.992605076474246e-10,0.0003801559540130239,-4.2363979763416267e-07,0.0007701661478518436,0.016526472545926058,0.0025858069929156255,0.016943737672537526
442.8571428571429,1.3000000000000003,0.00019065841519033786,7.23735328678525e-10,0.000288761371976495,-3.4272630152025545e-07,0.0007634657821865353,0.013853275215618854,0.0023117536149810883,0.014254280892174308
442.8571428571429,1.4000000000000001,0.0001757617708104944,7.43936830978232e-10,0.00022602537480970463,-2.8374620523004614e-07,0.0008523424491798007,0.011854990747933121,0.0020952599238146397,0.012249388620700267
442.8571428571429,1.5000000000000002,0.000163125380178748,7.739587577870362e-10,0.00018004006794292677,-2.391828902503418e-07,0.0009565660806043581,0.010243414544169861,0.0019182544188176055,0.010639640981767194
442.8571428571429,1.6,0.00015228939022643084,7.063455358003452e-10,0.00014399675124033887,-2.0555585463930094e-07,0.0009362607984198451,0.00882736647617627,0.0017783819792396467,0.009226281380683501
442.8571428571429,1.7000000000000002,0.0001428933677865171,7.266250860230677e-10,0.00011818023829754927,-1.7844278534861226e-07,0.0010276668485332385,0.007760241085858542,0.001655681013760714,0.008170679292499285
442.8571428571429,1.8000000000000003,0.00013467914772957883,7.223004428492705e-10,9.782759138954668e-05,-1.5519738850736253e-07,0.0010851021106389424,0.006846195376660256,0.0015364711451762447,0.0072642497813494656
442.8571428571429,1.9000000000000001,0.00012744320358653604,7.576061555394414e-10,8.212192837618819e-05,-1.367702945879561e-07,0.0012040788114254589,0.006097597865786926,0.001438277046062256,0.006539708498047307
442.8571428571429,2.0,0.00012102847872725512,7.624536525746291e-10,6.905627628193857e-05,-1.225188478853391e-07,0.0012774219672670951,0.00541859230924372,0.0013630518094691088,0.00589141493758891
442.8571428571429,2.1,0.0001153043166307936,7.699799585091772e-10,5.906595372694226e-05,-1.1006122382344345e-07,0.0013555742141939157,0.004880335136662414,0.0012907832129484633,0.0053840036313126975
442.8571428571429,2.2,0.0001101708140716015,7.943974054869692e-10,5.022579054353735e-05,-9.882505997835276e-08,0.0014652949984174308,0.004355933239200507,0.0012178926357712188,0.004907929172399546
442.8571428571429,2.3000000000000003,0.00010553956941784476,8.344969641916194e-10,4.439335439760592e-05,-9.069160338281079e-08,0.0016084777514683028,0.0040295022571725835,0.0011709877995847628,0.004643976095016016
442.8571428571429,2.4000000000000004,0.0001013522583080641,8.382955284173148e-10,3.792109869148196e-05,-8.369783847820762e-08,0.0016843966714868521,0.00359306930098866,0.0011292824512311832,0.004277604102525215
442.8571428571429,2.5000000000000004,9.754415818519824e-05,8.751849702081423e-10,3.32577196670257e-05,-7.741918891675535e-08,0.0018290838723443472,0.003281398976423158,0.001088914753687845,0.004060122872049473
442.8571428571429,2.6,9.406863525900265e-05,8.958812811098553e-10,2.9372453393820856e-05,-7.158111943331068e-08,0.0019398492104492704,0.003011195538543072,0.0010472015962760368,0.00387602578643493
442.8571428571429,2.7,9.088683686674526e-05,9.362552937014731e-10,2.639451728526166e-05,-6.696460898209261e-08,0.002095763738291398,0.0028058786238993124,0.0010149879523179749,0.0037849150037343646
442.8571428571429,2.8000000000000003,8.79689836473405e-05,9.644686527952289e-10,2.2957954641820768e-05,-6.354200986972742e-08,0.0022278534020631325,0.0025259933597954155,0.0009956507453394768,0.0036505635247458595
442.8571428571429,2.9000000000000004,8.528070997435394e-05,9.899024475355206e-10,2.0825554702921157e-05,-5.981550816504874e-08,0.002355881673791558,0.002367374708614218,0.0009671867310855203,0.003609091550164522
442.8571428571429,3.0000000000000004,8.280069184839659e-05,9.945486220030043e-10,1.835624086783796e-05,-5.723550734670862e-08,0.002434983040499186,0.0021524493491386445,0.000953508683898917,0.003518598901362206
442.8571428571429,3.1,8.050423613111762e-05,1.049435835101619e-09,1.6887324470097152e-05,nan,0.002639361261486105,0.002039514899346119,nan,nan
442.8571428571429,3.2,7.837665365853962e-05,nan,1.4897247047702865e-05,-5.246289826167778e-08,nan,0.0018504923173781383,0.0009236198697810399,nan
442.8571428571429,3.3000000000000003,7.639804365643865e-05,1.1234550493015424e-09,1.3815674389613298e-05,nan,0.0029700531730652065,0.0017627282800058662,nan,nan
442.8571428571429,3.4000000000000004,7.455759039823381e-05,1.170971697741039e-09,1.25142672584172e-05,-4.8551099684816765e-08,0.003168120934257749,0.0016380350411450005,0.0008984742507948256,0.0037861142360979738
442.8571428571429,3.5000000000000004,7.284227981261315e-05,1.1930962673931677e-09,1.1373382076816541e-05,-4.703716752034156e-08,0.0032999279769938294,0.0015254492555443378,0.0008908294263456827,0.0038475543164813303
442.8571428571429,3.6,7.124070304776065e-05,1.2328174114639518e-09,1.0276579907658385e-05,-4.546750702231202e-08,0.0034820679287674355,0.0014107987742963154,0.00088029484122385,0.003957902001954744
442.8571428571429,3.7,6.974189208198473e-05,1.2863023561315242e-09,9.760020480650582e-06,-4.489254784313343e-08,0.0037064589729432027,0.0013700061991397453,0.0008875866753838633,0.004146127749651531
442.8571428571429,3.8000000000000003,6.834068132101533e-05,1.3134925941491722e-09,8.699145799592862e-06,-4.41226349254503e-08,0.003857470225010819,0.0012473343552776898,0.0008899705014520512,0.004244998765324986
442.8571428571429,3.9000000000000004,6.702646201804184e-05,1.3526120301532971e-09,8.094936189112878e-06,-4.300294616552744e-08,0.004045028796408988,0.0011844974373446317,0.0008840385519653592,0.004396400853604681
442.8571428571429,4.0,6.579319207695949e-05,1.4034142299206527e-09,7.482608174573262e-06,-4.2246876304362074e-08,0.004269972925046124,0.001116366275242028,0.0008843842815228689,0.004587288257340513
442.8571428571429,4.1,6.463474821762287e-05,1.4496118729423856e-09,6.824534331952653e-06,-4.124006903223854e-08,0.004483669159477611,0.0010372705923691729,0.000878327881449895,0.004766774501495648
442.8571428571429,4.2,6.354454970160578e-05,1.508309075141033e-09,6.695674693040126e-06,-4.104419265400584e-08,0.004738908129265554,0.001035924928568768,0.0008886517070491492,0.005010967414395357
442.8571428571429,4.3,6.252130793251909e-05,1.529220996737192e-09,5.745016458584095e-06,-4.0680362484487454e-08,0.004876842410569666,0.0009040927169303582,0.0008946863249684223,0.005118779422724568
442.8571428571429,4.3999999999999995,6.155551632801824e-05,1.595166663258586e-09,5.580009777942382e-06,-4.0293863080497177e-08,0.005159869028913969,0.0008924972881189619,0.0008995087992066007,0.005388787615460967
442.8571428571429,4.5,6.0645524821296806e-05,1.6513456242932827e-09,5.422573935186312e-06,-3.9980011143904874e-08,0.005414217937016386,0.0008809241248648448,0.0009052604860670939,0.005632830219219085
442.8571428571429,4.6,5.9789759053927236e-05,1.6940698276040929e-09,4.64208857096183e-06,-3.968544155939243e-08,0.0056261644939605854,0.0007654461866132083,0.0009108083641476516,0.00582226575570938
442.8571428571429,4.7,5.8980414172267284e-05,1.7588546433057814e-09,4.749736645368772e-06,-3.962153197001744e-08,0.005913070506551129,0.0007944063867333466,0.0009211077189003149,0.006106747348823515
442.8571428571429,4.8,5.821856665706102e-05,1.802428302470931e-09,4.2374188124771094e-06,-3.924840643744852e-08,0.006130381723717702,0.0007184450756993079,0.0009236409432262714,0.006309038642241497
442.8571428571429,4.9,5.749909332997953e-05,1.8519731483381759e-09,3.942146244300683e-06,-3.933828154861161e-08,0.00636877446035088,0.0006771287014883183,0.0009365758257470082,0.006540194183657262
442.8571428571429,5.0,5.681904146534104e-05,nan,nan,nan,nan,nan,nan,nan
457.1428571428571,0.1,0.004919305254063548,nan,nan,nan,nan,nan,nan,nan
457.1428571428571,0.2,0.002150431277431581,7.3654237691949366e-09,0.18511681141458516,-3.598192046634788e-05,0.0006737916728405194,0.3763068194673854,0.010148068523781662,0.3765809912388098
457.1428571428571,0.30000000000000004,0.0012327254149454665,5.957116489467266e-09,0.05173798214773475,-1.8628365962120385e-05,0.0009522792886748761,0.24059351577851515,0.011928908342624934,0.24118611978926927
457.1428571428571,0.4,0.0008323993739366994,3.752171793572881e-09,0.018693585499479675,-8.91625538533218e-06,0.0008911787264890375,0.15164435869367268,0.009977202469852805,0.1523019857434127
457.1428571428571,0.5,0.000619009187922729,2.65814595462196e-09,0.008357532482954358,-4.756294446538446e-06,0.0008514367511420032,0.10040291649222115,0.007907676040989034,0.10102738868952119
457.1428571428571,0.6,0.0004891943267383023,1.856169857906647e-09,0.004348686889694627,-2.83724941604247e-06,0.0007542014240602126,0.07025238032876298,0.006361640505638899,0.07083012566338696
457.1428571428571,0.7000000000000001,0.00040286633445082184,1.3110972833560403e-09,0.00252010245009994,-1.8431301750523664e-06,0.0006482690621541097,0.051515365415267494,0.005242321858541515,0.052050139323373275
457.1428571428571,0.8,0.0003417393666643408,1.0595998328976429e-09,0.0015792430107787099,-1.2805962427674802e-06,0.000618789644279105,0.03920017325179325,0.004432315245291053,0.03970298881018598
457.1428571428571,0.9,0.00029640482898564684,9.51459547488227e-10,0.001050224535195616,-9.269529694152878e-07,0.000641712164101889,0.03073173996448455,0.003789281729571098,0.031202066402698007
457.1428571428571,1.0,0.00026157253665890905,8.669995811433263e-10,0.0007306501060667891,-6.947808786198824e-07,0.0006636129823403722,0.024650411687529232,0.003280166136972897,0.025091874348627204
457.1428571428571,1.1,0.00023404674539283913,8.263976150917756e-10,0.0005270215571822851,-5.387823460636075e-07,0.0007079292651894559,0.020148199192238675,0.0028867380918740576,0.02056982275462752
457.1428571428571,1.2000000000000002,0.00021179116969859206,7.884809941179396e-10,0.00039257122278781557,-4.281067648196354e-07,0.0007473945873725703,0.016773197257193166,0.002567148202447557,0.017177870784372714
457.1428571428571,1.3000000000000003,0.00019346130623222314,7.499697285775032e-10,0.0002993961175812867,-3.4821099498155414e-07,0.0007792342314132624,0.014136383401034548,0.002310464176029742,0.014530004510181162
457.1428571428571,1.4000000000000001,0.0001781254039416671,6.902332538707688e-10,0.00023331909657127583,-2.862389422828953e-07,0.0007798483450404185,0.012060246108914879,0.002081857728169825,0.012438889132456306
457.1428571428571,1.5000000000000002,0.0001651226926168238,6.299496619892138e-10,0.0001845826532746752,-2.4255563876694834e-07,0.0007686831547857089,0.01036251142117397,0.0019183316464151307,0.010739297433151196
457.1428571428571,1.6,0.00015396580782472727,6.333875905836715e-10,0.0001489624783629074,-2.067585891209063e-07,0.0008298230638032481,0.009021320813159399,0.0017660504943179934,0.009397377518655107
457.1428571428571,1.7000000000000002,0.0001442985478162598,6.436067682682319e-10,0.00012160690422551314,-1.763224994990396e-07,0.0009006634309648479,0.007898305860477083,0.0016170435804060456,0.008271885514402917
457.1428571428571,1.8000000000000003,0.00013584735685004748,6.768006873227812e-10,0.00010119579560466893,-1.532089518239459e-07,0.0010070643429276722,0.0070129462240690705,0.0015008044493208614,0.007395973318143027
457.1428571428571,1.9000000000000001,0.00012840812383988184,6.683019258875241e-10,8.411220140547715e-05,-1.3561715961294082e-07,0.0010531136287133356,0.006191670074105513,0.0014125671827093095,0.0065906387181281735
457.1428571428571,2.0,0.00012181001284377097,6.689352568979163e-10,7.08543818334447e-05,-1.2041826330494082e-07,0.0011123568197642087,0.005517904920236697,0.0013282900516081563,0.005934081337970579
457.1428571428571,2.1,0.00011592044566599453,7.14744491168807e-10,6.1026862702739685e-05,-1.0745870145493084e-07,0.001250112883588597,0.0050100037983749745,0.001250833959215995,0.005458213212077905
457.1428571428571,2.2,0.0001106411471152455,7.098621303039291e-10,5.180759422521586e-05,-9.704739966895271e-08,0.0013021263283868709,0.004469236977788269,0.001188174855500824,0.00494905355731751
457.1428571428571,2.3000000000000003,0.00010587992450674862,7.000019741495659e-10,4.492499869473433e-05,-8.81453603889365e-08,0.0013431114348845961,0.0040604241609986,0.0011318180349599606,0.004566510354993209
457.1428571428571,2.4000000000000004,0.00010156795188519908,7.372588112020636e-10,3.935491664348687e-05,-8.08442448407793e-08,0.001476061223534818,0.0037169384873313224,0.0010858252346434426,0.004283972611327591
457.1428571428571,2.5000000000000004,9.764952843008441e-05,7.392145899810362e-10,3.379022757621141e-05,-7.395219101239419e-08,0.0015408707542892731,0.0033268592059830116,0.0010364145117452179,0.0039484914762691415
457.1428571428571,2.6,9.406900725073186e-05,7.767489998316355e-10,3.054352218195393e-05,-6.83203536874587e-08,0.0016823064610207268,0.0031278719593431153,0.0009968821698403383,0.003821162930827235
457.1428571428571,2.7,9.079392129319884e-05,7.694457073715608e-10,2.661915605657908e-05,-6.414385698001118e-08,0.0017277500418295818,0.0028297477388730483,0.0009724729293369754,0.0035894288778698102
457.1428571428571,2.8000000000000003,8.778502689623162e-05,7.871426842045422e-10,2.355875012861457e-05,-6.011333083446455e-08,0.0018261136762403906,0.0025947497137541633,0.0009448693547591077,0.003442814754050135
457.1428571428571,2.9000000000000004,8.501172000055054e-05,8.118015665248736e-10,2.104899251311441e-05,-5.628731244105059e-08,0.0019426877325075154,0.0023977884677299096,0.00091407724643854,0.0033458182238321117
457.1428571428571,3.0000000000000004,8.244890303000061e-05,8.558521952687145e-10,1.917049123388803e-05,-5.2968323368206826e-08,0.0021094475108969506,0.0022550409794983425,0.0008872936612031978,0.0033331004639627856
457.1428571428571,3.1,8.007779097178956e-05,8.717493303568257e-10,1.7000985790737102e-05,-5.029117841245813e-08,0.002209921305428872,0.0020620026666153426,0.0008676804382355787,0.0032621075793282175
457.1428571428571,3.2,7.787668877148588e-05,8.99824672566008e-10,1.5367091193584002e-05,-4.7971828316002184e-08,0.002343015167231096,0.0019190203684561738,0.0008512742509221189,0.0032590941914879754
457.1428571428571,3.3000000000000003,7.582925748311803e-05,9.234800746358189e-10,1.4155389081871985e-05,-4.5485520194041524e-08,0.00246688674649544,0.0018176670458355322,0.0008290646707884362,0.0032808749086562874
457.1428571428571,3.4000000000000004,7.392338008556891e-05,9.418352781221968e-10,1.2437977034588178e-05,-4.391853368923182e-08,0.0025780243194927738,0.0016402609556551786,0.0008212351967457827,0.0032688713482318613
457.1428571428571,3.5000000000000004,7.214188245836567e-05,9.835507044205723e-10,1.1802678384692433e-05,-4.2715635084487675e-08,0.002755606140713648,0.0015966096749134603,0.0008184590664618356,0.0033885510389712577
457.1428571428571,3.6,7.047841161500936e-05,1.0009924726031931e-09,1.0615761854479139e-05,-4.0941402328612664e-08,0.002867520523279078,0.0014715116230305857,0.0008029363957685495,0.0034172260855027435
457.1428571428571,3.7,6.892109839019783e-05,1.0170755471057976e-09,9.457246196726403e-06,-3.94949100575377e-08,0.002976208875160036,0.0013418642645335033,0.0007919812364059792,0.0034515051109120054
457.1428571428571,3.8000000000000003,6.745835762735357e-05,1.071451147914653e-09,9.075308379758675e-06,-3.8807216429519364e-08,0.0031996095934030133,0.0013167678101092763,0.0007949150640826918,0.0036380157963026706
457.1428571428571,3.9000000000000004,6.60863699483069e-05,1.099597590970091e-09,8.279623068411838e-06,-3.7585599228597005e-08,0.0033480459041108864,0.0012273680177850269,0.0007856771712809764,0.0037350262197285017
457.1428571428571,4.0,6.479717849994434e-05,1.1332152263772248e-09,7.586167857827752e-06,-3.634446339975282e-08,0.0035150812150268264,0.0011479171671498515,0.000774629309625072,0.003856632067689662
457.1428571428571,4.1,6.358384873016006e-05,1.1678653095100616e-09,7.0891951186037804e-06,-3.556799866526745e-08,0.0036874880100283523,0.0010940592295403527,0.0007722900358023777,0.0039984243422434
457.1428571428571,4.2,6.244141091156182e-05,1.1871383514320353e-09,6.228961020316976e-06,-3.53629241326306e-08,0.0038126500869545194,0.0009796451685005285,0.0007815991311132098,0.004088740606254521
457.1428571428571,4.3,6.136126270316675e-05,1.2473317043137622e-09,6.3896455299738576e-06,-3.4972949845911686e-08,0.004071531756037932,0.0010233025546177615,0.0007862414189311413,0.00434291032562247
457.1428571428571,4.3999999999999995,6.0345010950071415e-05,1.260088317194604e-09,5.40567685706621e-06,-3.39302088783145e-08,0.00417770650626597,0.0008809591946006732,0.0007752833165508553,0.0044081117495921845
457.1428571428571,4.5,5.938281596554673e-05,1.3033893944187864e-09,5.4496251317155515e-06,-3.3671913217857166e-08,0.004386108231060444,0.0009030779920190077,0.0007814528418872579,0.00461246489010297
457.1428571428571,4.6,5.8475117232339205e-05,1.337811894778433e-09,4.7870149564057895e-06,-3.3436998433645277e-08,0.00456638126644423,0.0008061279813983838,0.0007876449376973468,0.004768904411779162
457.1428571428571,4.7,5.7615288648695735e-05,1.370836782927175e-09,4.631738059484056e-06,-3.2952198629878925e-08,0.004743313737057353,0.0007920870070393822,0.0007873349920811152,0.004936215130480877
457.1428571428571,4.8,5.6801777445647106e-05,1.4161947534354735e-09,4.306514797111686e-06,-3.3056006387871756e-08,0.004964384285485616,0.0007474604220713516,0.000800653351305093,0.005146445374668983
457.1428571428571,4.9,5.6031331390569594e-05,1.4511054792829298e-09,3.994318206181431e-06,-3.281933206064723e-08,0.005150411218909707,0.0007032030309269008,0.0008053231602697399,0.005321496125293096
457.1428571428571,5.0,5.5300828517553896e-05,nan,nan,nan,nan,nan,nan,nan
471.42857142857144,0.1,0.0050652735939744065,nan,nan,nan,nan,nan,nan,nan
471.42857142857144,0.2,0.002230879021793353,8.797304035171197e-09,0.18801767920352896,-3.541428470024425e-05,0.0007761666121303062,0.3711895827842207,0.009709256278025706,0.3714442732323092
471.42857142857144,0.30000000000000004,0.0012766612416475896,5.5691098127473086e-09,0.053681105486654335,-1.8937196808443652e-05,0.0008598956738569269,0.24062759550045582,0.011695507944142543,0.241196909078545
471.42857142857144,0.4,0.0008592545163683699,3.763292313741813e-09,0.019528557850262588,-9.1374152708898e-06,0.0008659805730855947,0.1529658551007634,0.009876006916906908,0.15360460206096135
471.42857142857144,0.5,0.000637133369591776,2.675603551979261e-09,0.008725436406512303,-4.895101037981044e-06,0.0008326296885431693,0.10154658765589349,0.007884967294973413,0.10216040404794757
471.42857142857144,0.6,0.0005022665868803052,1.772709689015059e-09,0.004534683110200831,-2.927855267941905e-06,0.0007015261769324745,0.07117321626249609,0.006377900988469723,0.07174589949371606
471.42857142857144,0.7000000000000001,0.0004127466352708428,1.4856883700610096e-09,0.0026237574274914862,-1.8915243247863148e-06,0.0007169073118165582,0.05223834306375535,0.005239818372153077,0.0527661807911719
471.42857142857144,0.8,0.0003494642579362952,1.2142435214735068e-09,0.001640770506786327,-1.3079217085615102e-06,0.0006932825426180963,0.0397524865516992,0.004417891790315311,0.04024644535196612
471.42857142857144,0.9,0.0003025895856696109,1.0802130636959835e-09,0.0010914424385550894,-9.464275715055259e-07,0.0007134477665432532,0.031231876043645402,0.0037825954275357153,0.03169471793939876
471.42857142857144,1.0,0.0002666293377884775,8.615549147011577e-10,0.0007564562523157771,-7.105417423613115e-07,0.0006467529677188073,0.024999414657374576,0.0032850379736406453,0.025435643722719697
471.42857142857144,1.1,0.00023823365243050187,7.639708113324211e-10,0.0005462613523307159,-5.493760319307932e-07,0.0006427350899637375,0.02048766864372878,0.0028868433234769163,0.02090036850392128
471.42857142857144,1.2000000000000002,0.00021530058059583335,6.434502974452093e-10,0.00040497435595920726,-4.350621318470061e-07,0.0005997789476324156,0.01699904072441434,0.0025621500980562923,0.017391272138238194
471.42857142857144,1.3000000000000003,0.0001964172523207569,6.456484210803141e-10,0.00030959769565207235,-3.5291163985650025e-07,0.0006604596780595324,0.014379789167092658,0.0023027152362901826,0.014758710593926007
471.42857142857144,1.4000000000000001,0.00018062990100220117,6.100799811938894e-10,0.00024060165267621804,-2.9144707425834236e-07,0.0006794001042797409,0.012249517281878395,0.0020869303507284396,0.012618352298074256
471.42857142857144,1.5000000000000002,0.00016724856621040763,6.19840792356086e-10,0.00019042567779981162,-2.435964683110494e-07,0.0007462974685429678,0.01054231202825556,0.0018989252188570736,0.010904546610761873
471.42857142857144,1.6,0.0001557714881966122,6.377824172461578e-10,0.00015406659832404947,-2.070114463130644e-07,0.0008253242156661609,0.009211833728381592,0.0017447138712657392,0.009572204222930465
471.42857142857144,1.7000000000000002,0.00014583507616605727,5.991036846966407e-10,0.00012550244242633392,-1.7742045665230579e-07,0.000828956875465877,0.008056830160595682,0.001607140251739278,0.008412222138982515
471.42857142857144,1.8000000000000003,0.00013715368855976568,5.63626520215595e-10,0.00010371312878938698,-1.5285722112866376e-07,0.0008300615709520287,0.007111672412149495,0.001480518871092616,0.0074598095796489525
471.42857142857144,1.9000000000000001,0.00012950943224136795,5.842569865452485e-10,8.628884366835078e-05,-1.3448549910664506e-07,0.0009120794071560075,0.006291397961984072,0.001386412250992383,0.00665265774111512
471.42857142857144,2.0,0.00012272806435965374,6.031784448167411e-10,7.35744445943447e-05,-1.192671304050968e-07,0.0009945740002791001,0.0056810105118230555,0.001303309455748511,0.006054774062866606
471.42857142857144,2.1,0.00011668244092388298,5.700461424597312e-10,6.195324932882754e-05,-1.0653686784605409e-07,0.0009895813487248565,0.005048009976534299,0.001229671912499028,0.005430088580650591
471.42857142857144,2.2,0.0001112563499814005,5.880629124592779e-10,5.328781024792528e-05,nan,0.0010716239079378606,0.004566909110402245,nan,nan
471.42857142857144,2.3000000000000003,0.00010636313714139728,nan,4.641821428179868e-05,-8.596136939878328e-08,nan,0.004172185613635423,0.0010965286138366235,nan
471.42857142857144,2.4000000000000004,0.00010193410644421204,6.218179792854332e-10,4.00683048348076e-05,nan,0.0012389450724312567,0.0037671232639125253,nan,nan
471.42857142857144,2.5000000000000004,9.790575879537487e-05,6.454239526518869e-10,3.504882999706297e-05,-7.19333142642414e-08,0.0013400570213721531,0.0034383810502370965,0.00100326783325921,0.003953645122878839
471.42857142857144,2.6,9.422789944650834e-05,6.388563396041396e-10,3.079953582088958e-05,-6.661396665185513e-08,0.0013794196773480745,0.003145834953923525,0.0009681475153896369,0.003697796022861773
471.42857142857144,2.7,9.08580354558507e-05,6.629716722582625e-10,2.7354004405305808e-05,-6.159923771960133e-08,0.0014858788746770163,0.00290296234618222,0.0009310362400238206,0.003516913899150589
471.42857142857144,2.8000000000000003,8.776171150924612e-05,6.997119945227087e-10,2.430162531923184e-05,-5.710501319870206e-08,0.001624902427194786,0.0026746809126244396,0.000895902425555443,0.003376315772331324
471.42857142857144,2.9000000000000004,8.490840381583386e-05,7.048487069062992e-10,2.1668180250318055e-05,-5.32591241734253e-08,0.001692080514050355,0.002468978769635231,0.0008657650086317207,0.003233897142965524
471.42857142857144,3.0000000000000004,8.227177792492478e-05,7.157917549520447e-10,1.9410180504923212e-05,-4.969085320454879e-08,0.001771763414936631,0.0022860140613435455,0.000835025254740119,0.003124026286585298
471.42857142857144,3.1,7.982925383906493e-05,7.366701076567722e-10,1.7363181950582584e-05,-4.7323066039339434e-08,0.0018774348851638971,0.0021104663577863796,0.0008199548759502599,0.003053437733533745
471.42857142857144,3.2,7.756036157271091e-05,7.549264241020748e-10,1.574673247947797e-05,-4.489251338487836e-08,0.0019783406253412665,0.001972551630160949,0.0008008732658595767,0.0030145625784619994
471.42857142857144,3.3000000000000003,7.544893663115167e-05,7.711601814492463e-10,1.438693645610143e-05,-4.2750633071988293e-08,0.0020754473153351207,0.0018549341653873077,0.0007842184089155129,0.0029963743661993946
471.42857142857144,3.4000000000000004,7.348138105415344e-05,7.894926579633765e-10,1.2838426051820329e-05,-4.037028906576782e-08,0.0021795668761123662,0.0017016046381917527,0.0007605486778683676,0.002966957818199738
471.42857142857144,3.5000000000000004,7.164220973767341e-05,8.104404011214849e-10,1.173659391469578e-05,-3.855995551177796e-08,0.0022926487997360916,0.0015972201047835895,0.0007451722400592042,0.002986287648028225
471.42857142857144,3.6,6.992040436034034e-05,8.466944915182523e-10,1.0927215358850582e-05,-3.763881936334488e-08,0.002451740756180708,0.001525248229899929,0.0007453332255180197,0.0030738344347821674
471.42857142857144,3.7,6.830787113659578e-05,8.693878814637574e-10,9.935952041501221e-06,-3.602865568316354e-08,0.0025743364862441534,0.001421037554401932,0.0007302875723130499,0.003116600062885563
471.42857142857144,3.8000000000000003,6.679469743326623e-05,8.732909386892688e-10,8.91618202618127e-06,-3.4657189147575825e-08,0.0026419653074471377,0.0013052935010010066,0.0007183615956106713,0.00311702720129394
471.42857142857144,3.9000000000000004,6.53706855501985e-05,9.030666014938834e-10,8.575966934480106e-06,-3.342633652280607e-08,0.002788764257614434,0.0012839293033774502,0.0007078723971028244,0.003229217738366258
471.42857142857144,4.0,6.403243333647556e-05,9.279862159888433e-10,7.71079790283128e-06,-3.255751998711162e-08,0.0029227343909534868,0.0011795497994143138,0.000703787223827119,0.003305199988231448
471.42857142857144,4.1,6.277128910178094e-05,9.408332985078664e-10,7.040038737686275e-06,-3.213180950127555e-08,0.0030197416395584507,0.001099448884082307,0.0007084040704312708,0.0033661996483274987
471.42857142857144,4.2,6.158054525446318e-05,9.70276387525806e-10,6.597355734527559e-06,-3.084988787499809e-08,0.0031712222129547593,0.0010510148555066684,0.0006931204900773779,0.003481682722185293
471.42857142857144,4.3,6.0455774964490695e-05,9.877319189178763e-10,6.066177866650328e-06,-3.024092003963237e-08,0.003285100953861204,0.0009850802459743842,0.0006918696056295015,0.0035664602157400535
471.42857142857144,4.3999999999999995,5.9391666453184714e-05,1.0298232563390253e-09,5.854700351359576e-06,-2.9756494038187032e-08,0.003482773607774302,0.0009684269790269654,0.0006927705742146697,0.0037453204073499466
471.42857142857144,4.5,5.838610494539233e-05,1.0485382443364214e-09,5.295480882029775e-06,-2.9116495911968197e-08,0.003603523903741854,0.0008916201881965918,0.0006892863801842648,0.0038380467053768
471.42857142857144,4.6,5.743349824642024e-05,1.0796513633200874e-09,4.9034186436680205e-06,-2.8776841221139606e-08,0.0037680473909441074,0.0008398262991261564,0.0006922839967189836,0.003982713097541806
471.42857142857144,4.7,5.652992573388483e-05,1.1115752577781916e-09,4.76543503195764e-06,-2.8264586017516607e-08,0.003937359314596714,0.0008297309370763716,0.000690515589128105,0.004140637071495279
471.42857142857144,4.8,5.5674007571669e-05,1.1325216578091918e-09,4.162401707035194e-06,-2.8031211850477396e-08,0.004069007684870661,0.0007363182691287692,0.0006950340664262444,0.004250309734592914
471.42857142857144,4.9,5.4859713426523523e-05,1.1720008084694789e-09,4.152405822442324e-06,-2.7647882897824662e-08,0.004268751652462335,0.0007458428095187767,0.0006953475286246998,0.004443595226619965
471.42857142857144,5.0,5.408694333960247e-05,nan,nan,nan,nan,nan,nan,nan
485.7142857142857,0.1,0.005210680801635057,nan,nan,nan,nan,nan,nan,nan
485.7142857142857,0.2,0.002313122134325568,6.108360551636235e-09,0.1906170154356643,-3.478579050120685e-05,0.0005201527288051578,0.36581978956732625,0.009278823503590253,0.3660554358688936
485.7142857142857,0.30000000000000004,0.0013217336213727224,7.05653798409193e-09,0.05565325692197025,-1.917570462477994e-05,0.001052522482036891,0.24059800429948747,0.011430246302779926,0.24114271404617602
485.7142857142857,0.4,0.0008868776776395795,4.4641534156501194e-09,0.02037818588956066,-9.405546230523018e-06,0.0009952369275587395,0.15417770691492544,0.009820232272604592,0.1548051347012186
485.7142857142857,0.5,0.0006558035928020433,2.4423773751293623e-09,0.009097111654535518,-5.047625957971146e-06,0.0007384664400795993,0.10257459268506382,0.007877212760175155,0.10318039231815318
485.7142857142857,0.6,0.0005157006245098622,2.1840382806539934e-09,0.004733248158135831,-3.0026159551866118e-06,0.0008416514496366786,0.07217478235994629,0.006355003925897386,0.07273705888791925
485.7142857142857,0.7000000000000001,0.00042293013779903945,1.538993314196084e-09,0.00272773029203337,-1.9474114997771143e-06,0.0007246427795891809,0.05289367827750624,0.005253246742245858,0.053417782727778765
485.7142857142857,0.8,0.00035743695400855036,1.1776635484531565e-09,0.0017051023781165966,-1.3431124991309261e-06,0.0006572938781156779,0.04031640750385109,0.004426879155259543,0.04080489268910448
485.7142857142857,0.9,0.00030899479399922725,9.591264846174663e-10,0.0011309332461754342,-9.70252868552117e-07,0.0006202241430628226,0.031640076200637635,0.003790716712704595,0.03209701179801244
485.7142857142857,1.0,0.0002718619664516585,8.632438379209525e-10,0.0007847332974550933,-7.281952184406155e-07,0.0006353796814542991,0.025396327468774633,0.003296238648481649,0.025828424936420923
485.7142857142857,1.1,0.00024257647187864062,7.810714067603824e-10,0.0005650330574685627,-5.62922421836314e-07,0.0006451480115604716,0.020783821468055002,0.002900323377365532,0.021194508773722275
485.7142857142857,1.2000000000000002,0.00021894130788030836,7.020495378223176e-10,0.00041988195112085025,-4.436156501592466e-07,0.0006432830445205046,0.017309261193761385,0.0025649182198216186,0.017696947394903087
485.7142857142857,1.3000000000000003,0.0001995049633931846,6.598952842697567e-10,0.00031902852752854104,-3.564471610665535e-07,0.0006643036028682681,0.014571417820475833,0.002286270153883805,0.01494060169500359
485.7142857142857,1.4000000000000001,0.00018325890418134625,6.364252601921452e-10,0.00024880929553725456,-2.9567881728004747e-07,0.0006982273368322632,0.01247133361022708,0.0020835783465224596,0.012833716565503308
485.7142857142857,1.5000000000000002,0.00016950093792488045,5.672141083862423e-10,0.00019643565770714958,-2.4610010655564665e-07,0.0006735242292627758,0.01071902391780997,0.001889989020231922,0.011067756124489762
485.7142857142857,1.6,0.00015770732824548614,5.386209532911528e-10,0.00015801520078642442,-2.0813069152722056e-07,0.0006880783519333836,0.009322379139663153,0.001729977147376258,0.009662600400664112
485.7142857142857,1.7000000000000002,0.00014749387057395608,5.566123500493158e-10,0.00012946331875100106,-1.790330093852611e-07,0.0007610183148954667,0.008209087059637417,0.0016009796147129505,0.008549533945295831
485.7142857142857,1.8000000000000003,0.00013857504608993603,5.67625373798967e-10,0.00010737551566411928,-1.546183252557906e-07,0.0008267793623563675,0.007279998500702393,0.0014797940457014116,0.007619811225984158
485.7142857142857,1.9000000000000001,0.00013072997676255718,5.221481326411564e-10,8.843060821575175e-05,-1.339155206335159e-07,0.000806930167467725,0.006381423691416979,0.0013653901976332084,0.006715823509304953
485.7142857142857,2.0,0.00012376921351733584,5.440328464454375e-10,7.523218570976911e-05,-1.1846066345777573e-07,0.0008887758270156719,0.0057547769511511635,0.0012814876453385682,0.0060985081289196335
485.7142857142857,2.1,0.00011756077212921219,5.589400512515307e-10,6.392349457443696e-05,-1.0571921902156606e-07,0.000962179211110061,0.005164733034801379,0.0012089799513371271,0.005524809607627333
485.7142857142857,2.2,0.00011199156568683291,5.820425458886318e-10,nan,-9.452845607927851e-08,0.001052626148155579,nan,0.0011390724383752821,nan
485.7142857142857,2.3000000000000003,nan,nan,nan,-8.547917635844334e-08,nan,nan,0.0010821258987902449,nan
485.7142857142857,2.4000000000000004,0.00010242716263165059,5.617888841919951e-10,nan,-7.690300643061769e-08,0.001112737785996423,nan,0.0010201286731370903,nan
485.7142857142857,2.5000000000000004,9.829370833467592e-05,5.645994280503929e-10,3.569164494007369e-05,-7.045972910797303e-08,0.0011662753970654869,0.0034845878791379087,0.0009769193307837543,0.003925722066951893
485.7142857142857,2.6,9.451717048710199e-05,5.860109082488033e-10,3.1681732025169516e-05,-6.473458479837958e-08,0.0012598657698474152,0.0032231698815653373,0.0009360414638606887,0.003705190020443763
485.7142857142857,2.7,9.105744995977976e-05,5.99674400341333e-10,2.8346505603222805e-05,-5.968479138691658e-08,0.001339281452925706,0.0029990852939351413,0.0008982149856475739,0.0035216143643693534
485.7142857142857,2.8000000000000003,8.788119448848975e-05,5.787597506454075e-10,2.439952887962757e-05,-5.545634770118749e-08,0.001340397803277677,0.002679575245123259,0.0008669731527083205,0.003237294342555679
485.7142857142857,2.9000000000000004,8.494893430599601e-05,6.039599996237042e-10,2.240586463368813e-05,-5.1369709453459286e-08,0.001448163564417252,0.0025495630509008095,0.0008327996537553116,0.003159835436603346
485.7142857142857,3.0000000000000004,8.224073276983916e-05,6.155836023751195e-10,1.9852631095529455e-05,-4.83609469302614e-08,0.0015258252631389871,0.002337007669103647,0.0008117125791464514,0.0030178638473880143
485.7142857142857,3.1,7.97310575446376e-05,6.09375974553278e-10,1.7671867166358168e-05,-4.517548446508592e-08,0.0015578555204473876,0.002148797386790688,0.0007838241084361588,0.0028762831046331948
485.7142857142857,3.2,7.739810099109963e-05,6.365812173041878e-10,1.6085097049083548e-05,-4.192102891775346e-08,0.001675011971442655,0.0020174192522253043,0.0007501909549217537,0.00282864251566336
485.7142857142857,3.3000000000000003,7.522599540805249e-05,6.580874658403013e-10,1.4661314833738192e-05,-4.043602342380371e-08,0.001780059076429082,0.0018942731986956848,0.0007447844050357737,0.002804690515340921
485.7142857142857,3.4000000000000004,7.320050297334273e-05,6.668240535920547e-10,1.3292247857705095e-05,-3.828892512555926e-08,0.001851986715506984,0.0017669753368637037,0.0007249732985965041,0.0027573953657128564
485.7142857142857,3.5000000000000004,7.130793301721003e-05,6.770854364939025e-10,1.1982883878141149e-05,-3.58350273988985e-08,0.0019287610171608517,0.0016369947461296723,0.0006966784721481099,0.0027148835421219753
485.7142857142857,3.6,6.953519189985873e-05,6.859202071978038e-10,1.0961919874420753e-05,-3.43941781966818e-08,0.002002043853082378,0.001537265127538491,0.000685832283243161,0.0027040886641321363
485.7142857142857,3.7,6.787206998125165e-05,7.089879088181964e-10,1.0031181708316983e-05,-3.321821301096657e-08,0.0021182245553159826,0.0014426050226140764,0.0006786944447733098,0.0027366470025831347
485.7142857142857,3.8000000000000003,6.630925987972773e-05,7.380161548483029e-10,9.285068031361077e-06,-3.189136027877819e-08,0.002254902673318553,0.0013680248788530984,0.0006669668568858689,0.0028010297591544117
485.7142857142857,3.9000000000000004,6.483930045851742e-05,7.527523971144041e-10,8.773207773820722e-06,-3.095879047835104e-08,0.0023500279505045884,0.0013230743021010398,0.000662131055907364,0.00285481909189128
485.7142857142857,4.0,6.345707311504532e-05,7.524121667934692e-10,7.58904974424427e-06,-3.0043169497959596e-08,0.0023980582249678137,0.0011704397935476737,0.0006565452573624321,0.0028253700484336397
485.7142857142857,4.1,6.215073626901566e-05,7.853875137966776e-10,7.32957636695073e-06,-2.8676281318057234e-08,0.002553447099374719,0.0011550448211915608,0.0006397713476448061,0.0029449678067512237
485.7142857142857,4.2,6.0917695186655515e-05,8.068767843866859e-10,6.721106415557143e-06,-2.8034828345573647e-08,0.002674038218191191,0.001081420240375793,0.0006380266416777256,0.00302226837319631
485.7142857142857,4.3,5.975186516845094e-05,8.173105602105193e-10,6.245481754941323e-06,-2.7192627407252066e-08,0.0027590097655736147,0.001025232772810066,0.0006308260250257066,0.003075568251994069
485.7142857142857,4.3999999999999995,5.864848996779577e-05,8.32682109280115e-10,5.826655490066828e-06,-2.630525349755907e-08,0.002861262101086711,0.0009751420267200815,0.0006215937780966976,0.00314809155415276
485.7142857142857,4.5,5.7603381322041275e-05,8.531389699295573e-10,5.394359713696447e-06,-2.5862614346080216e-08,0.002982045026398272,0.0009197781079544455,0.000622083772512003,0.0032423079353115832
485.7142857142857,4.6,5.661221627342374e-05,8.739626861439164e-10,5.03636876918409e-06,-2.4914036323327285e-08,0.003105500053311172,0.0008743182524351192,0.0006095881973148285,0.0033394248798659897
485.7142857142857,4.7,5.567141491249805e-05,8.982604936265319e-10,4.675101505918895e-06,-2.4534084938187162e-08,0.003242857047964658,0.0008258114261662626,0.000610248266934068,0.003455848989714811
485.7142857142857,4.8,5.477736456663155e-05,9.255464218760366e-10,4.396508017556396e-06,-2.419375133573381e-08,0.003392732679240066,0.0007897244976558689,0.0006114018629865967,0.0035891397703500284
485.7142857142857,4.9,5.392727930094061e-05,9.452838373480652e-10,4.1233701015382836e-06,-2.3588272108899198e-08,0.0035165161608969194,0.0007527507272684851,0.0006052650609130832,0.0036966486383177774
485.7142857142857,5.0,5.3118427736265056e-05,nan,nan,nan,nan,nan,nan,nan
500.0,0.1,0.005355634408938525,nan,nan,nan,nan,nan,nan,nan
500.0,0.2,0.0023966118510519944,9.901124265242602e-09,0.1930656817725063,-3.4168506161085913e-05,0.0008140765997616511,0.3604907785532947,0.008874528427858235,0.3607101033410411
500.0,0.30000000000000004,0.001368246110890527,6.3632296898489695e-09,0.057553151989920885,-1.9436377178476154e-05,0.0009170662646186282,0.2401438178846437,0.01118649720464426,0.24066609590502283
500.0,0.4,0.0009154118906282688,4.2464998977352044e-09,0.02123945900085711,-9.685288373639007e-06,0.0009172533338525236,0.15523127624337518,0.009770880770366664,0.15584778054204995
500.0,0.5,0.0006749722603745818,3.144610291563804e-09,0.009504775411661701,-5.212828247592356e-06,0.0009236804774746037,0.10383058718123436,0.007881876705138683,0.10443127874738677
500.0,0.6,0.0005295803842375119,1.9009509233374518e-09,0.0049239212494997355,-3.097976240462278e-06,0.0007133410467489519,0.07294997940755614,0.006369877140167024,0.07350754397048977
500.0,0.7000000000000001,0.0004334277205954394,1.3779063647781565e-09,0.002837493262712294,-2.008601437866382e-06,0.0006330510134669116,0.05358002953220611,0.005276161968302924,0.05410079563637916
500.0,0.8,0.0003656499895804898,1.1940073890387961e-09,0.0017723483862204835,-1.3773906236188316e-06,0.0006513515456160527,0.04089144053328307,0.004429698466872793,0.04137364650037307
500.0,0.9,0.0003155957424277451,9.979857086954176e-10,0.0011729272051659663,-9.914852914396584e-07,0.0006317317756867153,0.03207786786789371,0.003786105832127933,0.032527801750665636
500.0,1.0,0.00027727076732666004,9.139192587198393e-10,0.000813290142911467,-7.444356805334948e-07,0.0006593725656051216,0.025769997296388368,0.003298630122408414,0.026197126831106057
500.0,1.1,0.00024707869365468964,7.213078479518818e-10,0.0005838690597946213,-5.737463981667071e-07,0.0005847804472700305,0.02105772149816103,0.002897617504713243,0.021460707753307294
500.0,1.2000000000000002,0.00022272531058066547,7.720422215676019e-10,0.0004355419465964832,-4.528791577068436e-07,0.0006951154133209322,0.017627661056245695,0.00257011502104889,0.018011901681792505
500.0,1.3000000000000003,0.00020272734697260612,5.83105759109922e-10,0.00032884067021062094,-3.662147125386569e-07,0.0005774829316948604,0.014764405058109605,0.002308073819169455,0.015131938169507643
500.0,1.4000000000000001,0.000186017790066653,5.641750579788808e-10,0.0002560834459956729,-2.9779537497356043e-07,0.000609543445359742,0.012631914234554486,0.0020644663587817257,0.012979246631989247
500.0,1.5000000000000002,0.00017186906762065658,6.165233195750727e-10,0.00020327457632287148,-2.4954885810323044e-07,0.0007216041955492955,0.010927695477407573,0.0018873150810518222,0.011272052053300657
500.0,1.6,0.0001597530909378889,5.654143215475277e-10,0.00016291450838866166,-2.109325583149292e-07,0.0007126653887673302,0.00947898947984293,0.001728188860950711,0.009814907385887452
500.0,1.7000000000000002,0.00014926625933900782,5.48672807856158e-10,0.00013328177929998428,-1.793095570912819e-07,0.0007408109925681322,0.008342985948973189,0.0015820504936111756,0.00866948574023538
500.0,1.8000000000000003,0.0001401122455331266,5.286665652711306e-10,0.00010988503998971973,-1.5629584928393348e-07,0.0007610973705396764,0.0073616797577912806,0.001477200566696671,0.007690113204122176
500.0,1.9000000000000001,0.00013205708212714256,5.361663524763167e-10,9.194710653788927e-05,-1.3615193963914865e-07,0.0008196774755418317,0.006562389046584107,0.0013720825760952303,0.006892172542376312
500.0,2.0,0.00012492138978653742,4.896393604669428e-10,7.674752868237201e-05,-1.190953873787758e-07,0.0007919761762184122,0.005811693507545523,0.0012744899827658712,0.006136094614792492
500.0,2.1,0.000118553172732756,4.8160216407794e-10,6.606099063292545e-05,-1.0542238367867463e-07,0.0008214893463935187,0.005288204905965972,0.0011936215945513797,0.005611543539497789
500.0,2.2,0.00011284556558530382,4.5994105062470845e-10,5.557479062513454e-05,nan,0.0008248764424028935,0.004687752283982473,nan,nan
500.0,2.3000000000000003,0.00010769370634410299,nan,4.93022508879238e-05,-8.509183953566822e-08,nan,0.004369002063324726,0.0010682494559869251,nan
500.0,2.4000000000000004,0.00010303486961178139,4.910401433590482e-10,4.208493675886856e-05,nan,0.0009659685771922196,0.003907836231803441,nan,nan
500.0,2.5000000000000004,9.879688224704848e-05,4.75609486838844e-10,3.6714070828798956e-05,-6.969239842174038e-08,0.0009765188492723755,0.0035632665880135144,0.0009596866467745379,0.003936045573952674
500.0,2.6,9.492603559060356e-05,4.883033785167541e-10,3.240580602320699e-05,-6.32327704986313e-08,0.00104421036277087,0.003280043386609511,0.0009088042983714771,0.0036743585025465065
500.0,2.7,9.137924699439071e-05,4.825853149408557e-10,2.8633330438110104e-05,-5.881775394503911e-08,0.0010728464304690627,0.0030163832567073343,0.0008804500976342693,0.0034351058445938666
500.0,2.8000000000000003,8.811879170255897e-05,5.198315844927191e-10,2.5438552821129876e-05,-5.393343761674233e-08,0.0011992438158133726,0.0027838435594343884,0.0008393045947947581,0.0032552780371049917
500.0,2.9000000000000004,8.511272193893852e-05,5.209411980229489e-10,2.2866474604264706e-05,-5.014560946723593e-08,0.0012451512505799495,0.002594960071791437,0.0008097962818423603,0.003097702285111346
500.0,3.0000000000000004,8.233531692136071e-05,5.172825323772611e-10,1.9931179021375353e-05,-4.6668059861773564e-08,0.0012790605676634844,0.0023417391157663087,0.0007808204711720122,0.002887749857322163
500.0,3.1,7.975722369399666e-05,5.629260610110345e-10,1.8662447699945003e-05,-4.3469423114069003e-08,0.00143786424528635,0.0022666394443795848,0.0007523938093199488,0.002887438457750441
500.0,3.2,7.736575494363207e-05,5.440546352766667e-10,1.6307155614305528e-05,-4.0729928318054226e-08,0.001433693078138085,0.002044599204815723,0.0007282461798889918,0.0027012120886150282
500.0,3.3000000000000003,7.513735774941052e-05,5.475653865155898e-10,1.4675087889245158e-05,-3.828571753371434e-08,0.0014854976322778441,0.001896845432444534,0.0007062338092975939,0.00260811391562538
500.0,3.4000000000000004,7.305571143408143e-05,5.740203639113021e-10,1.3777187931959136e-05,-3.6311268336842424e-08,0.0016003580342307745,0.0018336002681791437,0.000689565358355507,0.002621876531814863
500.0,3.5000000000000004,7.111183699807193e-05,5.839418059460601e-10,1.220005930693455e-05,-3.4372985127787074e-08,0.001671227759512914,0.001669966532040788,0.0006708186757425617,0.0025459351589843956
500.0,3.6,6.928996315513177e-05,5.958613938966729e-10,1.1287092367878497e-05,-3.283804739612333e-08,0.0017488175811248277,0.001587231162117852,0.000657872052873194,0.0025383571399534115
500.0,3.7,6.75809602358704e-05,5.956109960374034e-10,1.0248055138596298e-05,-3.079351856264709e-08,0.0017909173026696527,0.0014790100430061067,0.0006326399568600444,0.002489040401911192
500.0,3.8000000000000003,6.5974437867995e-05,6.116568907991193e-10,9.362280490336694e-06,-2.9184803869218136e-08,0.0018825113886686898,0.001385342921683941,0.0006142817946696287,0.002493533313523643
500.0,3.9000000000000004,6.446153830502296e-05,6.276300872088772e-10,8.662765499140196e-06,-2.8816600953612275e-08,0.0019754650650760505,0.0013130487775391277,0.0006208269081202673,0.002529310462403788
500.0,4.0,6.303526639704232e-05,6.572421855466384e-10,8.147211326966302e-06,-2.7763939778964592e-08,0.002113729040601185,0.0012638872017628315,0.0006117088067318339,0.002610294359708739
500.0,4.1,6.169046660233134e-05,6.588134026584636e-10,7.384704273496815e-06,-2.6670052491961798e-08,0.0021633165252667595,0.0011715194835510863,0.0006004070644645525,0.0026025705705993705
500.0,4.2,6.041951385035533e-05,6.58951975084094e-10,6.619234754421926e-06,-2.5659133135173585e-08,0.0022075686629815226,0.001072975310284293,0.000589790349709721,0.0025923619985409314
500.0,4.3,5.921475344592353e-05,6.934098221358571e-10,6.525556525798219e-06,-2.444370817053997e-08,0.0023683312345180643,0.001080041216809599,0.0005732256119305836,0.0027262899828792613
500.0,4.3999999999999995,5.807524860674971e-05,7.101163888185704e-10,5.90239249775054e-06,-2.3961795493138728e-08,0.002471022051605541,0.0009967773492700195,0.0005728881654533469,0.0027849446608095513
500.0,4.5,5.69947676925534e-05,7.231982365405887e-10,5.500725393626728e-06,-2.348507674507189e-08,0.002562201618337008,0.0009471720785690128,0.0005720541083707277,0.0028489478558297943
500.0,4.6,5.596929403229335e-05,7.354068647830021e-10,5.240218716501314e-06,-2.2853476929196287e-08,0.0026510715090947517,0.0009194210150602949,0.000566769231862328,0.0029182134729385466
500.0,4.7,5.499622255919832e-05,7.35772375879282e-10,4.6457500363472726e-06,-2.185703665812885e-08,0.0026972123479612805,0.0008300533563397732,0.000551547707163326,0.0029278580517026385
500.0,4.8,5.406960858646676e-05,7.587804808925148e-10,4.476563046904621e-06,-2.1201590194842607e-08,0.0028269552686758914,0.0008139764584896749,0.0005440491505422962,0.0030407585768162135
500.0,4.9,5.3187760244204244e-05,7.725295441027024e-10,4.184232612192676e-06,-2.1016328831950933e-08,0.002923549874515076,0.0007738603480921001,0.0005480973234166178,0.003121990560363574
500.0,5.0,5.2347754228063656e-05,nan,nan,nan,nan,nan,nan,nan
514.2857142857143,0.1,0.005500253005609493,nan,nan,nan,nan,nan,nan,nan
514.2857142857143,0.2,0.0024821222053835724,8.679934215037999e-09,0.19520658135547303,-3.354937598735439e-05,0.0006894264830511511,0.3549047310303535,0.008491326779706217,0.355108502682719
514.2857142857143,0.30000000000000004,0.0014160572187123825,6.57862294647309e-09,0.059482050420795636,-1.9797112394159864e-05,0.0009163022941617484,0.23964190921697043,0.011007062109041541,0.24014869372035647
514.2857142857143,0.4,0.000944812736249149,4.233972543401528e-09,0.0221214431363565,-9.930819129507714e-06,0.0008861612429180057,0.15621856831796305,0.009682486285836213,0.15682004798626145
514.2857142857143,0.5,0.0006947826851494804,2.9223811804349786e-09,0.009909545908337784,-5.37144141775003e-06,0.0008339108874740067,0.10488370370278984,0.007869617027401328,0.10547581928621738
514.2857142857143,0.6,0.0005438480931331896,2.1383527533844142e-09,0.00512930076555074,-3.202443439184764e-06,0.000781303019966924,0.07382597285721344,0.006396792888738998,0.07438227356867945
514.2857142857143,0.7000000000000001,0.0004442065087724063,1.7640035429910249e-09,0.002954177571816115,-2.063575916401494e-06,0.0007906103893014628,0.05431990309640804,0.0052778694488297175,0.05483601689609313
514.2857142857143,0.8,0.00037410670012978414,1.3060108886999328e-09,0.0018393469921895945,-1.417156225118157e-06,0.0006962173125288815,0.04140747503391498,0.004446095970189054,0.04188793675967844
514.2857142857143,0.9,0.00032240036140905793,1.0304873570926533e-09,0.0012172059647762494,-1.0185067895807171e-06,0.0006384146471686288,0.03253633159614569,0.003800668479710203,0.032983489942415026
514.2857142857143,1.0,0.0002828660823360942,8.2949707106925e-10,0.0008396317850863661,-7.599907099960747e-07,0.0005865111605623883,0.026043140318352528,0.003295842868365914,0.026463452409101505
514.2857142857143,1.1,0.00025172812111399416,8.716243928840817e-10,0.0006076713026183059,-5.868990778988496e-07,0.0006933493023150104,0.02148264993808224,0.002904844512680612,0.021882898000559866
514.2857142857143,1.2000000000000002,0.0002266668729180772,6.030990757214959e-10,0.000446310700519595,-4.6339841261897705e-07,0.0005334401029621211,0.017729870566089236,0.0025803302213019486,0.01810936433825478
514.2857142857143,1.3000000000000003,0.0002060687317273562,7.152873441861721e-10,0.00034212231822589755,-3.7377364345704736e-07,0.0006966011180379686,0.01509361795226022,0.0023142150471414428,0.015460069164634275
514.2857142857143,1.4000000000000001,0.0001888918137188942,5.993161735952826e-10,0.00026481226916281027,-3.0474718356191676e-07,0.0006373995748357095,0.012850676904887058,0.0020775015993157306,0.013197658918236871
514.2857142857143,1.5000000000000002,0.00017436301840206028,4.872191432470443e-10,0.000208002122293211,-2.5267513129791533e-07,0.0005619038208280649,0.011011706552977276,0.0018811191796523428,0.011342426365150256
514.2857142857143,1.6,0.00016191424430815848,5.105412605754595e-10,0.00016851519322224942,-2.141394350999812e-07,0.0006346226966422385,0.009664617805231701,0.0017287505613904472,0.009989231216430555
514.2857142857143,1.7000000000000002,0.00015115062214647918,4.652771049845026e-10,0.00013703361272868878,-1.8321392796648001e-07,0.0006200910909582353,0.008463345106801329,0.0015941944012167343,0.008780412002613848
514.2857142857143,1.8000000000000003,0.00014175733611208676,4.379666323463092e-10,0.00011295591186205923,-1.572309961209157e-07,0.0006228992919461234,0.007473069594949754,0.001466830781287236,0.007780614229013858
514.2857142857143,1.9000000000000001,0.00013349360919631494,4.515994489288417e-10,9.436101752911741e-05,-1.3705221328530492e-07,0.0006825772723443121,0.00665651740623192,0.0013644603085491089,0.0069640964654003315
514.2857142857143,2.0,0.0001261734924558343,4.5178617505812156e-10,7.904837768804236e-05,-1.210720856395616e-07,0.000723046216524314,0.005921510262846687,0.0012809744989334007,0.006234490432911427
514.2857142857143,2.1,0.00011964385949223408,4.508160860253486e-10,6.792044756765281e-05,-1.0656110889430294e-07,0.0007614492279777403,0.00538309959133672,0.0011937953750648595,0.005692790258923119
514.2857142857143,2.2,0.00011379343100431038,4.496001788626306e-10,5.7493477117398405e-05,-9.371767044736396e-08,0.0007990307432870542,0.004805384694325265,0.0011080543710723662,0.005117200520565765
514.2857142857143,2.3000000000000003,0.00010851793728756067,4.379883104990758e-10,5.00345295256145e-05,-8.483583785342628e-08,0.0008168153201581914,0.004396961150043823,0.0010553934814754636,0.004714675537480987
514.2857142857143,2.4000000000000004,0.0001037427888660671,4.2566913323106523e-10,4.2947887542686685e-05,-7.695798519202153e-08,0.0008310050051058497,0.00395767636357476,0.0010046460570878222,0.004286303642691862
514.2857142857143,2.5000000000000004,9.93971193200004e-05,4.783046560789787e-10,3.831046708891431e-05,-6.950720311352912e-08,0.0009752058022483534,0.003692831811025775,0.0009498594194009411,0.004048765117231691
514.2857142857143,2.6,9.543455444482284e-05,4.335913667032748e-10,3.275412583239123e-05,-6.312324036406688e-08,0.0009214474157529958,0.0032952791847963092,0.0009009049908707902,0.0036511901964840863
514.2857142857143,2.7,9.179953082796919e-05,4.743956717447707e-10,2.9796978398053768e-05,-5.74451795593777e-08,0.0010487324234360834,0.0031222421031243375,0.0008545580337183165,0.003508386283246678
514.2857142857143,2.8000000000000003,8.846247699509609e-05,4.4049524352582916e-10,2.5740093986680476e-05,-5.295392800910198e-08,0.0010112595452115847,0.002803946137253903,0.000819445732568287,0.0031980841805136053
514.2857142857143,2.9000000000000004,8.538282410208978e-05,4.634660576766073e-10,2.3229772754924598e-05,-4.8892842489801635e-08,0.0011030630327790592,0.0026259464514216966,0.0007857144446148259,0.0030572924617986263
514.2857142857143,3.0000000000000004,8.253546893663272e-05,4.781217710094472e-10,2.1015894177414334e-05,-4.557344602878743e-08,0.0011779802709105643,0.002461372576794396,0.0007592631203653098,0.002932397219399811
514.2857142857143,3.1,7.989827271294981e-05,4.5213038201213355e-10,1.833639651173304e-05,-4.209496505739166e-08,0.0011514997119616644,0.0022216383753524147,0.0007259850720938632,0.00270476196869384
514.2857142857143,3.2,7.744444045438423e-05,4.898344936970071e-10,1.6985993301431406e-05,-3.993583067440577e-08,0.001287841290333022,0.0021259525049379872,0.0007119687051268718,0.0026817919599586384
514.2857142857143,3.3000000000000003,7.516046812883296e-05,4.897257905297348e-10,1.5157110458155983e-05,-3.7317341402388185e-08,0.0013275685767896814,0.001957159270468707,0.000686786447367339,0.0025566114262116336
514.2857142857143,3.4000000000000004,7.302806690786325e-05,4.869832967395041e-10,1.392470891721411e-05,-3.468448670932204e-08,0.001359570575108114,0.0018526639420799902,0.0006581688137211893,0.002479348342950924
514.2857142857143,3.5000000000000004,7.103491277606568e-05,4.988992566698354e-10,1.2458013223806619e-05,-3.279051185524943e-08,0.0014317753432995844,0.001705921264426241,0.0006408168565889165,0.0024044626180249233
514.2857142857143,3.6,6.916633877650618e-05,5.094515183851873e-10,1.1363897803991705e-05,-3.118781866453526e-08,0.0015005015574456933,0.0015997623365591896,0.0006265346044264021,0.0023655518760867973
514.2857142857143,3.7,6.741140375498659e-05,5.334364710629583e-10,1.0797505969303886e-05,-2.9787039505191182e-08,0.0016108765775339345,0.0015610926008666358,0.0006141281022703641,0.002405460477439693
514.2857142857143,3.8000000000000003,6.576444379316005e-05,5.218374350915063e-10,9.438009309476433e-06,-2.815106209798044e-08,0.001614222707680296,0.0014000612335236056,0.0005950759334693395,0.00229654460892776
514.2857142857143,3.9000000000000004,6.421186392442827e-05,5.3036214948614e-10,8.830668161765858e-06,-2.657601550790889e-08,0.0016790969655789954,0.0013427724241901534,0.0005754613099672572,0.0022988509828870064
514.2857142857143,4.0,6.274759073731414e-05,5.38988532823682e-10,8.13311002752638e-06,-2.5717297516211518e-08,0.0017450177661991475,0.0012666055041009772,0.0005699367005156927,0.0023019626827033885
514.2857142857143,4.1,6.136464865047528e-05,5.564848173936396e-10,7.410594533384502e-06,-2.4967432622486422e-08,0.0018409380952233323,0.001181016585068284,0.0005658381875409964,0.0023289909732779604
514.2857142857143,4.2,6.005581250897027e-05,5.849520996315701e-10,7.21775645300235e-06,-2.3656308916656133e-08,0.0019758182730883517,0.00117620757418717,0.0005478111754550633,0.002426420465160978
514.2857142857143,4.3,5.881915393199528e-05,5.77967476034768e-10,6.443360268715324e-06,-2.2957909683663982e-08,0.0019919452377229223,0.0010728953617525213,0.0005428215446260628,0.002389196673775006
514.2857142857143,4.3999999999999995,5.764692895770744e-05,5.753900435296214e-10,5.9041556490935375e-06,-2.229092218365488e-08,0.0020219722224691992,0.0010037811247539745,0.0005377743331678198,0.0023820895620604975
514.2857142857143,4.5,5.653374553991054e-05,5.949635142955842e-10,5.589270267850786e-06,-2.1196306139657454e-08,0.0021303907408032085,0.0009695694755832257,0.0005214000468152706,0.002454046799496845
514.2857142857143,4.6,5.547645482479214e-05,6.14185144516794e-10,5.202372395530097e-06,-2.0839028200701996e-08,0.0022395120255031655,0.0009202242564765912,0.0005223293556928859,0.0025313796053176765
514.2857142857143,4.7,5.447118783362905e-05,6.387939393547311e-10,5.078492320182851e-06,-2.0601712688004433e-08,0.002370455715064193,0.0009154320217868897,0.0005258422253591299,0.0026476586214114937
514.2857142857143,4.8,5.3516705765667785e-05,6.259605995707651e-10,4.3676580394560074e-06,-1.984881091732656e-08,0.002362640760245209,0.000801829042685119,0.0005155889413511512,0.002599358591759243
514.2857142857143,4.9,5.260590027810108e-05,6.3991459090176e-10,4.258083715576773e-06,-1.897416170693786e-08,0.0024553546505838705,0.0007956550491395219,0.0005013157299313227,0.002676652450266602
514.2857142857143,5.0,5.173767562769014e-05,nan,nan,nan,nan,nan,nan,nan
528.5714285714286,0.1,0.005644309920621501,nan,nan,nan,nan,nan,nan,nan
528.5714285714286,0.2,0.0025694039748610765,6.183563079742272e-09,0.19707128735451107,-3.286139201956639e-05,0.0004747842295136435,0.3491503658126756,0.008110869257318784,0.3493390555998691
528.5714285714286,0.30000000000000004,0.001465210902645763,7.612309425385046e-09,0.061405982746884476,-2.0037431344523635e-05,0.0010248129606761937,0.23898921052383212,0.010769550493397886,0.23947621891133286
528.5714285714286,0.4,0.0009750776578992947,3.9005941411920735e-09,0.02302451010940901,-1.0225696347230459e-05,0.0007911828504386918,0.1571412693410427,0.009636495173914511,0.15773309284639894
528.5714285714286,0.5,0.0007151895142469166,3.0119890951862995e-09,0.010325082995542766,-5.507092833635426e-06,0.0008349394709654349,0.10588985309936344,0.007819275919565948,0.10646896385866424
528.5714285714286,0.6,0.0005585522005499662,2.1979742864180775e-09,0.0053430410819416815,-3.2962711138717848e-06,0.0007818761895096053,0.07470804556702458,0.006396207758724196,0.07525773282663961
528.5714285714286,0.7000000000000001,0.0004553452976724326,1.5431918413939313e-09,0.003069154871860799,-2.1244258824602807e-06,0.0006746738842848654,0.05494839817726657,0.005289991866130393,0.05545944171180431
528.5714285714286,0.8,0.000382829943513507,1.3265171014567964e-09,0.001910069457805314,-1.4564513400364862e-06,0.0006909169465640774,0.04194771457109424,0.004457260332433512,0.04242431452960922
528.5714285714286,0.9,0.00032941528393263457,1.1764448095790838e-09,0.0012630058110311014,-1.0512123367150454e-06,0.0007131332328330601,0.03299130155388538,0.003832670471818357,0.03344119111392816
528.5714285714286,1.0,0.00028863068246207313,8.872755993262839e-10,0.0008709350110946987,-7.816036682705306e-07,0.0006147019176634026,0.026438816095515627,0.0033165285982532226,0.026858659290183086
528.5714285714286,1.1,0.0002565554311024587,7.301449421028914e-10,0.0006251336956669466,-5.988475479823727e-07,0.0005697555715816984,0.02165860158505813,0.002904158702083228,0.022051936866529488
528.5714285714286,1.2000000000000002,0.0002307315166995137,7.791164323353918e-10,0.00046484911945551355,-4.7530488385033935e-07,0.0006767391315980749,0.01811885710070469,0.0025962697693370142,0.018499518694234707
528.5714285714286,1.3000000000000003,0.00020955609349112387,5.531007963226573e-10,0.0003507476511584075,-3.8168010711650634e-07,0.0005295536471438348,0.015201549236777795,0.002320686581142028,0.01556080649192606
528.5714285714286,1.4000000000000001,0.0001918881467943181,5.615183519967532e-10,0.00027362015641653237,-3.1283132388006026e-07,0.0005876724378033776,0.013057131952506172,0.002096592135141605,0.013402441974565183
528.5714285714286,1.5000000000000002,0.00017695640166167766,5.54813068353767e-10,0.00021549332433858423,-2.592906720301522e-07,0.0006302196289443801,0.011230152979150306,0.0018995743692587581,0.011564180830673433
528.5714285714286,1.6,0.00016417958977242307,4.650581245139432e-10,0.0001727161582003398,-2.1850084574822676e-07,0.0005698925761358345,0.009760379199536123,0.0017373863531738869,0.010081011970405644
528.5714285714286,1.7000000000000002,0.00015312993946517187,4.5463560846543286e-10,0.0001411518478503068,-1.8595074593280218e-07,0.0005978193166805333,0.008597405319745528,0.0015950772781648992,0.008908496462031118
528.5714285714286,1.8000000000000003,0.00014349180763642373,4.610018496860731e-10,0.00011686236106543395,-1.5869338352877116e-07,0.0006474110673959294,0.0076315814839078774,0.0014607078248045663,0.007932686287418838
528.5714285714286,1.9000000000000001,0.00013502229941832994,4.273664171011411e-10,9.65005185110955e-05,-1.376726485059931e-07,0.0006383107469099374,0.006725158746038402,0.0013533906093181477,0.007021291409122586
528.5714285714286,2.0,0.0001275177963853471,4.2981012079499223e-10,8.132561822101911e-05,-1.2093699229376073e-07,0.0006802363388373118,0.006023124963162845,0.001264413045895973,0.0063196706005783304
528.5714285714286,2.1,0.00012082654953457447,4.319323936869261e-10,6.977488780584932e-05,-1.0711991570693668e-07,0.0007219603038921173,0.00547177647228125,0.0011867287210359232,0.0057687272909776
528.5714285714286,2.2,0.00011483305156186033,4.1634952623673843e-10,5.9200001136175805e-05,-9.564450542049112e-08,0.0007327614638860998,0.004899585510321617,0.001119065762275922,0.005200720517054
528.5714285714286,2.3000000000000003,0.00010943155360050795,3.90808789965638e-10,5.075237328770406e-05,-8.493262768609388e-08,0.000722272572107237,0.004419665993145176,0.0010463504068381614,0.0047164418269669255
528.5714285714286,2.4000000000000004,0.00010453757937203261,4.375704565536112e-10,4.513644445131958e-05,-7.575779799663439e-08,0.0008470753043337812,0.0041246279492745935,0.0009800814801200993,0.004432968723834865
528.5714285714286,2.5000000000000004,0.00010009496958807047,3.8409768585657533e-10,3.7920152895486456e-05,-6.970640950414697e-08,0.0007771026544758177,0.003627418304812155,0.0009445931280841465,0.003942913193176745
528.5714285714286,2.6,9.603156133306319e-05,4.240704441441016e-10,3.484770267049791e-05,-6.290368642342e-08,0.0008948445152827892,0.003481463935091813,0.0008908628311794905,0.0038090170655736026
528.5714285714286,2.7,9.231663010476089e-05,3.941541805288961e-10,2.9436039964927283e-05,-5.6712379494386996e-08,0.0008657412484688769,0.0030652464206882167,0.0008376941545438273,0.00339833878857835
528.5714285714286,2.8000000000000003,8.889605927610786e-05,4.3768496914128705e-10,2.7202272751613106e-05,-5.340887125630512e-08,0.0009989319723156084,0.0029466275708660487,0.0008211706386848824,0.003321012129212806
528.5714285714286,2.9000000000000004,8.574751117497097e-05,3.9234538367537144e-10,2.3423374970524526e-05,-4.844045482658762e-08,0.0009289752740025305,0.0026349171337024507,0.0007738923139697251,0.0030006002713506585
528.5714285714286,3.0000000000000004,8.283319682353932e-05,4.127252962276615e-10,2.1271076632837937e-05,-4.4643597582284554e-08,0.0010121912641560442,0.002480664026438449,0.0007399337424482973,0.002876322140116909
528.5714285714286,3.1,8.013159323843605e-05,4.2971681584192585e-10,1.931025350070857e-05,-4.2235889284204405e-08,0.0010900492623616477,0.0023312215683098008,0.0007250720755586162,0.002770245553094119
528.5714285714286,3.2,7.762309218833986e-05,3.9706669518934486e-10,1.6893140889533898e-05,-3.867313220913044e-08,0.0010404613390528126,0.002108174841759032,0.0006867065094631775,0.0025436376750173155
528.5714285714286,3.3000000000000003,7.528352254713901e-05,4.274769643520341e-10,1.558538219802684e-05,-3.5820766105335725e-08,0.0011555939292225812,0.0020078280520198083,0.0006570454259594311,0.0024960344948101506
528.5714285714286,3.4000000000000004,7.309980672791843e-05,4.418220004643168e-10,1.437138201921525e-05,-3.401055522661059e-08,0.001230762289067773,0.0019089677970656287,0.0006435826044159911,0.002446902327400643
528.5714285714286,3.5000000000000004,7.105980472889001e-05,4.371735797278542e-10,1.268813656486278e-05,-3.238074487280174e-08,0.0012535364525945222,0.0017357277854493838,0.0006314103812766431,0.0023197979917079226
528.5714285714286,3.6,6.914668409551021e-05,4.3082725432716883e-10,1.1714839790358362e-05,-2.99004306777098e-08,0.0012703025171104249,0.0016485887957408908,0.0006001482495415697,0.0022476363908059288
528.5714285714286,3.7,6.7350711860034e-05,4.3868322896584437e-10,1.0620752950027334e-05,-2.8591969140112152e-08,0.0013280718780202456,0.0015359742970982113,0.0005901278297071827,0.0021953345224189377
528.5714285714286,3.8000000000000003,6.566094715405806e-05,4.5190330784306273e-10,9.92442691159751e-06,-2.75290361544399e-08,0.0014023560384087534,0.0014735444715450261,0.0005833908258205284,0.0021951367791974877
528.5714285714286,3.9000000000000004,6.407042671719809e-05,4.5917427696179773e-10,9.000645700777406e-06,-2.5441002626382823e-08,0.0014593726203765056,0.0013707760991719322,0.0005526434554904761,0.0021493313232162498
528.5714285714286,4.0,6.25699127373459e-05,4.665325707936169e-10,8.300027120584733e-06,-2.428566416226197e-08,0.0015173607084291141,0.0012954536977286591,0.0005403021159286092,0.002136454201567921
528.5714285714286,4.1,6.115239902869955e-05,4.731373429648855e-10,7.660382704864153e-06,-2.303996346880497e-08,0.001573522272919544,0.0012242917353937634,0.0005245497578489672,0.002127244107676921
528.5714285714286,4.2,5.981148914710185e-05,4.745381402887763e-10,7.092769869241969e-06,-2.2322942272558634e-08,0.001612575275903819,0.0011598514501308852,0.0005196789720718073,0.002117967628377312
528.5714285714286,4.3,5.854150696419657e-05,4.889889503584869e-10,6.451106686972335e-06,-2.1880842684392293e-08,0.0016966184765908852,0.0010785731602679755,0.0005204882822511153,0.0021409461509065233
528.5714285714286,4.3999999999999995,5.733603584816101e-05,5.142580723703323e-10,6.357978050867339e-06,-2.09444338135116e-08,0.0018205762026169724,0.0010860632704169741,0.0005086883733176645,0.0022386511249368876
528.5714285714286,4.5,5.619414451263412e-05,5.096945864616827e-10,5.670634722794171e-06,-2.0102329393011084e-08,0.001839950676646633,0.000989017576626908,0.0004981638040016992,0.002204520040871539
528.5714285714286,4.6,5.510895952433518e-05,5.060943202892581e-10,5.274468209594132e-06,-1.9049269093248223e-08,0.0018617728095147786,0.0009386152694981013,0.00048136279140697857,0.002193311854772545
528.5714285714286,4.7,5.4076519218132175e-05,5.159774164112415e-10,4.747109407653062e-06,-1.8568843601628572e-08,0.0019331598546177499,0.0008614042886360104,0.0004781653678966379,0.002221803008841622
528.5714285714286,4.8,5.30915500060057e-05,5.512391996538112e-10,4.8054332588433305e-06,-1.8267638367220833e-08,0.002102106141217055,0.0008886358309156927,0.0004790904563820717,0.0023806678054114237
528.5714285714286,4.9,5.215463512646766e-05,5.591295962671729e-10,4.355161949047509e-06,-1.7495201082977495e-08,0.002169111834748938,0.0008203116971636457,0.0004670157485718644,0.002411257939536889
528.5714285714286,5.0,5.12612718664201e-05,nan,nan,nan,nan,nan,nan,nan
542.8571428571429,0.1,0.005787893288980998,nan,nan,nan,nan,nan,nan,nan
542.8571428571429,0.2,0.0026579476959875076,8.798364929744906e-09,0.19879160161209186,-3.222949864927443e-05,0.0006533468587407396,0.3434610689705557,0.007762717173562695,0.34363709391791236
542.8571428571429,0.30000000000000004,0.0015159181191149364,6.349680279366508e-09,0.06322500769277266,-2.0235987733269828e-05,0.0008264784783669789,0.2378715269236428,0.010518753640287936,0.23833764860791645
542.8571428571429,0.4,0.0010061386191700919,5.521754983403295e-09,0.023985191577118422,-1.050720222124367e-05,0.0010852933114353068,0.15822221051834975,0.009573369500742479,0.1588041075352912
542.8571428571429,0.5,0.0007362110349964317,3.0678361371953794e-09,0.010742142332487287,-5.6879324175695614e-06,0.000826129004300667,0.10676602734271236,0.007825686795352336,0.10734127738812527
542.8571428571429,0.6,0.0005737048741476444,2.160866488022046e-09,0.005560031038409032,-3.3954371469401824e-06,0.0007483357419190715,0.07552224530886013,0.006400434341164368,0.07606642270006782
542.8571428571429,0.7000000000000001,0.0004667990236829475,1.7599844650728753e-09,0.003193073145478682,-2.189114272940701e-06,0.0007504629124656416,0.05565706845741277,0.00530682818150585,0.056165802002216325
542.8571428571429,0.8,0.0003918239046730374,1.2210487395312947e-09,0.001982151157054899,-1.4953791815608913e-06,0.0006213265698071759,0.042462624309197096,0.004463440710266411,0.042933729349760565
542.8571428571429,0.9,0.0003366702972336763,1.036751934204378e-09,0.0013059669446660537,-1.0745386329557697e-06,0.0006148193697380582,0.03333045608219935,0.0038274277424600123,0.03377270660981039
542.8571428571429,1.0,0.0002945763592409758,1.007153946921525e-09,0.0009049329014505702,-8.067368151740301e-07,0.0006834811207956823,0.026878905234175562,0.0033489032691440914,0.02730152009032542
542.8571428571429,1.1,0.00026153175026278095,7.793236883825848e-10,0.0006468022549901974,-6.165891397389749e-07,0.0005964201871922277,0.021957032012235787,0.0029290350925115717,0.022352303348253978
542.8571428571429,1.2000000000000002,0.00023495516383448807,6.185485447275561e-10,0.000477775556223162,-4.863418110218145e-07,0.000527504117975974,0.018268357694356592,0.0026053981779987664,0.018643694719000254
542.8571428571429,1.3000000000000003,0.00021315633296842677,6.473338733615116e-10,0.0003641573349416691,-3.919010918078991e-07,0.0006091094883089908,0.015499013896889551,0.0023395190089938985,0.01585992258908003
542.8571428571429,1.4000000000000001,0.00019499907545178217,5.499590537071977e-10,0.00028211941429643646,-3.18081403465834e-07,0.0005662156839938513,0.013235328754610576,0.0020950932156494134,0.013574732358611811
542.8571428571429,1.5000000000000002,0.00017966301207810194,4.986193729287375e-10,0.00022128963535953224,-2.6399903542973907e-07,0.000557671317196295,0.011348240233797982,0.0019026193929958628,0.011676192650484259
542.8571428571429,1.6,0.00016653984505801702,5.145851060015753e-10,0.0001785361523170284,-2.2292196344324635e-07,0.000621385730759914,0.009937279256980082,0.0017452596953589062,0.010258045723532682
542.8571428571429,1.7000000000000002,0.0001552020395611024,4.75005537356523e-10,0.00014561271067129526,-1.8792946863781583e-07,0.0006159956826399772,0.008743415764591866,0.00158853573854374,0.009048406572364333
542.8571428571429,1.8000000000000003,0.00014532036117090072,4.632371450890633e-10,0.00011995244957889903,-1.614302713019225e-07,0.000642053626252883,0.007728793379140761,0.0014654196560728431,0.008027539442023555
542.8571428571429,1.9000000000000001,0.00013663820727648804,4.2564187107257723e-10,9.937632839672222e-05,-1.4179076144479781e-07,0.0006279100195579346,0.006838431145918564,0.001375668844002154,0.0071374604073750755
542.8571428571429,2.0,0.00012894981666604257,3.7912171169361203e-10,8.359629894171318e-05,-1.2256059271810798e-07,0.0005930725676864025,0.006118076386391378,0.0012656160161995907,0.006402043544149303
542.8571428571429,2.1,0.00012209738904501424,3.7561508260520197e-10,7.126799864931001e-05,-1.0724249479524026e-07,0.000620974611436752,0.005526801083702325,0.0011743407421439525,0.0058042477586833455
542.8571428571429,2.2,0.00011595764141047901,3.891500917793652e-10,6.0703303342281515e-05,-9.646390986206675e-08,0.0006778530885997297,0.004971711829144991,0.001116332895105263,0.005260209272184199
542.8571428571429,2.3000000000000003,0.0001104249268093666,3.937953619623728e-10,5.294577629181553e-05,-8.594649600828257e-08,0.0007207835123224311,0.004565958366158254,0.0010479598823941367,0.004854270748870676
542.8571428571429,2.4000000000000004,0.00010542166997117234,3.3954084844120886e-10,4.527940059903393e-05,-7.684079954691969e-08,0.0006514125980866799,0.004100469151969878,0.000984519136481586,0.004379125654671205
542.8571428571429,2.5000000000000004,0.00010087120713896842,3.701824226634469e-10,3.943689031398844e-05,-6.871558023249861e-08,0.0007426780477045499,0.003740871333642552,0.0009228208151581304,0.004030990638935928
542.8571428571429,2.6,9.671511320990438e-05,3.8078408045687277e-10,3.551497293916109e-05,-6.305251484992604e-08,0.0007972294407971905,0.0035208236271261,0.0008854932334787064,0.0038209907521055764
542.8571428571429,2.7,9.291416901023196e-05,3.559587320489567e-10,3.057402096501705e-05,-5.7447495808947845e-08,0.00077624770819514,0.0031612454300354413,0.0008419255456481071,0.0034660799792024266
542.8571428571429,2.8000000000000003,8.94189650202097e-05,3.465862986519836e-10,2.6850770412906832e-05,-5.261682373314739e-08,0.0007857999390338932,0.0028898466938826048,0.0008031993489858296,0.0032029601693983663
542.8571428571429,2.9000000000000004,8.619226873431652e-05,3.7994485955089787e-10,2.4958191431393954e-05,-4.857772035573268e-08,0.0008941954134996556,0.002791151902256207,0.0007709669681024843,0.0031271224009946494
542.8571428571429,3.0000000000000004,8.321515436273727e-05,3.6770253674954744e-10,2.14571082119753e-05,-4.356048560152311e-08,0.0008968495625885715,0.0024894469686272905,0.0007176333570223561,0.002834021986108307
542.8571428571429,3.1,8.045261107327778e-05,3.72900562845664e-10,1.9271015790360727e-05,-4.1496391444874765e-08,0.0009412790207395089,0.002315806049743994,0.0007084861201048033,0.00269311511444972
542.8571428571429,3.2,7.788277794172189e-05,4.04067077289094e-10,1.808723520856027e-05,-3.8988541745096584e-08,0.0010541738122047508,0.0022481849833420665,0.0006889066425558738,0.002667358781637423
542.8571428571429,3.3000000000000003,7.54938171622516e-05,3.663089473285036e-10,1.5685792038909806e-05,-3.526167341657846e-08,0.0009865141734546297,0.002014025751706901,0.0006439612219278852,0.002420512766679641
542.8571428571429,3.4000000000000004,7.326171430317042e-05,3.7496636729932557e-10,1.4430433552874651e-05,-3.3099099893876555e-08,0.0010411373715765576,0.0019114722364429806,0.0006239790752703612,0.002348700259704542
542.8571428571429,3.5000000000000004,7.117391577961798e-05,3.821330812692365e-10,1.288360879032256e-05,-3.1766598926859655e-08,0.001092765864986981,0.0017585732074201573,0.0006174253836202073,0.0022470303002438317
542.8571428571429,3.6,6.921495334396877e-05,4.031571999228521e-10,1.235562463467116e-05,-2.957869073579425e-08,0.0011861369136495045,0.0017359765160215384,0.0005920923784407075,0.002263113344778692
542.8571428571429,3.7,6.737954715466627e-05,3.8963215040488164e-10,1.0553471445823085e-05,-2.7547197352820227e-08,0.0011782373775748845,0.0015247386490859626,0.0005673301470943454,0.002087294482706072
542.8571428571429,3.8000000000000003,6.5649675679822e-05,4.1133475645113215e-10,1.0289434110484235e-05,-2.612986312854275e-08,0.0012772803858757168,0.0015270856728771673,0.0005531121331717861,0.0021389955353326986
542.8571428571429,3.9000000000000004,6.402269854608257e-05,4.0831794713404847e-10,9.172405376790673e-06,-2.5146203563898448e-08,0.0013006030638827472,0.0013971745148483488,0.0005465895225572789,0.002059413792092715
542.8571428571429,4.0,6.248744546611105e-05,4.0495986725014037e-10,8.451566220570623e-06,-2.3636169716421296e-08,0.0013208404367495228,0.001320089032874382,0.0005270131395688219,0.0020106566620445828
542.8571428571429,4.1,6.103670804834523e-05,4.125407256144332e-10,7.803967308029972e-06,-2.229855245480226e-08,0.0013767568591995822,0.0012488856361174687,0.0005091117046806836,0.0019933801035275176
542.8571428571429,4.2,5.9664010303659716e-05,4.17713806147057e-10,7.234110076212607e-06,-2.1399494599433607e-08,0.0014252732502706173,0.0011852064614105173,0.0004999101761530602,0.001983919999029441
542.8571428571429,4.3,5.836365365973633e-05,4.225456530682994e-10,6.679634981599439e-06,-2.028769142041309e-08,0.0014730370163066047,0.0011195417384120626,0.0004845626940268242,0.0019730214809629506
542.8571428571429,4.3999999999999995,5.713009336562893e-05,4.2260210945691877e-10,6.202971719569818e-06,-1.9644664434496923e-08,0.001504208081092195,0.0010628141541195353,0.00047938305298767165,0.001962608493919113
542.8571428571429,4.5,5.5958562788717235e-05,4.3823355957751464e-10,5.7716567233748e-06,-1.931561487195443e-08,0.0015915434089726892,0.001010265585675936,0.0004812633995911054,0.0020042145333814755
542.8571428571429,4.6,5.4844748779039286e-05,4.527938681275793e-10,5.621734682727718e-06,-1.860064211693515e-08,0.0016768037840011452,0.0010046245654938824,0.0004728668104443099,0.002065949536768476
542.8571428571429,4.7,5.3787152116188615e-05,4.4451228496472177e-10,4.933658885339315e-06,-1.7286019988053467e-08,0.001677563463062638,0.0008995681437463116,0.0004480998095734907,0.002006247466422199
542.8571428571429,4.8,5.2778892042191336e-05,4.4356804994312926e-10,4.684608751103966e-06,-1.6424094248481094e-08,0.0017050564885539837,0.0008709531118108806,0.00043388502297827506,0.0020105445477439227
542.8571428571429,4.9,5.18174780557051e-05,4.529793404335031e-10,4.3825257377821515e-06,-1.6273571555727768e-08,0.0017725128961138443,0.0008303557668999134,0.00043788435942622824,0.002052992472215636
542.8571428571429,5.0,5.089988932659668e-05,nan,nan,nan,nan,nan,nan,nan
557.1428571428571,0.1,0.005931188770388225,nan,nan,nan,nan,nan,nan,nan
557.1428571428571,0.2,0.0027482870017934784,8.220195949152503e-09,0.20025359555036157,-3.1623094878437326e-05,0.0005906378577491001,0.3376280932924245,0.007437680158366207,0.33779241614582384
557.1428571428571,0.30000000000000004,0.001567921188702348,6.438043415915136e-09,0.06507710936017946,-2.048360513391754e-05,0.0008104216001242856,0.2367915334814429,0.01030252187548645,0.23724074486827298
557.1428571428571,0.4,0.0010383264692130122,4.563518677358085e-09,0.024912689502986106,-1.0739595003305003e-05,0.0008692277976649467,0.15888993453557762,0.009463309647811126,0.1594549319170313
557.1428571428571,0.5,0.0007578586447535377,3.2128896603688876e-09,0.011190772061208025,-5.883786281234948e-06,0.0008404559726994413,0.1077770084171113,0.007844923329843632,0.1083497833578193
557.1428571428571,0.6,0.0005892985409061435,2.440498990108486e-09,0.0057873493137789115,-3.4961999880289686e-06,0.0008227106449414357,0.07636449559351546,0.006401967482902305,0.07690372822797098
557.1428571428571,0.7000000000000001,0.00047861193019653844,1.6993817820051152e-09,0.0033141739965946897,-2.2526843282151645e-06,0.0007066679769581712,0.056239304300645346,0.005315778325739386,0.05674393118446276
557.1428571428571,0.8,0.0004010670594528803,1.6003551909142541e-09,0.002061470385288457,-1.5456096196188983e-06,0.0007953575675651113,0.043071855405734036,0.00449906539095711,0.04354653258913917
557.1428571428571,0.9,0.00034413689256210673,1.0161620472494156e-09,0.001352085197036599,-1.1102145701829529e-06,0.0005894644781171969,0.033712197628024104,0.0038623444065446835,0.034156919444110444
557.1428571428571,1.0,0.00030072757764169916,8.153237411628942e-10,0.0009348852352501951,-8.24536900450591e-07,0.0005419156736273544,0.02716608580643459,0.003348133799325293,0.0275809697167496
557.1428571428571,1.1,0.00026666711507379354,7.75187905327502e-10,0.0006698392860457675,-6.352685334470732e-07,0.0005817076661988952,0.02227395609337316,0.002955677242052939,0.022670235106341734
557.1428571428571,1.2000000000000002,0.0002393050453663456,6.809061195301095e-10,0.0004945705740579271,-4.971210503325511e-07,0.0005699914549893308,0.018546365340963284,0.002611307359337393,0.018919048862696672
557.1428571428571,1.3000000000000003,0.00021688868139947692,6.053590196479536e-10,0.0003749923218210885,-3.967623470395143e-07,0.0005596633959276697,0.01567005498137421,0.002324928484136264,0.01602106211050716
557.1428571428571,1.4000000000000001,0.00019822224065081914,6.133804640652418e-10,0.00029155816480646,-3.2611636966561815e-07,0.0006210215950447866,0.013442756114573493,0.002110495958490278,0.013784112091789685
557.1428571428571,1.5000000000000002,0.00018247138155022595,5.290944664867711e-10,0.00022845952625499653,-2.701576893200136e-07,0.000582446653013874,0.011525423459289934,0.001914662078023056,0.01185354342657068
557.1428571428571,1.6,0.00016900511771218273,4.763121028431771e-10,0.00018322256884763762,-2.255805274258712e-07,0.0005665787325046964,0.010041167403404841,0.0017382914026622467,0.010353229847949166
557.1428571428571,1.7000000000000002,0.0001573710795626159,4.7826851054549e-10,0.00015064114852039785,-1.9210634151584715e-07,0.000611420754365779,0.008913407508578594,0.0015995889414256476,0.009216292004701074
557.1428571428571,1.8000000000000003,0.00014724345289825303,4.1070762317081187e-10,0.00012251545887299623,-1.6569225034630974e-07,0.00056159248708913,0.007785131754418,0.0014827523645374514,0.00808212668202406
557.1428571428571,1.9000000000000001,0.00013834098082262012,4.082967635865922e-10,0.00010206999776474732,-1.4440103853903245e-07,0.0005946450177772105,0.006932056791365719,0.0013821554229190229,0.0072268749319533525
557.1428571428571,2.0,0.0001304592087246347,4.2173529792769335e-10,8.674480681119275e-05,-1.2469616507434674e-07,0.0006517636117110104,0.006270362281326917,0.0012712559083795278,0.006555487938652439
557.1428571428571,2.1,0.0001234448846947612,3.9852752607921614e-10,7.310889802874294e-05,-1.0920814104679288e-07,0.0006513152092294402,0.005603966078244176,0.001181416991906015,0.005883888129920004
557.1428571428571,2.2,0.00011716164964517511,3.566688227985334e-10,6.202518230367112e-05,-9.707001624551945e-08,0.0006145770841245022,0.005024524301435342,0.0011104935459289227,0.005299994460293791
557.1428571428571,2.3000000000000003,0.00011149866641862572,3.633762679853695e-10,5.393714289380105e-05,-8.671296924490619e-08,0.0006583283067704895,0.004603651711729059,0.0010459075834920967,0.004880046166668277
557.1428571428571,2.4000000000000004,0.00010637505462101435,3.848168155112284e-10,4.715492996600138e-05,-7.828395930906187e-08,0.0007311819852858081,0.00422919228369571,0.0009927886228087344,0.004515745006888094
557.1428571428571,2.5000000000000004,0.00010172299212306298,3.465807339443141e-10,4.0544649846188136e-05,-6.910837674618198e-08,0.0006890780073843283,0.003811480989658506,0.0009191791691695182,0.004085583988227298
557.1428571428571,2.6,9.74763761235735e-05,3.3257528111243004e-10,3.5459243081266264e-05,-6.294281359814036e-08,0.0006904242222408699,0.003485863160451297,0.0008760081859090582,0.0037633373837071492
557.1428571428571,2.7,9.358435255489668e-05,3.638760596088037e-10,3.2027367577575044e-05,-5.837389033051746e-08,0.0007872507979328347,0.003285654314535972,0.0008482868416157987,0.0035853129884002807
557.1428571428571,2.8000000000000003,9.001260266199562e-05,3.4083401631337e-10,2.737132918227989e-05,-5.249864895139346e-08,0.0007671061500738758,0.002924776251053705,0.0007950707811134672,0.003225994894318602
557.1428571428571,2.9000000000000004,8.671456606091735e-05,3.4319882599597256e-10,2.5562377612666146e-05,-4.8109144127240525e-08,0.0008022341138399558,0.0028398665138763828,0.0007579458914865456,0.0031396473271511956
557.1428571428571,3.0000000000000004,8.367215323596574e-05,3.328379126135864e-10,2.1999065278816072e-05,-4.4309587047808646e-08,0.0008067513274335562,0.0025369515501422954,0.000725021816077868,0.0028527678033206457
557.1428571428571,3.1,8.08497310638023e-05,3.292682822052114e-10,1.9761747229958057e-05,-4.0847558435950885e-08,0.0008263960498616091,0.0023618069412206363,0.0006930603311473415,0.0026873272417115438
557.1428571428571,3.2,7.822492636393843e-05,3.1464069632390857e-10,1.787470413158623e-05,-3.847814727096925e-08,0.0008166264258586066,0.002210855113108598,0.000676005963539275,0.0025433692567243082
557.1428571428571,3.3000000000000003,7.577886870539042e-05,3.501509429979371e-10,1.6733458000842005e-05,-3.577769195558774e-08,0.0009385830408191809,0.0021391465327803886,0.0006500082898989956,0.002510360047302891
557.1428571428571,3.4000000000000004,7.350014562685084e-05,3.2929288722141704e-10,1.4459062515086886e-05,-3.282933877700358e-08,0.0009105334355532349,0.0019080599594723646,0.000615995554588846,0.0022866274276209706
557.1428571428571,3.5000000000000004,7.136601317346213e-05,3.418801203296475e-10,1.3361885193000801e-05,-3.015763216322117e-08,0.0009740823148811555,0.001817939961756958,0.0005837257177767491,0.002221534039330724
557.1428571428571,3.6,6.936549957200342e-05,3.46153123979768e-10,1.2291324414257712e-05,-2.8997078871912697e-08,0.0010151868899890418,0.0017222938297509261,0.0005783278413373817,0.002160052462727618
557.1428571428571,3.7,6.748789921468729e-05,3.5066618338268587e-10,1.1205121687827428e-05,-2.7655217290758212e-08,0.0010575858903209324,0.0016153738900411415,0.0005677444015935526,0.0020910734399141057
557.1428571428571,3.8000000000000003,6.572235007424943e-05,3.349510091892243e-10,1.0149963444813118e-05,-2.5468978689772404e-08,0.0010378657598169977,0.0015039679057907611,0.0005376892225634106,0.0019792180772140425
557.1428571428571,3.9000000000000004,6.405830056825971e-05,3.5048515093908874e-10,9.337200347358543e-06,-2.422909265417197e-08,0.0011147370419286188,0.0014207039670385948,0.0005255270614842306,0.001952791801322268
557.1428571428571,4.0,6.248762306574357e-05,3.6700500386255747e-10,8.826348958274899e-06,-2.313513977991018e-08,0.0011971826792035543,0.0013778618664523664,0.0005150779726226105,0.0019652888658338846
557.1428571428571,4.1,6.100520905281019e-05,3.602912106810153e-10,7.898413588099149e-06,-2.1974852591597257e-08,0.001204457725859568,0.001263996484518092,0.0005017789631390065,0.0018846670215066136
557.1428571428571,4.2,5.96017791757578e-05,3.6331466113538096e-10,7.368486331931242e-06,-2.0700647831630663e-08,0.0012427231899756182,0.0012078454358795147,0.0004844175525343625,0.0018634839023412345
557.1428571428571,4.3,5.827203416202472e-05,3.698539927256979e-10,6.8107063265811766e-06,-1.9653268606851312e-08,0.0012932776127891025,0.0011427018489661696,0.00047057007845926547,0.001849650479645952
557.1428571428571,4.3999999999999995,5.701039621155745e-05,3.76190196605249e-10,6.365822403210592e-06,-1.8779545756793658e-08,0.001343836583986126,0.0010924318148068243,0.0004596683179931408,0.0018498361980442803
557.1428571428571,4.5,5.581241648512229e-05,3.783894091921741e-10,5.850818691903772e-06,-1.7976240224347223e-08,0.0013799912749391798,0.001026272238170775,0.0004495064101031015,0.001833500109407106
557.1428571428571,4.6,5.4672944945606166e-05,3.8350092806759026e-10,5.502840100495546e-06,-1.7581249643559914e-08,0.0014270371779678867,0.0009859526691453002,0.00044883338076787376,0.0018470085491086201
557.1428571428571,4.7,5.3588501807095e-05,4.006536730594736e-10,5.269950161826896e-06,-1.7152571714725164e-08,0.0015201781932941102,0.0009639045723748636,0.0004467824983007977,0.0019076904795034015
557.1428571428571,4.8,5.25567581702021e-05,3.9646329790523273e-10,4.775121498710852e-06,-1.6290982957307347e-08,0.0015330158325195004,0.0008910720280817102,0.00043268386372047373,0.0018757871824472156
557.1428571428571,4.9,5.157276574829631e-05,3.9591373374355713e-10,4.4714866764676035e-06,-1.5410682123923775e-08,0.0015592947438563829,0.0008507919499119308,0.00041712243901283495,0.0018716915607303252
557.1428571428571,5.0,5.0633488193155194e-05,nan,nan,nan,nan,nan,nan,nan
571.4285714285714,0.1,0.006073916713872588,nan,nan,nan,nan,nan,nan,nan
571.4285714285714,0.2,0.0028403038986094804,7.57918819983724e-09,0.20145470613547978,-3.090917919667103e-05,0.0005272129930472371,0.3316718282872815,0.0071032246135815215,0.3318243379150932
571.4285714285714,0.30000000000000004,0.0016212381447011706,9.216434884612273e-09,0.06692732588053894,-2.0739342375181275e-05,0.0011219665242270093,0.23563438374782497,0.010098489884945555,0.23606944022683543
571.4285714285714,0.4,0.0010714456495982505,4.075222716246057e-09,0.025850879178273563,-1.1063540266560424e-05,0.0007523798919848694,0.1594514616052193,0.009427772649346288,0.16000968869977253
571.4285714285714,0.5,0.0007801619462780659,3.371121269006218e-09,0.011651202572515064,-6.022579108208594e-06,0.0008566035785774061,0.10874282402363392,0.0077833468600087856,0.1093018596502926
571.4285714285714,0.6,0.000605390268683032,2.3120432482325e-09,0.006015305823070374,-3.600477774361962e-06,0.0007586504479668556,0.07710329697273385,0.006404182258656176,0.0776371113281011
571.4285714285714,0.7000000000000001,0.0004907716493187019,1.9648511300464323e-09,0.0034483787378537987,-2.3229431554073023e-06,0.0007966704699079166,0.05696125154696348,0.005335589231555119,0.05746438798534138
571.4285714285714,0.8,0.00041063681733290977,1.1849398860471387e-09,0.00213088825530622,-1.5984866047951962e-06,0.0005751584896614714,0.04341913919160485,0.004536867646494543,0.04389440501375778
571.4285714285714,0.9,0.0003518108679001799,1.1675152798657908e-09,0.0014060270175209877,-1.1442948419876673e-06,0.0006623661831486989,0.03424015962945426,0.0038880084176118276,0.03468516223577351
571.4285714285714,1.0,0.00030704518864265985,1.015723725266496e-09,0.000968117211299843,-8.457332879579378e-07,0.0006610660986344596,0.02751811554538245,0.00335866774248664,0.027932865759972135
571.4285714285714,1.1,0.00027196068149813827,8.149905715819946e-10,0.0006917712977143579,-6.481311480521318e-07,0.0005995395544357517,0.022529950746743133,0.0029527740974418736,0.022921515614571647
571.4285714285714,1.2000000000000002,0.0002437938873307603,7.899881379576388e-10,0.0005117479324215801,-5.092426330625723e-07,0.0006489273258041298,0.018816982278560858,0.0026223342745347942,0.019189924513677705
571.4285714285714,1.3000000000000003,0.00022074457248759808,6.454151408208139e-10,0.00038753278919641487,-4.093183861253335e-07,0.0005861082072006572,0.015895919025674384,0.0023536115425509432,0.016251238078614283
571.4285714285714,1.4000000000000001,0.00020157058553640003,5.059446990195698e-10,0.00029911308996963135,-3.340591205150719e-07,0.0005036236468214508,0.013550190004623385,0.00212353795082308,0.01388812848429208
571.4285714285714,1.5000000000000002,0.0001853877294848983,4.992826701972911e-10,0.00023627234845525422,-2.7726415586597755e-07,0.0005408237408454375,0.011721568790729525,0.001931945327354554,0.012047924747865944
571.4285714285714,1.6,0.0001715675969179491,4.440319969546447e-10,0.00018902610316081636,-2.3074710084397205e-07,0.0005201378340354038,0.010196257523948718,0.0017496192518129075,0.010505072389741282
571.4285714285714,1.7000000000000002,0.00015963772538260805,4.0544457043174784e-10,0.00015425086606180675,-1.9581578162086942e-07,0.0005108047630076574,0.00899067591041542,0.0016056463960826357,0.00928705419013703
571.4285714285714,1.8000000000000003,0.0001492503625078851,4.057721536863864e-10,0.00012640806057098033,-1.697995571966936e-07,0.0005471824918992138,0.00791843283083712,0.001497469696935655,0.00821497523808814
571.4285714285714,1.9000000000000001,0.00014012708023887192,3.6041172557989753e-10,0.0001050871241516565,-1.4523693689090886e-07,0.0005180301834831539,0.007040996241875435,0.0013709609155102026,0.007321410452420814
571.4285714285714,2.0,0.00013205466921137533,3.71339325076965e-10,8.9145430880885e-05,-1.25783549509711e-07,0.0005667079318985125,0.0063617561094486885,0.0012655463023237075,0.006632971699233671
571.4285714285714,2.1,0.00012487371249268758,3.397341988970738e-10,7.456916615445468e-05,-1.1195616549635668e-07,0.000548646687698867,0.005646840554732254,0.0011960088767599415,0.0059201939077254025
571.4285714285714,2.2,0.00011843844743554438,3.59461115618272e-10,6.433820715214888e-05,-9.867252748012972e-08,0.0006124072617158338,0.005152261902673586,0.0011154440407006214,0.005423032010214672
571.4285714285714,2.3000000000000003,0.00011264656444992268,3.3001514242183276e-10,5.522918505372581e-05,-8.740886542231288e-08,0.0005915067359356873,0.004663112886867434,0.001042418084126478,0.004926233138875408
571.4285714285714,2.4000000000000004,0.00010740697331483824,3.1182802993819e-10,4.7812568943320396e-05,-7.872296375598507e-08,0.0005865151092113234,0.004244476445136114,0.0009877005671599117,0.004506737743355442
571.4285714285714,2.5000000000000004,0.000102645507869187,3.345185519490388e-10,4.2146912005633346e-05,-7.139791304186351e-08,0.0006587373057346649,0.003924038701108317,0.0009400427646436025,0.004195160946195031
571.4285714285714,2.6,9.83055115435921e-05,2.9996254805790535e-10,3.632813018925425e-05,-6.384104415230878e-08,0.000617131039451302,0.003539183637295787,0.0008800149953599719,0.0038020421252891587
571.4285714285714,2.7,9.432879651988974e-05,2.9207277076783324e-10,3.23716770107084e-05,-5.7490728958957996e-08,0.0006265626403836731,0.0032929666406703627,0.0008279540057808848,0.003550665530611077
571.4285714285714,2.8000000000000003,9.067579826629446e-05,3.1643233126063044e-10,2.841039515528634e-05,-5.2623632549531766e-08,0.0007065153521613514,0.0030118475167120215,0.0007902277726572757,0.0032892718452754567
571.4285714285714,2.9000000000000004,8.730690396425205e-05,3.0925046363279173e-10,2.5906855159958975e-05,-4.8953950048959954e-08,0.0007174926147190292,0.002857085976114195,0.0007651146766361844,0.003138237859674269
571.4285714285714,3.0000000000000004,8.419707821380923e-05,3.0077386915227016e-10,2.2679619957371356e-05,-4.5394039052700906e-08,0.0007239911668010717,0.0025976891777834163,0.0007372316009808101,0.002891223467833041
571.4285714285714,3.1,8.131404866294012e-05,2.928163512865696e-10,2.002680610888339e-05,-4.048529501866006e-08,0.0007302029372779656,0.002378563072940313,0.0006821635550661624,0.0026686050388331434
571.4285714285714,3.2,7.863128717315984e-05,3.2911446112609104e-10,1.8685394127169972e-05,-3.6866116914479075e-08,0.0008490787474379415,0.0022979293780615887,0.0006435372450033725,0.0026133684235718404
571.4285714285714,3.3000000000000003,7.613537962465127e-05,3.170705404755687e-10,1.6630750443375253e-05,-3.5690529825152264e-08,0.0008452344352537908,0.002115029658200995,0.0006445432139005477,0.002453292403032934
571.4285714285714,3.4000000000000004,7.380577958057645e-05,3.169028098807759e-10,1.5170248393314437e-05,-3.368436303505295e-08,0.0008718988146356133,0.0019925359889323498,0.000628561343695925,0.0023495927169897464
571.4285714285714,3.5000000000000004,7.162788202043477e-05,3.014006839184762e-10,1.367048344347272e-05,-3.011242079131328e-08,0.0008548890265647367,0.0018522239750273432,0.0005799408595506836,0.002198688632471562
571.4285714285714,3.6,6.958668929472782e-05,3.01308491535846e-10,1.2231923290840128e-05,-2.8288507932088083e-08,0.0008800927846356584,0.0017077041713100599,0.0005616601225397687,0.00207887975428602
571.4285714285714,3.7,6.766781580192927e-05,3.1245460718052697e-10,1.1443950836028108e-05,-2.754267879307951e-08,0.0009389609660300907,0.0016445603249722576,0.0005631463927962398,0.00205438411151368
571.4285714285714,3.8000000000000003,6.5863381817491e-05,3.1566168426139325e-10,1.064823392084253e-05,-2.530272608175785e-08,0.0009750550703718472,0.0015736039052909614,0.0005322626104801433,0.0019983915066960943
571.4285714285714,3.9000000000000004,6.416543017226115e-05,3.1729071264853167e-10,9.522111872489767e-06,-2.3682490325034094e-08,0.0010064642687230407,0.0014457368585894614,0.0005120739511715473,0.0019046167203501101
571.4285714285714,4.0,6.256269964575621e-05,2.9891255480392073e-10,8.726975653021124e-06,-2.2659440793947592e-08,0.0009729465770166266,0.0013600743624085942,0.0005031392858173952,0.001817340252917761
571.4285714285714,4.1,6.104723887578147e-05,3.208042245135244e-10,8.191579126043997e-06,-2.118712532053186e-08,0.001070567073398663,0.001309339138564436,0.0004827418088768207,0.001823886549787943
571.4285714285714,4.2,5.961369389706718e-05,3.246592611209284e-10,7.5746152638937784e-06,-2.0177965151047497e-08,0.0011099836030908873,0.0012407793379986536,0.0004713561859155169,0.0017933070770887656
571.4285714285714,4.3,5.825589507099182e-05,3.258765575252036e-10,6.937632208077898e-06,-1.9337476163698066e-08,0.001140622264339865,0.0011637648591373752,0.00046279280544563137,0.0017560530056963861
571.4285714285714,4.3999999999999995,5.6967472566997244e-05,3.206259140593512e-10,6.444244693124304e-06,-1.8374874603008503e-08,0.0011477531180330107,0.0011061961515261617,0.0004502058652229557,0.0017165016130980155
571.4285714285714,4.5,5.574349250993391e-05,3.2867193336471175e-10,5.989415482646848e-06,-1.7186993110305886e-08,0.0012018097225048232,0.001051374620069888,0.0004306731566875076,0.0017090037848456001
571.4285714285714,4.6,5.457940660769704e-05,3.3541410179016737e-10,5.6296848267627035e-06,-1.6447752719450952e-08,0.0012520243344546328,0.0010099268225361826,0.0004209957403560745,0.0017152235853498852
571.4285714285714,4.7,5.3471617553727804e-05,3.381455833724632e-10,5.17066755778133e-06,-1.6056989929952866e-08,0.001287763240284082,0.0009473660267043172,0.0004195595658073889,0.001705255702263286
571.4285714285714,4.8,5.241553517533638e-05,3.5312802192614927e-10,4.939936511472132e-06,-1.565688846390963e-08,0.0013712212426963194,0.0009238427295580741,0.00041738400525520103,0.0017556058501453846
571.4285714285714,4.9,5.1408852162059673e-05,3.6064016850351585e-10,4.630227025061741e-06,-1.5070707741633735e-08,0.0014271104781869081,0.000883369216697505,0.00040964441563016204,0.0017755569786615081
571.4285714285714,5.0,5.0448471419033586e-05,nan,nan,nan,nan,nan,nan,nan
585.7142857142858,0.1,0.006216327468588197,nan,nan,nan,nan,nan,nan,nan
585.7142857142858,0.2,0.00293386756852749,7.836284062409018e-09,0.20250283373117023,-3.02598007958712e-05,0.0005279714601424568,0.3257595980173823,0.0067987985007811275,0.32590188980185075
585.7142857142858,0.30000000000000004,0.0016764360057784857,4.894441104539568e-09,0.06863920650593637,-2.0936721788951417e-05,0.0005765015937118891,0.23395468576104286,0.009874315478907759,0.23437178063066777
585.7142857142858,0.4,0.0011053965080888451,5.813625960436268e-09,0.026879622133583976,-1.1322257331408658e-05,0.0010402622490830351,0.16033789563653464,0.009335304030818609,0.1608838672005207
585.7142857142858,0.5,0.0008031532317350444,3.4956769043950467e-09,0.012104388663954078,-6.2084703203815204e-06,0.0008627884332567268,0.109502685917488,0.0077763965895949905,0.1100569276095872
585.7142857142858,0.6,0.0006219538420207843,2.371851487607902e-09,0.006257790616088109,-3.718713356390317e-06,0.0007575120703785383,0.07791527654778235,0.006424861538318518,0.07844693643238913
585.7142857142858,0.7000000000000001,0.0005033323584674054,1.5913507465606334e-09,0.0035737524765453075,-2.391260187861465e-06,0.0006291248338854553,0.057460091651397524,0.005345975182802478,0.05795875112486375
585.7142857142858,0.8,0.0004204483996794795,1.5860779410764384e-09,0.0022158670771161852,-1.6384740051902155e-06,0.0007517455891351006,0.0440239344806535,0.004534281848286168,0.04449484635715749
585.7142857142858,0.9,0.0003597231116627154,1.2690393856809963e-09,0.0014572266553846019,-1.1719633548186305e-06,0.0007039728514991316,0.034658870303597065,0.003888288096425239,0.03509943642195434
585.7142857142858,1.0,0.0003135700901997974,9.805757425901136e-10,0.0010003503792048948,-8.748004258128716e-07,0.000624790990262022,0.027808899310946867,0.0033969396855651505,0.028227710554039425
585.7142857142858,1.1,0.0002774205725289283,8.076842340266431e-10,0.0007172896506086711,-6.691401206962899e-07,0.000582357378308711,0.02287493842769366,0.0029844803448911003,0.023268351768978592
585.7142857142858,1.2000000000000002,0.00024844395136414593,6.180600958626754e-10,0.0005264850752033377,-5.234050971435134e-07,0.0004981227338585971,0.01897786708476489,0.002641702847812438,0.01934850777753339
585.7142857142858,1.3000000000000003,0.00022473218095139696,5.80710670521472e-10,0.00040017739035410276,-4.211999343481244e-07,0.0005178870005959078,0.016107350899743186,0.002376249250552108,0.016462323072833393
585.7142857142858,1.4000000000000001,0.000205022184442189,5.694201845627313e-10,0.0003093783909078836,-3.4157276457156966e-07,0.0005571130238236843,0.013766537110890816,0.0021323401214456794,0.014103959292833413
585.7142857142858,1.5000000000000002,0.00018840597184205987,5.16461107563058e-10,0.00024309356566734115,-2.814130103556697e-07,0.0005503077231662778,0.011856939595523983,0.0019273148401663452,0.012178626365412962
585.7142857142858,1.6,0.00017422069489860415,5.151649609162752e-10,0.00019516970373358183,-2.3550818976543563e-07,0.0005940577624110266,0.010358997744359824,0.001756596608326472,0.01066925499655439
585.7142857142858,1.7000000000000002,0.00016198711499248425,4.76988717527621e-10,0.00015865476747622658,-2.0068668916960703e-07,0.0005919987683854635,0.009106539700611522,0.0016199401393916764,0.00940892873663141
585.7142857142858,1.8000000000000003,0.00015134008276112662,4.1703939281988043e-10,0.0001293682538738394,-1.7379591844083403e-07,0.0005544092000684722,0.007986329892957335,0.001509907386079955,0.008285437547247705
585.7142857142858,1.9000000000000001,0.00014198673306850738,4.1012344754353904e-10,0.00010925298579578114,-1.479463645460503e-07,0.000581523056971239,0.007219038327620368,0.001376751906971725,0.007499571658977706
585.7142857142858,2.0,0.00013372591323384595,3.756082470853416e-10,9.06780401408434e-05,-1.2959461656464834e-07,0.0005658270271658127,0.006386374147864367,0.0012862854008995081,0.006664457610812454
585.7142857142858,2.1,0.00012637187380059296,3.240910966881173e-10,7.70770269924349e-05,-1.1400618600202459e-07,0.0005169846569713641,0.005763806365461168,0.0012021952995767712,0.006031524188024404
585.7142857142858,2.2,0.00011978860463726431,3.3008588238539956e-10,6.564770363496598e-05,-9.90509385993092e-08,0.0005557843307651646,0.0051948033736173,0.0011060307187214732,0.005453575544024382
585.7142857142858,2.3000000000000003,0.00011386181251028532,3.2321464182633265e-10,5.6750999881258665e-05,-8.92336125985123e-08,0.0005728716359030788,0.00473759587175326,0.0010517338794072306,0.004998528269547124
585.7142857142858,2.4000000000000004,0.0001085025303821189,3.266260471318975e-10,4.9304445359302504e-05,-7.983823961558594e-08,0.0006078377920214674,0.00433020029036063,0.000990547453990172,0.004591565076666304
585.7142857142858,2.5000000000000004,0.00010363629270754552,2.874835082303021e-10,4.258087771809933e-05,-7.220525134365767e-08,0.0005604402226445787,0.003924413335628219,0.0009405972565302654,0.004181454253008041
585.7142857142858,2.6,9.919586381015313e-05,3.1588605656194596e-10,3.7741226003386344e-05,-6.464333181063658e-08,0.0006436954843416393,0.0036416997383232814,0.0008821412555739546,0.0039029049758144076
585.7142857142858,2.7,9.51328471727946e-05,3.074652349783291e-10,3.337413619451255e-05,-5.8283274097940614e-08,0.0006536274857481889,0.003364468528484811,0.0008313654781243353,0.003623425794151725
585.7142857142858,2.8000000000000003,9.14035718973812e-05,2.772250094677074e-10,2.880575851358594e-05,-5.249537793387357e-08,0.0006137087297291092,0.0030279508465950347,0.0007811841012306978,0.003281100719937218
585.7142857142858,2.9000000000000004,8.796235420710365e-05,2.9387867135180016e-10,2.6224909710258273e-05,-4.880222679148879e-08,0.0006763277030809875,0.0028691340136795737,0.0007562538051225749,0.0031357915724634206
585.7142857142858,3.0000000000000004,8.478338561392869e-05,2.971317227852601e-10,2.337076803622911e-05,-4.536123113058465e-08,0.0007098079286270971,0.002656905700955164,0.000730755314186238,0.0029378532736902972
585.7142857142858,3.1,8.183812470111602e-05,3.112314055172774e-10,2.11950410634255e-05,-4.093740795347257e-08,0.0007705921817958062,0.0024999050120432394,0.0006845579303786413,0.002789368476908762
585.7142857142858,3.2,7.910481419893761e-05,2.561319686366891e-10,1.8509512071936495e-05,-3.780108550802579e-08,0.0006564288321864622,0.0022617224111055522,0.0006551541492165923,0.0025307589760967418
585.7142857142858,3.3000000000000003,7.655659881747856e-05,2.607980957089701e-10,1.677041411153563e-05,-3.4995868496463145e-08,0.0006909435430988426,0.0021200244613887058,0.0006278251031111464,0.0024000490446716913
585.7142857142858,3.4000000000000004,7.417608757713486e-05,2.877941370852997e-10,1.5568487427307156e-05,-3.3131041154140525e-08,0.0007872581697218982,0.002033591835032349,0.0006144283848988878,0.0023474061552366736
585.7142857142858,3.5000000000000004,7.195126121106424e-05,2.919609649316104e-10,1.4293570134346055e-05,-3.092109244941521e-08,0.0008237299977128274,0.001926978167928086,0.0005920905139293806,0.0022567495036387563
585.7142857142858,3.6,6.986937054633708e-05,2.8074564900337536e-10,1.2401875392469711e-05,-2.8254295491486263e-08,0.0008160598694775566,0.001723649479345419,0.0005580108127201832,0.00206389761675446
585.7142857142858,3.7,6.791149863553462e-05,2.818649900064106e-10,1.1520758789048897e-05,-2.6347922146223364e-08,0.0008432955034081435,0.001648899753778142,0.0005361093711972489,0.002001210688520584
585.7142857142858,3.8000000000000003,6.606883431262264e-05,2.998456423898003e-10,1.1114299321489741e-05,-2.5285316250856364e-08,0.0009224775102404383,0.0016365857836737824,0.0005295476904485571,0.0020224290586177127
585.7142857142858,3.9000000000000004,6.433731298292556e-05,2.7751635980364744e-10,9.298713474524066e-06,-2.4383380397866876e-08,0.0008771820981865095,0.0014074281120996744,0.0005251096498511072,0.001817080794252376
585.7142857142858,4.0,6.269877878797373e-05,2.9696984980795483e-10,9.449435563158805e-06,-2.219653142321709e-08,0.0009636003603750077,0.0014687333251960004,0.0004911162719934585,0.0018889398138346415
585.7142857142858,4.1,6.115473894865348e-05,2.86964310319142e-10,8.11665011088273e-06,-2.0763370498349407e-08,0.0009550453017401942,0.0012945467627576168,0.0004716072663748022,0.001741490647904051
585.7142857142858,4.2,5.969186561044206e-05,2.830882785120891e-10,7.72691276314008e-06,-2.0253906204140963e-08,0.0009656565673553262,0.0012635018799814883,0.0004718488706294977,0.001724590478989691
585.7142857142858,4.3,5.830626139986203e-05,2.7976562782084575e-10,6.93255931671487e-06,-1.9176688464355046e-08,0.0009774248822581244,0.0011613909610327443,0.00045790191939927143,0.0016503141217371145
585.7142857142858,4.3999999999999995,5.698998278244915e-05,2.9162368115527087e-10,6.7940274477566476e-06,-1.7866225457140867e-08,0.0010428060798929508,0.0011652311920950442,0.00043693806901532774,0.0016813797916005258
585.7142857142858,4.5,5.574164443951384e-05,2.9121242806563146e-10,6.101403071759211e-06,-1.6674384741449898e-08,0.0010650883615394117,0.0010706097411979257,0.00041737710746200004,0.0016214270675862328
585.7142857142858,4.6,5.455432012729612e-05,2.9118852775242234e-10,5.674678801128641e-06,-1.6123900498349072e-08,0.0010886185938142195,0.0010180321836910154,0.0004128039869122103,0.001600716787270621
585.7142857142858,4.7,5.3423742603089684e-05,2.908066402487326e-10,5.3214044837641345e-06,-1.56236872784994e-08,0.0011099027230414354,0.0009754322794871719,0.0004088679462963546,0.0015867256163236072
585.7142857142858,4.8,5.234637912372089e-05,2.8560708185713755e-10,4.952296585941179e-06,-1.5040265826982367e-08,0.0011120206894330734,0.0009269842105099486,0.0004018224063814264,0.001555253108919021
585.7142857142858,4.9,5.131853861021151e-05,2.8557748895164333e-10,4.629272001966359e-06,-1.4379272689747158e-08,0.001133678690403148,0.0008843538138569347,0.000391903241271797,0.0015409365146547029
585.7142857142858,5.0,5.0336990816721794e-05,nan,nan,nan,nan,nan,nan,nan
600.0,0.1,0.006358224448963735,nan,nan,nan,nan,nan,nan,nan
600.0,0.2,0.003029030480090889,7.60052467370034e-09,0.2032796221169296,-2.963464282989939e-05,0.0004962425671487842,0.3197113026578673,0.0065133403913121765,0.3198443535690165
600.0,0.30000000000000004,0.0017326327323873394,8.362635502303651e-09,0.070429883617329,-2.1094015152965076e-05,0.0009531560342145647,0.23251625918011792,0.009640681500637172,0.2329175922276692
600.0,0.4,0.0011405338208570798,5.218968583289575e-09,0.027842301131507912,-1.1542298542763875e-05,0.0009051269118462424,0.16069361158348255,0.009208972519724834,0.1612230331193648
600.0,0.5,0.0008268579206418994,3.6002457845031825e-09,0.012581944625581928,-6.415805487188553e-06,0.0008630874212850846,0.11031627818039577,0.007788862263614938,0.11086820510044516
600.0,0.6,0.0006390014666825383,2.8553583855215685e-09,0.006507282035141353,-3.844168833257342e-06,0.0008874474028766402,0.07869891395718476,0.006450941893171041,0.0792309025794316
600.0,0.7000000000000001,0.0005162178330745907,1.9918185900608904e-09,0.003714947193513592,-2.4715479616762328e-06,0.0007676790662461315,0.05813675534737407,0.005377111964499639,0.05863700469521538
600.0,0.8,0.00043058367140177907,1.3930742652395324e-09,0.002294483332601431,-1.6820651404024416e-06,0.0006446684334607065,0.04444796722607394,0.004538065574620871,0.0449135332192688
600.0,0.9,0.0003678943430549818,1.093578164997935e-09,0.0015090094547238193,-1.211104245079273e-06,0.0005931062652631072,0.035045673000352995,0.003923211325772596,0.035487098293646185
600.0,1.0,0.0003202951092554227,9.026315364278626e-10,0.001034942162100302,-8.970625352219655e-07,0.0005629831141535863,0.028131505189946077,0.003405676877077842,0.02854637987943323
600.0,1.1,0.00028304529707686663,9.315942531976606e-10,0.0007424665212662367,-6.865410728003488e-07,0.000658177601982176,0.023180701166253183,0.0029974326277404776,0.02357429339408859
600.0,1.2000000000000002,0.00025322015011097293,7.779205242415217e-10,0.0005443298651855681,-5.409877961037412e-07,0.0006149763675031933,0.019231192703327078,0.0026754806009515438,0.01960952221797421
600.0,1.3000000000000003,0.00022883830179693492,6.662522458167203e-10,0.00041335380660122324,-4.290732840999571e-07,0.0005833602931302755,0.01632389074961342,0.0023743935916077396,0.01667588703165896
600.0,1.4000000000000001,0.00020858999154890913,6.061066424900169e-10,0.00031879331243713725,-3.482589185179872e-07,0.0005826943785595788,0.013930942064061728,0.0021345113393199935,0.014266147232046241
600.0,1.5000000000000002,0.00019152961442525472,5.432894982754429e-10,0.000250969128396834,-2.893554196391613e-07,0.0005692804236374774,0.012031695602134778,0.0019472488045300562,0.012355943309867268
600.0,1.6,0.00017697892858556865,4.379744061987071e-10,0.0002005606492707989,-2.4391707292449326e-07,0.0004970485974387406,0.010471521590676445,0.0017891023208316981,0.010784321766389831
600.0,1.7000000000000002,0.00016443384923859057,3.473131598572659e-10,0.0001626143202922977,-2.0667713016470607e-07,0.0004245559465345247,0.009188343583720721,0.0016418768620259654,0.009486697255860547
600.0,1.8000000000000003,0.00015351491309453547,3.6836762643232843e-10,0.00013341076104264536,-1.734866104737193e-07,0.0004826315603035051,0.008113339294822976,0.0014844914170745558,0.00839444085515263
600.0,1.9000000000000001,0.00014393008456090682,4.228390529205605e-10,0.0001128555973341536,-1.5113827123032482e-07,0.0005912157032946784,0.007351441958258246,0.0013861389031483331,0.007631251338483394
600.0,2.0,0.0001354738120006197,3.2042538500718046e-10,9.186367083061757e-05,-1.3418102599466485e-07,0.0004763224946253276,0.006382520451569921,0.0013132881263689437,0.00666430055139455
600.0,2.1,0.00012793617614863877,3.804519397355201e-10,8.075860081193567e-05,-1.1625790251793192e-07,0.0005992003276389022,0.00596119645703675,0.0012097474081900852,0.00623072081024943
600.0,2.2,0.00012120612630477719,3.028996872617171e-10,6.66946281533651e-05,-1.0151222736860865e-07,0.0005038597122481235,0.005213117208996303,0.0011191508698480247,0.005471331006558034
600.0,2.3000000000000003,0.00011514302274244925,3.1241230905698646e-10,5.848266462439625e-05,-9.012365656947244e-08,0.0005473320792215966,0.004825058469184923,0.001049415932167179,0.005077726778133184
600.0,2.4000000000000004,0.00010966474582636527,2.81438291328335e-10,4.992787393432216e-05,-8.100803882948818e-08,0.0005179843801221865,0.004336161475107383,0.0009934566573906658,0.00458743026284691
600.0,2.5000000000000004,0.00010468574764962451,3.1538906466375424e-10,4.43933145985906e-05,-7.247736179352379e-08,0.0006083684142811304,0.004048093511189054,0.0009337570520707295,0.004301276283547651
600.0,2.6,0.00010015068261886965,2.845591893020349e-10,3.840282447230904e-05,-6.561987870520815e-08,0.0005740534979443888,0.0036683909065482793,0.0008860403298078224,0.0039187707503552955
600.0,2.7,9.599964583283789e-05,2.6806402486772337e-10,3.393130142062273e-05,-5.982180054440874e-08,0.0005644479356631185,0.0033880249772985224,0.0008447676477451464,0.0036365614907803694
600.0,2.8000000000000003,9.218792206101236e-05,2.8014149589516593e-10,3.0158139981981747e-05,-5.3386223102235594e-08,0.0006145552571684776,0.003141484504484055,0.0007868874014871632,0.003388950666690987
600.0,2.9000000000000004,8.867777968900664e-05,2.5670692378011553e-10,2.6269482414626294e-05,-4.863707404695252e-08,0.000585709877669534,0.002849557927690406,0.000746876810139647,0.003094945295657364
600.0,3.0000000000000004,8.543033214114719e-05,2.6485905942462873e-10,2.42832759375064e-05,-4.494837003010944e-08,0.0006275633768266237,0.0027383721178707854,0.0007178884288306734,0.002987180148629157
600.0,3.1,8.24257173526628e-05,2.509143004279441e-10,2.0951049087098108e-05,-4.160030804804416e-08,0.0006164726159147659,0.0024524133948681114,0.0006899813393833087,0.0027104461704479024
600.0,3.2,7.963061305504939e-05,2.8729761092519514e-10,1.9553335403496268e-05,-3.880345606804662e-08,0.0007309372720521965,0.002372237213276081,0.0006673548546098262,0.0026556550407892923
600.0,3.3000000000000003,7.703104211147094e-05,2.732812345556684e-10,1.7365790316513327e-05,-3.499719571475786e-08,0.0007190662273528662,0.0021807932465003374,0.0006232745297808188,0.0024596458489481703
600.0,3.4000000000000004,7.460512907105763e-05,2.5559828036433265e-10,1.5500824144360714e-05,-3.242805282793229e-08,0.0006947058398372872,0.0020122828043699073,0.0005972800273573688,0.0022902805834279097
600.0,3.5000000000000004,7.233422427208792e-05,2.618020384668587e-10,1.460273552369805e-05,-3.1137643709022024e-08,0.0007342110063608896,0.001957336674505272,0.000592416037573399,0.0022521425759425536
600.0,3.6,7.02093468283552e-05,2.565833331772663e-10,1.2823555186574198e-05,-2.9289375918955182e-08,0.000741681222219325,0.001772819894817412,0.0005749843510214885,0.0020866708946770634
600.0,3.7,6.821270493648821e-05,2.429157614229288e-10,1.1941675137587124e-05,-2.6375480312803802e-08,0.0007230473268704089,0.001700866861328538,0.0005336877794418147,0.0019963443612541166
600.0,3.8000000000000003,6.63354797959971e-05,2.367117111265891e-10,1.0757712988064656e-05,-2.5081794527448577e-08,0.0007248041719530988,0.0015770834770562165,0.0005225979189644685,0.0018864650940572235
600.0,3.9000000000000004,6.456583178538664e-05,2.5296299988111e-10,9.928024721261634e-06,-2.3458667487327497e-08,0.0007961188256840778,0.001496638714575292,0.0005028081622006377,0.001838304850269765
600.0,4.0,6.289546402198879e-05,2.654794652035372e-10,9.57069078976342e-06,-2.2034209197140686e-08,0.0008579989332205807,0.0014823151077145394,0.00048541858419629024,0.001845178216794433
600.0,4.1,6.132080316648857e-05,2.4806007169575476e-10,8.166813089227445e-06,-2.152648313699793e-08,0.0008226611594639722,0.001298474097650708,0.000486997730214739,0.0016843811753961878
600.0,4.2,5.9827810441880626e-05,2.5799388261717787e-10,7.890503754544405e-06,-1.9409614169257726e-08,0.0008772903166876134,0.0012867580571509077,0.00045058742874870447,0.0016826891154605385
600.0,4.3,5.841372275481812e-05,2.788989311707152e-10,7.2372967115899735e-06,-1.8221998983564817e-08,0.0009716625671289195,0.0012096877118076392,0.00043373851223773175,0.0016684515870873707
600.0,4.3999999999999995,5.707200803487152e-05,2.7618978543612253e-10,6.893416193734615e-06,-1.7681985761154356e-08,0.0009852275768540194,0.0011801021863764075,0.00043121881188826135,0.001653848202204987
600.0,4.5,5.579922747686226e-05,2.7261084241355185e-10,6.221295819574233e-06,-1.6966879176436454e-08,0.0009950354598258257,0.0010900783122565032,0.0004236712107931702,0.0015929095651896503
600.0,4.6,5.458865987704875e-05,2.684350946593475e-10,5.712366914464362e-06,-1.6321029398316344e-08,0.0010019183309173704,0.0010237358423704085,0.0004170047674510269,0.0015490840419215056
600.0,4.7,5.343521594637988e-05,2.674970210313671e-10,5.373821595708056e-06,-1.5403106325281086e-08,0.0010203723771262578,0.0009844208683289963,0.0004024383704361408,0.0015277949855927982
600.0,4.8,5.2335510231668086e-05,2.801928072447451e-10,5.070166160126568e-06,-1.4434896806038865e-08,0.0010916421325201972,0.000948843580086638,0.00038543528214006093,0.0015456737684264583
600.0,4.9,5.128650617855756e-05,2.8967650491487445e-10,4.877707740541709e-06,-1.390087851583019e-08,0.0011519746209705322,0.0009320072965659598,0.00037910856353885834,0.001575794953066351
600.0,5.0,5.0286279202852454e-05,nan,nan,nan,nan,nan,nan,nan
614.2857142857142,0.1,0.00649976839828335,nan,nan,nan,nan,nan,nan,nan
614.2857142857142,0.2,0.003125744519138717,7.612560161488064e-09,0.2038815479308701,-2.889306637031665e-05,0.00048187898743890916,0.3136750964614634,0.0062154368054459,0.3137986004698426
614.2857142857142,0.30000000000000004,0.0017905361193027857,8.426324856445167e-09,0.0721408509787703,-2.1271762500574447e-05,0.0009294649709612992,0.23079573694221292,0.009425594819824528,0.23118222200516717
614.2857142857142,0.4,0.0011767362292545572,5.017190518836367e-09,0.02883610143800791,-1.1907091733153791e-05,0.0008434497661979402,0.16104730380550136,0.00919387443799644,0.16157351306725012
614.2857142857142,0.5,0.0008512973535864081,2.97450524332742e-09,0.013077333962716018,-6.596526032303304e-06,0.0006926983071127194,0.1111322455925428,0.007762684759813921,0.11167530788292647
614.2857142857142,0.6,0.000656631817545419,2.3206254533913295e-09,0.006754351976715431,-3.931791575581541e-06,0.0007018999963575286,0.07934186507523137,0.006409407958195738,0.07986103704542205
614.2857142857142,0.7000000000000001,0.0005295098012715843,2.1294956526921325e-09,0.003861545899678608,-2.5496609982853613e-06,0.0008000034261228743,0.05880838845296294,0.005398221113001608,0.05930723514282306
614.2857142857142,0.8,0.0004410032439945357,1.5957445486177625e-09,0.0023792066947107486,-1.7408721609081368e-06,0.0007208926385040809,0.04493225033790186,0.00457804449605445,0.045402024067654076
614.2857142857142,0.9,0.00037628875366459467,1.3811395035958843e-09,0.001563007549403272,-1.243914136433605e-06,0.0007321839212173043,0.03544208734715427,0.003933649538480497,0.03588348988324543
614.2857142857142,1.0,0.00032720433882868635,1.16751031950814e-09,0.0010740218908189718,-9.257450723727221e-07,0.0007126248060351579,0.02854249244388267,0.003435358693027786,0.02896178668043115
614.2857142857142,1.1,0.00028886014290096775,7.400123751749705e-10,0.0007639161175212321,-7.067311699291969e-07,0.0005122442652175699,0.02334676001717673,0.0030196213954783654,0.02373962561269557
614.2857142857142,1.2000000000000002,0.00025815510814846147,7.268986120867317e-10,0.0005630319092602721,-5.525764326263252e-07,0.0005635448638616377,0.01949150559872502,0.002677494089854977,0.019863894948401493
614.2857142857142,1.3000000000000003,0.00023308039248855791,6.808725599235591e-10,0.000427581706013611,-4.419760540745522e-07,0.0005851627344277454,0.016562976773162076,0.0023985646933066384,0.016916880332674335
614.2857142857142,1.4000000000000001,0.0002122814938887905,5.374349345494399e-10,0.0003281537127237813,-3.5978810025371597e-07,0.0005075862651181849,0.014078992626541532,0.002164490400492354,0.014416855225131262
614.2857142857142,1.5000000000000002,0.0001947641324162609,4.810182188644307e-10,0.0002579773860679154,-2.9813532022087645e-07,0.0004955505329906663,0.012152608375889044,0.0019710400045415246,0.01247803903133349
614.2857142857142,1.6,0.00017982654480441044,4.59729954552726e-10,0.00020625065288424647,-2.491405005018422e-07,0.0005133417676715442,0.010589765698924275,0.0017966719778992803,0.010902417975884355
614.2857142857142,1.7000000000000002,0.00016695146372140246,5.307385851168374e-10,0.0001688537856168689,-2.1023777262802964e-07,0.0006387289930377168,0.009389814267994966,0.0016432838481460388,0.009694191576668171
614.2857142857142,1.8000000000000003,0.00015576492049456316,4.2963874534604483e-10,0.0001381352469851895,-1.7919814406653617e-07,0.0005545852595692105,0.008273976394462793,0.0015096195627467808,0.008562952331685289
614.2857142857142,1.9000000000000001,0.00014595972973757576,2.9528975145467036e-10,0.00011325647225208501,-1.550879618054682e-07,0.00040704736157576353,0.007270987067722874,0.0014013319082586337,0.0075472115862593005
614.2857142857142,2.0,0.0001372871037031092,3.669896506671782e-10,9.636440810491664e-05,-1.348704765566932e-07,0.000538140401222228,0.006602122947073988,0.0013014020959581706,0.00687494853293006
614.2857142857142,2.1,0.00012957812174969183,3.183722489029165e-10,8.163244387220904e-05,-1.1848850716389387e-07,0.0004949073231382776,0.00594611159171539,0.001216230944622995,0.0062096386159699426
614.2857142857142,2.2,0.00012268546423499654,3.22058418325707e-10,6.951838684051942e-05,-1.0435407328151767e-07,0.0005290664757072526,0.005364978740377889,0.0011355234845690392,0.005625098700328701
614.2857142857142,2.3000000000000003,0.00011648799058870644,3.068401940199313e-10,5.938807141806606e-05,-9.181556920465938e-08,0.0005311517900214186,0.004840677075184053,0.0010558201802856266,0.005093504616317938
614.2857142857142,2.4000000000000004,0.000110884397656597,2.961462604738551e-10,5.1876298245343254e-05,-8.238257670411166e-08,0.0005388337582521389,0.0044533602119129255,0.0009982511338161386,0.004702740652897167
614.2857142857142,2.5000000000000004,0.000105799567706941,2.6537637792370606e-10,4.488369742403823e-05,-7.331120357756847e-08,0.0005063072529357949,0.004047791968265962,0.0009337205844752996,0.00428773076492445
614.2857142857142,2.6,0.00010116357473152537,2.6967779254690433e-10,3.935696806219924e-05,-6.655718176322509e-08,0.0005383495547760405,0.003719955470065425,0.0008888835128333268,0.003963346659222615
614.2857142857142,2.7,9.692115143673174e-05,2.864569320952627e-10,3.5071581656156464e-05,-6.006924981457285e-08,0.0005971392339191479,0.0034668191341826115,0.000839400883239101,0.003712761487004705
614.2857142857142,2.8000000000000003,9.302944395849968e-05,2.6716690638917786e-10,3.0785785876040964e-05,-5.49246095462325e-08,0.0005805011888949683,0.0031763743434411566,0.0008014589599733275,0.003422135083397902
614.2857142857142,2.9000000000000004,8.944559433902802e-05,2.547392127509572e-10,2.6958681807965e-05,-4.941642774683334e-08,0.0005759415723708294,0.002897865520941009,0.0007516053096536792,0.0031399290366571813
614.2857142857142,3.0000000000000004,8.613133153763601e-05,2.6062743926305226e-10,2.4744826805289858e-05,-4.577126047229744e-08,0.0006121764960605398,0.002766466810148176,0.0007243918205128208,0.0030129032001098444
614.2857142857142,3.1,8.306451700429691e-05,2.3749090372186453e-10,2.1734160569830627e-05,-4.190815036745106e-08,0.0005787044639361479,0.0025233745005246618,0.0006890536662067032,0.0027662081693725633
614.2857142857142,3.2,8.02150440766561e-05,2.295693028190926e-10,1.9568593696958535e-05,-3.80269739682962e-08,0.0005795053462296849,0.0023558306726741405,0.0006486339252743134,0.002593687826754524
614.2857142857142,3.3000000000000003,7.756125708598489e-05,2.3686546838715183e-10,1.7886338402678595e-05,-3.6302500757213736e-08,0.0006186333227583447,0.002229798488371562,0.0006414727539083703,0.0024854945332437785
614.2857142857142,3.4000000000000004,7.508633347934046e-05,2.2472009219119037e-10,1.59206447857788e-05,-3.336842899727234e-08,0.000606522704063521,0.002052654299830272,0.0006100498976257594,0.0023077220847282777
614.2857142857142,3.5000000000000004,7.277061632055382e-05,2.2201413173444013e-10,1.4678789415251708e-05,-3.061098329534353e-08,0.0006185334211907507,0.0019549215862684904,0.0005783363350784537,0.0022075433935785727
614.2857142857142,3.6,7.06016870559197e-05,2.384815309612547e-10,1.3072809134459397e-05,-2.8786362459344538e-08,0.0006850767533129347,0.0017964406233518496,0.0005613935014658944,0.0020801092274529355
614.2857142857142,3.7,6.856348588263016e-05,2.54984785647468e-10,1.2514908250574285e-05,-2.7272086888210768e-08,0.0007545382009898383,0.0017726075356615657,0.0005484043509069641,0.002076766726530577
614.2857142857142,3.8000000000000003,6.665043379184638e-05,2.332481689005367e-10,1.0859398880167337e-05,-2.4922959786825185e-08,0.0007103349292401387,0.001583845794940606,0.0005162554163849163,0.0018831310426370119
614.2857142857142,3.9000000000000004,6.484597568986426e-05,2.493849199267418e-10,1.0481115081629944e-05,-2.3012001463044896e-08,0.0007808716313091454,0.001572550167394731,0.0004905659047864814,0.0018878517811085065
614.2857142857142,4.0,6.314632873869845e-05,2.1698706350350151e-10,9.081010121873962e-06,-2.2460736542382053e-08,0.0006980145577748654,0.0014003968673870027,0.0004923018758545982,0.0017126172902878459
614.2857142857142,4.1,6.153749188875137e-05,2.423450824453388e-10,8.775204729390648e-06,-2.066316272421282e-08,0.000800247057589165,0.0013896619019140022,0.0004652918801151079,0.0017333633843523585
614.2857142857142,4.2,6.001640708609821e-05,2.4864561764787723e-10,8.277997554768065e-06,-1.9020988631432888e-08,0.0008421437872729975,0.0013451957986414503,0.0004396640947613227,0.001704513692397249
614.2857142857142,4.3,5.857810225899273e-05,2.2238773802950697e-10,7.060111774054261e-06,-1.8285502223041684e-08,0.0007720173390006603,0.0011763636173564977,0.0004335212326676143,0.0015348366200690613
614.2857142857142,4.3999999999999995,5.721039854962779e-05,2.2867162412358027e-10,6.975053974651807e-06,-1.77011738123086e-08,0.0008130901127194288,0.001190727201064459,0.0004301464306169361,0.001564927698745816
614.2857142857142,4.5,5.591244538000937e-05,2.2813856135435142e-10,6.329008878988567e-06,-1.7221258295111634e-08,0.0008303378797522618,0.0011062689719769038,0.00042863667197040617,0.0015102154899305094
614.2857142857142,4.6,5.467778229918084e-05,2.293036995774502e-10,5.816130009967919e-06,-1.631054644335239e-08,0.0008537404370156477,0.0010402210045435407,0.00041554944195675746,0.001468432889004597
614.2857142857142,4.7,5.350128051845198e-05,2.335459054755268e-10,5.7044807452307175e-06,-1.494685975599739e-08,0.0008889755293033229,0.0010432904381559346,0.000389549624473054,0.0014772373708723727
614.2857142857142,4.8,5.238182354517543e-05,2.303208909319962e-10,5.122482906898722e-06,-1.3978936272889655e-08,0.0008957434406151439,0.0009574505240359691,0.0003724686404966414,0.0014129874711718573
614.2857142857142,4.9,5.131359140096787e-05,2.2413331652019735e-10,4.7642389896994865e-06,-1.388329510967372e-08,0.0008901475301050252,0.0009095214078583356,0.00037795570062293767,0.0013803234548363788
614.2857142857142,5.0,5.0293001646657306e-05,nan,nan,nan,nan,nan,nan,nan
628.5714285714287,0.1,0.006640854117330405,nan,nan,nan,nan,nan,nan,nan
628.5714285714287,0.2,0.003224012141892971,8.028060244536177e-09,0.20429889978966623,-2.8205164119815738e-05,0.0004929061338520259,0.3076394936255482,0.0059416086434001016,0.30775462047089264
628.5714285714287,0.30000000000000004,0.0018501591643522003,6.494271479830213e-09,0.07376563672730202,-2.1465736548180684e-05,0.0006935044089916463,0.22880074106665962,0.009225659777049696,0.22917348375774554
628.5714285714287,0.4,0.0012139625540844503,5.192156554215367e-09,0.02985778846006099,-1.2168756275815772e-05,0.0008461769243797129,0.16137956687912933,0.009096263235688677,0.1618936831108262
628.5714285714287,0.5,0.0008763438284173101,4.6194838984119806e-09,0.013601066268943411,-6.786384566892238e-06,0.0010447936166267928,0.11203859808675157,0.007741941854711734,0.11257714857958284
628.5714285714287,0.6,0.0006747357654396042,2.5726826511707743e-09,0.0070108657956208745,-4.068126334621222e-06,0.0007572309888663587,0.0800013141906026,0.006440647404904503,0.08052172097628452
628.5714285714287,0.7000000000000001,0.0005432363604181069,1.6471202359362033e-09,0.004001152334346183,-2.6126745818732427e-06,0.0006031716309983423,0.059299544196228446,0.005383014144485659,0.059789241845472144
628.5714285714287,0.8,0.0004517484787400715,1.5331832154836641e-09,0.0024704432416986937,-1.7880501652562663e-06,0.0006760805233772157,0.04547639704745269,0.004583458922232414,0.045941005264091006
628.5714285714287,0.9,0.00038496502947902303,1.0744922632842946e-09,0.0016170255596119926,-1.2815944464319778e-06,0.0005567557182660791,0.03579482025311705,0.003955970328565132,0.03623366578699644
628.5714285714287,1.0,0.0003343518358140945,9.063687646388427e-10,0.0011087369509612045,-9.495761564488928e-07,0.0005413570773254983,0.02880097842813591,0.0034442069167743795,0.02921497130709242
628.5714285714287,1.1,0.00029482601165877804,1.0483490375724293e-09,0.0007938225338016343,-7.267641471798571e-07,0.0007107795345586371,0.02374213175377968,0.0030385782363684245,0.024138350050441404
628.5714285714287,1.2000000000000002,0.0002632384128414779,7.860571090417637e-10,0.0005810622739660971,-5.696832860135875e-07,0.0005975064849884893,0.019708650220408627,0.002703712642035199,0.02008502007993565
628.5714285714287,1.3000000000000003,0.00023746143676383878,6.284969579804943e-10,0.00043982161413598216,-4.551247152677792e-07,0.0005300834401205714,0.016708109177091972,0.0024216812748857506,0.01706373291871915
628.5714285714287,1.4000000000000001,0.0002160826768275595,6.073582731686989e-10,0.0003392900499428561,-3.7005146360893217e-07,0.0005633921257109836,0.014288216839195176,0.0021847473603888827,0.01462931280643852
628.5714285714287,1.5000000000000002,0.00019809681739070878,5.409771250935683e-10,0.0002657025509098805,-3.0455542993666636e-07,0.0005477996749373605,0.01229633743948476,0.0019775624545551804,0.01262226229456783
628.5714285714287,1.6,0.00018276798346295687,5.053001811232953e-10,0.00021382426659720047,-2.535778803571427e-07,0.0005549812912868139,0.01079392740447073,0.0017974311997913993,0.011103080243005978
628.5714285714287,1.7000000000000002,0.00016957739220117696,3.670101228927477e-10,0.0001715808331795033,-2.1432783670862962e-07,0.0004347620074853152,0.009387904266847647,0.0016478038364757415,0.009682576077349316
628.5714285714287,1.8000000000000003,0.0001581026092711921,4.208695960731769e-10,0.00014218117876200746,-1.8685690794098677e-07,0.0005350638073857342,0.008384441871433654,0.0015494613237919835,0.008682558353462325
628.5714285714287,1.9000000000000001,0.0001480496381288273,3.880135680702975e-10,0.00011786242662111606,-1.6048898472716947e-07,0.0005271409291081659,0.007454805911453848,0.0014282403292838906,0.007741559895329505
628.5714285714287,2.0,0.00013917529125267365,3.322900489444076e-10,9.840969025724082e-05,-1.3551063814899245e-07,0.0004805050263082269,0.0066470740152440215,0.001288698300866403,0.006909121844760856
628.5714285714287,2.1,0.00013128504127909242,3.470065460376726e-10,8.357370675262633e-05,-1.1992171852166836e-07,0.000532212413346898,0.0060049241499985605,0.0012138820312965713,0.006268124382298571
628.5714285714287,2.2,0.00012423052837303746,3.370913632681927e-10,7.195634157403226e-05,-1.0692653844119218e-07,0.0005466605034290501,0.005480924625758682,0.0011479709016182953,0.005742390342112063
628.5714285714287,2.3000000000000003,0.0001178955788827228,2.865095764498379e-10,6.038581067621954e-05,-9.424258669969804e-08,0.0004898671202756257,0.004860786754033115,0.0010698313232696771,0.005114322612449162
628.5714285714287,2.4000000000000004,0.00011216448749917034,2.950470312588957e-10,5.3415009311383264e-05,-8.44201481307398e-08,0.000530494610023109,0.004530705037253188,0.0010103766428799059,0.0047802128181504136
628.5714285714287,2.5000000000000004,0.00010696754620873171,2.709213926004753e-10,4.60898210081256e-05,-7.549676540273444e-08,0.0005110422749799526,0.004109127767241528,0.0009502023750115457,0.004353373900928703
628.5714285714287,2.6,0.00010223150312837433,2.6031976808119916e-10,4.0565759099541684e-05,-6.657977220114146e-08,0.0005140316244277707,0.003792342681244971,0.0008791315646471052,0.004023908067888962
628.5714285714287,2.7,9.790111763901238e-05,2.4920830616726037e-10,3.547575647833421e-05,-6.107655742181349e-08,0.0005140790387407084,0.0034701393790313867,0.0008442193069002193,0.0037056115614380147
628.5714285714287,2.8000000000000003,9.392548971443376e-05,2.346260412361878e-10,3.15534793633219e-05,-5.608733396912977e-08,0.0005047239289362521,0.003222994805806817,0.0008098978008830554,0.0034575006375196795
628.5714285714287,2.9000000000000004,9.026539658348837e-05,2.483697416704424e-10,2.802167549008566e-05,-5.02359563842225e-08,0.0005561772021041763,0.002983394132442783,0.0007564677135822981,0.0032178347429629313
628.5714285714287,3.0000000000000004,8.688552020744383e-05,2.1821870651541685e-10,2.4614035590353258e-05,-4.611446612920612e-08,0.0005078954692589857,0.002726851764018698,0.0007228525585701554,0.0029561309161619566
628.5714285714287,3.1,8.375178418730283e-05,2.5600829230609203e-10,2.2827780922734898e-05,-4.300047823858193e-08,0.0006183665244547226,0.002627340075565221,0.0007005734703253642,0.0028752216272636658
628.5714285714287,3.2,8.084632597638917e-05,2.1869166256771198e-10,1.9894418653090825e-05,-3.916195444425973e-08,0.0005474696498311122,0.0023754023685750828,0.0006621468785127463,0.002611347622888738
628.5714285714287,3.3000000000000003,7.813981195200642e-05,2.2485427431382592e-10,1.801012033039446e-05,-3.586537581883716e-08,0.0005826072645703164,0.002227698057133016,0.0006284941619191525,0.002468213864643264
628.5714285714287,3.4000000000000004,7.561339913092762e-05,2.3578037147015837e-10,1.6533106564731807e-05,-3.368435325980315e-08,0.0006315702579039621,0.002115836492527838,0.0006109434334740249,0.0023711070856440543
628.5714285714287,3.5000000000000004,7.325231737549613e-05,2.3085973161567497e-10,1.5146136361571994e-05,-3.06763828406497e-08,0.0006385674662681837,0.0020031021665017144,0.0005751964691122457,0.0022543044724656026
628.5714285714287,3.6,7.104269698368037e-05,2.2018774543152113e-10,1.3322794826413957e-05,-2.857621184833136e-08,0.0006282276941979618,0.0018187540413391223,0.0005533008007709638,0.0020772144450952237
628.5714285714287,3.7,6.896630454012874e-05,2.0377329481101604e-10,1.2307735824109517e-05,-2.7003017735911207e-08,0.0005991350174227011,0.0017324420871770677,0.0005393047862296143,0.001985451500144205
628.5714285714287,3.8000000000000003,6.701298945481821e-05,2.329550437566268e-10,1.1734010645191168e-05,-2.5100281103727287e-08,0.0007051270982354571,0.0017014121205180157,0.0005165995946250147,0.0019813524953538747
628.5714285714287,3.9000000000000004,6.517701447595959e-05,2.0440816365848333e-10,1.004370324915243e-05,-2.3905785679839513e-08,0.000636401199689366,0.0014987696162882184,0.0005065197091655214,0.001778887652782223
628.5714285714287,4.0,6.34414765295925e-05,2.2419019108341268e-10,9.770020787965677e-06,-2.2104613676238624e-08,0.0007173313706906499,0.0014989979007966575,0.0004817411245869822,0.001796025619028407
628.5714285714287,4.1,6.180363879110506e-05,2.2141944139190238e-10,8.994668129977681e-06,-2.012571871880032e-08,0.0007274838686157333,0.0014177898469595186,0.00045076756157115213,0.001716316875861568
628.5714285714287,4.2,6.0255747733917404e-05,2.0758006909058698e-10,8.001033909667058e-06,-1.9814803824940792e-08,0.0006997863016000375,0.0012945894555999168,0.00045571721418270446,0.0016065550364249702
628.5714285714287,4.3,5.878786701582642e-05,2.1914996038951288e-10,7.547044504119437e-06,-1.9027652315835817e-08,0.0007574982529399554,0.0012525020081812506,0.00044901725634813176,0.0015955556639308947
628.5714285714287,4.3999999999999995,5.739545674277663e-05,2.0677386001664826e-10,6.917570350195485e-06,-1.7911561344754974e-08,0.0007323283518790538,0.0011767003467455608,0.00043338285260806337,0.0015154438012893845
628.5714285714287,4.5,5.60722221732288e-05,2.0750828615617e-10,6.471379101511629e-06,-1.6730278595866636e-08,0.0007525387967463916,0.0011275072050587122,0.00041477390540184227,0.0014770449970371276
628.5714285714287,4.6,5.481370139469608e-05,2.198892161416383e-10,5.982690404960819e-06,-1.5224938366581042e-08,0.0008159971202060718,0.0010669615315900935,0.00038649780728329465,0.0014501790648562233
628.5714285714287,4.7,5.361500752021297e-05,2.3249796818459245e-10,5.882747640843029e-06,-1.4771792235239614e-08,0.0008823341898205709,0.0010732257612897239,0.00038372131635284925,0.0014915801200302175
628.5714285714287,4.8,5.247514112213829e-05,2.2377391536830999e-10,5.114339248196014e-06,-1.4677883068653772e-08,0.0008679825881742315,0.0009539006865321988,0.00038991990840821325,0.0014026387143831359
628.5714285714287,4.9,5.138641811654557e-05,2.2234004685852661e-10,4.8881867457385125e-06,-1.3884297437582062e-08,0.000880999014399702,0.0009315242686743872,0.0003769845061482086,0.0013885716986364858
628.5714285714287,5.0,5.0346576978410235e-05,nan,nan,nan,nan,nan,nan,nan
642.8571428571429,0.1,0.006781512216307623,nan,nan,nan,nan,nan,nan,nan
642.8571428571429,0.2,0.003323918144288967,6.424230309052276e-09,0.20447834986577992,-2.7568955499598135e-05,0.00038277829284386115,0.30152323455831465,0.005689966349222012,0.3016308321969763
642.8571428571429,0.30000000000000004,0.001911107570928111,6.904239821992246e-09,0.07539515051336627,-2.1575010961359295e-05,0.0007139870890989206,0.22682613482196437,0.008998606567027818,0.22718396742757105
642.8571428571429,0.4,0.0012522485027009179,6.200450430372022e-09,0.030894362059048986,-1.2364059794230982e-05,0.0009795620023003613,0.1616568451144037,0.008950218275538532,0.16215458034979532
642.8571428571429,0.5,0.0009023330550642146,3.310528887785122e-09,0.014094714318202696,-6.982876454658473e-06,0.0007272547553361737,0.11255524991886555,0.007722200770713414,0.11308615279185978
642.8571428571429,0.6,0.0006933647506095384,3.318151475960962e-09,0.007290262039669311,-4.201192852539307e-06,0.0009501914018516486,0.08079347197527303,0.006460406504703215,0.08131396978337366
642.8571428571429,0.7000000000000001,0.0005572990665515553,2.5570300485545158e-09,0.004157322552580727,-2.707210224361241e-06,0.0009124983700541787,0.05995866604014721,0.005426688708397689,0.06045471186983655
642.8571428571429,0.8,0.00046280660801937943,1.7106529219841278e-09,0.0025546439941611988,-1.8451601424311622e-06,0.0007361928402518198,0.045839732156179216,0.004609229900862597,0.04630672763871682
642.8571428571429,0.9,0.00039386058942881554,1.5305786603093353e-09,0.0016769735178524257,-1.3237674623039805e-06,0.0007749625245167606,0.03623486546635922,0.003987855635515572,0.036679313344431405
642.8571428571429,1.0,0.0003416843060167759,1.1566229284128715e-09,0.0011497806595030093,-9.779995656336194e-07,0.0006758585211576271,0.029192579566552832,0.003466264899737881,0.029609009966570128
642.8571428571429,1.1,0.0003010058291997664,7.608664288488577e-10,0.0008154784969909293,-7.463217588325947e-07,0.0005052332771020541,0.02386643116558275,0.0030527282097645874,0.024259020926063274
642.8571428571429,1.2000000000000002,0.00026848213735266614,7.293214577332975e-10,0.000601230021885586,-5.850220184182244e-07,0.0005434642637850829,0.01997403251239271,0.0027192790512867845,0.020348127317511722
642.8571428571429,1.3000000000000003,0.0002419707457244218,7.512340011106971e-10,0.00045484563381446776,-4.6501969472128177e-07,0.0006216233547472433,0.016941374137565173,0.00242561230511303,0.017296351157789346
642.8571428571429,1.4000000000000001,0.00022000781043432212,6.309608689085576e-10,0.0003495030715851282,-3.800833933744616e-07,0.0005746966912260462,0.014444021757207545,0.0022015523739164974,0.014786943785643665
642.8571428571429,1.5000000000000002,0.00020153990586007373,5.578598005627994e-10,0.0002740543321621489,-3.1445920532086683e-07,0.0005550984455739188,0.012456572865351118,0.0020049272721976916,0.012787251798869236
642.8571428571429,1.6,0.00018581254460744683,4.557132501963485e-10,0.0002193037351211693,-2.6315711178641454e-07,0.0004922077308218747,0.01088140505897769,0.0018329815570667122,0.011196735563766767
642.8571428571429,1.7000000000000002,0.00017227822070603162,4.636083227440083e-10,0.00017822929975052496,-2.2060257521363852e-07,0.0005404236234764518,0.009591887357608582,0.0016678822711169426,0.009892422520013749
642.8571428571429,1.8000000000000003,0.00016052618980212167,3.6445115710621757e-10,0.00014445740643304362,-1.8798823923201217e-07,0.00045623785201249524,0.008385122962207727,0.0015339521812461816,0.008673203483007423
642.8571428571429,1.9000000000000001,0.00015021873296254215,4.109276014177472e-10,0.00012200169749784076,-1.6350965408691246e-07,0.0005500219449584148,0.007600111710633046,0.0014328258900142346,0.007884808318293322
642.8571428571429,2.0,0.00014113129309794103,3.6845196216218317e-10,0.00010189252376097633,-1.4084408068986102e-07,0.000525237290866739,0.006782943894646202,0.0013196274587239292,0.007054575490365921
642.8571428571429,2.1,0.00013306277847094968,3.025982323060523e-10,8.501228228890597e-05,-1.2237325065061203e-07,0.00045777392109091813,0.006023630934204644,0.0012211224494061508,0.006282990264772453
642.8571428571429,2.2,0.0001258443866668474,2.950077482279755e-10,7.356436561266874e-05,-1.0968613690659364e-07,0.00047213295495094785,0.005528545732924805,0.0011615407274152036,0.005786715922790773
642.8571428571429,2.3000000000000003,0.00011936163851887178,2.85826444862513e-10,6.259006506962769e-05,-9.598001222963424e-08,0.00048253654688743935,0.004973608019189981,0.00107525069913183,0.00522321226637401
642.8571428571429,2.4000000000000004,0.00011350479102159243,2.884041653990585e-10,5.428712663318903e-05,-8.4243345469611e-08,0.0005122364517413321,0.004548121767330291,0.000995546270342259,0.004788530311665671
642.8571428571429,2.5000000000000004,0.00010819081479064497,3.06365103223482e-10,4.7571944880766934e-05,-7.653780512606295e-08,0.0005711127906257395,0.004191183865685208,0.0009515749388472746,0.004438826617934148
642.8571428571429,2.6,0.00010335255800850518,2.93982316323557e-10,4.1764145292095096e-05,-6.929920280313324e-08,0.0005739435526988763,0.0038602302212910554,0.0009042923779251795,0.004106857432709413
642.8571428571429,2.7,9.893194267928633e-05,2.51934132800927e-10,3.580909858587658e-05,-6.337933658384987e-08,0.0005140783804715439,0.003464752036706218,0.0008661511836180633,0.0037106898284408087
642.8571428571429,2.8000000000000003,9.486941833592626e-05,2.551982266315499e-10,3.2899253776425836e-05,-5.738682430881635e-08,0.0005432747936740976,0.003325443015212725,0.0008196955196648511,0.0035633580003679105
642.8571428571429,2.9000000000000004,9.113588653033044e-05,2.1638696778652068e-10,2.8188858241812852e-05,-5.1605680375243665e-08,0.00047974305278604716,0.002971332462690769,0.0007690196757959805,0.0032002738201690143
642.8571428571429,3.0000000000000004,8.768424330715276e-05,2.3325328960372814e-10,2.5869787660022793e-05,-4.6319855292529384e-08,0.000537698024961595,0.0028385950523906094,0.0007188575313462651,0.0030627199248789527
642.8571428571429,3.1,8.44912979605753e-05,2.0299752057781977e-10,2.238862136688294e-05,-4.287283792630865e-08,0.00048583296887199365,0.0025533232109282073,0.0006918165322189908,0.0027771772218586855
642.8571428571429,3.2,8.152223882766666e-05,2.3635426229508516e-10,2.110757506809034e-05,-4.0259417172668276e-08,0.0005864763833500183,0.0024981951487997502,0.0006744686575513517,0.002737654012060722
642.8571428571429,3.3000000000000003,7.876425544543894e-05,2.034225821746465e-10,1.823111624607397e-05,-3.618450563540274e-08,0.0005226576982223957,0.0022363365516265454,0.0006285036053339859,0.002462601430497367
642.8571428571429,3.4000000000000004,7.618858322567195e-05,2.1032991852880274e-10,1.6822165547545716e-05,-3.305515086949497e-08,0.000558863715735876,0.0021357613872448346,0.0005945048095549282,0.0023623457183867
642.8571428571429,3.5000000000000004,7.378113266138042e-05,2.150347918014264e-10,1.5496108893001047e-05,-3.1911623906521934e-08,0.0005902137099633694,0.00203391482515186,0.0005935424777139209,0.0022781016406435437
642.8571428571429,3.6,7.15286431860189e-05,1.9133579472301745e-10,1.3455587366606249e-05,-2.9184958261099633e-08,0.0005419312989822563,0.0018237165629268483,0.0005607350160536587,0.0020611839197819553
642.8571428571429,3.7,6.941070958432344e-05,2.250763290485738e-10,1.303109808266752e-05,-2.620789790484348e-08,0.0006571281209848279,0.001821801379452784,0.000519610882167064,0.002071417044271381
642.8571428571429,3.8000000000000003,6.742308696345466e-05,2.008318516678081e-10,1.143048712360777e-05,-2.5653536439115055e-08,0.0006038540410345791,0.001646790126777406,0.0005242826816874827,0.0019042851900805647
642.8571428571429,3.9000000000000004,6.554976921382196e-05,2.08950310810249e-10,1.0592595651839668e-05,-2.3738099587563084e-08,0.0006464460350126692,0.001571063582060723,0.0004996240920139991,0.0018399406842892238
642.8571428571429,4.0,6.378237742070765e-05,2.1429191492476228e-10,9.998770696579031e-06,-2.2086370168800454e-08,0.0006815502691839444,0.0015253708466864704,0.00047831240153005736,0.0018024518013696254
642.8571428571429,4.1,6.211497333455913e-05,1.9244985128509872e-10,8.988241273221753e-06,-2.1372239637184046e-08,0.0006287539112392701,0.0014092044913809724,0.00047581725040958897,0.0016834467294814138
642.8571428571429,4.2,6.053745166114284e-05,1.959994512028768e-10,8.242626664570975e-06,-2.0087636587682464e-08,0.0006572534187747429,0.0013269951224441719,0.00045939895465772496,0.0016170939708510853
642.8571428571429,4.3,5.9042356254372256e-05,1.8708001493072138e-10,7.545283526597052e-06,-1.8990813194693002e-08,0.0006434579715323926,0.0012463827464743024,0.0004457789945148018,0.0015378380720149512
642.8571428571429,4.3999999999999995,5.7622713682867644e-05,1.978371556688143e-10,7.127648491298068e-06,-1.732381361124968e-08,0.0006974380502113861,0.0012072093567184231,0.00041709437423016873,0.0015138393900477295
642.8571428571429,4.5,5.627434759627601e-05,2.1517862570221252e-10,6.851433075992783e-06,-1.615673469422626e-08,0.0007769586791091978,0.0011890160386580073,0.00039870291570766157,0.0015281858392278966
642.8571428571429,4.6,5.499449584044431e-05,2.0078102878975483e-10,6.153900229698328e-06,-1.569510749031859e-08,0.0007420950948848904,0.0010935533671305622,0.00039669901975866197,0.0014357243193488683
642.8571428571429,4.7,5.377618308690959e-05,1.7702420820913863e-10,5.6256511719811235e-06,-1.496259569075941e-08,0.0006693543826616952,0.001022948039800718,0.0003871166641117173,0.0013394687771600049
642.8571428571429,4.8,5.261412684509468e-05,1.9155383280852882e-10,5.2549748610545115e-06,-1.4030873380536701e-08,0.0007404998295117395,0.0009771937239505754,0.0003713694685823265,0.0013338208785386245
642.8571428571429,4.9,5.1504620351890313e-05,2.0529840080248248e-10,5.085224539013246e-06,-1.3459732012709394e-08,0.0008109524766297288,0.0009665131484525155,0.00036422400847772917,0.0013627581745073683
642.8571428571429,5.0,5.044596610407608e-05,nan,nan,nan,nan,nan,nan,nan
657.1428571428571,0.1,0.006921696847586458,nan,nan,nan,nan,nan,nan,nan
657.1428571428571,0.2,0.0034251352140949737,8.349632504003944e-09,0.20448914254356326,-2.681796898628149e-05,0.00048298737127350585,0.2954320985826865,0.005425376700433167,0.29553210921058004
657.1428571428571,0.30000000000000004,0.001973465006039122,1.0012445023195887e-08,0.07700050513811295,-2.1706909679079038e-05,0.00100269415675598,0.22481011792247996,0.00878950572679648,0.2251557357424725
657.1428571428571,0.4,0.0012917998493644002,4.880248286531324e-09,0.03188632071618052,-1.2709584175223035e-05,0.0007475296710811228,0.16157530343129078,0.008909590045627726,0.16206757562537033
657.1428571428571,0.5,0.0009289978998514835,3.931473289625538e-09,0.014647495921151027,-7.180577325404783e-06,0.0008388612394918326,0.11338827704894057,0.007699170213803362,0.11391294704408564
657.1428571428571,0.6,0.000712670909550077,2.226922860046248e-09,0.007553969630338517,-4.304331526849917e-06,0.0006205003835475245,0.08131309695690542,0.0064289278589978825,0.08182216682709816
657.1428571428571,0.7000000000000001,0.0005718836155520556,1.797089248159068e-09,0.0043117528585874245,-2.795875885145187e-06,0.0006249677667013542,0.060501316958615846,0.005453217366197791,0.060994057888636294
657.1428571428571,0.8,0.00047421385013990863,1.3517829120725868e-09,0.002652442764274629,-1.9031239774771852e-06,0.0005677624739567854,0.04638081407025712,0.004632901789517058,0.0468447417116288
657.1428571428571,0.9,0.0004030685123705079,1.2005532551156066e-09,0.0017329647113944575,-1.3495098881642293e-06,0.0005939348624402921,0.03654394975775542,0.003967654466729106,0.036976987254952035
657.1428571428571,1.0,0.0003492528217150518,1.185024981556879e-09,0.0011903794544189457,-1.011089469457598e-06,0.0006773082385063607,0.029532930950575655,0.0035014265104758727,0.029952841805043217
657.1428571428571,1.1,0.0003073409256037851,1.0437481795046764e-09,0.000844567348515907,-7.722565195868035e-07,0.0006786150866855121,0.024182119542185757,0.0030897153880118417,0.02458308577754782
657.1428571428571,1.2000000000000002,0.0002738747029776775,8.861531511186076e-10,0.0006224887394886074,-5.989536823990238e-07,0.0006471597816802133,0.020254013950979692,0.0027259573636458697,0.020627786696743176
657.1428571428571,1.3000000000000003,0.00024663336774645596,6.632940157807178e-10,0.00046696790501173557,-4.788801365523145e-07,0.0005383820374675806,0.017050421230390033,0.002448091223979573,0.017406694707320355
657.1428571428571,1.4000000000000001,0.0002240617115653518,5.964213686742962e-10,0.00036067878840814277,-3.9321108813310915e-07,0.0005332985885874895,0.014624087231332293,0.0022341291678071463,0.014971005344034146
657.1428571428571,1.5000000000000002,0.00020509684326832904,4.89092763086483e-10,0.00028181334847521944,-3.2305389139249564e-07,0.00047814673255274165,0.012577487983395296,0.0020220423907711896,0.012907328892162595
657.1428571428571,1.6,0.0001889501084560585,5.310177773808988e-10,0.00022702895105154855,-2.695351521327076e-07,0.0005638564307903747,0.011069353746928502,0.0018445201691585917,0.01138652869658042
657.1428571428571,1.7000000000000002,0.00017507366315430343,4.047591112090674e-10,0.0001826930267667415,-2.283740656017731e-07,0.0004641927884679209,0.009668850060979348,0.0016974785722862003,0.009973214298976412
657.1428571428571,1.8000000000000003,0.00016302414812021578,4.046781396032609e-10,0.00014970574859284142,-1.911736183695876e-07,0.0004987018998514949,0.008551014806887108,0.001534715063218203,0.008836246853899894
657.1428571428571,1.9000000000000001,0.00015247169057205654,3.682492166832165e-10,0.00012432561973033907,-1.6372239711023986e-07,0.00048548448278469075,0.007626208826354979,0.0014123339945423077,0.007898362543621239
657.1428571428571,2.0,0.0001431624892212007,3.9472052989412847e-10,0.00010489825337490433,-1.458961809353779e-07,0.0005545044315834878,0.0068798511370430785,0.001346404285818846,0.00715998853590293
657.1428571428571,2.1,0.0001349022704040939,3.351197789204387e-10,8.76399036573908e-05,-1.2805869658760455e-07,0.0004999028913599588,0.006121708565850527,0.0012592803405937518,0.006395060016794963
657.1428571428571,2.2,0.000127518450623561,3.089722575925459e-10,7.51399239515613e-05,-1.1072597279529055e-07,0.0004878363284785683,0.00556995250906326,0.0011562004453788395,0.005825457422073566
657.1428571428571,2.3000000000000003,0.00012088603008254372,3.2277616148046486e-10,6.503429954266459e-05,-9.732571864361013e-08,0.0005378402928956482,0.005099991352204252,0.0010756731084437556,0.005349142851492969
657.1428571428571,2.4000000000000004,0.0001149039525369531,2.7789606083027103e-10,5.5473187164951495e-05,-8.646578789563974e-08,0.00048739743779242084,0.00458888319246427,0.0010085425494794768,0.00483008502665003
657.1428571428571,2.5000000000000004,0.000109476606863012,2.4000911519069115e-10,4.843480906515626e-05,-7.87803831739386e-08,0.0004420254662333976,0.004215243078742625,0.0009672015412810835,0.004453607343334105
657.1428571428571,2.6,0.00010453360927972246,2.095257245652543e-10,4.2357115227042285e-05,-7.21209583372371e-08,0.00040432483684862085,0.003869056270628091,0.0009297776105804003,0.0041063423882151395
657.1428571428571,2.7,0.00010001418284870334,2.1543093065833799e-10,3.706718104756696e-05,-6.331201166710881e-08,0.0004346977176833861,0.0035459582141068673,0.0008552187655565208,0.0037716813274547927
657.1428571428571,2.8000000000000003,9.586542822815989e-05,2.501949119260112e-10,3.338634752267973e-05,-5.685708699858204e-08,0.0005268689487899009,0.0033381613059004843,0.0008030858017377709,0.0035652216485536773
657.1428571428571,2.9000000000000004,9.205053708284323e-05,2.658107403593049e-10,2.949231814991222e-05,-5.291259473730157e-08,0.0005831801712135641,0.003076428979143603,0.000779975982191942,0.00331982521247788
657.1428571428571,3.0000000000000004,8.85305691190257e-05,2.355462468162117e-10,2.616386440636343e-05,-4.846274907825002e-08,0.0005375530456904062,0.0028423369635330424,0.0007442799334109437,0.003078270282115212
657.1428571428571,3.1,8.527223979927181e-05,2.191991615678278e-10,2.3247676315993714e-05,-4.3828841961583903e-08,0.0005195772994717893,0.0026259490419335467,0.0007001694768136698,0.0028541274557176257
657.1428571428571,3.2,8.224638724267785e-05,2.0567716113714747e-10,2.0967906547626505e-05,-4.04287141795738e-08,0.0005056458423763637,0.0024589369995422082,0.0006708095682942616,0.0026836579214684587
657.1428571428571,3.3000000000000003,7.943021375156016e-05,2.1403378377764638e-10,1.926515331429623e-05,-3.7115223814888285e-08,0.0005450517154236371,0.002342370766688157,0.0006387199704125948,0.0025689897980196896
657.1428571428571,3.4000000000000004,7.680669179358543e-05,2.0564139587783455e-10,1.70662763042059e-05,-3.368364980105804e-08,0.0005417501323332199,0.002148587483043339,0.000600444076969088,0.002372970197307183
657.1428571428571,3.5000000000000004,7.435383259865275e-05,1.8482360406710063e-10,1.5266410600939638e-05,-3.243683920973e-08,0.0005031612007891534,0.001987640691772983,0.0005981705824126681,0.0022179952220190164
657.1428571428571,3.6,7.205363750972948e-05,2.0992949119379393e-10,1.4760615241573343e-05,-2.922929974140845e-08,0.0005899460668990002,0.0019851855278595013,0.0005570140643692689,0.0022157453097508186
657.1428571428571,3.7,6.990104857322194e-05,1.7354050537130623e-10,1.2571092755382216e-05,-2.700758906039708e-08,0.0005028828181915387,0.001744685374653671,0.0005312790783419823,0.0019650275070671394
657.1428571428571,3.8000000000000003,6.787417056426822e-05,1.7804208189350255e-10,1.1787431694334711e-05,-2.5889625761210218e-08,0.000531513663366039,0.0016863025569619715,0.0005251577178368664,0.0019177341695783912
657.1428571428571,3.9000000000000004,6.596516687225784e-05,1.8305602259096655e-10,1.1084817543752872e-05,-2.3619540165257727e-08,0.0005624742588246299,0.001633142247131692,0.0004935841982254935,0.0018630033850432146
657.1428571428571,4.0,6.4167011355685e-05,1.6790168246109835e-10,9.672751875515309e-06,-2.270662224247977e-08,0.0005305437204967641,0.0014663423643339953,0.000488392746375336,0.0017054886449997977
657.1428571428571,4.1,6.246558335786731e-05,1.8218942405309594e-10,9.500011631924494e-06,-2.162879956445402e-08,0.0005915595650071025,0.0014805133402995595,0.00047840596567125184,0.0017319373561812325
657.1428571428571,4.2,6.085915547636886e-05,1.790104682193581e-10,8.22974929314972e-06,-1.9778812174290096e-08,0.0005967707443694873,0.0013174853816702915,0.00044954540643035707,0.0015799003756995235
657.1428571428571,4.3,5.933502508780191e-05,1.962063439824596e-10,7.945085345202183e-06,-1.8547338505656798e-08,0.000671084805282155,0.0013054872817430403,0.0004328214087888581,0.0015903837909402132
657.1428571428571,4.3999999999999995,5.7890345552686986e-05,1.8959005504643428e-10,7.47210069965178e-06,-1.750926435573621e-08,0.000664846432857449,0.0012593069082881192,0.00041920871240011596,0.0015425130656334105
657.1428571428571,4.5,5.6520387024568576e-05,1.6291511236534568e-10,6.58375099035443e-06,-1.664087913974559e-08,0.0005853551529320552,0.0011372796150201673,0.000408488746578689,0.0014034855503236884
657.1428571428571,4.6,5.521626600635371e-05,1.7309013745095244e-10,6.1341054897795415e-06,-1.5797151595387364e-08,0.0006367834471840597,0.0010852907796107514,0.00039731494320124563,0.0013780666032880068
657.1428571428571,4.7,5.397348604303664e-05,1.9821229491649394e-10,6.14991072720098e-06,-1.4960322021156226e-08,0.0007461826808313005,0.001113786058349783,0.00038526399583110004,0.001447122893853326
657.1428571428571,4.8,5.279220518699158e-05,1.8238099618106764e-10,5.379588910536754e-06,-1.4278426521037057e-08,0.0007021762686085108,0.000996709552213702,0.0003762642579162993,0.0013302747938834353
657.1428571428571,4.9,5.166472022005189e-05,1.6300661438914013e-10,4.949303579299091e-06,-1.3246320080937341e-08,0.0006414940867732091,0.0009375065053199633,0.0003569931221668848,0.001243109524310374
657.1428571428571,5.0,5.058672828890519e-05,nan,nan,nan,nan,nan,nan,nan
671.4285714285714,0.1,0.007061515979721294,nan,nan,nan,nan,nan,nan,nan
671.4285714285714,0.2,0.0035280562905344506,7.904784589633924e-09,0.2043269195929708,-2.6080947210021265e-05,0.0004440966592852086,0.2893527681304423,0.005174133313269428,0.2894456165805232
671.4285714285714,0.30000000000000004,0.002037865797277316,6.77640081970565e-09,0.07846718610457681,-2.1911000074260128e-05,0.0006573998780433633,0.22240911040761815,0.008616833611299285,0.22274367378194462
671.4285714285714,0.4,0.00133234716506595,5.659637742033909e-09,0.03296365532718468,-1.3026913596005688e-05,0.0008406015235668026,0.16175577101900268,0.008846471963515434,0.16224104351635557
671.4285714285714,0.5,0.000956465086126431,3.972148771361688e-09,0.01518485353567743,-7.369904112258442e-06,0.0008232022734521933,0.11397069723134656,0.007662339950675952,0.11448764298570276
671.4285714285714,0.6,0.0007324315425436862,3.0118131366170676e-09,0.007843691849940215,-4.4471629063515545e-06,0.0008164853407640918,0.08200709010410645,0.0064515212746326985,0.0825171117354988
671.4285714285714,0.7000000000000001,0.0005868349174603435,2.1072541867822897e-09,0.004465867394712525,-2.857748789320901e-06,0.0007141153359498845,0.060973171351999186,0.005423035632553784,0.06145775961078625
671.4285714285714,0.8,0.0004858969663241261,2.154511767670471e-09,0.0027562430992682475,-1.9493412478078703e-06,0.0008828891900377141,0.046967946474563795,0.004624207853773141,0.047429253482520355
671.4285714285714,0.9,0.00041252144618059123,1.409706610566829e-09,0.0017917253209242087,-1.3968311447507816e-06,0.0006813191227230777,0.036874593691721205,0.004006814887529388,0.03731365683985379
671.4285714285714,1.0,0.00035706317924629843,9.962745137627093e-10,0.0012284119528350153,-1.0347352083021719e-06,0.0005569274656127376,0.029778135517765262,0.0035006533654641445,0.03019199680522336
671.4285714285714,1.1,0.0003138890318403558,9.044309985296926e-10,0.0008733231750136629,-7.900693916355684e-07,0.0005756870033683233,0.024458505546752385,0.0030915971100774053,0.024852884228765932
671.4285714285714,1.2000000000000002,0.0002794481161845498,7.963859268355634e-10,0.000642415536541589,-6.232508207634281e-07,0.000569904719798301,0.020466326356644474,0.0027769744574743997,0.020847505371177126
671.4285714285714,1.3000000000000003,0.00025143135589415967,6.045652880501988e-10,0.00048227357392801294,-4.991766062156969e-07,0.000481292606383781,0.017258072107006642,0.002500523502693367,0.017623221357023357
671.4285714285714,1.4000000000000001,0.00022823733134304968,5.178165587052998e-10,0.00037102887342541465,-3.9966903671198035e-07,0.000454487666808553,0.014756666769183703,0.0022272272212860247,0.015095921812413
671.4285714285714,1.5000000000000002,0.00020875359552619384,5.97943980536041e-10,0.00029261835703078446,-3.272674939467705e-07,0.0005741684415758267,0.012820792957439887,0.0020106990800493195,0.013144893420559339
671.4285714285714,1.6,0.00019219604327964585,4.652392784790005e-10,0.00023132184697241255,-2.7620498472642416e-07,0.0004855696261840473,0.01108109522086708,0.001856557362540437,0.011398248095062766
671.4285714285714,1.7000000000000002,0.00017795170950282198,4.955223197893939e-10,0.00018973180877410143,-2.3353105838973505e-07,0.0005589261625362435,0.009871785367508377,0.0017061524204657389,0.01017774321551896
671.4285714285714,1.8000000000000003,0.00016560469381373912,4.4718311819370363e-10,0.00015421229582785885,-1.976679823454248e-07,0.0005423327684726172,0.008665963157011052,0.0015607221247449956,0.008959059625416566
671.4285714285714,1.9000000000000001,0.00015479980108293486,3.5019002299180324e-10,0.00012793322025122424,-1.6953225844840177e-07,0.0004546287148868624,0.007725217039748574,0.0014392320892788598,0.008001777527102424
671.4285714285714,2.0,0.00014527424055464283,2.9446461043430223e-10,0.0001061474102503711,-1.4838979819112825e-07,0.0004075714710257825,0.006857076656933303,0.0013485131265111119,0.007128996429217739
671.4285714285714,2.1,0.00013681015412885452,3.1349817759357134e-10,9.095024399823882e-05,-1.3051540039095893e-07,0.0004610051162691819,0.00626058987821927,0.001264533879140333,0.006527296776114545
671.4285714285714,2.2,0.0001292555701430486,3.1142517624196153e-10,7.753081749894117e-05,-1.1294400935663422e-07,0.0004849532963393156,0.005667036777542028,0.0011626044079594462,0.005920623578345254
671.4285714285714,2.3000000000000003,0.0001224762943322321,2.637367713159887e-10,6.628090127002978e-05,-1.0099683523623976e-07,0.0004336421612189844,0.0051278951612434166,0.0011009104700873467,0.005376556708060113
671.4285714285714,2.4000000000000004,0.00011635982753411587,2.3971010841060654e-10,5.680196514591016e-05,-8.984470303885033e-08,0.0004150560962115908,0.004637792599425634,0.0010340733187795003,0.00488057445548297
671.4285714285714,2.5000000000000004,0.00011081138038745876,2.5189419359586563e-10,4.944876620901789e-05,-7.98412828415494e-08,0.00045818267239502053,0.004249642445930909,0.0009677117070583612,0.004488020072982773
671.4285714285714,2.6,0.00010575742090289183,2.783752539825208e-10,4.369270958481642e-05,-7.275658515122955e-08,0.0005307577969927169,0.003942980353826674,0.0009263835859069749,0.0041886956210982216
671.4285714285714,2.7,0.00010114038851417306,2.5867482733642994e-10,3.891421810465713e-05,-6.40359465159581e-08,0.0005159411494637827,0.0036795732887991662,0.0008546486869950457,0.003907211744162201
671.4285714285714,2.8000000000000003,9.691249830650086e-05,2.1743589085398366e-10,3.348266263966057e-05,-5.730714643444245e-08,0.0004527845535489982,0.0033105135477078545,0.0008001157559794025,0.003527730750414889
671.4285714285714,2.9000000000000004,9.301943472522527e-05,1.9569335343137168e-10,2.985944495645267e-05,-5.3665711212051836e-08,0.0004247384234362089,0.003081072666398253,0.000782267522515372,0.003301105338751581
671.4285714285714,3.0000000000000004,8.942496559351421e-05,2.109972946707757e-10,2.6741969893412424e-05,-4.943920097440619e-08,0.0004765329555794033,0.0028748798541301463,0.0007511297413391971,0.00310167851494722
671.4285714285714,3.1,8.609791616073727e-05,2.1496427913047605e-10,2.4164386057302518e-05,-4.4822509113398795e-08,0.0005044445318173114,0.0027021968526264786,0.0007086148637277175,0.0029258506739436546
671.4285714285714,3.2,8.301251058853335e-05,2.1304370009902284e-10,2.127474053881939e-05,-4.053243060467395e-08,0.0005186973339194152,0.0024709936648293924,0.0006658061582951429,0.0026947082025127645
671.4285714285714,3.3000000000000003,8.013985242171763e-05,2.1722559701785332e-10,1.99573738408795e-05,-3.800576858523378e-08,0.0005480239767829136,0.0024041404963405896,0.0006477283102335031,0.002630461125549974
671.4285714285714,3.4000000000000004,7.74667679933107e-05,1.8814421178866193e-10,1.7056807389214612e-05,-3.505428524315231e-08,0.0004912257345988675,0.0021283801846124035,0.0006190528347568196,0.002353244092104309
671.4285714285714,3.5000000000000004,7.496425163879592e-05,2.0805798434975944e-10,1.5973930246376743e-05,-3.192453700168412e-08,0.0005615237221350541,0.002062036491280507,0.000583462429904434,0.0022908863341756618
671.4285714285714,3.6,7.262147458674491e-05,1.9820057829798738e-10,1.4810645709414295e-05,-3.021284344431361e-08,0.0005523587294466558,0.001975694465780461,0.0005707860648611532,0.0022045548874525278
671.4285714285714,3.7,7.042680399178804e-05,1.9180185936420948e-10,1.2945588700437401e-05,-2.8581995093420507e-08,0.0005513776278841983,0.0017826116550379535,0.0005575796115882898,0.002025712627133043
671.4285714285714,3.8000000000000003,6.836158928383555e-05,1.8600461867362267e-10,1.2154832676801809e-05,-2.568144084074649e-08,0.0005510494552245693,0.0017258816228859536,0.0005167895861307298,0.0019535777002681744
671.4285714285714,3.9000000000000004,6.641792290265107e-05,1.881155199175336e-10,1.1165441867761338e-05,-2.440064239544129e-08,0.0005737775538514292,0.0016332917336667986,0.0005060182137687403,0.0018732248754219124
671.4285714285714,4.0,6.45859109401442e-05,1.7427415566088705e-10,9.947591865101908e-06,-2.2776678815655293e-08,0.0005468319224554778,0.0014977270336626037,0.0004863034662427018,0.0017364312659415774
671.4285714285714,4.1,6.285337489628836e-05,1.8702053440648953e-10,9.655318777856447e-06,-2.0859001486301188e-08,0.0006031583086390113,0.0014949574353460208,0.00045815499653406203,0.0017373858755253186
671.4285714285714,4.2,6.121739204021108e-05,1.8471971609093977e-10,8.632684811459878e-06,-2.0248205389222498e-08,0.0006118465497851075,0.0013734640066192629,0.0004571161850225409,0.0016366642878677662
671.4285714285714,4.3,5.96677360322484e-05,1.5986060445898543e-10,7.858924618927175e-06,-1.865224578689681e-08,0.0005434440099581882,0.0012837731822624829,0.0004324724360980907,0.0015223238129337042
671.4285714285714,4.3999999999999995,5.819666927047499e-05,1.7120272538914335e-10,7.407192627493997e-06,-1.7760976614779364e-08,0.000596866515904382,0.0012414066830842485,0.00042264743521284434,0.001501533182982668
671.4285714285714,4.5,5.679967443497652e-05,1.8610389282289096e-10,7.068109063220063e-06,-1.7312397883672e-08,0.0006649583259610038,0.001214521234947365,0.0004224952265393718,0.0015080569744873843
671.4285714285714,4.6,5.547336069011025e-05,1.6890011815468568e-10,6.419354267818606e-06,-1.5657999511612645e-08,0.0006181199383078983,0.001130174482807537,0.0003916275951913696,0.0014021807894682463
671.4285714285714,4.7,5.4211240487922165e-05,1.5470296861743485e-10,5.838385461992925e-06,-1.4664870427907717e-08,0.0005795100192462762,0.0010524665153437854,0.0003756808599223659,0.0013136932082304172
671.4285714285714,4.8,5.300750414035401e-05,1.6788190403552878e-10,5.431895142539379e-06,-1.4464811446345001e-08,0.0006433252237446408,0.001001986874613128,0.00037929150708645933,0.0013059744006292434
671.4285714285714,4.9,5.185808674421125e-05,1.846898712361662e-10,5.498079366156787e-06,-1.3546348559565502e-08,0.0007236020172594703,0.0010372266069345383,0.0003633682520846774,0.0013651050826808378
671.4285714285714,5.0,5.076365014173006e-05,nan,nan,nan,nan,nan,nan,nan
685.7142857142858,0.1,0.0072009153530629075,nan,nan,nan,nan,nan,nan,nan
685.7142857142858,0.2,0.0036325905883187507,7.503418272073043e-09,0.20393837038837126,-2.5353759974434315e-05,0.00040958830424163314,0.28321173127195026,0.004934763247485952,0.28329799905620906
685.7142857142858,0.30000000000000004,0.002103649527458307,8.491337079279656e-09,0.07993410422802553,-2.2043942692048323e-05,0.0007981544423717886,0.22004710490928447,0.0084231726728449,0.22037074466730977
685.7142857142858,0.4,0.0013740495088781191,6.026171821605748e-09,0.03402934247098475,-1.324775475260289e-05,0.0008679229930567426,0.16176336422398285,0.008716681420091837,0.1622347076471048
685.7142857142858,0.5,0.0009847429150077788,5.112036742901955e-09,0.015737051014202363,-7.574837409283421e-06,0.0010288036923697356,0.11453045114110422,0.007636793350014604,0.11504313930419297
685.7142857142858,0.6,0.0007528068312794621,2.9358641103231573e-09,0.00813455236923395,-4.6089704038822515e-06,0.0007743220978588958,0.08260584813823915,0.006492926803166146,0.08311824058707937
685.7142857142858,0.7000000000000001,0.000602216271243485,2.446321396621843e-09,0.004639406757995221,-2.9413231059689023e-06,0.0008077200927268549,0.061628117137435344,0.005430333198735124,0.06211001747666971
685.7142857142858,0.8,0.00049801977878746,1.453084613126236e-09,0.0028438788885885745,-2.0147786847478305e-06,0.0005809661867518419,0.047223547824710846,0.00465664102771252,0.047684060252718125
685.7142857142858,0.9,0.00042226207521732083,1.3116207385186867e-09,0.0018572486459702768,-1.4474960417238892e-06,0.0006192367391154832,0.03729266838542361,0.004051122513248715,0.03773525879968157
685.7142857142858,1.0,0.0003650768581068844,1.1927047517867216e-09,0.0012730074835280462,-1.0666106029400605e-06,0.0006519876790207044,0.03014733167483445,0.003524945257358289,0.030563657719272032
685.7142857142858,1.1,0.00032062171583172847,9.243853006949408e-10,0.0009017483575020084,-8.12234783155237e-07,0.0005759550124261704,0.02470023332013013,0.0031080361607276944,0.025094880509737186
685.7142857142858,1.2000000000000002,0.0002851840571315926,7.719623761631439e-10,0.000660632628143729,-6.359342608447445e-07,0.0005412418330358412,0.020604737468576464,0.0027736125550914125,0.020981754027781095
685.7142857142858,1.3000000000000003,0.000256352724712894,8.691146888975727e-10,0.0004997235675267461,-5.097957513665007e-07,0.0006784063934592914,0.017522843757572272,0.0025020124921168885,0.017889394109594486
685.7142857142858,1.4000000000000001,0.00023251862796946294,7.531956800706374e-10,0.0003847845941809622,-4.1312621591919854e-07,0.0006487066642803192,0.015009967013688166,0.00225732263918486,0.015359392601370718
685.7142857142858,1.5000000000000002,0.0002125323771678415,4.9893497860962e-10,0.0002990798528539458,-3.385443662977081e-07,0.0004705053456229912,0.012862619028236502,0.0020410524737197,0.01319091103551101
685.7142857142858,1.6,0.00019553692489475953,4.900205344706831e-10,0.00023894102337016296,-2.802588515303445e-07,0.0005025896624161133,0.011242570499339308,0.0018500266651870186,0.011553925096052338
685.7142857142858,1.7000000000000002,0.00018093088285537918,4.878483688464981e-10,0.00019516605521194944,-2.3732353467400957e-07,0.0005410635224976845,0.009981033266069328,0.0017038765265793522,0.01028203118208734
685.7142857142858,1.8000000000000003,0.00016827650136811833,4.0188735879629336e-10,0.00015772590645866792,-2.0589687271465823e-07,0.0004795513747995529,0.008717467353803866,0.0015984946560334305,0.00901856845161377
685.7142857142858,1.9000000000000001,0.00015719937894544415,4.0277173530555227e-10,0.00013238301837709715,-1.7583212104938652e-07,0.000514765272490873,0.007866993745460557,0.0014686795560077896,0.008152828536977127
685.7142857142858,2.0,0.00014744608670654095,3.7820971372812135e-10,0.0001089222605894454,-1.5191821916690162e-07,0.0005156190571137926,0.006928924358361922,0.0013591211011496768,0.007209041275449927
685.7142857142858,2.1,0.0001387820170735322,3.406677933821295e-10,9.382983804294647e-05,-1.3175804373129207e-07,0.0004936966261465059,0.006363670961962806,0.0012573942198456217,0.006625867861570998
685.7142857142858,2.2,0.00013105624582095292,3.2645513439113403e-10,7.89907844427626e-05,-1.1558667587701298e-07,0.0005012166717091878,0.005691716124929224,0.0011725595172647504,0.0059495077310509365
685.7142857142858,2.3000000000000003,0.00012412038241280127,3.1643453708910683e-10,6.801039569169139e-05,-1.0482794393342832e-07,0.0005132239135987525,0.005189405149343755,0.0011266191074279543,0.005452693445992413
685.7142857142858,2.4000000000000004,0.00011786462296156652,2.9089915870120953e-10,5.886973798586015e-05,-9.26565429187085e-08,0.0004970926813385405,0.004742954931452788,0.0010519549417804426,0.004995592158563912
685.7142857142858,2.5000000000000004,0.0001121975608901904,2.4954559817313483e-10,5.075449835698964e-05,-8.088142385972721e-08,0.0004481702064619954,0.004306168982828694,0.0009674794119547436,0.004540482426763559
685.7142857142858,2.6,0.00010703804380238417,2.2311006462031657e-10,4.4085824615391665e-05,-7.220585177695225e-08,0.00042018181756102387,0.003929303299074318,0.0009077442445341173,0.004154994151968789
685.7142857142858,2.7,0.00010231938496073185,2.581854989123348e-10,4.0321693736515556e-05,-6.628059360264237e-08,0.0005088399082896945,0.0037670432216566196,0.0008737808505171344,0.003997063751750557
685.7142857142858,2.8000000000000003,9.800394305644469e-05,2.21199309321694e-10,3.3976863451740074e-05,-6.078440699315603e-08,0.0004553406760096034,0.0033206672875115235,0.0008385704289008133,0.0035553575198609506
685.7142857142858,2.9000000000000004,9.402826978667494e-05,2.2380367717341261e-10,3.0982622347932224e-05,-5.534113084644873e-08,0.000480362693213512,0.0031613648779506764,0.0007974413485115055,0.003390693382953276
685.7142857142858,3.0000000000000004,9.03624227403845e-05,1.807261557417889e-10,2.7088708915569506e-05,-4.929773712671048e-08,0.0004038120884279224,0.002880911132048539,0.0007406739626542714,0.003091910249575443
685.7142857142858,3.1,8.696746278324976e-05,2.0849373920978817e-10,2.4960941441649005e-05,-4.5117788142831314e-08,0.00048418247779320625,0.0027623143210052004,0.0007056740473617434,0.002976703680595736
685.7142857142858,3.2,8.382211224053151e-05,1.7041193748943127e-10,2.1706114855528268e-05,-4.178573368940741e-08,0.00041076399495287397,0.0024958891706001276,0.0006792695121483132,0.0027057353809522935
685.7142857142858,3.3000000000000003,8.089382284636854e-05,1.7113993494987413e-10,1.9970751874645996e-05,-3.824464189710485e-08,0.0004275875904622819,0.0023825159424924755,0.000645299002279098,0.0025868967834903945
685.7142857142858,3.4000000000000004,7.816524097095204e-05,1.8862297306740226e-10,1.8047239653616974e-05,-3.5844495850787734e-08,0.00048787587906629727,0.0022309787099432585,0.0006268941922680923,0.00244975132088825
685.7142857142858,3.5000000000000004,7.56171314920717e-05,1.58181650604176e-10,1.6073874818081816e-05,-3.228608713649078e-08,0.00042307993781846056,0.0020563967587658603,0.0005845588170423179,0.0022563648384982065
685.7142857142858,3.6,7.322976076137218e-05,1.684432027834902e-10,1.4931261628642883e-05,-3.0724308829801495e-08,0.0004653450149714001,0.0019745871516176727,0.0005752365735029892,0.0021857114707305825
685.7142857142858,3.7,7.099170264695909e-05,1.601167447960651e-10,1.3332359711680158e-05,-2.869354977308321e-08,0.0004564494505292569,0.0018206204107542054,0.0005548861627934285,0.0020344046028906103
685.7142857142858,3.8000000000000003,6.88869681296628e-05,1.7751563137729922e-10,1.268362431099335e-05,-2.5768680662849082e-08,0.0005216475651616644,0.0017866347528060944,0.0005142166799032559,0.001998253615023639
685.7142857142858,3.9000000000000004,6.690906985547644e-05,1.6136036922386834e-10,1.0920509752982916e-05,-2.4931585696803956e-08,0.0004883456996977744,0.0015852794874681871,0.0005128478326903116,0.0018104193919617096
685.7142857142858,4.0,6.504037667881992e-05,1.7437968195188027e-10,1.0765038854734406e-05,-2.2936686433707003e-08,0.0005430712134160871,0.0016089057698734845,0.00048591376974193093,0.0018318647609534499
685.7142857142858,4.1,6.327933389071074e-05,1.5797514142946456e-10,9.50354026947917e-06,-2.158859550693347e-08,0.0005058216628537348,0.001461175465881635,0.00047063403480654913,0.0016834138190424586
685.7142857142858,4.2,6.161332650529635e-05,1.4350548894412357e-10,8.575246996781511e-06,-2.0531966636179025e-08,0.00047207479083026256,0.0013551417926730642,0.0004601900899164324,0.0015756946798479682
685.7142857142858,4.3,6.003307158984978e-05,1.771897564622523e-10,8.51156455718507e-06,-1.8561772146985073e-08,0.0005983524958001185,0.0013814486313205973,0.00042742485585322676,0.0016222854388208278
685.7142857142858,4.3999999999999995,5.853793231997506e-05,1.595557415634486e-10,7.414918157450289e-06,-1.7558447692884675e-08,0.0005527317036937947,0.001235138892793882,0.0004150521365582495,0.0014749972789410417
685.7142857142858,4.5,5.7116942231674845e-05,1.5661727791139804e-10,6.897264236045842e-06,-1.72649926241866e-08,0.0005562004263530271,0.0011782555281154457,0.0004186647303157597,0.0014311552384806592
685.7142857142858,4.6,5.576492478573509e-05,1.6318569606349752e-10,6.76596274240776e-06,-1.657774714225309e-08,0.0005937480250953863,0.0011845807002349683,0.00041211193975655035,0.0014475636961645772
685.7142857142858,4.7,5.448056696721941e-05,1.6226526845892172e-10,6.085555808118435e-06,-1.4976735433415093e-08,0.0006044823318556887,0.0010912873695250007,0.00038144795226135016,0.0013591585974341777
685.7142857142858,4.8,5.3257064706784915e-05,1.5547169002844784e-10,5.558263247655136e-06,-1.3902343460695333e-08,0.0005926389933467627,0.0010202285983916992,0.0003625301181968633,0.0012864460900523654
685.7142857142858,4.9,5.208914507882697e-05,1.480274694383811e-10,5.2954651774832795e-06,-1.3867336114692753e-08,0.0005770668434297577,0.0009943216372585103,0.000370024078321672,0.0012631378773443676
685.7142857142858,5.0,5.097418010264386e-05,nan,nan,nan,nan,nan,nan,nan
700.0,0.1,0.007339694994443161,nan,nan,nan,nan,nan,nan,nan
700.0,0.2,0.0037386561959544943,6.267800707232288e-09,0.20335487861080173,-2.462486665169753e-05,0.0003325904021447365,0.27706175633287283,0.004704154983475947,0.27714181493749535
700.0,0.30000000000000004,0.002171166183573845,7.29479586692893e-09,0.08133055124810937,-2.203855723593858e-05,0.0006645624236902778,0.2175395302090498,0.00818607525879536,0.2178483704393365
700.0,0.4,0.0014169816836742894,7.895839928771286e-09,0.03512668329190666,-1.3532253820426735e-05,0.0011025440025808826,0.1617871702205975,0.008629602928802153,0.16225055976693517
700.0,0.5,0.0010140640166938005,2.7081223042389692e-09,0.01626349262428086,-7.85834326060926e-06,0.0005294166215444811,0.11477560233600892,0.00768115680821362,0.11528971989460966
700.0,0.6,0.0007737812759561203,3.0479838029298477e-09,0.008459833907280287,-4.7162133629306815e-06,0.000782065508411815,0.08342504780775355,0.006453878463406952,0.08392648761044554
700.0,0.7000000000000001,0.0006180968742912431,2.371034797163572e-09,0.004802666650465794,-3.0398725918508943e-06,0.0007626700087197056,0.062067496328744774,0.00545989007959112,0.06255059204694534
700.0,0.8,0.0005104391391310238,1.7713776954307375e-09,0.002948897798498448,-2.0865513910798104e-06,0.0006909247517039608,0.04770931420547757,0.0046981390516615835,0.04817469314969215
700.0,0.9,0.00043227038195578894,1.4960996779707517e-09,0.0019232321319933975,-1.4786047232253358e-06,0.0006898723280419363,0.037677991058199925,0.00403710187120791,0.03811434529213131
700.0,1.0,0.0003733339461004881,1.160714474730282e-09,0.0013145539639280196,-1.092728293600804e-06,0.000620385508732866,0.03041045648282393,0.0035271052861418502,0.03082307066260974
700.0,1.1,0.00032754304988446745,1.152039777293678e-09,0.000932538775226272,-8.35533112559171e-07,0.0007024514909007934,0.024978676195045662,0.0031260646133756476,0.02537660856946823
700.0,1.2000000000000002,0.0002910775414207095,9.291036270437107e-10,0.0006839430919349756,-6.551515174804348e-07,0.0006380824389922524,0.020881013722508213,0.0027963315026397063,0.021261769047373202
700.0,1.3000000000000003,0.00026145146387630136,6.692272032917179e-10,0.0005128251668079031,-5.190524196024042e-07,0.0005121250489183881,0.017618163335614074,0.0024952950021623964,0.017975398345564945
700.0,1.4000000000000001,0.00023695363799997225,6.886836125310491e-10,0.00039571701508684,-4.254320361414133e-07,0.0005819076058926209,0.015135391067233144,0.0022789283052766047,0.015485661356915252
700.0,1.5000000000000002,0.00021641298227451154,6.948439473576572e-10,0.0003105484151530679,-3.525297945881148e-07,0.0006432945533682252,0.013105872430331893,0.002085106070906213,0.01344890533450164
700.0,1.6,0.0001989778107005815,5.602667659996149e-10,0.0002466977972886226,-2.901248403694959e-07,0.0005645506442332069,0.011399399180946361,0.0018802065013501354,0.011719017539533907
700.0,1.7000000000000002,0.0001840096170995377,4.296828696245407e-10,0.0001988903252329399,-2.4529378513375896e-07,0.000468491483994226,0.009995603255089924,0.0017301853506090793,0.010301390750702738
700.0,1.8000000000000003,0.0001710303267508233,4.252329288010221e-10,0.00016301187191722114,-2.110744859978465e-07,0.0004991186749242872,0.00885887783946868,0.0016109699575735967,0.009160746936505603
700.0,1.9000000000000001,0.00015968115512128111,3.6978633123621565e-10,0.00013631350225630292,-1.802812203235787e-07,0.00046515867507617315,0.007970136340492418,0.001481240101483771,0.00825394392733097
700.0,2.0,0.00014969511851430195,3.24335794191813e-10,0.00011143221503528378,-1.5531668519962063e-07,0.0004354373382772476,0.006978419898744392,0.001367623088830984,0.007254566547007814
700.0,2.1,0.00014082340405767563,3.367332242435062e-10,9.718553946224587e-05,-1.3488002089109427e-07,0.0004807904399650021,0.0064922317058028,0.0012675831294218633,0.006752315599035839
700.0,2.2,0.00013292354499567176,2.8867501305433906e-10,8.053630366595075e-05,-1.1970087520590846e-07,0.00043688078561952295,0.005718957314294598,0.0011963691913269264,0.0059799612095296825
700.0,2.3000000000000003,0.0001258290489703274,2.457688993274553e-10,6.942326192792843e-05,-1.052061541618735e-07,0.0003931166596675423,0.0052227964526667565,0.001114533009184183,0.005469598810810434
700.0,2.4000000000000004,0.00011942878556426232,3.1364110234779847e-10,6.0614690782135756e-05,-9.354066125736461e-08,0.0005287460552096546,0.004817225535609804,0.001047352804933861,0.005067457947318023
700.0,2.5000000000000004,0.00011363466906601859,2.8790252476112263e-10,5.2364680035068664e-05,-8.516014282302528e-08,0.0005103391414862299,0.004384594533693241,0.0010049595690485576,0.00463734867516667
700.0,2.6,0.00010836419936812555,2.616260654563451e-10,4.5734265520351324e-05,-7.51281493689971e-08,0.00048652497797702733,0.004024675382631774,0.0009322108132801086,0.004262951148037059
700.0,2.7,0.00010355107232543602,1.9743829144466722e-10,4.0258523983013594e-05,-6.773057325962093e-08,0.0003843956804241662,0.0037151129448436014,0.0008816717449089531,0.003937577220019291
700.0,2.8000000000000003,9.914053052257662e-05,2.2293739035956777e-10,3.5279034823867726e-05,-6.129223504601726e-08,0.0004535111690982586,0.0034069212449093955,0.00083531563993929,0.003634321007583979
700.0,2.9000000000000004,9.508277906795591e-05,2.176009277034751e-10,3.117351628464969e-05,-5.631071957569552e-08,0.0004617131337391058,0.003144376585472352,0.0008018519530727667,0.0033743467869244226
700.0,3.0000000000000004,9.133676277618169e-05,2.362620595205628e-10,2.888126640506583e-05,-5.078217480213515e-08,0.0005220561072910881,0.0030374865657244116,0.0007542595575949153,0.003261392674389694
700.0,3.1,8.787955914845813e-05,1.913466107552087e-10,2.441363182215149e-05,-4.660494351585141e-08,0.0004396039450011556,0.0026729250172766086,0.0007208638073013247,0.0028943166782157167
700.0,3.2,8.466649183895608e-05,2.0493592732835775e-10,2.292952589021265e-05,-4.275152750827555e-08,0.0004888643027726946,0.002609199011965567,0.000687528148593886,0.002827065209857282
700.0,3.3000000000000003,8.168271978835616e-05,2.0165818808681467e-10,2.032606951365913e-05,-3.891628282600671e-08,0.000498768027459433,0.0024007218289286507,0.0006498297884016636,0.0026185477564670463
700.0,3.4000000000000004,7.890220843289284e-05,1.679189457411345e-10,1.80596237429019e-05,-3.6504554108031394e-08,0.00043012038165572995,0.0022109478956742934,0.0006320156514813799,0.0024232584896244818
700.0,3.5000000000000004,7.630229331485853e-05,1.9613484122969034e-10,1.7004490300859143e-05,-3.276417925567643e-08,0.0005196524310281244,0.002155134899084814,0.0005874726557341214,0.002367465591048232
700.0,3.6,7.387242309983281e-05,1.7471213668784858e-10,1.4672530401611488e-05,-3.1130756610789136e-08,0.00047827208197503306,0.0019229474979298262,0.0005773589881217296,0.0021431654314404214
700.0,3.7,7.158927818882321e-05,1.8281920917014717e-10,1.4244137754936369e-05,-2.8624202929177058e-08,0.000516586703653039,0.00192820773398573,0.0005485085451156221,0.0021416279172450123
700.0,3.8000000000000003,6.944857465536297e-05,1.6758141972341176e-10,1.2527637399579483e-05,-2.6473035261515036e-08,0.0004882659968055801,0.0017499320731432305,0.0005236283790122035,0.0019618968634629616
700.0,3.9000000000000004,6.743314749589853e-05,1.618536559796972e-10,1.1270977125580878e-05,-2.5347457859587943e-08,0.0004858248823606983,0.0016229241826074697,0.000516967290234688,0.0018451067928870952
700.0,4.0,6.553043010768989e-05,1.5907294859087912e-10,1.098199904333777e-05,-2.3191306206919466e-08,0.000491482489963563,0.0016285757748451127,0.0004872821363903348,0.0018354023682134119
700.0,4.1,6.373753270991464e-05,1.5810953012415204e-10,9.391249272062603e-06,-2.2184752976254074e-08,0.0005023860568377301,0.0014331127167377705,0.00047980454313617803,0.0016633185528360794
700.0,4.2,6.203854780486e-05,1.7325473245765894e-10,9.50054224339912e-06,-2.0380163805605744e-08,0.0005657376389317587,0.001490572640556774,0.000453299499832547,0.0017183791042658047
700.0,4.3,6.043456832223937e-05,1.4314539434738296e-10,8.116892609383122e-06,-1.8890767152971287e-08,0.0004799673402131581,0.0013083627674384828,0.0004317949933367846,0.0015215372527256788
700.0,4.3999999999999995,5.891175776571257e-05,1.4799261967068667e-10,7.722552896523991e-06,-1.8753147373644825e-08,0.0005091827587264478,0.0012778370245563851,0.00044015588588182684,0.0015098373921930213
700.0,4.5,5.746617273815101e-05,1.3026628183695297e-10,6.920437404874683e-06,-1.677817932553185e-08,0.00045961344525292957,0.0011747124287814872,0.0004040885118510727,0.0013848353188054517
700.0,4.6,5.608979208463819e-05,1.5799343753297075e-10,6.95973763012599e-06,-1.567699605260789e-08,0.0005712192697835392,0.0012111016444123688,0.0003871877392786852,0.0014466814916096293
700.0,4.7,5.478300880742664e-05,1.498393217994949e-10,6.2128659333072504e-06,-1.587196780093821e-08,0.0005548195937261255,0.0011076642830004043,0.00040169147524063696,0.0013628855520472806
700.0,4.8,5.3538354189548155e-05,1.4064093727737319e-10,5.671352941350631e-06,-1.4997043020799657e-08,0.0005330197541884583,0.001035239404481522,0.0003887135400225058,0.001287644017320019
700.0,4.9,5.235041310108318e-05,1.3342553313711444e-10,5.278625765061295e-06,-1.365493598615108e-08,0.0005172922504282314,0.0009859521916517557,0.0003622590644365571,0.0012256248431346778
700.0,5.0,5.1215258270268816e-05,nan,nan,nan,nan,nan,nan,nan
714.2857142857143,0.1,0.007478150922868363,nan,nan,nan,nan,nan,nan,nan
714.2857142857143,0.2,0.003846000946591714,8.4469515178039e-09,0.2026320603224711,-2.3900646438184813e-05,0.00043586279037914264,0.27096545979410164,0.004483139946356861,0.2710399739251725
714.2857142857143,0.30000000000000004,0.0022401715735397764,8.627768710074149e-09,0.08271830538864515,-2.219275594840663e-05,0.0007619284153108236,0.21507614412302545,0.008016025141663753,0.215376047005887
714.2857142857143,0.4,0.0014615252543742905,2.5013483471585007e-09,0.03610588611922908,-1.379109234725836e-05,0.0003388333113666145,0.16117464637843285,0.008525353244226043,0.16162532208507255
714.2857142857143,0.5,0.0010439377964010955,5.966963521479646e-09,0.016902741971568012,-7.994180586376316e-06,0.001132757619279673,0.11565138488697846,0.007580256776210897,0.11615268637309534
714.2857142857143,0.6,0.0007953777581435806,3.5457593515228893e-09,0.008764364210541786,-4.851856522004641e-06,0.0008849532189121196,0.08395485095717711,0.0064474739894383945,0.08445318219659018
714.2857142857143,0.7000000000000001,0.0006344613619914836,2.506042574484179e-09,0.004967503928732967,-3.1366337366236426e-06,0.0007852110885471856,0.06245464972929556,0.005479903435654431,0.06293852963480137
714.2857142857143,0.8,0.0005232200051267162,2.1130534053850385e-09,0.003060536689720018,-2.1502398617613143e-06,0.000803895560350907,0.04823834630549339,0.004716099158798502,0.0487038754609107
714.2857142857143,0.9,0.00044258401515914904,1.5977005145954292e-09,0.001987988940755692,-1.5265856525711945e-06,0.000719426902292559,0.03799527772785046,0.004065447649495769,0.03843454740029877
714.2857142857143,1.0,0.0003818279145991388,1.3802506044011766e-09,0.001362768005670929,-1.1313893470174903e-06,0.0007211500884541876,0.030791170918834265,0.003566164922919819,0.031209795393720062
714.2857142857143,1.1,0.0003346994940958378,8.592509196052875e-10,0.0009589565102400587,-8.659521820448943e-07,0.0005126938171102906,0.025114887455172506,0.003167084611165907,0.025516294337239728
714.2857142857143,1.2000000000000002,0.0002971606386949374,7.60127506487495e-10,0.0007064996725935278,-6.749805156238695e-07,0.0005113007362224432,0.021108477456832635,0.0028192095043956373,0.02148779033422987
714.2857142857143,1.3000000000000003,0.0002666867800199723,7.868515455910779e-10,0.0005316274361501075,-5.332996837471411e-07,0.0005901954111678994,0.017890237364036353,0.0025110729847284746,0.018248832801968252
714.2857142857143,1.4000000000000001,0.0002415291957065083,6.016241249476557e-10,0.0004063780875353153,-4.3291143821802216e-07,0.0004986462388858008,0.015238028953099269,0.00227300361798881,0.015581375592091572
714.2857142857143,1.5000000000000002,0.00022043539226839742,5.518115433802236e-10,0.00031914478324434004,-3.5949314806538076e-07,0.0005014667660280288,0.013213507473114993,0.0020857197896199816,0.013548014715858602
714.2857142857143,1.6,0.00020253303666272995,5.350670741156438e-10,0.0002545360668189795,-3.014832781482266e-07,0.0005295766595346604,0.011546969123227812,0.0019178411981904322,0.011873044137627612
714.2857142857143,1.7000000000000002,0.00018717604172525227,4.98936363308879e-10,0.00020518875761212538,-2.5462823065900787e-07,0.0005346642189238079,0.010131125321239217,0.0017641081284424562,0.010447474387588866
714.2857142857143,1.8000000000000003,0.00017387093436389584,4.087364366072668e-10,0.00016725708927901338,-2.161160224956664e-07,0.00047182114496459413,0.008935817198470463,0.0016211416726329543,0.009237296403321188
714.2857142857143,1.9000000000000001,0.00016223839789532955,4.1766987975824623e-10,0.00014044798737061897,-1.844652146402844e-07,0.0005169717147963651,0.008077715110029507,0.0014905500632658767,0.008364222625857249
714.2857142857143,2.0,0.00015201034130046944,3.9248173034871663e-10,0.00011512274023818534,-1.5899011314939163e-07,0.0005187524283216161,0.007095899721128809,0.0013775322758408815,0.007376726054027775
714.2857142857143,2.1,0.0001429335121079912,3.478670041573671e-10,9.930745228479302e-05,-1.389237890138507e-07,0.000489222032703962,0.00653294055096542,0.001285332109267374,0.006798735742912706
714.2857142857143,2.2,0.00013484975743836088,3.149170040490108e-10,8.218696773530793e-05,-1.2302963696344483e-07,0.0004696628489332408,0.005750013871709306,0.0012111573058421283,0.0060180600491775635
714.2857142857143,2.3000000000000003,0.00012758787244608364,3.456259998623996e-10,7.309691013859461e-05,-1.0736522073973372e-07,0.0005450272528342428,0.005420618585243421,0.001120861000214054,0.0056738716337806
714.2857142857143,2.4000000000000004,0.00012105695655519236,2.29497050575465e-10,6.044921948439057e-05,-9.588005120454998e-08,0.0003816131622650616,0.004737849948076793,0.0010583714376609097,0.004983287161725487
714.2857142857143,2.5000000000000004,0.00011513053285914497,2.3798945590747527e-10,5.396388453522725e-05,-8.664116174878651e-08,0.0004162784735276661,0.00445772684782671,0.0010084829127022129,0.004698796865984128
714.2857142857143,2.6,0.00010974374800844985,2.4004355754560413e-10,4.660900612517016e-05,-7.696400305325426e-08,0.0004406537211546237,0.004048361886954296,0.0009423493284521898,0.004284793365307148
714.2857142857143,2.7,0.00010482305321900644,2.7704978606472994e-10,4.2025698574952007e-05,-7.011449917502506e-08,0.0005326418635559167,0.003829438973755133,0.0009009760852985403,0.004070850773620528
714.2857142857143,2.8000000000000003,0.00010032261541531255,2.1198230701106568e-10,3.595190902107715e-05,-6.284082299410741e-08,0.00042602228991016686,0.0034297712112967135,0.0008457020479851229,0.0036572188150659633
714.2857142857143,2.9000000000000004,9.618169670182943e-05,2.1352668725939784e-10,3.185415704735043e-05,-5.625267390979865e-08,0.00044774967465773517,0.0031751721100453326,0.000791359680124622,0.003396277077362759
714.2857142857143,3.0000000000000004,9.235931955881981e-05,2.0028291649518287e-10,2.9376342658185793e-05,-5.203124432557824e-08,0.00043751724727863665,0.003054254984631296,0.0007637397045063093,0.0032690199640397067
714.2857142857143,3.1,8.883070584239205e-05,2.0480705755125773e-10,2.506029700548057e-05,-4.7003090432728866e-08,0.00046532687919924,0.0027133479463889634,0.0007187464697293686,0.00293461737849679
714.2857142857143,3.2,8.55526950960191e-05,2.2046093501481905e-10,2.3808711296025765e-05,-4.374530965413175e-08,0.000520235934762232,0.002680234393078942,0.0006957332459652616,0.002902135649611144
714.2857142857143,3.3000000000000003,8.25127714626064e-05,1.6666958013567806e-10,2.0059723824016406e-05,-4.068264017350778e-08,0.0004079574269560609,0.002344721437647593,0.0006720102106292166,0.0025626828381117815
714.2857142857143,3.4000000000000004,7.967344506743387e-05,2.0801991087201218e-10,1.9336398400232457e-05,-3.6590542195890186e-08,0.0005274512898191652,0.0023434430885642277,0.000626939145290196,0.002560475689450254
714.2857142857143,3.5000000000000004,7.702748265626366e-05,1.6978526053275627e-10,1.6922073129954886e-05,-3.437431412233698e-08,0.00044544602200477214,0.002123928884414677,0.0006101119537610873,0.0023353734726623905
714.2857142857143,3.6,7.4550740976393e-05,1.5614294365880246e-10,1.5016447685276833e-05,-3.125602694945216e-08,0.0004234057310727435,0.0019494922029696814,0.0005740198517370669,0.00215378500387604
714.2857142857143,3.7,7.222416377337512e-05,1.7959332310973475e-10,1.4679490044538825e-05,-2.919662076927196e-08,0.0005027964346677302,0.0019690602470587367,0.0005541980566266368,0.0021781353225176522
714.2857142857143,3.8000000000000003,7.004438147080261e-05,1.47245961100582e-10,1.2565732645370123e-05,-2.7900583851980773e-08,0.00042521713225102505,0.0017398239022605876,0.0005467808986499295,0.001950829444798774
714.2857142857143,3.9000000000000004,6.799025649468381e-05,1.6058751576714406e-10,1.1681588505421624e-05,-2.4834189775574796e-08,0.0004778783353222075,0.0016677409750974806,0.0005020135028120739,0.0018745033415282877
714.2857142857143,4.0,6.605294740361923e-05,1.7012593858548273e-10,1.1236046760963398e-05,-2.3913180995340308e-08,0.000521235298761708,0.0016525966131399946,0.0004981279989421796,0.0018705680444980526
714.2857142857143,4.1,6.422799878016428e-05,1.441191475469056e-10,9.607705637916116e-06,-2.230113559262815e-08,0.00045425537216719494,0.0014545460900038027,0.00047828669860685023,0.0016672038277357054
714.2857142857143,4.2,6.249912721308849e-05,1.5268544146022886e-10,9.50227544014361e-06,-2.0513340350828774e-08,0.0004946795575517478,0.0014794599895082247,0.0004525981904450073,0.0016861791035365902
714.2857142857143,4.3,6.0865278400414146e-05,1.553543400573967e-10,8.435619915328375e-06,-2.013591881027334e-08,0.000516976354028318,0.001349718034712299,0.00045666300066931774,0.0015830620696020274
714.2857142857143,4.3999999999999995,5.931578578689308e-05,1.4308330784277683e-10,7.569502673209176e-06,-1.8517626779880798e-08,0.0004887222881005434,0.0012436487390087535,0.00043135084749277913,0.0014688903186384512
714.2857142857143,4.5,5.78419882001041e-05,1.7482802919321946e-10,7.871232890637227e-06,-1.6995509196711253e-08,0.0006124816557682453,0.0013270047401743304,0.00040635480036736575,0.0015704533761500073
714.2857142857143,4.6,5.6446902942221496e-05,1.269972535874694e-10,6.421241672344352e-06,-1.6712261356706262e-08,0.00045605908931884917,0.0011101350199322498,0.0004098408869696781,0.0013327898411582
714.2857142857143,4.7,5.5116030101062334e-05,1.262675607159231e-10,6.318864450564518e-06,-1.582024801057709e-08,0.0004645150684545798,0.001119435101166214,0.00039768399612460687,0.0013361191249629083
714.2857142857143,4.8,5.384834590440882e-05,1.4579790797317834e-10,5.824911622431084e-06,-1.4410881622463896e-08,0.0005490998822200755,0.0010568452792681837,0.0003711048299164501,0.0013014876928116458
714.2857142857143,4.9,5.263891082397961e-05,1.5909386853170487e-10,5.795735108220803e-06,-1.375978893296632e-08,0.0006130704689739818,0.0010763069897280317,0.0003627520457082551,0.0013406976651715492
714.2857142857143,5.0,5.1487433094632616e-05,nan,nan,nan,nan,nan,nan,nan
728.5714285714287,0.1,0.007616041666003443,nan,nan,nan,nan,nan,nan,nan
728.5714285714287,0.2,0.003955069564885628,7.096351291041806e-09,0.20168402688623988,-2.3129139199350395e-05,0.0003562179740897352,0.2648147630107106,0.004261546923588934,0.2648835728466901
728.5714285714287,0.30000000000000004,0.002310937732630213,7.768130780467552e-09,0.08397734039540161,-2.2289287354681682e-05,0.0006651869173163253,0.21232835230252156,0.007832040892321892,0.21261809281953567
728.5714285714287,0.4,0.0015065793043288137,1.0339075085988879e-08,0.03728084477384205,-1.4075121624053753e-05,0.0013580204845571686,0.16132344998932777,0.008436792479406747,0.16176977057156494
728.5714285714287,0.5,0.0010750293237658352,2.476116218790017e-09,0.01742185214856377,-8.230536700090173e-06,0.00045664005538521347,0.1156384672118224,0.007567472081654861,0.11613353041500615
728.5714285714287,0.6,0.0008176978646884945,2.6766928976354433e-09,0.009097088134066915,-5.001229428285423e-06,0.0006498775868113878,0.084621767359794,0.006456212216766152,0.08511539933730429
728.5714285714287,0.7000000000000001,0.0006513372869518229,1.7545957899225018e-09,0.005145539729611153,-3.220038860616833e-06,0.0005355910093225506,0.06292715135768845,0.0054725805871028935,0.06340356072246549
728.5714285714287,0.8,0.0005364321065112628,1.7740553719639528e-09,0.003169678362131573,-2.1925452999219935e-06,0.0006582690835538569,0.04866416257182622,0.004684926806736226,0.04911752350610163
728.5714285714287,0.9,0.0004532237096920184,1.4783855813119592e-09,0.002058825402183198,-1.5759465362736942e-06,0.0006500086564145953,0.03837998093687876,0.00409332103715581,0.0388195311949415
728.5714285714287,1.0,0.000390603566894606,1.12475342927756e-09,0.0014047871540546215,-1.1688683116854918e-06,0.0005744156253566894,0.03099544714925052,0.003597452324251075,0.0314154583564072
728.5714285714287,1.1,0.00034203129563773984,1.1674241655980598e-09,0.0009939839650840107,-8.897050986793032e-07,0.000681490022140886,0.02544738577239391,0.003180629177351489,0.025850854439011348
728.5714285714287,1.2000000000000002,0.00030339886403171377,1.0797948614277907e-09,0.0007316245686035367,-6.916349426220966e-07,0.0007111860444874324,0.02139057384323194,0.0028262188532274866,0.021772401359181973
728.5714285714287,1.3000000000000003,0.00027208267811172307,7.734995836619086e-10,0.0005461041654974778,-5.55581231379224e-07,0.0005685747221135789,0.017999545490730465,0.002561459983885369,0.01836924248807212
728.5714285714287,1.4000000000000001,0.00024622753384670714,6.144149092690458e-10,0.0004198027281281958,-4.5026462965364915e-07,0.0004994629241022205,0.015429233902050015,0.002316825560908873,0.01578119397815272
728.5714285714287,1.5000000000000002,0.00022457041686297315,5.226502256749401e-10,0.00032841601077036425,-3.6532000168256683e-07,0.0004661611389395557,0.01333790765149867,0.0020788014005606245,0.013666013217222857
728.5714285714287,1.6,0.0002061974599869428,5.178200588198479e-10,0.0002619786987668429,-3.056855201193669e-07,0.0005033042370187093,0.011665770693505696,0.0019085249034860407,0.01198450898630854
728.5714285714287,1.7000000000000002,0.00019044429009858088,4.578626305543575e-10,0.0002103837366057017,-2.6179276001291473e-07,0.00048213864844981767,0.010203022705469992,0.0017811782715588828,0.010520424044439092
728.5714285714287,1.8000000000000003,0.00017679495757627598,4.4354387441883184e-10,0.0001735254366377973,-2.1988982907633366e-07,0.000503416994494124,0.009111611408668344,0.0016208391894585298,0.009408992001755013
728.5714285714287,1.9000000000000001,0.00016488087942034905,4.334625298463068e-10,0.0001438861134530879,-1.881411429853896e-07,0.0005277774524927251,0.008138586949857439,0.0014947656352271104,0.008425188139635895
728.5714285714287,2.0,0.000154405662398953,3.568725870144368e-10,0.0001184168046904375,-1.6482841785657663e-07,0.0004642657563676736,0.007181961007652348,0.0014048482057703328,0.007466143821979766
728.5714285714287,2.1,0.00014511461342446133,3.397928736460064e-10,0.00010166742074168697,-1.4259979114632423e-07,0.0004705693758853687,0.006584436034411675,0.0012985850304108577,0.006851925247052424
728.5714285714287,2.2,0.00013684023865738652,3.315092536048833e-10,8.513679498674155e-05,-1.254962349357259e-07,0.00048708237083387387,0.00586686571239492,0.0012165728792721423,0.006133307563167961
728.5714285714287,2.3000000000000003,0.00012941723184017913,2.729691347171037e-10,7.37738655921154e-05,-1.1282358032532058e-07,0.00042427274318491655,0.005391240640614972,0.0011603918586063139,0.005651415887781381
728.5714285714287,2.4000000000000004,0.0001227319636788929,2.6409513868199705e-10,6.282704113805107e-05,-9.963050875161319e-08,0.0004330434781934898,0.004854611727102764,0.001083981766207176,0.005109287094484793
728.5714285714287,2.5000000000000004,0.00011667496592898716,2.755928673543244e-10,5.5431695082449475e-05,-8.641234754262549e-08,0.0004755285294281575,0.004516484004727326,0.0009918475821945102,0.0047531335348239565
728.5714285714287,2.6,0.00011117228512990592,2.5995542948436633e-10,4.819705544184608e-05,-7.884542592117691e-08,0.00047093034978383904,0.004130882324078042,0.0009523205321043658,0.0043703309899209035
728.5714285714287,2.7,0.00010615157488524314,1.838526968952355e-10,4.170973627764981e-05,-7.166674660621622e-08,0.00034897498120759455,0.0037518106449742914,0.0009088108788439611,0.003981173329592862
728.5714285714287,2.8000000000000003,0.00010154796200335685,2.4455375194555243e-10,3.7984208918327314e-05,-6.477652952051872e-08,0.0004853857929372119,0.0035782991405818292,0.0008606766170799332,0.0038106892533832063
728.5714285714287,2.9000000000000004,9.732419121065384e-05,1.9317601296105085e-10,3.2232998809795105e-05,-5.748913616946042e-08,0.0004002155435474337,0.003174165012659692,0.000798723667333924,0.0033928476244017465
728.5714285714287,3.0000000000000004,9.342275040604878e-05,2.216321991909057e-10,3.0234029356617793e-05,-5.276874950678739e-08,0.00047847651856681804,0.0031065276762667978,0.0007652715991868402,0.003324264613907169
728.5714285714287,3.1,8.98236498950099e-05,1.8124549759533468e-10,2.5934099666513455e-05,-4.8797261668145264e-08,0.00040712623443421537,0.0027759940222049297,0.0007374307873433033,0.0029932428759333273
728.5714285714287,3.2,8.648389038063616e-05,1.5121738607961045e-10,2.3270647062191896e-05,-4.412807809069392e-08,0.00035291162509599154,0.0025907037945342593,0.0006938648933611894,0.0027927029463622466
728.5714285714287,3.3000000000000003,8.337683733688433e-05,2.0866545878717362e-10,2.1735045187750722e-05,-4.072215812994699e-08,0.0005052565872482457,0.0025131900394500784,0.000665262531177645,0.0027306696731986104
728.5714285714287,3.4000000000000004,8.048713474501001e-05,1.6255190744211963e-10,1.8988989770306078e-05,-3.791913300065098e-08,0.00040787197682012297,0.0022774898133376084,0.0006427141458809211,0.0024858564612548757
728.5714285714287,3.5000000000000004,7.778732205083875e-05,1.6834923585679305e-10,1.7341540315485366e-05,-3.539344339256581e-08,0.0004372145969556285,0.00215457294764248,0.000621659614157161,0.002367754747065654
728.5714285714287,3.6,7.526092475982234e-05,1.8589325508892224e-10,1.6117358771490874e-05,-3.226677266373132e-08,0.0004991168949359458,0.0020719775853650295,0.0005865932656838998,0.0022870050519745253
728.5714285714287,3.7,7.289570105652085e-05,1.3024029327999833e-10,1.3976112916588528e-05,-2.9785514939717046e-08,0.00036116690797204375,0.0018570211515723505,0.0005598114684993761,0.0020507917625463687
728.5714285714287,3.8000000000000003,7.067023848238523e-05,1.7830120087468023e-10,1.3536254762093715e-05,-2.771010147823688e-08,0.00051011822939674,0.0018569345744542834,0.0005378965290165198,0.002070529394532378
728.5714285714287,3.9000000000000004,6.858013845587056e-05,1.5457960708741798e-10,1.2014584949584344e-05,-2.5877832013106245e-08,0.0004558691346340491,0.0017000911851428118,0.0005182538113975562,0.0019066464621865468
728.5714285714287,4.0,6.661018427885173e-05,1.2619924073889887e-10,1.0764681950896868e-05,-2.4081371132881127e-08,0.0003832970635409695,0.0015696500755570284,0.0004971268732141198,0.0017620976859296451
728.5714285714287,4.1,6.474787692134187e-05,1.6633865145651348e-10,1.052973516605331e-05,-2.2416824854735737e-08,0.0005198434752121501,0.0015807995849362077,0.0004765965439488415,0.0017953977547783364
728.5714285714287,4.2,6.299086691549254e-05,1.4040043852514025e-10,9.383653630436627e-06,-2.1631379135456353e-08,0.00045115072230979833,0.0014492604354944705,0.00047321845184268113,0.0016588442333320642
728.5714285714287,4.3,6.132769344594757e-05,1.2379837297645008e-10,8.449450674092932e-06,-2.0183581968691326e-08,0.00040871667775175066,0.0013413771055776342,0.00045399333333567425,0.0015422586538796704
728.5714285714287,4.3999999999999995,5.974901448314354e-05,1.4866800370685546e-10,8.314733134894956e-06,-1.828005193803247e-08,0.0005038881760532019,0.0013557876821542814,0.00042245736695298454,0.0015649293871715742
728.5714285714287,4.5,5.825348285168846e-05,1.1097677941238051e-10,7.198038642599923e-06,-1.796584472143442e-08,0.000385913078105421,0.0012047125303850232,0.0004262479855485432,0.001401297925170757
728.5714285714287,4.6,5.6829931606659384e-05,1.375846632699143e-10,6.843992300975032e-06,-1.7103951937346498e-08,0.0004905309775928629,0.0011748640537767713,0.0004163435938942507,0.001402715281583743
728.5714285714287,4.7,5.5474820284640056e-05,1.4856991163175027e-10,6.83833317453202e-06,-1.545453695057445e-08,0.0005427543257887012,0.001203297801211976,0.00038570072106195477,0.001428298970460788
728.5714285714287,4.8,5.418809229436605e-05,1.2902391856427928e-10,5.851237921904828e-06,-1.4571828034329444e-08,0.0004826654297082149,0.0010547556336158025,0.0003726357395916925,0.0012740448000450315
728.5714285714287,4.9,5.295987668331109e-05,1.112371042837331e-10,5.470793749934283e-06,-1.4065447678744574e-08,0.00042589006571530717,0.0010095933475966054,0.0003683219201842967,0.001213253126665167
728.5714285714287,5.0,5.178636900975547e-05,nan,nan,nan,nan,nan,nan,nan
742.8571428571429,0.1,0.0077534350835721496,nan,nan,nan,nan,nan,nan,nan
742.8571428571429,0.2,0.004065586418136898,6.4691883982386905e-09,0.2005551471831343,-2.2377392891018306e-05,0.0003160422987647728,0.2586661847573436,0.004051480085120946,0.2587298282019588
742.8571428571429,0.30000000000000004,0.0023832892245329897,8.630124657459852e-09,0.08527513386779263,-2.2285764460149653e-05,0.0007167121839242594,0.20974866869727238,0.007621158416322373,0.2100266216646025
742.8571428571429,0.4,0.0015537433696070082,3.325105650188414e-09,0.03824286662901174,-1.4330060069994055e-05,0.0004237006180271924,0.16046254997232035,0.008330551804668804,0.16089501438072484
742.8571428571429,0.5,0.0011066261809711444,6.7838627328099674e-09,0.018105524275478808,-8.476077681602578e-06,0.0012148584335013035,0.11652840893575805,0.0075604320914031894,0.11702421218248019
742.8571428571429,0.6,0.0008405642350900686,4.112340356195539e-09,0.009406900347662284,-5.16755603030563e-06,0.0009710544982467766,0.08500522136036084,0.006477864440787208,0.0855029593686028
742.8571428571429,0.7000000000000001,0.0006685712926856157,2.8482383051122135e-09,0.005342790973137387,-3.332713814058678e-06,0.0008468596962578496,0.06356195933752634,0.00550871893408494,0.0640432027209757
742.8571428571429,0.8,0.0005500062600125367,1.8600791854953718e-09,0.0032723888228555066,-2.24644329838984e-06,0.0006731115372733345,0.04894599661481864,0.004675506259936935,0.049395185811300146
742.8571428571429,0.9,0.0004641651155680127,1.6153045566227926e-09,0.0021284789582763637,-1.6153050217223433e-06,0.0006933717040900065,0.038699176955328624,0.004091741461173932,0.03913555618245446
742.8571428571429,1.0,0.00039960876070625236,1.407343535620122e-09,0.001454894116486373,-1.2049799106118257e-06,0.0007024019232326528,0.03134432269228109,0.003620674995391452,0.03176757007301808
742.8571428571429,1.1,0.00034960134700935577,9.151412023993433e-10,0.001026352235428151,-9.097546674822627e-07,0.0005226227650856381,0.02568392728963744,0.0031783952414965815,0.026079525459568948
742.8571428571429,1.2000000000000002,0.0003098574556667407,8.909141769870247e-10,0.0007522868937238392,-7.102396182495546e-07,0.0005744721814132165,0.02151842091454262,0.002839246823690515,0.021897376600732706
742.8571428571429,1.3000000000000003,0.000277636433261364,7.88134866766669e-10,0.0005635851928728661,-5.746331845176187e-07,0.0005676487185413911,0.01818853097015732,0.0025937127423099416,0.018563393426291316
742.8571428571429,1.4000000000000001,0.000251051262784716,8.228394412708493e-10,0.0004346012460843136,-4.615835936609563e-07,0.0006558526117661263,0.0156536100460268,0.0023271668662675797,0.01600928047628434
742.8571428571429,1.5000000000000002,0.0002288121047689111,7.220532325491695e-10,0.00033946141210739145,-3.809899988954867e-07,0.000631891404735283,0.013521597475432334,0.002125703889601113,0.013866150117733725
742.8571428571429,1.6,0.0002099675608741801,4.806743697581572e-10,0.00026829628456347365,-3.158975312964499e-07,0.0004587483908679017,0.011725615864354715,0.001935162783899181,0.01204949075624807
742.8571428571429,1.7000000000000002,0.00019380597982508385,5.009045147114262e-10,0.00021651011707131813,-2.629185280935911e-07,0.0005182007684695061,0.010311598428342872,0.0017564784289847556,0.01061922912111906
742.8571428571429,1.8000000000000003,0.00017980949994670078,5.23429047900236e-10,0.00017988026178358121,-2.2580720723353084e-07,0.0005839487771708991,0.009281460868541258,0.0016352303765368658,0.009583030251299422
742.8571428571429,1.9000000000000001,0.0001676118226861535,3.5961802701795636e-10,0.00014596692120373347,-1.9603373349763475e-07,0.00043066006892200783,0.008117864809534596,0.001530896338168181,0.008412638370765594
742.8571428571429,2.0,0.00015687381463764358,3.891078009617658e-10,0.00012292536362153538,-1.693960265862167e-07,0.0004981123421221474,0.007333931559929891,0.001420019835011337,0.007620208704147239
742.8571428571429,2.1,0.000147365060225349,3.2539463878833384e-10,0.00010420690130730148,-1.473802400373601e-07,0.0004436545960934311,0.006642721192699034,0.0013206710699774208,0.006914543975904579
742.8571428571429,2.2,0.00013889837482612745,2.806185654223145e-10,8.706097940456993e-05,-1.296304358960401e-07,0.00040612410324476425,0.005907844048747869,0.0012371991507026184,0.006174858829848707
742.8571428571429,2.3000000000000003,0.0001313022992209516,2.7646075082843935e-10,7.546441538956694e-05,-1.1384958223966987e-07,0.0004234385902322687,0.005433066836385456,0.0011533784871148869,0.005688416243332428
742.8571428571429,2.4000000000000004,0.0001244608677696714,3.1930462674335407e-10,6.562061227553404e-05,-1.0016761066239202e-07,0.0005161319752547037,0.004997674272642374,0.0010739456578593082,0.005248795947965736
742.8571428571429,2.5000000000000004,0.00011827564244114656,2.587981646894113e-10,5.6345726720644115e-05,-9.06871521355573e-08,0.00044039300391137933,0.004527184144731991,0.0010261228472489175,0.004774431743516632
742.8571428571429,2.6,0.00011265387437982818,2.0374980733882752e-10,4.855111915200827e-05,-8.103621917452959e-08,0.00036418522876652064,0.0041049127402683185,0.0009652869378538732,0.0043412552598127065
742.8571428571429,2.7,0.00010751761751002988,2.891961240546253e-10,4.418568801380572e-05,-7.206729769105606e-08,0.0005417492693256199,0.003922251964883831,0.0009016986051323977,0.0041597684425753
742.8571428571429,2.8000000000000003,0.00010282321752036964,2.0793605450212548e-10,3.7729186488336286e-05,-6.642129887486194e-08,0.0004074856836877481,0.003509116678930938,0.0008709861923468513,0.0037412803080335345
742.8571428571429,2.9000000000000004,9.850610939559276e-05,2.3381926606719954e-10,3.4241104352124604e-05,-5.935582150254217e-08,0.00047844649060262314,0.003330094620443221,0.0008142240312583638,0.0035558912766888826
742.8571428571429,3.0000000000000004,9.453141231433713e-05,1.7859041793048325e-10,2.9686759160653347e-05,-5.4076422012509786e-08,0.00038094010518495224,0.0030136972562213042,0.0007745671406802372,0.0032291477245145125
742.8571428571429,3.1,9.085358282468803e-05,2.0913495127268862e-10,2.701930212509423e-05,-5.018981568875924e-08,0.00046429205158180517,0.0028582353170869055,0.00074939740454564,0.003083548147327103
742.8571428571429,3.2,8.744594635628987e-05,2.1001371846458717e-10,2.451781107781287e-05,-4.5475666582254805e-08,0.00048456217883763585,0.0026986069580902145,0.000706710824002654,0.0029182461165806113
742.8571428571429,3.3000000000000003,8.428348799866984e-05,1.439825123171448e-10,2.1296864019798976e-05,-4.138939593600842e-08,0.0003448058051210979,0.002435431818992159,0.0006684808599889332,0.002635138043546818
742.8571428571429,3.4000000000000004,8.13339982812478e-05,1.7999653853235778e-10,1.970098684976189e-05,-3.8119652695151054e-08,0.0004467898519282111,0.002337466960322384,0.0006390160950015705,0.0025455954316675913
742.8571428571429,3.5000000000000004,7.858151843232338e-05,1.7868418380152335e-10,1.8000735885045554e-05,-3.585620384962073e-08,0.00045920108870376575,0.00221318713765923,0.0006230192923437755,0.002425977951967424
742.8571428571429,3.6,7.600904594224942e-05,1.4369789808801736e-10,1.5724453918091588e-05,-3.311764636564695e-08,0.0003819174495204186,0.0020010371690175385,0.0005957640603665575,0.0022045136246543816
742.8571428571429,3.7,7.359381799135637e-05,1.9296866272468034e-10,1.5389345368303652e-05,-3.0437239459379183e-08,0.0005298084536568899,0.0020246728764358205,0.0005662684780784825,0.0022408295858167898
742.8571428571429,3.8000000000000003,7.133248349414636e-05,1.3304166575171947e-10,1.3041827871022533e-05,-2.8362713190224646e-08,0.00037698766552484033,0.0017721363325047634,0.0005451021685726505,0.0019689742581624867
742.8571428571429,3.9000000000000004,6.920156727564657e-05,1.5035622098160324e-10,1.2252504402701006e-05,-2.6445367160893965e-08,0.0004392745321548152,0.0017176612677037193,0.0005245502618688232,0.0019218814478584993
742.8571428571429,4.0,6.71931761011738e-05,1.6925264174944464e-10,1.169167993809837e-05,-2.4765080669286527e-08,0.0005093790616018554,0.0016895108591294737,0.0005064684658625273,0.0019044512557009913
742.8571428571429,4.1,6.5301701726082e-05,1.1945330959315654e-10,1.010324176257851e-05,-2.3015767433266247e-08,0.00037004040211355716,0.0015036112815036314,0.0004848742641306234,0.0016935119985089515
742.8571428571429,4.2,6.3511259768616e-05,1.3828105176434896e-10,9.455565440783722e-06,-2.153790612421531e-08,0.00044053510223659943,0.0014479814753444776,0.0004670382787235638,0.0016513543038456403
742.8571428571429,4.3,6.181537346555783e-05,1.6461083238800236e-10,9.309642581411136e-06,-2.0430457190447422e-08,0.0005389132838521263,0.0014658255268952302,0.0004556107581341278,0.0016894479360622721
742.8571428571429,4.3999999999999995,6.021258358831377e-05,1.2310098037349626e-10,7.78321145321651e-06,-1.9491291663831003e-08,0.00041387349629884017,0.0012591061117754384,0.00044668270558409723,0.0014682269411043878
742.8571428571429,4.5,5.868762582560188e-05,1.43517713629713e-10,7.837071091542387e-06,-1.799427301764171e-08,0.0004951615446742453,0.0013015669855866191,0.0004234854072810844,0.0015158962212675625
742.8571428571429,4.6,5.724103877380542e-05,1.333883285166333e-10,6.947913633775146e-06,-1.6178081215200453e-08,0.00047195572318858067,0.0011838805090568498,0.0003907207296749945,0.0013891150569951655
742.8571428571429,4.7,5.5863930858346706e-05,1.3184896163043258e-10,6.73471533871775e-06,-1.6067644409779817e-08,0.00047810901836175027,0.0011765536550324947,0.00039795473675841784,0.0013891013935728674
742.8571428571429,4.8,5.455417009627517e-05,1.2478206436451796e-10,5.913465829274997e-06,-1.5683647130798864e-08,0.0004634706829881395,0.0010585481075919415,0.00039810288446104087,0.0012854186023659277
742.8571428571429,4.9,5.330354399249639e-05,1.3805083427730595e-10,5.996541104568244e-06,-1.4014319966559627e-08,0.0005248893823346577,0.0010991902349510169,0.00036436795109264544,0.0013225944366532906
742.8571428571429,5.0,5.211288329976329e-05,nan,nan,nan,nan,nan,nan,nan
757.1428571428571,0.1,0.007890376716259195,nan,nan,nan,nan,nan,nan,nan
757.1428571428571,0.2,0.00417742351391842,7.505813770775958e-09,0.19929316547882145,-2.156630268450695e-05,0.0003569966996587338,0.2525775037688008,0.0038382893842789203,0.25263607776308805
757.1428571428571,0.30000000000000004,0.0024574019663658603,9.10028143029036e-09,0.08642056090617364,-2.2362983440874895e-05,0.0007330942155281506,0.20687526801684333,0.007445505668951522,0.20714435800547978
757.1428571428571,0.4,0.001601586027875037,8.487765058515282e-09,0.039383741057444605,-1.4665172072087196e-05,0.0010490782385007703,0.1602657668402839,0.008269707952098313,0.16069534133035948
757.1428571428571,0.5,0.0011396074999586597,1.5634072963322734e-09,0.018664088658327797,-8.644611705340927e-06,0.0002720270862923281,0.11653503672912946,0.00747925015653532,0.11701438864517173
757.1428571428571,0.6,0.0008642698586255603,2.9815776878344012e-09,0.009745435425044002,-5.246086919068656e-06,0.000684780802644053,0.08551571857325903,0.0063895980251909455,0.08599454037144194
757.1428571428571,0.7000000000000001,0.0006863865715429009,3.300166838664756e-09,0.005545673705060896,-3.4517165990716544e-06,0.0009554929574375156,0.06416599687833759,0.0055493052922938255,0.06465120030313978
757.1428571428571,0.8,0.0005639600215108505,1.901760878171232e-09,0.0033902703956354397,-2.362194982606488e-06,0.0006711277736215418,0.04939301752385085,0.004787462410905135,0.04985940418087267
757.1428571428571,0.9,0.00047543617543515445,1.292053429088296e-09,0.0021988838124893397,-1.6547724541763375e-06,0.0005414786851317367,0.03899006540567405,0.0040877622209932706,0.03942002028736098
757.1428571428571,1.0,0.0004089011674843518,1.2494084193343766e-09,0.0014992002358116326,-1.2289148134084571e-06,0.00060934924179479,0.03153315446472817,0.003605128190720478,0.03194847469814384
757.1428571428571,1.1,0.00035735816189166544,1.3220395050060646e-09,0.0010682710222581784,-9.431961765453928e-07,0.0007384105601122358,0.02612540895469711,0.003220044833246042,0.026529598954030238
757.1428571428571,1.2000000000000002,0.0003164978665215609,8.294755241998289e-10,0.0007713461109909164,-7.300617508960108e-07,0.0005235903553309339,0.0215846787130261,0.0028543754785543968,0.021965141036421845
757.1428571428571,1.3000000000000003,0.0002833510322613655,8.940261265379654e-10,0.0005838720138140614,-5.830629739309547e-07,0.0006307883116217626,0.018447897302785964,0.002576330446841387,0.018814828352415554
757.1428571428571,1.4000000000000001,0.0002560429181393107,6.615161563425966e-10,0.0004466346460154138,-4.7507903479561713e-07,0.0005169181604974971,0.01576259110301861,0.002346374511271386,0.016116371470027042
757.1428571428571,1.5000000000000002,0.00023320115047741012,5.822354089849624e-10,0.0003476375756062636,-3.925492783953199e-07,0.00049986976928624,0.013577316573822091,0.0021472052384968153,0.013921723162183862
757.1428571428571,1.6,0.00021383575857157215,6.800214018602249e-10,0.0002799528297018244,-3.268550388886869e-07,0.000637064519044034,0.012004779098589529,0.0019643165848487066,0.012338462290673835
757.1428571428571,1.7000000000000002,0.00019726989496275242,4.965739142400697e-10,0.00022268332178663948,-2.7134511929979014e-07,0.0005046009838683875,0.010413755083535575,0.0017794299299132776,0.010725374531629481
757.1428571428571,1.8000000000000003,0.0001829308645717991,4.0132216994457297e-10,0.00018243232051975107,-2.333402193458334e-07,0.00044001861949058,0.00924785409117783,0.0016597849910564306,0.009551240448773412
757.1428571428571,1.9000000000000001,0.00017041615738604327,4.269360627890669e-10,0.0001519926431345033,-2.0156402357503825e-07,0.0005027465484779376,0.00830874786987339,0.0015469951830294627,0.00860665053605436
757.1428571428571,2.0,0.0001594213766316325,3.807952947157454e-10,0.0001255318218155467,-1.7177301122971293e-07,0.00047957378024481907,0.007366192486735857,0.001415921662069729,0.007648558757607783
757.1428571428571,2.1,0.00014968191409537717,3.9460388100079525e-10,0.00010713285307306725,-1.519064289628909e-07,0.0005295356081968252,0.006720105881447389,0.0013391772160662864,0.007001929894698623
757.1428571428571,2.2,0.00014101378008985252,3.6255124034033426e-10,8.981410787897269e-05,-1.336467896761879e-07,0.0005166788295093252,0.006000331330727321,0.0012554238876888678,0.006278782634152157
757.1428571428571,2.3000000000000003,0.0001332437871631176,3.3107986311655103e-10,7.811418336066724e-05,-1.1612953485971535e-07,0.0004995630242758196,0.005539471625460555,0.0011584892237720315,0.005798232805579477
757.1428571428571,2.4000000000000004,0.00012625493606998936,2.600265056580212e-10,6.630499284222942e-05,-1.0388856725654246e-07,0.00041425273917745394,0.004976216471621193,0.001097294787139111,0.00522900061236518
757.1428571428571,2.5000000000000004,0.00011992913490528339,2.4455566461943323e-10,5.7371148250745396e-05,-9.289668744234362e-08,0.000410328688924833,0.004544071704170183,0.0010359672755392,0.00479201561741728
757.1428571428571,2.6,0.0001141770452230849,3.137143364725972e-10,5.177242110842314e-05,-8.27995328391773e-08,0.0005530493208062732,0.004316917748911599,0.000972478665110911,0.00456432600832851
757.1428571428571,2.7,0.00010894267975197063,1.647849226440832e-10,4.325946860162904e-05,-7.411714520794579e-08,0.0003046119406995034,0.003788806105211998,0.0009146316389227054,0.004015089314964898
757.1428571428571,2.8000000000000003,0.00010414090896687265,2.5213235883638694e-10,3.9660761632173294e-05,-6.670160243163402e-08,0.00048768416384455495,0.0036405164369436114,0.000863105250584491,0.0038705422253857927
757.1428571428571,2.9000000000000004,9.973574579809641e-05,2.123132810418908e-10,3.459386173727471e-05,-6.210597207728385e-08,0.0004289653873467774,0.003321832129223979,0.0008408944191626972,0.003554263193215188
757.1428571428571,3.0000000000000004,9.567652124669291e-05,2.0447377931526204e-10,3.088996613772812e-05,-5.573720142969025e-08,0.00043080627105467463,0.0030971810448243223,0.0007882941217104778,0.003319780069860909
757.1428571428571,3.1,9.19261963566667e-05,1.9049577215534874e-10,2.7499080784689155e-05,-4.998676692150615e-08,0.0004178595752470759,0.0028741723075178882,0.0007372206310341385,0.0030858486021794903
757.1428571428571,3.2,8.845086227448738e-05,1.7873584426424468e-10,2.4399465433447295e-05,-4.7386703853833445e-08,0.00040759619872831444,0.0026542450792567565,0.0007276115057294779,0.0028757587883054994
757.1428571428571,3.3000000000000003,8.521952284664253e-05,2.0213916750669073e-10,2.29412386143504e-05,-4.36205025087254e-08,0.0004785895330403733,0.002593670431742929,0.000696317280826053,0.0028152956791050085
757.1428571428571,3.4000000000000004,8.221759580494118e-05,1.4628204016039875e-10,1.9651221052767754e-05,-3.846538641503869e-08,0.00035911345677318876,0.0023059529549503896,0.0006375009892819062,0.0025018386294784964
757.1428571428571,3.5000000000000004,7.941218097376751e-05,1.5775695186545843e-10,1.7972708373326732e-05,-3.580766304219913e-08,0.00040106235731220347,0.0021859929370796074,0.000615339350474441,0.002386776312916517
757.1428571428571,3.6,7.678649322632711e-05,1.8393982321254403e-10,1.7051080704491667e-05,-3.383930232927498e-08,0.00048373742091019166,0.002147161870560413,0.0006022028912860646,0.0023600005583312746
757.1428571428571,3.7,7.433131628593163e-05,1.2326610596071662e-10,1.4574052072883599e-05,-3.1221836583053436e-08,0.00033499824079281037,0.0018979968299798233,0.0005747651220214415,0.0020917279170418845
757.1428571428571,3.8000000000000003,7.202187986626498e-05,1.7262733608596293e-10,1.4123759188172665e-05,-2.9025596690983394e-08,0.00048428536815650863,0.0019001088496593478,0.0005521766610180645,0.0021106264682104153
757.1428571428571,3.9000000000000004,6.985368103848006e-05,1.473178096825488e-10,1.2522706825980068e-05,-2.6893564553183486e-08,0.00042623509890746475,0.0017387364574811247,0.0005281267772640354,0.0019397723097934094
757.1428571428571,4.0,6.781070927895494e-05,1.2386683310413122e-10,1.1216723783991109e-05,-2.5180480853095713e-08,0.0003692862691884534,0.0016057455551715583,0.0005099833712610331,0.0017985986807761982
757.1428571428571,4.1,6.587990475726973e-05,1.665895159243382e-10,1.1077300896399228e-05,-2.3700672488849008e-08,0.000511306719210658,0.0016335621635854313,0.0004946144896846317,0.001849120572115258
757.1428571428571,4.2,6.405987324454851e-05,1.3566108153290958e-10,9.680580076691244e-06,-2.194143000492531e-08,0.0004283349998813028,0.0014694283655021544,0.0004714078415950749,0.001669473359985209
757.1428571428571,4.3,6.23366475325942e-05,1.1013332446961233e-10,8.785352189991393e-06,-2.0551173500100202e-08,0.0003574434872842146,0.001371428281859585,0.00045421654902651166,0.0015560227266030984
757.1428571428571,4.3999999999999995,6.070127534253981e-05,1.4746109625348447e-10,8.515497634205877e-06,-1.9270960652865217e-08,0.0004915725448047044,0.0013660499836397758,0.00043781440255027796,0.0015783215853459392
757.1428571428571,4.5,5.9151058128827486e-05,1.373957115349436e-10,7.852713369682882e-06,-1.8271009329493446e-08,0.00047013332523175463,0.0012936653019841341,0.00042635439083996065,0.0015027146735918284
757.1428571428571,4.6,5.767936804881199e-05,1.294251313784988e-10,7.227141461001362e-06,-1.765262517958921e-08,0.00045427287197719,0.0012218110190456914,0.00042281968610407265,0.001434133530181262
757.1428571428571,4.7,5.6279949383406506e-05,1.0777723253133877e-10,6.518290760460339e-06,-1.6335401475687594e-08,0.0003878022466392686,0.0011300905299350963,0.00040135256305760114,0.0013227482557513588
757.1428571428571,4.8,5.4945713625605626e-05,1.305341976851964e-10,6.390707352537055e-06,-1.5002097932141625e-08,0.0004811733589325559,0.0011355211620750468,0.00037786209591962047,0.0013440593877996016
757.1428571428571,4.9,5.367538494133012e-05,1.2065873744686805e-10,5.885225556010191e-06,-1.4884066319037238e-08,0.00045539836488525036,0.0010710982108834742,0.0003840580796922305,0.0012843832236726336
757.1428571428571,5.0,5.246390851261471e-05,nan,nan,nan,nan,nan,nan,nan
771.4285714285714,0.1,0.008026753782869826,nan,nan,nan,nan,nan,nan,nan
771.4285714285714,0.2,0.004290792408428673,7.085827530942555e-09,0.19785408745031066,-2.0770587433463895e-05,0.0003282378848448305,0.24649328084855174,0.0036351700334124513,0.24654710334119867
771.4285714285714,0.30000000000000004,0.002533371908490627,7.58150545976697e-09,0.08752094745412023,-2.2453760307763603e-05,0.000592612690518288,0.20397385639584276,0.00728090308525606,0.20423444465189172
771.4285714285714,0.4,0.0016511608830937833,3.5621239703193974e-09,0.04039580239627725,-1.496976870170482e-05,0.00042725830813396536,0.1594546866999284,0.00819084345145153,0.15987544993877756
771.4285714285714,0.5,0.0011729078816597122,6.589673964429464e-09,0.01939290871778259,-8.859524764628916e-06,0.001113683056358554,0.11745014623557498,0.007438578542865365,0.1179255784051311
771.4285714285714,0.6,0.0008885839674034671,3.0507456809360486e-09,0.010061530068942611,-5.362367772478418e-06,0.000681540303156673,0.08578278163418204,0.006343841461180098,0.08625334063705453
771.4285714285714,0.7000000000000001,0.0007048753538366482,1.5970505266236664e-09,0.005713515720426775,-3.5121994304097614e-06,0.00045037053118682105,0.06429910880704107,0.005492407432236696,0.06476813495692496
771.4285714285714,0.8,0.0005783018974740971,2.4370432131322196e-09,0.0035242478564033552,-2.4148519340734287e-06,0.0008385116683056212,0.049998171126580275,0.004766941878850883,0.05045758305322774
771.4285714285714,0.9,0.00048697091967557954,2.1307692951257847e-09,0.0022808613695457433,-1.718122571072373e-06,0.0008715485386811598,0.039440668956959565,0.004138072197334051,0.03988199152059046
771.4285714285714,1.0,0.00041844855557251944,1.3155923988798133e-09,0.001545858928512925,-1.2662604191893213e-06,0.0006269216508941453,0.031744378689856426,0.00362556938623601,0.03216190473075552
771.4285714285714,1.1,0.0003653847807545886,1.0551062573438171e-09,0.0010986552158947786,-9.691803432614942e-07,0.000576317998193355,0.02625544290364687,0.0032329169652416862,0.026656780163965742
771.4285714285714,1.2000000000000002,0.00032330755809560554,1.00796862596352e-09,0.000801775013628287,-7.593752435238001e-07,0.0006227477628980829,0.021943306231104378,0.0029034908287709337,0.022332868627064743
771.4285714285714,1.3000000000000003,0.00028924808557290535,6.623418422338162e-10,0.0005980963740913075,-5.994219311881806e-07,0.0004577745269304093,0.01849930071583554,0.0025923630948915945,0.018864632976125763
771.4285714285714,1.4000000000000001,0.00026116957679111824,7.178771906184262e-10,0.0004617951729432079,-4.889823005590871e-07,0.000549857536220822,0.015965366616983605,0.0023657051227896253,0.01632140912975407
771.4285714285714,1.5000000000000002,0.0002377090197387632,5.848411184096573e-10,0.00035942734604866693,-4.0007271307733755e-07,0.0004925195181491491,0.01376222110035943,0.0021450479195844626,0.014101197333757283
771.4285714285714,1.6,0.00021784273614689484,4.887157740041706e-10,0.00028586991605455443,-3.3240194409865054e-07,0.0004493721986120097,0.012026044126079818,0.0019595084567436793,0.012349373242371625
771.4285714285714,1.7000000000000002,0.00020083515171557203,5.151892672755686e-10,0.0002306564396310355,-2.820772504756742e-07,0.0005141213391790753,0.010588208893754447,0.0018155823216076884,0.010907207097247617
771.4285714285714,1.8000000000000003,0.00018613413168055957,4.66915332995069e-10,0.0001874510249118391,-2.3763970630903472e-07,0.0005030221798525969,0.009333576483528748,0.0016600297457101528,0.009637431130783221
771.4285714285714,1.9000000000000001,0.0001733076218946655,4.6444148375693495e-10,0.00015655398423021567,-2.062115082987535e-07,0.0005376475998448123,0.008410815513346642,0.001555105788127084,0.008710200374601271
771.4285714285714,2.0,0.00016204665195107358,3.573126359598693e-10,0.00012936173622095335,-1.779324635721698e-07,0.00044262959906565683,0.00746428430594807,0.0014418495273105813,0.007750440070138158
771.4285714285714,2.1,0.0001520792993696912,3.2430899995641434e-10,0.0001091228614317818,-1.5383332586919897e-07,0.00042826634531342446,0.006734039865552364,0.0013339530581853627,0.0070063946860179655
771.4285714285714,2.2,0.00014320317540262665,3.216035769586547e-10,9.257909887249131e-05,-1.3745818249773687e-07,0.0004512181589177504,0.006087554273079586,0.0012706431033906015,0.006363252521078732
771.4285714285714,2.3000000000000003,0.000135252842424287,2.8111401883728737e-10,7.995615581677272e-05,-1.205384880649195e-07,0.00041778702148718424,0.0055834066243272825,0.0011838303735428341,0.005843961347797404
771.4285714285714,2.4000000000000004,0.00012810207100411508,3.006776218952512e-10,6.812371047871546e-05,-1.0590141725293458e-07,0.00047198301325500905,0.0050367673800903925,0.0011017225860119402,0.005293333441131551
771.4285714285714,2.5000000000000004,0.00012163253668873031,3.1127841743542596e-10,6.012370269700759e-05,-9.491633954254325e-08,0.0005148013227181604,0.004693421599333568,0.0010429519085401844,0.004946587114164519
771.4285714285714,2.6,0.00011576423940031561,1.904395322750856e-10,5.054294580602826e-05,-8.518099066242859e-08,0.0003310768527687452,0.004155380392614244,0.0009861236418933824,0.004395643043283235
771.4285714285714,2.7,0.00011040137156996119,3.2436834035973975e-10,4.7155225720489444e-05,-7.688245819497491e-08,0.0005914395771390206,0.004073384489438532,0.0009356146484798357,0.004323541547516906
771.4285714285714,2.8000000000000003,0.00010551005599681166,1.745927462744808e-10,3.899710179668786e-05,-6.86669687841545e-08,0.00033326687522710214,0.0035323022931807923,0.0008764312218404043,0.003758256201187893
771.4285714285714,2.9000000000000004,0.00010100871144162902,2.2180972409135913e-10,3.559926353197313e-05,-6.200993634949044e-08,0.0004423789932067829,0.00337401617273797,0.0008285625097743686,0.003598988187357
771.4285714285714,3.0000000000000004,9.68633595217661e-05,2.2494032617382122e-10,3.196789749371545e-05,-5.8089970283422164e-08,0.00046797158245637623,0.003164865390069755,0.0008109855360157917,0.0033986417019894505
771.4285714285714,3.1,9.303768657684034e-05,1.777497050734077e-10,2.802412636813733e-05,-5.322268360691555e-08,0.0003851491833350029,0.002893160685990873,0.0007750807836741456,0.0031177265901340123
771.4285714285714,3.2,8.949225489559595e-05,1.600725940333752e-10,2.499873715915417e-05,-4.643891870999476e-08,0.00036070669532673865,0.0026869474165727002,0.0007043689960616219,0.0028882636833755257
771.4285714285714,3.3000000000000003,8.619681058594311e-05,1.9264429374954897e-10,2.296805299280513e-05,-4.322396332032194e-08,0.0004507926065232949,0.0025664850013669086,0.0006818044740040085,0.002778448113224563
771.4285714285714,3.4000000000000004,8.313104680621831e-05,2.0362949541251781e-10,2.097557850171957e-05,-4.130359637958768e-08,0.0004942203550343245,0.0024334518132554024,0.000676560351507886,0.0026610917506225164
771.4285714285714,3.5000000000000004,8.027503881151071e-05,1.5755663038340938e-10,1.8244843303281908e-05,-3.705978164263212e-08,0.000396136431388465,0.0021947087164451745,0.0006296233697710763,0.0024013582818557884
771.4285714285714,3.6,7.760147924983593e-05,1.309123915482488e-10,1.6605124050097605e-05,-3.403598367824821e-08,0.00034058810326855285,0.0020685289345156424,0.0005990243099386522,0.002261077720205886
771.4285714285714,3.7,7.509397092866213e-05,1.865403985169006e-10,1.600436994842423e-05,-3.162418869683021e-08,0.000501609092239948,0.00206237949368189,0.0005759252904018167,0.0022734116955857747
771.4285714285714,3.8000000000000003,7.274650630697257e-05,1.3095901948908014e-10,1.3681797514941974e-05,-2.962965504312403e-08,0.0003636341363296533,0.0018219568556228608,0.0005577211768287497,0.0020183811312588723
771.4285714285714,3.9000000000000004,7.053585966043243e-05,1.4557506093513065e-10,1.2830838837524367e-05,-2.763032717661447e-08,0.0004169843561465289,0.0017637738894815578,0.0005370482414270228,0.0019650994666244133
771.4285714285714,4.0,6.845352140226753e-05,1.5909016901484423e-10,1.2092250474753735e-05,-2.5810646159437556e-08,0.00046966504561932393,0.0017143408378330104,0.0005175230510616381,0.0019222928965427935
771.4285714285714,4.1,6.649210564885017e-05,1.0865872611576962e-10,1.0548276005492692e-05,-2.397227962796384e-08,0.00033035025277898723,0.0015409398653877405,0.000495395743957718,0.0017246625306172713
771.4285714285714,4.2,6.463617265548774e-05,1.3969092069085055e-10,1.0015812617254509e-05,-2.244103719516064e-08,0.00043696999920792804,0.0015063160535400658,0.000477585353936673,0.001707661082870348
771.4285714285714,4.3,6.288039778829785e-05,1.5112591624390624e-10,9.54382769341184e-06,-2.13712280869824e-08,0.0004860456788398961,0.0014765459186886977,0.0004679624009806508,0.0016894987035740324
771.4285714285714,4.3999999999999995,6.122006119804208e-05,1.0492937753757411e-10,8.280576539637151e-06,-1.949948583701895e-08,0.00034673037744371784,0.0013168772512406376,0.00043899476319935886,0.0014966029713021026
771.4285714285714,4.5,5.964253037318267e-05,1.1746482402227044e-10,7.911106761335542e-06,-1.8138923467537523e-08,0.000398491023901223,0.0012922409103355412,0.0004195699192677384,0.001476739483044774
771.4285714285714,4.6,5.814411061593662e-05,1.2666374654732565e-10,7.22724033535584e-06,-1.7965836873754968e-08,0.00044086083671989156,0.0012117595095538496,0.00042663472690303826,0.00142364102453772
771.4285714285714,4.7,5.671796326204413e-05,1.38313375589234e-10,7.208087896509408e-06,-1.6898340845618527e-08,0.0004936191702556589,0.0012396935511012454,0.00041170988709983197,0.0014558537179804206
771.4285714285714,4.8,5.536389678711673e-05,1.0979237788256185e-10,6.201981010652462e-06,-1.557138569751403e-08,0.00040151982598219586,0.001093477384228085,0.00038900316896287236,0.0012882382898366986
771.4285714285714,4.9,5.407185012229586e-05,1.0949181324327738e-10,5.775472559250429e-06,-1.479698391876802e-08,0.0004100751904008551,0.001043183896801569,0.0003787965764013309,0.0012423236280917878
771.4285714285714,5.0,5.283755818306749e-05,nan,nan,nan,nan,nan,nan,nan
785.7142857142858,0.1,0.008162552917569291,nan,nan,nan,nan,nan,nan,nan
785.7142857142858,0.2,0.004405607390190138,6.515654537381327e-09,0.19622272338166066,-1.9977822660973657e-05,0.00029407304672148747,0.24039381473326293,0.0034394427579306735,0.24044319947533827
785.7142857142858,0.30000000000000004,0.002610889096627591,8.991429268405892e-09,0.0885291899323061,-2.2435850114414127e-05,0.0006820895899630666,0.20094661664457886,0.007088229022511768,0.20119764901326068
785.7142857142858,0.4,0.0017014627023881049,1.054084351179188e-08,0.04155167866334578,-1.513855021780288e-05,0.001226508512334154,0.15914762031453913,0.008038870174829288,0.15955787740593397
785.7142857142858,0.5,0.0012075530947820768,5.25737831299984e-09,0.019987719016469993,-9.103642200068239e-06,0.0008629929762121642,0.11747374178943819,0.007414953316967533,0.11794400295171521
785.7142857142858,0.6,0.0009135206773407486,4.216933608874716e-09,0.010420180490987783,-5.6253475597080115e-06,0.0009161952699080917,0.08629169629073975,0.006463763116577307,0.08677935658761432
785.7142857142858,0.7000000000000001,0.0007236900648092984,2.8865677083780777e-09,0.0059281676917277756,-3.6222297112481096e-06,0.0007927604754863827,0.06489363447124838,0.0055089053446021885,0.06536442717756397
785.7142857142858,0.8,0.0005931411291951259,1.7497882132047875e-09,0.00363483212116075,-2.4493466215047724e-06,0.0005870091166573539,0.050226364819842814,0.004708781403815712,0.05066929590330642
785.7142857142858,0.9,0.0004989405147925609,1.386997691798073e-09,0.00235245315153605,-1.7670367479888038e-06,0.0005537256162109406,0.03966093456928634,0.004149568907237897,0.04009656079016119
785.7142857142858,1.0,0.00042826443190535645,1.5016420737971303e-09,0.0016038378406980944,-1.3134477247835469e-06,0.0006990575217726121,0.03214487084427098,0.0036705378714556474,0.0325688056204889
785.7142857142858,1.1,0.00037362672742513294,1.1414161729417263e-09,0.0011333934607590463,-9.96474800893499e-07,0.0006096338415010221,0.026464804833699538,0.0032472135130179034,0.02686719820719611
785.7142857142858,1.2000000000000002,0.0003303229575524999,1.0450210330172898e-09,0.000826112300911588,-7.779484293133548e-07,0.0006318132746628625,0.02211063182242828,0.002908532317014402,0.02249885215025986
785.7142857142858,1.3000000000000003,0.0002952803106889827,1.0141313859441944e-09,0.0006205077166566009,-6.219778227327624e-07,0.0006864086336417036,0.018784880144395673,0.002632307702646726,0.019162488526662583
785.7142857142858,1.4000000000000001,0.00026644274099203155,7.03547505114092e-10,0.00047310730353236163,-5.00392829739507e-07,0.0005281446141097569,0.016022311221105538,0.002370814810726616,0.016377878963189922
785.7142857142858,1.5000000000000002,0.00024233624433040398,7.721372927165967e-10,0.00037197039665032094,-4.1231618848622075e-07,0.0006376593197134195,0.013960612898117777,0.0021666454770067453,0.014307132037734795
785.7142857142858,1.6,0.00022194945163527962,5.898916102796172e-10,0.00029428901950273107,-3.4275193621840655e-07,0.0005322657951443064,0.012143830169353213,0.001981399913963153,0.012474285923325643
785.7142857142858,1.7000000000000002,0.00020450554913518257,5.519893644975164e-10,0.00023710409977029074,-2.866103633280618e-07,0.0005408404113108054,0.010682797277639332,0.001810282146626361,0.010998586678588912
785.7142857142858,1.8000000000000003,0.00018943268763278842,4.84764891421866e-10,0.00019340442491703664,-2.4576337345731346e-07,0.0005130504621175133,0.009457172469642483,0.0016855965128014319,0.009766463183014586
785.7142857142858,1.9000000000000001,0.00017629387037956465,3.752744678643448e-10,0.000158979509028807,-2.1086790415486865e-07,0.00042700731977258425,0.008392401069502098,0.0015622029216794257,0.00868882540390396
785.7142857142858,2.0,0.00016474484821662894,4.6398850448584183e-10,0.0001347044100507194,-1.8401471884459781e-07,0.0005651952436552726,0.007640901510682012,0.0014656723820779302,0.007937204332922592
785.7142857142858,2.1,0.00015454287015420043,3.45103804036881e-10,0.0001117312006681636,-1.5983123890739674e-07,0.00044837503850300606,0.006782075547591282,0.001362859178648525,0.0070648679527674976
785.7142857142858,2.2,0.00014545820409845355,3.317559984175186e-10,9.457298506756897e-05,-1.38210500369949e-07,0.00045814640690426694,0.006119530779595691,0.0012569869236443152,0.00638894258426259
785.7142857142858,2.3000000000000003,0.00013731926789338237,3.672338847340681e-10,8.302370299082374e-05,-1.2261389074723625e-07,0.0005373967254907225,0.005707736012925683,0.001185286162880201,0.005973010313874191
785.7142857142858,2.4000000000000004,0.00013001056871821942,2.9457067837605294e-10,6.975951367606431e-05,-1.1044908042678826e-07,0.0004554995996716021,0.0050800965331556465,0.001131390202144868,0.005345554063939473
785.7142857142858,2.5000000000000004,0.00012339946467981712,2.0973491726796e-10,6.019381467998855e-05,-9.914030617381248e-08,0.0003418522425281313,0.0046299170347028195,0.001073116272662051,0.0048842759722662115
785.7142857142858,2.6,0.00011739029878821471,2.8653770232061366e-10,5.4512811182102645e-05,-8.548938216226285e-08,0.0004910952173852433,0.004417588951746776,0.000975389132607961,0.004653926791340111
785.7142857142858,2.7,0.00011192626100843333,1.8801003234822057e-10,4.52610970807802e-05,-7.771982925747055e-08,0.0003380875556654652,0.0038556079631789945,0.0009324247837076691,0.004088868781896738
785.7142857142858,2.8000000000000003,0.00010691483419945975,2.789380985713402e-10,4.2353698530633794e-05,-7.232978727514517e-08,0.0005252626013896384,0.003784071597588931,0.000910465280674787,0.004031500057140802
785.7142857142858,2.9000000000000004,0.00010232694437579251,1.880097308688618e-10,3.570494337290795e-05,-6.32683646284589e-08,0.0003700619247002716,0.0033395686987922556,0.0008339755011034883,0.0035609963767108074
785.7142857142858,3.0000000000000004,9.809610398585436e-05,1.9335452686088282e-10,3.201886511127675e-05,-5.787282221306959e-08,0.00039710958247627916,0.0031290746837595845,0.0007973826415219092,0.003349692903989938
785.7142857142858,3.1,9.418545224702896e-05,2.381498958566852e-10,2.9151488483430015e-05,-5.358082566604237e-08,0.0005095522353715055,0.002971727448791822,0.0007703063257991248,0.0032058620028951874
785.7142857142858,3.2,9.056631539303787e-05,2.4819428134577797e-10,2.662349481866117e-05,-4.9314903926042567e-08,0.0005524193083664955,0.0028267098775332368,0.0007386089172777797,0.0030637464140108907
785.7142857142858,3.3000000000000003,8.721341348723339e-05,1.4272772113120514e-10,2.255432659466384e-05,-4.4564189275061574e-08,0.00033002933033186025,0.002490365926534941,0.000694322324375478,0.0026972224207836223
785.7142857142858,3.4000000000000004,8.408605484737555e-05,1.671110532339256e-10,2.1135485610016747e-05,-4.115835615472059e-08,0.0004008725190530176,0.0024234214399956534,0.0006661933104621668,0.002630835856941972
785.7142857142858,3.5000000000000004,8.117005106361788e-05,1.8188211079362328e-10,1.8913480808623774e-05,-3.8990469655060415e-08,0.00045210489131308523,0.0022493005341912642,0.000654723026457345,0.002474080881581937
785.7142857142858,3.6,7.844318208794644e-05,1.8576889275020228e-10,1.783819282027114e-05,-3.500092747551228e-08,0.00047794606832770404,0.002197632327013109,0.0006090133499214878,0.0024082804674140736
785.7142857142858,3.7,7.589469504047772e-05,1.258799163367381e-10,1.5165108517914413e-05,-3.231466638177892e-08,0.0003348462920066833,0.0019332602419050366,0.0005819740464880983,0.002127675911357932
785.7142857142858,3.8000000000000003,7.349785907818814e-05,1.663888896308071e-10,1.4672436259545383e-05,-3.038073079487735e-08,0.000457127998380236,0.0019332624304926691,0.0005656988617257517,0.0021416115512326614
785.7142857142858,3.9000000000000004,7.124774747849401e-05,1.4581513286941506e-10,1.3116502821184237e-05,-2.822323461012907e-08,0.0004133690942529338,0.0017846101894247975,0.0005427731107311116,0.001986180464043426
785.7142857142858,4.0,6.912880090701172e-05,1.2165633196663427e-10,1.1662745512888032e-05,-2.6301532815512783e-08,0.0003555522129447982,0.0016369283136155864,0.0005219326971367433,0.0018305133598876522
785.7142857142858,4.1,6.712648179065832e-05,1.689866413186698e-10,1.1681774328344429e-05,-2.4589595767202177e-08,0.0005086937702845412,0.001689856351487727,0.0005030580434556615,0.0019027660473007685
785.7142857142858,4.2,6.524098041758836e-05,1.2377072839195458e-10,9.951102320633586e-06,-2.288029733316778e-08,0.0003834663828639091,0.0014824406188406014,0.0004821295480738213,0.0016761785279101296
785.7142857142858,4.3,6.345499006772474e-05,1.1422016732633332e-10,9.12614943643662e-06,-2.1449470166036854e-08,0.0003639217104643906,0.0013988369546292557,0.00046518313272013537,0.001588072583642957
785.7142857142858,4.3999999999999995,6.176026121222548e-05,1.5634149333170625e-10,9.244267387739764e-06,-2.0498490750716123e-08,0.0005118757462873232,0.0014568227617518293,0.00045717776408417794,0.0016740287795439623
785.7142857142858,4.5,6.0157975030603626e-05,1.199091219644815e-10,7.901407827281917e-06,-1.914863920924643e-08,0.0004031647393768997,0.00127936761797857,0.0004388602567187034,0.0014780121646533956
785.7142857142858,4.6,5.8634702927254586e-05,1.0633508355407212e-10,7.277353628421606e-06,-1.723615831374798e-08,0.0003669000765269351,0.0012097072125049862,0.00040566620890908524,0.001388213727148451
785.7142857142858,4.7,5.718420436018976e-05,1.1949157007771373e-10,7.0780763234037745e-06,-1.667495568311302e-08,0.0004228193490721879,0.0012071479806395923,0.00040274852082797767,0.0014001411325899693
785.7142857142858,4.8,5.5804486556358974e-05,1.2946123676899014e-10,6.589181874224759e-06,-1.685215525158046e-08,0.0004695211959901334,0.0011522730705005643,0.0004174179079337384,0.0013771923620948387
785.7142857142858,4.9,5.4490660571270435e-05,1.1245158490981033e-10,6.129266336463064e-06,-1.4883903451414238e-08,0.00041777338241711097,0.0010983465156108724,0.00037785949112982076,0.001290912567715007
785.7142857142858,5.0,5.3238127249546526e-05,nan,nan,nan,nan,nan,nan,nan
800.0,0.1,0.008297782131342869,nan,nan,nan,nan,nan,nan,nan
800.0,0.2,0.004521752097367395,7.526447315818831e-09,0.19445192069376147,-1.916036893636533e-05,0.00033107703415554367,0.2343420417839923,0.0032460343931121163,0.23438723437520112
800.0,0.30000000000000004,0.0026902412703295356,8.252789487485985e-09,0.08951852709441772,-2.2397674129076464e-05,0.0006077495447605842,0.19797309796469434,0.006896678669278871,0.19821413983513433
800.0,0.4,0.0017539157142358534,4.570185930861844e-09,0.042568108411186176,-1.535306332847624e-05,0.00051606832013674,0.15823156413763545,0.007914381051276507,0.1586277689145356
800.0,0.5,0.0012432712422540332,5.980473344036895e-09,0.02066912157015056,-9.383899070828465e-06,0.0009533630144104617,0.11784558061933834,0.007417451220045542,0.1183153706741002
800.0,0.6,0.0009393179859737189,3.046903452492645e-09,0.010772914153923343,-5.807830191566223e-06,0.0006438781565165255,0.08664974936918997,0.006480890601904599,0.08713551245509253
800.0,0.7000000000000001,0.0007430938712326379,3.2417702566276434e-09,0.0061467704059945585,-3.7204477312399873e-06,0.0008669039325967233,0.0654386533397705,0.005503490821978627,0.06590558167413603
800.0,0.8,0.0006083374605515026,2.7639442883900035e-09,0.003761212079260325,-2.55130331076268e-06,0.0009038170087215398,0.05061557126048232,0.0047758301445878105,0.05107220424409079
800.0,0.9,0.0005111931706629705,1.8865529739865023e-09,0.0024337885029836123,-1.8252920152947565e-06,0.0007349907328279797,0.04000721081317604,0.004178126828987535,0.04044787529679975
800.0,1.0,0.0004383867658042745,1.3809429432315126e-09,0.0016521255226209224,-1.3504100125708063e-06,0.0006279652169548488,0.03231900614944186,0.0036827865472667727,0.03274199646183513
800.0,1.1,0.00038210161617178783,1.097190434799318e-09,0.001173516006866803,-1.0315202342559947e-06,0.0005729687150822248,0.026768965178815187,0.003283489601152196,0.027174775027860528
800.0,1.2000000000000002,0.0003375516266079692,8.562918498614731e-10,0.0008517864349877734,-7.927420833580275e-07,0.0005065977123746119,0.022292144260515814,0.0028978696764106744,0.02267138359908262
800.0,1.3000000000000003,0.0003015195013940283,8.102529085460144e-10,0.0006372110136350166,-6.357622785280754e-07,0.000537008189280095,0.018877438691032304,0.0026328990656392277,0.019248646298083538
800.0,1.4000000000000001,0.00027185948631643753,8.118006154959086e-10,0.0004921576722527876,-5.17322703846736e-07,0.0005971469769800351,0.01632258178915041,0.0024000477860093906,0.016682437457574303
800.0,1.5000000000000002,0.00024712104796137467,5.782105267713329e-10,0.00037939435602667935,-4.2042818644428826e-07,0.00046821817288019454,0.013955531262391706,0.002164819674266058,0.014295068013730691
800.0,1.6,0.0002261765531665786,6.98320567504494e-10,0.00030565390737243584,-3.52023583736487e-07,0.0006181599203675273,0.01236859061152128,0.0019954096663673134,0.012701475303122286
800.0,1.7000000000000002,0.00020828859744550688,5.387523244842921e-10,0.0002429533471076368,-2.9831226050760447e-07,0.0005181856318295032,0.010741756548420923,0.0018484816894526865,0.011067412489243457
800.0,1.8000000000000003,0.00019283017519551154,4.757941653350497e-10,0.0001984952545042368,-2.532894918225574e-07,0.0004945929809553111,0.009529818575698451,0.0017053417419040902,0.009842684858101395
800.0,1.9000000000000001,0.00017935670549055856,5.047359068906336e-10,0.00016545002281064358,-2.1615905784669923e-07,0.0005643539886187478,0.00858008984552822,0.001572897113900578,0.00888169172194351
800.0,2.0,0.00016753773601371202,3.4841824889981694e-10,0.0001358103749606802,-1.875903858380779e-07,0.0004172831183026998,0.007572082381265046,0.0014682364920004,0.007862696330290788
800.0,2.1,0.00015707687028647228,4.34787894900655e-10,0.00011649335408474127,-1.653256231359203e-07,0.0005556195631113598,0.006953260611997704,0.0013860156361709748,0.007245593483262197
800.0,2.2,0.00014778093810007996,3.268079965694806e-10,9.756331395521625e-05,-1.4252339653881957e-07,0.0004441322916425802,0.006211182701646849,0.001274923974948704,0.006482816234439686
800.0,2.3000000000000003,0.0001394606390532398,2.918967214750923e-10,8.388428908988364e-05,-1.2598924561502643e-07,0.00042051457477551617,0.005676259074297909,0.0011985362988447452,0.005938832217317215
800.0,2.4000000000000004,0.00013197918289729847,2.6948338031282145e-10,7.11468973887177e-05,-1.1353260368182123e-07,0.00041041389298605965,0.00510157546041052,0.0011449076928102635,0.005368066597195961
800.0,2.5000000000000004,0.00012520919571524432,3.630570378002772e-10,6.35626725029888e-05,-9.97451453487208e-08,0.0005829845966887291,0.0048161135042373345,0.0010633589111527428,0.005079004299420255
800.0,2.6,0.00011907483525822006,2.605808594709604e-10,5.4904504006645475e-05,-8.962878259924981e-08,0.0004401841247510443,0.004385021698526958,0.0010074598744687908,0.0046316442175068275
800.0,2.7,0.00011348951984126225,2.688787104845143e-10,4.7233412036897745e-05,-7.953313247605405e-08,0.00047671206322917495,0.003966699759396652,0.0009404549384452221,0.004210804240868683
800.0,2.8000000000000003,0.00010837653854467342,2.174079730998956e-10,4.199893947017977e-05,-7.371500227575126e-08,0.0004037852154164177,0.0037006887974258486,0.000914857912467132,0.003941074736108096
800.0,2.9000000000000004,0.00010368354664278639,2.3009299194690286e-10,3.777538165658766e-05,-6.741238290653666e-08,0.00044684600185094007,0.003485568201739202,0.0008764207777605246,0.0037262694209794266
800.0,3.0000000000000004,9.936830855746524e-05,1.8695903302417557e-10,3.2874946463609096e-05,-5.835415858926467e-08,0.0003789770508883905,0.0031707004175764585,0.0007932760387636713,0.0033846031511054224
800.0,3.1,9.538181993678017e-05,1.6647540842561706e-10,2.956964685368781e-05,-5.2862859977743716e-08,0.0003516593809158925,0.002975762321302624,0.0007500930720641076,0.0031786954787440197
800.0,3.2,9.169102778463199e-05,1.5222231781164278e-10,2.589088623931786e-05,-5.030139272950967e-08,0.0003345917915600195,0.0027144466583336898,0.0007437897137858123,0.0029302932625567425
800.0,3.3000000000000003,8.825914449487698e-05,2.342758966540184e-10,2.479059799891629e-05,-4.748653303356418e-08,0.0005350863990085615,0.0027037103409011365,0.0007306433822426882,0.0029434752531539584
800.0,3.4000000000000004,8.507516718511114e-05,1.5147992068542213e-10,2.109922385008897e-05,-4.232717805408345e-08,0.0003590707932220866,0.0023905991804977988,0.0006767272402342413,0.002599964575084051
800.0,3.5000000000000004,8.210218211384619e-05,1.623944938094402e-10,1.9359990240432606e-05,-3.801305180154288e-08,0.0003989737433437774,0.0022756335228008543,0.0006307478655248657,0.002476564902783919
800.0,3.6,7.932279694498556e-05,1.6018978106763648e-10,1.7769715501260123e-05,-3.6819628141456403e-08,0.0004074499887232904,0.0021643414393809806,0.0006332139204025257,0.0023774585374965883
800.0,3.7,7.672110893113753e-05,1.6747306961989003e-10,1.6374784836537922e-05,-3.381419182238896e-08,0.0004405443169358732,0.0020643226748414682,0.000602055536216234,0.002276060003257024
800.0,3.8000000000000003,7.428316876565489e-05,1.3758307184995041e-10,1.4416488676486323e-05,-3.063594791368301e-08,0.0003738943460019015,0.0018790772027847142,0.0005641232315478794,0.0020753790392941383
800.0,3.9000000000000004,7.19893934869371e-05,1.4039177376065464e-10,1.3329002638693318e-05,-2.9004970757654134e-08,0.0003937809802993988,0.0017943503030603129,0.0005517652788596972,0.001995907391751539
800.0,4.0,6.982890823460625e-05,1.6042701738342144e-10,1.2692201984794089e-05,-2.684101069182108e-08,0.00046399366444433495,0.001763065553135569,0.0005269992289099397,0.0019695549344562733
800.0,4.1,6.779534500212334e-05,1.0211488477476757e-10,1.0926574237344112e-05,-2.5097479917716844e-08,0.00030429667519947626,0.001564763722301626,0.0005081157965590945,0.0017485552031876093
800.0,4.2,6.587104751201387e-05,1.4409186474369036e-10,1.0614256347708457e-05,-2.3583463206885857e-08,0.0004420001905672765,0.0015656320278886436,0.000491941857601006,0.00176934490637978
800.0,4.3,6.405289258538149e-05,1.3719271430299783e-10,9.762999487032706e-06,-2.1854587954328934e-08,0.0004328855186944111,0.0014821381860144376,0.00046927093631800505,0.0016806409188410982
800.0,4.3999999999999995,6.233236765361943e-05,1.0017780173176043e-10,8.60482155477099e-06,-2.077693889291574e-08,0.00032490227728469863,0.001343393125189608,0.0004589037552515113,0.0015269092611413957
800.0,4.5,6.069789093740509e-05,1.2370721168326031e-10,8.358205484181674e-06,-1.9780913900947186e-08,0.00041209780457912007,0.0013409093539697016,0.00044908200254576997,0.0015398739513750503
800.0,4.6,5.9146996276032564e-05,1.324805201418397e-10,7.872987838508821e-06,-1.8172547831123026e-08,0.0004529821559856038,0.0012970776606765248,0.00042375920320575437,0.0014989152798175764
800.0,4.7,5.767483149304513e-05,9.790585708352679e-11,6.883027610862117e-06,-1.702439728889327e-08,0.0003433984062242638,0.0011637154960058803,0.00040747301761913813,0.0013432143318238045
800.0,4.8,5.6271496986166315e-05,9.957000196507468e-11,6.425784400032645e-06,-1.5990865548653463e-08,0.0003580131821453159,0.0011141401255428923,0.00039260842353982265,0.0012952854536369181
800.0,4.9,5.493242032328783e-05,1.290619539333861e-10,6.676384484250942e-06,-1.532096290120726e-08,0.0004754319026047852,0.0011864593696329518,0.00038561560725898714,0.0013896474815317957
800.0,5.0,5.366010750525185e-05,nan,nan,nan,nan,nan,nan,nan
814.2857142857143,0.1,0.008432429330219244,nan,nan,nan,nan,nan,nan,nan
814.2857142857143,0.2,0.004639432814200942,6.397844326132281e-09,0.19248413886013885,-1.836993137637328e-05,0.000274394175237682,0.22826653070229086,0.003063430535154693,0.22830780438765283
814.2857142857143,0.30000000000000004,0.0027712776867840285,8.012941776946882e-09,0.09041788577227848,-2.2528149439616747e-05,0.0005729934250543893,0.19488995615049412,0.006763395401645094,0.19512537088888432
814.2857142857143,0.4,0.0018073014170899003,5.700797015962369e-09,0.04368847470943067,-1.5615678044597294e-05,0.0006248772028182115,0.15764740905531424,0.00781657569401534,0.15803573571990837
814.2857142857143,0.5,0.0012802098944900788,2.9320458690074673e-09,0.02126187397475526,-9.521315123220689e-06,0.0004540907645614687,0.11764431640291044,0.00730556959190583,0.1180979850567101
814.2857142857143,0.6,0.00096573711163781,3.3764300273482587e-09,0.011189493463709487,-5.917137632743946e-06,0.0006940329468143026,0.08740358523917192,0.006414777838398502,0.08787586212279498
814.2857142857143,0.7000000000000001,0.0007631592634226362,2.610140603440497e-09,0.00635164469633537,-3.808250490706281e-06,0.0006796513798425502,0.06576991419086617,0.005479562443778423,0.06622835305080865
814.2857142857143,0.8,0.000624097862170816,1.2009119263946715e-09,0.003879437642540189,-2.642178854375927e-06,0.000382882025897494,0.05083391932034722,0.004815956470928262,0.05128957813799093
814.2857142857143,0.9,0.0005238308373443977,1.4208426649107158e-09,0.0025227112275668638,-1.865465303228738e-06,0.000540220426820104,0.04042172518893193,0.004163312755833835,0.04085185493419932
814.2857142857143,1.0,0.000448790924793648,1.4590612094014144e-09,0.001704940909080961,-1.3710322976531677e-06,0.0006480353129829775,0.032547547557992114,0.003648973738751148,0.03296047360853334
814.2857142857143,1.1,0.0003908004213337079,1.6327812217920445e-09,0.0012145131228417914,-1.0604964230665216e-06,0.0008334007404380465,0.02706189131164404,0.003297102197685244,0.027473301293462343
814.2857142857143,1.2000000000000002,0.00034495504910218573,1.1723790160767014e-09,0.000881437296484824,-8.277336345239413e-07,0.0006785665407182743,0.02255466597187103,0.002957430366564513,0.02294920910181907
814.2857142857143,1.3000000000000003,0.0003079240498355118,9.399553153997603e-10,0.0006548854667004803,-6.472867753405553e-07,0.0006099051113880345,0.018984660998728684,0.0026225222336865362,0.0193531543479069
814.2857142857143,1.4000000000000001,0.0002774419052358427,8.941843396928257e-10,0.0005064093104492476,-5.298957524586439e-07,0.0006443580910031841,0.016445916151069186,0.0024068196204935556,0.016806811618169135
814.2857142857143,1.5000000000000002,0.00025202385374066604,8.19952336040886e-10,0.00039403668539197116,-4.367806710063885e-07,0.0006508794976327093,0.014202493493440214,0.002203239341201328,0.014554827128512545
814.2857142857143,1.6,0.0002305461690994091,5.497948199454322e-10,0.00031131107516554137,-3.651023440332084e-07,0.000477402820857157,0.012352444839839735,0.0020287318405774616,0.012690244786314852
814.2857142857143,1.7000000000000002,0.00021218159520980758,4.932052500197283e-10,0.00025077422880969634,-3.094551478723848e-07,0.0004656135889941917,0.010877397346887389,0.001880962290193925,0.011207613810735628
814.2857142857143,1.8000000000000003,0.00019632476360830303,4.603203759010263e-10,0.0002054615922690865,-2.5841700764524355e-07,0.0004699183907629612,0.009683290017021682,0.0017077216689688512,0.009990973698547132
814.2857142857143,1.9000000000000001,0.00018252254792948934,3.836512245781748e-10,0.00016813973252010464,-2.2170136403344642e-07,0.00042147582939092436,0.008564366992213388,0.0015842679918054627,0.008862608757684928
814.2857142857143,2.0,0.0001704017295758767,4.325117191073376e-10,0.00014186914199291965,-1.929596145420513e-07,0.000509176035414177,0.007772691297719855,0.0014838860365228598,0.008067082854629986
814.2857142857143,2.1,0.00015969960264219325,3.03260832856898e-10,0.0001172891902700534,-1.6724928805477508e-07,0.0003811328711453253,0.006883098578986356,0.0013782639396531108,0.0071639047514751135
814.2857142857143,2.2,0.00015017036761121033,4.0025935370973984e-10,0.000102044839235451,-1.4801761641778837e-07,0.000535146677969286,0.006389799194684432,0.001302181525248725,0.006671376856746256
814.2857142857143,2.3000000000000003,0.00014166158097258193,2.923138496713341e-10,8.49999350651092e-05,-1.3001318915127446e-07,0.0004145010045976187,0.005660233534566103,0.0012167932600487472,0.005930533401308792
814.2857142857143,2.4000000000000004,0.00013400279368460462,3.449135509514543e-10,7.490136270646754e-05,-1.1350902091138561e-07,0.0005172092451274097,0.005287344825056303,0.0011266904485057246,0.0055463847176158805
814.2857142857143,2.5000000000000004,0.00012709302002369198,2.2181385091834664e-10,6.293051326850255e-05,-1.0139151974066344e-07,0.0003508556167282238,0.004696209051926099,0.0010642794946708028,0.004943972169089936
814.2857142857143,2.6,0.00012081255149546438,3.0771758881885507e-10,5.755689130757477e-05,-9.374137613188423e-08,0.0005121763066164048,0.004528721663616566,0.001037932561004422,0.004788136639440818
814.2857142857143,2.7,0.0001151076518803125,2.0083955932021313e-10,4.79859598828485e-05,-8.346330845359425e-08,0.0003510216529170585,0.003971934976031859,0.0009724354872947663,0.00421790768136789
814.2857142857143,2.8000000000000003,0.00010988261186398911,2.4084554781879465e-10,4.295348155730995e-05,-7.407957603014234e-08,0.0004410723843097839,0.0037315921970133186,0.0009063191892801015,0.003970157946319779
814.2857142857143,2.9000000000000004,0.00010508710666323882,2.2941721273487425e-10,3.870665712864013e-05,-6.794290500137942e-08,0.0004394682178233015,0.0035225461492079018,0.0008709904569175148,0.0037574875169265657
814.2857142857143,3.0000000000000004,0.00010067866803377493,2.564398692389176e-10,3.419327953684285e-05,-6.214933985793207e-08,0.0005128769949257916,0.0032538034990741847,0.0008333664902675269,0.0034984681557380442
814.2857142857143,3.1,9.661216219967947e-05,1.867697207334729e-10,3.0114958978733036e-05,-5.655993973498515e-08,0.0003894158951214828,0.0029911956094443265,0.0007918349204977104,0.0032175924222889872
814.2857142857143,3.2,9.284680595537134e-05,1.8765835124869008e-10,2.7123719893777603e-05,-4.941355954266267e-08,0.0004072444025579018,0.0028074850284085244,0.0007211928042411662,0.003014640660166851
814.2857142857143,3.3000000000000003,8.935268691000099e-05,1.438285617367875e-10,2.3662592774373398e-05,-4.7612029056290795e-08,0.00032442750875335337,0.002548562929105746,0.0007232725076717723,0.0027652617331376784
814.2857142857143,3.4000000000000004,8.609519379237437e-05,1.848868597385656e-10,2.297542227572475e-05,-4.4591981956246335e-08,0.00043294014886892856,0.002571318565816198,0.0007040886600840896,0.0027911642771309138
814.2857142857143,3.5000000000000004,8.3067454897505e-05,1.5229545532080479e-10,1.9538759144367524e-05,-3.85005904241618e-08,0.00036972754106825393,0.0022694366878930373,0.0006310841106471004,0.002466490552262826
814.2857142857143,3.6,8.02351035940793e-05,1.625259179230216e-10,1.7894870861719663e-05,-3.6371810598752915e-08,0.0004085774598966715,0.0021542577515827025,0.0006180986850845369,0.0023604774877122306
814.2857142857143,3.7,7.75817009992708e-05,1.5975577070605265e-10,1.6825822658790142e-05,-3.4716861254729004e-08,0.0004154604855118595,0.0020970649884013803,0.0006109283379425354,0.0023058091527277556
814.2857142857143,3.8000000000000003,7.50965566310502e-05,1.5985788303518635e-10,1.4827861495073055e-05,-3.1486155794454556e-08,0.00042958854807492904,0.0019112575909121183,0.0005731797643876522,0.002120028769631037
814.2857142857143,3.9000000000000004,7.275969087778033e-05,1.630312459036846e-10,1.3893064531958777e-05,-2.931766001412952e-08,0.0004522866830458593,0.0018500268394748755,0.0005515005911192062,0.002058025353208189
814.2857142857143,4.0,7.056175576983005e-05,1.2825863832040446e-10,1.212273241116095e-05,-2.8369790860378634e-08,0.0003670071029380826,0.0016661330284545018,0.0005509308951836195,0.001875564764184277
814.2857142857143,4.1,6.848504798599138e-05,1.5850229016996011e-10,1.2218090729559644e-05,-2.5843588287578334e-08,0.0004674001210307142,0.001731545735541874,0.0005176529560744482,0.0019371738882397742
814.2857142857143,4.2,6.65305211094483e-05,1.2370275660401386e-10,1.0279938325607507e-05,-2.3710942145859984e-08,0.00037559131632278723,0.0015010485686905368,0.0004894407551960617,0.0016950870621176882
814.2857142857143,4.3,6.46787936161613e-05,1.1985505035045428e-10,9.78524214720951e-06,-2.27303654399805e-08,0.00037441498224135173,0.0014707899448302782,0.00048310398873328586,0.0016643883466909597
814.2857142857143,4.3999999999999995,6.29249185443464e-05,1.4309505001769993e-10,9.20097414063291e-06,-2.0912452365995602e-08,0.00045955311710764994,0.001422564278987087,0.0004572986136871102,0.0016288407655304167
814.2857142857143,4.5,6.126305321393783e-05,1.2954617572392247e-10,8.513858212656515e-06,-1.975164012201879e-08,0.00042742127804319663,0.0013530185512526912,0.0004440299961080174,0.0015516679489650427
814.2857142857143,4.6,5.9686326465655816e-05,1.1161199741761579e-10,7.583969568658782e-06,-1.9421134885720997e-08,0.0003780672278477359,0.0012379352922836976,0.0004485431062138182,0.0014414577527343203
814.2857142857143,4.7,5.81854394130604e-05,1.203870927949127e-10,7.427546407297209e-06,-1.7894092873526567e-08,0.00041840150986470004,0.0012444301479286222,0.000424293012476225,0.0014435079970000213
814.2857142857143,4.8,5.675882782453796e-05,1.201710392246485e-10,6.830301356182642e-06,-1.5561480451047268e-08,0.00042822436265284975,0.0011738849830958745,0.0003785840106030316,0.0013594240561634891
814.2857142857143,4.9,5.540051924957734e-05,1.0125377867802681e-10,6.270948367331584e-06,-1.552559919157377e-08,0.00036973164884096445,0.001104841063088433,0.00038727366452499866,0.0012873760325989758
814.2857142857143,5.0,5.410492015829004e-05,nan,nan,nan,nan,nan,nan,nan
828.5714285714286,0.1,0.008566461294928466,nan,nan,nan,nan,nan,nan,nan
828.5714285714286,0.2,0.004758419213550026,6.347203842350595e-09,0.19035722653071294,-1.753538815424776e-05,0.0002655107852241744,0.22221220639076328,0.002879418802756355,0.22224967327380163
828.5714285714286,0.30000000000000004,0.0028539493974787146,9.260542346207622e-09,0.09123709664989849,-2.2443417492087686e-05,0.0006431511033188291,0.1917382486816056,0.006571836488336179,0.19196444389649295
828.5714285714286,0.4,0.0018618505479063884,9.416745683337445e-09,0.04479952251000228,-1.595431296107129e-05,0.0010018054167894982,0.15697378008727086,0.007756266879408312,0.1573597489855306
828.5714285714286,0.5,0.0013177469234340851,4.8596605928740974e-09,0.02192020056926394,-9.760030741878777e-06,0.0007312432519591823,0.11773340558356173,0.007268281841552916,0.11818352401605511
828.5714285714286,0.6,0.0009928453046544213,5.057075349525605e-09,0.011581365149368123,-5.995559772023443e-06,0.0010108430916324082,0.08788762806735884,0.006315150572464198,0.08834601985696974
828.5714285714286,0.7000000000000001,0.0007837573373684386,2.985745958616191e-09,0.006543397777428465,-3.954353664953273e-06,0.0007569721680643811,0.06590551163160327,0.005532964342967523,0.0663727117053968
828.5714285714286,0.8,0.0006401033478567405,3.1417045715628857e-09,0.00403091135715805,-2.709664681009234e-06,0.0009762682915623672,0.05143060440993548,0.004808843564451079,0.051887475585184424
828.5714285714286,0.9,0.000536758471916623,2.285440751413368e-09,0.002607925540027138,-1.9163785839355935e-06,0.0008477948576213117,0.04074225746138122,0.0041685324716460035,0.041175279296009844
828.5714285714286,1.0,0.00045949285137677684,1.4579834287639177e-09,0.0017605216316205793,-1.4204506127500786e-06,0.0006324176236983061,0.032799140092455756,0.0036884592478491334,0.03321736001101518
828.5714285714286,1.1,0.00039983244715313654,6.897893718188018e-10,0.001242568969059515,-1.0806638463513431e-06,0.00034418468334149806,0.027042182818218175,0.0032812554228680226,0.027439595277087867
828.5714285714286,1.2000000000000002,0.0003525977326200914,1.1799777701136251e-09,0.0009157407805336787,-8.4915996255377e-07,0.0006680286549271513,0.022903113217896207,0.00296594156609064,0.023293614492012702
828.5714285714286,1.3000000000000003,0.00031452042589238304,7.826780933758806e-10,0.0006763691590510461,-6.7390596905177e-07,0.0004971736405951549,0.019182459116372265,0.0026706600464750916,0.019557064440960274
828.5714285714286,1.4000000000000001,0.00028320681075518514,7.128350225834904e-10,0.0005200801113407074,-5.379442840668466e-07,0.0005031749713924831,0.016535654556141904,0.00239199492469885,0.01688562513179368
828.5714285714286,1.5000000000000002,0.0002570939967313943,6.773221877050822e-10,0.00040468053491147696,-4.4896824308116546e-07,0.0005269834907057227,0.014289223265230667,0.002218419451878539,0.014639070423084655
828.5714285714286,1.6,0.00023502798805671827,7.159725242371284e-10,0.00032132677247231526,-3.784840390374645e-07,0.0006096942622166108,0.012498416009613397,0.002061329018630159,0.012848357268103728
828.5714285714286,1.7000000000000002,0.00021617524710676537,6.293818136070687e-10,0.0002590788798139396,-3.167253269221059e-07,0.0005830540922209091,0.011023320326914311,0.001887976501754592,0.011357044230193559
828.5714285714286,1.8000000000000003,0.00019991329495495187,6.018819548893433e-10,0.00021153437335630045,-2.6686044653921924e-07,0.000603232694940541,0.00978531891081069,0.00173052113089196,0.010104739612649192
828.5714285714286,1.9000000000000001,0.00018576668653670137,5.025195500173022e-10,0.00017339127173674967,-2.2773575141999053e-07,0.000542293782301568,0.008673323691444404,0.001597727842863357,0.008979203468159929
828.5714285714286,2.0,0.00017335399083581837,4.607277648597971e-10,0.00014429298288679988,-1.9716318512757342e-07,0.000533026792454661,0.007767430510652531,0.0014893800365148448,0.008065581199493826
828.5714285714286,2.1,0.00016238422496380337,4.6520996534395947e-10,0.000122702361294208,-1.723274391452469e-07,0.0005748282377699626,0.007078138824644542,0.0013955876854356347,0.00737060422891891
828.5714285714286,2.2,0.00015264148270473045,3.507918997241841e-10,0.00010234383339545622,-1.5109398298028402e-07,0.00046132395670069927,0.006302572396935073,0.0013068757359268903,0.006584154234975271
828.5714285714286,2.3000000000000003,0.0001439221787796121,3.900186847796449e-10,8.939201380193732e-05,-1.3528886685548446e-07,0.0005441977231592673,0.005856338147268732,0.0012454220517372004,0.006139625381971875
828.5714285714286,2.4000000000000004,0.0001360967949925131,2.5841872676458933e-10,7.50701259566005e-05,-1.1836423929361808e-07,0.00038148992454803247,0.0052160220608913465,0.0011560852448497668,0.005479551705108326
828.5714285714286,2.5000000000000004,0.00012902211246498013,3.2457256883012303e-10,6.656373031837581e-05,-1.0339083395219755e-07,0.0005055761861533941,0.004890910937471936,0.0010684130115507845,0.005143892476013671
828.5714285714286,2.6,0.0001226130672406309,2.3963389097423367e-10,5.627495682484388e-05,-9.44980334895717e-08,0.00039292863696767247,0.004361652103635983,0.0010303756993389388,0.0046153819073266175
828.5714285714286,2.7,0.00011676677158453014,3.2436045441314024e-10,5.173614074915075e-05,-8.604056433972246e-08,0.0005586534309013293,0.004219463872281852,0.0009875673709066532,0.004479570029535039
828.5714285714286,2.8000000000000003,0.00011143783733592088,2.343427671627039e-10,4.285834357132785e-05,-7.662984854765962e-08,0.0004230774848586336,0.0036704229285213835,0.0009238693882901879,0.003918937142344741
828.5714285714286,2.9000000000000004,0.0001065374865230249,2.2437517050799516e-10,4.0422646714732676e-05,-6.871061917976164e-08,0.0004238572709329419,0.003627371786916655,0.0008683409096995442,0.0038529875340516367
828.5714285714286,3.0000000000000004,0.00010204136217727624,1.9725244874787874e-10,3.353829005886256e-05,-6.376261741360625e-08,0.0003891523954977456,0.0031480271548939035,0.0008431581025787607,0.0033887085632670552
828.5714285714286,3.1,9.788062073211621e-05,2.2185089095051952e-10,3.2100246185832585e-05,-5.855717059079587e-08,0.0004564341594895688,0.0031458072982272524,0.000808677628467535,0.0033782176829056693
828.5714285714286,3.2,9.404088174881451e-05,2.1011150277540605e-10,2.7443932731357355e-05,-5.215427985146325e-08,0.00045005113127429637,0.0028038167847818487,0.0007511124408856678,0.003031876379586105
828.5714285714286,3.3000000000000003,9.047558209282638e-05,1.880518813007886e-10,2.4266997499089294e-05,-4.7794023869946196e-08,0.0004188045832775434,0.0025804731992950724,0.0007166113210693027,0.0028038014876634555
828.5714285714286,3.4000000000000004,8.715295241182914e-05,2.0778713950317913e-10,2.334856554994137e-05,-4.391852391477654e-08,0.000480499050030753,0.002580648282095179,0.0006846671931886164,0.002797885491548718
828.5714285714286,3.5000000000000004,8.406380838633132e-05,1.9844181287792564e-10,2.0591443701771373e-05,-4.113276203541993e-08,0.00047588736751899097,0.0023626788458604793,0.0006658245159585801,0.002587540277434096
828.5714285714286,3.6,8.11805787978512e-05,1.5644727620349531e-10,1.775470765444072e-05,-3.7527866244083205e-08,0.00038861732929442274,0.002112051309030108,0.0006299744016419298,0.0023249773448470283
828.5714285714286,3.7,7.84748962859155e-05,1.5861193942342962e-10,1.733547802279956e-05,-3.5107656483813925e-08,0.00040767752482723533,0.002135421831121315,0.0006104555363396405,0.002339132164879575
828.5714285714286,3.8000000000000003,7.59425685542078e-05,1.481730446769527e-10,1.53019128960958e-05,-3.3088136861007206e-08,0.00039364568373157817,0.001949911834269242,0.0005953210615778746,0.0021600757899805636
828.5714285714286,3.9000000000000004,7.356325995146105e-05,1.1048099436232339e-10,1.3682718864983862e-05,-3.065024925816226e-08,0.0003030962600899552,0.0018017192630529928,0.0005699914479353671,0.0019969577229314722
828.5714285714286,4.0,7.132077853736414e-05,1.424597905588179e-10,1.2880125274932623e-05,-2.7252462997040067e-08,0.00040318791206901157,0.001750891040368693,0.0005233555112554043,0.0019431885935247625
828.5714285714286,4.1,6.920709837601655e-05,1.4629513026952778e-10,1.2182195274520035e-05,-2.6004977531692924e-08,0.00042676634796106716,0.0017080850103364934,0.0005151927282283298,0.0019053952379301635
828.5714285714286,4.2,6.721524016741417e-05,1.4249677344000003e-10,1.0577290248657305e-05,-2.5353607769840893e-08,0.00042810812703961284,0.0015283533765841028,0.0005177237685865925,0.0017479177364145033
828.5714285714286,4.3,6.532915486129836e-05,1.3894773261756806e-10,1.0360295132300706e-05,-2.3494093597999522e-08,0.0004295954244386347,0.0015413610226633337,0.0004940889898589593,0.0017460223053226043
828.5714285714286,4.3999999999999995,6.354667250650555e-05,1.0172009160178132e-10,9.046333380351502e-06,-2.1506849627170786e-08,0.0003234065388226097,0.0013847314265059692,0.00046546070338163316,0.0015669652981771887
828.5714285714286,4.5,6.185465348551626e-05,1.1261348393119475e-10,8.580014940874981e-06,-2.055473359692271e-08,0.0003678985864715901,0.0013501910646850327,0.00045745875775633153,0.0015417205684491039
828.5714285714286,4.6,6.0248434613935725e-05,1.1071652690452239e-10,7.840038516842823e-06,-1.8915425997436327e-08,0.00037142929537565937,0.0012674937252180436,0.0004325655126566936,0.00145558438793849
828.5714285714286,4.7,5.8720616127523614e-05,1.3593241573217532e-10,7.78857236806779e-06,-1.7181390220212544e-08,0.0004679429074232971,0.0012927426941423405,0.00040347816979481035,0.001488537371001516
828.5714285714286,4.8,5.727068336479218e-05,1.2211315939028232e-10,6.8531610271008554e-06,-1.7270251015436936e-08,0.0004311044449091157,0.0011670792098328535,0.0004161659306939377,0.0013763404695732728
828.5714285714286,4.9,5.588928221233176e-05,1.0722015404615053e-10,6.269511434024731e-06,-1.6823004315404506e-08,0.00038797327084210656,0.0010947156670176887,0.00041573982536490564,0.0013017698933724003
828.5714285714286,5.0,5.457057617421158e-05,nan,nan,nan,nan,nan,nan,nan
842.8571428571429,0.1,0.008699864876234156,nan,nan,nan,nan,nan,nan,nan
842.8571428571429,0.2,0.004878700960622038,7.135695164452614e-09,0.18809739697647465,-1.6636933382688547e-05,0.00029122729572874,0.21620726258669776,0.0026908450661362205,0.21624094548191133
842.8571428571429,0.30000000000000004,0.0029385110147746676,9.340557666533361e-09,0.09200003946289134,-2.2390331173775585e-05,0.000630165148733465,0.18857486901833245,0.006396675885883147,0.18879277861765262
842.8571428571429,0.4,0.0019183214635562107,5.5525702362003324e-09,0.04581438075082709,-1.6186138906238332e-05,0.0005734920505085807,0.15591018893744138,0.007644038714595356,0.15628556735470212
842.8571428571429,0.5,0.001356275719846025,7.250312955189774e-09,0.02267555777289741,-9.97193482469579e-06,0.0010597095740621674,0.11820520284885494,0.007209594070522391,0.11864884937597889
842.8571428571429,0.6,0.0010209855538648132,3.978926251135789e-09,0.011926935934056117,-6.227038660841362e-06,0.0007734036656575073,0.08793887378158004,0.006371030836065878,0.08840262294203109
842.8571428571429,0.7000000000000001,0.0008049647472241627,2.6428187025449086e-09,0.006780605715743113,-4.087353899068297e-06,0.0006524050415525661,0.06641235706103753,0.005561355004339668,0.06687962426411778
842.8571428571429,0.8,0.0006567499977409432,2.170290473877835e-09,0.0041617274711004786,-2.778242457842412e-06,0.0006573024898973868,0.05170074199462478,0.004800849824032485,0.052148778388604745
842.8571428571429,0.9,0.0005501525229687286,1.4229461584187491e-09,0.002693727740191501,-2.0058122661723116e-06,0.0005150374842775979,0.041016029683399395,0.004252415927192595,0.04145776208426347
842.8571428571429,1.0,0.00047049232559842895,1.3498685140489633e-09,0.0018173118085623324,-1.4643828520187823e-06,0.0005718183443047533,0.03303287238883809,0.003710248901285128,0.03345189872481262
842.8571428571429,1.1,0.0004090052463137527,1.7884948384893446e-09,0.001296306089873972,-1.106355025140361e-06,0.000872070272092103,0.027552119755092152,0.003280644481098258,0.027953623485715177
842.8571428571429,1.2000000000000002,0.00036048122792781617,9.08521166606759e-10,0.0009319322630512565,-8.682076879659132e-07,0.000503086188313274,0.02278533763198628,0.002963367122275208,0.02317299713285368
842.8571428571429,1.3000000000000003,0.0003212765321723922,1.1622698053922546e-09,0.0007045356392780478,-6.923983311725641e-07,0.0007225699506521375,0.019544308682257545,0.0026838695125569376,0.019922560586476287
842.8571428571429,1.4000000000000001,0.0002891171928097487,8.578777747546577e-10,0.0005344515292916363,-5.596180412528756e-07,0.0005930742685594712,0.0166352495676484,0.002435357306911776,0.01699838803212324
842.8571428571429,1.5000000000000002,0.0002623023687400216,6.607605098542406e-10,0.0004168379185414002,-4.6085853041811487e-07,0.0005038345064016156,0.014417610882646372,0.0022302283695448165,0.01476716594116451
842.8571428571429,1.6,0.00023965592385570848,5.218122276664362e-10,0.0003287865300410843,-3.797647253369031e-07,0.00043574670813519505,0.01253463823527106,0.0020270127990359215,0.012865636115547523
842.8571428571429,1.7000000000000002,0.00022029734427180623,6.728416675678406e-10,0.00026858946657149575,-3.1971674318549047e-07,0.0006114918492846484,0.011207295119197954,0.001868888034710592,0.01153095274221123
842.8571428571429,1.8000000000000003,0.00020362465935361895,5.521431416394535e-10,0.00021614057186893656,-2.7688402415098867e-07,0.0005431813770378417,0.009811310825529475,0.0017614638404342658,0.010137177903431875
842.8571428571429,1.9000000000000001,0.00018911338015412102,5.190437580280634e-10,0.0001798177215598138,-2.3902460513281737e-07,0.0005500830726538179,0.008830842105795178,0.0016460151917041404,0.009149048896303207
842.8571428571429,2.0,0.00017640027817022124,3.772094277098479e-10,0.0001476611908345917,-2.0310748528478196e-07,0.00042881013180053263,0.007808077393268146,0.0015067745541577561,0.00810497932276909
842.8571428571429,2.1,0.00016516378809466737,3.8991293829956664e-10,0.00012568899627542508,-1.7773473239794468e-07,0.00047359054665439983,0.007125215310269455,0.0014143368086389362,0.007415772275368264
842.8571428571429,2.2,0.00015518418798186775,3.3574108176992283e-10,0.00010577843675291522,-1.563866899250802e-07,0.0004342242104142692,0.006404456931702604,0.0013296373494518959,0.006688907998848419
842.8571428571429,2.3000000000000003,0.0001462623722365973,3.169084244095884e-10,9.029783247610185e-05,-1.378740525596308e-07,0.00043503322097871296,0.005818752132572461,0.001248217105443279,0.006096164545705281
842.8571428571429,2.4000000000000004,0.00013824353481608784,3.557290550134202e-10,7.927468104511282e-05,-1.2178733580389234e-07,0.0005168466590903381,0.005420032495909223,0.001170277374213795,0.005690604624371498
842.8571428571429,2.5000000000000004,0.00013101744420602953,2.8650783807143106e-10,6.711342655352615e-05,-1.0750627416476176e-07,0.0004393961032793439,0.004854724428365525,0.0010933878044301897,0.00511394290080554
842.8571428571429,2.6,0.00012446248786150647,2.592815648519776e-10,5.8455578286908805e-05,-9.622589900455918e-08,0.0004187447406562762,0.004461663760971049,0.0010330223333237234,0.0047133916616467165
842.8571428571429,2.7,0.0001184920872998525,2.3833971806869774e-10,5.1920112417711314e-05,-8.804804207784279e-08,0.00040444299374267775,0.004171547050825832,0.0009953950330544913,0.004421199099350802
842.8571428571429,2.8000000000000003,0.00011304088786237565,2.083633119961381e-10,4.43968809036259e-05,-7.895472587583624e-08,0.0003707771984235568,0.003746822417878124,0.0009378579522321209,0.003991905439650963
842.8571428571429,2.9000000000000004,0.00010803365723393505,2.732284367848974e-10,4.178853170683731e-05,-7.17971884851447e-08,0.000508834291546055,0.003696762516383786,0.0008943288577209984,0.00394012863372485
842.8571428571429,3.0000000000000004,0.00010344431192256283,1.5902968986023748e-10,3.3938834539305885e-05,-6.487551816552112e-08,0.00030945009927687894,0.0031415056574281347,0.0008457253607645935,0.003375695473717416
842.8571428571429,3.1,9.919435495658367e-05,2.4459149528875673e-10,3.3343945017875926e-05,-5.809908687435024e-08,0.0004963963961709502,0.0032233715318089997,0.0007913703253697463,0.0034480526965172445
842.8571428571429,3.2,9.527783744078327e-05,1.5899697989318778e-10,2.755352856282478e-05,-5.5333576093967104e-08,0.00033608793727010343,0.0027777315125326113,0.0007860932126649973,0.0030107528186968683
842.8571428571429,3.3000000000000003,9.163685521061111e-05,1.8937021014837963e-10,2.5724358951907392e-05,-4.743934715348708e-08,0.00041628957418932675,0.0026999310272859105,0.0007019412971665674,0.0029066075983895123
842.8571428571429,3.4000000000000004,8.825311656995803e-05,1.7125229122627002e-10,2.3128227501144845e-05,-4.473212451795168e-08,0.00039098488828455836,0.002523900176188795,0.000688337512932996,0.0027332322158306055
842.8571428571429,3.5000000000000004,8.51006602043164e-05,1.5619946168233868e-10,2.0977817850008348e-05,-4.425712804310796e-08,0.00036993927145298017,0.0023770058968262367,0.0007073019401887511,0.0026052954088355137
842.8571428571429,3.6,8.215798201717485e-05,1.3510990631068888e-10,1.8515752608271255e-05,-3.991209679551633e-08,0.00033155927474085115,0.0021757472343712932,0.0006616883500216653,0.0023915414538848785
842.8571428571429,3.7,7.940046135611601e-05,1.2927087969670715e-10,1.7587917918106707e-05,-3.5123549716976977e-08,0.0003283263409442036,0.002140743660723071,0.0006033515448226368,0.002327798913214702
842.8571428571429,3.8000000000000003,7.681881987423824e-05,1.4293912730866619e-10,1.5219777448788901e-05,-3.329642669029887e-08,0.00037531726979386673,0.001916837407345438,0.0005919713532679593,0.002125085613659859
842.8571428571429,3.9000000000000004,7.438937616684836e-05,1.7156970953764673e-10,1.4894227208440044e-05,-3.141621148190944e-08,0.00046530220212789007,0.0019388773783330323,0.0005774299073924373,0.0021546698641367575
842.8571428571429,4.0,7.210887473154288e-05,1.2720543916187984e-10,1.3063161883892364e-05,-2.7944570292596744e-08,0.0003559963000992165,0.0017560520812263467,0.000530505593953159,0.0019425047356685912
842.8571428571429,4.1,6.995900491507632e-05,1.1637656935485541e-10,1.1990510094169456e-05,-2.6473494608643446e-08,0.00033576636518381525,0.0016628341710794164,0.0005186198275347433,0.0018481584303090617
842.8571428571429,4.2,6.792904019955146e-05,1.140499781260831e-10,1.0879730253484568e-05,-2.5187928804051234e-08,0.0003389663954346822,0.0015551579480999685,0.0005087004663868375,0.0017467016888343748
842.8571428571429,4.3,6.600787278656144e-05,1.2836297804892562e-10,1.0248029746098948e-05,-2.403882828095111e-08,0.00039267623520201195,0.0015086375011326332,0.000500118331868636,0.0017118464964062275
842.8571428571429,4.3999999999999995,6.418918567103241e-05,1.3957408884165736e-10,9.873754525074178e-06,-2.2938668388577206e-08,0.00043916786013417105,0.0014958449815526218,0.0004912030755439853,0.0017067458923515039
842.8571428571429,4.5,6.246923610075413e-05,1.1460630141591916e-10,8.385144131214146e-06,-2.0195944258435115e-08,0.0003706239261181569,0.0013063172625662758,0.0004448237339668128,0.0014965170208488246
842.8571428571429,4.6,6.0833137971787985e-05,1.40623755016569e-10,8.649430849807657e-06,-1.8654711878138275e-08,0.0004670519363307645,0.001384590462392935,0.0004222907231122623,0.0015785712430654352
842.8571428571429,4.7,5.9283534151319924e-05,9.858736495528407e-11,7.352962713133352e-06,-1.8487643437729946e-08,0.00033607854452967235,0.0012087100810981293,0.00042981946864788256,0.0013940654215276003
842.8571428571429,4.8,5.78074599579832e-05,9.265203244032184e-11,6.85410745307542e-06,-1.8021970781968827e-08,0.000323981478502903,0.0011561570259256916,0.00043005088926915437,0.0013459385579337002
842.8571428571429,4.9,5.6399926839177225e-05,1.0625147317841588e-10,6.5027118133144804e-06,-1.69608509075161e-08,0.00038087326683979386,0.0011248914617665118,0.0004151556081682972,0.001324822102825732
842.8571428571429,5.0,5.5057420838504397e-05,nan,nan,nan,nan,nan,nan,nan
857.1428571428572,0.1,0.008832558956537069,nan,nan,nan,nan,nan,nan,nan
857.1428571428572,0.2,0.005000438972013327,6.000406100549305e-09,0.1856659880839512,-1.578858282743415e-05,0.00023901555639899155,0.21020633883970616,0.0025160279297697314,0.2102365877051764
857.1428571428572,0.30000000000000004,0.0030249788683290968,7.608959757460155e-09,0.09264067921603904,-2.2329117645453274e-05,0.00049882722267387,0.1852650931938864,0.006226086154746408,0.18547488207935364
857.1428571428572,0.4,0.0019759255568052576,9.297509821828358e-09,0.04694119266816869,-1.636322209482481e-05,0.0009322126953496086,0.1551785804510348,0.007509166330506696,0.1555443216876337
857.1428571428572,0.5,0.0013962841719631055,4.7408751883823575e-09,0.02332950417197898,-1.0265913768571465e-05,0.0006731735718821104,0.11806874045244349,0.007205166468736581,0.11850953329740506
857.1428571428572,0.6,0.0010499378288407431,2.639743378372929e-09,0.012312002211712733,-6.479024866344209e-06,0.0004990816670730388,0.08817690881937507,0.006439856981669879,0.08864739052752493
857.1428571428572,0.7000000000000001,0.0008267115078355082,2.2927556869485616e-09,0.0070354377218113185,-4.177806924532522e-06,0.0005511778716681611,0.06700813637298204,0.005529123789764414,0.06746507657293108
857.1428571428572,0.8,0.0006738395640483863,1.915694442633099e-09,0.004286935093475722,-2.8138706464753823e-06,0.0005655239245524795,0.05185527300448199,0.004735176408161396,0.05228893713694529
857.1428571428572,0.9,0.0005638369711960217,2.515038949351553e-09,0.0027932904846638086,-2.039417024774161e-06,0.0008879627148181839,0.04145334637049052,0.004214332754679407,0.04188901531701473
857.1428571428572,1.0,0.00048176728319029513,1.795183161610195e-09,0.0018845449236430793,-1.502167187738261e-06,0.0007425162574148298,0.033423578444058875,0.003712498838775998,0.033841575342387784
857.1428571428572,1.1,0.00041854304442099933,1.0915288691355462e-09,0.001323133006681838,-1.138364666436984e-06,0.0005201006759442707,0.027464152358374423,0.0032959198974245193,0.02786173622403311
857.1428571428572,1.2000000000000002,0.0003685501357185219,1.3402605527469523e-09,0.0009712609355824685,-8.974113288525388e-07,0.0007257308485451948,0.023205759802461506,0.0029932416480576303,0.023599850940236932
857.1428571428572,1.3000000000000003,0.0003282698363718692,9.000519574071226e-10,0.0007213114935984557,-7.179254334348351e-07,0.0005475803002011143,0.019571597557336225,0.002721220460093985,0.019953880743263097
857.1428571428572,1.4000000000000001,0.000295202651961201,6.761450812554652e-10,0.000551012228175977,-5.827964358525068e-07,0.0004577864761431004,0.01678534446740278,0.0024819621942017787,0.01715452214472914
857.1428571428572,1.5000000000000002,0.0002676455898322926,7.525662041554596e-10,0.00043018242426749915,-4.7039033142278083e-07,0.0005622889084561191,0.014572444434680719,0.0022293563429284457,0.014920199898993996
857.1428571428572,1.6,0.0002443903519460592,7.453202002130403e-10,0.00034216420030555686,-3.8997006121163764e-07,0.0006101895993153464,0.012784227101218364,0.002039595814785925,0.013119782623886085
857.1428571428572,1.7000000000000002,0.00022455675606288135,4.5473564194942476e-10,0.00027255458463864803,-3.295549652640659e-07,0.00040541526970495976,0.01115242817354775,0.0018886340193727325,0.011474968088204671
857.1428571428572,1.8000000000000003,0.00020744870602609,4.395190680399103e-10,0.00022253450797987874,-2.8282885392481267e-07,0.00042437892250642834,0.009909944901304315,0.0017650737672970393,0.0102282978165849
857.1428571428572,1.9000000000000001,0.00019256600106909742,4.4207831782212976e-10,0.00018402509083784068,-2.433142196423679e-07,0.00046005097944103006,0.00887087195495433,0.0016445292982615505,0.009182209394833095
857.1428571428572,2.0,0.00017952354702048325,4.943435757021004e-10,0.00015418323227030052,-2.116100139644331e-07,0.0005520531461843996,0.008006773335599144,0.0015414910250388222,0.008316584099522111
857.1428571428572,2.1,0.0001680229252945721,3.331383345203945e-10,0.00012731082784604294,-1.815115277728887e-07,0.0003977033949048991,0.00709159494445133,0.0014189080313911355,0.007380751103348431
857.1428571428572,2.2,0.00015779541184712136,4.300616511435925e-10,0.00010993424825668667,-1.60024950879714e-07,0.0005468582209072146,0.006542812420623776,0.0013372740915026432,0.006832572888513594
857.1428571428572,2.3000000000000003,0.0001486672408822375,3.0427154168062603e-10,9.238024886382079e-05,-1.4006721261089544e-07,0.00041086815974866346,0.005854431873679735,0.0012467476359378177,0.006127964143472573
857.1428571428572,2.4000000000000004,0.00014046287240599185,3.486651964646852e-10,8.127430046942471e-05,-1.247399837265372e-07,0.0004984552340771995,0.005466860082094605,0.0011790843499329723,0.005737202853838455
857.1428571428572,2.5000000000000004,0.00013307124693444044,2.519979861847271e-10,6.852016245648334e-05,-1.1274292537227209e-07,0.00038045199337927366,0.004878168962573517,0.001128248855313361,0.0051465684786771914
857.1428571428572,2.6,0.00012636482308745386,2.9848645281583864e-10,6.076445334970926e-05,-9.981781818876947e-08,0.00047468648719330825,0.004566309758835115,0.0010548942051383837,0.004827226495911064
857.1428571428572,2.7,0.0001202660437739644,1.9959236902957186e-10,5.1919705325266165e-05,-9.017645728533499e-08,0.0003336573708835638,0.0041087150724956,0.0010038607023115523,0.004359855434230399
857.1428571428572,2.8000000000000003,0.00011468646151372759,2.8980907986189645e-10,4.787095968207332e-05,-7.798254094344298e-08,0.0005081545718437316,0.003980421919593949,0.0009125406346325696,0.004215144190485172
857.1428571428572,2.9000000000000004,0.00010958558885031152,1.9192482842038336e-10,3.950005197009666e-05,-7.270614511014827e-08,0.0003523070596345748,0.0034441774075808103,0.0008923865339044285,0.003684994671766345
857.1428571428572,3.0000000000000004,0.00010487971670659641,3.136919164976969e-10,3.841612498614062e-05,-6.745426512457643e-08,0.0006017980434792989,0.0035055818369160883,0.0008667575634174002,0.0037621539372989544
857.1428571428572,3.1,0.00010055800581274271,1.483568550629754e-10,3.109465771065217e-05,-6.017228726332595e-08,0.00029697238820225534,0.0029647923056123657,0.0008080570135732793,0.0031912534040941924
857.1428571428572,3.2,9.654724149599553e-05,2.556750155734267e-10,3.0029813081042422e-05,-5.65565895548082e-08,0.0005331480690903559,0.002986317482962361,0.0007924825464300658,0.0032339443633764
857.1428571428572,3.3000000000000003,9.283677531005878e-05,1.6933376329980174e-10,2.6192105115392806e-05,-5.047505942322837e-08,0.000367358886564577,0.0027128796959444124,0.000736774232157649,0.002929221967442618
857.1428571428572,3.4000000000000004,8.938823017527595e-05,1.5841976068758822e-10,2.297044229680094e-05,-4.5903163646057876e-08,0.0003570241582301522,0.0024742826557776956,0.000697088066239121,0.002687267097708798
857.1428571428572,3.5000000000000004,8.616938946346114e-05,1.697154161788691e-10,2.1240993511965354e-05,-4.437879332186364e-08,0.00039686840881727017,0.002376262900643092,0.0007001027448954318,0.002604691462286869
857.1428571428572,3.6,8.316295868676597e-05,1.911555177980104e-10,1.9588032842870526e-05,-3.922622141123743e-08,0.00046327923880304096,0.0022732008390492944,0.0006420956857147918,0.002491313598683923
857.1428571428572,3.7,8.035240823849952e-05,2.158485089243098e-10,1.8238465450677953e-05,-3.625118587462429e-08,0.0005415068144700089,0.0021930996369878206,0.000615001617207558,0.0024206134813739657
857.1428571428572,3.8000000000000003,7.772424244473984e-05,1.517524843859082e-10,1.544299576917632e-05,-3.450023029206082e-08,0.0003937152911117883,0.0019219082673090399,0.0006058636646566179,0.002140767310734254
857.1428571428572,3.9000000000000004,7.525050660867192e-05,1.3984317823403552e-10,1.4616044682411586e-05,-3.227862058807174e-08,0.00037482739666234234,0.0018805001145946534,0.0005862184455867685,0.0020890381495251606
857.1428571428572,4.0,7.292293121942812e-05,1.4333871756015021e-10,1.3930594422826439e-05,-3.016591904701665e-08,0.0003965608020835588,0.0018512293206569682,0.0005659846360026306,0.002055477483163286
857.1428571428572,4.1,7.073466177441259e-05,1.3283855329306938e-10,1.197234080317096e-05,-2.70881251062496e-08,0.00037896118699853035,0.0016417799727695657,0.0005245939241919372,0.0018410460697214405
857.1428571428572,4.2,6.866611573742877e-05,1.3928452466297457e-10,1.1521753751201928e-05,-2.5771889849981967e-08,0.00040940157456008716,0.0016288695615661777,0.0005146534653263099,0.0018304540629564647
857.1428571428572,4.3,6.671278723795696e-05,1.0450123531293859e-10,1.007246050009901e-05,-2.381262771653907e-08,0.0003162379885967505,0.0014668749487177822,0.0004899502736292896,0.001652825193983425
857.1428571428572,4.3999999999999995,6.486018334348614e-05,1.2009402975093737e-10,9.962830808195429e-06,-2.2217820783780166e-08,0.000373865116252413,0.0014933914802059073,0.00047064355308698065,0.0016772012241906742
857.1428571428572,4.5,6.310720775709728e-05,1.3844164488026214e-10,9.23078844454082e-06,-2.108830760056303e-08,0.0004430276945943504,0.0014231826012048826,0.0004595505548695044,0.001626067550722177
857.1428571428572,4.6,6.144654005515383e-05,9.405818999644409e-11,8.069969230489465e-06,-2.032873439675808e-08,0.00030921094741191463,0.0012787713982769086,0.00045537848377373964,0.0014647890039246588
857.1428571428572,4.7,5.986657204551527e-05,1.0758795081954261e-10,7.654109334653801e-06,-1.9738341458526447e-08,0.0003630917118273916,0.0012456534294337073,0.0004542207206063719,0.0014477986681559164
857.1428571428572,4.8,5.836314512922326e-05,1.0701036799038918e-10,7.253722720949091e-06,-1.7907617432676577e-08,0.00037052261070038574,0.0012116482492824615,0.00042304692980913843,0.0014011837476474525
857.1428571428572,4.9,5.6932255440140736e-05,1.0312573637659378e-10,6.475303954149482e-06,-1.6130023564692206e-08,0.0003661100801731304,0.0011094850936858105,0.000390950614212418,0.0012925473025856816
857.1428571428572,5.0,5.556611879059971e-05,nan,nan,nan,nan,nan,nan,nan
871.4285714285714,0.1,0.008964573905572733,nan,nan,nan,nan,nan,nan,nan
871.4285714285714,0.2,0.005123401556078197,6.461944426709902e-09,0.1830770364229959,-1.4956693112675028e-05,0.0002513040884449661,0.20422279781662353,0.0023490554881408525,0.20424997044104337
871.4285714285714,0.30000000000000004,0.00311299957081362,8.836123853503028e-09,0.09328295154893086,-2.2216287109052026e-05,0.0005630315084115081,0.182072302020254,0.006047917450738904,0.18227395529371707
871.4285714285714,0.4,0.002035427101038351,6.324095724664747e-09,0.0479405518365753,-1.6655229400464257e-05,0.0006156950251687889,0.15400115144906837,0.0074288153509707,0.1543603197814793
871.4285714285714,0.5,0.0014372601496288355,3.52800386467518e-09,0.02403356287357966,-1.0564769424353863e-05,0.0004868303900551396,0.11807626449170891,0.007199880238818465,0.11851547490117625
871.4285714285714,0.6,0.0010794288269551165,4.61390380621307e-09,0.012732867348932322,-6.543765546751797e-06,0.0008484059265052058,0.0885912501798684,0.006320834213976995,0.08904513064378829
871.4285714285714,0.7000000000000001,0.0008489261777707207,4.163384314695976e-09,0.007289655981902145,-4.2998070523085526e-06,0.0009744031050695464,0.06753253016657908,0.0055345480908521915,0.06799157695811293
871.4285714285714,0.8,0.0006913200884053463,1.921949164224572e-09,0.004432069363831251,-2.9193838797931765e-06,0.0005530717417869975,0.052207947874453126,0.004782790997995402,0.05264718310673601
871.4285714285714,0.9,0.0005780346926782845,9.867305193947484e-10,0.0028659307741471405,-2.058233977963014e-06,0.0003399089983646266,0.04145591632897467,0.004146029201347398,0.041869889575672024
871.4285714285714,1.0,0.000493408604692694,1.5155857559595822e-09,0.0019521086814843604,-1.547825087014902e-06,0.0006120462385988248,0.033771479570532316,0.0037323642599553486,0.03418696416646334
871.4285714285714,1.1,0.0004283036035219471,1.1318194198645475e-09,0.001369396371981256,-1.1752338824599532e-06,0.0005270045928836423,0.027753799973434738,0.0033222022052105077,0.02815360015683532
871.4285714285714,1.2000000000000002,0.00037689256607101275,9.38170316179685e-10,0.0009965296024207983,-9.0944974730117e-07,0.0004967570985010229,0.023266897458399143,0.002964244382000097,0.0236467497653908
871.4285714285714,1.3000000000000003,0.0003354468246442864,9.862206150312946e-10,0.0007425016687186223,-7.362461384586073e-07,0.0005870909790061916,0.019700618573058375,0.0027288738777071103,0.020083638944664074
871.4285714285714,1.4000000000000001,0.00030142609990474624,1.089306047005551e-09,0.0005737020698981064,-5.937087397815355e-07,0.0007220775552342924,0.01710262335934973,0.0024740177601161742,0.017471767212342566
871.4285714285714,1.5000000000000002,0.00027314239586418717,8.281618582701576e-10,0.0004418194376090591,-4.82925036771768e-07,0.000606196716361491,0.014657637070866748,0.0022408443578415993,0.015008549757798573
871.4285714285714,1.6,0.0002492768861997187,6.691591782763338e-10,0.00034975945109408396,-4.0621871358365894e-07,0.0005370157547809469,0.012805022449462317,0.002081403695279475,0.013149960780837447
871.4285714285714,1.7000000000000002,0.00022890897104619105,6.710301540594635e-10,0.00028213945748853706,-3.458164261891396e-07,0.0005867438990931986,0.011318316021586101,0.0019426798975212527,0.011661756142883546
871.4285714285714,1.8000000000000003,0.00021136245046754877,5.196394045474e-10,0.0002292912160028971,-2.908208435774013e-07,0.0004923751197688451,0.010016698557289351,0.0017800414521780149,0.010339911913992014
871.4285714285714,1.9000000000000001,0.00019610884204893548,4.599117679142764e-10,0.0001892468684443931,-2.4453699617508526e-07,0.00046989556444236195,0.008953665517492137,0.0016219469156528695,0.00925474751870639
871.4285714285714,2.0,0.0001827477023147661,4.305771539691238e-10,0.00015634873290883229,-2.1501731036826998e-07,0.00047228321964195273,0.007972548880270184,0.0015377944472916012,0.008277331128576077
871.4285714285714,2.1,0.00017095004990968506,4.734474519085786e-10,0.00013420058916778128,-1.8744523990068774e-07,0.0005553820801204147,0.0073434898205523335,0.0014392094056444595,0.007640545754464506
871.4285714285714,2.2,0.00016049440339628183,3.2871513894925913e-10,0.000109544887799516,-1.6317468029961785e-07,0.0004109060709064202,0.006408005604993382,0.0013398953801888739,0.006694924860850742
871.4285714285714,2.3000000000000003,0.00015113420576087376,4.1412182099103915e-10,9.79358032973974e-05,-1.4433986436384855e-07,0.0005499188631775542,0.006102131988713713,0.001263011150364112,0.006381913497976122
871.4285714285714,2.4000000000000004,0.00014275336615843966,2.904773445454792e-10,8.039512672916483e-05,-1.2854333523062752e-07,0.00040854450368451315,0.0053194527555440975,0.0011948629808238309,0.005596327484685196
871.4285714285714,2.5000000000000004,0.0001351764778232972,3.599015343724089e-10,7.284844278619705e-05,-1.1601641011609127e-07,0.0005347399675114624,0.005103098073732548,0.0011422063477966548,0.0053792961867590965
871.4285714285714,2.6,0.00012832807391601674,2.489985153673888e-10,6.010633758766797e-05,-1.0150267441346677e-07,0.0003898664180663234,0.004446508634900151,0.0010556852956735108,0.004706631252943022
871.4285714285714,2.7,0.00012208073338461294,3.6513117723610615e-10,5.577870220462899e-05,-9.060526705278528e-08,0.0006010857716485757,0.004346570512788412,0.0009930487179887386,0.004607197720970767
871.4285714285714,2.8000000000000003,0.00011639117987525543,2.4566921483278907e-10,4.750624331207507e-05,-8.271998945609506e-08,0.0004243610421270085,0.0038913792533017966,0.0009532263541159901,0.004140071950034841
871.4285714285714,2.9000000000000004,0.00011117668879901867,2.401501594910365e-10,4.1694252631699405e-05,-7.403364779036113e-08,0.0004344232159753047,0.0035822519091554925,0.0008951832717467487,0.003824128456427284
871.4285714285714,3.0000000000000004,0.00010637914024909891,1.8461630315102867e-10,3.703418789191342e-05,-6.891702558338181e-08,0.0003491299952267526,0.003331110891318461,0.000872679375561764,0.0035694999802338206
871.4285714285714,3.1,0.00010195193357809828,2.4276084000189343e-10,3.440972187169723e-05,-6.272048193808055e-08,0.0004791608376863134,0.0032346305667749283,0.0008302799281612515,0.0034743574269354973
871.4285714285714,3.2,9.786882412581462e-05,1.7128375318217026e-10,2.855386468529933e-05,-5.5775889577950906e-08,0.00035228763163055104,0.0028007183074587015,0.0007706323384308314,0.003025868142402266
871.4285714285714,3.3000000000000003,9.407125332038396e-05,2.436435311170714e-10,2.819918290462131e-05,-5.3863025094166336e-08,0.0005214507117215764,0.0028813243805167255,0.0007754789367494561,0.003126767690954856
871.4285714285714,3.4000000000000004,9.055567434399951e-05,1.7367596928174566e-10,2.3265915421099775e-05,-4.876589448117074e-08,0.0003862753988718579,0.002473222647715949,0.0007305881337316919,0.0027080540968097027
871.4285714285714,3.5000000000000004,8.727275452182605e-05,1.6310541485484385e-10,2.171119868673584e-05,-4.247638724539971e-08,0.0003765076671558913,0.002397552538150194,0.0006613067107438778,0.0026008977926799395
871.4285714285714,3.6,8.420694668651996e-05,1.9420758231231352e-10,2.072669857761588e-05,-3.892713636050106e-08,0.00046469616733978456,0.002374933470494774,0.0006290076708511798,0.002578284859590943
871.4285714285714,3.7,8.134840583699003e-05,1.2534670353002154e-10,1.707699225539816e-05,-3.9105959912090315e-08,0.00031056166990750766,0.002027979035859269,0.0006550039206732666,0.002251045933093133
871.4285714285714,3.8000000000000003,7.866063491001407e-05,1.5367694267536698e-10,1.673124915867657e-05,-3.653750723539067e-08,0.0003938625577606391,0.0020567396480028733,0.0006336827582381529,0.0022778088967798336
871.4285714285714,3.9000000000000004,7.614017647462488e-05,1.4430827980705997e-10,1.4652246757974708e-05,-3.209911784549491e-08,0.0003821819104395142,0.0018627165639759377,0.0005758735374008268,0.002068583252502689
871.4285714285714,4.0,7.376624050681544e-05,1.6711678629327622e-10,1.4512400357817749e-05,-3.034250200787565e-08,0.00045691045637174843,0.0019060108644027476,0.0005625074860758041,0.0021152952333293312
871.4285714285714,4.1,7.153742854258418e-05,1.4636858184397425e-10,1.2300011014968098e-05,-2.8956972458574926e-08,0.00041275544734379027,0.0016674309183252562,0.0005541945041104928,0.0018881091132324768
871.4285714285714,4.2,6.94316166885026e-05,1.1884325332534266e-10,1.1322363764838858e-05,-2.695552239028786e-08,0.0003453895117265397,0.0015827188641675848,0.0005320969154510401,0.0017862102823205475
871.4285714285714,4.3,6.74390284720694e-05,1.4156418869554e-10,1.0924974596712026e-05,-2.398968062820126e-08,0.000423652855361439,0.0015734869959496607,0.00048804191174209636,0.0017696646245863503
871.4285714285714,4.3999999999999995,6.555569000160333e-05,1.3307626671083856e-10,1.0108127921751903e-05,-2.258860465138444e-08,0.0004097630628329136,0.0014988543208237786,0.00047319939196203243,0.0016918349126970975
871.4285714285714,4.5,6.377343281035478e-05,9.724183083529676e-11,8.796206839231927e-06,-2.235311917787764e-08,0.00030787192940988643,0.0013417915117691225,0.0004818017489676992,0.0015360518990551397
871.4285714285714,4.6,6.207913768749854e-05,1.2369738230052275e-10,8.672409972536916e-06,-2.1076429636733778e-08,0.0004023841100117298,0.0013598781797314185,0.0004671023469134789,0.0015644650333848076
871.4285714285714,4.7,6.047156666436767e-05,1.0716005817669679e-10,7.66735098367999e-06,-1.9359014572456844e-08,0.00035793717422003495,0.0012350930230823807,0.0004408203143185246,0.001429062243356518
871.4285714285714,4.8,5.89406691510736e-05,1.213663571165265e-10,7.585847197299457e-06,-1.839393910755608e-08,0.0004159793794860642,0.001254448597206487,0.0004300774271001686,0.0014548585201981448
871.4285714285714,4.9,5.748563010975253e-05,9.800526572301949e-11,6.78673999365294e-06,-1.669031457658135e-08,0.0003444956444422538,0.0011514528238994928,0.0004004387052689812,0.0013286170133115095
871.4285714285714,5.0,5.609845846836799e-05,nan,nan,nan,nan,nan,nan,nan
885.7142857142858,0.1,0.009095870469875178,nan,nan,nan,nan,nan,nan,nan
885.7142857142858,0.2,0.0052476829043117835,6.306082372694977e-09,0.1803328225132101,-1.4092148179889252e-05,0.0002395115241060495,0.19825790517846373,0.002181949120415028,0.19828206206172827
885.7142857142858,0.30000000000000004,0.0032028235638804905,8.328138284878592e-09,0.09382550536027912,-2.2191930300901003e-05,0.0005159201404156222,0.17879415938639692,0.005900107094330187,0.17898949726653998
885.7142857142858,0.4,0.0020962192770519884,7.125921702966706e-09,0.04893411378597885,-1.6861883507727187e-05,0.0006737516004711895,0.15278429426406198,0.007312042027378165,0.15313532065531751
885.7142857142858,0.5,0.0014789561280832747,7.849943270345444e-09,0.024816845897660495,-1.0749667085703469e-05,0.001052405903320966,0.11838859688649364,0.007114621790409134,0.11882004509921365
885.7142857142858,0.6,0.001109861438091166,3.658979103630471e-09,0.013122376987518135,-6.677753611134162e-06,0.0006544292216594734,0.0887272904066784,0.006266790670297245,0.08917121548531148
885.7142857142858,0.7000000000000001,0.0008719905179742386,3.4628970176184313e-09,0.007507324942830627,-4.3900326211825246e-06,0.0007889528857568855,0.06764200183170942,0.00549627610592998,0.06809170992508676
885.7142857142858,0.8,0.0007091928472856175,3.824617817147775e-09,0.004603861113893749,-3.0512279990396557e-06,0.0010723890738133588,0.05279714651701939,0.004866135452159896,0.053254551421852966
885.7142857142858,0.9,0.000592433787735934,2.9479154740182298e-09,0.002968450122434445,-2.1537502399554824e-06,0.0009904202093347358,0.04185674085399995,0.00422724788418603,0.04229310743441155
885.7142857142858,1.0,0.0005053592294105948,1.5565258896236544e-09,0.002001047509271353,-1.5935100692943616e-06,0.0006136813387358899,0.033776728314545125,0.003747635280666262,0.034195519016588946
885.7142857142858,1.1,0.00043829514617796926,1.5236470697240875e-09,0.0014195396807992545,-1.2148929173129088e-06,0.0006931565299951008,0.0280897151607358,0.0033529155012533814,0.028495554890253252
885.7142857142858,1.2000000000000002,0.00038542645975333617,1.0234883535210579e-09,0.0010267309101272193,-9.407989347016642e-07,0.0005299124310759361,0.02342555967321428,0.002995999904251375,0.023811545183806963
885.7142857142858,1.3000000000000003,0.0003428250824299753,7.91468627343504e-10,0.0007648150098208837,-7.352004031095861e-07,0.00046101714544600223,0.019843344702134547,0.002664556778977119,0.02020323220261828
885.7142857142858,1.4000000000000001,0.0003078718552048232,9.016332124677851e-10,0.0005889586540547329,-6.038424045271066e-07,0.0005850741870401901,0.017179567197363174,0.0024620962147051968,0.017538633824616696
885.7142857142858,1.5000000000000002,0.0002788082145202185,6.65784771228647e-10,0.0004555409715371817,-5.088893175500227e-07,0.0004774058789605029,0.014796447412645635,0.0023115453129867753,0.015160780186930884
885.7142857142858,1.6,0.0002542999835509856,5.947802194058707e-10,0.00036063783771479377,-4.147990843612143e-07,0.0004678601195968837,0.012934978918587107,0.0020820431919346036,0.01327412446913033
885.7142857142858,1.7000000000000002,0.00023339813095890063,5.826660936676579e-10,0.0002885965400262766,-3.4740672568073173e-07,0.0004996149114120614,0.011348665304510914,0.0019129154407938485,0.011677341744625364
885.7142857142858,1.8000000000000003,0.00021538224376707845,6.997716073700928e-10,0.00023791859979895507,-3.009656933437891e-07,0.0006504845532852988,0.010193680592962868,0.0018064696898710472,0.010529051223460553
885.7142857142858,1.9000000000000001,0.00019974554257324583,5.097286863539868e-10,0.00019508891182008778,-2.5738142501688753e-07,0.0005112200584755077,0.009057799213525859,0.0016747728495827433,0.009376289283940442
885.7142857142858,2.0,0.0001860597304976141,4.2918985037790506e-10,0.00015998780317766215,-2.1922267873091365e-07,0.00046231429645332236,0.008009580645285005,0.001539048586986967,0.008312909101406224
885.7142857142858,2.1,0.00017397379645375897,3.7844268820566206e-10,0.00013726172577729974,-1.9171390205822195e-07,0.0004361615094608807,0.007377293593309807,0.0014455713333068989,0.007667727863166668
885.7142857142858,2.2,0.00016326047966767684,4.115293249868116e-10,0.00011385224152604123,-1.6564132947990798e-07,0.0005056005221681453,0.0065442177987017945,0.0013363307624287195,0.006830371754018131
885.7142857142858,2.3000000000000003,0.00015368568529685513,3.687021420750778e-10,9.922500755776298e-05,-1.492845632713653e-07,0.00048137787035919575,0.0060777113824325045,0.0012838659116417848,0.0063613617771961966
885.7142857142858,2.4000000000000004,0.00014510314100161105,3.1131554998012264e-10,8.345612985160882e-05,-1.327201378747875e-07,0.0004306894984889615,0.005430312503757732,0.0012129567752186875,0.005711069567924565
885.7142857142858,2.5000000000000004,0.00013735515800488305,3.0597195465722845e-10,7.349657599689138e-05,-1.1706401321939335e-07,0.0004473131763055341,0.005065126467253757,0.0011336654659058769,0.005331602946970662
885.7142857142858,2.6,0.00013034214076812397,3.234614922657546e-10,6.408160306794649e-05,-1.0593476461894153e-07,0.0004985005489064334,0.0046653947328041635,0.001084093189755713,0.004936084166450799
885.7142857142858,2.7,0.00012396993956204436,1.766437860401716e-10,5.4829645527418343e-05,-9.384632663090328e-08,0.00028634732336123677,0.004206593907718547,0.0010124145383570123,0.004452796142762907
885.7142857142858,2.8000000000000003,0.00011814603481123894,2.360411246129179e-10,4.946689239231148e-05,-8.538429216847837e-08,0.00040160095893953954,0.003990232839272649,0.0009688817731626388,0.004238007223042993
885.7142857142858,2.9000000000000004,0.00011281679898435665,2.2702432783850873e-10,4.286774306884796e-05,-7.707954424931486e-08,0.0004046304297424059,0.0036283691735687494,0.0009180033036674243,0.0038748224185717346
885.7142857142858,3.0000000000000004,0.00010791624058816284,2.1180893544397392e-10,3.7972218005663206e-05,-6.943469240356052e-08,0.00039477322846968697,0.003365830119938831,0.0008662848068154564,0.0036035478394552236
885.7142857142858,3.1,0.00010339540437202566,2.0991897636264812e-10,3.5079446774158875e-05,-6.405777124400889e-08,0.0004084659285467597,0.0032506179406333667,0.0008357440245235266,0.0034828576714825196
885.7142857142858,3.2,9.922536262363007e-05,1.8769738484683876e-10,3.0013362509038364e-05,-5.827447321635407e-08,0.00038069479279228684,0.002902775291738082,0.0007937441415605502,0.003135457294256718
885.7142857142858,3.3000000000000003,9.535545450032487e-05,1.3907594337218143e-10,2.7301621106702333e-05,-5.375847751964586e-08,0.00029361147716438894,0.0027514760727314876,0.0007632445563271556,0.0029701704974399398
885.7142857142858,3.4000000000000004,9.175856258808668e-05,1.8823250083383663e-10,2.4773572370060322e-05,-4.954040134084772e-08,0.0004130629203496816,0.002598023626427781,0.0007321137678465479,0.0028270707238740424
885.7142857142858,3.5000000000000004,8.84094063995491e-05,1.9792786756345349e-10,2.303186757343227e-05,-4.361451162603516e-08,0.0004508878472640363,0.0025100510430644627,0.0006699627441301962,0.002720543373417215
885.7142857142858,3.6,8.529056888674585e-05,1.3583340514547629e-10,1.9825302144202836e-05,-4.207390117701202e-08,0.0003208389998352581,0.0022424426259131575,0.0006709225776473695,0.0024559643329498024
885.7142857142858,3.7,8.236998439538462e-05,1.4757716402596886e-10,1.7899011262723212e-05,-3.910149634335958e-08,0.0003610307093877156,0.0020985920830813827,0.0006465051417801631,0.002317405812754691
885.7142857142858,3.8000000000000003,7.962839001665063e-05,1.7648902470688333e-10,1.7250137200959425e-05,-3.5028233638703254e-08,0.000446697283530303,0.002094226110103038,0.0005998480649667482,0.002303249197425098
885.7142857142858,3.9000000000000004,7.705929700992622e-05,1.7087524845617827e-10,1.5345125759140345e-05,-3.3162835668204236e-08,0.0004470071658926074,0.0019270923041306773,0.0005875506447058772,0.002145677439688363
885.7142857142858,4.0,7.464365526079323e-05,1.3326508205311292e-10,1.420529382473726e-05,-3.196140441466436e-08,0.0003599944328536102,0.0018434237497530557,0.0005852739852084188,0.002052534625374855
885.7142857142858,4.1,7.23700664499076e-05,1.2348567902918009e-10,1.2489372572289121e-05,-3.0274835552155204e-08,0.0003441469315268896,0.0016731994874384453,0.0005724785863256742,0.0018903695667372912
885.7142857142858,4.2,7.022137136474487e-05,1.446384484007987e-10,1.2148407735390662e-05,-2.6533128952374952e-08,0.0004155093337265655,0.0016786509024141118,0.0005176232976316675,0.001877867038714874
885.7142857142858,4.3,6.819416035693604e-05,1.4011708843917578e-10,1.1140573237102619e-05,-2.5001874807282628e-08,0.0004145578413648913,0.001586493259898912,0.00050276802057579,0.00178728017741181
885.7142857142858,4.3999999999999995,6.627835508149824e-05,1.020639980010245e-10,9.695332915087146e-06,-2.434214290548961e-08,0.0003107850273812584,0.0014217248022910856,0.0005041396756565654,0.0016205561921254722
885.7142857142858,4.5,6.445950313521131e-05,1.3534037518447426e-10,9.632849465367273e-06,-2.2490092875186226e-08,0.00042380130633032083,0.0014533929596656976,0.00047937656635458747,0.0016587834178074395
885.7142857142858,4.6,6.273697968357805e-05,1.076076188866999e-10,8.397445090316646e-06,-2.1031827894876588e-08,0.00034629222282967046,0.0013027474122321468,0.0004610096053708872,0.001497373980059194
885.7142857142858,4.7,6.109843068284796e-05,1.2667099661504236e-10,8.308013511556295e-06,-1.9784449315027684e-08,0.0004186355315629705,0.0013242609946253106,0.00044567854034414304,0.0015251824850881287
885.7142857142858,4.8,5.954296181723344e-05,9.802647127871265e-11,7.151290238275604e-06,-1.8375479929544165e-08,0.00033250753574048085,0.001170453996665936,0.0004251044287576987,0.0013571850906690247
885.7142857142858,4.9,5.805900585400168e-05,1.3634264605305333e-10,7.55123616880853e-06,-1.7323227746908394e-08,0.00047434251268792233,0.0012681996223142173,0.0004113248784578607,0.001473671405930699
885.7142857142858,5.0,5.6650562252458e-05,nan,nan,nan,nan,nan,nan,nan
900.0,0.1,0.009226448072792551,nan,nan,nan,nan,nan,nan,nan
900.0,0.2,0.005373251208131634,6.2346186697768885e-09,0.17742928335347827,-1.3193182356469964e-05,0.0002313363456717735,0.19230507986783274,0.0020144319033655995,0.19232631939301745
900.0,0.30000000000000004,0.0032943471770054997,9.214812108170923e-09,0.09430225769215597,-2.2153522483849354e-05,0.000555109775644677,0.17550316193935478,0.0057540655565839266,0.17569259101747384
900.0,0.4,0.002158465722800925,6.490198216951292e-09,0.04996698671802094,-1.7080573913663066e-05,0.0005960883765213116,0.15167492687713627,0.007202659597673018,0.15201774690836972
900.0,0.5,0.00152225413577656,3.569675756499471e-09,0.02549982309043329,-1.0939070196735182e-05,0.00046511795764117727,0.11813865201131638,0.007032846553184765,0.11855749362670717
900.0,0.6,0.0011410407796565278,4.653853707399563e-09,0.013593414831832578,-6.874683241842395e-06,0.0008095724864988625,0.08929793332371577,0.006270253078694059,0.08974078476835061
900.0,0.7000000000000001,0.0008957615718548214,2.4426923493954326e-09,0.007736377636117108,-4.490403864617375e-06,0.0005418388836055098,0.06780106175035995,0.0054679741896433345,0.06824276553107385
900.0,0.8,0.0007278461404142862,1.6778201777053589e-09,0.0047503789222693325,-3.1208022032835874e-06,0.0004584803102275504,0.053031733795332325,0.004845802163909501,0.05347465372265031
900.0,0.9,0.0006074344981964443,1.0095961741655515e-09,0.003060465649471443,-2.237488529172812e-06,0.0003309129229338065,0.042048250028906414,0.004279905046034793,0.04248293784876631
900.0,1.0,0.0005176275124733168,1.6012400071442501e-09,0.002077711046537841,-1.6347166972941581e-06,0.0006163141437954044,0.03420469289621924,0.003750650270066531,0.03461900654474668
900.0,1.1,0.00044859763721556776,1.2800789944648594e-09,0.001460146665202891,-1.2402885302401469e-06,0.000568951634065919,0.028208443910294673,0.0033416923891144575,0.028607233872730127
900.0,1.2000000000000002,0.00039416922860984756,1.4232003812839148e-09,0.0010624044421198744,-9.678055737223053e-07,0.0007203553944402017,0.023682791748841737,0.0030110969362505875,0.024073365914061555
900.0,1.3000000000000003,0.0003503648644253261,1.2560715442674901e-09,0.0007941117042150192,-7.695045732907942e-07,0.0007157148332517069,0.020146466202237177,0.0027264027216002697,0.020524592365285116
900.0,1.4000000000000001,0.00031450161728295486,5.84538757263359e-10,0.000597153747877412,-6.231046674762028e-07,0.00037134124209869316,0.01704376804040762,0.0024853335675940093,0.017406369214104437
900.0,1.5000000000000002,0.0002846099076193577,8.424120378076535e-10,0.00047262666647380147,-5.12152612824474e-07,0.0005916399633735256,0.015027797648766389,0.0022774943409484163,0.015380464913800016
900.0,1.6,0.0002594444646204986,8.000194826406351e-10,0.0003727180697658035,-4.2833264198003975e-07,0.0006166871245580033,0.01309575175662132,0.002105775891932747,0.013444240450644147
900.0,1.7000000000000002,0.0002380062023192975,5.465911020417954e-10,0.00029769075806280754,-3.56619928136226e-07,0.0004595687561086028,0.01147416108870365,0.0019242786703338277,0.011801409785839807
900.0,1.8000000000000003,0.00021954484759872448,4.3705842592283925e-10,0.00024027764819259384,-3.009938961623127e-07,0.00039855644984775214,0.010095436415150608,0.001771510237858083,0.01040928339040379
900.0,1.9000000000000001,0.0002034862693600774,6.187388304368051e-10,0.00020316573244149723,-2.641263005707814e-07,0.0006089763189189598,0.009253951284378838,0.001686009560649612,0.00957557951289971
900.0,2.0,0.00018945934844584531,5.187836674059986e-10,0.0001642348667894275,-2.2757493185843492e-07,0.0005486710299255502,0.008071053998184374,0.0015678896527066488,0.008388057490671882
900.0,2.1,0.0001770747761995075,5.161617410145341e-10,0.00014203375624300988,-1.990655102720457e-07,0.0005843049199076662,0.0074967932386618835,0.0014737363526269134,0.007803019849826284
900.0,2.2,0.00016611054151559977,3.3059916281002716e-10,0.00011661033362618108,-1.7368696323997818e-07,0.0003991598310860697,0.006585372356749331,0.0013763186489147122,0.006878587332766208
900.0,2.3000000000000003,0.00015631241016795386,3.0062454186315247e-10,0.00010021708101847099,-1.503531581302302e-07,0.0003858601220779235,0.006033155999859252,0.001270737000199376,0.00630693304227967
900.0,2.4000000000000004,0.00014751644963049266,4.00892281768499e-10,8.757923494899282e-05,-1.346341590842876e-07,0.0005453895972110114,0.005602833124695032,0.0012096473200993352,0.005883509336609648
900.0,2.5000000000000004,0.00013959628144252138,3.097621354149995e-10,7.461069151230858e-05,-1.2051639205384113e-07,0.00044550024938483184,0.0050577879076670815,0.0011476866144873108,0.005330483854331799
900.0,2.6,0.0001324222201696732,2.9207973211832887e-10,6.470365949038606e-05,-1.0840599956201313e-07,0.00044297906906471014,0.004635056093312036,0.0010913674081724195,0.004905317633244604
900.0,2.7,0.00012589519549172887,3.698957256260514e-10,5.8089059152218475e-05,-9.784173725897604e-08,0.0005902370582953239,0.004386654979639271,0.001038733121282357,0.004663588177559968
900.0,2.8000000000000003,0.00011994906140530672,2.676286021851944e-10,5.0031334628729744e-05,-8.740585410371903e-08,0.0004483996311507471,0.003974046383050157,0.0009763054677546451,0.004230892531911605
900.0,2.9000000000000004,0.00011450324066517187,2.629114496409757e-10,4.3914731554565386e-05,-7.982313643183476e-08,0.00046157826269696415,0.003661115063349928,0.0009361804100442826,0.003920419049028236
900.0,3.0000000000000004,0.00010949656724058268,2.1504021024358077e-10,3.918219573804991e-05,-7.098243708417077e-08,0.0003949374485196964,0.0034219289786413757,0.0008723380067788886,0.003658896106648942
900.0,3.1,0.00010488171577337399,2.366799500597494e-10,3.5334240402447384e-05,-6.561428684789038e-08,0.00045389679370759316,0.003226972433282956,0.0008435388573771733,0.0034702289538755984
900.0,3.2,0.00010062020671018977,1.9556932393203388e-10,3.093408788463764e-05,-6.058862672566477e-08,0.00039108442930478816,0.002949426185158843,0.0008133637166683538,0.003189856254399313
900.0,3.3000000000000003,9.666803852585193e-05,2.427266847895165e-10,2.8399528674830547e-05,-5.3432009965716766e-08,0.0005053144748815014,0.002822447856485525,0.0007479444471525895,0.003056206212472792
900.0,3.4000000000000004,9.29998656282624e-05,2.041752994550507e-10,2.5475898895918047e-05,-5.112212776268532e-08,0.0004419513640365959,0.0026354004161473735,0.0007449912570321346,0.0028723997471995777
900.0,3.5000000000000004,8.958645171963204e-05,1.3958642078679172e-10,2.2887437906096173e-05,-4.6625892339781035e-08,0.00031376145090265085,0.0024610183844331005,0.0007064744727590495,0.0026745597951645422
900.0,3.6,8.640191219006265e-05,1.722557351585264e-10,2.0430808186268765e-05,-4.2565955529103214e-08,0.00040154049371554694,0.0022805689693134196,0.0006697563504682281,0.0025018746431173643
900.0,3.7,8.342168074235594e-05,1.7615960246572288e-10,1.907139969454667e-05,-3.891083721827582e-08,0.0004254079415535016,0.0022072890762642326,0.0006349276987029172,0.002420612184570788
900.0,3.8000000000000003,8.06321632915947e-05,1.3693857109946462e-10,1.7064420407903105e-05,-3.681455826537549e-08,0.0003422155065786413,0.002045561807919669,0.0006223245092611708,0.0022530002557959853
900.0,3.9000000000000004,7.80132900449125e-05,1.0284442848869077e-10,1.538501720617618e-05,-3.46125637208519e-08,0.0002657186745983709,0.001908049663821925,0.000605488223867863,0.0021081963646981733
900.0,4.0,7.554826697029205e-05,1.3957012827910044e-10,1.4466162054496209e-05,-3.220282148275299e-08,0.00037242667707045436,0.0018543202121289843,0.0005824159672943508,0.0020629158482164634
900.0,4.1,7.322790551621657e-05,1.4347432000920733e-10,1.3310002954009151e-05,-2.95844620873875e-08,0.00039506798316730276,0.0017617879916746555,0.0005525989071431345,0.001967411177991136
900.0,4.2,7.104064409168118e-05,1.4752721894491045e-10,1.2450489882815089e-05,-2.747961229608476e-08,0.000418800743890768,0.00170023842619094,0.0005296711289613259,0.0019045492324143358
900.0,4.3,6.897788756597394e-05,1.0034137697533691e-10,1.067185084735998e-05,-2.659819977461992e-08,0.0002934539689300585,0.001502217636651418,0.0005285493858016815,0.0017033795719715687
900.0,4.3999999999999995,6.70218495487403e-05,1.4540457025924047e-10,1.0738241329271389e-05,-2.4148485832869807e-08,0.0004377077075298865,0.0015567657561273958,0.0004943651818864431,0.001761789295802765
900.0,4.5,6.517319394479937e-05,1.1054048826339286e-10,9.224407734742945e-06,-2.3146162210469608e-08,0.0003422769475365879,0.0013763284357043415,0.000487734154905698,0.0015770867710644442
900.0,4.6,6.341678241820587e-05,1.2149100798563042e-10,9.077503351487193e-06,-2.1202259623072092e-08,0.00038667420379529373,0.001392827756634989,0.0004595539040102696,0.0015848866460778008
900.0,4.7,6.175114592512725e-05,1.1443777844338384e-10,7.975045364644728e-06,-1.975209416229605e-08,0.00037411004730253687,0.001257560705627227,0.0004400603622515996,0.001452144448972062
900.0,4.8,6.016525988569506e-05,1.3197809987013663e-10,8.083278179469513e-06,-1.879553032839678e-08,0.0004428928877788239,0.0013090086116410572,0.00043011300858117297,0.0015098516667861816
900.0,4.9,5.866020662805757e-05,9.300471783749972e-11,6.89059597298904e-06,-1.8485353172427234e-08,0.00032018269979195086,0.0011452781864617783,0.0004342328022105574,0.0013383928192658942
900.0,5.0,5.722405933014997e-05,nan,nan,nan,nan,nan,nan,nan
914.2857142857143,0.1,0.009356187883490364,nan,nan,nan,nan,nan,nan,nan
914.2857142857143,0.2,0.005500091883108582,5.8213105022342125e-09,0.1743755481303335,-1.2284796722753004e-05,0.00021108690449235268,0.18637456868307567,0.001850230387139045,0.18639305543516024
914.2857142857143,0.30000000000000004,0.0033877513640301355,8.295753044562657e-09,0.09466258538465301,-2.2064095244200494e-05,0.0004860994658082372,0.17211091632009418,0.0056004727708900675,0.1722937445171707
914.2857142857143,0.4,0.002222036698798219,8.069693665227874e-09,0.05099586151599711,-1.728613084929193e-05,0.0007200231637755681,0.1505301187609336,0.007090309039596731,0.15086543690352383
914.2857142857143,0.5,0.0015662806487262736,8.185295198625977e-09,0.026264528863029598,-1.1132740576383126e-05,0.0010362851051449993,0.1182002478952516,0.006953277282492199,0.11861310475344838
914.2857142857143,0.6,0.0011731698872846242,4.4832675446360865e-09,0.013997200853516314,-7.0771440470408894e-06,0.0007585325655094087,0.08936585448399098,0.006271926851094672,0.08980815916250458
914.2857142857143,0.7000000000000001,0.000920031134378138,3.6433760601726823e-09,0.007994946435246722,-4.656268542304608e-06,0.0007867844708945009,0.0681482411192085,0.005514620534133737,0.06859755007809244
914.2857142857143,0.8,0.0007468418458241192,2.8150900990888383e-09,0.004898869142239819,-3.190262828149867e-06,0.0007496074421430801,0.05324677567081504,0.00482254493322582,0.0536870087630274
914.2857142857143,0.9,0.0006226412486924986,3.1315747391467407e-09,0.0031781927650088183,-2.266020842374396e-06,0.0010009550537039928,0.042555097612423834,0.004223801794590812,0.04298394173435509
914.2857142857143,1.0,0.0005302225792109662,2.0927655000055858e-09,0.002135745913484782,-1.6729086202731262e-06,0.0007861926086119932,0.03430138812630377,0.0037430191968291626,0.03471633205891476
914.2857142857143,1.1,0.00045916136886428154,1.7917180754365922e-09,0.0015102288006167,-1.26850287308835e-06,0.0007778428833997722,0.028482921320780022,0.00333578371764889,0.02888142573590964
914.2857142857143,1.2000000000000002,0.00040320244652376384,1.4808035261164988e-09,0.0010917463368913974,-9.952962064975544e-07,0.0007325504487764677,0.023776964068031054,0.0030246323749186167,0.024169763185833124
914.2857142857143,1.3000000000000003,0.0003581609875521601,1.0459878079269886e-09,0.0008131144404461404,-8.102681671787784e-07,0.0005829711960708573,0.02016640641584543,0.0028058659323761115,0.02056136110293863
914.2857142857143,1.4000000000000001,0.0003212506729850178,1.1780845212734965e-09,0.0006243163124663855,-6.48280084026628e-07,0.000732468010089502,0.01743116459258323,0.0025291884778852946,0.01780942439139646
914.2857142857143,1.5000000000000002,0.0002905835215425393,7.547356509749195e-10,0.0004835844872122312,-5.203461433466821e-07,0.0005191165786869164,0.015053182074883445,0.0022646578246696644,0.015398867579388263
914.2857142857143,1.6,0.00026475221497218316,7.331849412743942e-10,0.0003804914482365693,-4.3808718507929873e-07,0.0005537537625384199,0.013094047667147848,0.00210925274662497,0.013440930839690956
914.2857142857143,1.7000000000000002,0.00024272582288419268,7.774293799615258e-10,0.0003097216231295429,-3.716366695836e-07,0.0006407771742433775,0.011698547004114192,0.001964806350291682,0.012041076587365163
914.2857142857143,1.8000000000000003,0.00022379664702749762,6.756772374655847e-10,0.00024857982068078203,-3.1046392092584854e-07,0.0006043013526026671,0.01024117737977069,0.001791246116472483,0.010567119737574652
914.2857142857143,1.9000000000000001,0.00020735326937761038,4.401209581875122e-10,0.00020549488841913583,-2.6784937097145e-07,0.00042506538004041236,0.009182214798503525,0.0016768837210687554,0.00949303045455648
914.2857142857143,2.0,0.0001929648406119145,4.897060247637035e-10,0.00017046832298566922,-2.313096991750139e-07,0.0005084187127527911,0.00822115433710524,0.001563779691706474,0.008528580308021299
914.2857142857143,2.1,0.0001802810950760753,4.381245627455715e-10,0.00014307230401865793,-2.049012982647849e-07,0.00048706134357487965,0.007414423454809625,0.0014891170278903086,0.007723072119638777
914.2857142857143,2.2,0.0001690280725804227,5.144884655629767e-10,0.00012254369016015016,-1.8207011215754566e-07,0.0006102718923690426,0.006797367749981716,0.0014168463650518245,0.007112773534664824
914.2857142857143,2.3000000000000003,0.0001590004869863716,4.1893359220506353e-10,0.00010386716184351004,-1.5716220676952572e-07,0.0005284941926368813,0.00614496516808417,0.0013049500353798536,0.006437832882134669
914.2857142857143,2.4000000000000004,0.0001500115730107556,2.535419847042296e-10,8.77962607349718e-05,-1.373360082075047e-07,0.0003391701062370574,0.005521760492626484,0.001212767342835776,0.005791932713230829
914.2857142857143,2.5000000000000004,0.0001419006216424893,3.341442232031375e-10,7.722374055949779e-05,-1.2186843263532963e-07,0.0004726638079676337,0.005147852196307613,0.0011411873463269154,0.005415571108315809
914.2857142857143,2.6,0.000134561907679818,3.244973980727222e-10,6.727466278638466e-05,-1.1018090909697142e-07,0.00048420717097436526,0.004740970265505914,0.001090995058717953,0.005009171196827694
914.2857142857143,2.7,0.00012789594034501054,2.243131660132532e-10,5.767330712500136e-05,-9.951914149947963e-08,0.00035229590042671976,0.004286005461681738,0.0010395003958313083,0.004544785733661165
914.2857142857143,2.8000000000000003,0.0001218067060814531,3.019812092718223e-10,5.2586592597735166e-05,-9.184829921233545e-08,0.0004981073371172911,0.004111670194994323,0.0010097688822346032,0.0043810054899250436
914.2857142857143,2.9000000000000004,0.00011624333774387301,2.069089789571353e-10,4.408102439021799e-05,-8.17248393648416e-08,0.0003577723846371077,0.0036189324716441036,0.0009436156490453079,0.003873692592317493
914.2857142857143,3.0000000000000004,0.00011112077965019509,3.0132191908924434e-10,4.181076488295832e-05,-7.311678726957525e-08,0.0005451306144092941,0.0035968310695863605,0.000884998670874577,0.0038471816209801626
914.2857142857143,3.1,0.00010641632920534676,1.7337867334703564e-10,3.43084143175954e-05,-6.728545969781176e-08,0.000327665585277565,0.0030874886250436035,0.0008520971480508683,0.003330478921263694
914.2857142857143,3.2,0.00010205496290367438,2.7399996560299294e-10,3.365620074973076e-05,-6.070792366002046e-08,0.0005400358885240372,0.0031626913840249013,0.0008031165464083026,0.0034035640034688476
914.2857142857143,3.3000000000000003,9.803015860949931e-05,1.6399162445530926e-10,2.7748278157408794e-05,-5.7310144321275025e-08,0.0003366097784690559,0.002718954313236025,0.000790681642945059,0.002959117034084047
914.2857142857143,3.4000000000000004,9.428283709689833e-05,1.568062281243447e-10,2.5646848006800402e-05,-5.164891464824061e-08,0.00033474899791626254,0.0026162201888261737,0.0007421031923404441,0.002838679140760956
914.2857142857143,3.5000000000000004,9.079198406436535e-05,2.5238185566248585e-10,2.4727869321208923e-05,-4.720995804288655e-08,0.0005595551101702295,0.002622732841163348,0.000705484752416545,0.002861336566924425
914.2857142857143,3.6,8.754840972504446e-05,1.7237195273391443e-10,2.044926428824208e-05,-4.44179921025552e-08,0.00039646022489947806,0.0022523204552667275,0.0006893530471701822,0.0024860698683717426
914.2857142857143,3.7,8.450932802860599e-05,1.6395164992689907e-10,1.936368815344248e-05,-4.187361564314832e-08,0.0003907433199144663,0.002211769261629801,0.0006741732612732308,0.00244000466827008
914.2857142857143,3.8000000000000003,8.166388321370194e-05,1.247313208965462e-10,1.6983333997611774e-05,-3.79883010855774e-08,0.0003077254095975629,0.0020096401656232556,0.0006337583320140436,0.0022218568292742672
914.2857142857143,3.9000000000000004,7.898827173877402e-05,2.044020249382776e-10,1.6870211559358617e-05,-3.340372849846199e-08,0.0005214013572054381,0.00206581060016603,0.000576873809422774,0.0022814468205614373
914.2857142857143,4.0,7.648136237943968e-05,1.5594714994382796e-10,1.4057203589146939e-05,-3.274484191577651e-08,0.0004109422354722362,0.0017796570654990667,0.0005846930095268502,0.0020049400545788893
914.2857142857143,4.1,7.41150250559968e-05,1.4859556129310225e-10,1.4133668176659718e-05,-3.050131439254128e-08,0.0004041666849640312,0.0018479885473979534,0.0005626261735516857,0.002052196092696708
914.2857142857143,4.2,7.189002441432053e-05,1.22318194733712e-10,1.1706883440335912e-05,-2.9141602095268726e-08,0.0003430648502306257,0.001579556025447054,0.0005548379256838985,0.0017967695947294629
914.2857142857143,4.3,6.978209260704762e-05,1.4519278994982166e-10,1.208576183013728e-05,-2.6637120140064558e-08,0.0004196104492777241,0.001681145879222958,0.0005229624060365155,0.0018839595942127816
914.2857142857143,4.3999999999999995,6.779501841807608e-05,1.233510731869321e-10,1.0149980860195405e-05,-2.427315780839828e-08,0.0003669989055408922,0.0014545251483573758,0.0004910498282885659,0.001653055193148952
914.2857142857143,4.5,6.590944403770649e-05,1.315028633469685e-10,9.750957875916272e-06,-2.4183037340753977e-08,0.00040252437498436916,0.0014383000555858528,0.000503652186007575,0.0016547096335294727
914.2857142857143,4.6,6.412137923609606e-05,1.1823213181257977e-10,9.390138158280513e-06,-2.193367045189644e-08,0.00037207351429671085,0.0014247029838255743,0.0004699658802506518,0.0016155349421668784
914.2857142857143,4.7,6.242721581606844e-05,1.0712606995989578e-10,8.143986421180095e-06,-2.0351254444048476e-08,0.00034633523866197004,0.001270089090129174,0.0004483141639823333,0.0014611795145219337
914.2857142857143,4.8,6.0814492260252625e-05,9.096855203900555e-11,7.861925233736424e-06,-1.9250550251307602e-08,0.0003019570469361174,0.0012593746382828124,0.00043565499441076944,0.0014341523928977844
914.2857142857143,4.9,5.928038795677418e-05,1.1581857272431005e-10,7.017845262472485e-06,-1.8201434721243656e-08,0.0003944389938192146,0.0011539758043921445,0.0004229193439563,0.0013582944525957785
914.2857142857143,5.0,5.7816462105920454e-05,nan,nan,nan,nan,nan,nan,nan
928.5714285714286,0.1,0.009485148296082975,nan,nan,nan,nan,nan,nan,nan
928.5714285714286,0.2,0.005628120580637007,5.652616269781915e-09,0.17117556966891528,-1.1384465190184211e-05,0.00020037076083728955,0.180466940869659,0.0016917851252092472,0.18048291101684547
928.5714285714286,0.30000000000000004,0.0034828485618801923,8.795123717091514e-09,0.09496780079303452,-2.1888935569897698e-05,0.000501411517355117,0.1687380350729547,0.0054313466991447144,0.1689135132182267
928.5714285714286,0.4,0.002287254551053723,8.308703987270802e-09,0.05203170898566166,-1.7441573730029903e-05,0.0007202773267518523,0.14939411823743695,0.006960429848676701,0.14971979338325786
928.5714285714286,0.5,0.0016119776300838702,4.553180902365923e-09,0.026951323835883292,-1.1396201779790795e-05,0.0005602426416561219,0.11783263836317213,0.006915516590738571,0.11823913596976764
928.5714285714286,0.6,0.0012062139474728504,4.5182164124489175e-09,0.014459397817435306,-7.2973040488995e-06,0.0007435089368086706,0.08969974240078626,0.006285238143380865,0.09014213792308537
928.5714285714286,0.7000000000000001,0.0009450442430361838,2.930619988778127e-09,0.008253752081792277,-4.797571562934781e-06,0.000616166858956391,0.06842693287608545,0.0055263535529973635,0.06887456694318907
928.5714285714286,0.8,0.0007664120594174398,2.229909280350789e-09,0.005070722027539729,-3.272223272765471e-06,0.0005786646867919745,0.053655922089412514,0.0048159259148340735,0.0540895471687385
928.5714285714286,0.9,0.0006384870960740931,1.1475288605671433e-09,0.0032682608217870293,-2.3200460005085e-06,0.00035777776116086636,0.04264365078325202,0.004214387073232063,0.04305962231437223
928.5714285714286,1.0,0.0005432447409486167,1.4395294516791344e-09,0.002208837143994409,-1.7132341030933046e-06,0.0005278517313335207,0.034594859591932696,0.0037390775776424325,0.03500063342139777
928.5714285714286,1.1,0.0004700907572630844,1.358272005312564e-09,0.001560109566137624,-1.3180449648947916e-06,0.0005759399503639762,0.028718355623900804,0.0033831376017943076,0.02911987116442326
928.5714285714286,1.2000000000000002,0.0004125378692389284,6.643128549875909e-10,0.001118559636379871,-1.0320402627935102e-06,0.0003212587766729858,0.023794546459331337,0.0030632689975311463,0.02418782508431334
928.5714285714286,1.3000000000000003,0.00036617057757857104,1.0751686965354007e-09,0.0008436868181371801,-8.125770352596598e-07,0.0005860641650026483,0.020451136272499258,0.0027507107778829525,0.020826071775756416
928.5714285714286,1.4000000000000001,0.0003282401540995855,9.023835535659157e-10,0.0006401432528993369,-6.609707207582216e-07,0.0005490528760853297,0.017482105119764252,0.002522021691669742,0.017850676326283284
928.5714285714286,1.5000000000000002,0.00029671116314959335,1.0110830250028485e-09,0.0005027422704118456,-5.429707999680185e-07,0.0006809001090919801,0.015316294004033329,0.002312583986291718,0.015676369999583915
928.5714285714286,1.6,0.00027020959490371964,7.137927481675992e-10,0.0003896075848376927,-4.484697708279967e-07,0.0005281555835057705,0.013130870463450128,0.002114111065372349,0.013477300866336512
928.5714285714286,1.7000000000000002,0.00024760410250622287,6.976768950524339e-10,0.0003187729661313176,-3.799314987114188e-07,0.0005636147339390819,0.011797248215589902,0.001967854955608556,0.012134151527040473
928.5714285714286,1.8000000000000003,0.00022818633977003924,5.390452363974818e-10,0.00025415129649994714,-3.267988296253011e-07,0.0004727796781151536,0.010264421870536647,0.0018480194156052338,0.010602463321384212
928.5714285714286,1.9000000000000001,0.00021131008999885508,5.776078732416433e-10,0.00021364325553665733,-2.777421647616567e-07,0.0005472956466701708,0.00936266630824448,0.001705192619692073,0.00968371915458648
928.5714285714286,2.0,0.0001965702727830375,4.480182229735767e-10,0.00017463715614937373,-2.403684106884793e-07,0.0004565516422752619,0.008264496794749365,0.0015942789841138143,0.008578682744504584
928.5714285714286,2.1,0.00018357682712871366,3.259603463065523e-10,0.00014672198168890879,-2.0668481028598567e-07,0.0003558513235921188,0.007464098187972286,0.001474350803415605,0.0077580160161769395
928.5714285714286,2.2,0.0001720506012912789,3.732974455806819e-10,0.00012496850024156173,-1.8017359439240804e-07,0.0004349611813333842,0.006807422385285096,0.0013768701910266508,0.007093781347548223
928.5714285714286,2.3000000000000003,0.00016177406045625976,3.982538142709141e-10,0.00010609200319624458,-1.6321033663358982e-07,0.000493693899332044,0.006166325627460758,0.0013311934803699476,0.006466177972688032
928.5714285714286,2.4000000000000004,0.00015255843965320307,4.648962902456343e-10,9.303356909237408e-05,-1.4407849335519468e-07,0.00061131882732973,0.005750833528563646,0.001250244679444993,0.006047480508348962
928.5714285714286,2.5000000000000004,0.00014427315454107012,2.942535991375202e-10,7.799497198159878e-05,-1.278690760607721e-07,0.0004093347353396812,0.005112465240133389,0.0011769967342938796,0.005392170099524372
928.5714285714286,2.6,0.00013676781914875316,2.259228609647525e-10,6.799796390015768e-05,-1.1303605872775373e-07,0.0003316555910785469,0.004713140439498796,0.001100707339626425,0.004974615716670739
928.5714285714286,2.7,0.00012994246339543777,3.241404666654998e-10,6.088719336958501e-05,-1.0102828489094546e-07,0.0005009355703045422,0.004451865486234164,0.0010381692573586054,0.004714407021775732
928.5714285714286,2.8000000000000003,0.00012372597957581823,2.0618303480447664e-10,5.1616538861159885e-05,-9.246419662698842e-08,0.0003347845001794774,0.0039722610694305285,0.0010002769442089914,0.004229899123561452
928.5714285714286,2.9000000000000004,0.0001180256611448103,3.2429952611133484e-10,4.811436152070316e-05,-8.250863169186702e-08,0.0005521087469802428,0.0038887840440349143,0.0009377991614758304,0.004145648314095417
928.5714285714286,3.0000000000000004,0.00011280648632900939,1.848961398303431e-10,3.990145268349291e-05,-7.578083485941668e-08,0.00032946765185826453,0.0033807438396414712,0.0009030997854585161,0.0036289332162338277
928.5714285714286,3.1,0.00010798632604004341,2.832364992058745e-10,3.794717064086925e-05,-6.83852780777716e-08,0.0005273350175441511,0.0033639174373531334,0.0008529932483956742,0.00361237009588912
928.5714285714286,3.2,0.00010354563745748613,1.8142317867771855e-10,3.20797496678108e-05,-6.3388333718789e-08,0.0003523742512610016,0.0029707233169424634,0.0008261231062094409,0.0032115920369816045
928.5714285714286,3.3000000000000003,9.942574637160695e-05,2.1757206645208176e-10,2.9195455085226204e-05,-5.9085908269499944e-08,0.00044021353573190833,0.0028195736490794518,0.0008033288241779015,0.0030715562698955885
928.5714285714286,3.4000000000000004,9.559780983658004e-05,2.488955256060692e-10,2.791496087011348e-05,-5.107982788702632e-08,0.0005238565499817763,0.002807618940649479,0.0007234486670913833,0.0030337939529053565
928.5714285714286,3.5000000000000004,9.204902291025426e-05,1.4511626455890526e-10,2.2984922563531624e-05,-4.867482630251615e-08,0.0003173016476223863,0.002404335685391043,0.0007171297499621909,0.0026286994084889904
928.5714285714286,3.6,8.87300852095638e-05,1.9231348972687067e-10,2.1928732637594086e-05,-4.734534323351367e-08,0.0004363225236354806,0.002382288474585343,0.0007246554218187104,0.002629814951953141
928.5714285714286,3.7,8.563043483524927e-05,1.5158063862765496e-10,1.902740464859671e-05,-4.2483483760050316e-08,0.00035646394836184213,0.0021444141075326996,0.0006747082906839634,0.0023740347440807034
928.5714285714286,3.8000000000000003,8.272105850742072e-05,2.2287781429098306e-10,1.9328595201036446e-05,-3.743067957225957e-08,0.0005426300422796985,0.002257210913178727,0.0006161658616625077,0.002479671189394717
928.5714285714286,3.9000000000000004,8.000496813160253e-05,1.2674366598917588e-10,1.574059817710879e-05,-3.5642952179696956e-08,0.0003191467290713288,0.0019028526062316695,0.0006074474346779927,0.00211203395983903
928.5714285714286,4.0,7.744628373755543e-05,1.2896372216912207e-10,1.4487087702241013e-05,-3.3570217510693464e-08,0.0003355425510191206,0.0018107735107663289,0.0005917201084877959,0.0020228086623343923
928.5714285714286,4.1,7.503247022053074e-05,1.594396129766766e-10,1.4571093033827336e-05,-3.072528200715617e-08,0.00042823961030413727,0.0018814450907941361,0.0005595951739327252,0.0020855498821376554
928.5714285714286,4.2,7.276436763384432e-05,1.5632158417002126e-10,1.1966378258581221e-05,-2.936571883287289e-08,0.00043304056696462194,0.0015948266428401456,0.000552114661354012,0.0018277465228838275
928.5714285714286,4.3,7.061592882974371e-05,1.5656711566704057e-10,1.25870950174248e-05,-2.7825748721004056e-08,0.00044700202641219546,0.0017298432497570783,0.0005395783727778192,0.0019427964692900431
928.5714285714286,4.3999999999999995,6.859336097581735e-05,1.2200710545049515e-10,1.0173832777301583e-05,-2.5268025789509877e-08,0.00035869530083626125,0.0014407277431457259,0.0005049847842095094,0.001647536953539447
928.5714285714286,4.5,6.667253144966401e-05,1.4240073879876897e-10,9.84031369679521e-06,-2.364449365710184e-08,0.00043076429270860804,0.0014345868983245218,0.00048659609732545797,0.0016483776777734683
928.5714285714286,4.6,6.485010506047862e-05,1.4220526996710728e-10,9.74694989735352e-06,-2.405100441401096e-08,0.0004423477163029063,0.0014619138774882442,0.0005092824514050786,0.0016886683860158696
928.5714285714286,4.7,6.312514817026676e-05,1.0749218124663501e-10,8.209836537548664e-06,-2.1710890741543272e-08,0.0003436004975024173,0.0012659712008010237,0.0004727415558123469,0.0014723157067440566
928.5714285714286,4.8,6.14822896454304e-05,1.31399033410794e-10,8.477460830987579e-06,-1.9685970696699907e-08,0.00043128763101238013,0.0013429609397702196,0.0004404856681416626,0.0015419495303313907
928.5714285714286,4.9,5.992420572890391e-05,8.660790601116975e-11,7.095907910078265e-06,-1.8423563472939724e-08,0.00029173688300296937,0.0011541385252567058,0.0004232982836446322,0.0013324822769023965
928.5714285714286,5.0,5.84370808914782e-05,nan,nan,nan,nan,nan,nan,nan
942.8571428571429,0.1,0.0096132312891991,nan,nan,nan,nan,nan,nan,nan
942.8571428571429,0.2,0.0057573028733225295,5.960516768422325e-09,0.167836622549186,-1.0464067256972873e-05,0.0002066055783072386,0.17458918598760653,0.0015346970913011292,0.17460279820210256
942.8571428571429,0.30000000000000004,0.003579740682937819,8.528610329290554e-09,0.09519895646310712,-2.1727466076947063e-05,0.0004731800067410877,0.16535339299974675,0.005271876764834139,0.1655220645264391
942.8571428571429,0.4,0.00235416805718418,7.825574853551205e-09,0.05300084006032452,-1.7743857359763184e-05,0.000659210875007536,0.148057763828937,0.006891189484164,0.1483796245244485
942.8571428571429,0.5,0.0016586038320337863,4.3066115114832235e-09,0.027714048575981635,-1.1686810100879405e-05,0.0005151489982851545,0.11772332264643168,0.006891315615498959,0.11812716256319343
942.8571428571429,0.6,0.001240180092643209,3.4790294378919973e-09,0.0148899084153593,-7.3990462236460095e-06,0.0005569302509001814,0.08977374902782687,0.006195422707967546,0.09020201057003337
942.8571428571429,0.7000000000000001,0.000970655437406225,3.0803915321687443e-09,0.008530657436812146,-4.879290130982706e-06,0.0006306091961182413,0.06878563433985355,0.005467608215918572,0.06922174975179282
942.8571428571429,0.8,0.0007864373565373625,3.47921666464821e-09,0.005234785735056857,-3.350339836325567e-06,0.0008796682781080502,0.053930421994494736,0.004801105840576358,0.054363273148042
942.8571428571429,0.9,0.0006545671330190686,2.676218880697047e-09,0.0033863774706243345,-2.413126520613166e-06,0.0008137254771979726,0.04305972297061722,0.004270862493185671,0.04348887701849683
942.8571428571429,1.0,0.0005565606842070181,1.663341930389214e-09,0.002274310863535091,-1.7514381214500887e-06,0.0005953138568737414,0.03474526521130472,0.0037277701088183923,0.03514797850745456
942.8571428571429,1.1,0.00048129734403031844,1.3957632219614014e-09,0.0015974862152512337,-1.349802231562475e-06,0.0005780359627581508,0.02870282182305629,0.0033816810029561914,0.029104254654463625
942.8571428571429,1.2000000000000002,0.0004220088660061312,1.549355060385625e-09,0.0011679201806004422,-1.0575643063382062e-06,0.0007322783630286426,0.024266084055657524,0.003065829036487083,0.024661258734280593
942.8571428571429,1.3000000000000003,0.0003743995897879484,9.641933114870768e-10,0.0008623481553278671,-8.267827393215449e-07,0.0005140049679679133,0.020434361095042458,0.0027353612382820785,0.020803646715839813
942.8571428571429,1.4000000000000001,0.00033541379512304424,9.135246480745181e-10,0.0006617147772997662,-6.714336755664363e-07,0.000543896773067447,0.017674025168525075,0.002505557428716007,0.0180339298383519
942.8571428571429,1.5000000000000002,0.00030304514823113776,7.353162483896174e-10,0.0005136145485446808,-5.562506317625644e-07,0.00048481546015204156,0.01531286297739379,0.0023182740278442503,0.01566740589667588
942.8571428571429,1.6,0.0002758126468246781,7.302801632255478e-10,0.00040446197498412664,-4.662646133767942e-07,0.0005293161721169903,0.013346591336140995,0.002151953061113036,0.013699397061859547
942.8571428571429,1.7000000000000002,0.0002526247651680597,5.504667869738341e-10,0.00032491582330574433,-3.9289301799189115e-07,0.000435836178605658,0.011780309099179162,0.0019934163238322935,0.012120769485763972
942.8571428571429,1.8000000000000003,0.00023268604174449871,5.421051351423067e-10,0.00026374714569664517,-3.323235080858178e-07,0.0004662258322369237,0.010440272770612427,0.0018418372893092263,0.010770394201328762
942.8571428571429,1.9000000000000001,0.0002153847897779042,5.158448118904221e-10,0.00021835994332535788,-2.817357506263456e-07,0.00047946878854477905,0.009384316381346519,0.0016961053014287904,0.009697877636445354
942.8571428571429,2.0,0.00020026713724456327,5.213117443549228e-10,0.00017895969897840564,-2.456313107882238e-07,0.0005213404597331252,0.008308836439329882,0.0015981702443896935,0.00862652045210559
942.8571428571429,2.1,0.0001869390817010064,6.201311360326665e-10,0.0001538286996844893,-2.1321849199689995e-07,0.0006645947307198682,0.007681175344142259,0.0014926116568728426,0.007993617450192681
942.8571428571429,2.2,0.00017514931315429442,4.1308943384221746e-10,0.0001269365607192203,-1.8776787660322483e-07,0.0004727351825147513,0.006790263414380352,0.0014086162409312044,0.007092217933614976
942.8571428571429,2.3000000000000003,0.00016462891021477464,3.351977661654344e-10,0.00010916758143233603,-1.6358953947546934e-07,0.0004082770657499093,0.006232829547905048,0.0013104709810051705,0.006515329824327308
942.8571428571429,2.4000000000000004,0.00015520018308957823,3.108729096046383e-10,9.342832301951444e-05,-1.4515706280682863e-07,0.00040178146537388784,0.005675086040333256,0.0012376278710783085,0.005952434410024443
942.8571428571429,2.5000000000000004,0.00014670573919457695,4.0899803665307803e-10,8.085420244319663e-05,-1.3284972513240452e-07,0.000559361910121695,0.005209671846619493,0.0012018927642897304,0.0055084170983739755
942.8571428571429,2.6,0.00013901983732400765,4.103881648798119e-10,7.212021080726774e-05,-1.1678845396265129e-07,0.0005924963840131315,0.004915977466403967,0.0011180715989813953,0.005197889438623895
942.8571428571429,2.7,0.00013205513756151102,2.7404410254796664e-10,5.968934415372301e-05,-1.0386562735825626e-07,0.0004166727006998366,0.004293584664079817,0.0010496892875975505,0.004562036892455386
942.8571428571429,2.8000000000000003,0.00012568733124055162,3.506824019554516e-10,5.54643202912774e-05,-9.380307598745709e-08,0.0005603483920345629,0.004200088032579743,0.0009983658268713596,0.0044663406106570476
942.8571428571429,2.9000000000000004,0.000119874168122505,2.363964210090087e-10,4.689219094531249e-05,-8.61242202468562e-08,0.00039618792272380355,0.0037308605793821845,0.0009633131757686809,0.0039915197709793765
942.8571428571429,3.0000000000000004,0.00011452992691391151,2.7073281738995437e-10,4.2844053660691225e-05,-7.842675963754697e-08,0.0004750430003898178,0.0035740855875560193,0.0009200737641413907,0.0038331221089756102
942.8571428571429,3.1,0.00010961412624192494,2.0337355412682076e-10,3.7501157986516826e-05,-7.016266266109644e-08,0.0003729648385043811,0.0032743544850688026,0.0008617794279627606,0.0035136629931697243
942.8571428571429,3.2,0.00010507333714980353,2.2443901020948366e-10,3.3318853857370824e-05,-6.608648597567993e-08,0.0004294912003449966,0.003039649632733844,0.0008483676735919168,0.0032959654124617723
942.8571428571429,3.3000000000000003,0.00010086573659625584,1.934897236876675e-10,3.0544153877933905e-05,-5.9114960228347116e-08,0.00038582848154761776,0.0029069366888373376,0.0007918653999670291,0.0031389880779340035
942.8571428571429,3.4000000000000004,9.696357758148748e-05,1.5615320843341218e-10,2.7425875361974498e-05,-5.399821962479718e-08,0.0003239895141878571,0.002719047744801039,0.0007537266311061838,0.0029384345343547564
942.8571428571429,3.5000000000000004,9.333567732033887e-05,1.8423055692325987e-10,2.432312858575492e-05,-5.119623072569842e-08,0.0003971910070039451,0.0025084809360828237,0.0007435600882769659,0.002748818020985141
942.8571428571429,3.6,8.99510083450478e-05,1.4213592046350718e-10,2.1613709634554645e-05,-4.591349099815901e-08,0.0003180595625980947,0.0023156964469624934,0.0006929088323038151,0.0025345329391436365
942.8571428571429,3.7,8.678247646610229e-05,2.1785804544444054e-10,2.0977448220537545e-05,-4.1934907940002355e-08,0.0005053573722427828,0.0023320970611100935,0.0006568683625817914,0.002560666879475
942.8571428571429,3.8000000000000003,8.382371906936215e-05,1.269317188607376e-10,1.825689060925428e-05,-3.985476979147638e-08,0.00030492920474189147,0.002103753125365756,0.0006471476040488304,0.0023143809269960277
942.8571428571429,3.9000000000000004,8.104753057871455e-05,1.7482049194484884e-10,1.6618213457751887e-05,-3.7816225670336906e-08,0.0004344269907375362,0.001982519225137304,0.0006359238026905669,0.002219889063439241
942.8571428571429,4.0,7.843752422264447e-05,1.5999415324468e-10,1.5493621501612807e-05,-3.409743434122845e-08,0.0004109147485181637,0.0019116710146480254,0.0005931222329578255,0.0021276571540670996
942.8571428571429,4.1,7.598245408159052e-05,1.273624737023684e-10,1.432292769478659e-05,-3.100083873189144e-08,0.00033774521486362437,0.0018260300585381869,0.0005573385723864654,0.0020173522680453746
942.8571428571429,4.2,7.367061321748443e-05,1.249207029511931e-10,1.2294517164656626e-05,-2.9768628096415988e-08,0.0003417321310392144,0.0016180731871932809,0.0005525919825709753,0.0018291138529085245
942.8571428571429,4.3,7.148171752502491e-05,1.1895351163279777e-10,1.2378111026884471e-05,-2.8103679706159627e-08,0.0003354377361308939,0.0016801965514177022,0.0005381614968855259,0.0018747838594559902
942.8571428571429,4.3999999999999995,6.941660294283424e-05,1.5145311408636327e-10,1.131918762430203e-05,-2.679719906356086e-08,0.0004398529567690281,0.0015835080655888433,0.0005289591005429361,0.0018057031531948326
942.8571428571429,4.5,6.746468023688658e-05,9.030303682764181e-11,9.509483758899955e-06,-2.4970620218826396e-08,0.0002699248845196633,0.001369914884300976,0.000507640984558491,0.0015700079528204111
942.8571428571429,4.6,6.560785236852793e-05,9.412340584146357e-11,9.399320414205904e-06,-2.382706022214338e-08,0.0002893562361468659,0.001393220924074993,0.0004985504024439962,0.0015880480415376606
942.8571428571429,4.7,6.384501770431133e-05,1.3148203175206807e-10,9.472011978093381e-06,-2.159693497280874e-08,0.00041542580964492454,0.001443731449230779,0.0004647563942380572,0.0016397975828703576
942.8571428571429,4.8,6.217690315987567e-05,1.0812040392234374e-10,7.69099684530506e-06,-2.0366010069360992e-08,0.0003508368871965493,0.0012046354002006492,0.0004504338940227499,0.0014071298286239754
942.8571428571429,4.9,6.058569858389306e-05,1.33325204553023e-10,7.910149207339594e-06,-2.0899192382193848e-08,0.00044405534977083003,0.001272200576957042,0.00047470645077222465,0.0015054474054178877
942.8571428571429,5.0,5.9073595499983846e-05,nan,nan,nan,nan,nan,nan,nan
957.1428571428572,0.1,0.009740467740958336,nan,nan,nan,nan,nan,nan,nan
957.1428571428572,0.2,0.005887701598001608,5.511989785961329e-09,0.16434378816708273,-9.55220192992118e-06,0.0001868838320284619,0.16872268615604846,0.0013830266796769645,0.1687341259937435
957.1428571428572,0.30000000000000004,0.0036783733367157087,8.265992804272969e-09,0.09536335439773887,-2.15826967008364e-05,0.0004464340816326591,0.16197042735675826,0.005122324342224489,0.1621329548699278
957.1428571428572,0.4,0.0024226786194071984,7.70047423192889e-09,0.053912503219348006,-1.786697472234296e-05,0.0006304357049002408,0.14656615379744084,0.006754782696302235,0.1468784840155345
957.1428571428572,0.5,0.0017061089342921684,9.040705469846617e-09,0.028531699464416242,-1.1977275477298546e-05,0.0010510310124779378,0.11776922962814451,0.006864033716137196,0.1181732881454534
957.1428571428572,0.6,0.0012748562438213008,3.9139891078521445e-09,0.015329172975892867,-7.632297410722783e-06,0.0006095964948778401,0.08984873514101048,0.00621107159315806,0.09027913178025522
957.1428571428572,0.7000000000000001,0.000996895283109362,3.735892211010883e-09,0.008823837547713724,-4.98599040662317e-06,0.0007446320948070488,0.06921437291835221,0.0054359108677437575,0.06964396707081995
957.1428571428572,0.8,0.0008071726978745604,9.26194163162413e-10,0.005374322444279483,-3.419751696486871e-06,0.00022825732207112852,0.053910601598161106,0.004771336291177842,0.054331725226498664
957.1428571428572,0.9,0.0006711933370825538,2.196532777966052e-09,0.003500210871168647,-2.435406502431635e-06,0.0006513046040278631,0.04336384122487505,0.004201382085491779,0.04377385231299598
957.1428571428572,1.0,0.0005702160850022336,2.1182294065042757e-09,0.002354994751277406,-1.832256526151903e-06,0.0007398406997350843,0.03508668249768029,0.003803038981478356,0.03550420910178533
957.1428571428572,1.1,0.0004927887804346874,1.2140731050508991e-09,0.0016434581816475488,-1.3848152903495e-06,0.0004910927201100311,0.02882167348262565,0.0033857517849059547,0.029220825872942387
957.1428571428572,1.2000000000000002,0.0004317960576836168,1.251850630470894e-09,0.0012022041209980997,-1.0770414224615639e-06,0.0005782193902180024,0.024395931253500525,0.003049643713703356,0.024780969572432157
957.1428571428572,1.3000000000000003,0.00038282537614252717,1.1002837640712095e-09,0.0008919175146713293,-8.566740215049793e-07,0.0005735929486819524,0.020655990225016144,0.0027698342181664243,0.02103194960622984
957.1428571428572,1.4000000000000001,0.0003427738697481508,1.0507251416458342e-09,0.0006806834499395355,-6.93525108943191e-07,0.0006120584988990818,0.017780520633149326,0.002530808757244976,0.018147493367498973
957.1428571428572,1.5000000000000002,0.00030952919785316984,7.106006926195353e-10,0.0005280209555452881,-5.784519164171967e-07,0.0004586960525190299,0.015404352611044872,0.0023586804800837355,0.015768044541041148
957.1428571428572,1.6,0.00028156473551364174,6.123336561651029e-10,0.000415749481638976,-4.744245073076249e-07,0.0004347525534397097,0.013431672505292813,0.0021437025841145032,0.013776420348205105
957.1428571428572,1.7000000000000002,0.0002577577679905034,6.669731239720584e-10,0.00033455769526425917,-3.9566337403340306e-07,0.0005175020897153342,0.011882087955863705,0.001966427327686343,0.012214151443055076
957.1428571428572,1.8000000000000003,0.00023729637742000764,7.229387150861436e-10,0.0002729777158847618,-3.393291968852037e-07,0.0006095266342246837,0.010590474848262156,0.0018429902723908406,0.01092350248399098
957.1428571428572,1.9000000000000001,0.00021956476400835953,5.054358126726653e-10,0.00022372412612867853,-2.8973437999388394e-07,0.00046080473033139376,0.009428046418622457,0.0017099730923258564,0.009744147793632465
957.1428571428572,2.0,0.00020407039185799821,5.19770483582453e-10,0.00018518739403627923,-2.475932806248917e-07,0.0005100286116038211,0.008434294768227409,0.0015801117854083563,0.00874019244243372
957.1428571428572,2.1,0.0001904278936479997,3.4621433310372036e-10,0.00015469335453990264,-2.226266829022537e-07,0.00036422984348942364,0.0075803918996512525,0.00152917849514654,0.00789124695287278
957.1428571428572,2.2,0.0001783323289834002,3.645634487452528e-10,0.00013154033618695366,-1.9414380313026847e-07,0.00040971864140241544,0.006907619134311389,0.0014297235032489633,0.00720911160000332
957.1428571428572,2.3000000000000003,0.00016755216768067022,4.5262176021373005e-10,0.00011333635989528435,-1.668926370662511e-07,0.0005415546747916636,0.006355345693143173,0.0013129488797611907,0.006643144576695175
957.1428571428572,2.4000000000000004,0.0001579053699768931,3.742932404409429e-10,9.632205620398614e-05,-1.4952580680774795e-07,0.00047537387954535795,0.0057487800687581565,0.0012523366032677172,0.006034164941404344
957.1428571428572,2.5000000000000004,0.00014922179283515584,2.564966577003455e-10,8.173924925537191e-05,-1.3350104115897224e-07,0.00034485928063759247,0.0051764705194847485,0.0011868778460713074,0.005452717946632332
957.1428571428572,2.6,0.0001413556081859723,2.5654113642187334e-10,7.343155586624353e-05,-1.206850405973304e-07,0.0003642268944018741,0.004920967271004632,0.0011358256930160608,0.005189294761596728
957.1428571428572,2.7,0.0001342237390954512,2.8234616603444203e-10,6.283807374886774e-05,-1.0750725497575422e-07,0.0004222915533877014,0.004445389507729741,0.001068441650572869,0.004714122734173775
957.1428571428572,2.8000000000000003,0.00012772025074241878,2.142813260562907e-10,5.541568783662224e-05,-9.621712478640023e-08,0.000336917772988972,0.004128605581253717,0.001007351215759508,0.004380457804282505
957.1428571428572,2.9000000000000004,0.00012177091926775256,2.5240048120292554e-10,4.870313011130116e-05,-8.741291952325008e-08,0.0004163485563717994,0.0038132660896135996,0.0009620845970474686,0.004070080826512154
957.1428571428572,3.0000000000000004,0.00011630861909419934,2.58147330882693e-10,4.371123301250017e-05,-7.938953877439168e-08,0.0004459381348178366,0.00358962823598194,0.0009167020518957122,0.0038425222180936366
957.1428571428572,3.1,0.00011128343125077112,2.5846553225346176e-10,3.885973144126229e-05,-7.471385442986515e-08,0.0004667744058686184,0.0033410878526370837,0.0009034542306870476,0.0036073820810812005
957.1428571428572,3.2,0.00010664684072175553,1.7700776853763953e-10,3.3496432687655764e-05,-6.614478161453207e-08,0.00033368938552430993,0.0030100107725986084,0.0008361766309485721,0.0032511376737167363
957.1428571428572,3.3000000000000003,0.00010234521451961649,2.667170848047552e-10,3.176250106385713e-05,-6.044130667145101e-08,0.0005239941940677665,0.002978288043874301,0.0007975941313240106,0.0032275505239029714
957.1428571428572,3.4000000000000004,9.836121332811603e-05,2.081558699068019e-10,2.8271766664939657e-05,-5.647218035365341e-08,0.0004256535442419977,0.0027623926333674173,0.0007766194001905287,0.00300304335401821
957.1428571428572,3.5000000000000004,9.465992980326496e-05,2.0670535116118843e-10,2.4229253282476167e-05,-5.187325124148888e-08,0.00043930398325256454,0.0024632934530455174,0.0007425216150054724,0.0027135731652231433
957.1428571428572,3.6,9.120093881123865e-05,2.0321658343457394e-10,2.3703110334386345e-05,-4.7218513909376836e-08,0.0004483914150133965,0.0025040278799751225,0.0007024635206098858,0.0027309559645526497
957.1428571428572,3.7,8.79789789225562e-05,1.3653722112590877e-10,1.9526502985036826e-05,-4.219180775063738e-08,0.00031237324851494486,0.0021410418839493996,0.000651664880969748,0.002351801783610176
957.1428571428572,3.8000000000000003,8.495228406372413e-05,2.1122759033956283e-10,2.0018147235182604e-05,-4.1883478487278386e-08,0.0005005305507876442,0.0022753329807116366,0.0006707544425178019,0.002515451062871353
957.1428571428572,3.9000000000000004,8.212577067724388e-05,1.2277093114304412e-10,1.6215928497899473e-05,-3.8224697257574294e-08,0.00030104016846212644,0.0019088278410190403,0.0006340478589415016,0.0021303244552259453
957.1428571428572,4.0,7.946141657574263e-05,1.6672795151297356e-10,1.613678099808373e-05,-3.559709283616689e-08,0.0004225831290853984,0.0019648864010666815,0.0006110003652389952,0.002187692383021149
957.1428571428572,4.1,7.695843028422221e-05,1.2823851152724837e-10,1.4690882943320054e-05,-3.324879049377409e-08,0.0003356969073759986,0.0018488070785041577,0.0005898989616536751,0.0020559040826529473
957.1428571428572,4.2,7.4602352822135e-05,1.3885875247374614e-10,1.2550708712217335e-05,-2.99045793574792e-08,0.00037503453181150597,0.001630842607608441,0.0005479798760130631,0.0018441427276305808
957.1428571428572,4.3,7.237178244716995e-05,1.328408382870489e-10,1.2954163643935178e-05,-2.863754397132712e-08,0.0003699107750330331,0.001736428296681227,0.0005414168997581979,0.0019334636613312296
957.1428571428572,4.3999999999999995,7.027075370864426e-05,9.737814191388616e-11,1.05533245179905e-05,-2.6908570749252905e-08,0.0002793330848276396,0.0014582098383018592,0.0005245103292381472,0.0016597063221409619
957.1428571428572,4.5,6.827525821529847e-05,1.583729058928276e-10,1.050458129595456e-05,-2.5132840197848794e-08,0.00046761954476698105,0.0014948724386120188,0.0005046618831983349,0.0017212434107576134
957.1428571428572,4.6,6.638480853491223e-05,1.5016569074615865e-10,9.736145153441609e-06,-2.3712358790018262e-08,0.0004560940586746442,0.0014260136699505044,0.0004900998470767648,0.0016498280205686144
957.1428571428572,4.7,6.459172030606041e-05,1.2040555106790465e-10,9.494998566794654e-06,-2.2564125067189495e-08,0.00037593995296603144,0.0014302968971886345,0.00047973370826851153,0.0016270737303643163
957.1428571428572,4.8,6.289358206287653e-05,1.0908737002261734e-10,7.895684460854588e-06,-2.0980588173417918e-08,0.0003498639890968975,0.0012223988497971259,0.00045855102881978545,0.0014273058014719541
957.1428571428572,4.9,6.12744006643012e-05,1.0135419135338899e-10,7.37300867287955e-06,-1.9930252805892542e-08,0.00033370869637800674,0.001172299053583646,0.00044744083794975083,0.0013733365108383928
957.1428571428572,5.0,5.9728949352454655e-05,nan,nan,nan,nan,nan,nan,nan
971.4285714285714,0.1,0.009866767545089996,nan,nan,nan,nan,nan,nan,nan
971.4285714285714,0.2,0.006019225218555372,5.289887283790966e-09,0.16070100357798447,-8.621453946860115e-06,0.0001754874749160601,0.16287097354184069,0.001232609801131966,0.16288039621809777
971.4285714285714,0.30000000000000004,0.003778692927800593,8.474856557133286e-09,0.09546000699378582,-2.1426968370872406e-05,0.0004456783074939234,0.1585918511563793,0.004975749124603637,0.15874851193338135
971.4285714285714,0.4,0.002492760706983672,7.461796076815254e-09,0.054863059231642156,-1.7984754831202903e-05,0.0005938371345689575,0.14519057324823556,0.006620513902364486,0.14549335933765653
971.4285714285714,0.5,0.0017554590784831722,4.4023008434823224e-09,0.029217371830403658,-1.2190208761276639e-05,0.0004975493917093514,0.11720889112440204,0.00679099106468547,0.11760275010938476
971.4285714285714,0.6,0.0013103311682867093,5.286149249505389e-09,0.01586942977040914,-7.838921280324847e-06,0.0008009637425669567,0.09040045401754015,0.006201701013505818,0.09082844169320609
971.4285714285714,0.7000000000000001,0.0010238975557943378,3.921645753460803e-09,0.00906331151267639,-5.097833136119233e-06,0.00076099243414103,0.06916809835582938,0.005407008997426575,0.06959365224101269
971.4285714285714,0.8,0.0008280970584287302,5.142347768306416e-09,0.005597125207841947,-3.543179231368494e-06,0.0012345543833374665,0.054664894707163444,0.004812859014224586,0.05510083539886024
971.4285714285714,0.9,0.0006882678131415422,2.005034209820729e-09,0.003586520965870808,-2.524960500405384e-06,0.0005797942572492784,0.043310393743893255,0.004243277265141555,0.04372799070995078
971.4285714285714,1.0,0.0005843037775130622,1.4428005816995806e-09,0.0024188244975913214,-1.872481883267037e-06,0.0004918256616720878,0.035143652680063524,0.0037902493941638434,0.03555348361438488
971.4285714285714,1.1,0.0005045279868604954,1.861183883512126e-09,0.0017086532873678045,-1.413292214714468e-06,0.0007351894542341191,0.029242550760843027,0.0033723674028007873,0.029638033037518614
971.4285714285714,1.2000000000000002,0.00044183872908160667,1.5118254755143865e-09,0.001232623890134131,-1.099475018016529e-06,0.0006823146349965719,0.024431229232779076,0.003040138655402493,0.024816031132593994
971.4285714285714,1.3000000000000003,0.00039147571020405926,1.3468325489525255e-09,0.0009235686749122264,-8.873355571670047e-07,0.0006864714339395104,0.020902845634015153,0.0028032959665620248,0.02128654822138543
971.4285714285714,1.4000000000000001,0.0003503483780756341,8.544279658027355e-10,0.0006937222077507144,-7.15485539640766e-07,0.000486943280464334,0.0177206960653857,0.0025527469566986685,0.01809124696780281
971.4285714285714,1.5000000000000002,0.0003161582680247161,1.1216235608721005e-09,0.0005473632281085865,-5.906268325496001e-07,0.0007086416671865735,0.015623398376070703,0.002356210765775106,0.0159905036873574
971.4285714285714,1.6,0.000287441790254884,9.519217995761687e-10,0.000430157529197119,-4.863755063835077e-07,0.000661877596782202,0.01360576561494482,0.0021510440153203764,0.013957396628083197
971.4285714285714,1.7000000000000002,0.00026302688777702304,8.306231553948576e-10,0.00034422663096373584,-4.0377062506186465e-07,0.0006314215996830798,0.011975524876132276,0.001965210921320723,0.012309995825586856
971.4285714285714,1.8000000000000003,0.00024205425160879945,6.143137118582025e-10,0.0002766272964090587,-3.484866414688432e-07,0.0005076999132857074,0.010517072940602378,0.0018543835894375825,0.010850993476795195
971.4285714285714,1.9000000000000001,0.00022384788840466643,7.357520183522125e-10,0.00023381968797941277,-3.0202096938450073e-07,0.0006577567286160131,0.009659805040619775,0.001747237802200627,0.00999250505187266
971.4285714285714,2.0,0.00020797972208032753,4.734574404246231e-10,0.00018758058253520344,-2.615499358913644e-07,0.0004558042275954913,0.00837982363255981,0.0016367656239781247,0.008705584703072783
971.4285714285714,2.1,0.00019398736158134067,5.041871504599214e-10,0.00015947444339777035,-2.235868572695703e-07,0.0005205943843628329,0.007667788080617635,0.0015067517849292173,0.007975374251097359
971.4285714285714,2.2,0.00018158974551633152,6.017795929769589e-10,0.00013756674830421651,-1.9448390434434082e-07,0.0006639572847205693,0.007091531488587907,0.0014056895311747811,0.007394767355750692
971.4285714285714,2.3000000000000003,0.00017056779693436452,3.882568893558867e-10,0.00011410948874106402,-1.7483346995176925e-07,0.0004562644544581333,0.006283916991931764,0.0013502845583254538,0.0065834889527358565
971.4285714285714,2.4000000000000004,0.00016068694323980817,3.697064804867601e-10,9.841031871564539e-05,-1.5688301563879171e-07,0.0004613456773381342,0.005769572010917996,0.0012905398939359837,0.006068919793410316
971.4285714285714,2.5000000000000004,0.00015179019273240828,3.7838014460004583e-10,8.502921568922322e-05,-1.3601917097102754e-07,0.0005000163895909976,0.005291607020137671,0.0011881398328746158,0.005574448292912631
971.4285714285714,2.6,0.0001437437343819006,4.1695094976828116e-10,7.526862645360791e-05,-1.2124299585262292e-07,0.0005819573520510532,0.0049587279058469465,0.0011215292382599363,0.005238636508517779
971.4285714285714,2.7,0.00013644996229592902,3.3690788911775856e-10,6.407109171971207e-05,-1.1170180856593096e-07,0.0004955619352346406,0.004457313704504643,0.001091350964374315,0.0047429232491049125
971.4285714285714,2.8000000000000003,0.00012979690112715456,3.4176325960891476e-10,5.753407569063347e-05,-1.005696220930288e-07,0.0005286180084109961,0.00421649626885606,0.0010355036112844648,0.004494753969024314
971.4285714285714,2.9000000000000004,0.00012371918071528643,2.4498364936374114e-10,4.985340998204493e-05,-8.924554251044192e-08,0.0003976907547780471,0.00384087829132426,0.0009662759155793907,0.004096081331621661
971.4285714285714,3.0000000000000004,0.00011813999440323874,2.4658381114107446e-10,4.446762362330779e-05,-8.121934618275942e-08,0.00041928442709971954,0.0035942384492216,0.0009229239673309888,0.003846807346309297
971.4285714285714,3.1,0.00011300548432742413,1.8768399087890802e-10,3.854940764934263e-05,-7.522305021589038e-08,0.00033374787475828514,0.0032630277192806294,0.0008953506460119164,0.003515969723892305
971.4285714285714,3.2,0.00010825646832810296,3.1346589147742155e-10,3.716721723187821e-05,-6.710258332952345e-08,0.0005819393342388525,0.003288974641636794,0.0008352732233847227,0.0035427913144117375
971.4285714285714,3.3000000000000003,0.00010387912450110056,1.5261399030785565e-10,2.9954919042329976e-05,-6.111794958413183e-08,0.0002953763047913979,0.0027670327237669366,0.0007942445382615641,0.003000894204890593
971.4285714285714,3.4000000000000004,9.980132986452147e-05,2.6337178855319613e-10,3.0283182379177056e-05,-5.86339647233862e-08,0.0005306208671309577,0.0029152327307933965,0.0007943805584421618,0.003168946405761021
971.4285714285714,3.5000000000000004,9.602636705173415e-05,1.5209576159890428e-10,2.4093781061217803e-05,-5.3335020442908175e-08,0.0003186073346332899,0.0024141743495727647,0.0007521865749528819,0.002657314003066989
971.4285714285714,3.6,9.2492342049559e-05,2.2738153738568384e-10,2.4502907063155788e-05,-4.795957304988874e-08,0.0004945574054978856,0.0025516853147172446,0.0007032536676406632,0.002782951026298618
971.4285714285714,3.7,8.920334611801541e-05,2.0151423569985064e-10,2.0960654311216088e-05,-4.647251907677789e-08,0.00045458032655328675,0.0022662042982958533,0.0007075477678649267,0.0025186450489350764
971.4285714285714,3.8000000000000003,8.612395672958399e-05,9.951061334876061e-11,1.844987266906659e-05,-4.185060685074075e-08,0.00023258398154122156,0.0020682937885152354,0.0006608527543383848,0.002281531772716201
971.4285714285714,3.9000000000000004,8.322906606784323e-05,2.1620093150576905e-10,1.851596352919906e-05,-3.79753752333672e-08,0.0005229257838216087,0.0021499202117868724,0.0006213131014417485,0.002380686504452336
971.4285714285714,4.0,8.051933504139446e-05,1.5099126885314855e-10,1.5097359670969865e-05,-3.684436744278962e-08,0.00037759189011045424,0.0018139527912836878,0.0006238090055010987,0.0020521393020873626
971.4285714285714,4.1,7.796057761165538e-05,1.7580966213612832e-10,1.6061076578225414e-05,-3.453934815583995e-08,0.0004541791988514805,0.0019946856950530606,0.0006046206841417829,0.0022172465154111395
971.4285714285714,4.2,7.556243094769857e-05,1.4272485335453202e-10,1.246734607338631e-05,-3.0663431289543565e-08,0.00038049508003476875,0.0015991859546615776,0.0005545022236853672,0.0018212955981008576
971.4285714285714,4.3,7.328895774447561e-05,1.4995948127852574e-10,1.292930233881312e-05,-2.99289661609594e-08,0.00041224839615312993,0.0017110754877330894,0.0005585205992497435,0.001929149705031842
971.4285714285714,4.3999999999999995,7.114477756464079e-05,1.4804564260468813e-10,1.1755981010701503e-05,-2.8249075900579245e-08,0.00041934503235942737,0.0016040589704780798,0.0005436098667102183,0.0018275335321971877
971.4285714285714,4.5,6.911815719491298e-05,8.689326943560951e-11,1.0087393544731402e-05,-2.464283445546612e-08,0.00025340993208083505,0.0014178684493835391,0.0004886124995805688,0.0015975142825424872
971.4285714285714,4.6,6.719241076063249e-05,1.0897825455913055e-10,9.633114289991905e-06,-2.3021882214736926e-08,0.0003269585905678849,0.0013937168872755904,0.00046997673725613867,0.0015783234614448172
971.4285714285714,4.7,6.536299546925191e-05,1.4419396836840992e-10,9.894351658209533e-06,-2.4311748392572946e-08,0.0004447656552599308,0.0014725400601352673,0.0005105839247089957,0.0016992888527688444
971.4285714285714,4.8,6.363252369445343e-05,1.0112312217193518e-10,8.173535390201238e-06,-2.2705435351777336e-08,0.00032049538696762934,0.001250483600318813,0.0004902437017667488,0.0014653000723325448
971.4285714285714,4.9,6.198378727355697e-05,1.1494960708886178e-10,8.02780230102799e-06,-1.910508737055359e-08,0.00037404915363755515,0.0012615879168293524,0.0004238560446764673,0.0014459684417179911
971.4285714285714,5.0,6.0415328875670786e-05,nan,nan,nan,nan,nan,nan,nan
985.7142857142858,0.1,0.0099921019368157,nan,nan,nan,nan,nan,nan,nan
985.7142857142858,0.2,0.006151828407942563,5.048864194768041e-09,0.15691872023787296,-7.670860927703856e-06,0.00016393074233123477,0.1570427535969275,0.0010832233794660865,0.15705031065353933
985.7142857142858,0.30000000000000004,0.0038807420814481576,8.567345755436959e-09,0.09547098551322736,-2.1254625932319353e-05,0.00043880549643372937,0.1551912361371552,0.004830790710251088,0.15534215590693487
985.7142857142858,0.4,0.002564365610086026,7.702543681227144e-09,0.05577185126938495,-1.8233031465519192e-05,0.0005959895294056503,0.14371439817142614,0.006537063235774161,0.14401267248680372
985.7142857142858,0.5,0.001805707651417744,5.6881557082296325e-09,0.02998352059719426,-1.2347080367870674e-05,0.0006250807345091664,0.11692373536466362,0.0066875458884331,0.11730727666078665
985.7142857142858,0.6,0.0013468848987214046,5.485785523904041e-09,0.016363801832230157,-7.957963643092062e-06,0.0008085959004980055,0.09062265322618636,0.006121595487298306,0.0910388212121848
985.7142857142858,0.7000000000000001,0.001051700164347367,2.8356246407691375e-09,0.009355544773779662,-5.272287226987989e-06,0.0005357919021714288,0.06946061079651919,0.005439886181459001,0.06988739692192297
985.7142857142858,0.8,0.0008500708777111259,7.448724607773275e-10,0.005730988878071109,-3.6243008314812328e-06,0.0001742895677779552,0.05449261179518288,0.004793687098197437,0.05491296740392737
985.7142857142858,0.9,0.000705751479855596,2.4808313812525226e-09,0.0037253837122130616,-2.6144121237382556e-06,0.0006995483353013194,0.04382438935261391,0.004282146919420108,0.04424635617180154
985.7142857142858,1.0,0.0005986859191221968,1.9397741940637523e-09,0.0025026668343120467,-1.9189385482530964e-06,0.0006453065342516039,0.03546102141824936,0.0037877350068377773,0.03586912786105534
985.7142857142858,1.1,0.0005166470267319181,1.3238950879514626e-09,0.0017581801949286724,-1.4436691556166257e-06,0.0005107072934625867,0.02936732164181422,0.0033618675801932066,0.029754070471229212
985.7142857142858,1.2000000000000002,0.000452189936290926,1.0201949549882683e-09,0.0012668062201157927,-1.1285352763007678e-06,0.000449926193499007,0.024519762131005613,0.0030474154730788148,0.02489969177865087
985.7142857142858,1.3000000000000003,0.00040040090805109187,1.0245591905529085e-09,0.0009485379646105127,-9.11068995707375e-07,0.0005105634694077818,0.020976538584446754,0.0028125963794910897,0.021356433289033305
985.7142857142858,1.4000000000000001,0.00035809725945736286,1.0130561855695512e-09,0.0007222630100153455,-7.297034034822715e-07,0.0005647986060567484,0.018038495804889223,0.0025454061935032265,0.018402839828359614
985.7142857142858,1.5000000000000002,0.0003230162409637873,8.516679910711805e-10,0.0005577892280930014,-5.956763151343292e-07,0.0005266197086995701,0.01557647296542394,0.002324708244901726,0.015928351302253535
985.7142857142858,1.6,0.00029351311475114177,7.741768394237048e-10,0.0004455533954718869,-5.035653868646386e-07,0.0005271034566873721,0.013793529209010797,0.002179619547587002,0.014143576946385681
985.7142857142858,1.7000000000000002,0.0002684655224932151,6.613517430767605e-10,0.0003519565707580014,-4.2086146878644643e-07,0.0004925199732819705,0.011991170175016254,0.002005824336004383,0.01233196661624154
985.7142857142858,1.8000000000000003,0.00024693749594286845,6.332413028533806e-10,0.0002871696881584658,-3.5908300076584144e-07,0.0005129308700072486,0.010696706433345587,0.0018719068371136456,0.011031350643155573
985.7142857142858,1.9000000000000001,0.00022828116627410643,4.595248198035866e-10,0.00023608396647460688,-3.0935973231549075e-07,0.0004028232919318305,0.00956047462833378,0.0017540881990601043,0.009885271495700083
985.7142857142858,2.0,0.00021198567627009045,5.686122122192383e-10,0.00019595385854357433,-2.667485377332783e-07,0.0005369698659590212,0.008583881961961094,0.0016368379599942964,0.008906730218682143
985.7142857142858,2.1,0.0001976497248515102,5.455288361222895e-10,0.00016562007781648988,-2.2783467783266575e-07,0.0005527282539350545,0.007812795691227448,0.0015060923358891393,0.008116767415911847
985.7142857142858,2.2,0.00018496997421109488,3.2135108390022993e-10,0.00013724387172478326,-2.019458200782007e-07,0.0003480698495660834,0.0069437927033741895,0.0014322764845999707,0.0072415634765073825
985.7142857142858,2.3000000000000003,0.00017366266228792737,4.5252545667824695e-10,0.00011886164401035278,-1.8071139707639368e-07,0.0005222063714897672,0.006425996679585591,0.0013701566405903297,0.006732071840078438
985.7142857142858,2.4000000000000004,0.0001635439668048634,3.8884223690094423e-10,0.00010105417455347631,-1.5930829218178874e-07,0.0004766662281282682,0.005818992593003763,0.0012868726562568623,0.006115551320797976
985.7142857142858,2.5000000000000004,0.00015443581306733418,3.9449445823017053e-10,8.892932785888983e-05,-1.380519442285115e-07,0.0005122682491711758,0.00543764038480234,0.0011846267022314113,0.005712883034057461
985.7142857142858,2.6,0.00014621695260839387,2.8468011640987227e-10,7.468500590181397e-05,-1.2729380664257437e-07,0.00039057922087108667,0.004835990073704681,0.0011570758947076411,0.00512025403402736
985.7142857142858,2.7,0.0001387449422084717,2.665440115938166e-10,6.703673073426413e-05,-1.1473340341531427e-07,0.0003855345665241118,0.004584744076414007,0.0011018942494222359,0.0048576596239359796
985.7142857142858,2.8000000000000003,0.00013194329911589216,2.749831507865058e-10,5.75782802643128e-05,-1.0154007100489944e-07,0.00041834335195728976,0.0041499372407967396,0.0010280870659195383,0.004417116287002257
985.7142857142858,2.9000000000000004,0.00012571743882595576,3.3129568181538984e-10,5.301144030222625e-05,-9.433925350613077e-08,0.0005291095099598053,0.004017744035311998,0.0010046557250513544,0.004294285768154231
985.7142857142858,3.0000000000000004,0.00012002169293904162,2.2753869137519093e-10,4.3989320723107925e-05,-8.428761745470492e-08,0.0003807833796165387,0.003499062750077744,0.0009423052484696391,0.003763550780016217
985.7142857142858,3.1,0.00011476584025935856,3.0268374468581547e-10,4.200809856886542e-05,-7.534740616663038e-08,0.000529833340860027,0.003500042162394853,0.0008826511154849014,0.0037535535817358485
985.7142857142858,3.2,0.00010993006856536415,1.5717464441812365e-10,3.4988332352262306e-05,-7.002263797800073e-08,0.00028733142748871656,0.0030486713009021164,0.0008579988257366926,0.0032938245278244546
985.7142857142858,3.3000000000000003,0.00010544418019489236,2.55992215099504e-10,3.369039211090294e-05,-6.283760164742931e-08,0.00048797484954804244,0.0030647112796869332,0.0008041152244190406,0.0033051138058948475
985.7142857142858,3.4000000000000004,0.0001012951957455296,1.5911848957001984e-10,2.7763295538319923e-05,-5.975064203880208e-08,0.00031582062263314277,0.0026329851004583717,0.0007972807838537247,0.0028816083185472983
985.7142857142858,3.5000000000000004,9.742384425155005e-05,2.252434789768107e-10,2.776569256936905e-05,-5.4440061249956113e-08,0.0004649470736242232,0.0027410670728275307,0.000756373810524841,0.0029788969706095497
985.7142857142858,3.6,9.383014968326418e-05,1.6416759814018986e-10,2.3238355272075993e-05,-4.803230113954249e-08,0.000351923081195239,0.0023852841622708054,0.0006940371623187741,0.0026032298314242024
985.7142857142858,3.7,9.046883866769908e-05,1.737886183655594e-10,2.084100317483909e-05,-4.8345094283542946e-08,0.0003864786197245287,0.0022211414183170974,0.0007254554682883888,0.0024769752111409825
985.7142857142858,3.8000000000000003,8.731593768388236e-05,2.3960641638769145e-10,2.1344739745972988e-05,-4.3064198117901664e-08,0.0005521796040819249,0.0023593471586801635,0.000670376138741087,0.002601966499615829
985.7142857142858,3.9000000000000004,8.437648409752538e-05,1.2512136707913536e-10,1.710375405417969e-05,-3.892317153759036e-08,0.0002984820676659809,0.001958835294892203,0.0006278966665952986,0.0021713211888333235
985.7142857142858,4.0,8.160806805171019e-05,1.6158746436505483e-10,1.589524560784784e-05,-3.688032521092303e-08,0.0003986114105829401,0.0018838478253580164,0.0006158565229495517,0.002113369868118705
985.7142857142858,4.1,7.899860446197348e-05,1.645058189410407e-10,1.6249572211812895e-05,-3.563389571386883e-08,0.00041928975403180855,0.001991172270064831,0.0006153233633326145,0.0022131011250815244
985.7142857142858,4.2,7.65516365943549e-05,1.392065482388627e-10,1.3206829081608141e-05,-3.357129303813557e-08,0.0003662469213390076,0.001671780048717866,0.0005989617573269057,0.0019095799831799875
985.7142857142858,4.3,7.42367370175524e-05,1.0893587083806704e-10,1.2717737633735321e-05,-3.0038759945859915e-08,0.00029560924965480346,0.0016613279871632632,0.0005532155234892136,0.0018599705213449768
985.7142857142858,4.3999999999999995,7.204901481708726e-05,1.3081153301149208e-10,1.1749687819836159e-05,-2.8467201206548393e-08,0.00036580227649403354,0.0015827322551984048,0.0005407417728054385,0.001795454267545454
985.7142857142858,4.5,6.997878949482047e-05,1.658945741138471e-10,1.1368927391316399e-05,-2.6153032194709237e-08,0.00047769817581348446,0.0015779434903001794,0.0005119416419685373,0.0018006303605457527
985.7142857142858,4.6,6.802225344646685e-05,1.275933843582424e-10,9.798057481353595e-06,-2.3944826829195454e-08,0.0003780512635729347,0.0014001467519067056,0.00048264870085737134,0.0016028827847483443
985.7142857142858,4.7,6.616369797292677e-05,8.275142597620785e-11,8.696019851547799e-06,-2.386839719239152e-08,0.0002521308038418103,0.001278408081318788,0.0004950440365228059,0.001479200581672644
985.7142857142858,4.8,6.439210269790216e-05,1.4786235035051773e-10,9.612556342270362e-06,-2.2254847952053168e-08,0.000462950749430973,0.0014528444807005321,0.0004746495720326558,0.0016660326869429257
985.7142857142858,4.9,6.271663298630026e-05,1.2461223444803272e-10,7.713478495018846e-06,-2.0988473404107886e-08,0.00040064756843187195,0.0011978920041184097,0.0004599981420670582,0.0014207956605478082
985.7142857142858,5.0,6.111829805964854e-05,nan,nan,nan,nan,nan,nan,nan
1000.0,0.1,0.010116447781309849,nan,nan,nan,nan,nan,nan,nan
1000.0,0.2,0.006285461977777666,nan,nan,nan,nan,nan,nan,nan
1000.0,0.30000000000000004,0.003984539673004995,nan,nan,nan,nan,nan,nan,nan
1000.0,0.4,0.0026375424608784262,nan,nan,nan,nan,nan,nan,nan
1000.0,0.5,0.0018571170724560359,nan,nan,nan,nan,nan,nan,nan
1000.0,0.6,0.0013845581772222028,nan,nan,nan,nan,nan,nan,nan
1000.0,0.7000000000000001,0.0010800814718066754,nan,nan,nan,nan,nan,nan,nan
1000.0,0.8,0.0008721967117814352,nan,nan,nan,nan,nan,nan,nan
1000.0,0.9,0.0007237414386882729,nan,nan,nan,nan,nan,nan,nan
1000.0,1.0,0.0006134639330158343,nan,nan,nan,nan,nan,nan,nan
1000.0,1.1,0.0005290362492743513,nan,nan,nan,nan,nan,nan,nan
1000.0,1.2000000000000002,0.00046274934655228376,nan,nan,nan,nan,nan,nan,nan
1000.0,1.3000000000000003,0.0004095351996104822,nan,nan,nan,nan,nan,nan,nan
1000.0,1.4000000000000001,0.0003660528869994119,nan,nan,nan,nan,nan,nan,nan
1000.0,1.5000000000000002,0.00033004802369695466,nan,nan,nan,nan,nan,nan,nan
1000.0,1.6,0.00029974243452075133,nan,nan,nan,nan,nan,nan,nan
1000.0,1.7000000000000002,0.0002740391269528922,nan,nan,nan,nan,nan,nan,nan
1000.0,1.8000000000000003,0.0002519499731958871,nan,nan,nan,nan,nan,nan,nan
1000.0,1.9000000000000001,0.00023280822471901655,nan,nan,nan,nan,nan,nan,nan
1000.0,2.0,0.00021610767376846953,nan,nan,nan,nan,nan,nan,nan
1000.0,2.1,0.00020142342053721491,nan,nan,nan,nan,nan,nan,nan
1000.0,2.2,0.00018841578475971543,nan,nan,nan,nan,nan,nan,nan
1000.0,2.3000000000000003,0.0001768498797755062,nan,nan,nan,nan,nan,nan,nan
1000.0,2.4000000000000004,0.00016648034592846983,nan,nan,nan,nan,nan,nan,nan
1000.0,2.5000000000000004,0.0001571619424753683,nan,nan,nan,nan,nan,nan,nan
1000.0,2.6,0.00014874826881782792,nan,nan,nan,nan,nan,nan,nan
1000.0,2.7,0.00014109431885807433,nan,nan,nan,nan,nan,nan,nan
1000.0,2.8000000000000003,0.00013414581611499436,nan,nan,nan,nan,nan,nan,nan
1000.0,2.9000000000000004,0.00012778330830026088,nan,nan,nan,nan,nan,nan,nan
1000.0,3.0000000000000004,0.00012194982794247209,nan,nan,nan,nan,nan,nan,nan
1000.0,3.1,0.000116587968384086,nan,nan,nan,nan,nan,nan,nan
1000.0,3.2,0.00011163574526066985,nan,nan,nan,nan,nan,nan,nan
1000.0,3.3000000000000003,0.00010706147919788814,nan,nan,nan,nan,nan,nan,nan
1000.0,3.4000000000000004,0.00010282153478767448,nan,nan,nan,nan,nan,nan,nan
1000.0,3.5000000000000004,9.88672895083e-05,nan,nan,nan,nan,nan,nan,nan
1000.0,3.6,9.520146090842655e-05,nan,nan,nan,nan,nan,nan,nan
1000.0,3.7,9.176979828235531e-05,nan,nan,nan,nan,nan,nan,nan
1000.0,3.8000000000000003,8.855681790683129e-05,nan,nan,nan,nan,nan,nan,nan
1000.0,3.9000000000000004,8.554943710008082e-05,nan,nan,nan,nan,nan,nan,nan
1000.0,4.0,8.272977809556981e-05,nan,nan,nan,nan,nan,nan,nan
1000.0,4.1,8.0070203928402e-05,nan,nan,nan,nan,nan,nan,nan
1000.0,4.2,7.756925174065182e-05,nan,nan,nan,nan,nan,nan,nan
1000.0,4.3,7.52067481010043e-05,nan,nan,nan,nan,nan,nan,nan
1000.0,4.3999999999999995,7.297994830076056e-05,nan,nan,nan,nan,nan,nan,nan
1000.0,4.5,7.08732778302614e-05,nan,nan,nan,nan,nan,nan,nan
1000.0,4.6,6.887813559849677e-05,nan,nan,nan,nan,nan,nan,nan
1000.0,4.7,6.698128852271921e-05,nan,nan,nan,nan,nan,nan,nan
1000.0,4.8,6.518185769121834e-05,nan,nan,nan,nan,nan,nan,nan
1000.0,4.9,6.347490976729825e-05,nan,nan,nan,nan,nan,nan,nan
1000.0,5.0,6.184472873869793e-05,nan,nan,nan,nan,nan,nan,nan
