T1_K,P1_atm,feature_value,d2_dT2,d2_dP2,d2_dTdP,C_T,C_P,C_TP,C_combined
300.0,0.1,0.015956024085897157,nan,nan,nan,nan,nan,nan,nan
300.0,0.2,0.007460354630619886,nan,nan,nan,nan,nan,nan,nan
300.0,0.30000000000000004,0.0039218385362161665,nan,nan,nan,nan,nan,nan,nan
300.0,0.4,0.002463283268481263,nan,nan,nan,nan,nan,nan,nan
300.0,0.5,0.0017269726663935298,nan,nan,nan,nan,nan,nan,nan
300.0,0.6,0.001298721798962673,nan,nan,nan,nan,nan,nan,nan
300.0,0.7000000000000001,0.0010251585254340187,nan,nan,nan,nan,nan,nan,nan
300.0,0.8,0.0008387127081678489,nan,nan,nan,nan,nan,nan,nan
300.0,0.9,0.0007049399081328665,nan,nan,nan,nan,nan,nan,nan
300.0,1.0,0.0006053258154195549,nan,nan,nan,nan,nan,nan,nan
300.0,1.1,0.0005290838403681085,nan,nan,nan,nan,nan,nan,nan
300.0,1.2000000000000002,0.0004691619483586571,nan,nan,nan,nan,nan,nan,nan
300.0,1.3000000000000003,0.000421151392784751,nan,nan,nan,nan,nan,nan,nan
300.0,1.4000000000000001,0.00038201828394400413,nan,nan,nan,nan,nan,nan,nan
300.0,1.5000000000000002,0.00034971294286270947,nan,nan,nan,nan,nan,nan,nan
300.0,1.6,0.00032271508451760315,nan,nan,nan,nan,nan,nan,nan
300.0,1.7000000000000002,0.000299975673980296,nan,nan,nan,nan,nan,nan,nan
300.0,1.8000000000000003,0.00028059925159945153,nan,nan,nan,nan,nan,nan,nan
300.0,1.9000000000000001,0.0002640031847606568,nan,nan,nan,nan,nan,nan,nan
300.0,2.0,0.00024971868744089323,nan,nan,nan,nan,nan,nan,nan
300.0,2.1,0.00023733777718829179,nan,nan,nan,nan,nan,nan,nan
300.0,2.2,0.00022655566701676173,nan,nan,nan,nan,nan,nan,nan
300.0,2.3000000000000003,0.00021720112987963242,nan,nan,nan,nan,nan,nan,nan
300.0,2.4000000000000004,0.00020902608015136736,nan,nan,nan,nan,nan,nan,nan
300.0,2.5000000000000004,0.00020189812485955582,nan,nan,nan,nan,nan,nan,nan
300.0,2.6,0.00019564581751973633,nan,nan,nan,nan,nan,nan,nan
300.0,2.7,0.00019021276012669196,nan,nan,nan,nan,nan,nan,nan
300.0,2.8000000000000003,0.0001854811167125349,nan,nan,nan,nan,nan,nan,nan
300.0,2.9000000000000004,0.00018135033977124187,nan,nan,nan,nan,nan,nan,nan
300.0,3.0000000000000004,0.00017777540635065798,nan,nan,nan,nan,nan,nan,nan
300.0,3.1,0.0001746851732898051,nan,nan,nan,nan,nan,nan,nan
300.0,3.2,0.0001720457587004585,nan,nan,nan,nan,nan,nan,nan
300.0,3.3000000000000003,0.00016977585057286954,nan,nan,nan,nan,nan,nan,nan
300.0,3.4000000000000004,0.00016783339537182327,nan,nan,nan,nan,nan,nan,nan
300.0,3.5000000000000004,0.00016620721251806633,nan,nan,nan,nan,nan,nan,nan
300.0,3.6,0.00016482452494539989,nan,nan,nan,nan,nan,nan,nan
300.0,3.7,0.0001636666901293945,nan,nan,nan,nan,nan,nan,nan
300.0,3.8000000000000003,0.00016268526419779613,nan,nan,nan,nan,nan,nan,nan
300.0,3.9000000000000004,0.00016185476896215145,nan,nan,nan,nan,nan,nan,nan
300.0,4.0,0.00016116491328327213,nan,nan,nan,nan,nan,nan,nan
300.0,4.1,0.00016057345428793882,nan,nan,nan,nan,nan,nan,nan
300.0,4.2,0.00016005326402966045,nan,nan,nan,nan,nan,nan,nan
300.0,4.3,0.0001596195164870795,nan,nan,nan,nan,nan,nan,nan
300.0,4.3999999999999995,0.00015921233376335947,nan,nan,nan,nan,nan,nan,nan
300.0,4.5,0.00015885997893763383,nan,nan,nan,nan,nan,nan,nan
300.0,4.6,0.00015851528233441417,nan,nan,nan,nan,nan,nan,nan
300.0,4.7,0.00015819908893250514,nan,nan,nan,nan,nan,nan,nan
300.0,4.8,0.00015788309673552778,nan,nan,nan,nan,nan,nan,nan
300.0,4.9,0.00015757506889429274,nan,nan,nan,nan,nan,nan,nan
300.0,5.0,0.00015726047671007926,nan,nan,nan,nan,nan,nan,nan
314.2857142857143,0.1,0.01643640241849959,nan,nan,nan,nan,nan,nan,nan
314.2857142857143,0.2,0.007976402762099093,1.2488163216395097e-08,0.4692522357238867,-5.902548793473835e-05,0.00030001234709253744,0.2854957087177006,0.004996794750109321,0.28558330766902323
314.2857142857143,0.30000000000000004,0.004208925462937466,3.800712705637074e-08,0.21971915038054832,-0.00011873933100751353,0.001722236783185658,0.2754614541589754,0.01996793710919447,0.2769104834629923
314.2857142857143,0.4,0.0026386396675813226,2.6565872321657092e-08,0.07776291821570265,-5.957050673103895e-05,0.001922952618068042,0.18475717591214094,0.018895446218054817,0.18668954864523063
314.2857142857143,0.5,0.0018459830543822058,1.7183018166987746e-08,0.033140063409257084,-3.174233891208671e-05,0.001781426507184905,0.12559525961964535,0.016083533445799155,0.12765070628684705
314.2857142857143,0.6,0.00138472707527566,1.3421386096543148e-08,0.01670005343022897,-1.8968010395070833e-05,0.0018589151906889033,0.09046699204840736,0.013765382381937563,0.0925564893468561
314.2857142857143,0.7000000000000001,0.0010904716304714038,1.2312100027656355e-08,0.009365111836977396,-1.2338112902595814e-05,0.002169281788548837,0.06763146329837647,0.011962142906748081,0.06974888054442666
314.2857142857143,0.8,0.0008898673040369216,9.490893174219837e-09,0.005673889415759537,-8.602800162061013e-06,0.002054084377447843,0.05203151789750598,0.010610154543997325,0.05419085602057947
314.2857142857143,0.9,0.000746001871760035,9.094881310070035e-09,0.003697194367617919,-6.1726381491507534e-06,0.002352707983993773,0.041547704369465394,0.009351473617862066,0.043665170226183506
314.2857142857143,1.0,0.0006391083831593275,6.902900665139671e-09,0.002471821354554687,-4.667632111235922e-06,0.0020892122967908064,0.03313425137557555,0.008452119903537404,0.03528625913820334
314.2857142857143,1.1,0.0005569331081041669,7.885601928343386e-09,0.0017829410566862535,-3.649273570352362e-06,0.002744422481441071,0.02789731919760741,0.007731351371207528,0.030088866067367496
314.2857142857143,1.2000000000000002,0.0004925872436158689,6.224511024370508e-09,0.001262482033109551,-2.911841681481945e-06,0.0024557326404404645,0.022668467985448276,0.0070938486268663755,0.024910548775376386
314.2857142857143,1.3000000000000003,0.0004408661994586663,6.07175325585143e-09,0.0009597333833067493,-2.3674146001217313e-06,0.002683151321629579,0.01948352085331654,0.006538049493282953,0.0217324427575369
314.2857142857143,1.4000000000000001,0.00039874248913453127,5.607584874471086e-09,0.000725287855241779,-1.9487731079891645e-06,0.002746938519081138,0.01645142803264007,0.00602823771643345,0.018731643159968874
314.2857142857143,1.5000000000000002,0.000363871657362814,5.955809535500475e-09,0.0005666652858136077,-1.636109131383923e-06,0.003204969429672053,0.014211309335093741,0.0056102652149156345,0.016588649541968137
314.2857142857143,1.6,0.00033466747844923284,6.560279532916247e-09,0.00045946458797229306,-1.4155771159741122e-06,0.0038476765740758038,0.012627105702661642,0.005332301089378919,0.015202476221341875
314.2857142857143,1.7000000000000002,0.0003100579454153746,6.268792325479747e-09,0.0003556256302333839,-1.2479568091038654e-06,0.003980297165793783,0.010626238076112626,0.005123583391573822,0.013463354512121932
314.2857142857143,1.8000000000000003,0.0002890046686838502,6.377861980872131e-09,0.00029510588514298114,-1.0933442171466152e-06,0.0043573938629080005,0.009517765614670425,0.0048594438353624335,0.012522105747452978
314.2857142857143,1.9000000000000001,0.0002709024508037556,6.848607086776615e-09,0.00024225280307135793,-9.79733703325458e-07,0.005006009887218906,0.008382314520197758,0.004685519923871885,0.011799640910657086
314.2857142857143,2.0,0.0002552227609543746,7.378485282748848e-09,0.00020724882634787372,-8.944236419629877e-07,0.005742280130622308,0.007650311975139968,0.004576471502609616,0.011549425840443566
314.2857142857143,2.1,0.00024161555936847231,7.49528696841198e-09,0.00016766888280060163,-8.1100906451482e-07,0.00618232925589858,0.006569511362294812,0.0044181545953130156,0.010973598070998918
314.2857142857143,2.2,0.00022968504661057603,7.942231889071252e-09,0.00015064230492771368,-7.501301133448524e-07,0.0069139063996374135,0.0062347932112260555,0.004331102939093298,0.011144130896025176
314.2857142857143,2.3000000000000003,0.00021926095690195688,8.22760434174561e-09,0.00012011506570261786,-7.085322714208669e-07,0.007529613358088847,0.005229555318255842,0.004317562256935626,0.011014808842373892
314.2857142857143,2.4000000000000004,0.0002100380178503639,8.854258858500857e-09,0.00010944346051046033,-6.74066927640787e-07,0.008489230104741074,0.00499147053159119,0.0043181759747494145,0.011587713033070482
314.2857142857143,2.5000000000000004,0.00020190951340387555,9.428427452250009e-09,9.087907918587115e-05,-6.386252564687249e-07,0.009439369125304742,0.0043267918882483256,0.004286079487454864,0.012023467564456212
314.2857142857143,2.6,0.0001946897997492459,1.025871527834911e-08,8.436113211859386e-05,-6.128218334889795e-07,0.01069112591674495,0.004178165292778849,0.004294731084850896,0.01298640322659998
314.2857142857143,2.7,0.00018831369741580218,1.0991838415611788e-08,7.239059559069456e-05,-5.958904932514769e-07,0.01179327994726839,0.003718253122861665,0.00434705329679216,0.01380943890716116
314.2857142857143,2.8000000000000003,0.0001826615010382654,1.1837040924342599e-08,6.54159267649061e-05,-5.781020980675815e-07,0.013024089354416098,0.003473774221556801,0.004341770444561539,0.014812020525259324
314.2857142857143,2.9000000000000004,0.0001776634639283777,1.2325548363068436e-08,5.5230817380805033e-05,-5.613494300009084e-07,0.013870489773839171,0.003023670399447492,0.004323500803518506,0.015456985076227586
314.2857142857143,3.0000000000000004,0.00017321773499229804,1.315220258840347e-08,5.385467810485935e-05,-5.448457492749367e-07,0.01509839314854847,0.0030312747997849492,0.0042919747014237225,0.016552709634838316
314.2857142857143,3.1,0.00016931055283726698,1.3609764558175096e-08,4.200470109348578e-05,-5.341368102063801e-07,0.0159000498940355,0.0024249653821736836,0.00429222805152255,0.01719123285369939
314.2857142857143,3.2,0.00016582341769317077,1.4510134462117244e-08,4.353886010265389e-05,-5.21088102436978e-07,0.017212001931416636,0.0025715384760748683,0.004261446812517849,0.018416994284976593
314.2857142857143,3.3000000000000003,0.0001627716711501011,1.498897559819665e-08,3.4866756682159566e-05,-5.033576841216136e-07,0.01801772514497826,0.002102643713849562,0.004179599725791455,0.019078722119760666
314.2857142857143,3.4000000000000004,0.00016006859217385303,1.553224877540059e-08,3.4471939337548604e-05,-4.884786335771411e-07,0.018886865047535287,0.002117809511567898,0.004110281980866302,0.019874295569291656
314.2857142857143,3.5000000000000004,0.00015771023259098044,1.5941018800347687e-08,2.8912281120935955e-05,-4.6749703914554485e-07,0.01957357381572399,0.0018062432316224707,0.0039792611690032354,0.020446426226449738
314.2857142857143,3.6,0.00015564099581931722,1.634584577482713e-08,2.6465107531378907e-05,-4.4639287235762706e-07,0.02023902021817998,0.0016780843637467613,0.00383680162675685,0.021020846794787253
314.2857142857143,3.7,0.00015383641012296778,1.6508359151874308e-08,2.3049416436149262e-05,-4.245014308914465e-07,0.020584841579395566,0.00148093478294801,0.0036792498917263467,0.021283858442765834
314.2857142857143,3.8000000000000003,0.00015226231859097984,1.6606087221056185e-08,2.0905611551805928e-05,-3.9233947630662956e-07,0.02083161870107587,0.0013589508189313058,0.003424551237085626,0.021430310016099567
314.2857142857143,3.9000000000000004,0.00015089728317450995,1.6569470471193588e-08,1.7659023611053594e-05,-3.65700235322254e-07,0.02089233828351771,0.0011597763500824382,0.003211285977124762,0.021411669607690722
314.2857142857143,4.0,0.0001497088379941506,1.6491151518624367e-08,1.576678004264805e-05,-3.4149718463312e-07,0.020882591984115118,0.0010448683840393641,0.003014141158970347,0.021338802491409688
314.2857142857143,4.1,0.00014867806061421773,1.6199046585046143e-08,1.4188026298942343e-05,-3.0893339942851555e-07,0.020588259056637408,0.0009477079970052736,0.002738396458410961,0.020970746094444884
314.2857142857143,4.2,0.0001477891634972743,1.575966371861929e-08,1.0874639580325675e-05,-2.766703618872559e-07,0.020094922282640926,0.0007314219418386575,0.0024614490351307036,0.020407311001390496
314.2857142857143,4.3,0.0001470090127761341,1.546035481700135e-08,1.143599879445975e-05,-2.4574999072850975e-07,0.019766846322358384,0.0007738049613272673,0.0021934661405054704,0.020023725304473085
314.2857142857143,4.3999999999999995,0.0001463432220429385,1.4807773620962102e-08,6.902405396278973e-06,-2.1526384883560617e-07,0.018980907729262524,0.00046952260041294093,0.0019265801000954554,0.019181207768627185
314.2857142857143,4.5,0.0001457464553637057,1.4362561706834937e-08,7.657760224148495e-06,-1.8810757659158245e-07,0.018451060246973405,0.0005232739936463634,0.0016878410300546051,0.01861217490234122
314.2857142857143,4.6,0.0001452262662867144,1.3655823883730193e-08,5.212140738615738e-06,-1.5986171332972385e-07,0.017581288014457117,0.00035761698118894243,0.0014375796705536265,0.01770205775526976
314.2857142857143,4.7,0.00014475819861710924,1.3094627799986978e-08,4.239387287917404e-06,-1.3275823612411564e-07,0.016892467829227875,0.00029191601466553943,0.001196443776533439,0.016979506463437863
314.2857142857143,4.8,0.00014433252482038325,1.2501840773213558e-08,4.084430384754537e-06,-1.1104330401195185e-07,0.01616003314426945,0.00028215537522389365,0.0010027446587465845,0.01622458864134757
314.2857142857143,4.9,0.0001439476953275048,1.1812951151294212e-08,2.8972215559936805e-06,-8.916677434429121e-08,0.01529941490315475,0.00020073241007868264,0.000806806484290767,0.015343215545820795
314.2857142857143,5.0,0.0001435918380501863,nan,nan,nan,nan,nan,nan,nan
328.57142857142856,0.1,0.01687524299836609,nan,nan,nan,nan,nan,nan,nan
328.57142857142856,0.2,0.00849499949831634,6.365952632716659e-09,0.4389012947934292,-4.2456237992835185e-05,0.0001441141519452455,0.26008591096194883,0.0035106390959340843,0.260133333164974
328.57142857142856,0.30000000000000004,0.0045037689462008815,3.8533557578367696e-08,0.23068792791922144,-0.00011744452192802365,0.0016361239823171649,0.2715573178844125,0.018611185251207765,0.272834759939365
328.57142857142856,0.4,0.0028194176732776388,2.854289775317975e-08,0.08334337804179118,-6.111293487918064e-05,0.0019378047055907132,0.18505251720804825,0.01816386580127834,0.18683693760551123
328.57142857142856,0.5,0.001968500180772308,1.6169678319785313e-08,0.035588872170871914,-3.2679359634930184e-05,0.0015756611680243849,0.12622774024644254,0.015530431491821109,0.12813396786365466
328.57142857142856,0.6,0.0014734714099756965,1.5450803738676536e-08,0.017985476980473567,-1.940157237684356e-05,0.0020143655031919436,0.09136639740321116,0.013234161194648313,0.09328538089043659
328.57142857142856,0.7000000000000001,0.0011582974089838207,8.900860969480366e-09,0.009983540888837988,-1.2710053928769567e-05,0.001479309003410106,0.06775523991335984,0.011599322745659958,0.06972839785310207
328.57142857142856,0.8,0.0009429588168803249,8.966947928134792e-09,0.006129970883691918,-8.772443572390585e-06,0.00183387660630992,0.05292225326714464,0.010205763647054795,0.054885728723576804
328.57142857142856,0.9,0.0007889199336137484,7.368064197838679e-09,0.003941865578971185,-6.349212052191754e-06,0.0018044058078425813,0.041803157342676034,0.009089569919478969,0.04377214190301977
328.57142857142856,1.0,0.0006742997061368837,6.610871152066923e-09,0.0026712203696194698,-4.783372112861623e-06,0.0018979756682442996,0.03385920745320257,0.008199984328090017,0.03584030868949233
328.57142857142856,1.1,0.0005863916823562138,5.336623534045672e-09,0.0018799188669857301,-3.705660437173252e-06,0.0017653385538392947,0.02787957416971059,0.007447244437114725,0.029854814946777643
328.57142857142856,1.2000000000000002,0.0005172828472454011,5.710428521850902e-09,0.0013646127315513894,-2.963754559979797e-06,0.0021456444509028363,0.023271352111751683,0.006862805871221127,0.025305252973858095
328.57142857142856,1.3000000000000003,0.00046182013945010234,5.696911608597513e-09,0.00102536677466775,-2.389868682717867e-06,0.0024024526088110283,0.01982216847374628,0.0062858083600678795,0.021856644642262963
328.57142857142856,1.4000000000000001,0.0004166110994014811,5.698640359058526e-09,0.0007843783843834348,-1.9592904030160988e-06,0.002669591009012162,0.01698449931866134,0.0057837857851410065,0.019039545406280174
328.57142857142856,1.5000000000000002,0.00037924584319669417,5.518371068194315e-09,0.0006078117946693283,-1.6357671737046777e-06,0.002845758467815503,0.014589428739237464,0.005364052379568807,0.01668819606955609
328.57142857142856,1.6,0.00034795870493860054,4.755520515632229e-09,0.00047479955424931553,-1.4271335316073294e-06,0.002679347348135464,0.012519571743942965,0.0051516907751597354,0.014730866048859023
328.57142857142856,1.7000000000000002,0.00032141956222300007,4.881808640484959e-09,0.0003831270746741525,-1.2383185792123465e-06,0.002984885373097195,0.011010705271528058,0.004883839557241117,0.01333600198368055
328.57142857142856,1.8000000000000003,0.0002987116902541411,5.207808504638872e-09,0.00031955734772408996,-1.0589044510747715e-06,0.0034341889887923942,0.009942062813911181,0.004532123334200646,0.012317408446556865
328.57142857142856,1.9000000000000001,0.0002791993917625231,5.266307329199715e-09,0.00025455545199608835,-9.39508105778618e-07,0.0037244084302826704,0.00852177736263067,0.004336783643658391,0.011140345251275252
328.57142857142856,2.0,0.0002622326477908659,5.333501934073681e-09,0.00021570881311608158,-8.495540949799829e-07,0.00402643338983751,0.00772597718620948,0.004205718285840732,0.010548887236307817
328.57142857142856,2.1,0.00024742299195036957,5.875974763088352e-09,0.0001821953745347938,-7.641801494259329e-07,0.004713203607908772,0.006947852453524288,0.004038330453936162,0.010153972999566437
328.57142857142856,2.2,0.0002344352898552212,6.0809649502399845e-09,0.00015522990910953567,-7.062236324987774e-07,0.005161714768877965,0.006273867593544951,0.003965304710828864,0.009871777795110137
328.57142857142856,2.3000000000000003,0.0002229998868511682,6.3730388534448195e-09,0.0001292463306020949,-6.53977784690321e-07,0.005703487920458045,0.005513091936026901,0.00388581873463131,0.009650032726924766
328.57142857142856,2.4000000000000004,0.00021285694715313615,6.696463609265663e-09,0.00011310633608972847,-6.04171136889329e-07,0.00629657885339544,0.00507203558202774,0.003784878771753547,0.009696549119976828
328.57142857142856,2.5000000000000004,0.0002038450708160014,7.129297883981247e-09,9.942028628172132e-05,-5.646973711935791e-07,0.007020795863471082,0.0046707559988725745,0.003716832067561675,0.009936660273675778
328.57142857142856,2.6,0.00019582739734168384,7.361987977121496e-09,8.481431672627833e-05,-5.329146376142087e-07,0.0075702418234956615,0.0041607244358062056,0.003673628821466721,0.010080242384622492
328.57142857142856,2.7,0.00018865786703462908,7.803288405113051e-09,7.692712740425279e-05,-5.122123568360878e-07,0.008355474402633883,0.003928312812636155,0.003686911731990584,0.010603406541577619
328.57142857142856,2.8000000000000003,0.00018225760800161684,8.126650150758903e-09,6.34657150188196e-05,-4.951439147869886e-07,0.009037545706729455,0.0033640640603219674,0.0037112733293802654,0.010979128328510989
328.57142857142856,2.9000000000000004,0.0001764920061187928,8.792407589513007e-09,6.177823751945349e-05,-4.777099319392995e-07,0.010099819378408332,0.0033896109027671127,0.0037187865664917393,0.011880848479922173
328.57142857142856,3.0000000000000004,0.0001713441866111633,9.153394432423082e-09,5.170682522511902e-05,-4.618399734862497e-07,0.010784344225315044,0.002929697857834781,0.003713601975928033,0.01234774834451694
328.57142857142856,3.1,0.00016671343535578498,9.832353116489584e-09,4.796445165206996e-05,-4.4820256488987125e-07,0.01185161021099054,0.0027993042892617767,0.0036964423905125614,0.013252325901134903
328.57142857142856,3.2,0.00016256232861692736,1.0201621427571559e-08,4.152444611397825e-05,-4.3404884403918897e-07,0.012555304827328966,0.0024907678271616487,0.0036623220868862313,0.013808142880639779
328.57142857142856,3.3000000000000003,0.00015882646633920953,1.0890241311606126e-08,3.8303160324835163e-05,-4.2575691569905386e-07,0.013654084959347116,0.0023562138073880126,0.003667902722942197,0.014795026203191687
328.57142857142856,3.4000000000000004,0.00015547363566474005,1.135232863011989e-08,3.4571681655209e-05,-4.146467352677011e-07,0.014473806071416179,0.0021766952606861777,0.0036391619915704877,0.015515027052913575
328.57142857142856,3.5000000000000004,0.00015246652180682266,1.2005491262119406e-08,3.339456371511425e-05,-4.038303513644792e-07,0.01553545522901923,0.002147924538609592,0.003604083062857672,0.016490687628003185
328.57142857142856,3.6,0.0001497933535860564,1.2321398888563189e-08,2.549976393885142e-05,-3.94067828907847e-07,0.01615622663238893,0.0016724828268306665,0.0035695467063125725,0.017008944270008375
328.57142857142856,3.7,0.00014737518300467868,1.290325212718663e-08,2.7135795291487895e-05,-3.8265061345236377e-07,0.01711764307646942,0.0018115486863640024,0.0035122091748755724,0.017915541848144836
328.57142857142856,3.8000000000000003,0.00014522837037621582,1.323298033062845e-08,2.3976422507335635e-05,-3.703511014213275e-07,0.01773655002584785,0.0016268968776496425,0.0034391923316954534,0.018463154878262143
328.57142857142856,3.9000000000000004,0.00014332132197282632,1.3457815304655809e-08,2.0403026184211806e-05,-3.5398143452632357e-07,0.01820107600042898,0.0014048925930489702,0.0033211615867183497,0.01884975117452702
328.57142857142856,4.0,0.00014161830383127894,1.3676042455346322e-08,1.733091252642993e-05,-3.3766882274012e-07,0.018643048132059543,0.0012092347661791642,0.003196770825409873,0.019221451032489942
328.57142857142856,4.1,0.00014008859481499586,1.3935433323807252e-08,1.8243506793438952e-05,-3.220508951236266e-07,0.019128350024889242,0.0012882167276324595,0.0030731165473172816,0.019658112005958836
328.57142857142856,4.2,0.00013874132086664717,1.4040240375888288e-08,1.596365993394692e-05,-3.043660988531534e-07,0.01938812772836051,0.0011395402998387477,0.0029244981462031665,0.01985707500415078
328.57142857142856,4.3,0.00013755368351763795,1.3898644456806916e-08,1.3005877041170117e-05,-2.8666799064820237e-07,0.0192944500398009,0.0009374191452069905,0.0027710130515324026,0.01971069718847356
328.57142857142856,4.3999999999999995,0.00013649610493904042,1.3846426475794084e-08,1.2554047154589817e-05,-2.6466514951273057e-07,0.01930941031735319,0.0009126652833677162,0.0025719040186211826,0.019670171968881465
328.57142857142856,4.5,0.0001355640668319888,1.3613201148013845e-08,9.21243474917609e-06,-2.4203765732596844e-07,0.019061899714735892,0.0006749229037187832,0.0023627201661091542,0.019364308271334927
328.57142857142856,4.6,0.00013472415307242894,1.3488333952463183e-08,1.0544200924975792e-05,-2.228022535351739e-07,0.01895470623305714,0.0007778020511913189,0.002183853684999726,0.019220413581588363
328.57142857142856,4.7,0.00013398968132211883,1.3118799929109201e-08,7.813940959601753e-06,-2.0194307152988387e-07,0.01849502227547774,0.0005799955524976215,0.0019864870836518913,0.018716156274148986
328.57142857142856,4.8,0.00013333334898140475,1.2705141671618307e-08,5.411147743319727e-06,-1.8060748345847808e-07,0.017964669146189053,0.00040384809411636856,0.0017823563233017037,0.018145137611536195
328.57142857142856,4.9,0.00013273112811812386,1.2452679553299233e-08,7.229727628873149e-06,-1.616299996793744e-07,0.017654768062529073,0.0005422295085291408,0.0015997780114309665,0.01780739811295666
328.57142857142856,5.0,0.0001322012045311317,nan,nan,nan,nan,nan,nan,nan
342.8571428571429,0.1,0.017276560450613716,nan,nan,nan,nan,nan,nan,nan
342.8571428571429,0.2,0.009014895408540263,-4.740462011876978e-09,0.40532460543400106,-2.740833408172804e-05,0.0001014746275304146,0.23460954892766447,0.002219143833622248,0.23463056054966674
342.8571428571429,0.30000000000000004,0.004806476420806821,3.3360408710434445e-08,0.24079633270746922,-0.00011561017004847172,0.001330777391073106,0.2671094025997804,0.017323309923173612,0.2682338495773134
342.8571428571429,0.4,0.0030060207601480733,2.4444445495105316e-08,0.08887521420240613,-6.23732063268806e-05,0.0015601209750494105,0.18490720940120087,0.017416872034248188,0.18654705821564457
342.8571428571429,0.5,0.0020943172415133866,2.0436687433417136e-08,0.03827552470498239,-3.366184406895353e-05,0.0018750811757797642,0.12732954213894712,0.015038829291886761,0.12910716867653282
342.8571428571429,0.6,0.0015653689699285241,1.0026975356954874e-08,0.019151899139124542,-2.0037764077853486e-05,0.0012332342871412578,0.09144698214528894,0.01286935764157338,0.0932486575908802
342.8571428571429,0.7000000000000001,0.0012279396897349071,9.892137155445125e-09,0.010736990955552675,-1.295608613101973e-05,0.0015534028153258695,0.06859079975274414,0.011154433268844565,0.07039853431802341
342.8571428571429,0.8,0.000997880319096817,9.62192950449205e-09,0.006552073357972247,-8.951489797051489e-06,0.0018617020741069621,0.053358266800438196,0.009839823754478077,0.055174403790144044
342.8571428571429,0.9,0.0008333416820384493,6.411639636580963e-09,0.004203714151233112,-6.5463777829150656e-06,0.0014884992260818452,0.042126436114482156,0.008866395834074316,0.04397815593935896
342.8571428571429,1.0,0.0007108401864924128,6.457365820307205e-09,0.0028600672505567117,-4.892874992358295e-06,0.0017601608193662216,0.034320463168968814,0.007951364606522054,0.03615855025376819
342.8571428571429,1.1,0.0006169393634519434,5.3769996744671735e-09,0.0020105304039347268,-3.796831234242363e-06,0.0016919107009925147,0.028283859609225775,0.0072446313768838875,0.03012986298987082
342.8571428571429,1.2000000000000002,0.0005431438444508213,4.8050261325881135e-09,0.0014588389014001948,-2.9626930203053017e-06,0.001720425604183833,0.023646390355732773,0.006525625125158608,0.025441682484918834
342.8571428571429,1.3000000000000003,0.0004839367144637011,5.046434710801194e-09,0.0010913113020229223,-2.3912785935412613e-06,0.0020309974525591227,0.02009249139381041,0.0059933323230323896,0.021901443462275644
342.8571428571429,1.4000000000000001,0.0004356426974968102,4.777336792325196e-09,0.0008397546677837593,-2.0009518336811895e-06,0.0021397306503321313,0.017352571993104016,0.005637147445385967,0.019215750432233232
342.8571428571429,1.5000000000000002,0.00039574622720775683,4.0584551925818494e-09,0.0006370688900210105,-1.684919143731077e-06,0.0020050993830818434,0.01462365589235374,0.005282631943963522,0.01654340157599927
342.8571428571429,1.6,0.0003622204458189136,4.344201475012319e-09,0.0005082802078205179,-1.4181868423099069e-06,0.00234935115796443,0.012843589474162786,0.004904634397505731,0.01478472585442986
342.8571428571429,1.7000000000000002,0.00033377746650827553,4.945524920619036e-09,0.0004147042688965778,-1.207376081503773e-06,0.0029074069452569547,0.011448947006815367,0.004570656513162715,0.013465259174365283
342.8571428571429,1.8000000000000003,0.00030948152988660325,4.758303421845736e-09,0.0003385496054155443,-1.0624834903653838e-06,0.0030230836150961916,0.0101429736691692,0.0043723373152182105,0.01225779819516629
342.8571428571429,1.9000000000000001,0.0002885710893190864,4.460813131767138e-09,0.00026703556582516823,-9.339105928468082e-07,0.00304621184640232,0.00862848150980165,0.004153377144396914,0.010873416352984378
342.8571428571429,2.0,0.00027033100440982126,4.7893403545016005e-09,0.00023386835547899767,-8.236159902257245e-07,0.00349818428842856,0.00810435847994456,0.003937031430237605,0.010436395577622345
342.8571428571429,2.1,0.0002544296030553461,4.57741263099774e-09,0.00018983446541464912,-7.414030594350103e-07,0.0035604851547980216,0.007022297195583991,0.0037906998445610004,0.009525152128116037
342.8571428571429,2.2,0.00024042654635501737,4.6796358580812635e-09,0.0001615947319863291,-6.738035650039674e-07,0.0038606815627090464,0.0063512551230596155,0.0036687697804219594,0.009064383441266557
342.8571428571429,2.3000000000000003,0.00022803943697455192,4.9881104304960856e-09,0.00013901740882026598,-6.181756419415803e-07,0.004348547209506605,0.005782115616093027,0.0035699476690409875,0.008822231948353937
342.8571428571429,2.4000000000000004,0.00021704250168228914,5.066597196020328e-09,0.00011900205899337905,-5.626947583714558e-07,0.004652163522854047,0.00521848591507701,0.0034338319666146304,0.008512204452380118
342.8571428571429,2.5000000000000004,0.00020723558697996014,5.393189998460111e-09,0.00010387691824338098,-5.259106941466473e-07,0.005198450353805011,0.004786017367024177,0.003380248551546091,0.008531237240804606
342.8571428571429,2.6,0.00019846744146006495,5.4870997854785864e-09,8.952485510643845e-05,-4.905373383155155e-07,0.005537413951748916,0.004319955679962226,0.0033097736227618003,0.008440033958327478
342.8571428571429,2.7,0.00019059454449123415,5.905763857691722e-09,7.905674733320484e-05,-4.639344262762235e-07,0.006221120208750902,0.003983361036531144,0.003277319432189195,0.008720730882230751
342.8571428571429,2.8000000000000003,0.0001835122149957354,6.07421966751738e-09,6.850317047902393e-05,-4.3690653179173824e-07,0.006664481845376323,0.0035941831735994178,0.0032216554603811147,0.00883694510357186
342.8571428571429,2.9000000000000004,0.00017711491720502688,6.547291397158777e-09,6.21058495796524e-05,-4.1461039362310674e-07,0.007461618334384001,0.0033842896823568763,0.003184301053824763,0.009349262603269933
342.8571428571429,3.0000000000000004,0.0001713386779101149,6.8142624587066e-09,5.604819359346899e-05,-4.0103370792840125e-07,0.008051383341289907,0.0031645100524530095,0.0031992654677905044,0.009762658277706456
342.8571428571429,3.1,0.0001661229205511376,7.209921305801958e-09,4.76039905170924e-05,-3.812166535806689e-07,0.008810651916449459,0.0027783563581636654,0.003152982443606943,0.01025814056372646
342.8571428571429,3.2,0.0001613832030973312,7.641640980215793e-09,4.6027411165151424e-05,-3.74408521047891e-07,0.009593357702607282,0.0027706839617584753,0.0032027370473457356,0.010964681975096308
342.8571428571429,3.3000000000000003,0.00015710375975517635,7.821962154441762e-09,3.711645038545355e-05,-3.6117891631955233e-07,0.01005071033702678,0.002299895507902913,0.0031739818495856364,0.011245204275115998
342.8571428571429,3.4000000000000004,0.00015319548091687602,8.299117760293504e-09,3.8570920166456186e-05,-3.506745329355056e-07,0.01089379234530133,0.0024551239401630763,0.00315415704967819,0.012024963975504333
342.8571428571429,3.5000000000000004,0.00014967291128024026,8.497933869229956e-09,3.099409109386943e-05,-3.415921384680746e-07,0.011374773935012053,0.002023172675092606,0.0031387235987225173,0.012376666813170104
342.8571428571429,3.6,0.0001464602825545432,9.072717462949535e-09,2.996188181937815e-05,-3.3432268296712976e-07,0.01236086213514772,0.0020018239481744957,0.003132516090419615,0.013282451805186012
342.8571428571429,3.7,0.0001435472726470399,9.273037090502817e-09,2.6076765265568995e-05,-3.245980720644948e-07,0.01284108023141268,0.0017804666774323451,0.003095674944311224,0.013683194430420738
342.8571428571429,3.8000000000000003,0.0001408950303921923,9.786607179744606e-09,2.4906555311549773e-05,-3.1773739163942003e-07,0.013752593699168451,0.0017350768741382545,0.003079966044693396,0.014529855707697365
342.8571428571429,3.9000000000000004,0.0001384918536904602,1.0191657786927049e-08,2.30121752198834e-05,-3.1430601687097445e-07,0.014512356793580988,0.0016332850886100966,0.003091741609210385,0.015244469562471432
342.8571428571429,4.0,0.00013631879874092693,1.045445674937651e-08,1.9735120883077416e-05,-3.017613857653311e-07,0.015065585056402403,0.001425002291267392,0.0030078406200593575,0.015719309622663803
342.8571428571429,4.1,0.00013434309500022444,1.0719448003069697e-08,1.9144215525080654e-05,-2.902885560219923e-07,0.015616135292777458,0.0014043709086275125,0.0029282792263091704,0.016216830072051585
342.8571428571429,4.2,0.00013255883341477275,1.0979604323680306e-08,1.60240482230292e-05,-2.864005535601023e-07,0.016150455843036073,0.0011927705121727642,0.002920606409703284,0.016712863579691147
342.8571428571429,4.3,0.00013093481231155136,1.1259272138275463e-08,1.6399794840299644e-05,-2.767708832112964e-07,0.01670482812021343,0.0012371710294843319,0.002849814125642989,0.017228602838985443
342.8571428571429,4.3999999999999995,0.00012947478915673296,1.1450537232007879e-08,1.4511661427851543e-05,-2.6113481735845684e-07,0.0171202272336377,0.001108311928024301,0.0027120301655584158,0.017579554917545228
342.8571428571429,4.5,0.00012815988261619308,1.1643564747388198e-08,1.2978499727868537e-05,-2.486394380947676e-07,0.017528521820561766,0.0010023958959421585,0.0026022661777555653,0.01793871381303277
342.8571428571429,4.6,0.00012697476107293188,1.1623779893812404e-08,1.0883060543921163e-05,-2.3814508737756697e-07,0.01760782995647219,0.0008491784107288253,0.0025095681741672295,0.01798200891421405
342.8571428571429,4.7,0.0001258984701351099,1.1708366618705969e-08,1.0488000057063414e-05,-2.2677657536909372e-07,0.01783318350837561,0.0008259909267353776,0.0024046655989545906,0.018173319133830242
342.8571428571429,4.8,0.00012492705919785855,1.1711634067159403e-08,1.0027582227840392e-05,-2.1080606921191245e-07,0.017925968407156996,0.0007964816583616257,0.002247572533004267,0.018223004443524884
342.8571428571429,4.9,0.0001240559240828856,1.1528926593419641e-08,7.798346158109928e-06,-1.9589194063714005e-07,0.017726378094432112,0.0006242319484811507,0.0020988419747909955,0.017984004591373868
342.8571428571429,5.0,0.00012326277242949375,nan,nan,nan,nan,nan,nan,nan
357.14285714285717,0.1,0.017644085246149157,nan,nan,nan,nan,nan,nan,nan
357.14285714285717,0.2,0.009533823877537272,-1.1378314960363269e-08,0.36924296331629713,-1.3768203269688266e-05,0.00023104534215630782,0.20927294227219004,0.0010938396236448182,0.20927878707469144
357.14285714285717,0.30000000000000004,0.00511599214208836,3.537114082190463e-08,0.2499452102724999,-0.00011329532204011265,0.0013287251283833432,0.26216680052313335,0.016103833982146907,0.2631574884833268
357.14285714285717,0.4,0.0031976125093644476,2.4252521766710548e-08,0.09450721781513614,-6.347800560304329e-05,0.0014582410222263838,0.18472901284902696,0.01669196226900675,0.18623688642112432
357.14285714285717,0.5,0.0022243050547918974,1.7360482366366435e-08,0.0408315251163424,-3.4500440630218786e-05,0.0015026303143872211,0.1276937871513957,0.01452095200947273,0.12934325366810007
357.14285714285717,0.6,0.0016593128513827712,1.5189288189432537e-08,0.020528012601346,-2.063805685323481e-05,0.0017649347259412877,0.09228955604413071,0.012504237176300191,0.09398504691775131
357.14285714285717,0.7000000000000001,0.0012996007739871048,1.109683493366044e-08,0.011487678380441986,-1.3274880644605938e-05,0.0016487924769969518,0.06923153985620524,0.010797417415573012,0.0709146886983633
357.14285714285717,0.8,0.0010547654803958583,6.668087661481527e-09,0.006914174154355484,-9.200843219933656e-06,0.001222659645548032,0.053202293294602875,0.009569572604821688,0.05491022079806004
357.14285714285717,0.9,0.0008790719283481667,7.595436611824457e-09,0.00453201203067131,-6.6736162216648635e-06,0.0016733257585600878,0.04296701129212559,0.008565713531132585,0.044673336287619755
357.14285714285717,1.0,0.0007486984966071882,6.2699750606720125e-09,0.003025932655380356,-4.962657616963577e-06,0.0016241782655426475,0.03442190061814715,0.007653147899248183,0.03611989123377027
357.14285714285717,1.1,0.0006485843914200133,6.676163084990324e-09,0.002151517300148233,-3.867512357686401e-06,0.0019989707315241985,0.02873676533208063,0.007012899758933054,0.030465703533551432
357.14285714285717,1.2000000000000002,0.0005699854592343207,5.943243291958024e-09,0.0015696647063529214,-3.0681121623202557e-06,0.002028136634995711,0.02420139502457485,0.006430559641525523,0.02593308801419842
357.14285714285717,1.3000000000000003,0.0005070831741121573,4.054992072237585e-09,0.0011468373294456588,-2.447305750325557e-06,0.0015583056377627205,0.020120466423586343,0.005846015624484032,0.021808559854487673
357.14285714285717,1.4000000000000001,0.00045564926228445053,4.40217224226093e-09,0.000885951692382715,-2.018614749467653e-06,0.0018852051722010124,0.017471526124563527,0.005430178609403422,0.019177640707934963
357.14285714285717,1.5000000000000002,0.0004130748673805709,4.548409948435954e-09,0.0006868285952129747,-1.7082861120911668e-06,0.002152048669284218,0.01507362465088783,0.005120946536888774,0.016861010066368132
357.14285714285717,1.6,0.000377368758428821,4.181032445491284e-09,0.0005482012116606233,-1.4211140177349556e-06,0.002169131310756206,0.013271231317870495,0.004706731793763484,0.015004577957829324
357.14285714285717,1.7000000000000002,0.0003471446615936773,3.579379308497404e-09,0.00043018870915206397,-1.2222492388231951e-06,0.002022148258170312,0.0113996906088135,0.004438744232747674,0.013169925219309084
357.14285714285717,1.8000000000000003,0.0003212224518500543,3.3504820937140474e-09,0.0003552914796109722,-1.0689006393523457e-06,0.002049386199567872,0.010234680780625989,0.004227081753041691,0.012028512575131236
357.14285714285717,1.9000000000000001,0.000298853156902541,3.88441092571437e-09,0.0002922915472626779,-9.203899834313172e-07,0.0025578102731023677,0.009099349861108675,0.003940818468071898,0.010972723530857759
357.14285714285717,2.0,0.0002794067774276545,3.6980222246919305e-09,0.00024099820506153982,-8.182385525732311e-07,0.002609271164694108,0.008064101030732353,0.003771561019035924,0.010014358016637179
357.14285714285717,2.1,0.00026237038000338336,3.9183796807535836e-09,0.00020388480018403477,-7.347521353833137e-07,0.002949603059357397,0.007297059937525165,0.0036290135929320194,0.009396101385945982
357.14285714285717,2.2,0.0002473728305809526,3.993952594559771e-09,0.00017216876599232455,-6.555264888421293e-07,0.0031947592416864583,0.006562050410953569,0.003454183019917788,0.00878235463178376
357.14285714285717,2.3000000000000003,0.00023409696881844505,4.019440013786572e-09,0.00014409485832638172,-5.97134354847699e-07,0.003404065067972254,0.005825007458902275,0.0033435307942654992,0.008238735778483216
357.14285714285717,2.4000000000000004,0.00022226205563920137,4.196147295249382e-09,0.00012996117040551004,-5.42715547873445e-07,0.0037503907263760445,0.005551595608497692,0.0032173818303478266,0.008098687306303592
357.14285714285717,2.5000000000000004,0.0002117267541640128,4.173778339766848e-09,0.00010358491723725889,-5.0128225310847e-07,0.003924045813411076,0.004660485881828097,0.0031362174079025418,0.007535912914818608
357.14285714285717,2.6,0.0002022273018611968,4.4652410548600845e-09,0.00010086303195995894,-4.600959204374592e-07,0.004404449364222283,0.004763830265958078,0.0030279668117753652,0.007773700472187131
357.14285714285717,2.7,0.0001937364798779804,4.513564181120813e-09,7.608007619302471e-05,-4.210728862310442e-07,0.004656914251759371,0.003762107069264267,0.0029073815462282468,0.00726264654651077
357.14285714285717,2.8000000000000003,0.00018600645865669423,5.0782442940863114e-09,7.975727736403924e-05,-4.058032698036162e-07,0.005467934789506984,0.004116791913132322,0.00293084061355436,0.008001621080909285
357.14285714285717,2.9000000000000004,0.00017907401020904846,4.742927977321174e-09,5.8227325556309e-05,-3.7930161382798036e-07,0.005318345676627433,0.0031303926743628404,0.0028588572327387838,0.00737768855307487
357.14285714285717,3.0000000000000004,0.0001727238350169658,5.32684733716063e-09,6.301584329952376e-05,-3.581471600077844e-07,0.006205113457006564,0.003518983197280274,0.0028111860150356414,0.008166529824798829
357.14285714285717,3.1,0.00016700381825787835,5.281121410455267e-09,4.797946463351229e-05,-3.4596344708099326e-07,0.006378811311345112,0.0027778137643133917,0.0028210301772628806,0.00802009386335403
357.14285714285717,3.2,0.00016176359614512604,5.486558597642356e-09,4.539979457983758e-05,-3.290210795327996e-07,0.006858265924052833,0.0027184884186140976,0.0027818606210185835,0.008360830568592515
357.14285714285717,3.3000000000000003,0.0001569773719781721,5.939928924238022e-09,4.1987585989455035e-05,-3.125282884632056e-07,0.007669275838887388,0.002595614031217872,0.002734649509427575,0.008972826754753593
357.14285714285717,3.4000000000000004,0.0001526110236711127,6.191299397542354e-09,3.688976078147299e-05,-3.035076886703088e-07,0.008242740494827438,0.002350004992222864,0.0027430949920904104,0.00940821102015699
357.14285714285717,3.5000000000000004,0.00014861357297186805,6.584628848875339e-09,3.626642428452512e-05,-2.9711633510696946e-07,0.00897825661570019,0.002376396109017771,0.002768945390725516,0.010079209665343765
357.14285714285717,3.6,0.00014497878651546865,6.663022188997268e-09,2.6781877941409045e-05,-2.8712946285476753e-07,0.00928443140363144,0.0018021152042740237,0.0027405423160866546,0.010221028816647397
357.14285714285717,3.7,0.00014161181883848333,7.130935790748621e-09,3.141060180472166e-05,-2.811212841334027e-07,0.01013807501657284,0.00216656536860793,0.0027420528451235853,0.011068526466924597
357.14285714285717,3.8000000000000003,0.00013855895717954523,7.166482534272777e-09,2.3622004808430287e-05,-2.7027136862784203e-07,0.01038040484396731,0.0016680814498521896,0.0026897198954939053,0.011180540536147279
357.14285714285717,3.9000000000000004,0.00013574231556869143,7.541363738648576e-09,2.2718229465086057e-05,-2.6555327959784674e-07,0.011112955623035383,0.0016396074225391067,0.0026925139015971005,0.011861085844061089
357.14285714285717,4.0,0.0001331528562524885,7.86370960828845e-09,2.218406987735191e-05,-2.6237737210699127e-07,0.011772688069376668,0.0016342781382807502,0.002706475560168785,0.012486675671598425
357.14285714285717,4.1,0.00013078523763505908,8.11632590493944e-09,1.994625215299625e-05,-2.5409563326877776e-07,0.012329573334763548,0.0014979965668309482,0.0026628298163220102,0.012978586116867146
357.14285714285717,4.2,0.00012861708153915963,8.351963871074663e-09,1.6482630266898194e-05,-2.4545414682206244e-07,0.012858308863770854,0.001260282166775661,0.0026100990242467537,0.013436876564468715
357.14285714285717,4.3,0.00012661375174592915,8.723001158398793e-09,1.798957547896509e-05,-2.3832746540568712e-07,0.013596111581117792,0.001398692558071135,0.002568427911983022,0.014142285348426393
357.14285714285717,4.3999999999999995,0.00012479031770748833,8.95744666130415e-09,1.6505243489846004e-05,-2.3486415321348624e-07,0.014118967491260044,0.0013035901126258727,0.0025624981848071005,0.01463480044603524
357.14285714285717,4.5,0.00012313193610394597,9.074287145345233e-09,1.2401455136028031e-05,-2.315289760145709e-07,0.014449883208232208,0.000993783441203937,0.0025545952395444813,0.014927780944781073
357.14285714285717,4.6,0.00012159756905176389,9.263296937745132e-09,1.335195237652691e-05,-2.2332977935970577e-07,0.014888539634418194,0.0010843614417997466,0.0024894103788928213,0.015337495892458523
357.14285714285717,4.7,0.00012019672152334706,9.424313898527444e-09,1.1502482084319714e-05,-2.1449520211618818e-07,0.01527682874130531,0.0009459467137392464,0.002413249016730477,0.01568195948247244
357.14285714285717,4.8,0.00011891089881577343,9.519321215479622e-09,1.0848610136992403e-05,-2.068685069646338e-07,0.01555082323940035,0.000902571218207908,0.002347339393431521,0.015926793232880317
357.14285714285717,4.9,0.00011773356220956973,9.714005666737442e-09,1.03146244207847e-05,-1.969859233072159e-07,0.015980293974065495,0.0008674246451340821,0.0022525821361227957,0.01631779622291255
357.14285714285717,5.0,0.00011665937184757387,nan,nan,nan,nan,nan,nan,nan
371.42857142857144,0.1,0.01798148594059989,nan,nan,nan,nan,nan,nan,nan
371.42857142857144,0.2,0.01005043024144033,-1.913042193181279e-08,0.33133519212568646,-1.4492874521870355e-06,0.00036960321800836123,0.1842646337573104,0.0001131865389941599,0.18426507396313527
371.42857142857144,0.30000000000000004,0.005432726463537634,3.0313028164173505e-08,0.25791310671839873,-0.00011045115395974903,0.0010748282777527315,0.2566189710515688,0.014937554151830613,0.25748924755700053
371.42857142857144,0.4,0.003394153752818926,2.4875447591292905e-08,0.10022547815551626,-6.457180965353225e-05,0.0014118310327796916,0.1844846760244438,0.01602694544727711,0.18587715006274735
371.42857142857144,0.5,0.002357835823655381,1.7697173206020666e-08,0.04348386930777196,-3.523746501167746e-05,0.0014475749381783508,0.12811402333102198,0.013999564231427926,0.129642871167693
371.42857142857144,0.6,0.0017563565875695554,1.3301998487728086e-08,0.021864916694611533,-2.1141775294695976e-05,0.0014625675368092643,0.09273299046205048,0.012105330380307222,0.09431131783125105
371.42857142857144,0.7000000000000001,0.0013735265184298454,9.856704277815021e-09,0.012231502662139323,-1.3776108221314122e-05,0.0013878044093133036,0.0696413401965558,0.01060287450841123,0.07125085375722287
371.42857142857144,0.8,0.0011130114759115286,7.788826867849917e-09,0.007385583036912615,-9.433278058292916e-06,0.0013552973796140857,0.05377095336576018,0.009297307862964102,0.05537176287465853
371.42857142857144,0.9,0.0009263522637623381,6.84992712559121e-09,0.004814334185589195,-6.766512860990315e-06,0.0014337441228707073,0.04325502737198982,0.008241865063447871,0.04482086226981382
371.42857142857144,1.0,0.0007878363934690396,5.585833567546264e-09,0.003227137847458506,-5.098717304453072e-06,0.0013765806172651447,0.03483704821264894,0.007470414042055202,0.03642978279218431
371.42857142857144,1.1,0.0006815919016503261,3.959529402719502e-09,0.0022692570980484615,-3.9155915346320435e-06,0.0011295202365719514,0.02880365919701118,0.006754746883460774,0.0303674136208805
371.42857142857144,1.2000000000000002,0.0005980399808120972,4.566348381782281e-09,0.0016569123189242574,-3.140574073607739e-06,0.0014862337819000696,0.024309448438463045,0.006271299255183525,0.025919424432901385
371.42857142857144,1.3000000000000003,0.0005310571831631109,4.551766899422706e-09,0.0012479844056386875,-2.5330756886436432e-06,0.001670860876163796,0.020867909264929256,0.005771175657368025,0.022469409206590404
371.42857142857144,1.4000000000000001,0.0004765542295705115,3.7058611585732103e-09,0.0009280478503725105,-2.0459213279087505e-06,0.0015180141989520923,0.017475478720480213,0.005257112204189894,0.019051802567554114
371.42857142857144,1.5000000000000002,0.0004313317544816372,3.2937648268736066e-09,0.0007261063573616799,-1.717780687149427e-06,0.0014929055471571363,0.01523659454278843,0.004925524064554346,0.016819754898781094
371.42857142857144,1.6,0.00039337034296637967,3.6611528537115735e-09,0.0005833410801119693,-1.4438077893189478e-06,0.0018218465049386753,0.013524185827983216,0.00458086153595919,0.015106002509619814
371.42857142857144,1.7000000000000002,0.00036124234225224186,3.6273698624603766e-09,0.0004532804131261323,-1.2466248829529401e-06,0.001968408233285422,0.011522994074946648,0.004342379282450539,0.01320479227740568
371.42857142857144,1.8000000000000003,0.00033364714566936536,3.809185169855952e-09,0.0003876012323121894,-1.0663723436003153e-06,0.002241275673302886,0.010729673323885774,0.004050701545022178,0.012367925141054802
371.42857142857144,1.9000000000000001,0.00030992796140961077,3.393130526300259e-09,0.00030284717088339654,-9.319943758618375e-07,0.0021525827186924017,0.009076869825330661,0.0038386147178223573,0.010793197120898714
371.42857142857144,2.0,0.00028923724885869013,3.1367220508235002e-09,0.00025642899662538997,-8.216679306831659e-07,0.0021359044136432664,0.008273825809685019,0.003648830252971742,0.00998229460711486
371.42857142857144,2.1,0.0002711108262740234,3.2631391841828696e-09,0.00021498034837678096,-7.249452487878344e-07,0.0023739960559418984,0.007432664680122577,0.0034554850956284044,0.009206580038917243
371.42857142857144,2.2,0.0002551342071731245,3.1153845056289486e-09,0.00018172064704772572,-6.507973997385309e-07,0.0024125884539551996,0.006702817793932466,0.0033142727327715284,0.008527435541896599
371.42857142857144,2.3000000000000003,0.0002409747945427028,3.2944933460506387e-09,0.00015225842746997514,-5.759489157530764e-07,0.0027053442238010334,0.005967777867068148,0.003122148778721474,0.007901195228119986
371.42857142857144,2.4000000000000004,0.00022833796618698082,3.506382099588769e-09,0.0001368575014718177,-5.310716446744681e-07,0.0030433794583679093,0.005679328484604867,0.003052706497789215,0.00775596315662658
371.42857142857144,2.5000000000000004,0.00021706971284597704,3.466184309641717e-09,0.00010969764420207086,-4.814827859223407e-07,0.0031704211867512456,0.00480417891224633,0.0029253354170498515,0.00708850337707234
371.42857142857144,2.6,0.00020689843594699395,3.7916734211896875e-09,0.0001072391763883262,-4.4224279673667265e-07,0.0036441489199053774,0.004940310418359394,0.002831549234105501,0.007329517754294944
371.42857142857144,2.7,0.00019779955081189414,3.626285931909776e-09,8.364130274069705e-05,-4.112390786804357e-07,0.0036527569777872896,0.004042626149292178,0.002766671584147635,0.006707786746071658
371.42857142857144,2.8000000000000003,0.0001895370787042013,3.454016793380498e-09,7.264411017291913e-05,-3.8561570669512486e-07,0.00363777637241674,0.0036726124945553155,0.0027190142831434857,0.00644263741139868
371.42857142857144,2.9000000000000004,0.00018200104769823763,3.962173902747172e-09,7.310871330040625e-05,-3.582029886594124e-07,0.004353512005398354,0.0038572248659853245,0.0026408199862261303,0.006912243546579205
371.42857142857144,3.0000000000000004,0.00017519610382527804,3.796175255026083e-09,5.713358919854141e-05,-3.2805717683999915e-07,0.004341606002109254,0.0031391901267112682,0.002523212319852619,0.006437177809514406
371.42857142857144,3.1,0.00016896249584430386,4.266499998311067e-09,5.348071658447204e-05,-3.1753098505461916e-07,0.005068424923582745,0.003052620201977096,0.002542074684567031,0.006923272976515268
371.42857142857144,3.2,0.0001632636950291744,4.432572931282831e-09,4.983203798245385e-05,-2.9575605838595516e-07,0.005460345589193179,0.0029492958028018985,0.0024594214572885476,0.0071141568365470365
371.42857142857144,3.3000000000000003,0.00015806321459386948,4.539113076639957e-09,4.273627560791911e-05,-2.8434122069225e-07,0.005786957696358051,0.0026176227115454146,0.0024518963320212662,0.007236326366699799
371.42857142857144,3.4000000000000004,0.00015329009691464375,4.517070028969592e-09,3.8105723397074524e-05,-2.7599745203240087e-07,0.005951610488914529,0.0024107901066661255,0.00246310212275543,0.007305294003967349
371.42857142857144,3.5000000000000004,0.00014889803646938877,4.664699777864062e-09,3.5111489899445e-05,-2.6261425767538625e-07,0.006340845551190145,0.0022905256507859133,0.0024221108646684175,0.007562147323508427
371.42857142857144,3.6,0.00014485709092312824,5.011405405599008e-09,3.155126715791796e-05,-2.4996663459192507e-07,0.007016663764465725,0.002118984770118472,0.0023785022163564846,0.008064627234161898
371.42857142857144,3.7,0.00014113165804844688,5.15895202735037e-09,2.7920624910666247e-05,-2.416323880058494e-07,0.007429887597386106,0.0019274600043903255,0.002368232379570414,0.008374686918661958
371.42857142857144,3.8000000000000003,0.0001376854314228722,5.613634151894991e-09,2.9262647383915734e-05,-2.3928987503347897e-07,0.008268246572837487,0.0020734290086686733,0.002412365545727143,0.009181613381952567
371.42857142857144,3.9000000000000004,0.00013453183127113666,5.616005900092583e-09,2.135213402180047e-05,-2.3100011538635148e-07,0.008443377794746177,0.0015507910895976955,0.0023816588371838665,0.009221723224097566
371.42857142857144,4.0,0.00013159175245961913,5.883895675801186e-09,2.3209966361649174e-05,-2.2298649229250863e-07,0.009018169565967158,0.0017252397549596722,0.0023467415485868867,0.00976310536276023
371.42857142857144,4.1,0.0001288837733117181,6.1439883686072325e-09,2.040179223977375e-05,-2.1843853075169638e-07,0.009587283702198659,0.0015503853287488017,0.0023435850549031138,0.010261797370498699
371.42857142857144,4.2,0.0001263798120862148,6.394040283493252e-09,1.9704463763602007e-05,-2.1091411820982563e-07,0.010145667781362644,0.0015288552823437924,0.0023038218120431334,0.01076509001761815
371.42857142857144,4.3,0.0001240728954983475,6.504433916290511e-09,1.6791768680512734e-05,-2.085358409659663e-07,0.01048413363332147,0.0013286749207268636,0.002316242451407136,0.011064013434270227
371.42857142857144,4.3999999999999995,0.00012193389659728536,6.6227229775759486e-09,1.609872312603895e-05,-2.0894707973407562e-07,0.010830777120391419,0.0012975213531833283,0.0023575308690837655,0.011406366568321686
371.42857142857144,4.5,0.00011995588492748359,6.878825986767702e-09,1.3297253571921166e-05,-1.9986422743191353e-07,0.011401120477231474,0.0010905297003538234,0.002288000624952333,0.011901457762949258
371.42857142857144,4.6,0.00011811084579340102,7.2034856614493735e-09,1.5249561931218678e-05,-1.937252807038283e-07,0.012089872569374181,0.0012712641768628052,0.002247592377430342,0.012565208885698911
371.42857142857144,4.7,0.00011641830227863064,7.357725195950126e-09,1.116982852320588e-05,-1.8986195871470458e-07,0.01249265829859093,0.0009457072674548531,0.0022305657235382084,0.012919431895215702
371.42857142857144,4.8,0.00011483745704909232,7.637192198956427e-09,1.3703865276871852e-05,-1.8650817227503465e-07,0.013107382656849449,0.0011771229272931334,0.0022167014435201444,0.013528363872931768
371.42857142857144,4.9,0.00011339365047232272,7.638122799048906e-09,9.769253770460123e-06,-1.8203534414385958e-07,0.013240069713169392,0.0008507027255300356,0.0021869357159344715,0.01362308763783267
371.42857142857144,5.0,0.00011204753643325772,nan,nan,nan,nan,nan,nan,nan
385.7142857142857,0.1,0.018292021863910032,nan,nan,nan,nan,nan,nan,nan
385.7142857142857,0.2,0.010563132437602202,-2.6385104666291936e-08,0.2921404105970939,9.556457270009075e-06,0.00048640437178687756,0.1597091960476408,0.0007348316481374112,0.15971331768671912
385.7142857142857,0.30000000000000004,0.005755647117265311,2.8407568996444613e-08,0.2647609821302391,-0.00010704238685406241,0.0009528459974840373,0.25064627722336785,0.013813141889554131,0.2514081740499903
385.7142857142857,0.4,0.0035957716182308114,2.5054504769825844e-08,0.10590821413237818,-6.543711947483243e-05,0.0013446839390338782,0.1840074833891111,0.015364232036327289,0.1852908021738319
385.7142857142857,0.5,0.002494978260520093,1.679474895819263e-08,0.046193011451588904,-3.6126251774098165e-05,0.00130048837318315,0.12846480910352354,0.013572359018502829,0.12989732986735253
385.7142857142857,0.6,0.0018561150173252638,1.1741924525612014e-08,0.023221206104374628,-2.1661850356787262e-05,0.001223687961084572,0.09307177730492142,0.011741580193031195,0.09454936569740567
385.7142857142857,0.7000000000000001,0.001449463835174181,1.0073116147841123e-08,0.013003437490774372,-1.404352230052923e-05,0.001345856634604804,0.070057282923732,0.010244847335738808,0.0715524144568297
385.7142857142857,0.8,0.0011728470279308417,9.767501927467136e-09,0.007880032280035193,-9.636536027625815e-06,0.0016144865736051177,0.05436515274690008,0.009012679919428538,0.055862627925566385
385.7142857142857,0.9,0.0009750305434878546,7.388670158743743e-09,0.0050900197320216355,-7.003167609951085e-06,0.001470803047734185,0.0433988372806089,0.008102956225710172,0.044910334424334265
385.7142857142857,1.0,0.000828114256365084,5.344162256869229e-09,0.0034209509863370262,-5.286140945292831e-06,0.0012543611017083317,0.03508557766918447,0.007365886461614308,0.03662081032534153
385.7142857142857,1.1,0.0007154074791056837,5.031205938102181e-09,0.0024325708376607214,-4.019782002846329e-06,0.0013685797403892516,0.029374821396484858,0.0066045538244381245,0.030854390368649145
385.7142857142857,1.2000000000000002,0.0006270264102228905,3.4463143326332057e-09,0.0017314782894257493,-3.1512154372027932e-06,0.0010709793495944297,0.02420268644088311,0.006000316346838059,0.025669527074865032
385.7142857142857,1.3000000000000003,0.0005559601242343549,4.141010260737466e-09,0.001332165680638039,-2.5635652766740122e-06,0.0014527974321854589,0.02124576666817736,0.005576588916049945,0.022708806872551075
385.7142857142857,1.4000000000000001,0.0004982154950521996,3.4530930909916858e-09,0.0009789972616102737,-2.100952310710018e-06,0.0013537033331151812,0.017609127326505804,0.005159563852710753,0.019109057439224454
385.7142857142857,1.5000000000000002,0.00045026083848614707,3.8581448148507974e-09,0.0007812919635621721,-1.746235137240483e-06,0.001675350053140254,0.015681807798457046,0.004791990787321889,0.017165437513790932
385.7142857142857,1.6,0.0004101191015557162,2.701076793303756e-09,0.0006102937849288426,-1.4775437187610968e-06,0.0012896947317114545,0.013554227522445731,0.004491231269367032,0.015024071114751488
385.7142857142857,1.7000000000000002,0.0003760803024745738,2.5799337548838482e-09,0.00048077208237870615,-1.2284764046794324e-06,0.0013450609639404346,0.011722742992340033,0.004105961317916905,0.013151035280525771
385.7142857142857,1.8000000000000003,0.00034684922421721845,3.0612018688175945e-09,0.0004077095574429726,-1.0613857766221095e-06,0.001732122485900896,0.010841023971749684,0.003873510322423737,0.012269320009603683
385.7142857142857,1.9000000000000001,0.0003216952415342928,2.95379696643373e-09,0.00031666087956695054,-9.557876299101256e-07,0.0018044844526155454,0.009129640704303204,0.0037856989559035535,0.010736365153014293
385.7142857142857,2.0,0.0002997078676470367,3.0674538744979772e-09,0.00027967255571650804,-8.293263290043305e-07,0.0020141632440056185,0.008693711302120547,0.0035464676099518583,0.010236812726381052
385.7142857142857,2.1,0.00028051721931694566,2.869353155558511e-09,0.00022048055346925594,-7.289486054618477e-07,0.0020157099584310187,0.007356515369456833,0.003350515064196325,0.00897960508086996
385.7142857142857,2.2,0.0002635313765215472,2.976697432820157e-09,0.00019794321216384822,-6.545994756188218e-07,0.0022290236653940074,0.007056365831867162,0.0032189759404928483,0.008688179180068313
385.7142857142857,2.3000000000000003,0.0002485249658477872,2.731540869042464e-09,0.000161090974432266,-5.724921789601752e-07,0.002172199994148496,0.006112781580643954,0.0030008727818949194,0.00775209819168167
385.7142857142857,2.4000000000000004,0.00023512946491834982,2.6824884690615718e-09,0.0001386092092016931,-5.148132275857342e-07,0.0022578059785842222,0.00557727505278429,0.00286576017161668,0.007254574251724879
385.7142857142857,2.5000000000000004,0.0002231200560809294,3.0150855839359354e-09,0.00012327336915657716,-4.681183268139691e-07,0.0026778147083326197,0.005242786955662262,0.002758051929798675,0.007061954939643645
385.7142857142857,2.6,0.00021234338093507473,2.7714020024950588e-09,0.00010359743100387958,-4.363196153565173e-07,0.002590254620347751,0.0046431249984225115,0.002712586875916614,0.006556240070955229
385.7142857142857,2.7,0.00020260268009925886,3.0208330403122265e-09,9.106208746695374e-05,-4.1059214998615693e-07,0.0029636078501126127,0.004288435413713062,0.0026862820653079894,0.006450261425370924
385.7142857142857,2.8000000000000003,0.00019377260013811253,3.127172633744054e-09,7.941719293885924e-05,-3.6793047441579324e-07,0.003212737575313372,0.0039198490809673045,0.0025267240506384346,0.006201255389156301
385.7142857142857,2.9000000000000004,0.0001857366921063548,3.1801315732961167e-09,7.423182028761041e-05,-3.391047170813435e-07,0.003413643273460286,0.0038308729012616473,0.0024386825285696314,0.006182466541305585
385.7142857142857,3.0000000000000004,0.00017844310227747317,3.319765776284399e-09,6.423752675074422e-05,-3.1936126856333437e-07,0.0037150415149291628,0.0034585264775772546,0.0023996799968044004,0.006105724119862969
385.7142857142857,3.1,0.00017179188771609898,3.1192909094788345e-09,5.277274791679465e-05,-2.9251595764169043e-07,0.0036323046895998926,0.002957399150948114,0.0022914154183012797,0.005695701566495181
385.7142857142857,3.2,0.00016566840063389273,3.383788867589655e-09,5.304932653579177e-05,-2.7613914064341707e-07,0.004091930061570209,0.0030879995115636895,0.002250880303421672,0.00603428180423013
385.7142857142857,3.3000000000000003,0.0001600754068170444,3.3959515279410127e-09,4.0860818429903796e-05,-2.6939412285182454e-07,0.004257578100634901,0.00246642197748992,0.002280400364769386,0.005883082550953359
385.7142857142857,3.4000000000000004,0.00015489102118449512,3.7178105094348078e-09,4.278439614665229e-05,-2.552172100664218e-07,0.004825014604683257,0.002672765104732923,0.002239799469693629,0.0063606479677281655
385.7142857142857,3.5000000000000004,0.00015013447951341236,3.852211601764322e-09,3.80193285519256e-05,-2.4140022371784893e-07,0.005166802561502184,0.0024545856991051596,0.0021930427100563775,0.006506897288267269
385.7142857142857,3.6,0.00014575813112784885,3.817468083616438e-09,3.225618686455782e-05,-2.274680992246541e-07,0.005284077489084546,0.002148486275044914,0.0021356509337051633,0.006454415388397147
385.7142857142857,3.7,0.00014170434461093092,3.987918342561602e-09,3.069871950218754e-05,-2.16406577350239e-07,0.005687719704045011,0.002106141130148052,0.002096825354327675,0.006751247219957653
385.7142857142857,3.8000000000000003,0.00013795754528903487,3.921562035677546e-09,2.5672465952318956e-05,nan,0.005756447599727727,0.0018116922260080523,nan,nan
385.7142857142857,3.9000000000000004,0.000134467470626662,nan,2.540477383384165e-05,-2.0646656251901048e-07,nan,0.0018414921619992663,0.002121500963638011,nan
385.7142857142857,4.0,0.00013123144370262755,4.3382399920569e-09,2.4076738705077943e-05,nan,0.0067196318003788415,0.0017905251428373375,nan,nan
385.7142857142857,4.1,0.00012823618416564389,4.555444208678282e-09,2.065241849144865e-05,-1.8833298213261983e-07,0.007213340110073179,0.0015737400967901678,0.002042002767668355,0.00792770357935803
385.7142857142857,4.2,0.0001254474488135747,4.671050745698978e-09,2.007612823808622e-05,-1.8874034172406785e-07,0.0075429425527016305,0.0015655587671069265,0.0020920326327945617,0.008252281968036299
385.7142857142857,4.3,0.00012285947474388638,4.815864402596223e-09,1.575509307569667e-05,-1.845849773610007e-07,0.007921387390614135,0.00125591179611074,0.0020865106574263726,0.008545919849782023
385.7142857142857,4.3999999999999995,0.00012042905160495503,5.11299223255532e-09,1.8504732311337677e-05,-1.801044493632641e-07,0.008557651577465785,0.0015061705537902355,0.0020737169829519726,0.009170744490453011
385.7142857142857,4.5,0.00011818367578913706,5.249065982501756e-09,1.5592167630057546e-05,-1.7244259546200728e-07,0.008930265957857697,0.0012947181284134611,0.0020203288160251334,0.009465167835798663
385.7142857142857,4.6,0.00011609422164961966,5.300035243839204e-09,1.3669209441403244e-05,-1.6801179592582822e-07,0.009157836762709062,0.001156607234470504,0.002000876000937411,0.009654570110031294
385.7142857142857,4.7,0.00011414145960451629,5.490144347103268e-09,1.3392837584654229e-05,-1.615637364252811e-07,0.00962423948750086,0.0011536179315689576,0.001954141774195108,0.010079392848387101
385.7142857142857,4.8,0.00011232262593525946,5.658678930436009e-09,1.0874704030754989e-05,-1.6164692517444293e-07,0.010056234824924534,0.0009527391771959351,0.0019835728085773703,0.01048354391261104
385.7142857142857,4.9,0.00011061253930631019,5.905861662821056e-09,1.2844432316265007e-05,-1.6089421469728538e-07,0.010629147975669313,0.0011435302735593347,0.0020015148719352083,0.011058868465642286
385.7142857142857,5.0,0.00010903089700052356,nan,nan,nan,nan,nan,nan,nan
400.0,0.1,0.01857851638385855,nan,nan,nan,nan,nan,nan,nan
400.0,0.2,0.011070449918526055,-3.2294462177212587e-08,0.25219817808599243,1.9538397375561826e-05,0.0005695796323663171,0.13574721085108182,0.0014812368950867438,0.13576456754353988
400.0,0.30000000000000004,0.006084365234053487,2.890203380589051e-08,0.2704222098300517,-0.00010322870399236518,0.0009188956284214147,0.24427391101558446,0.012744561857970037,0.2449396572340397
400.0,0.4,0.0038025026478814366,2.304904851419606e-08,0.11149081354628051,-6.63103092775838e-05,0.0011718885447824755,0.18324148741479124,0.014757638720710944,0.18442991035612566
400.0,0.5,0.0026355481971721915,1.6065539367103866e-08,0.04896760117457016,-3.6891270751676595e-05,0.0011796377852235247,0.1287772967149739,0.013129704811377365,0.1301144188450633
400.0,0.6,0.001958269758208648,1.4941097386212827e-08,0.024646557066276695,-2.2158631075512916e-05,0.0014777040988238443,0.09351586547618897,0.01138922915798173,0.09490431911557237
400.0,0.7000000000000001,0.0015274568899078717,8.87731205313709e-09,0.01380319260833589,-1.4413215051313809e-05,0.0011271944101592952,0.07048667605918878,0.009978468438835462,0.07189423992143586
400.0,0.8,0.0012346759476904543,6.5641229623895025e-09,0.00833217096094657,-9.869902824067574e-06,0.0010321860186034908,0.05454930359081444,0.0087725985724711,0.05595184448833913
400.0,0.9,0.0010252167150825026,5.0274877418652115e-09,0.005372528214512227,-7.15926638423039e-06,0.0009531682976312787,0.043513670324281516,0.007880392087901086,0.044928267202419186
400.0,1.0,0.0008694827646196732,6.616696953167918e-09,0.0036501019126259143,-5.349951151357453e-06,0.001480315632601343,0.035603222800870735,0.007100132044520104,0.03702167687017712
400.0,1.1,0.0007502498332831029,5.598266192697889e-09,0.0025699267142790644,-4.134589016594911e-06,0.0014531326562560475,0.029556959825456634,0.006475055090594471,0.030977058373783683
400.0,1.2000000000000002,0.0006567161690893233,5.299948492443636e-09,0.0018525664544899604,-3.245061483622687e-06,0.001573297059942838,0.024692660661890534,0.005896206532109987,0.02611002215894682
400.0,1.3000000000000003,0.0005817081694404432,3.860772570305571e-09,0.0013881303618037161,-2.6169169044465488e-06,0.0012953890287398656,0.021137447608890983,0.005437847885550899,0.022530204246903125
400.0,1.4000000000000001,0.0005205814734096004,3.799324156454126e-09,0.0010522521604726211,-2.137157241448112e-06,0.0014260432752495054,0.018089004345337008,0.005019500618062328,0.019484261611309825
400.0,1.5000000000000002,0.00046997729898348364,3.1298999555256063e-09,0.0008045975749584572,-1.7666810422501661e-06,0.001302697810116954,0.015455747391252038,0.004641758537165874,0.016842475876229782
400.0,1.6,0.0004274191003069515,3.9788551138709286e-09,0.0006583878159319838,-1.5010426130630104e-06,0.0018225691291708175,0.014008928034524528,0.004373249838334626,0.01542149315741123
400.0,1.7000000000000002,0.0003914447797897392,3.7501419750389774e-09,0.0005205578567813546,-1.2699554340663718e-06,0.0018777792129095645,0.012179096732165584,0.0040720434705907365,0.013602188354696568
400.0,1.8000000000000003,0.00036067603784034044,2.457317215522783e-09,0.0004158041475468658,-1.0924164694750782e-06,0.0013372999974020593,0.010622293846151456,0.003828979986122598,0.011997652824835926
400.0,1.9000000000000001,0.00033406533736641034,2.5074193636059728e-09,0.00033498605376985376,-9.538200231432339e-07,0.0014749169588296881,0.009287726896848668,0.0036335579895413694,0.010716470420460714
400.0,2.0,0.0003108044974301788,2.5061581993153676e-09,0.0002965537142565299,-8.347808771553469e-07,0.0015863551112079307,0.008877117170982132,0.003437250040203639,0.01024446716447279
400.0,2.1,0.0002905091946365125,2.439135826252733e-09,0.00023221432991277403,-7.237829600148494e-07,0.0016537692808910147,0.007471395421648951,0.003206995307945425,0.008895298769092785
400.0,2.2,0.000272536035141974,2.7415527135091394e-09,0.00020697188256488488,-6.438674115137163e-07,0.0019833398382926525,0.007124452044412908,0.003055859760933655,0.008565512921260756
400.0,2.3000000000000003,0.00025663259447308433,2.877445907711866e-09,0.00017392564718632828,-5.891948920668568e-07,0.0022132419518559616,0.006381748640898958,0.0029837164441069183,0.00796431310853227
400.0,2.4000000000000004,0.00024246841027605792,2.5680857102807717e-09,0.00014814968254085669,-5.21170934589782e-07,0.002093620735968224,0.005772831890081471,0.0028060793824184467,0.007311429327982697
400.0,2.5000000000000004,0.0002297857229044401,2.4158853967049238e-09,0.00012508826357403776,-4.681935447016479e-07,0.0020808163379534613,0.00515895095083194,0.0026718492953596456,0.00672474005888789
400.0,2.6,0.00021835391816856265,2.4770660759922797e-09,0.00011001924927776034,-4.316894045511397e-07,0.002248071045416769,0.004787906223552172,0.002602716407804792,0.006444077500285314
400.0,2.7,0.00020802230592546281,2.5397838428792054e-09,9.556263863432596e-05,-3.9580384070650175e-07,0.002422521104572509,0.004376502122602374,0.0025144933104798944,0.006137404381995582
400.0,2.8000000000000003,0.00019864632006870623,2.5353681045736288e-09,8.51008746052123e-05,-3.580216915290117e-07,0.00253591696804203,0.004090949488643064,0.002390441904096802,0.005881765685672655
400.0,2.9000000000000004,0.00019012134295800178,2.6579312307251996e-09,7.712381020208435e-05,-3.277236090494611e-07,0.0027810269916511816,0.003882468609305694,0.0022945618889111353,0.0057738810305221384
400.0,3.0000000000000004,0.00018236760394931817,2.661445986925992e-09,6.440046287858283e-05,-3.143202066327288e-07,0.002907118540906912,0.003387334734575752,0.0023021403939783133,0.005524950280511252
400.0,3.1,0.00017525786956942038,2.8599216285994358e-09,6.155402057394142e-05,-2.9495418072398574e-07,0.003255064323917972,0.0033752716623423936,0.002255265521821714,0.005671009407088891
400.0,3.2,0.000168763675395262,2.5291526493164673e-09,5.111691513485496e-05,-2.695837359010481e-07,0.0029943628206562834,0.002916668749907823,0.0021478164806524236,0.005167145882161819
400.0,3.3000000000000003,0.0001627806503724522,2.766812342923589e-09,4.5305694336428015e-05,-2.5042168750913543e-07,0.0034005041348033485,0.0026845643311759707,0.002075388267039606,0.00523304757640978
400.0,3.4000000000000004,0.00015725068229300665,2.7263591970666093e-09,4.363739768879575e-05,-2.331069827240713e-07,0.00347387868972562,0.002680748454374073,0.0020054734916969408,0.005224757724369333
400.0,3.5000000000000004,0.00015215708819044907,2.929638634686095e-09,3.747523637833685e-05,-2.27773980209945e-07,0.0038628684254755205,0.0023831525454693354,0.0020315790514458293,0.0053717590612442565
400.0,3.6,0.00014743824645167486,3.0082364411062898e-09,3.714873467513743e-05,-2.1836685352746418e-07,0.004100156447420727,0.0024414725016714185,0.002015489861350914,0.0055584592858237344
400.0,3.7,0.00014309089205965202,3.0487667734101334e-09,2.864402703596968e-05,-2.0261827692065328e-07,0.00428806931828968,0.001942781315251074,0.0019331480604070624,0.005443901226533889
400.0,3.8000000000000003,0.00013902997793798888,3.2902149010735827e-09,nan,-1.974271200804909e-07,0.004769865080126262,nan,0.0019437591242440768,nan
400.0,3.9000000000000004,nan,nan,nan,-1.8240254493594598e-07,nan,nan,0.001851018517156947,nan
400.0,4.0,0.00013175649004605575,3.5473294370200355e-09,nan,-1.770626252620839e-07,0.0054429695429328365,nan,0.0018499091889696481,nan
400.0,4.1,0.00012851827751113667,3.3867041154554694e-09,1.8829622710456484e-05,-1.7368755659584664e-07,0.005337523455867256,0.0014291229755645854,0.001865525229966383,0.00612306441975764
400.0,4.2,0.00012546836120332216,3.624590598407607e-09,2.1043856383520404e-05,-1.6663687012036906e-07,0.005860083255804862,0.0016374212906562543,0.0018383647368973401,0.006616713236932228
400.0,4.3,0.00012262888345934285,3.745181126441095e-09,1.7826869982346985e-05,-1.6274820317555996e-07,0.006205801003605319,0.0014208259206843746,0.001841870401949112,0.0068786398036523
400.0,4.3999999999999995,0.00011996767441518701,3.794078788743673e-09,1.762392353719705e-05,-1.5345069594367882e-07,0.006429526624199524,0.0014371755690852554,0.0017798849121545594,0.007052677989862925
400.0,4.5,0.00011748270460640313,4.0582846422838835e-09,1.615025539005132e-05,-1.5318880012631355e-07,0.007007916702860456,0.0013462172596726458,0.0018171789956086186,0.007584686969719541
400.0,4.6,0.00011515923735151976,4.1461420468592806e-09,1.492844556233506e-05,-1.4950290047525612e-07,0.007288488833563906,0.0012706930447634096,0.0018071495126667878,0.00782740755379835
400.0,4.7,0.00011298505455225974,4.3354553502983905e-09,1.5175550320973551e-05,-1.434751860476104e-07,0.0077516689312455145,0.0013177883659172464,0.0017655017500800626,0.00824978364904531
400.0,4.8,0.00011096262725620946,4.293977770837256e-09,9.650607051011715e-06,-1.4111002032473834e-07,0.007801829655883518,0.0008541489924712083,0.0017661044813998368,0.008236283540481367
400.0,4.9,0.00010903670603066929,4.494771370372331e-09,1.4252632268981713e-05,-1.3692255516823767e-07,0.008292914035068098,0.0012844533895248179,0.00174144477670137,0.008745713437078315
400.0,5.0,0.00010725331112781894,nan,nan,nan,nan,nan,nan,nan
414.2857142857143,0.1,0.018843708486729276,nan,nan,nan,nan,nan,nan,nan
414.2857142857143,0.2,0.01157117669288313,-3.793173958018593e-08,0.21203368260507766,2.8491088406566216e-05,0.0006416667111256982,0.11252226850909039,0.002132093918730418,0.1125644894962731
414.2857142857143,0.30000000000000004,0.006418981725087763,2.4507296919007726e-08,0.2747150807691542,-9.905799135829585e-05,0.0007400185519539402,0.23741326233322335,0.011729899909773347,0.2379932475154448
414.2857142857143,0.4,0.0040139375649839385,2.3504703482348982e-08,0.11705034104476668,-6.701454539140822e-05,0.0011339683717318315,0.1823503260451584,0.014164926023055923,0.18345085868297525
414.2857142857143,0.5,0.0027793968153277805,1.7625180170708557e-08,0.05186176369686165,-3.770326894684106e-05,0.0012289611268262997,0.1292042112196361,0.01273277927973282,0.13045875163710705
414.2857142857143,0.6,0.002063473702640239,8.876705145727086e-09,0.025971105102623977,-2.2611570814288832e-05,0.0008346378606270799,0.09344151565332044,0.011036550488939915,0.09473977180328208
414.2857142857143,0.7000000000000001,0.0016072616409789375,1.2131094798949641e-08,0.014679490506353083,-1.4747781173685274e-05,0.0014653281470793148,0.07113970237454688,0.009706686690622243,0.07246684740995388
414.2857142857143,0.8,0.0012978444843811667,7.885828143148325e-09,0.008800157680025759,-1.0227669172391798e-05,0.0011810702020408242,0.054752489922336695,0.008647879054603643,0.0561141845151815
414.2857142857143,0.9,0.0010764289045836536,5.963461357143747e-09,0.005718829440509503,-7.304376137079491e-06,0.0010781097295615625,0.04406405782304753,0.007657897928258557,0.045388217785908985
414.2857142857143,1.0,0.0009122016191912355,3.770181072594563e-09,0.0038260356966337153,-5.394174836656644e-06,0.0008050987144714705,0.03554378445563545,0.00682633527451707,0.03684028371129826
414.2857142857143,1.1,0.0007862346907651544,4.154419717933186e-09,0.0027219787757997702,-4.175703111866887e-06,0.001030098835267699,0.029839661742906098,0.0062418679629768934,0.031135001973276767
414.2857142857143,1.2000000000000002,0.0006874875500970711,3.935734865703521e-09,0.0019503717986993998,-3.32430987352475e-06,0.0011170261230984385,0.024806483631513655,0.00576989705638905,0.026137957104618817
414.2857142857143,1.3000000000000003,0.0006082441274159817,3.6729584230677437e-09,0.00147221193089361,-2.671424034613854e-06,0.0011794624051601952,0.021414379514010668,0.005307357771932406,0.02272229906003899
414.2857142857143,1.4000000000000001,0.0005437228240438285,3.9101595570084874e-09,0.0011130993902109412,-2.1784360938140013e-06,0.0014057511554005564,0.018300207762625652,0.004896784077360025,0.019617102973343122
414.2857142857143,1.5000000000000002,0.0004903325145737846,3.2480231716028063e-09,0.0008588905202174737,-1.8057207981964375e-06,0.0012962962829799814,0.015796477216638606,0.004544254123062539,0.01710291108492914
414.2857142857143,1.6,0.00044553111030591554,2.637515433096349e-09,0.0006844886163804869,-1.5328322129398668e-06,0.0011596080083502499,0.013959682379527088,0.004282307165191129,0.015260856207447984
414.2857142857143,1.7000000000000002,0.0004075745922018513,1.7376723555374535e-09,0.0005386270674965695,-1.3222379967069915e-06,0.000836268030832852,0.012089550090603807,0.004069338990325772,0.013415498695500766
414.2857142857143,1.8000000000000003,0.0003750043447727528,2.6951415775071405e-09,0.00045130540923441983,-1.1102993670973407e-06,0.0014107548776581174,0.011072952482055382,0.0037403800761346114,0.012352384070396377
414.2857142857143,1.9000000000000001,0.00034694715143599846,2.479673833547108e-09,0.00035226299710798564,-9.482783339883091e-07,0.0014044038307608,0.009393571088395041,0.0034745922342314644,0.01069378839798834
414.2857142857143,2.0,0.000322412588070324,2.8014678900524517e-09,0.00031209280731140835,-8.396663433904854e-07,0.001708730171755287,0.008995399040449546,0.0033289113644118175,0.010295642983369603
414.2857142857143,2.1,0.0003009989527777636,2.4111643163164684e-09,0.000251487683097497,-7.332605092975136e-07,0.0015772585155971607,0.007800181891243126,0.003130719621344281,0.00910677729256849
414.2857142857143,2.2,0.0002821001943161782,2.300701995944083e-09,0.0002126021102505403,-6.49459879276018e-07,0.0016072460076585599,0.007063217605528042,0.002973900545626059,0.008376183592945275
414.2857142857143,2.3000000000000003,0.0002653274569570982,1.8162651375128886e-09,0.00017767351602949357,-5.938017655036801e-07,0.001350859438041315,0.0062982415329482875,0.0029037652987662877,0.0076391343390032505
414.2857142857143,2.4000000000000004,0.0002503314547583131,2.345176542941133e-09,0.00016089750044850283,-5.328423446031077e-07,0.0018502404979474126,0.006064110450299872,0.002774135596890762,0.007455768375798281
414.2857142857143,2.5000000000000004,0.00023694442756401303,1.9510261681469766e-09,0.00013125787213156645,-4.809191237677193e-07,0.0016284927908102006,0.005243363134620525,0.0026559673266283736,0.006652305661306711
414.2857142857143,2.6,0.0002248699790910286,2.0798799633796254e-09,0.00011647243668632624,-4.2251596220076784e-07,0.0018310874137362357,0.00491560142957403,0.0024686749300230127,0.006301168967058554
414.2857142857143,2.7,0.00021396025498490742,2.083984107783106e-09,9.86931182671573e-05,-3.90321239714588e-07,0.0019303563431708522,0.004388897026899522,0.002405420626947012,0.005878842531436925
414.2857142857143,2.8000000000000003,0.00020403746206145782,2.1750907625718628e-09,9.337596166865e-05,-3.5038165193274236e-07,0.0021150749799192215,0.0043641732281183105,0.002271864786632103,0.005817412599531062
414.2857142857143,2.9000000000000004,0.00019504842875469472,2.1797578286326535e-09,7.758624154613425e-05,-3.223516565948783e-07,0.002219577539936239,0.0038025488438375413,0.0021942006040944245,0.005386551285152338
414.2857142857143,3.0000000000000004,0.00018683525786339296,2.1994275489478186e-09,6.854219258749595e-05,-3.106787527023562e-07,0.002340853252399843,0.0035141114965708837,0.002214479520627688,0.005257034587499063
414.2857142857143,3.1,0.00017930750889796616,2.0797281408088505e-09,5.953438259932469e-05,nan,0.002309449666188308,0.0031864640154190835,nan,nan
414.2857142857143,3.2,0.0001723751037585326,nan,6.078508889494038e-05,-2.646144755291374e-07,nan,0.0033899912652029414,0.002056901861986539,nan
414.2857142857143,3.3000000000000003,0.00016605054950804846,2.3119767168981955e-09,4.407479800899098e-05,nan,0.0027788777045632818,0.0025569120509845826,nan,nan
414.2857142857143,3.4000000000000004,0.00016016674323765423,2.480648468928339e-09,4.946453358760176e-05,-2.2894010819163896e-07,0.0030946738905334534,0.0029788840647711453,0.0019262200625935015,0.005086394029090977
414.2857142857143,3.5000000000000004,0.000154777582303136,2.2658229120437952e-09,3.4386621119048297e-05,-2.160456847466345e-07,0.002929250006603023,0.0021469264108108692,0.001886658523711214,0.004506524091226564
414.2857142857143,3.6,0.00014973228757980827,2.5271634978613527e-09,4.126439525885272e-05,-2.049197126268577e-07,0.0033810189616514936,0.0026660446974830832,0.001854437725306211,0.005041523787715611
414.2857142857143,3.7,0.00014509963680906906,2.523214718536739e-09,3.068969774035602e-05,-1.919244429799501e-07,0.00348821424454024,0.002049637939579212,0.0017973911344799317,0.004778062795714396
414.2857142857143,3.8000000000000003,0.0001407738830157334,2.544612388233748e-09,2.8647863051386127e-05,nan,0.0036305871866854074,0.0019743580122866013,nan,nan
414.2857142857143,3.9000000000000004,0.00013673460785291162,nan,3.101484824594299e-05,-1.7191574623953318e-07,nan,0.0022031677738459953,0.0017169946034254796,nan
414.2857142857143,4.0,0.00013300548117254927,2.581128215786854e-09,2.1518046963754923e-05,nan,0.003908265624351847,0.0015737089023506292,nan,nan
414.2857142857143,4.1,0.00012949153496182446,2.9208735350216434e-09,2.5139720899192962e-05,-1.620051541002161e-07,0.004548241997369668,0.0018901266833190858,0.0017171228442104983,0.005491457536014563
414.2857142857143,4.2,0.00012622898596009158,2.830974324276938e-09,1.9617789530614805e-05,-1.5060213763814756e-07,0.004528978725241658,0.0015149862526842662,0.0016415721918822358,0.005310023555676185
414.2857142857143,4.3,0.00012316261485366485,3.0113690335382197e-09,1.8435527180204566e-05,-1.4684502932288185e-07,0.004943774461769125,0.0014604828708703345,0.0016444536624911923,0.005655295911011877
414.2857142857143,4.3999999999999995,0.00012028059901904015,3.1067750018157933e-09,2.1137159482187718e-05,-1.4344767427178816e-07,0.005230128513029417,0.0017161993115607159,0.0016484896355670434,0.0059778441345478975
414.2857142857143,4.5,0.00011760995477923734,2.9783501245085035e-09,1.310939521198767e-05,-1.3749179512184299e-07,0.005136054706112214,0.0010899010579347452,0.0016202326537578182,0.005728634214616159
414.2857142857143,4.6,0.00011507040449155441,3.1942278838253618e-09,1.825821023150592e-05,-1.3229536322188894e-07,0.005637496884547167,0.001552437484205988,0.0015969692485006811,0.00626833748508809
414.2857142857143,4.7,0.00011271343630618654,3.1829904595882787e-09,1.2248245038920544e-05,-1.3081540669342377e-07,0.005743936710029231,0.001064413138464244,0.0016161339520999786,0.006272922935953966
414.2857142857143,4.8,0.00011047895057120787,3.4008659817646123e-09,1.3370819846701282e-05,-1.2650616672060023e-07,0.006254847232394977,0.0011862667207110426,0.001598026751911372,0.006755569674935968
414.2857142857143,4.9,0.00010837817303469622,3.4325823404302053e-09,1.2741153732604802e-05,-1.215689214719125e-07,0.006424689755888451,0.0011532652751252057,0.0015651205465423874,0.006892449775271917
414.2857142857143,5.0,0.00010640480703551061,nan,nan,nan,nan,nan,nan,nan
428.57142857142856,0.1,0.019089944635628152,nan,nan,nan,nan,nan,nan,nan
428.57142857142856,0.2,0.01206416229589731,-4.243334234296589e-08,0.1720219749122717,3.649562213766304e-05,0.0006901122877447264,0.09011130110415397,0.002698678284637201,0.09019472584703132
428.57142857142856,0.30000000000000004,0.0067585997052891835,2.406986836094672e-08,0.27771322456670866,-9.459796289220143e-05,0.0006915568347426107,0.23019685723322153,0.010769420716830446,0.2307011750643244
428.57142857142856,0.4,0.004230169360348144,2.101101164514107e-08,0.12251033936213071,-6.759341214472289e-05,0.0009634376716162469,0.18126586083542703,0.013594291342145562,0.182285079012918
428.57142857142856,0.5,0.002926842409028412,1.4743716016435227e-08,0.05469737618418699,-3.84860706767203e-05,0.0009777807309341872,0.1293030409063466,0.012353165884665404,0.13048154604209075
428.57142857142856,0.6,0.00217048921955055,1.3720561545146431e-08,0.027540609560975416,-2.3048360866169338e-05,0.0012279562531940888,0.09409666019605661,0.01069972466683796,0.09531346994262765
428.57142857142856,0.7000000000000001,0.001689542125682442,8.007679935538915e-09,0.015402734193982033,-1.5072054127704086e-05,0.0009214886805495566,0.07096434322383564,0.00944238042851733,0.07221567867778036
428.57142857142856,0.8,0.0013626223737541543,5.631795835199523e-09,0.009315550518896718,-1.0492687835243265e-05,0.0008045545505745734,0.055136538931421855,0.008452167422505997,0.05642307596752584
428.57142857142856,0.9,0.001128858127014834,6.754790817503769e-09,0.0060596018195976835,-7.4402741820856345e-06,0.001165611322432416,0.0444701476822438,0.007440387823212358,0.04571292406481092
428.57142857142856,1.0,0.0009556898984714905,5.942297645581249e-09,0.004054571907782062,-5.526232425956013e-06,0.0012122399508588538,0.03591746217484408,0.006675273124042569,0.0371571279479583
428.57142857142856,1.1,0.0008230673890059678,4.8662199563320016e-09,0.002861726276145613,-4.258184884143705e-06,0.0011535764496647465,0.029944088356721108,0.006080744351435388,0.03117579301117084
428.57142857142856,1.2000000000000002,0.0007190621423019012,3.4672542287213897e-09,0.0020472773145332043,-3.370181759472395e-06,0.0009417824406042476,0.02487375082380236,0.005592500216992385,0.026117858862551475
428.57142857142856,1.3000000000000003,0.0006355296687431667,4.063268444663383e-09,0.0015664971239952696,-2.7295108165846045e-06,0.0012495221800367744,0.021785281574976445,0.005189765826928386,0.023022318251125783
428.57142857142856,1.4000000000000001,0.0005676621664243848,1.866399642235408e-09,0.0011555927930238295,-2.266835618892924e-06,0.0006434277131638446,0.018183144703679186,0.004879625838201606,0.019459245801898208
428.57142857142856,1.5000000000000002,0.0005113505920358413,2.0130169939187568e-09,0.000914237111331571,-1.8485419371444233e-06,0.0007710878570471687,0.016105302861563028,0.0044608997937645185,0.01731400042410686
428.57142857142856,1.6,0.0004641813887606135,1.9400518756039435e-09,0.0007046846139911852,-1.5313494808244224e-06,0.0008193425982774252,0.013780850652497003,0.004106092969848016,0.01497675418619968
428.57142857142856,1.7000000000000002,0.0004240590316252976,3.5648843092165563e-09,0.0005946006108552248,-1.308530771531576e-06,0.0016487088718388566,0.012809660732905234,0.003868424917025589,0.014026227993068673
428.57142857142856,1.8000000000000003,0.00038988268059853394,2.266228036104789e-09,0.0004628691818213674,-1.1231085508320985e-06,0.0011413343597859423,0.010915206310954436,0.0036359533994003044,0.01211959929934768
428.57142857142856,1.9000000000000001,0.00036033502138998395,2.4642256866336838e-09,0.00038050446698622724,-9.676893663301385e-07,0.0013438496455457582,0.009759460625490992,0.0034114836373805367,0.010969477872103702
428.57142857142856,2.0,0.00033459240685129624,1.6163928179882556e-09,0.0003130992956674842,-8.386848436357941e-07,0.0009503719040345561,0.008689116435580173,0.003201599736463073,0.009844004923408388
428.57142857142856,2.1,0.00031198078526928336,2.560217196995681e-09,0.0002764720822692322,-7.455521512507583e-07,0.0016152004764207343,0.008262951477918789,0.003068476095409586,0.009471870501736718
428.57142857142856,2.2,0.0002921338845099628,1.7729927374057741e-09,0.00021060020450642413,-6.76475525671567e-07,0.001196033313204431,0.006750422284008502,0.0029874438576684087,0.00805284659633938
428.57142857142856,2.3000000000000003,0.0002743929857957065,2.3986782767238896e-09,0.0002021019616861195,-5.896696969398578e-07,0.0017239991426643427,0.006918128036572461,0.002784474016805153,0.008144891630638395
428.57142857142856,2.4000000000000004,0.0002586731066983114,1.8442161101958806e-09,0.00015480732284139798,-5.340996369142888e-07,0.001407565897032904,0.005641810500092613,0.002687109511729212,0.006946393490833679
428.57142857142856,2.5000000000000004,0.00024450130082933025,2.228713061376732e-09,0.00014810103517942996,-4.807586797842276e-07,0.0018012513255682178,0.005725412937965723,0.0025685149535239495,0.00701565376718655
428.57142857142856,2.6,0.00023181050531214344,2.1140051212950224e-09,0.00012037971285348053,-4.292687843483208e-07,0.0018037677784431168,0.004923479443469688,0.002428552540758132,0.006268170619508036
428.57142857142856,2.7,0.00022032350692349144,1.906676101609119e-09,0.00010359915933642285,-3.8756691086893747e-07,0.0017136015408944043,0.004469131336257684,0.0023148311664047054,0.005798831934070276
428.57142857142856,2.8000000000000003,0.00020987250012820366,2.0959155297809982e-09,9.988697549274146e-05,-3.5717709928238224e-07,0.0019790284631995524,0.004533650398340282,0.0022470594718744332,0.005879548633424695
428.57142857142856,2.9000000000000004,0.0002004203630878433,1.6206298549696541e-09,7.835484950762037e-05,-3.3055443054782844e-07,0.0016045794279201172,0.0037334500451348404,0.0021848382350192286,0.005104934926757213
428.57142857142856,3.0000000000000004,0.00019175177454255915,1.8419010727224375e-09,6.98396543687737e-05,-3.019875622885343e-07,0.0019076846632806114,0.003484658609173526,0.0020929771219196786,0.004954110703523045
428.57142857142856,3.1,0.00018378158254096273,1.9640128743804696e-09,nan,-2.714110625410114e-07,0.0021245968560696616,nan,0.0019677316571743196,nan
428.57142857142856,3.2,nan,nan,nan,-2.5470680128224813e-07,nan,nan,0.001928727114765823,nan
428.57142857142856,3.3000000000000003,0.00016979228062668518,2.0091791772040257e-09,nan,-2.4600572566029836e-07,0.0023572900065003963,nan,0.0019412843394117716,nan
428.57142857142856,3.4000000000000004,0.000163589058971879,1.9974002635114992e-09,4.746519379427132e-05,-2.2321989033961435e-07,0.0024348054210693378,0.0027954859678592197,0.0018332651258976193,0.004523797218999904
428.57142857142856,3.5000000000000004,0.00015786048925501555,2.215499081915115e-09,4.1015682241435254e-05,-2.1029868882020207e-07,0.0028014570472365266,0.0025072387175040763,0.0017944599180042013,0.0045359211157944505
428.57142857142856,3.6,0.00015254207636056645,2.111801120518593e-09,3.996598716619718e-05,-1.976183954338392e-07,0.002766542237815551,0.002531728322571849,0.001749193288995643,0.004492522518303579
428.57142857142856,3.7,0.00014762332333777931,2.1625441568266893e-09,3.32526429145714e-05,-1.9260501057760302e-07,0.0029307416919399465,0.0021798997173718506,0.0017662407897240772,0.004424977140872387
428.57142857142856,3.8000000000000003,0.0001430370967441379,2.075296337411916e-09,3.25044543767215e-05,-1.7503236237314196e-07,0.002906386928848143,0.002201850875714777,0.0016604620449411401,0.004336992121787345
428.57142857142856,3.9000000000000004,0.0001387759146942637,1.988958946488948e-09,2.6650051501795467e-05,-1.651714401857037e-07,0.002874245774732709,0.0018631566291831686,0.0016192216710669614,0.004120242594622772
428.57142857142856,4.0,0.00013478123315940744,2.227621079366036e-09,2.7433742776138217e-05,-1.5773643482355718e-07,0.0033180879662132456,0.0019768374675517234,0.0015956151205601121,0.004473205712972028
428.57142857142856,4.1,0.00013106088905231257,2.1974757298960643e-09,2.2681563374062223e-05,-1.5247127159663176e-07,0.0033699187709016996,0.001682842844095102,0.0015897639293995021,0.004386685680879952
428.57142857142856,4.2,0.00012756736057895833,2.2447236809763134e-09,2.3707925126810965e-05,-1.4611223525531504e-07,0.0035412281077386314,0.001808924485270966,0.001568483557213195,0.0045533268763561525
428.57142857142856,4.3,0.0001243109113568722,2.232697498098798e-09,1.7309720276351112e-05,-1.3330077330586083e-07,0.0036187353037294362,0.001356908240304713,0.001472047158633303,0.004389793941125867
428.57142857142856,4.3999999999999995,0.00012122755933754957,2.3481621719139808e-09,2.0082418986675038e-05,-1.3259626937663982e-07,0.003907070291887288,0.0016154992966805918,0.0015043755863983269,0.004733004125629548
428.57142857142856,4.5,0.0001183450315080937,2.569555744192535e-09,1.7095119454825e-05,-1.2931848877917795e-07,0.004384442886023989,0.0014101677496636596,0.0015061970685880572,0.005074364169218085
428.57142857142856,4.6,0.00011563345487318607,2.4895618674990336e-09,1.6952971154677977e-05,-1.257773414675757e-07,0.004353503987632409,0.0014325038354921183,0.0015023005431457235,0.005051621329128183
428.57142857142856,4.7,0.00011309140794982523,2.5474200182335305e-09,1.3996714173467871e-05,-1.1860871830852096e-07,0.0045607948570343376,0.0012104381200767473,0.0014518798444241564,0.0051460587186482835
428.57142857142856,4.8,0.00011068932816819906,2.624711044337062e-09,1.3291866040130846e-05,-1.1183627929888597e-07,0.004806870188938887,0.001175320590758583,0.001401589163403596,0.00533069262575805
428.57142857142856,4.9,0.0001084201670469742,2.7085849851996036e-09,1.3432656279112719e-05,-1.136629382616402e-07,0.0050706121462953295,0.0012135457411667542,0.001457128370329064,0.0056062685432734455
428.57142857142856,5.0,0.00010628533248854047,nan,nan,nan,nan,nan,nan,nan
442.8571428571429,0.1,0.019319310252949747,nan,nan,nan,nan,nan,nan,nan
442.8571428571429,0.2,0.012548488033127211,-4.620466458783607e-08,0.1325464090218775,4.363339781550594e-05,0.0007240455481043787,0.06860825116757976,0.003191077556535844,0.06876032520409639
442.8571428571429,0.30000000000000004,0.00710312990352345,1.9546673870611566e-08,0.2792917343352893,-8.982627388206578e-05,0.0005353334542838331,0.22257002883373433,0.00985329511665053,0.22300645543631295
442.8571428571429,0.4,0.004450689117272583,2.3958273707859584e-08,0.1279048593343335,-6.795654226378205e-05,0.0010456246386491498,0.1800683094235505,0.013028092414314315,0.18101146862409662
442.8571428571429,0.5,0.003077296924365051,1.8705182881468694e-08,0.05764001196043922,-3.919044439559596e-05,0.0011812789606141076,0.12950806142973534,0.011972876815553316,0.13061559230716568
442.8571428571429,0.6,0.002280304851061911,1.1526259679333503e-08,0.029014405302218292,-2.3709816248492333e-05,0.000983207797784164,0.09428536152131287,0.010481338295538748,0.09544848348564446
442.8571428571429,0.7000000000000001,0.0017734568307809543,6.920468257322178e-09,0.016194079871596028,-1.5403407078036496e-05,0.0007598196211271338,0.07101717063863035,0.009197541319589211,0.07220253031593901
442.8571428571429,0.8,0.0014285496092159582,1.033714277997286e-08,0.009902349053331832,-1.0557697241360597e-05,0.001409621845393212,0.05583642568266668,0.008114135711254229,0.057020802023860305
442.8571428571429,0.9,0.0011826658781842803,6.353094004071983e-09,0.00636087444043636,-7.5875383108192325e-06,0.0010474883129267575,0.044526801165326334,0.0072427091202485585,0.045701716866910894
442.8571428571429,1.0,0.0010003908915569661,5.903245365050914e-09,0.004277728843066641,-5.690307301545088e-06,0.0011514363318455467,0.03617022290043694,0.006567463465922172,0.037361396963256494
442.8571428571429,1.1,0.0008608931933603183,3.647568348750178e-09,0.0029948842246881628,-4.400892480296972e-06,0.0008276064421385273,0.029937140071587934,0.0060088019838241405,0.031130831833578797
442.8571428571429,1.2000000000000002,0.000751344337410552,4.382476089619846e-09,0.0021848967067660415,-3.4562110667197804e-06,0.001140037005874753,0.025379416675810274,0.005489322171664041,0.02656463421520811
442.8571428571429,1.3000000000000003,0.0006636444485284462,2.0416992574919947e-09,0.001603784704477134,-2.803379243051397e-06,0.0006019760538807199,0.021345535257568448,0.005104806527763361,0.022541347563385255
442.8571428571429,1.4000000000000001,0.0005919824066911117,3.915014735035641e-09,0.001245912443879806,-2.2562804821162934e-06,0.0012947342232115932,0.018773794411186158,0.004656703337976537,0.0199374387838078
442.8571428571429,1.5000000000000002,0.0005327794892925752,4.387494537982272e-09,0.0009651024275477628,-1.850792712894176e-06,0.0016130443691697264,0.016302890366999376,0.004284528614431979,0.01746712676289618
442.8571428571429,1.6,0.0004832275961695164,3.77834078067403e-09,0.0007595295412330553,-1.5557973117122506e-06,0.0015328452095459016,0.014255983131812356,0.004003877497854767,0.015415730262514383
442.8571428571429,1.7000000000000002,0.0004412709984587881,2.151087957825279e-09,0.0005909111193827704,-1.341957840159121e-06,0.0009565842952943458,0.012228422467318666,0.0038109573388810697,0.013397617744613058
442.8571428571429,1.8000000000000003,0.0004052235119418875,2.5162066986019205e-09,0.0005049769120336346,-1.1620884393991803e-06,0.0012195169259575293,0.011443691377800717,0.0036174480117370667,0.012594330236987129
442.8571428571429,1.9000000000000001,0.00037422579454532325,2.16030970052986e-09,0.0003874024568813194,-9.956914629078965e-07,0.0011346572658993167,0.009560216657341351,0.0033780365297715496,0.010747439287537621
442.8571428571429,2.0,0.0003471021017175722,2.381983212541229e-09,0.00035067021764912846,-8.690795025713357e-07,0.0013499634457711815,0.009370551756732475,0.003195260199944515,0.010490425016233585
442.8571428571429,2.1,0.00032348511106631243,1.2132677399726968e-09,0.00026612895412265455,-7.619675012142711e-07,0.0007385987519585552,0.007667166312326069,0.0030228583797836054,0.008809444531054065
442.8571428571429,2.2,0.0003025294099562792,1.7657534941453485e-09,0.00023743319669920635,-6.739791822281796e-07,0.0011502546199978778,0.007339849303003441,0.0028720793977072916,0.008467240023472579
442.8571428571429,2.3000000000000003,0.00028394804081323806,1.444704276659335e-09,0.00020244576028466125,-5.933620891487003e-07,0.0010035387384488325,0.006691771233544475,0.0027057131170716677,0.0077735872790783145
442.8571428571429,2.4000000000000004,0.0002673911292730435,1.5911431395076545e-09,0.00016787957620794603,-5.221266761442334e-07,0.0011746863142908632,0.005912334373821792,0.0025388036018687216,0.00701616940663352
442.8571428571429,2.5000000000000004,0.00025251301349492843,1.9499123935679096e-09,0.0001547563433035759,-4.680802527830531e-07,0.0015251312148364556,0.005787639392687114,0.002418972984246656,0.006893885374684042
442.8571428571429,2.6,0.0002391824611498491,1.6763500844413991e-09,0.0001223967629062608,-4.4975343422721535e-07,0.0013856503498472445,0.004847146735616424,0.002462434223443755,0.006127154558047548
442.8571428571429,2.7,0.0002270758764338324,1.6983791567264756e-09,0.00011659843403543906,-3.976743642985839e-07,0.0014801247245119233,0.004874873913200079,0.0023009891489310427,0.006045185439397782
442.8571428571429,2.8000000000000003,0.00021613527605817011,1.4114309799253238e-09,9.283625252125693e-05,-3.6059817210013176e-07,0.0012935119879042259,0.0040883361975400535,0.002199810258020129,0.00529773503202542
442.8571428571429,2.9000000000000004,0.00020612303820772039,1.888635364468953e-09,9.333890425612948e-05,-3.2932755395553566e-07,0.0018162843482646771,0.004318540960014713,0.002112695565941452,0.0055565861791007426
442.8571428571429,3.0000000000000004,0.00019704418939983195,1.6997979815680827e-09,6.911345459709735e-05,-2.8953665739231594e-07,0.0017115233562208154,0.0033530194003568064,0.0019491143514242218,0.004665848776794444
442.8571428571429,3.1,0.0001886564751379145,1.8938776821522525e-09,7.643540615973639e-05,nan,0.001993140924420578,0.0038790997284694146,nan,nan
442.8571428571429,3.2,0.0001810331149375944,nan,5.342935748239341e-05,-2.6412831912136824e-07,nan,0.0028320977291309344,0.0019458039818002727,nan
442.8571428571429,3.3000000000000003,0.00017394404831209823,1.5849088798333333e-09,5.640257263408065e-05,nan,0.0018128691907733645,0.0031155942189650615,nan,nan
442.8571428571429,3.4000000000000004,0.00016741900741294288,1.6501207355592985e-09,5.015723628861725e-05,-2.211789425150179e-07,0.001962630358937751,0.002883527017758198,0.0017709405691690753,0.004294078130055785
442.8571428571429,3.5000000000000004,0.0001613955388766737,1.4357355142109448e-09,4.107746214341125e-05,-2.0492727381949175e-07,0.0017733983241011429,0.0024535721945891566,0.0017061632898353555,0.003871297518035704
442.8571428571429,3.6,0.00015578284496183862,1.6861194985720935e-09,4.181943616955426e-05,-1.9161889200765778e-07,0.0021591952311085737,0.002591114752032243,0.0016567928633950315,0.004106814445362066
442.8571428571429,3.7,0.0001505883454086991,1.6566765352324509e-09,3.299944817607516e-05,-1.8523837612830963e-07,0.0021969850808665073,0.0021182979540628416,0.0016604758623886403,0.0038507518547534884
442.8571428571429,3.8000000000000003,0.00014572384033732032,1.928890046258986e-09,3.637962587535903e-05,-1.7753619502085168e-07,0.0026454289419495314,0.002415832764257033,0.0016480649929886482,0.004273965216750288
442.8571428571429,3.9000000000000004,0.00014122313152469513,1.7601544314343194e-09,2.8917898100506223e-05,-1.639300318711966e-07,0.00249403789921135,0.0019844315133040226,0.001573784239933717,0.003887388215939354
442.8571428571429,4.0,0.000137011601693075,1.8113247371110644e-09,2.7863571601846836e-05,-1.49553529356418e-07,0.0026477601759927164,0.0019730175433034106,0.0014833614281801705,0.003912052457340192
442.8571428571429,4.1,0.00013307870757747335,1.7807590011071e-09,2.1802860962201288e-05,-1.4722063204561313e-07,0.002682860980057449,0.0015913149465285957,0.0015064303105891124,0.0037773920710833476
442.8571428571429,4.2,0.0001293638420714937,1.9412400429293083e-09,2.6588384519787447e-05,-1.414379774834672e-07,0.003011416785833425,0.0019979442995648805,0.0014916162235142998,0.004184525110292115
442.8571428571429,4.3,0.00012591486041071194,1.8764164505161062e-09,1.8785767590717334e-05,-1.3070710818759202e-07,0.002994033529455137,0.0014521652487976718,0.0014193479407159327,0.003886144340981985
442.8571428571429,4.3999999999999995,0.00012265373642583735,1.9104241753032343e-09,2.118949274551552e-05,-1.2198094770132685e-07,0.0031323461376868253,0.0016828428889488624,0.001362440267939583,0.004044260066139898
442.8571428571429,4.5,0.00011960450736841791,1.8367872113311991e-09,1.4930079432926509e-05,-1.2041166594657428e-07,0.003091868413169951,0.001217254350987831,0.0013819952403514005,0.0038550201203190536
442.8571428571429,4.6,0.00011670457910532774,2.0184155190310845e-09,1.846103876005408e-05,-1.1727935861528386e-07,0.0034853186612589944,0.001543506943529187,0.0013819164219334842,0.004283601971432674
442.8571428571429,4.7,0.0001139892612298381,2.0968664571543754e-09,1.6141772601260803e-05,-1.1413685283459474e-07,0.0037109808584658522,0.001383131041215838,0.0013796084580191984,0.004414869126480533
442.8571428571429,4.8,0.00011143536108036108,2.0084785754629904e-09,1.3347257432723877e-05,-1.042105614808872e-07,0.0036405444474582075,0.0011709223560815631,0.0012910043856643948,0.004237688955728085
442.8571428571429,4.9,0.00010901493350521129,2.149221589092268e-09,1.1720911025008363e-05,-9.933338642147702e-08,0.003985673423542643,0.0010518125405952503,0.0012603536276726134,0.004490978155509398
442.8571428571429,5.0,0.00010671171504031159,nan,nan,nan,nan,nan,nan,nan
457.1428571428571,0.1,0.019533660447410246,nan,nan,nan,nan,nan,nan,nan
457.1428571428571,0.2,0.01302338424697184,-5.029585511852226e-08,0.09385411723407364,5.0026548331888316e-05,0.0007610059350331593,0.04804737826110658,0.003621363650721131,0.048325544354725504
457.1428571428571,0.30000000000000004,0.007451649218874168,2.0626450070393024e-08,0.2796184127034374,-8.48004731414454e-05,0.0005393741306152164,0.21470487808762423,0.008981568012220977,0.21508094459293844
457.1428571428571,0.4,0.0046760983178108706,2.0263627323148538e-08,0.13310214072156412,-6.816180447870498e-05,0.0008429953397804033,0.1786210499340626,0.012476843923446761,0.17949243267968118
457.1428571428571,0.5,0.003231568823963214,1.5720599041691806e-08,0.060543345035145635,-3.9929601447201054e-05,0.0009466624737844833,0.12947406346128582,0.011627892273057489,0.13051760431621476
457.1428571428571,0.6,0.0023924727804670136,1.1999243906732102e-08,0.03054071393693313,-2.4234909042670703e-05,0.000976760204510477,0.0945073913031437,0.010215638233506743,0.09561024840705314
457.1428571428571,0.7000000000000001,0.0018587838763401447,1.2802715428845061e-08,0.017149149343999085,-1.565109699391449e-05,0.001342151964847953,0.07167960063751092,0.008918193657525914,0.07279309634626124
457.1428571428571,0.8,0.0014965864656532667,6.253043161508911e-09,0.010338112418408752,-1.0768611735651476e-05,0.0008149509566034522,0.05561761402172261,0.007902369958944897,0.05673515697049806
457.1428571428571,0.9,0.0012377701791504762,7.464483841950667e-09,0.006734273594680735,-7.802850982521345e-06,0.0011768901317655957,0.04499755777051743,0.007118547714668017,0.04612496849674058
457.1428571428571,1.0,0.001046296628594493,4.658185768771189e-09,0.004464032137998542,-5.8528976620754745e-06,0.0008696405198187268,0.03606511300072167,0.006459592320922406,0.037214262269909
457.1428571428571,1.1,0.0008994633994184953,5.617479402420592e-09,0.003189074515213782,-4.5398715325358525e-06,0.0012206651881543232,0.03047964055372822,0.005932866366457391,0.0316369454661876
457.1428571428571,1.2000000000000002,0.0007845209153946354,2.2875415815130512e-09,0.002259747026080562,-3.5737254423765074e-06,0.0005706007933761959,0.025123279363468184,0.005435935495118099,0.02627933676207293
457.1428571428571,1.3000000000000003,0.0006921759016315812,3.932945975290426e-09,0.001727074168829845,-2.797590131219128e-06,0.0011124475604859475,0.022014380176990946,0.004884785539729699,0.023099626267327956
457.1428571428571,1.4000000000000001,0.0006171016295568254,2.9170980674007877e-09,0.0013076436115807414,-2.2503570882844856e-06,0.0009261218931032834,0.018891781821620688,0.004455649755091369,0.019936467882669052
457.1428571428571,1.5000000000000002,0.000555103793597877,1.7530057220907696e-09,0.0009938935894730227,-1.9056348834222057e-06,0.0006191848887102168,0.016105833170247705,0.0042350140499726515,0.01719453227166095
457.1428571428571,1.6,0.0005030448935336589,1.518191246977035e-09,0.0007935969365251192,-1.6361559239810638e-06,0.0005922238442729068,0.014296370258640482,0.00404538392348285,0.015409970597980143
457.1428571428571,1.7000000000000002,0.0004589219628346919,1.7393711587209955e-09,0.0006278822720659363,-1.360338724161718e-06,0.0007442921774534796,0.01248163494226832,0.0037145354462972922,0.013562475026375902
457.1428571428571,1.8000000000000003,0.0004210778548563843,2.2656605769761605e-09,0.0005323700353306221,-1.170225063758822e-06,0.0010571226379861066,0.01160044797251046,0.003505246994087832,0.012659439735382774
457.1428571428571,1.9000000000000001,0.00038855744723138294,1.5023239339464412e-09,0.00040608760004342035,-1.0004326334690145e-06,0.0007604166506973683,0.009644002774306985,0.0032675061602658447,0.010720924214275984
457.1428571428571,2.0,0.00036009791560681577,2.2671312873255476e-09,0.0003598658542311829,-8.716108030970759e-07,0.001238580955846933,0.009261586846304497,0.003088223164382108,0.01031432587820841
457.1428571428571,2.1,0.0003352370425245604,2.37848947978288e-09,0.0002909123816238561,-7.800990369505646e-07,0.0013969548381768178,0.00807870218114503,0.002983290254826481,0.009220463830015731
457.1428571428571,2.2,0.00031328529325854365,2.3756780051052094e-09,0.000246438944572424,-6.795616827912541e-07,0.001493970383830009,0.007351184783058967,0.0027938819661755955,0.008478408937075476
457.1428571428571,2.3000000000000003,0.0002937979334382511,1.990742927330155e-09,0.0002123301319512506,-6.036499780435906e-07,0.0013361900616642853,0.00677753270007545,0.002657281968436522,0.007864009683427289
457.1428571428571,2.4000000000000004,0.0002764338749374711,2.2622274706859747e-09,0.00018528510286453358,-5.329281994879046e-07,0.0016146108309758834,0.006306548881953788,0.0025039162403755113,0.007410716565461783
457.1428571428571,2.5000000000000004,0.0002609226674653364,1.1830921567987897e-09,0.0001485069256483974,-4.906099996806339e-07,0.0008956634764583123,0.005372240492667169,0.0024511281941088695,0.006455946082645439
457.1428571428571,2.6,0.00024689652924968566,1.5461876126200993e-09,0.00013044629013071152,-4.426601856126585e-07,0.0012378035659282786,0.004999423445954206,0.002345820576359897,0.006126348081257573
457.1428571428571,2.7,0.00023417485393534206,1.6332363548479485e-09,0.0001232920505898384,-3.9807949100701214e-07,0.0013795682318714,0.004993672894654326,0.002230783293234956,0.006065704055420647
457.1428571428571,2.8000000000000003,0.00022268609912689684,1.799763169300184e-09,0.00010138047978129853,-3.5425678435604647e-07,0.0015997031966455222,0.004329264140772804,0.0020946446784648803,0.005484218355972132
457.1428571428571,2.9000000000000004,0.0002122111491162646,1.6205390039398596e-09,9.47302698731182e-05,-3.273793273587872e-07,0.0015127030714973447,0.004253982185890127,0.0020369170555179545,0.0053556229518617075
457.1428571428571,3.0000000000000004,0.00020268350180436355,1.5659465123663813e-09,7.620188918225854e-05,-2.966647994168211e-07,0.0015317161245791018,0.0035908522949710648,0.001938466316048858,0.0047702911659045135
457.1428571428571,3.1,0.00019391787338428508,1.4157087095704167e-09,7.16042656835554e-05,-2.8017816937626743e-07,0.0014484522180634976,0.003532811750641159,0.00191837582880221,0.004683919761753658
457.1428571428571,3.2,0.00018586828762104217,1.6015270364523814e-09,6.0056493151475e-05,-2.6909227928068056e-07,0.0017109445358282473,0.003097006588581016,0.0019272122457613104,0.004466214850946992
457.1428571428571,3.3000000000000003,0.000178419266789314,1.5856866274285904e-09,6.154692302085147e-05,-2.387208339231023e-07,0.0017662530340478125,0.003311319203969669,0.0017852129122071629,0.004523102357307845
457.1428571428571,3.4000000000000004,0.00017158571518779435,1.4682997908492098e-09,4.71432159855281e-05,-2.21033945997745e-07,0.0017020703497564924,0.0026422715906123002,0.0017234257368078946,0.003977315071082591
457.1428571428571,3.5000000000000004,0.00016522359574612999,1.7389198955346204e-09,5.06243278761934e-05,-2.058066473098253e-07,0.0020948519663251714,0.0029503812610966428,0.0016700143665918032,0.004321001077978655
457.1428571428571,3.6,0.00015936771958322755,1.4076785701070755e-09,3.796213113820131e-05,-1.8938678097549894e-07,0.0017598723343683507,0.00229762165426608,0.001597060854148092,0.0036711609394212033
457.1428571428571,3.7,0.00015389146473170713,1.5804779834135614e-09,3.8902508016480494e-05,-1.7657415305288292e-07,0.002047691740165773,0.0024410531893294873,0.0015452645331459312,0.003863608040507761
457.1428571428571,3.8000000000000003,0.00014880423496035152,1.407506268532131e-09,3.125583562193123e-05,-1.710703926291832e-07,0.001887643007721691,0.002031031134600113,0.001551490141305072,0.003535891247118508
457.1428571428571,3.9000000000000004,0.0001440295635452152,1.6580425541784102e-09,3.567362062781721e-05,-1.646029078723077e-07,0.002299150509649047,0.0023973525106541728,0.0015452724760785573,0.003976069186647945
457.1428571428571,4.0,0.00013961162833635708,1.5062310496489417e-09,2.6625317944275674e-05,-1.5071113469005092e-07,0.002156863196659982,0.0018486008906023791,0.0014629015816357163,0.0035141921087138627
457.1428571428571,4.1,0.0001354599463069417,1.605025035163908e-09,2.4823072383527543e-05,-1.4245166284572852e-07,0.0023706963446360678,0.0017780089437624033,0.0014278959677308817,0.003585985325108586
457.1428571428571,4.2,0.0001315564950013616,1.5098468814274675e-09,2.4870790152857607e-05,-1.366728730418871e-07,0.0022985101349044493,0.0018360253957655005,0.0014131051628659237,0.0035563844697657464
457.1428571428571,4.3,0.00012790175159731009,1.6427905101191453e-09,2.227878056223315e-05,-1.28099163582087e-07,0.002574514767030139,0.0016934762941200714,0.001365079204862724,0.0036363265413738898
457.1428571428571,4.3999999999999995,0.0001244697959988809,1.613685198007682e-09,2.0099736121515938e-05,-1.2227345037482046e-07,0.002600979694424542,0.0015714981124573325,0.0013413540020267714,0.0035823404089745875
457.1428571428571,4.5,0.00012123883776166686,1.6742296744462311e-09,1.7974534751271283e-05,-1.1273866108161742e-07,0.0027730385731084455,0.001444088070284368,0.00127200570488192,0.003607094441401452
457.1428571428571,4.6,0.00011818762487196554,1.7205379904986243e-09,1.7863445761826226e-05,-1.0591247754098885e-07,0.002925553521801279,0.0014734095188987592,0.0012279651534921685,0.00370750534128913
457.1428571428571,4.7,0.00011531504643988249,1.732423098703315e-09,1.4881957155284832e-05,-1.0912533324684509e-07,0.0030219888520611475,0.0012591806605308032,0.0012988751386644314,0.003753945365814177
457.1428571428571,4.8,0.00011259128757935228,1.8707974825237083e-09,1.807878954614676e-05,-1.0624026724818636e-07,0.003345296750812027,0.0015677736864609276,0.0012972571911158708,0.004124885104188536
457.1428571428571,4.9,0.00011004831661428354,1.6232362052810458e-09,1.1432689949902623e-05,-9.432663116041689e-08,0.002973376329208045,0.0010154151529571127,0.0011807018289185234,0.0035581102211107397
457.1428571428571,5.0,0.00010761967254871382,nan,nan,nan,nan,nan,nan,nan
471.42857142857144,0.1,0.019734692372789454,nan,nan,nan,nan,nan,nan,nan
471.42857142857144,0.2,0.013488016000588198,-5.267337799707359e-08,0.0563038385444147,5.572993683723969e-05,0.000771033392532555,0.028530385719134622,0.003995914905708332,0.029094880540093737
471.42857142857144,0.30000000000000004,0.007804378013831089,1.5853284250682608e-08,0.2784902925422759,-7.964437856786236e-05,0.0003964740772180565,0.2064723918848638,0.008160846032072682,0.20679507880573236
471.42857142857144,0.4,0.0049056429524967395,2.113778762157647e-08,0.13821411179176987,-6.841210124405418e-05,0.0008393487723401342,0.1770981768781879,0.01197640627498478,0.17790822739397566
471.42857142857144,0.5,0.0033890490090800894,1.3750825849606255e-08,0.06346344694957654,-4.061173955234042e-05,0.0007906525042300868,0.12936825521979062,0.011288404464212504,0.13035193416551452
471.42857142857144,0.6,0.0025070895351592044,1.0302304094090426e-08,0.03215936597281269,-2.4643590629703702e-05,0.000801320217729397,0.09489200624319656,0.009918794551243618,0.0959265340437658
471.42857142857144,0.7000000000000001,0.0019467237209664463,5.225625025527932e-09,0.017954154657433746,-1.6027005921396725e-05,0.0005238681340516295,0.07161353595731727,0.008726139929509123,0.07267092958171512
471.42857142857144,0.8,0.001565899453348026,5.523054869810012e-09,0.010932265843644404,-1.0981717620631798e-05,0.0006888264871423989,0.05615725398474679,0.007706408943138343,0.0572091700222483
471.42857142857144,0.9,0.0012943978441660496,4.59689183297328e-09,0.007025678080483861,-7.911313334190116e-06,0.0006939100693606346,0.04486672541753793,0.006906803591111746,0.04592289660473839
471.42857142857144,1.0,0.001093153015788912,4.0809664158221465e-09,0.0047271842432739,-5.962660716086221e-06,0.0007300310683220509,0.03652033464502187,0.006300529407667186,0.037598685210773766
471.42857142857144,1.1,0.0009391800298445133,3.3705307602029802e-09,0.0032957294699321273,-4.604388155541414e-06,0.0007021991505723093,0.030148839387811134,0.00576565019939643,0.031239895078612166
471.42857142857144,1.2000000000000002,0.0008181643385994358,4.645145158924553e-09,0.002436134941613142,-3.6323062897969235e-06,0.0011116768280521577,0.025938955942413498,0.005297152884645915,0.027021934018850717
471.42857142857144,1.3000000000000003,0.0007215099967704898,3.414800459561485e-09,0.0017960523617199641,-2.8249729264728717e-06,0.0009272921401221572,0.02195222007346976,0.004732510576856045,0.02296852519399732
471.42857142857144,1.4000000000000001,0.0006428161785587434,3.2488704059319896e-09,0.0013663493825996282,-2.339628075852277e-06,0.0009907964091071973,0.018937358993159733,0.0044472967772702056,0.01997904252986973
471.42857142857144,1.5000000000000002,0.0005777858541729932,3.095153060862986e-09,0.0010416496058920897,-1.9547244083562635e-06,0.0010508473344852539,0.016204470899092334,0.004172877270635844,0.017277585672526807
471.42857142857144,1.6,0.000523172025846164,3.2732705282023846e-09,0.0008369703397122381,-1.6423190462924493e-06,0.0012280417407846628,0.014485822622123997,0.0039031304454543374,0.015550434016618762
471.42857142857144,1.7000000000000002,0.00047692790091645714,2.9362201995139624e-09,0.0006710801493717797,-1.380783227690152e-06,0.0012092605949294032,0.01282714128849671,0.003626225198248654,0.013867115172173807
471.42857142857144,1.8000000000000003,0.0004373945774804681,1.9533550994071047e-09,0.0005334442594177141,-1.1861650664899434e-06,0.000877857671040311,0.011185008434034915,0.003419593230636717,0.012217294442145095
471.42857142857144,1.9000000000000001,0.0004031956966386562,2.726947347817121e-09,0.0004559593553771299,-1.0226319424643363e-06,0.0013301447146680445,0.010424440056015347,0.003217068452791605,0.01145151930109322
471.42857142857144,2.0,0.00037355640935061556,1.3303037371887059e-09,0.00035572579365156855,-8.858380985900128e-07,0.0007010072211655631,0.00882265849107933,0.0030246458776844783,0.009829937911560168
471.42857142857144,2.1,0.00034747437999909064,1.4524175281784463e-09,0.00031336581591822086,-7.794501057385094e-07,0.0008233473535491482,0.008388714744928912,0.002875133671885751,0.00935848402246895
471.42857142857144,2.2,0.0003245260088067479,1.2399270933465905e-09,0.0002476462515661032,nan,0.0007530698120928604,0.007127036288740234,nan,nan
471.42857142857144,2.3000000000000003,0.00030405410013006624,nan,0.0002356108224164292,-6.201075682496274e-07,nan,0.00726015222270623,0.0026363566429304717,nan
471.42857142857144,2.4000000000000004,0.00028593829967754885,8.925651019967939e-10,0.00017512695896514148,nan,0.0006161732494201618,0.00575973022203045,nan,nan
471.42857142857144,2.5000000000000004,0.00026957376881468287,1.854499655548383e-09,0.0001716907890076779,-5.043948604241464e-07,0.0013584521928675611,0.006004469817484847,0.002437427069579114,0.007055575921810157
471.42857142857144,2.6,0.0002549261458418937,1.2226288592443199e-09,0.000132862210955293,-4.331647312977361e-07,0.0009479904624973258,0.004928603088478853,0.002221103164622627,0.00592084562005652
471.42857142857144,2.7,0.0002416071449786574,1.6702281783169196e-09,0.00013160766861820478,-3.8973252620633446e-07,0.0013668397023196826,0.005162580251765484,0.0021153099772065406,0.006121238291971274
471.42857142857144,2.8000000000000003,0.0002296042208016032,1.2027683169830764e-09,0.00010286856459618586,-3.652210191877277e-07,0.0010367242346167643,0.0042576789111627,0.00209216331600476,0.005287430522557566
471.42857142857144,2.9000000000000004,0.00021862998227051083,1.3759269539379346e-09,9.866513903677725e-05,-3.4283482157913964e-07,0.0012461806978773702,0.0042971831568389155,0.0020685414978770748,0.00534569708008799
471.42857142857144,3.0000000000000004,0.00020864239512978624,1.003831135747012e-09,8.133837864043022e-05,-3.1254791935070007e-07,0.0009537133607640747,0.0037203670693157845,0.001981528366744253,0.004754325361328726
471.42857142857144,3.1,0.00019946819177546596,1.1360298901587657e-09,7.363141356814846e-05,-2.7508390158003447e-07,0.0011295611984878167,0.003529072484158647,0.00182944947658881,0.004519295506421002
471.42857142857144,3.2,0.00019103030255682716,1.1108901099555355e-09,6.256814441431669e-05,-2.576118689113745e-07,0.001154227610303016,0.00313674796253968,0.001793014970284683,0.004195382524182105
471.42857142857144,3.3000000000000003,0.00018321809478233153,1.287503462641162e-09,6.461889733505923e-05,-2.3717246309506578e-07,0.001395561170904479,0.003382651677256104,0.0017249744326484173,0.004397840030965346
471.42857142857144,3.4000000000000004,0.00017605207598118649,1.2874717387437298e-09,5.2047704687842846e-05,-2.1959419523885148e-07,0.0014534108337968883,0.0028407513324312786,0.0016661702184620807,0.0039666758852076895
471.42857142857144,3.5000000000000004,0.00016940653422691987,1.1745832157841499e-09,4.788830728013975e-05,-2.1104976231988656e-07,0.0013790023944410803,0.0027201217033792466,0.0016677601632460134,0.003855328469701354
471.42857142857144,3.6,0.00016323987554545466,1.2012857392041486e-09,4.4391371795297954e-05,-1.9645923250031305e-07,0.0014648928570746265,0.0026204049328956676,0.0016145507944533939,0.0037717345652620335
471.42857142857144,3.7,0.00015751713058194242,1.134996485210414e-09,3.7749014220397755e-05,-1.726323082605134e-07,0.0014353695198170088,0.0023124873193061477,0.0014736001511769265,0.003427955377695101
471.42857142857144,3.8000000000000003,0.00015217187576063417,1.3118296949654396e-09,3.4775065787436274e-05,-1.6153485747177129e-07,0.0017182792739685714,0.002207700563041037,0.0014299916314893856,0.0034519816876195943
471.42857142857144,3.9000000000000004,0.00014717437159720027,1.3244268988530994e-09,3.421816376378641e-05,-1.6267702505773517e-07,0.0017948877987051326,0.0022486522948308445,0.0014915594082542524,0.003567570362262268
471.42857142857144,4.0,0.00014251904907140424,1.2670296326566598e-09,3.050146204271338e-05,-1.551030299130365e-07,0.0017749074519017806,0.002072471022753368,0.0014713894388729827,0.003431531198258696
471.42857142857144,4.1,0.00013816874116603535,1.254471351624005e-09,2.3884668718090397e-05,-1.3519069209408003e-07,0.0018139879602807395,0.0016758930735023226,0.001325664944597194,0.00310063622576469
471.42857142857144,4.2,0.00013405727994784735,1.4667209819242917e-09,2.780874236609344e-05,-1.2931260720441106e-07,0.00218717308692996,0.002012665247682621,0.001308918363056685,0.0035015827954960684
471.42857142857144,4.3,0.0001302239061533203,1.4227933201180965e-09,2.2464672292868542e-05,-1.2896829624679868e-07,0.0021858912568355785,0.0016757517608598379,0.0013462218995032957,0.003348266918293641
471.42857142857144,4.3999999999999995,0.00012661517908172192,1.3385469507321501e-09,2.0839567018945175e-05,-1.209401540745934e-07,0.002117065332283277,0.0016002873538756798,0.0013006345697422952,0.0032289604835221467
471.42857142857144,4.5,0.000123214847680313,1.4286864521973686e-09,2.0728456184184305e-05,-1.1238797972661169e-07,0.0023235816551985247,0.0016371225262656248,0.0012442812473637615,0.0033430036672824175
471.42857142857144,4.6,0.00012002180084074593,1.2415132361813686e-09,1.656333831772825e-05,-1.0759478818216034e-07,0.002074943931159409,0.0013442648048961317,0.0012249272255739924,0.0030188298393653283
471.42857142857144,4.7,0.00011699438738435612,1.3233883299874828e-09,1.6203555497384423e-05,-9.890746442218481e-08,0.002270645748720863,0.0013500510227208256,0.0011571299116897827,0.0031074698944942468
471.42857142857144,4.8,0.00011412900948294015,1.3773540712467729e-09,1.4934083678690956e-05,-9.982134864228249e-08,0.0024243030854132785,0.001276478642486389,0.0011989016455194832,0.003222013886675054
471.42857142857144,4.9,0.0001114129724183111,1.6123049443750608e-09,1.6941876829195266e-05,-9.993470778803102e-08,0.002909128393965074,0.001484449650965184,0.0012312768215638735,0.0037011760295162046
471.42857142857144,5.0,0.000108866354121974,nan,nan,nan,nan,nan,nan,nan
485.7142857142857,0.1,0.019923896619529795,nan,nan,nan,nan,nan,nan,nan
485.7142857142857,0.2,0.013941898085225562,-5.4952621315724064e-08,0.020044262199947132,6.07324499911074e-05,0.0007796426519980183,0.010060412670631584,0.004315895653400247,0.01179294943389046
485.7142857142857,0.30000000000000004,0.008160342172920802,1.4715118110772176e-08,0.27607151607750513,-7.42837400282796e-05,0.0003525033757568272,0.19801573242746787,0.007377326046061675,0.198290706858885
485.7142857142857,0.4,0.005139501421391093,2.133409217394743e-08,0.14306748153252954,-6.834553684451155e-05,0.0008096184614436959,0.17532044429127408,0.011460609824515439,0.17606988619193917
485.7142857142857,0.5,0.0035493354851866806,1.8681379699043922e-08,0.06646392519087375,-4.12747999690157e-05,0.001026684725893704,0.12931979143783207,0.010964510625712466,0.1302501574877109
485.7142857142857,0.6,0.0026238088008910055,1.3603884034527899e-08,0.03374479030842599,-2.5161018598270176e-05,0.0010120287398909873,0.09507354390494073,0.00967953316577867,0.09605930291975825
485.7142857142857,0.7000000000000001,0.0020357300196795903,1.271859740326092e-08,0.018868835662967303,-1.6306407227552938e-05,0.0012201349782223999,0.07191391254027252,0.008491535874412998,0.07291990063918033
485.7142857142857,0.8,0.0016363395950978485,1.0559896686436511e-08,0.011501447985591917,-1.1284144812632584e-05,0.0012610667966756071,0.056497904311506725,0.007577664064736333,0.05751908784406999
485.7142857142857,0.9,0.0013519636503720258,4.879369219793585e-09,0.007325454762607102,-8.161190958074235e-06,0.0007059708001433382,0.04476732571009542,0.006822287254233302,0.04580064467628129
485.7142857142857,1.0,0.0011408422532722742,5.005411671669031e-09,0.0049863667518458285,-6.052832465189027e-06,0.0008587365028588643,0.03688240250005027,0.006130272070566306,0.03789735497202129
485.7142857142857,1.1,0.000979584523690981,3.5809213176853313e-09,0.0034428956502492412,-4.590512814435279e-06,0.0007159655922875493,0.030178542566897355,0.005512890498171056,0.03117757144937727
485.7142857142857,1.2000000000000002,0.00085275575061218,4.829742479538945e-09,0.0025614012428990967,-3.591161413739573e-06,0.0011095635593937761,0.026147832891928326,0.005026090903262705,0.02711942985706491
485.7142857142857,1.3000000000000003,0.0007515409899623701,4.68870814793265e-09,0.001886753302482197,-2.958205932933069e-06,0.0012228037327186453,0.022125365922513296,0.004757235531271718,0.02315792836101389
485.7142857142857,1.4000000000000001,0.0006691937623373821,2.4954930516459804e-09,0.0014253043925687291,-2.425850921583754e-06,0.0007316455508216654,0.018965091879287847,0.004428592328289089,0.0199858668869336
485.7142857142857,1.5000000000000002,0.0006010995786380815,2.5941158661497846e-09,0.0010961777613398996,-1.9825626772691328e-06,0.0008471358877667324,0.016380573505514067,0.004068828052895658,0.017382507040986726
485.7142857142857,1.6,0.0005439671725521798,1.691621399815251e-09,0.0008698301144089932,-1.6544373976585637e-06,0.000610908239071538,0.014470649212228329,0.003781917833107815,0.015439517560231203
485.7142857142857,1.7000000000000002,0.0004955330676103681,2.4137348892476058e-09,0.000701098133383364,-1.4156285779740621e-06,0.0009571889695525171,0.01288861109198849,0.0035786578089562573,0.013879700646309664
485.7142857142857,1.8000000000000003,0.00045410994400239005,2.0358670206613155e-09,0.0005703645518418797,-1.2291240231829073e-06,0.0008816789019390166,0.011510120900556142,0.0034119437627990585,0.012511712964760282
485.7142857142857,1.9000000000000001,0.00041839046591283087,1.4201569535414597e-09,0.0004615405829753613,-1.0394930507164973e-06,0.0006679986344617774,0.010163630835904625,0.0031512341305174065,0.011117831040039676
485.7142857142857,2.0,0.0003872863936530253,2.1868073518192078e-09,0.00038258078208456956,-9.146277250164695e-07,0.001111653095980662,0.009144108512364572,0.0030114914332518765,0.01014833259194832
485.7142857142857,2.1,0.00036000812921406543,1.888577233239349e-09,0.00032899059254275714,-8.149161363477115e-07,0.0010335095411835179,0.008494762478991296,0.0028998111407817313,0.009489306658054602
485.7142857142857,2.2,0.00033601977070053313,1.2841351386036638e-09,nan,-6.824471516656968e-07,0.0007535560139567479,nan,0.002614248128858163,nan
485.7142857142857,2.3000000000000003,nan,nan,nan,-6.058691842814745e-07,nan,nan,0.002488752527930789,nan
485.7142857142857,2.4000000000000004,0.00029562488056089127,2.0301718810617413e-09,nan,-5.71969827156464e-07,0.0013552039642283058,nan,0.002509463674984903,nan
485.7142857142857,2.5000000000000004,0.0002786033394814882,1.1058515982795013e-09,0.00016234801257398597,-4.989940843170439e-07,0.0007840099418150051,0.0054916897476951845,0.0023316603744284467,0.0064534183249782264
485.7142857142857,2.6,0.000263205278527825,1.851329854813085e-09,0.00015730813413450024,-4.4005111433906077e-07,0.001389756915848423,0.005646311865007368,0.0021838654875550264,0.006584132357231241
485.7142857142857,2.7,0.0002493802989155068,1.0973043503538735e-09,0.000121248609495422,-4.139302432092279e-07,0.0008700828815952436,0.004606617700587038,0.0021751050558510396,0.005607150334009639
485.7142857142857,2.8000000000000003,0.00023676780539814282,1.1936543209934449e-09,0.00011743049631492421,-3.740706040531761e-07,0.000997657130000185,0.004708892275195771,0.002076276288276711,0.005638335983156629
485.7142857142857,2.9000000000000004,0.00022532961684392807,1.143817198500303e-09,9.147236625868569e-05,-3.390386426501503e-07,0.0010050348071860065,0.0038633785579449053,0.0019835811697376292,0.004879034470007286
485.7142857142857,3.0000000000000004,0.00021480615195230017,1.4988845122412106e-09,9.676659407008508e-05,-3.140911398336895e-07,0.0013824141342021524,0.004294446306057909,0.001931871368981267,0.005274238512490256
485.7142857142857,3.1,0.00020525035300137312,1.3405040887557676e-09,7.244757095039492e-05,-2.787761574068437e-07,0.001294672896343428,0.003372695348431298,0.0017997975694009742,0.004419252697402549
485.7142857142857,3.2,0.00019641902975995002,1.288442374882029e-09,6.919720655244116e-05,-2.572101863717788e-07,0.0013012644472320408,0.0033713562749379655,0.0017389140535009494,0.004371152761585884
485.7142857142857,3.3000000000000003,0.00018827967858405133,1.2002776273820518e-09,6.408587008634743e-05,-2.3341359391125695e-07,0.0012653515401280398,0.0032627118749475976,0.001650155040109033,0.004206236632884907
485.7142857142857,3.4000000000000004,0.0001807811861090161,1.217109083240482e-09,5.464899340929743e-05,-2.2850137001394085e-07,0.0013371628233360337,0.0029025433769742275,0.0016862281501439042,0.00398741686057583
485.7142857142857,3.5000000000000004,0.00017382918356807387,1.063796980536561e-09,4.800108354897545e-05,-2.0782434932156996e-07,0.0012164661900945094,0.0026552034856121287,0.0015982667311121195,0.003693075768138191
485.7142857142857,3.6,0.0001673571918626214,1.393606646732928e-09,4.8922821076604124e-05,-1.9397428691410696e-07,0.0016558646476740844,0.0028144193093701834,0.0015526854866779293,0.0039350359873136
485.7142857142857,3.7,0.00016137442836793495,1.1729621875240672e-09,4.1557203357963175e-05,-1.8056656684376297e-07,0.0014466576297143578,0.002483144159832478,0.0015018273391748278,0.0035734848438893365
485.7142857142857,3.8000000000000003,0.00015580723690682813,1.06090345064065e-09,3.494254073115835e-05,-1.591004626204184e-07,0.0013560824039577251,0.002165308412525502,0.0013735713769147645,0.003209504114756128
485.7142857142857,3.9000000000000004,0.0001505894708530329,1.051694829719262e-09,3.133424832661073e-05,-1.567067307243405e-07,0.001391730702315466,0.0020110906879985584,0.0014021546257775369,0.003148567180846028
485.7142857142857,4.0,0.00014568504728250378,1.272871754284481e-09,3.529268747102425e-05,-1.5516672542138977e-07,0.00174212544781088,0.002343635798114198,0.001437348580129877,0.003558029189272536
485.7142857142857,4.1,0.0001411335505866849,1.1198669027144648e-09,2.7534181610468367e-05,-1.3649855615164273e-07,0.0015835181043410038,0.0018899799343906397,0.0013077383893746995,0.003082192909157965
485.7142857142857,4.2,0.0001368573957069707,1.0365602114050931e-09,2.5518586577156183e-05,-1.2504196610614527e-07,0.0015124353363584354,0.001808116246709357,0.001237685939785052,0.0029360650502608422
485.7142857142857,4.3,0.00013283642669302808,1.071122884971816e-09,2.182773325657024e-05,-1.2443025603867763e-07,0.0016112660486891316,0.0015949253705883916,0.0012708851820864842,0.002893140769043013
485.7142857142857,4.3999999999999995,0.00012903373501165115,1.2917993684246243e-09,2.5138293239867568e-05,-1.1709217925248157e-07,0.002001523560944742,0.001892424680916756,0.0012329739094413706,0.0032600332913462833
485.7142857142857,4.5,0.0001254824262626729,1.1729730479116753e-09,1.7822934403194918e-05,-1.1543553062261149e-07,0.0018703289397687627,0.0013812616058572274,0.0012519966952388066,0.00292249985740455
485.7142857142857,4.6,0.0001221093468577266,1.3035016578874112e-09,2.075401270673193e-05,-1.0817669180702407e-07,0.0021373495024970316,0.0016539377923158315,0.001207429261556666,0.003196802145895399
485.7142857142857,4.7,0.0001189438075798476,1.2619778686253102e-09,1.695557521607944e-05,-9.797225589070643e-08,0.0021258345671623822,0.0013885567036760022,0.0011245146163306233,0.0029960521642569005
485.7142857142857,4.8,0.00011594782405412941,1.1938466617034014e-09,1.5482951931010616e-05,-9.36655271724322e-08,0.0020645843243803867,0.00130170306853653,0.0011044741295034091,0.0028977000390998484
485.7142857142857,4.9,0.00011310667004772133,1.1454242553935409e-09,1.3963750910325319e-05,-9.32619667927801e-08,0.0020320930556479225,0.0012043133214648726,0.0011289811381519457,0.00285113478875973
485.7142857142857,5.0,0.00011040515355041649,nan,nan,nan,nan,nan,nan,nan
500.0,0.1,0.020102581204919853,nan,nan,nan,nan,nan,nan,nan
500.0,0.2,0.014384565349186248,-5.5863573828381675e-08,-0.014724007611340014,6.520641965371115e-05,0.0007694964037221051,0.007324436330463126,0.0045951421064843135,0.009821922125119889
500.0,0.30000000000000004,0.008519309417339244,1.2868656839606413e-08,0.2723660301155237,-6.888384791104835e-05,0.00029571953685929043,0.1893460271505053,0.00664191506677535,0.18957910095586195
500.0,0.4,0.005377713786647477,1.904669196442189e-08,0.1477316331806753,-6.8205540788874e-05,0.0006916742305023768,0.1734079911219083,0.010971461768933235,0.17410214170098912
500.0,0.5,0.0037134344877624644,1.282228480918624e-08,0.06941491806095444,-4.189326416555712e-05,0.0006744050171357138,0.1290788629051016,0.010649378861352752,0.12995624729602806
500.0,0.6,0.002743304369486996,9.459902600677357e-09,0.035415769930432134,-2.5604665946483357e-05,0.0006739176152744782,0.09537200682318207,0.009426978735345823,0.09630165993681827
500.0,0.7000000000000001,0.002127331950515849,6.362941355000242e-09,0.01975752862593848,-1.6595188910235226e-05,0.0005848754555306958,0.07202091333975161,0.008275617017695388,0.07296797730263346
500.0,0.8,0.0017089348178040867,4.418002833664623e-09,0.011998756112237012,-1.1544490346748016e-05,0.0005058444846120891,0.05640283882037065,0.007428109221189892,0.057374992103207956
500.0,0.9,0.0014105252462146946,6.9124945832365254e-09,0.0077437328716388806,-8.351823535805837e-06,0.0009593441180692036,0.04531321376896792,0.006693763724853847,0.04630141065688384
500.0,1.0,0.0011895530033416914,4.6347756719472484e-09,0.005213905733767571,-6.215105721550258e-06,0.0007632869905691032,0.036964285097056446,0.006037903584221061,0.03794540208182199
500.0,1.1,0.0010207198178063639,3.6672913072302886e-09,0.0036446192084405972,-4.701568796781519e-06,0.0007043330556720026,0.030638560856070612,0.005420008618106144,0.0315906708258173
500.0,1.2000000000000002,0.0008883328243554423,1.7008773583815403e-09,0.002658303146359339,-3.6370575601892535e-06,0.0003755641799407956,0.026043416616249475,0.004889684934438551,0.02694844401847618
500.0,1.3000000000000003,0.0007825288623681142,1.274412376391913e-09,0.001935573003148912,-2.9945461292260886e-06,0.00031960133589030643,0.021788826778446783,0.004628499397931197,0.022753046625635903
500.0,1.4000000000000001,0.0006960806304122752,3.0176012900699565e-09,0.00153103160479886,-2.4629055624671952e-06,0.0008510933955666059,0.019565177444900918,0.004323589018456619,0.02051602720848932
500.0,1.5000000000000002,0.0006249427145044248,2.331474713438431e-09,0.0011302749518726414,-2.02394167071237e-06,0.0007328496262687324,0.016237701531835493,0.003995870416137002,0.01720854381918507
500.0,1.6,0.0005651075481153008,2.662861125490046e-09,0.0009358451535091542,-1.6778372329356163e-06,0.0009261231140877108,0.01497489500699713,0.003691747834134817,0.01588594311442394
500.0,1.7000000000000002,0.0005146308332612683,1.8566603025831357e-09,0.0007086675182517214,-1.4052725482645666e-06,0.0007094269586593908,0.012540400860247044,0.003421202717850609,0.013460096449082908
500.0,1.8000000000000003,0.0004712407935897531,2.6085843365095964e-09,0.0006024309218470037,-1.247630502138319e-06,0.001088892998071808,0.011706079055336372,0.00333702346089845,0.012668442128699489
500.0,1.9000000000000001,0.0004338750631367079,2.3320568275380136e-09,0.0004953332486429316,-1.0799081622339077e-06,0.0010580086925968035,0.010511255718539357,0.003155478218478293,0.01146821541255302
500.0,2.0,0.000401462665170092,1.326020882864213e-09,0.000387703515071497,-9.116974849131095e-07,0.0006506619158633293,0.008935833100630104,0.0028953355547194247,0.009850807585163586
500.0,2.1,0.0003729273023541911,1.945683270734201e-09,0.0003383661451661541,-8.187209269596306e-07,0.0010280513802759926,0.008428334052502614,0.002812153063680322,0.00937603936895509
500.0,2.2,0.00034777560098995174,2.1221589589460213e-09,0.0002983424849936069,nan,0.001203156519820518,0.008000017244922804,nan,nan
500.0,2.3000000000000003,0.00032560732447564845,nan,0.00022867342749419535,-6.238833692766237e-07,nan,0.006575315428778526,0.002475971642613877,nan
500.0,2.4000000000000004,0.0003057257822362871,8.717250366237672e-10,0.00020143541510166701,nan,0.0005629762225880995,0.006186452206689595,nan,nan
500.0,2.5000000000000004,0.00028785859414794243,1.5204123422252687e-09,0.000187082757350821,-5.012697333272398e-07,0.0010432516882704743,0.006119299327075722,0.0022661051406933246,0.00698603344944626
500.0,2.6,0.00027186223363310596,9.868488905869367e-10,0.00015115193974242597,-4.4880173852588993e-07,0.0007174312910376272,0.0052509093984090946,0.0021556600856805002,0.006113959271834659
500.0,2.7,0.00025737739251569376,1.28394211291968e-09,0.000128244151905262,-4.2022187925434904e-07,0.0009864193652734876,0.004717247783608482,0.0021384857374007727,0.005689612668212023
500.0,2.8000000000000003,0.0002441749929173342,1.468358615143319e-09,0.00012900901796972965,-3.779503533235948e-07,0.001189704732198318,0.005012445604050607,0.002032586054427295,0.005899391529699141
500.0,2.9000000000000004,0.0002322626834986719,1.128796285201527e-09,9.254294932210532e-05,-3.3138235204812884e-07,0.0009621614882751158,0.003790025678568808,0.001879465982171742,0.004728089902911357
500.0,3.0000000000000004,0.00022127580357323066,1.3775045607521542e-09,0.00010171628425022259,-3.114146627515379e-07,0.0012328535625254816,0.004379364033775328,0.0018581017630754644,0.0052539358171607865
500.0,3.1,0.00021130608649029165,1.007050753246308e-09,7.34334979165537e-05,-2.8970772525360645e-07,0.0009446296552408323,0.0033186411135210764,0.0018149997317070785,0.004300482772678709
500.0,3.2,0.00020207070438651818,1.2818627984019779e-09,7.508947208594852e-05,-2.557651552168098e-07,0.0012578115301196983,0.0035535877519267994,0.0016793825408637243,0.0044554154905083795
500.0,3.3000000000000003,0.0001935862170036042,1.1877380869591557e-09,6.56956224980113e-05,-2.4708709270101533e-07,0.0012172412896122055,0.003251120576704161,0.001697157419431892,0.004220444049394734
500.0,3.4000000000000004,0.00018575868584567033,9.7033812393029e-10,5.3777964609071394e-05,-2.2491033459959042e-07,0.0010371540262282836,0.002777985201708351,0.001613479470926261,0.00374159354570123
500.0,3.5000000000000004,0.00017846893433382717,1.424767725406459e-09,5.7973487754551696e-05,-1.990354157445565e-07,0.0015854405079944376,0.0031209032024869356,0.0014891846913707594,0.00408521731291114
500.0,3.6,0.00017175891769952953,1.0399307005942213e-09,4.2220512696579126e-05,-1.965832768346618e-07,0.0012033072323375104,0.0023657065502282553,0.0015312654779524198,0.0034255019639647466
500.0,3.7,0.00016547110619219768,1.242550800643418e-09,4.7581427645027446e-05,-1.8949363239729927e-07,0.0014932266905074933,0.0027702449620848877,0.0015348459349329656,0.003823020688822016
500.0,3.8000000000000003,0.0001596591089613161,1.1226760611874824e-09,3.720899763328918e-05,-1.70239621032943e-07,0.0013992758371076113,0.002248670386603342,0.0014320898754694525,0.0033341047072256527
500.0,3.9000000000000004,0.00015421920170676743,1.051921722897534e-09,3.315207871569232e-05,-1.5176152782299898e-07,0.0013581741047362689,0.002076428894747544,0.0013240628562298713,0.003108452790089288
500.0,4.0,0.00014911081523937567,1.0491734387812137e-09,3.2447550121065024e-05,-1.481429887855113e-07,0.0014017417138376905,0.0021039889820439377,0.001338909319495261,0.0031586398655968104
500.0,4.1,0.00014432690427319456,1.180414275706928e-09,3.260610593673704e-05,-1.477230791190514e-07,0.001630339627118534,0.00218670294870246,0.0013815515729866897,0.0033551522444236455
500.0,4.2,0.00013986905436638082,9.711983385731583e-10,2.5633928030588195e-05,-1.3193223484343416e-07,0.0013852756719345313,0.0017761018404486846,0.0012755356190649293,0.0028857423076057184
500.0,4.3,0.00013566754373987297,1.0362307688054877e-09,2.498903523835531e-05,-1.1642243499737233e-07,0.001524586973307206,0.0017866021438092828,0.001162419789291716,0.0028668366176878564
500.0,4.3999999999999995,0.00013171592346574866,9.401781707101758e-10,2.2508390808427576e-05,-1.146245744035133e-07,0.0014256119877019096,0.0016590844197477955,0.001180514965894608,0.0027517561339500205
500.0,4.5,0.00012798938709970864,1.0034735416367401e-09,2.0006288754627666e-05,-1.1095526718911413e-07,0.001566861016831813,0.0015188967459830393,0.001177706681051644,0.002745193403790058
500.0,4.6,0.00012446291362121488,1.0539232573853148e-09,2.143341364190356e-05,-1.0533096272339594e-07,0.0016931726856382083,0.0016746242893722206,0.0011512738578161636,0.002884798649009761
500.0,4.7,0.00012115077427914017,9.941491352647591e-10,1.7164586411106262e-05,-1.0464896108112619e-07,0.0016420083079439077,0.0013790924470356073,0.0011768611506476985,0.002714422884635908
500.0,4.8,0.0001180102808011765,9.766305082375051e-10,1.6434040603984322e-05,-9.799071224012314e-08,0.001657179276405845,0.00135649488843704,0.0011329396216769887,0.002674588923411599
500.0,4.9,0.00011503412772925268,9.89597566601182e-10,1.5672525835131668e-05,-9.029042577994402e-08,0.0017237331681671042,0.0013280644473286792,0.0010724546779855152,0.0026524195150774816
500.0,5.0,0.00011221469991568018,nan,nan,nan,nan,nan,nan,nan
514.2857142857143,0.1,0.02027184925255764,nan,nan,nan,nan,nan,nan,nan
514.2857142857143,0.2,0.014815831883794203,-5.717067176154399e-08,-0.047891159677520063,6.910740060649577e-05,0.0007658125381047011,0.02362446517871466,0.004831676905034586,0.02460471554912003
514.2857142857143,0.30000000000000004,0.008880902918255565,9.635553933100121e-09,0.2673839279179673,-6.352422142837832e-05,0.00021271539604082257,0.1804717615690795,0.005956437211769849,0.18066837094577984
514.2857142857143,0.4,0.0056198132318966,1.7988603960413852e-08,0.15214267376188131,-6.790748309433167e-05,0.0006258786469584401,0.1713144205744409,0.010493923943124171,0.17195716705123196
514.2857142857143,0.5,0.0038801502831564494,1.8027541410703635e-08,0.07242431960341725,-4.2378676572373484e-05,0.0009082950394693577,0.12887317890273584,0.010321388012078611,0.12970035983514866
514.2857142857143,0.6,0.0028647305304504715,1.3983845933300257e-08,0.037092166306781776,-2.6132793890951676e-05,0.0009547795409252651,0.09559466412369938,0.009216676063866036,0.09648391393505526
514.2857142857143,0.7000000000000001,0.0022202324408123115,9.699302419776638e-09,0.020669732256753344,-1.6943412248081873e-05,0.0008550122620509744,0.07215244867552371,0.008097955606465455,0.0730606642855847
514.2857142857143,0.8,0.001782431673741685,9.275492240605792e-09,0.01258666485665573,-1.1628910167552613e-05,0.001018912534430676,0.056690752847709386,0.007175776411601978,0.057600895612928596
514.2857142857143,0.9,0.0014704975552376157,6.785994209010607e-09,0.00806461892636737,-8.436800915392535e-06,0.0009040653282369832,0.045245038254050456,0.006487476228905517,0.04617472811364933
514.2857142857143,1.0,0.0012392096259972202,6.6793527738956015e-09,0.005468184196231605,-6.341385575586633e-06,0.0010565045551704016,0.0371859455104501,0.005913825828174576,0.038129482257607816
514.2857142857143,1.1,0.0010626035387191408,6.495361571998351e-09,0.003825956448588458,-4.870265725146115e-06,0.0011987417237246905,0.03087416663270046,0.005392469402921379,0.031824653957377755
514.2857142857143,1.2000000000000002,0.0009242570159269458,4.889737093253172e-09,0.0027866325797554817,-3.823751180097926e-06,0.0010382097526984,0.02622457462464769,0.004939806692732413,0.027158968574992712
514.2857142857143,1.3000000000000003,0.0008137768189323056,3.6608191453933413e-09,0.0020286713547476203,-2.9972261754900717e-06,0.0008833421451224371,0.021949212392107707,0.0044546865628240125,0.02285249839131848
514.2857142857143,1.4000000000000001,0.0007235833354851417,3.497971866173225e-09,0.0015871809498798162,-2.4806879053286927e-06,0.0009495502695326356,0.019503885008204526,0.004190065835131064,0.020406285294808067
514.2857142857143,1.5000000000000002,0.0006492616615367759,2.105851208224893e-09,0.0011851377136029983,-2.0912497742745783e-06,0.000637624536950047,0.01637873145334943,0.003973796256676089,0.017327767382158746
514.2857142857143,1.6,0.0005867913647244401,1.9680851310112924e-09,0.0009786441265897535,-1.7314597245560867e-06,0.0006596572673649863,0.015073185197372396,0.0036698454314531026,0.01595529976798268
514.2857142857143,1.7000000000000002,0.0005341075091780019,1.0792358537070192e-09,0.0007480353695860606,-1.4444195565565361e-06,0.0003977075664329638,0.012747893281240454,0.003388955537619041,0.013624866740273503
514.2857142857143,1.8000000000000003,0.0004889040073274242,9.262456878168562e-10,0.0006135084848542031,-1.2105096229401535e-06,0.0003730190439883323,0.01148661036049466,0.0031225814472406795,0.012311880058313783
514.2857142857143,1.9000000000000001,0.0004498355903253886,1.6432239463007801e-09,0.0005142379870512729,-1.0939466325665708e-06,0.0007194361415902864,0.010518179015597276,0.003083890728940657,0.011409226188575169
514.2857142857143,2.0,0.0004159095531938657,1.815731972147673e-09,0.0004260037650491139,-9.60335194819727e-07,0.0008603072164050089,0.009470210321530231,0.002943177003505022,0.010380250179477269
514.2857142857143,2.1,0.000386243553712834,6.67741625719302e-10,0.000338697071265915,-7.963612189391894e-07,0.00034094355279033273,0.008143527088160919,0.00264125278300672,0.008965807742154715
514.2857142857143,2.2,0.0003599645249444614,1.6456657206382196e-09,0.0003077740717670452,-7.368104437726565e-07,0.0009016370347528094,0.007968393745565796,0.002633466786102846,0.008841863087258456
514.2857142857143,2.3000000000000003,0.00033676323689375924,1.2083708172992511e-09,0.0002442638137324572,-6.68915762094812e-07,0.0007083013917292768,0.00678577461960021,0.002565426572782212,0.0077273058079909175
514.2857142857143,2.4000000000000004,0.00031600458698038166,1.6351926440512006e-09,0.00021781999804997481,-5.606838210284577e-07,0.0010217247654617952,0.006468045623361551,0.0023005619429762956,0.00731195638589196
514.2857142857143,2.5000000000000004,0.00029742413704750384,1.0948451102863184e-09,0.00018768993565337376,-5.168517559841479e-07,0.0007273054590386926,0.005939468709833191,0.0022606276315992285,0.0067843302074217255
514.2857142857143,2.6,0.00028072058647115976,1.0837721556946074e-09,0.00016194792237016954,-4.5467579376291715e-07,0.0007632087696120193,0.0054450161300897935,0.0021142874791396614,0.006258682878357411
514.2857142857143,2.7,0.00026563651511851737,1.1668417929551437e-09,0.00013294016941491893,-4.055032746411014e-07,0.0008686670718599043,0.004735675822213942,0.00199893084150966,0.00558324788927667
514.2857142857143,2.8000000000000003,0.00025188184546002417,1.0143833603090269e-09,0.00012989409407013856,-3.8434918734169006e-07,0.0007968453686620432,0.0048899186172572905,0.0020029282427911146,0.005706987797121894
514.2857142857143,2.9000000000000004,0.00023942611674223236,1.142820268166629e-09,0.00010561905494659471,-3.46572436431317e-07,0.0009449234283320862,0.004193198392432669,0.0019057415192068842,0.00507341054122064
514.2857142857143,3.0000000000000004,0.0002280265785739065,6.799150519709213e-10,9.403001355165657e-05,-3.1517629173471546e-07,0.0005906711669917194,0.003927308132925611,0.001824190813616867,0.004735819448356044
514.2857142857143,3.1,0.0002175673405410972,1.1592401885928759e-09,8.758811575335566e-05,-2.8808991482390936e-07,0.0010558518571495486,0.0038411362526744744,0.0017519318624586498,0.0046912345237956204
514.2857142857143,3.2,0.00020798398366582145,8.208555063526158e-10,7.345241605622136e-05,-2.599540283866767e-07,0.0007825739872065223,0.003376077304320712,0.0016573878514781351,0.0041838007828595685
514.2857142857143,3.3000000000000003,0.00019913515095110792,8.612644061237558e-10,6.47895534487355e-05,-2.4384995461903904e-07,0.0008579926395998273,0.0031151222467608953,0.0016273441653574415,0.003966942909460374
514.2857142857143,3.4000000000000004,0.00019093421377088175,1.223020047119639e-09,6.66177432477236e-05,-2.2146353178119262e-07,0.0012711182009660388,0.0033453532904434203,0.0015443556612801644,0.004192517016753056
514.2857142857143,3.5000000000000004,0.0001833994540231328,7.207452465915913e-10,5.081800162771152e-05,-2.1557921345140798e-07,0.0007804178560390403,0.002661545074823121,0.0015684016286517594,0.003551428100476591
514.2857142857143,3.6,0.00017637287429166098,6.902011346638653e-10,4.7507125232093587e-05,-2.010257949555491e-07,0.000777668923927258,0.002590363503813995,0.001523685164137559,0.003458031954155354
514.2857142857143,3.7,0.0001698213658125101,7.785716639697878e-10,4.70241245952523e-05,-1.7689140303823078e-07,0.0009114421186806105,0.00266617668868345,0.0013951594412229256,0.0034397913605117066
514.2857142857143,3.8000000000000003,0.00016374009857931173,9.603181961245218e-10,4.04779117020728e-05,-1.7189305846439504e-07,0.0011664487636808781,0.0023835582471266963,0.0014085973899449617,0.0033181690507956122
514.2857142857143,3.9000000000000004,0.0001580636104631341,9.229044936350146e-10,3.6357787761378574e-05,-1.580941078487201e-07,0.0011619498896994626,0.0022204571804241187,0.0013442010593228573,0.0031455223114832623
514.2857142857143,4.0,0.00015275070022457025,8.565085778105993e-10,3.23368846291065e-05,-1.4499957273856826e-07,0.0011164515790591945,0.0020458146270579203,0.0012778956771628358,0.002949212833976353
514.2857142857143,4.1,0.00014776115883229746,8.824275901400257e-10,3.072993283322034e-05,-1.4395752220621328e-07,0.0011896724536996466,0.002011770341349792,0.001313531761430667,0.0029855103131626757
514.2857142857143,4.2,0.00014307891676835688,1.0399192715781218e-09,3.1346174940471195e-05,-1.3642038778146312e-07,0.0014486482124443417,0.002121408304333059,0.0012874359947042684,0.0031486406143019546
514.2857142857143,4.3,0.000138710136453821,9.009428147766554e-10,2.4862887662433416e-05,-1.2081548435925444e-07,0.0012954085625630912,0.0017377044937156008,0.001178104860302499,0.0027337816985227455
514.2857142857143,4.3999999999999995,0.00013458998501590948,9.47934057308405e-10,2.313048774478098e-05,-1.1550052679342606e-07,0.0014053424372447386,0.0016675412724780586,0.0011624962012499107,0.0027310210722694306
514.2857142857143,4.5,0.00013070113845544575,9.091733750278455e-10,2.1927486877938172e-05,-1.113030064312925e-07,0.0013888305367329224,0.0016292064283494937,0.0011550717688366657,0.0026928693670997296
514.2857142857143,4.6,0.0001270315667637614,8.244522718522717e-10,1.986334849811335e-05,-1.0842046050490481e-07,0.0012965827414721496,0.0015197532885212394,0.00115934271002901,0.0025843621847661704
514.2857142857143,4.7,0.0001235606285570582,8.319918435175781e-10,1.823595464884946e-05,-1.0185938799448312e-07,0.0013460748437997014,0.0014355451257845682,0.0011213309772764978,0.002527345171217013
514.2857142857143,4.8,0.0001202720498968435,9.798530674262198e-10,1.8007286121672256e-05,-9.124726631649124e-08,0.0016292987886997894,0.0014573643993205166,0.0010333990110333098,0.0026295156526011964
514.2857142857143,4.9,0.0001171635440978455,1.0253598980428485e-09,1.5839580411195958e-05,-8.853570004358182e-08,0.0017510731287861828,0.0013169793335011302,0.0010305195701598424,0.0026314697102932734
514.2857142857143,5.0,0.00011421343410295947,nan,nan,nan,nan,nan,nan,nan
528.5714285714286,0.1,0.020432835214293562,nan,nan,nan,nan,nan,nan,nan
528.5714285714286,0.2,0.015235430934369189,-5.739761843330568e-08,-0.07935637956947467,7.253121287034767e-05,0.0007488054029938304,0.038837674134405885,0.005033231198518059,0.03949167601276658
528.5714285714286,0.30000000000000004,0.00924446285875007,9.195291800372975e-09,0.26120890376801637,-5.806180627369771e-05,0.00019527677526049952,0.17144831996761078,0.00530229246481567,0.17161233394922432
528.5714285714286,0.4,0.005865583820811114,2.0390730175797705e-08,0.15638403857620925,-6.744466716355578e-05,0.0006804615755674388,0.16916508937908561,0.010026070057045793,0.1697596378830004
528.5714285714286,0.5,0.0040505451686342515,1.3762150384492092e-08,0.07535040210653944,-4.286797588321591e-05,0.0006649548417471619,0.1284618963916191,0.010013867630817812,0.1292418511138235
528.5714285714286,0.6,0.002989010537522784,1.0695107499325315e-08,0.038763647417088154,-2.663138395651016e-05,0.0007005918029191325,0.09569982756212135,0.009007362255672578,0.09654642911006035
528.5714285714286,0.7000000000000001,0.002315112380582198,8.129867539783677e-09,0.021660726363779487,-1.7314705925388325e-05,0.000687975296845553,0.07246788223681323,0.00793949825135778,0.07333579297222009
528.5714285714286,0.8,0.0018578214872794069,5.007238227439142e-09,0.013132416706127012,-1.185712352952646e-05,0.0005283154894897772,0.056724748294182205,0.007023713028569459,0.05759028803288063
528.5714285714286,0.9,0.001531854761037886,4.653201615281976e-09,0.00843413470755464,-8.571621415977633e-06,0.0005956943027716355,0.04539798234277925,0.006330763808083318,0.04627622276380308
528.5714285714286,1.0,0.0012902293818719114,3.8284036777666e-09,0.005720884092026614,-6.3922874348323485e-06,0.0005821826741307972,0.03734612600055186,0.005728302070281812,0.03821909147444433
528.5714285714286,1.1,0.001105812843626203,3.5185821934141964e-09,0.003978280764718993,-4.92883435576107e-06,0.0006245567321080601,0.030833903030073304,0.005246670792775698,0.03172025781728636
528.5714285714286,1.2000000000000002,0.0009611791130276846,3.978097701190827e-09,0.0029226499015370506,-3.967069669110083e-06,0.0008127400678734189,0.02642987842276312,0.0049291503016621885,0.027345786974463163
528.5714285714286,1.3000000000000003,0.0008457718814445365,2.3402069276798902e-09,0.002143526250604282,-3.102469806466001e-06,0.000543804407899411,0.022301007393432017,0.0044369223617341715,0.02317332980139181
528.5714285714286,1.4000000000000001,0.0007517999123674313,2.4230412609447484e-09,0.0016182430831499924,-2.5155657791216565e-06,0.0006335570215668802,0.01913332801258554,0.00409187332969077,0.019999312238905526
528.5714285714286,1.5000000000000002,0.000674010374121826,2.9185943986453426e-09,0.0012655995484095741,-2.1201948166666843e-06,0.0008516872688674294,0.016834260387503623,0.003880598462717054,0.017726696896373798
528.5714285714286,1.6,0.0006088768313603165,3.1424668091277164e-09,0.0010061148710970738,-1.780194589678624e-06,0.0010153832861918136,0.014927290583738416,0.003636402331847761,0.015820930795227534
528.5714285714286,1.7000000000000002,0.0005538044373097777,2.5806335297321695e-09,0.000802420753806402,-1.5122742409206012e-06,0.0009174811695124279,0.013178704008390028,0.003420486697699753,0.014068385462996356
528.5714285714286,1.8000000000000003,0.0005067562507973029,2.2843750901283277e-09,0.0006423405055016954,-1.2379922734856869e-06,0.000887871771321377,0.011598688313549826,0.0030809652361992543,0.012421858977243436
528.5714285714286,1.9000000000000001,0.000466131469339845,1.247131221863205e-09,0.0005220310880588531,-1.0900356635140417e-06,0.0005272967442587869,0.010301423756244106,0.0029656615049121473,0.011134975059947459
528.5714285714286,2.0,0.0004307269987629757,1.504395939268322e-09,0.0004373550686537663,-9.538576395138236e-07,0.0006886140436749519,0.009382654839270284,0.002823088808051879,0.010219983462331238
528.5714285714286,2.1,0.00039969607887264404,2.403985091009979e-09,0.00038241400637276335,-8.27845893756202e-07,0.001186080010186461,0.008878338424826757,0.002652535848385064,0.00971100261714798
528.5714285714286,2.2,0.00037248929904604004,7.928912959014206e-10,0.0002883236381678736,-7.439340453912157e-07,0.0004201056072100702,0.007213571846416406,0.0025692992539960986,0.008087935757521232
528.5714285714286,2.3000000000000003,0.00034816575560111477,1.663895054110372e-09,0.000277489235278697,-6.458478120415534e-07,0.0009434926861989718,0.007449589451008608,0.002395372506317966,0.008237850467539314
528.5714285714286,2.4000000000000004,0.00032661710450897647,1.4492669739796797e-09,0.00021446643078365345,-5.691143841435507e-07,0.0008762859869359626,0.006159894456402616,0.002258968679584272,0.0069941443962507266
528.5714285714286,2.5000000000000004,0.0003072131177246747,1.541364993900702e-09,0.00019909863597986877,-5.365048085797093e-07,0.0009913260835611858,0.006095781060798576,0.0022707489916355926,0.006960881848671725
528.5714285714286,2.6,0.00028980011730017163,1.4504019896605522e-09,0.00017466518238265285,-4.741114654290554e-07,0.0009893866947473528,0.005685472797394945,0.002134467467722075,0.006512709858667801
528.5714285714286,2.7,0.0002741337686994951,9.251695045800056e-10,0.00013282949162035843,-4.14278162123867e-07,0.0006675985251257825,0.004583486468460439,0.0019781888960174964,0.005411145776447342
528.5714285714286,2.8000000000000003,0.00025979571501502213,1.2740939355286947e-09,0.00013651172814001112,-3.83568788386583e-07,0.0009703308393433518,0.004979748711281718,0.0019374716665481661,0.005766023940519721
528.5714285714286,2.9000000000000004,0.0002468227786119493,9.710422001115177e-10,0.00010662695395775398,-3.573932296466091e-07,0.0007789235805497552,0.004104261456028577,0.0019052972781658046,0.004971116522487711
528.5714285714286,3.0000000000000004,0.00023491611174845394,1.30558003383849e-09,0.00010557293372692037,-3.169192980174929e-07,0.0011006841187452148,0.004277276770022123,0.0017795224556679994,0.005083306250569815
528.5714285714286,3.1,0.0002240651742222278,9.058181037675036e-10,8.505477810317367e-05,-2.977557994829836e-07,0.0008011377895376238,0.003620644725903244,0.0017571849284041961,0.004463887065580616
528.5714285714286,3.2,0.0002140647844770334,8.939948090027169e-10,7.954584129203297e-05,-2.7092436983338774e-07,0.0008280740201226407,0.0035501206989507184,0.0016773061270713202,0.004349226971283792
528.5714285714286,3.3000000000000003,0.00020485985314475935,8.966243257287135e-10,7.044158115914832e-05,-2.4335673815293016e-07,0.000868181866916514,0.0032906664835712796,0.0015778858369180106,0.004069603554258684
528.5714285714286,3.4000000000000004,0.00019635933762407676,5.056403292867424e-10,6.18242475695609e-05,-2.3446432079679304e-07,0.000511135288403303,0.0030178801078156723,0.001589186977639319,0.0037973530423174306
528.5714285714286,3.5000000000000004,0.0001884770645790898,6.731213928240663e-10,5.328967241108197e-05,-2.1362777926800152e-07,0.0007092274311558804,0.002713885321466262,0.001511645396339218,0.0035268003481514387
528.5714285714286,3.6,0.00018112768825821363,1.0930993988778973e-09,5.522056718053964e-05,-1.866913837015133e-07,0.0011986825193436522,0.0029298295420643974,0.0013769381916126056,0.0037165385097932334
528.5714285714286,3.7,0.00017433051760914288,1.0166584905588721e-09,4.837245425667738e-05,-1.759892608855545e-07,0.0011588083013747013,0.002670627264215847,0.0013509171771807166,0.0034821029713251977
528.5714285714286,3.8000000000000003,0.0001680170715026389,8.482423176921769e-10,3.9274167920973944e-05,-1.7360258196529334e-07,0.0010037312726391603,0.0022528567263838716,0.0013851306067154741,0.0031496052915574737
528.5714285714286,3.9000000000000004,0.00016209636707534465,8.244590028684935e-10,3.897202306553609e-05,-1.6766470123681915e-07,0.0010117834612103538,0.002319527576394164,0.0013887919796889722,0.0032033420478819645
528.5714285714286,4.0,0.00015656538287870577,6.840753211393257e-10,3.4110197262736585e-05,-1.489647812684788e-07,0.000869720240589027,0.0021043159620524805,0.0012796763820409637,0.0029085567298139455
528.5714285714286,4.1,0.00015137550065469425,7.539100675259869e-10,3.153891624212547e-05,-1.349583594068413e-07,0.0009917205519373448,0.0020144246232616622,0.0012010842845803927,0.002815425923953566
528.5714285714286,4.2,0.000146501007593104,7.526411857542188e-10,3.1008051682199866e-05,-1.3291665644978995e-07,0.0010234782838527206,0.0020484194303629737,0.0012239036179743814,0.0028704372650152524
528.5714285714286,4.3,0.00014193659504833572,8.334993201762061e-10,2.853199925657715e-05,-1.2439515843987235e-07,0.001170427363521963,0.001947563346173204,0.0011841103301625956,0.0028226118664516882
528.5714285714286,4.3999999999999995,0.00013765750249613323,7.443955257666343e-10,2.2002545399250523e-05,-1.1544366066353568e-07,0.0010783699376836087,0.0015501671990762974,0.0011347686948326142,0.0024781646533545815
528.5714285714286,4.5,0.00013359843539792324,8.268610115619464e-10,2.2910717227881042e-05,-1.1222246859959856e-07,0.0012347549696297088,0.0016643275384517892,0.001137998988401657,0.0026238691631788056
528.5714285714286,4.6,0.00012976847547199207,8.421323705101978e-10,2.017615426944314e-05,-1.0781314491415015e-07,0.0012953520800739451,0.0015102088740297313,0.0011269847075735197,0.00254928556987231
528.5714285714286,4.7,0.00012614027708875532,9.210473796133443e-10,2.2171030075236218e-05,-9.772242998573078e-08,0.001458164015091034,0.001708506630334992,0.0010522035510004758,0.002694346270671432
528.5714285714286,4.8,0.00012273378900627094,8.025663991811825e-10,1.749166647013137e-05,-8.873461406346966e-08,0.0013065567422199864,0.0013866836884957703,0.000983366727803537,0.0023588137729127342
528.5714285714286,4.9,0.00011950221758848789,7.980335881727444e-10,1.616436641064579e-05,-8.544816220609508e-08,0.0013349097122778272,0.0013170265940229298,0.0009737513405521202,0.0023265696498818624
528.5714285714286,5.0,0.00011643228983481129,nan,nan,nan,nan,nan,nan,nan
542.8571428571429,0.1,0.020586381650165148,nan,nan,nan,nan,nan,nan,nan
542.8571428571429,0.2,0.01564331618526391,-5.781259401070975e-08,-0.10903513309547562,7.551056902242547e-05,0.0007355940001114985,0.05296469041930977,0.005202834178069986,0.05347839280228334
542.8571428571429,0.30000000000000004,0.009609899389407916,5.596376264251086e-09,0.253903318967897,-5.261993872197814e-05,0.00011448104237152807,0.16230786104488212,0.004686667033495504,0.16244317332113262
542.8571428571429,0.4,0.006115515783230893,1.6771348828330625e-08,0.16026164791774677,-6.696975116317645e-05,0.0005374146431231676,0.16676724846296317,0.009589664080750999,0.16731863999199142
542.8571428571429,0.5,0.004223748656231338,1.4327165690761651e-08,0.07834916903631761,-4.341327288974444e-05,0.0006645440300551177,0.12811539012155884,0.00973782738464519,0.12885513326644535
542.8571428571429,0.6,0.0031154732195949587,1.1198655322004339e-08,0.040445369403427696,-2.7039494465069282e-05,0.0007044648379498586,0.09575704592118249,0.008779303951122565,0.09656117475461735
542.8571428571429,0.7000000000000001,0.0024116514769928566,8.532354295812475e-09,0.022640345177891288,-1.766310587121597e-05,0.0006937625740917029,0.07267064610118765,0.007777831945202876,0.07350165610929393
542.8571428571429,0.8,0.0019342331861696674,7.131326110716499e-09,0.01373467044743885,-1.2093990033912018e-05,0.0007233102177991377,0.05695130734464554,0.006883505016615206,0.05778182991705077
542.8571428571429,0.9,0.0015941615998208668,5.376758097517464e-09,0.008794043114755005,-8.758036353619259e-06,0.0006619933960834684,0.045465268498312325,0.0062181198263205695,0.04631262142471587
542.8571428571429,1.0,0.0013420304446196162,3.090542406423506e-09,0.005984093711355561,-6.562257674941067e-06,0.00045230550270794137,0.03753756025755472,0.005655675438235494,0.03838289123662588
542.8571428571429,1.1,0.0011497402265319213,1.7522107963411086e-09,0.004146305835790947,-4.915947620336735e-06,0.00029948617418467196,0.030895765833137807,0.005036193998039371,0.03170748394868929
542.8571428571429,1.2000000000000002,0.0009989130668021358,3.301676974880106e-09,0.0030158630134964133,-3.894656879208516e-06,0.0006495691656889095,0.02623082104897268,0.004659696902143589,0.027053714411221525
542.8571428571429,1.3000000000000003,0.0008782445372073144,4.958144179318753e-09,0.002293497985374735,-3.222853727225619e-06,0.0011098320810473607,0.02295993577015677,0.004438430821250016,0.02382833846762905
542.8571428571429,1.4000000000000001,0.0007805109874662403,1.4859836338574138e-09,0.0016577280491637551,-2.568680098665692e-06,0.00037461702173306483,0.01887547236485047,0.004024817418454238,0.019718572600799258
542.8571428571429,1.5000000000000002,0.0006993547182168038,2.892555761120308e-09,0.0013405168785790434,-2.1315884639835647e-06,0.0008139061713833381,0.01717486236716207,0.0037616196613528305,0.017998275071243026
542.8571428571429,1.6,0.0006316036177531577,4.475359608017943e-10,0.0010175508056068855,-1.7788052960482688e-06,0.0001395642354857354,0.014549852586987759,0.0035036366085735254,0.015371032087949536
542.8571428571429,1.7000000000000002,0.0005740280253455804,3.269416851683431e-09,0.00086222603271637,-1.4853379137205281e-06,0.0011215444571320476,0.013651378942122273,0.0032424217932452283,0.014444535546751451
542.8571428571429,1.8000000000000003,0.0005250746932651669,2.059844841403231e-09,0.0006560503745438447,-1.3166633557534053e-06,0.0007730159122393717,0.011428891022330917,0.0031616878143135266,0.012296733032446008
542.8571428571429,1.9000000000000001,0.0004826818649301918,2.400128856056545e-09,0.0005562427316311429,-1.129552794580018e-06,0.0009801892540747573,0.010593592469142977,0.00296727979924442,0.011436541050076916
542.8571428571429,2.0,0.00044585146391152815,1.733344322415902e-09,0.00046181503418365425,-9.607165182485035e-07,0.0007667916462473212,0.009567689771200429,0.0027464308989749507,0.01035443974111476
542.8571428571429,2.1,0.00041363921323470104,1.0512263823387313e-09,0.00037489251399287267,-8.631065269220242e-07,0.0005014903208123616,0.008408462107623896,0.0026727292798930905,0.009232588540837887
542.8571428571429,2.2,0.00038517588769780266,1.457551237139784e-09,0.0003195282566772225,-7.494498565961894e-07,0.0007470853027037461,0.007724805735376945,0.002502689227859079,0.008529810480972731
542.8571428571429,2.3000000000000003,0.0003599078447276765,1.6368737054990739e-09,0.0002885589050220869,-6.457300887076985e-07,0.0008980382691290013,0.007491613941537315,0.0023168367090383806,0.008225947778496534
542.8571428571429,2.4000000000000004,0.0003375253908077712,8.044718124094616e-10,0.00021737257984491808,-6.055643151280237e-07,0.0004709665264204062,0.006039673294962288,0.0023256158939069555,0.006893217068312474
542.8571428571429,2.5000000000000004,0.0003173166626863151,7.388056981434978e-10,0.00020677139703776843,-5.200380839567639e-07,0.0004602870226831088,0.006126099033406637,0.0021311420532152407,0.00684284198358556
542.8571428571429,2.6,0.0002991756485352367,1.2644050861710606e-09,0.00017851979992900563,-4.832584391528847e-07,0.0008356028131643391,0.005625919496874397,0.0021075407524899013,0.006421266097390064
542.8571428571429,2.7,0.0002828198323834483,1.0988859231969738e-09,0.00015055875088761906,-4.3700529375414244e-07,0.0007687324288241561,0.00503245339735217,0.002021614748119474,0.005838697553673732
542.8571428571429,2.8000000000000003,0.00026796960374053614,8.043534546552056e-10,0.0001298237261616007,-3.8593160559578197e-07,0.0005940978054517953,0.004590333183762911,0.0018898658540148668,0.005344838335510277
542.8571428571429,2.9000000000000004,0.00025441761235924,9.868543458078905e-10,0.0001206468849922551,-3.5273287646084295e-07,0.0007680709846562016,0.00450226008129909,0.0018237067127925834,0.005245196967292982
542.8571428571429,3.0000000000000004,0.0002420720898278664,9.033572455471282e-10,0.00010213014443691703,-3.2151691150022653e-07,0.0007391717570212075,0.004014271790771637,0.0017516614107647764,0.004774661065718449
542.8571428571429,3.1,0.000230747868740862,9.233452646353608e-10,9.043855545924063e-05,-3.060740331419957e-07,0.0007930250033112936,0.0037360174617218395,0.0017531148101145484,0.0045534095143148845
542.8571428571429,3.2,0.00022032803320845,1.0820319279305624e-09,8.593422186439118e-05,-2.673627071420303e-07,0.0009735937270489085,0.0037241610218683475,0.0016073913397958387,0.004470422116607536
542.8571428571429,3.3000000000000003,0.00021076753989468194,1.0322655980321589e-09,6.806068002939855e-05,-2.534341422201479e-07,0.0009713238863695065,0.0030890612982056205,0.0015962497898765696,0.003947378443937918
542.8571428571429,3.4000000000000004,0.00020188765338120785,1.1882190937644404e-09,6.842799801342463e-05,-2.426019820642389e-07,0.0011677525167967907,0.0032466098929473347,0.001597956672741588,0.004124445755903146
542.8571428571429,3.5000000000000004,0.000193692046847868,1.027914015448322e-09,6.091434202131991e-05,-2.054400925515035e-07,0.001053544264530254,0.003017239588510169,0.001413310310117611,0.0037694273195230978
542.8571428571429,3.6,0.00018610558373474137,8.3001525223523e-10,5.2803010876478445e-05,-1.847458748859909e-07,0.0008856905924239174,0.0027261321120712638,0.0013254666029415725,0.003424904020407186
542.8571428571429,3.7,0.0001790471507303795,7.388511645481435e-10,4.7843737702843896e-05,-1.8755830374090073e-07,0.0008198695302370651,0.0025707846450773978,0.0014009747085353239,0.0033476230382001107
542.8571428571429,3.8000000000000003,0.0001724671551030461,7.509391334712554e-10,4.1022115120344716e-05,-1.800927271253031e-07,0.0008654908167229442,0.002291134762715013,0.0013988849537016504,0.003148353709820208
542.8571428571429,3.9000000000000004,0.00016629738062691612,7.493265877582483e-10,3.9206659045091894e-05,-1.6294804418618532e-07,0.0008961184433701506,0.0022732826445514575,0.0013146341786175468,0.003070401975922025
542.8571428571429,4.0,0.00016051967274123707,1.047172527441854e-09,4.017368189873052e-05,-1.4723870109186018e-07,0.0012976604587646274,0.002415773582679522,0.001232577656355553,0.003249366096165123
542.8571428571429,4.1,0.00015514370167454532,8.682057680460769e-10,3.0896805198817754e-05,-1.412079939740347e-07,0.0011137460988423198,0.001924798666181211,0.0012248986466676325,0.0028188709915914654
542.8571428571429,4.2,0.00015007669865984175,8.036168949455458e-10,3.234598997890313e-05,-1.3351285427986253e-07,0.0010662286675906128,0.0020849051318085313,0.0011989046635097443,0.0028910928322356633
542.8571428571429,4.3,0.0001453331555449272,7.719229761538253e-10,2.8732500058240098e-05,-1.254894918711699e-07,0.0010580845561665856,0.001914521062551097,0.0011654850238861762,0.0027389130159163402
542.8571428571429,4.3999999999999995,0.00014087693743059507,7.812212188567995e-10,2.4376016935452384e-05,-1.1721167549531131e-07,0.0011052096067299944,0.0016772509235111852,0.0011246446502131194,0.0025620909651558766
542.8571428571429,4.5,0.00013666447948561746,7.290568694783677e-10,2.2522638866659413e-05,-1.0974467591458525e-07,0.0010636820805495272,0.0015987456341287586,0.0010868062339631844,0.0024596143501554096
542.8571428571429,4.6,0.00013267724792930644,7.528625692936083e-10,2.1787810043934053e-05,-1.0601115393643879e-07,0.0011319124840125754,0.0015942555173033824,0.0010826798107378556,0.0024833984116678725
542.8571428571429,4.7,0.00012890789447343476,6.853262488028877e-10,2.2077615919268396e-05,-9.901618959756119e-08,0.0010610484583988956,0.001664009184983387,0.00104208079916892,0.002463049975695341
542.8571428571429,4.8,0.00012535931717675577,7.562032714914384e-10,1.9301519663976666e-05,-9.208108159356174e-08,0.0012043717404898549,0.001497310908910572,0.0009979443059455453,0.0023841637785125915
542.8571428571429,4.9,0.00012200375507671654,7.146389494009092e-10,1.6423319358817167e-05,-8.850688978675708e-08,0.0011700228876408828,0.0013100996183363382,0.0009867272549788106,0.0022433403484546357
542.8571428571429,5.0,0.00011881242617026549,nan,nan,nan,nan,nan,nan,nan
557.1428571428571,0.1,0.020733361427371772,nan,nan,nan,nan,nan,nan,nan
557.1428571428571,0.2,0.016039402947585015,-5.771508920873407e-08,-0.13689664301275473,7.805426575430294e-05,0.0007171698009165097,0.0660272303129904,0.005341738357477318,0.06646185231158934
557.1428571428571,0.30000000000000004,0.00997647803767071,4.807129669603608e-09,0.24553173421449442,-4.72941978615302e-05,9.48417723029377e-05,0.15308034533259426,0.004113755978013593,0.15319088451536983
557.1428571428571,0.4,0.006368870469901351,1.6821712044767982e-08,0.16386131530618933,-6.628418888203991e-05,0.0005181375760289062,0.1642476580286718,0.009154229793904458,0.1647578874612394
557.1428571428571,0.5,0.0043998760551938855,1.527208411490788e-08,0.0813339701042347,-4.379956968347598e-05,0.0006806442547828514,0.12770548637880294,0.00944371296129443,0.12840374588320558
557.1428571428571,0.6,0.003244221341528767,1.1578095326610965e-08,0.04213652423349306,-2.753937250712526e-05,0.0007000426503855464,0.0957675255050708,0.008591598157386712,0.09653776524693726
557.1428571428571,0.7000000000000001,0.002509931870198579,7.070310332289728e-09,0.02364578588671933,-1.7960817435154136e-05,0.000552916141906543,0.07288585887785567,0.007601713857069804,0.07367649725490624
557.1428571428571,0.8,0.0020121002577355844,7.309500747630093e-09,0.014329709090217954,-1.2308310934695793e-05,0.0007132507979843441,0.05709202413165195,0.006737787215679278,0.05788612527434788
557.1428571428571,0.9,0.0016575657361747695,4.2249213086390225e-09,0.00914310156934527,-8.961224289704462e-06,0.0005007624366006019,0.04544058644291865,0.006120965599920748,0.046260459347536725
557.1428571428571,1.0,0.0013944622303074074,5.661022241538448e-09,0.006266647903766376,-6.622692785750419e-06,0.0007978393002715204,0.037806331097481355,0.005494722561170132,0.03860491122447904
557.1428571428571,1.1,0.0011940252034777091,6.157285507153511e-09,0.004373265555610277,-5.0197634980447565e-06,0.0010137323056167353,0.03136166373359712,0.0049522420123968795,0.032150132304943464
557.1428571428571,1.2000000000000002,0.0010373208322041136,2.5430430972572445e-09,0.0031112598198618914,-3.934112115389073e-06,0.000482220256704569,0.026056902407085372,0.004533971306768686,0.02683856350570111
557.1428571428571,1.3000000000000003,0.0009117290591291368,1.84660551112027e-09,0.00233880384769825,-3.2823278880515723e-06,0.000398542806595166,0.022546581299526473,0.0043568412148828,0.023376725506542795
557.1428571428571,1.4000000000000001,0.0008095253245311426,2.693459935152715e-09,0.001796778988090257,-2.6855711174945875e-06,0.0006550979378086974,0.01970737874480496,0.004057285277349365,0.02053614028835271
557.1428571428571,1.5000000000000002,0.0007252893798140509,6.392454021096364e-10,0.0013368302918590964,-2.099675889196448e-06,0.0001736307500495668,0.016513755053102954,0.0035747527891142527,0.017271131074651894
557.1428571428571,1.6,0.0006544217380155502,4.625459702247591e-09,0.0011364745093248635,-1.7694358397386195e-06,0.0013919107571448825,0.015669256174910932,0.003364278095753852,0.01643471140123788
557.1428571428571,1.7000000000000002,0.0005949188413102982,5.247290882166883e-10,0.0008397567626230353,-1.5509291523175077e-06,0.00017386695510434637,0.012832042608631706,0.003266980098739052,0.013639569830421005
557.1428571428571,1.8000000000000003,0.0005438135122312765,1.1765961409307275e-09,0.0007013899583805607,-1.3287042776640779e-06,0.0004266611255973581,0.011789674652693163,0.003081827185218323,0.01257671601538148
557.1428571428571,1.9000000000000001,0.0004997220827360604,1.0568712703444746e-09,0.000569901955850484,-1.1408776387721096e-06,0.00041720927995086656,0.010479731434258894,0.0028959613618961917,0.011259308102039945
557.1428571428571,2.0,0.0004613296727993492,1.1860010225392255e-09,0.0004859620730515668,-1.0138680668118611e-06,0.0005073704312368942,0.009724646755469456,0.0028016336955334078,0.01051306244635941
557.1428571428571,2.1,0.0004277968835931537,9.175303842882769e-10,0.00038958413987580284,-8.582136353666744e-07,0.00042350914728133413,0.008444809923276899,0.002570002468766673,0.009203477604527568
557.1428571428571,2.2,0.00039815993578571626,1.5987950713651345e-09,0.00034610017342245387,-7.303049533579872e-07,0.0007929727451906606,0.008090292068410776,0.0023596338970760483,0.008787341792787288
557.1428571428571,2.3000000000000003,0.00037198398971250335,8.679403517975977e-10,0.00027898113881754007,-6.787091935806276e-07,0.0004609929853225369,0.007006760694468356,0.0023563903307017332,0.007772538886574484
557.1428571428571,2.4000000000000004,0.00034859785502746585,1.3284595596534418e-09,0.00023592639786176737,-6.14877252621849e-07,0.0007532175255688317,0.0063423804353544555,0.0022860772608878192,0.00715859097260681
557.1428571428571,2.5000000000000004,0.000327570984321046,1.505246109326064e-09,0.00022651080099961757,-5.212279838428789e-07,0.0009084991369025886,0.006497768065204273,0.0020687015617159446,0.007183690751545002
557.1428571428571,2.6,0.00030880922162462236,8.352090890806221e-10,0.00016826995725083497,-4.890201791194489e-07,0.0005349772392946393,0.0051369005591141385,0.002066054750341239,0.005933895218455215
557.1428571428571,2.7,0.00029173015850070705,9.838371652087883e-10,0.0001656550855514576,-4.485724517371537e-07,0.0006674054276761547,0.0053643179656345285,0.0020112716503443615,0.006108335660740888
557.1428571428571,2.8000000000000003,0.0002763076462323063,9.713802970721617e-10,0.00013287109887083218,-3.8317940231787635e-07,0.0006959631445583922,0.004554589061127534,0.001819561359815765,0.005277333919565389
557.1428571428571,2.9000000000000004,0.0002622138449526139,1.1729304343792297e-09,0.0001292382855897552,-3.5580938014602756e-07,0.0008857503948988134,0.004677332942176267,0.0017844828752583213,0.005388019624891052
557.1428571428571,3.0000000000000004,0.00024941242652881906,7.862344029950696e-10,0.00010079929635812308,-3.314165887973121e-07,0.0006245533067232015,0.0038441637731348277,0.001751908349031963,0.004615845282766405
557.1428571428571,3.1,0.00023761900106860544,9.592485512334964e-10,9.865291739095731e-05,-2.942346919147822e-07,0.0008000665822202165,0.003955413078808974,0.001636098272495061,0.004651777539233929
557.1428571428571,3.2,0.00022681210478230142,9.390612749736124e-10,8.806845971851255e-05,-2.696973303819638e-07,0.0008207929514907643,0.003706288610020939,0.001574597894910595,0.004401021857625979
557.1428571428571,3.3000000000000003,0.00021688589309318252,7.849587671185608e-10,6.98781426880301e-05,-2.5505821069888135e-07,0.0007178368800739395,0.003080882422704048,0.0015605476553929845,0.003857167906434219
557.1428571428571,3.4000000000000004,0.00020765846283094392,7.874001917351975e-10,6.857749184405571e-05,-2.406395171939237e-07,0.0007523476853410263,0.0031619157367045628,0.0015404368896388958,0.003912752201146741
557.1428571428571,3.5000000000000004,0.00019911680748714588,8.442593660712232e-10,6.777179357243594e-05,-2.2169461643444723e-07,0.0008416519760673616,0.003263618185771191,0.0014827784307700623,0.0039694893199035556
557.1428571428571,3.6,0.0001912528700790722,6.904773645419831e-10,5.256371325662144e-05,-2.0233484063814752e-07,0.0007169684572436507,0.002639843111185616,0.0014119696826105886,0.0033867583600811243
557.1428571428571,3.7,0.00018391456980356474,6.408311759110164e-10,4.942220597778997e-05,-1.8996421054317633e-07,0.0006922870916355293,0.002584128852934688,0.0013807671007216287,0.003312101888330906
557.1428571428571,3.8000000000000003,0.00017707049158783517,7.021880928422407e-10,4.2490459980202854e-05,-1.776328898920264e-07,0.0007881748602324911,0.0023103368061370027,0.0013432721899514545,0.0030931595692249353
557.1428571428571,3.9000000000000004,0.00017065131797190764,6.992311952326599e-10,4.555269268580305e-05,-1.594961087594694e-07,0.0008147411339636019,0.0025725739098209264,0.001253190949225552,0.0032284539252257116
557.1428571428571,4.0,0.00016468767128283813,5.02608890819688e-10,3.650629512494114e-05,-1.4723783112942812e-07,0.0006070922682563014,0.0021392331192514294,0.0012009261431731668,0.002798093380034401
557.1428571428571,4.1,0.00015908908754501804,5.803763738929282e-10,3.258893673296404e-05,-1.4162276086492152e-07,0.0007259702106401226,0.0019788328099554645,0.0011974451564712748,0.002703805067309057
557.1428571428571,4.2,0.00015381639317452758,7.345510503711651e-10,3.435525387374539e-05,-1.3177340886429495e-07,0.0009505559798958619,0.0021594978262744614,0.0011538115882253257,0.002868719208086773
557.1428571428571,4.3,0.00014888725134277458,7.253636374210722e-10,2.9769575584284566e-05,-1.305971774029392e-07,0.0009701421873006204,0.001935396804585488,0.0011830076277558946,0.0027360465546911674
557.1428571428571,4.3999999999999995,0.00014425580526686443,6.139315315703707e-10,2.5495149857748005e-05,-1.2070191655179387e-07,0.000847943819464398,0.0017123796448530028,0.001130034795042689,0.002491025902131311
557.1428571428571,4.5,0.00013987931068953175,6.705029945150179e-10,2.368496967265559e-05,-1.0974070350875067e-07,0.0009553613788453285,0.001641872895779816,0.0010609939797704923,0.0024207185751970637
557.1428571428571,4.6,0.00013573966580892563,6.424014084969302e-10,2.1535342955037998e-05,-1.0433062851351704e-07,0.0009436358009440409,0.0015395659907730484,0.0010405832300450478,0.002329450339043584
557.1428571428571,4.7,0.0001318153743578699,7.612883270323069e-10,2.480896386899999e-05,-1.0204254520423107e-07,0.0011518906878657917,0.0018276871186586247,0.0010492458192086344,0.0026209017415302293
557.1428571428571,4.8,0.00012813917254550416,5.543227493123437e-10,1.8816651535798566e-05,-9.679940470603905e-08,0.0008633536683515623,0.0014275005193789174,0.0010252571888833743,0.002210303575574463
557.1428571428571,4.9,0.0001246511372484964,5.998625792848543e-10,1.688177666315268e-05,-8.72343997622171e-08,0.0009607599363733186,0.0013174563506064246,0.0009510686219212656,0.0021137204021108593
557.1428571428571,5.0,0.00012133191971812018,nan,nan,nan,nan,nan,nan,nan
571.4285714285714,0.1,0.020874495617823213,nan,nan,nan,nan,nan,nan,nan
571.4285714285714,0.2,0.016423711120271686,-5.667830475250171e-08,-0.16288888899153062,8.024536484120127e-05,0.0006886573884066876,0.07803249092756602,0.005456151510773775,0.07841608934380953
571.4285714285714,0.30000000000000004,0.010344037732804854,2.552417813572568e-09,0.2361293813691902,-4.1969107303749014e-05,4.8627318946851616e-05,0.14377346242880346,0.0035695554355476555,0.1438620669787474
571.4285714285714,0.4,0.006625658159029925,1.78874296118824e-08,0.1671841620761621,-6.548261172593829e-05,0.0005301255830295874,0.16162369704622978,0.008732781444544101,0.16209572302667827
571.4285714285714,0.5,0.004579120206016619,1.4531623739122007e-08,0.08427500870565309,-4.422403660967774e-05,0.0006228590543623665,0.12719492416130318,0.009174602271104086,0.1278564951008245
571.4285714285714,0.6,0.0033753323400598427,1.1245972396390164e-08,0.043811070977721196,-2.7871582657535505e-05,0.0006541087202550747,0.09567573902112629,0.00836248415904333,0.09640610550207432
571.4285714285714,0.7000000000000001,0.002609655183880279,1.3431513310251082e-08,0.024748103644724136,-1.826090249502401e-05,0.001010694787348965,0.07332049455102063,0.007434866989260859,0.0740774656657166
571.4285714285714,0.8,0.0020914590641479564,7.1121852990145125e-09,0.014856915695153624,-1.2603278903272472e-05,0.0006681797523291212,0.05693056993477191,0.006638602514673153,0.057703365100962946
571.4285714285714,0.9,0.00172183210136717,8.017799213755825e-09,0.009584418807035342,-9.104052562457128e-06,0.0009152843014845224,0.04582647096150533,0.0059871900568335395,0.046611115366310726
571.4285714285714,1.0,0.0014480493266567371,4.761472168031525e-09,0.006530021735620368,-6.719205723944974e-06,0.000646694890199878,0.037924846042975954,0.005369289436575499,0.0386829510220185
571.4285714285714,1.1,0.0012395667693025079,3.3830727457938e-09,0.004516337404500804,-5.161033902121314e-06,0.0005369603952225125,0.031189112976752975,0.004906738702666858,0.03195623983098131
571.4285714285714,1.2000000000000002,0.0010762475859932867,3.9238799981691e-09,0.003266203663446925,-4.1393172719359045e-06,0.0007175713989248312,0.02634955812251071,0.004598939259398013,0.027149854632896098
571.4285714285714,1.3000000000000003,0.0009455904393185348,1.9480083585152273e-09,0.002415605465331356,-3.2847233352902084e-06,0.0004057284083584547,0.02244470042738311,0.004204808668765411,0.023222618816536825
571.4285714285714,1.4000000000000001,0.0008390893472970965,3.7063906375912786e-09,0.0018766244380968504,-2.6564127860521553e-06,0.000870022713311486,0.01984605977456044,0.0038729171198969244,0.020606358293795757
571.4285714285714,1.5000000000000002,0.0007513544996566266,3.971801747913972e-09,0.0014564177629591702,-2.193753352499682e-06,0.0010415578762765461,0.017357123739571163,0.003604667725263909,0.01812020546626161
571.4285714285714,1.6,0.0006781838296457484,-8.597781019941384e-10,0.0010903585209169466,-1.8586302152633937e-06,0.0002500317834483037,0.014511905118226443,0.0034118260272354476,0.015295065208536497
571.4285714285714,1.7000000000000002,0.0006159167448440397,1.5888755471132429e-09,0.0009142792816469443,-1.5735644562413634e-06,0.000508852035419811,0.013481289905194604,0.003203254287549878,0.014231155398043625
571.4285714285714,1.8000000000000003,0.0005627924528588005,1.9552969494547646e-09,0.0007309827682723729,-1.3030290077485992e-06,0.0006854353479337893,0.011868207422376055,0.002921149329826475,0.012585324622393756
571.4285714285714,1.9000000000000001,0.000516977988556285,1.7756409226188613e-09,0.0005886398458408714,-1.153696374382453e-06,0.0006778492832409846,0.010459270426438285,0.0028310226393168016,0.011219857212674562
571.4285714285714,2.0,0.0004770499227121782,1.5869674707571848e-09,0.0005019948182369303,-9.932221641998553e-07,0.0006568136781292429,0.009710177789944275,0.002654131510870296,0.010431097021602954
571.4285714285714,2.1,0.0004421418050504407,2.493067081811218e-09,0.0004236581193368514,-8.739048304048277e-07,0.001113335214200704,0.00888079211769331,0.0025318405046038414,0.009639938621089255
571.4285714285714,2.2,0.0004114702685820717,7.34819960862983e-10,0.00034385332676677925,-7.812175248432223e-07,0.0003529123809851749,0.00777699197042794,0.0024420918742738174,0.008516676388212817
571.4285714285714,2.3000000000000003,0.0003842372653813705,1.1171051127153122e-09,0.00029371712623387853,-6.773640420876581e-07,0.0005746659729407926,0.007138234488873984,0.0022772259700771843,0.007852142945476346
571.4285714285714,2.4000000000000004,0.0003599414334430081,1.0428197143778191e-09,0.00024868975346671417,-5.92910617459431e-07,0.0005728710410176077,0.0064722965696697825,0.0021350532468224197,0.007164894196631919
571.4285714285714,2.5000000000000004,0.00033813249903931285,1.0948651397345518e-09,0.00022896809128966953,-5.441981741079903e-07,0.0006403860330034117,0.006361259638810757,0.002092679675652188,0.007045163938007696
571.4285714285714,2.6,0.0003186132455485143,8.929048575275183e-10,0.00017472756551906445,-4.958214223363716e-07,0.0005545519208842132,0.005167428922552335,0.0020300397879464494,0.005937337162725231
571.4285714285714,2.7,0.00030084126771290636,1.4258392737779936e-09,0.00017746397237315754,-4.4166886021001404e-07,0.0009379333779867342,0.0055698868409454014,0.0019201353753600702,0.0062671523167940205
571.4285714285714,2.8000000000000003,0.00028484392960103,9.500342122958894e-10,0.00014028596148707784,-3.984891199006976e-07,0.0006604279286584911,0.0046631222688821115,0.0018349148970372095,0.005377239040830763
571.4285714285714,2.9000000000000004,0.00027024945110402444,8.080739122885563e-10,0.00012582466233641124,-3.5878136136211437e-07,0.0005922537651817802,0.004417319425154998,0.001745878830269954,0.0050950624339838315
571.4285714285714,3.0000000000000004,0.000256913219230383,1.0519646323224187e-09,0.00011089110500631796,-3.415311011973698e-07,0.0008112750461315507,0.004103286965183651,0.0017522055133121833,0.0048616436974427725
571.4285714285714,3.1,0.0002446858984068047,7.385494482325427e-10,0.00010292439310842547,-3.046692310558706e-07,0.0005983416869966752,0.004006192963396314,0.0016447262181602696,0.0046709574500065545
571.4285714285714,3.2,0.0002334878215143107,6.069706643934007e-10,8.746973366252846e-05,-2.770880180979828e-07,0.000515514168052407,0.0035747762430144176,0.0015713953725705995,0.004240677643838969
571.4285714285714,3.3000000000000003,0.000223164441958442,7.058999762989444e-10,7.489037947873692e-05,-2.578336395906664e-07,0.0006274797222695366,0.0032074640549998377,0.00153288834872505,0.003921868157560817
571.4285714285714,3.4000000000000004,0.00021358996619736065,6.809197386618352e-10,6.983755199549065e-05,-2.3174566224688735e-07,0.0006326274159428164,0.0031294211292180636,0.0014420030608640352,0.0037884349943586785
571.4285714285714,3.5000000000000004,0.0002047138659562342,8.956273158632999e-10,7.033044561609757e-05,-2.2079338237248106e-07,0.000868344658701494,0.0032927785358190043,0.0014359396168402501,0.003964878068575175
571.4285714285714,3.6,0.00019654107017126875,8.030771195901029e-10,5.444963630815777e-05,-2.1254458538032164e-07,0.0008113803795598185,0.002659792293688527,0.0014424902694165607,0.003448824367900232
571.4285714285714,3.7,0.00018891277074938487,8.131826532426313e-10,5.3266043754005235e-05,-1.9926903259326933e-07,0.0008551023854023643,0.002710173690801034,0.0014093053524896638,0.003471098482749077
571.4285714285714,3.8000000000000003,0.00018181713176504104,5.30831373887241e-10,4.2646278012697625e-05,-1.7350729619357046e-07,0.0005803380934634851,0.0022574587119508697,0.0012771614296953999,0.0029487615661309254
571.4285714285714,3.9000000000000004,0.0001751479555608242,8.702992574777533e-10,4.794637108562868e-05,-1.5854294378900671e-07,0.000987709460701424,0.0026370656395343925,0.0012133035080383473,0.0032975590929061986
571.4285714285714,4.0,0.00016895824306746362,7.570991950827487e-10,3.843869993250302e-05,-1.540578028176223e-07,0.0008911470575912474,0.002194641656502482,0.0012238898703094763,0.002933667995530815
571.4285714285714,4.1,0.00016315291757342809,7.981948715480483e-10,3.584039874476331e-05,-1.411070319704247e-07,0.0009732181773561639,0.0021212577790864304,0.0011626347249318373,0.00285487778955699
571.4285714285714,4.2,0.00015770599606684018,5.395974445771827e-10,3.3030597576172756e-05,-1.335297864049683e-07,0.0006810020502734392,0.002024517738783747,0.0011396656879921452,0.002675838490623061
571.4285714285714,4.3,0.000152589380536014,6.040290368810509e-10,2.8720024724602333e-05,-1.315198835401605e-07,0.000788104751091677,0.0018211117802033345,0.0011618979643042671,0.002576348379702837
571.4285714285714,4.3999999999999995,0.00014775996525243386,6.343811915357806e-10,3.0042927041173184e-05,-1.236329268328559e-07,0.0008551587198622675,0.001968874041931279,0.0011291673703638816,0.0026754063859040647
571.4285714285714,4.5,0.00014323097923926544,5.768213919173685e-10,2.311927907124901e-05,-1.0803850331062252e-07,0.00080244279048563,0.0015646510901482632,0.001019466664424515,0.002273911173649975
571.4285714285714,4.6,0.0001389331860168095,6.535729201568091e-10,2.428264126519224e-05,-1.0406008113517575e-07,0.0009375941632935151,0.0016953484081560605,0.0010133393826587392,0.002409772281559763
571.4285714285714,4.7,0.0001348782192070055,4.936113859936359e-10,2.089026087474506e-05,-1.0207499978396314e-07,0.0007297573399230358,0.0015036192196886317,0.00102503400530836,0.002212420836338691
571.4285714285714,4.8,0.00013103215500594894,7.407428511088972e-10,2.348495499318115e-05,-9.863294928503631e-08,0.0011275072458383707,0.0017411969946858077,0.0010207358363074287,0.002527220381914757
571.4285714285714,4.9,0.0001274209403548242,6.036978855291651e-10,1.770560114036808e-05,-9.364206333284542e-08,0.000945437175675474,0.0013512409331560057,0.0009977480489415083,0.002170416054796569
571.4285714285714,5.0,0.00012398678171510313,nan,nan,nan,nan,nan,nan,nan
585.7142857142858,0.1,0.02101045677728494,nan,nan,nan,nan,nan,nan,nan
585.7142857142858,0.2,0.016796452291988458,-5.588913632537495e-08,-0.1870329477158372,8.204408589458432e-05,0.0006647678890537427,0.08901898216608235,0.0055437943348586646,0.08936603612942687
585.7142857142858,0.30000000000000004,0.010712118329533603,-1.233797265937088e-10,0.2258311976918909,-3.676069175786611e-05,2.2724856681035154e-06,0.13445172454638382,0.003060725276274455,0.13452138237876726
585.7142857142858,0.4,0.006886096343997659,1.5380764594945184e-08,0.17012556358754166,-6.453785451988814e-05,0.0004390314560970929,0.1588159861140638,0.008320892536152836,0.1592519535176833
585.7142857142858,0.5,0.004761329994337132,1.4350616117256836e-08,0.0872174790321741,-4.46125236422215e-05,0.0005920784047715302,0.12665736097084695,0.008913998238340645,0.1272845488428313
585.7142857142858,0.6,0.003508738434998345,1.1144584899214273e-08,0.0455972747067778,-2.8217669867444965e-05,0.0006240789333021246,0.09576583593451565,0.008149441792242772,0.09645885967500273
585.7142857142858,0.7000000000000001,0.002712119622727336,5.760284668662878e-09,0.025676852649155528,-1.8679570353103517e-05,0.000417495970627177,0.07317972862564673,0.007322182487864679,0.07390991609642086
585.7142857142858,0.8,0.0021722693369478825,3.5556719703637397e-09,0.015531570094496962,-1.2852599786277836e-05,0.00032196541320872436,0.05726727524974822,0.006520747240900171,0.05800590284977161
585.7142857142858,0.9,0.0017877347521133983,4.1930140410069174e-09,0.009940798474103667,-9.064320406262931e-06,0.0004614291323016032,0.045762274065290875,0.0057454072888847504,0.04648029748507716
585.7142857142858,1.0,0.0015026081520199508,7.018885474783174e-09,0.006831720621014901,-6.931405306459122e-06,0.0009190466802119991,0.03821439737040788,0.005339468490774417,0.038964145835778195
585.7142857142858,1.1,0.0012857987581366523,2.886152198572793e-09,0.004698576736546699,-5.361064436877499e-06,0.0004419945370015582,0.031269474548174254,0.004913811378703199,0.032035394210476055
585.7142857142858,1.2000000000000002,0.0011159751316188208,2.2556226714724243e-09,0.00336978671331711,-4.133812900555591e-06,0.00039815419979547873,0.02620773034654756,0.0044314568855896,0.02694956914204462
585.7142857142858,1.3000000000000003,0.0009798493722341605,4.4753389845012145e-09,0.002568616346612,-3.257909245443608e-06,0.0008998177486738672,0.023016788401780914,0.004025518919994706,0.02372744877696832
585.7142857142858,1.4000000000000001,0.00086940977631562,3.2239065477561332e-09,0.0019260010887411304,-2.6681279896635933e-06,0.0007307294249871655,0.01965609351108369,0.0037552021207847863,0.020373980061463237
585.7142857142858,1.5000000000000002,0.0007782301912844908,2.123519893982198e-09,0.0014719850103810646,-2.3349599761828627e-06,0.0005379891850228409,0.016930854132087572,0.0037046879456421834,0.017731121779357373
585.7142857142858,1.6,0.0007017704563571723,3.836289824212483e-09,0.0011928187263664884,-1.893381806120161e-06,0.0010781891802496154,0.015327325253183866,0.0033577893778570836,0.016082253894818193
585.7142857142858,1.7000000000000002,0.0006372389086935187,3.5334015507934427e-09,0.0009463072650225705,-1.5395447883980694e-06,0.001093768927415381,0.013484569725758578,0.0030288232292013106,0.014190753731318258
585.7142857142858,1.8000000000000003,0.0005821704336800908,1.9737654723758122e-09,0.0007494311408340336,-1.3724839855669207e-06,0.0006691726242306608,0.011760599213417995,0.002973979098174832,0.012507941046088652
585.7142857142858,1.9000000000000001,0.0005345962700750032,1.4018967963748207e-09,0.0006071937067491055,-1.1610672584218366e-06,0.000517829952728118,0.010429827274305817,0.0027554849072511964,0.011146068319365989
585.7142857142858,2.0,0.0004930940435374067,2.135710197970119e-09,0.0005403698708287152,-1.0070727757033966e-06,0.0008553403507652836,0.010107999271167793,0.0026039342869557747,0.010791858223825203
585.7142857142858,2.1,0.00045699551570809734,2.9665351508331275e-10,0.00040335767569581307,-9.183522838699595e-07,0.0001282904864630228,0.008180136851829847,0.0025745657615467116,0.008954768287601798
585.7142857142858,2.2,0.00042493056463574616,1.7433290108406307e-09,0.00038529081220907527,-7.899521224590835e-07,0.0008109040540219736,0.008430953892667452,0.0023913534087407753,0.009120070787888984
585.7142857142858,2.3000000000000003,0.0003967185216854857,1.4280467509351052e-09,0.00029913534731981247,-6.742809912796037e-07,0.00071170784860771,0.0070396288762196646,0.0021954779056906283,0.007726781299184478
585.7142857142858,2.4000000000000004,0.0003714978322084234,1.521654679951321e-09,0.0002640312891470533,-6.043522430487595e-07,0.0008100425325855094,0.00665538094932645,0.0021083733014614454,0.0073376249864575286
585.7142857142858,2.5000000000000004,0.00034891745562283164,1.1299212074146656e-09,0.00022624159162944055,-5.632552975103362e-07,0.0006406641219766483,0.006089984167189193,0.002098915920867484,0.006805090282982669
585.7142857142858,2.6,0.00032859949495353427,1.1379700815359372e-09,0.00019618302477622266,-5.11388405834791e-07,0.0006854382107778866,0.005622619952505045,0.002029696772697749,0.00635004083839636
585.7142857142858,2.7,0.00031024336453199913,3.6307153541548407e-10,0.0001686863392411314,-4.4061105354168925e-07,0.0002317538291296248,0.005133493563798221,0.0018577655068634283,0.005771399428549116
585.7142857142858,2.8000000000000003,0.0002935740975028753,1.1104593134806591e-09,0.00015451398250076778,-4.0756926955134633e-07,0.0007490949101888405,0.00498041215914002,0.001821101649353984,0.005656719092719753
585.7142857142858,2.9000000000000004,0.00027844997029875915,7.26592706686757e-10,0.00013028554969615288,-3.6677126466351095e-07,0.0005170322868937578,0.0044379102517679335,0.001731918846186722,0.005095238519244315
585.7142857142858,3.0000000000000004,0.00026462869859160453,7.84811601015025e-10,0.00010960932377443658,-3.2981727057310055e-07,0.0005877544216459305,0.003936409964663769,0.001642850571778289,0.004608545830568799
585.7142857142858,3.1,0.0002519035201221943,1.124104428222308e-09,0.00011090681576979156,-3.199574158221546e-07,0.0008845520712564779,0.00419103507518478,0.0016773384841821902,0.004896339055787542
585.7142857142858,3.2,0.0002402874098104819,8.017363954882248e-10,9.157525445847944e-05,-2.931097894163686e-07,0.000661756375042637,0.0036353304794652253,0.0016145262430882193,0.0043436090033610935
585.7142857142858,3.3000000000000003,0.0002295870520433543,7.081443032409712e-10,7.737384995224675e-05,-2.5216044324300435e-07,0.0006119698779781987,0.003220054268064757,0.0014569395533504913,0.0038715116356623502
585.7142857142858,3.4000000000000004,0.00021966043277574918,8.86636818954327e-10,7.598920020485566e-05,-2.34825169011165e-07,0.0008009597242097753,0.003309820807773871,0.001420531811917297,0.00395376675041879
585.7142857142858,3.5000000000000004,0.0002104937055101926,4.3219077427684104e-10,6.661853085415387e-05,-2.239277483374302e-07,0.0004076607808347952,0.003032796121373601,0.0014160248322865143,0.0036570879504537073
585.7142857142858,3.6,0.00020199316355317757,6.767171910074831e-10,5.843057425613747e-05,-2.1262055345104187e-07,0.0006653016288608613,0.002775882258071044,0.0014038694530323272,0.0034770457935369625
585.7142857142858,3.7,0.0001940769273387239,5.125083309173425e-10,5.1141375142303815e-05,-1.9565763665632617e-07,0.0005246842482465084,0.002531836931641507,0.0013464995757076416,0.003211170195356142
585.7142857142858,3.8000000000000003,0.00018667210487569328,1.0500820229447537e-09,5.549228304408835e-05,-1.6861138933072993e-07,0.0011176640804943282,0.0028592931578743136,0.0012083202224032353,0.0035135175934142273
585.7142857142858,3.9000000000000004,0.00017982220524310355,5.924771188417555e-10,4.110192813881112e-05,-1.599792076474915e-07,0.0006549421575260942,0.002201824861094339,0.001191926983555897,0.0028492739104718167
585.7142857142858,4.0,0.00017338332489190192,7.835988137116718e-10,4.351999736986703e-05,-1.581892372383227e-07,0.000898576335927337,0.0024201681494803095,0.0012240702286658645,0.003108271087382783
585.7142857142858,4.1,0.00016737964451439896,5.489013409918488e-10,3.2975674972151056e-05,-1.4695182502850356e-07,0.0006523510990340817,0.0019018942561350796,0.001179598553838224,0.002612598173153507
585.7142857142858,4.2,0.00016170572088661751,8.374463585910296e-10,3.8298370243390605e-05,-1.4216564475789184e-07,0.0010303302242861908,0.002288113967173348,0.0011827141851135287,0.0030157373203229926
585.7142857142858,4.3,0.00015641478096126997,5.012631417769867e-10,2.697497513738666e-05,-1.3177129462483382e-07,0.0006380006120088409,0.0016681521834530882,0.0011348495614883053,0.002401154626945828
585.7142857142858,4.3999999999999995,0.0001513935907872963,7.356231012615786e-10,3.279658270881997e-05,-1.190452386196091e-07,0.0009674554297072591,0.0020967700435511123,0.001060633630048306,0.002753598013215125
585.7142857142858,4.5,0.00014670036644041083,6.569260567115795e-10,2.5294635977145542e-05,-1.156804854935704e-07,0.0008919702907227763,0.0016707864478017296,0.0010649611129258366,0.0024197980696286352
585.7142857142858,4.6,0.0001422600884532968,5.024558715180095e-10,2.2199060750803346e-05,-1.0916022756014012e-07,0.0007038392707512723,0.001513224628502924,0.0010375197519140586,0.0022221910283733745
585.7142857142858,4.7,0.00013804180107369082,5.973319627363095e-10,2.527957827392756e-05,-9.973375715301208e-08,0.0008625686122920495,0.001776997227316269,0.0009779480590852475,0.0024113292121438635
585.7142857142858,4.8,0.0001340763094768241,4.808407342325511e-10,2.0312923130257756e-05,-9.346513531555028e-08,0.0007151418675859396,0.0014715052232196042,0.0009447688717050735,0.002112328562185021
585.7142857142858,4.9,0.00013031394711125998,6.319442543463896e-10,1.8237439898516856e-05,-9.252915069612453e-08,0.0009672428341747129,0.001360228363212019,0.0009633133269877094,0.0021544662987044005
585.7142857142858,5.0,0.00012673395914468102,nan,nan,nan,nan,nan,nan,nan
600.0,0.1,0.02114180828377562,nan,nan,nan,nan,nan,nan,nan
600.0,0.2,0.017157787517516378,-5.480863445499861e-08,-0.20935930045308246,8.349191776585254e-05,0.0006388779789785337,0.09902620326651357,0.005607857983161658,0.09934532319526423
600.0,0.30000000000000004,0.011080173746726313,-1.7511865726680906e-09,0.21471134845791323,-3.174107254549018e-05,3.1218467653420164e-05,0.12513929796526188,0.0025899332716611866,0.1251928926837887
600.0,0.4,0.0071496734605153815,1.447080257120762e-08,0.17272953055199824,-6.342281175107152e-05,0.0003982124943379751,0.15589063357696173,0.007914485638650097,0.15629243864008902
600.0,0.5,0.004946468479824432,1.4996015110342703e-08,0.09011554358848374,-4.492767547159709e-05,0.0005960291139754026,0.1260414815951438,0.008654345975919917,0.12663572063973705
600.0,0.6,0.0036444189350183197,9.882731044417885e-09,0.04733902396619132,-2.8756937394028045e-05,0.0005332686032219135,0.09570266981236594,0.008000779042061049,0.09637069220036602
600.0,0.7000000000000001,0.0028157596298741205,8.486855814612588e-09,0.02667049323587778,-1.8888938112568333e-05,0.0005929247973740031,0.07318174367827918,0.007134682021450746,0.07387642751719332
600.0,0.8,0.002253805257088699,1.1609346708253626e-08,0.01626422357075747,-1.3002215441766896e-05,0.0010134935440116385,0.057761406187518106,0.006358697834908708,0.05846600114797106
600.0,0.9,0.0018544931200108524,5.864888088576968e-09,0.010341842005725728,-9.243737310815012e-06,0.0006225997712347113,0.04588613844607216,0.005648834362292782,0.0465805108524207
600.0,1.0,0.001558599402990263,3.1224598763759367e-09,0.0069914071653893,-6.988179123156873e-06,0.00039451814393827314,0.03769982800124051,0.005192915977935103,0.038410485919821456
600.0,1.1,0.0013326197576235667,5.582083063474079e-09,0.004952289614492798,-5.526607103036406e-06,0.000825160917928447,0.03177397351103526,0.004887949898551219,0.0325276865399607
600.0,1.2000000000000002,0.0011561630084017983,3.250528027237279e-09,0.0035315380456388996,-4.176647500188994e-06,0.0005541897786180806,0.02650071804380733,0.0043218353653129175,0.027202053323193066
600.0,1.3000000000000003,0.001015021639636419,2.793527487809838e-09,0.002650787457489085,-3.2739891094228966e-06,0.0005425648790818528,0.022927454331490463,0.003907327976199128,0.023590187845749993
600.0,1.4000000000000001,0.0009003881454459305,1.8320079595324225e-09,0.0019784603063848108,-2.7825261808377657e-06,0.0004012696861937625,0.019491804205213754,0.00378299727210621,0.020216666027240315
600.0,1.5000000000000002,0.0008055392543192902,1.942197225452565e-09,0.0015449636166601879,-2.2858594032337004e-06,0.00047569074036898906,0.01715886225817669,0.0035047460162614596,0.017866709964415788
600.0,1.6,0.0007261399993592518,2.5944407256526135e-09,0.0012541430501089013,-1.9004876694960705e-06,0.0007049935954994255,0.015568987400479914,0.0032583254795240696,0.016251884644773635
600.0,1.7000000000000002,0.0006592821749003024,3.3335139411585187e-10,0.0009526873340104703,-1.6629109716926354e-06,9.984084020980053e-05,0.013119885075207602,0.003163067482468302,0.01386186655459234
600.0,1.8000000000000003,0.0006019512237814578,1.0027119452414352e-09,0.0007880380318123604,-1.404229522256393e-06,0.0003290288346944729,0.011952970394376712,0.0029440290479340997,0.012661610296209014
600.0,1.9000000000000001,0.0005525006529807367,1.5759811212292518e-09,0.0006523941406695034,-1.1517570839475688e-06,0.0005635426205772484,0.010837990104433435,0.0026455544395034424,0.01147943928829962
600.0,2.0,0.0005095740235867107,1.1014521049268902e-09,0.0005262373706759891,-1.0176470126902424e-06,0.0004271236998866134,0.009524647035925527,0.0025472464082230053,0.010192068697883652
600.0,2.1,0.00047190976789944446,2.3851457668890744e-09,0.0004501129908026138,-9.04301313175971e-07,0.0009988788626722515,0.008833122764665835,0.002454704700075698,0.009543215762367456
600.0,2.2,0.0004387466421202044,1.8872604714877933e-09,0.0003907699761072317,-8.140231152451716e-07,0.0008503300703870017,0.008280607918895585,0.0023863419434690895,0.008982248297469866
600.0,2.3000000000000003,0.00040949121610203666,5.797647330268157e-10,0.00031289826613884315,-7.187984448658484e-07,0.00028012384259696856,0.0071316389939029496,0.0022670487673304646,0.007824178189014966
600.0,2.4000000000000004,0.00038336477274525735,8.62446101962249e-10,0.000269467898265089,-6.06664454175132e-07,0.00044513396796102547,0.006580553810901362,0.002051846514159551,0.007205690872007941
600.0,2.5000000000000004,0.00035993300837112893,8.131483650088285e-10,0.00023167391537039374,-5.668518708706362e-07,0.0004471629148240452,0.006043171721579623,0.002047983234742192,0.006716274993511191
600.0,2.6,0.00033881798315070445,1.1454266462892335e-09,0.00020165996525293753,-5.124456951385912e-07,0.0006692827464724536,0.005602708297456421,0.0019726129254075686,0.006294496260073776
600.0,2.7,0.00031971955758280934,1.5503939365016011e-09,0.00019097577394962823,-4.69576004314387e-07,0.0009602283817390883,0.005636530038155715,0.0019206413889904768,0.006330105536745455
600.0,2.8000000000000003,0.0003025308897544105,3.619187927089754e-10,0.00014565517933366027,-4.1000741864499723e-07,0.00023706705710997765,0.00455571690499211,0.0017775516633947452,0.0052086598218805315
600.0,2.9000000000000004,0.0002867987737193483,1.118604590608103e-09,0.00014376859014002044,-3.7919077112284676e-07,0.0007728683319432514,0.004752195395872778,0.0017386648442417006,0.005406162911000667
600.0,3.0000000000000004,0.0002725043435856863,3.398203243132069e-10,0.00011406374525437183,-3.434249630255143e-07,0.0002472856120004977,0.003977135040542078,0.0016609586299287237,0.004625615682833963
600.0,3.1,0.000259350550904568,3.4007748040496733e-10,0.0001053859555752033,-3.005027412621398e-07,0.0002600680161445645,0.003867312872466774,0.0015307207743301908,0.004439589666230498
600.0,3.2,0.00024725061777920173,8.67626417520155e-10,0.00010034967199905688,-3.0135872283483124e-07,0.0006960414902246582,0.003869267740093681,0.0016132098947431116,0.004545393154572879
600.0,3.3000000000000003,0.000236154181373826,5.250674696696161e-10,8.541006752699349e-05,-2.6592345659531247e-07,0.0004412852728557024,0.0034543924821763597,0.001493334327928019,0.004072794488172996
600.0,3.4000000000000004,0.00022591184564372022,3.973616201894254e-10,6.922373493685657e-05,-2.307970520724046e-07,0.00034917623292967683,0.002931294061114979,0.001357790040078149,0.0035215900528371767
600.0,3.5000000000000004,0.000216361747262983,9.138082729190378e-10,7.717136020258011e-05,-2.3252249250699057e-07,0.0008384794667454905,0.003415994410681992,0.001430282310013077,0.004057521485172581
600.0,3.6,0.00020758336248427158,3.6662841138857853e-10,5.406997594246855e-05,-2.0822955853182718e-07,0.0003508684264380169,0.0024990543211294964,0.001337450645401622,0.0031537167929916485
600.0,3.7,0.00019934567746498485,9.56438574016548e-10,6.333879943096057e-05,-1.8084274240576895e-07,0.0009530389565693744,0.003051246432900407,0.001211482922292617,0.003626812621164708
600.0,3.8000000000000003,0.00019174138044000772,4.0808061846691046e-10,4.8028520807511566e-05,-1.824807849209195e-07,0.0004229777707577877,0.0024093083641579236,0.0012728251568447228,0.0030370783243028393
600.0,3.9000000000000004,0.0001846173686231057,4.881267095668271e-10,4.749680353837955e-05,-1.7622973801571427e-07,0.0005256533472298157,0.00247712848574387,0.0012786415440411817,0.0031116435163163632
600.0,4.0,0.0001779683248415875,2.1954897738975497e-10,3.991110771356289e-05,-1.6042856601492634e-07,0.0002453799147888969,0.0021618284352779927,0.0012093349481798075,0.0027674348266827197
600.0,4.1,0.0001717183921372049,4.690012816718325e-10,4.0789369369314376e-05,-1.4318820168675434e-07,0.000543360751413065,0.0022919454574639427,0.0011202446216093162,0.002838688237664533
600.0,4.2,0.00016587635312651546,2.7108288607937577e-10,3.0816587106256966e-05,-1.3954950520891354e-07,0.00032523390478547643,0.001794600259338218,0.0011317241312761535,0.002426513177846833
600.0,4.3,0.0001603424799868886,5.898913882580868e-10,3.6873663841979845e-05,-1.2785784227369852e-07,0.000732316952595708,0.002222960846857777,0.0010737894276941226,0.0027899624577719774
600.0,4.3999999999999995,0.00015517734348568152,4.824828092406155e-10,2.9161319926781228e-05,-1.1749320649092284e-07,0.0006190503617603842,0.0018186895905043874,0.001021028413849979,0.002403300484912922
600.0,4.5,0.00015030382018374225,4.776853729267092e-10,2.5923602257663078e-05,-1.1656577848635589e-07,0.0006330116701216611,0.0016705790726501963,0.0010469193963221835,0.0023202626267899537
600.0,4.6,0.00014568953290437962,6.908618351861905e-10,2.520417975502404e-05,-1.0706151904693217e-07,0.0009446083345170372,0.0016768821793226966,0.0009931188261785248,0.0023826012580349045
600.0,4.7,0.00014132728742256723,5.960433052718018e-10,2.5355276903272135e-05,-1.0315995192356926e-07,0.0008404462107463117,0.0017403636622209202,0.0009873468440239263,0.002384307675352504
600.0,4.8,0.00013721859470978756,6.165435188960484e-10,2.2602008586060826e-05,-9.73851142908296e-08,0.0008956378313734823,0.001599267133634359,0.0009612198425087733,0.0022820406790799402
600.0,4.9,0.0001333359220828685,4.516716023539004e-10,1.9123395901445968e-05,-9.327413964317122e-08,0.0006755428905187601,0.001393644639918611,0.0009484795787323116,0.0020488608058745143
600.0,5.0,0.0001296444834149639,nan,nan,nan,nan,nan,nan,nan
614.2857142857142,0.1,0.021269113553707805,nan,nan,nan,nan,nan,nan,nan
614.2857142857142,0.2,0.017507937307441237,-5.388527351610883e-08,-0.22988892822704757,8.468295502080335e-05,0.0006161785776728288,0.10808580604289995,0.005654962519423322,0.10838301687153361
614.2857142857142,0.30000000000000004,0.011447871778904193,-2.3131290048692578e-09,0.2028397551680487,-2.675741730220209e-05,3.9954569490807983e-05,0.11585588388064287,0.002141799119081817,0.11589547891555402
614.2857142857142,0.4,0.007416203802047636,1.637763626975571e-08,0.17501315513676616,-6.231026348336099e-05,0.000434860977633939,0.1528783327738483,0.00753397593894273,0.15324978082424295
614.2857142857142,0.5,0.005134667376558741,1.2091020808018703e-08,0.0928985367855065,-4.5245019594533445e-05,0.00046336161194421,0.1252642716747576,0.008409458600076311,0.12582841670339692
614.2857142857142,0.6,0.00378211631892491,1.2080072354329563e-08,0.049156638712056264,-2.917883947062167e-05,0.0006285429653855722,0.09573480638000179,0.007827501097311307,0.0963747257621654
614.2857142857142,0.7000000000000001,0.002921131648411642,6.786921959129437e-09,0.027756345376139753,-1.9123766228765854e-05,0.0004574428676439234,0.07338839695979966,0.0069652530775799705,0.0740479274738717
614.2857142857142,0.8,0.0023377104316597715,3.778269436963225e-09,0.016815918893684983,-1.3230496433932359e-05,0.00031831226663655334,0.05756645340797495,0.006242207271390125,0.058240262567313635
614.2857142857142,0.9,0.0019224484038447508,3.0170219045310073e-09,0.010804151464030964,-9.539044350334812e-06,0.0003092479932826495,0.04621680819707012,0.005625528871227157,0.046897570772995674
614.2857142857142,1.0,0.0016152278906700398,3.996559162286478e-09,0.007257258024035111,-6.995211530873115e-06,0.000487617606758942,0.037750079583520404,0.005019116989780381,0.03841470226627755
614.2857142857142,1.1,0.0013805799577356799,3.1029195135791153e-09,0.005108223345023899,-5.541622786953785e-06,0.0004430875059255398,0.031625403291574365,0.004732908764379429,0.032328985611004085
614.2857142857142,1.2000000000000002,0.001197014258251559,3.4480518617385334e-09,0.0037315455921812886,-4.3261504858133406e-06,0.0005681427068211095,0.027028826336878604,0.004324328279996508,0.027717861920263827
614.2857142857142,1.3000000000000003,0.001050764014689251,1.7053914917616462e-09,0.0027226622624712837,-3.42500730583582e-06,0.00032022603094010595,0.022745445542546764,0.003950419250500932,0.023423694459869235
614.2857142857142,1.4000000000000001,0.0009317403937516558,6.380624298815292e-10,0.0020527911320733718,-2.7873348929692208e-06,0.00013518867541852076,0.019536176566538176,0.0036636985454176593,0.020212022285766157
614.2857142857142,1.5000000000000002,0.0008332446841347942,2.4220778144376366e-09,0.001629004554251146,-2.2555562037265646e-06,0.0005738055594340579,0.01748345961144771,0.0033452519512754677,0.01812131435741308
614.2857142857142,1.6,0.0007510390200604441,7.241192499611482e-10,0.0012560116017750528,-1.9416136790594748e-06,0.00019041636236752902,0.015073742751557328,0.0032198639600823603,0.0157476673438976
614.2857142857142,1.7000000000000002,0.0006813934720038445,2.879395377999029e-09,0.0010188725026445404,-1.65786440812537e-06,0.0008345945917236198,0.013566172667866727,0.0030516956556193913,0.014260549839889102
614.2857142857142,1.8000000000000003,0.0006219366489736903,2.4571518102557555e-09,0.0008246838743184878,-1.3895605067470757e-06,0.0007805746937856296,0.012102902481487744,0.002819355010657948,0.012766638973560148
614.2857142857142,1.9000000000000001,0.000570726664686721,2.0474980851465105e-09,0.0006762109380125508,-1.1842893063009696e-06,0.0007089881976981556,0.010872665875671149,0.002633530338389141,0.011514707620903416
614.2857142857142,2.0,0.0005262787897798773,1.4475094246750734e-09,0.0005479869659980279,-1.0674463728734439e-06,0.0005437539553775273,0.009601565861634041,0.0025873763686190513,0.010289546554880909
614.2857142857142,2.1,0.0004873107845330138,-1.5604864564269055e-10,0.0004605095516775126,-9.110322509198278e-07,6.335375439322938e-05,0.008750296622634681,0.002395591814662922,0.009383465509461182
614.2857142857142,2.2,0.00045294787480292545,4.732348012864431e-10,0.000379726477902129,-7.965148589131762e-07,0.0002066975335784465,0.00779228553839657,0.002263623921503403,0.008426768318774204
614.2857142857142,2.3000000000000003,0.00042238222985185837,2.1395635655154415e-09,0.000359113778986372,-7.512488235255904e-07,0.0010021476133804529,0.007928368780681884,0.002296891415276993,0.008626398536390582
614.2857142857142,2.4000000000000004,0.000395407722690655,5.894385683392126e-10,0.0002681294235894746,-6.448992067569024e-07,0.0002951475824948616,0.006348028033364836,0.0021144449640909686,0.007023270393497442
614.2857142857142,2.5000000000000004,0.0003711145097653464,8.356068612438548e-10,0.00024489350478958826,-5.700199808615717e-07,0.0004458743269003464,0.0061934426349375925,0.0019979692516450425,0.006822118281640216
614.2857142857142,2.6,0.00034927023188793365,2.177509442660331e-10,0.0002086203548915292,-4.907978051119587e-07,0.00012352155186414582,0.005621455087364779,0.0018332053720920786,0.006191712101314853
614.2857142857142,2.7,0.0003295121575594362,7.045022104967941e-10,0.00018074597531108442,-4.6067221606177824e-07,0.00042355746788631245,0.005174960784206721,0.0018292486884184582,0.005801027630932386
614.2857142857142,2.8000000000000003,0.0003115615429840496,1.2505648689193361e-09,0.0001764935382418946,-4.2366630717593984e-07,0.0007954476471435618,0.005356207174542851,0.001783002493615337,0.005973264437512168
614.2857142857142,2.9000000000000004,0.00029537586379108197,7.538426775238985e-10,0.00012591550682482632,-3.8266346427526186e-07,0.0005058928137848629,0.004041432893766115,0.0017038070707840805,0.00473233815811609
614.2857142857142,3.0000000000000004,0.0002804493396663626,1.1754279290474817e-09,0.00013441697127281025,-3.6239280665842255e-07,0.0008310977529237131,0.004550709375762767,0.0017023756479349484,0.005214963565638198
614.2857142857142,3.1,0.0002668669852543713,1.0012701660056022e-09,0.00011062615213619788,-2.9495811642958084e-07,0.0007441731920865206,0.0039446037657925904,0.0014598710409996843,0.0045139937440834286
614.2857142857142,3.2,0.000254390892363742,8.028713311523179e-10,9.136678576482088e-05,-2.874533236301009e-07,0.000626115442218361,0.0034236826139333884,0.0014955058612457109,0.004072677098663065
614.2857142857142,3.3000000000000003,0.0002428284673307609,1.205631354473138e-09,9.783104221133646e-05,-2.7877774210927384e-07,0.0009851787664371496,0.0038456975130796863,0.001521824603222617,0.004515735467218298
614.2857142857142,3.4000000000000004,0.0002322443527198932,9.132161340919958e-10,7.560423910171059e-05,-2.4473939072413653e-07,0.0007805667533922052,0.003113483354434254,0.001399917438363948,0.0037712863486231564
614.2857142857142,3.5000000000000004,0.0002224162805000426,4.26505068975222e-10,6.601752599467838e-05,-2.3203121822050668e-07,0.00038083071171355796,0.0028425890757525223,0.0013882923609367793,0.003475637501731541
614.2857142857142,3.6,0.00021324838354013878,9.577050229143915e-10,7.291325567284917e-05,-2.1588445551899052e-07,0.0008920223923976347,0.0032782337474992177,0.001349357974302933,0.00389667221323675
614.2857142857142,3.7,0.00020480961913696346,1.6953765223713787e-10,5.230830294048252e-05,-1.9347818808353447e-07,0.00016451820419361164,0.0024529284617361134,0.001261461623956869,0.0030375146312961177
614.2857142857142,3.8000000000000003,0.00019689393776319296,5.624603368586247e-10,5.33893309515379e-05,-1.8148935584914485e-07,0.0005678032024543109,0.00260677848904326,0.001232812402283065,0.003187059366579467
614.2857142857142,3.9000000000000004,0.00018951214969893784,6.656095306965492e-10,4.677690703433598e-05,-1.7295161374608525e-07,0.0006982458413380245,0.0023757413542409424,0.0012221614859492954,0.0030197767521245693
614.2857142857142,4.0,0.00018259813070502608,8.427794574853927e-10,4.6874259617649555e-05,-1.5914809956567693e-07,0.0009178007989078754,0.0024734171234991947,0.0011686603855207086,0.003113147084007723
614.2857142857142,4.1,0.00017615285430729082,7.205880191705266e-10,3.9473049483323946e-05,-1.483651824132599e-07,0.0008136735428089177,0.0021617444456257756,0.0011310050003912676,0.002809545924928299
614.2857142857142,4.2,0.0001701023084043888,6.462900884536161e-10,3.3880250862412455e-05,-1.3675389339002973e-07,0.0007560232474129969,0.001923343847912329,0.0010809382806414958,0.002570540379189458
614.2857142857142,4.3,0.0001643905650101109,6.779750435130193e-10,3.8074044767059114e-05,-1.2745446870249035e-07,0.0008207658440553913,0.0022383026499878337,0.001043664139882124,0.0028039481089104173
614.2857142857142,4.3999999999999995,0.0001590595620635036,4.461846252862045e-10,2.7620162097876466e-05,-1.3106966141752455e-07,0.0005585260460621409,0.001680154946616169,0.0011107230512230528,0.0023669143165321992
614.2857142857142,4.5,0.00015400476073787505,4.100403208995485e-10,3.100101544784158e-05,-1.1207420299040642e-07,0.0005303379514956871,0.0019490192884766408,0.0009820475771694646,0.0024512791390005877
614.2857142857142,4.6,0.00014925996956672492,3.6356971322721493e-10,2.1923686674063717e-05,-1.0030238768419887e-07,0.00048525615746445076,0.0014235720096587854,0.0009081037174223911,0.0019777096673257804
614.2857142857142,4.7,0.00014473441526231543,4.809380667109887e-10,2.778441927830314e-05,-1.085969327416864e-07,0.0006621075866463241,0.0018614782891190694,0.0010146095745661267,0.002441792999981528
614.2857142857142,4.8,0.00014048670515068898,2.8565256661007676e-10,2.110798934459054e-05,-1.0424649644717048e-07,0.0004053624967912412,0.0014583946262079134,0.0010046132895176697,0.0020759887674329973
614.2857142857142,4.9,0.00013645007493250842,4.331910692513454e-10,1.9791502054274575e-05,-9.015135789804746e-08,0.0006330445624519647,0.001408781139328864,0.0008955209460305594,0.0019973295286801495
614.2857142857142,5.0,0.00013261135973487062,nan,nan,nan,nan,nan,nan,nan
628.5714285714287,0.1,0.021392829680868652,nan,nan,nan,nan,nan,nan,nan
628.5714285714287,0.2,0.017847090102770972,-5.161731716417032e-08,-0.24862527807350712,8.557841713982182e-05,0.0005795727970732311,0.11621897700417338,0.005682732571006412,0.11649795457204751
628.5714285714287,0.30000000000000004,0.011815097743938222,-5.6300773307793315e-09,0.19029711332233484,-2.1945003785189482e-05,9.432549820878415e-05,0.10662640925020545,0.0017248298724203076,0.10665434882399075
628.5714285714287,0.4,0.007686076518328821,1.2867351526318225e-08,0.17682785358405728,-6.103399360905709e-05,0.00032995731437659683,0.14966262439494374,0.007157882674827145,0.15000493519009467
628.5714285714287,0.5,0.005325333828559992,1.5701329336842102e-08,0.09576878849289759,-4.547158956629243e-05,0.0005805823734898507,0.12460035788678377,0.008162191325952882,0.1251352428210771
628.5714285714287,0.6,0.0039222790237201394,1.082095623249278e-08,0.05086645341829849,-2.9492193173653904e-05,0.0005433083703552722,0.09551786809213639,0.007633655088300599,0.09612753866019008
628.5714285714287,0.7000000000000001,0.0030278887530632717,1.2231524500824562e-08,0.028888819921973848,-1.951889245614518e-05,0.0007957017631255225,0.07365314845595522,0.006860155605981558,0.07429362616434454
628.5714285714287,0.8,0.0024223866816261426,8.05922478323797e-09,0.017413479624566252,-1.3449558368811656e-05,0.000655612357895787,0.05751030187931867,0.006124572709330828,0.05816257758694976
628.5714285714287,0.9,0.001991019406434676,9.867690378802698e-09,0.011301987142544113,-9.729488207964574e-06,0.0009768190907718758,0.04665641215859524,0.005540409919930377,0.04731983997448149
628.5714285714287,1.0,0.0016726720026686505,2.5085070442813716e-09,0.007484880782549027,-7.174739627204206e-06,0.0002958118075544729,0.03759320857626509,0.004971675902963076,0.038246201880085644
628.5714285714287,1.1,0.0014291734067281153,4.755006072484052e-09,0.005289438136715546,-5.482694174605308e-06,0.0006562419338684766,0.03162268590779637,0.004525767525464923,0.03227057577558876
628.5714285714287,1.2000000000000002,0.0012385691921547356,4.70701549058668e-09,0.0038889451240678346,-4.376889723635936e-06,0.0007498453265037637,0.027211149506140123,0.004228404702219823,0.027870553243714034
628.5714285714287,1.3000000000000003,0.0010868544288220343,4.731835435268849e-09,0.0028083193390473046,-3.52041683275662e-06,0.0008592149292579595,0.022673899503036072,0.0039257097841866265,0.023359502639991214
628.5714285714287,1.4000000000000001,0.0009632228588798058,4.845538168661812e-09,0.0021853126607504054,-2.8225761504880536e-06,0.0009931616868498927,0.020106765016534127,0.003587698094006737,0.02076081705506376
628.5714285714287,1.5000000000000002,0.0008614444155450814,3.0283939020655413e-09,0.0016419847990047042,-2.32954014653894e-06,0.0006942219732604738,0.01704677981702256,0.00334230576396858,0.017703577658708437
628.5714285714287,1.6,0.0007760858202004039,2.6879309498356824e-09,0.001336517596145579,-1.9803428750139715e-06,0.0006842587202691319,0.015514844278140616,0.003177784357050712,0.016167103321592567
628.5714285714287,1.7000000000000002,0.0007040924008171823,1.4866588517782366e-09,0.0010324552285075666,-1.6574968759931027e-06,0.0004172768050746067,0.013303364159403946,0.0029536089232519934,0.013949954452713971
628.5714285714287,1.8000000000000003,0.0006424235337190363,9.6518928924456e-10,0.0008615866523885749,-1.4513025773830439e-06,0.00029705204193920635,0.012236840667341419,0.002851470809014445,0.012887601832103752
628.5714285714287,1.9000000000000001,0.0005893705331447761,5.897781668236481e-10,0.000696143348919635,-1.2068109553563417e-06,0.00019792141185785323,0.010836205593054957,0.0025999041199747603,0.01144471613480871
628.5714285714287,2.0,0.0005432789660597123,1.344225501274825e-09,0.0005492555529558722,-1.064102768718947e-06,0.0004893944068529402,0.009319358910346985,0.002499687406820806,0.00997932019974105
628.5714285714287,2.1,0.0005026799545042071,2.8869458139387677e-09,0.000516474306781929,-9.62649547050468e-07,0.0011359990544368675,0.009506613343192877,0.0024533139160613786,0.010183500844509965
628.5714285714287,2.2,0.0004672456860165213,8.732158330055251e-10,0.0003898471698460031,-7.966282567064231e-07,0.0003699383091474799,0.0077553752910340164,0.002194285252569577,0.008361368057719054
628.5714285714287,2.3000000000000003,0.0004357098892272955,5.881584645697212e-10,0.000339687378335835,-7.323449178711967e-07,0.0002672388150640795,0.007269994962004296,0.002171807945674464,0.00789669189202885
628.5714285714287,2.4000000000000004,0.000407570966221428,1.2863214242757775e-09,0.0003034499956502045,-6.692719702871544e-07,0.0006250395804930933,0.00696449640352103,0.0021286578592078992,0.007612966123330344
628.5714285714287,2.5000000000000004,0.0003824665431720626,1.2096777899942515e-09,0.00024047994706832436,-5.558187412285377e-07,0.0006264771971725838,0.0059003208520421145,0.0018905546809989382,0.006508045316323035
628.5714285714287,2.6,0.0003597669195933804,2.0556437580739107e-09,0.00023812374826907146,-5.204505715661055e-07,0.001131745969495808,0.006226002052209448,0.001886744492020531,0.006867573082969405
628.5714285714287,2.7,0.00033944853349738896,5.105049800252022e-10,0.00017172661324788309,-4.5395670511860836e-07,0.00029810569643628354,0.00477327413654301,0.0017494985136796114,0.005384654407440881
628.5714285714287,2.8000000000000003,0.00032084741353387633,1.2108641398293635e-09,0.00018605057368445592,-4.195338862314617e-07,0.0007479715236288735,0.005480965605228843,0.0017148864821893313,0.006040042769670814
628.5714285714287,2.9000000000000004,0.00030410679930720826,5.768722994434852e-10,0.00012680339173246934,-3.8699593142860504e-07,0.0003761846470074701,0.003952140063584492,0.0016733781178517205,0.004621830224212449
628.5714285714287,3.0000000000000004,0.0002886342189978649,1.1646919994076082e-09,0.00014261217658583108,-3.5476842603244814e-07,0.000800157587098604,0.004689542519625301,0.0016194382131298865,0.005279888394640148
628.5714285714287,3.1,0.0002745877604543798,5.429274684890662e-10,0.0001153716329459393,-3.401796871028627e-07,0.00039232980747130533,0.003997157140498049,0.0016359531140030326,0.004635069909515654
628.5714285714287,3.2,0.00026169501824035415,2.710446184508783e-10,9.465244765658971e-05,-2.850747909564944e-07,0.00020559119662947752,0.0034470745345663483,0.0014420036015767648,0.004010403889997623
628.5714285714287,3.3000000000000003,0.0002497488005028944,4.051651948826451e-10,9.606476702421353e-05,-2.684242076113093e-07,0.0003220494184659982,0.003670867243486566,0.0014252250442666821,0.004200180353371374
628.5714285714287,3.4000000000000004,0.00023876323043567677,4.505987814542082e-10,7.801952194542927e-05,-2.5972960114219205e-07,0.0003747703907041462,0.0031239197861342724,0.0014451398502118007,0.0037518243627987316
628.5714285714287,3.5000000000000004,0.00022855785558791345,7.645655886750057e-10,7.563738605322446e-05,-2.2225694211701898e-07,0.000664382214651342,0.0031678825049907054,0.001293983186895463,0.003718288351985021
628.5714285714287,3.6,0.00021910885460068238,6.797896235294683e-10,6.483067163554772e-05,-2.1426216644543928e-07,0.0006162932474152512,0.002836510321151967,0.0013033071634050168,0.003438433843071135
628.5714285714287,3.7,0.00021030816032980678,1.0669570994725244e-09,6.538168512957057e-05,-2.0405472070984762e-07,0.0010079708522744903,0.002983981877351613,0.001294963610603905,0.0036433521088380166
628.5714285714287,3.8000000000000003,0.0002021612829102269,7.788913960484669e-10,5.2836396385695636e-05,-1.8601090835033724e-07,0.0007657366763700777,0.0025123322035073307,0.0012300916479252397,0.003150304220691893
628.5714285714287,3.9000000000000004,0.00019454276945450396,4.4428175097972583e-10,4.7567637733372384e-05,-1.7575129754339042e-07,0.00045411149894664744,0.0023529548808065093,0.0012094812009986711,0.0029441982738472494
628.5714285714287,4.0,0.00018739993237611475,4.2018112909715377e-10,4.77279959073748e-05,-1.58606310196908e-07,0.0004459533635443928,0.0024533420615530277,0.0011348083592216045,0.0029653569258624294
628.5714285714287,4.1,0.0001807343752567993,4.044733648312791e-10,3.913414811974077e-05,-1.555995182336829e-07,0.0004452334327195317,0.002088269063043091,0.0011560036042053568,0.0026891986083488954
628.5714285714287,4.2,0.00017446015961868124,4.1410909515708644e-10,3.910683065481924e-05,-1.4096480864036756e-07,0.0004723916626183454,0.0021637738033649487,0.001086191966406695,0.0026953101733961206
628.5714285714287,4.3,0.00016857701228711137,3.29180713479327e-10,3.3897377257725775e-05,-1.3292882740527958e-07,0.0003887027075537495,0.0019429867158103898,0.001061462531627007,0.002485898747892056
628.5714285714287,4.3999999999999995,0.00016303283872811877,4.6093251464639943e-10,3.007178210244433e-05,-1.2597695350508178e-07,0.0005629428903113116,0.0017838601891477161,0.0010412915045799414,0.002380680127022296
628.5714285714287,4.5,0.0001577893829901506,7.397112576411957e-10,3.5867687754638905e-05,-1.1633574987005945e-07,0.0009334457394527693,0.002200028413567254,0.0009945765776588327,0.0027730508662231366
628.5714285714287,4.6,0.00015290460412972884,4.24224114075104e-10,2.198684586159538e-05,-1.0777814089164855e-07,0.0005527238440820863,0.0013934299916089935,0.0009520408371177505,0.0020149229018530837
628.5714285714287,4.7,0.00014823969372792302,4.594924220211643e-10,2.3832870763850776e-05,-1.0269963053655605e-07,0.0006175891598887303,0.0015586758096329302,0.0009366552462443961,0.002136710731610912
628.5714285714287,4.8,0.0001438131120337557,6.672657224358921e-10,2.6610378322348422e-05,-1.014133782473016e-07,0.0009246378195540087,0.0017950912912157474,0.0009541454885896024,0.002428599404582813
628.5714285714287,4.9,0.0001396526341228119,5.865667290771365e-10,2.316939105037152e-05,-9.409176257843737e-08,0.0008372623100475115,0.0016110763978831929,0.0009126882961954481,0.0022276838168076457
628.5714285714287,5.0,0.00013572385012237178,nan,nan,nan,nan,nan,nan,nan
642.8571428571429,0.1,0.02151339696188897,nan,nan,nan,nan,nan,nan,nan
642.8571428571429,0.2,0.018175708751740672,-5.083725078547172e-08,-0.26568458279937546,8.618210177298072e-05,0.0005609914466396906,0.1234972716163962,0.005691651973424619,0.1237605777801248
642.8571428571429,0.30000000000000004,0.012181174713598622,-6.41843712045985e-09,0.1771934549260844,-1.7358115009665903e-05,0.00010440707821707323,0.09748915838515226,0.0013408332924831228,0.09750765391147379
642.8571428571429,0.4,0.007958575224717417,1.3110966238700035e-08,0.1783228897650918,-5.960154060758231e-05,0.00032496827243097667,0.14639219447859872,0.0067866613268927015,0.1467068428961984
642.8571428571429,0.5,0.00551920463348713,1.235884025321267e-08,0.09848160446733208,-4.563380992802853e-05,0.00044128583758171414,0.12374275757483821,0.00791755395806568,0.12424910505421516
642.8571428571429,0.6,0.004064650086930163,1.061519140391046e-08,0.0527046546831669,-2.9849473707709315e-05,0.0005146754770457452,0.09549320632793279,0.007460655543418846,0.09607569988249322
642.8571428571429,0.7000000000000001,0.0031371420872048656,5.824790135682994e-09,0.02990735838646267,-1.988506964141274e-05,0.0003660359899457958,0.07357917101555543,0.006748865960163719,0.07419651456220029
642.8571428571429,0.8,0.002508707671344195,3.1239616656714625e-09,0.01813309679040979,-1.3619313029394024e-05,0.00024561832951773235,0.05780132453792057,0.005990964528643855,0.05841948954474655
642.8571428571429,0.9,0.002061604223387622,3.4354937613985088e-09,0.011612727944933057,-9.863324033584207e-06,0.000328718838150182,0.04628968164597202,0.005428457203780185,0.04692311773727892
642.8571428571429,1.0,0.0017306280548803799,4.9272762872783175e-09,0.007908537874996107,-7.377906698919021e-06,0.000561897849562313,0.03836108689184203,0.004941589071444826,0.03899650396918733
642.8571428571429,1.1,0.0014787372651230985,2.8595000597012457e-09,0.005423826609833722,-5.437475156538481e-06,0.00038169748358365724,0.03134022122511249,0.004340560166632336,0.031938003765549845
642.8571428571429,1.2000000000000002,0.0012810847414641544,3.994900346844157e-09,0.004047830585068249,-4.428661744806968e-06,0.0006155815436637122,0.02737356175798603,0.004138088147719249,0.027998899460367432
642.8571428571429,1.3000000000000003,0.0011239105236558928,1.43305410412755e-09,0.0028957903500867895,-3.569516792294979e-06,0.0002518473497107297,0.022604206079116868,0.003850233864304561,0.02325214315228632
642.8571428571429,1.4000000000000001,0.0009956942093484991,2.4815788016944452e-09,0.0022784291486113322,-2.8873983307048434e-06,0.0004923286054311043,0.020272335747867045,0.0035520538306049463,0.020891245940848152
642.8571428571429,1.5000000000000002,0.0008902621865272186,1.321474591260741e-09,0.0016851013971126787,-2.4071256479196772e-06,0.0002933472517320507,0.016923884675549852,0.0033429031903801755,0.0175742404843543
642.8571428571429,1.6,0.000801681177677065,2.4667919818599272e-09,0.0013994560569277872,-2.029104975348788e-06,0.0006081651623978901,0.015719594498187762,0.003153013007980465,0.016351100822550067
642.8571428571429,1.7000000000000002,0.0007270947293961891,1.4978708321731926e-09,0.001059911475503731,-1.7029020740538854e-06,0.0004073651470539636,0.013221109650782985,0.002938845297136389,0.013864967007608154
642.8571428571429,1.8000000000000003,0.0006631073958703506,2.918188096749135e-09,0.0009014702149507594,-1.4492871223403875e-06,0.0008701929748189866,0.01239824989103386,0.002759065296714054,0.013026846080191824
642.8571428571429,1.9000000000000001,0.0006081347644940197,2.4511842583221602e-09,0.0007391340956812517,-1.2958884619993048e-06,0.0007973259376953535,0.01114652166880319,0.0027050042659207073,0.011811637063562327
642.8571428571429,2.0,0.0005605534740745013,4.498169871590456e-11,0.0005666113435507063,-1.0533448708530232e-06,1.588672227524229e-05,0.009317200341640366,0.0023984383418448286,0.009915416660608406
642.8571428571429,2.1,0.00051863829709049,4.552377514526379e-10,0.0004998584436496791,-9.120493274947146e-07,0.0001737562747792786,0.008917230322672921,0.002254835265586538,0.009471839949053616
642.8571428571429,2.2,0.0004817217045429754,1.932797514546307e-09,0.00043524689469798814,-8.578452668930608e-07,0.0007943106938873638,0.008392108664934322,0.00229197157322128,0.009031316886667104
642.8571428571429,2.3000000000000003,0.0004491575809424407,1.0399488155960944e-09,0.000340326698667785,-7.325890992843746e-07,0.0004585704924773743,0.0070647989380230175,0.002107475542498503,0.007681443696058756
642.8571428571429,2.4000000000000004,0.00041999672432858383,1.5128548437070726e-09,0.00032295818824180006,-6.657987066002518e-07,0.0007134818711094719,0.007190309190911486,0.0020551102644511365,0.007788232086899626
642.8571428571429,2.5000000000000004,0.00039406544959714497,5.156808734048353e-10,0.00025489515674218666,-5.828282191274744e-07,0.00025936145868527954,0.006068979636678544,0.0019240851760084134,0.006656124227036394
642.8571428571429,2.6,0.000370683126433128,-1.2732871261289583e-11,0.00021882908560317773,-5.208347016477237e-07,6.80966297371321e-06,0.005553115245878263,0.0018336750196482974,0.0061287734059010356
642.8571428571429,2.7,0.00034948909412514277,1.2040980410885738e-09,0.0002085337397122913,-4.7530063334233307e-07,0.0006830214116386076,0.005625660431832773,0.0017793677015062698,0.006200554199212609
642.8571428571429,2.8000000000000003,0.00033038039921428047,2.344167567189663e-10,0.0001683759560619144,-4.2235220521005964e-07,0.0001407223851059196,0.004817774256544425,0.0016770471564368536,0.00537175259170766
642.8571428571429,2.9000000000000004,0.0003129554638640373,1.0588177902695477e-09,0.0001526262060350103,-3.834852331854962e-07,0.0006710301221408289,0.004619711290318375,0.0016114662703921633,0.005194772460073555
642.8571428571429,3.0000000000000004,0.00029705679057414426,3.788884479477685e-10,0.00012612198943185877,-3.656860628085841e-07,0.00025305999348581275,0.00403002995616821,0.0016222853068082839,0.00464422222135077
642.8571428571429,3.1,0.0002824193371785698,7.870687914921587e-10,0.00012725755622262672,-3.5685999035279547e-07,0.0005530988330377882,0.004283947051897598,0.0016684301441814463,0.004921934472806045
642.8571428571429,3.2,0.0002690544593452216,8.054873379063811e-10,0.00010622389376203106,-2.900969301904885e-07,0.000594353134528096,0.0037612117790244374,0.0014270238218492722,0.004309612937543945
642.8571428571429,3.3000000000000003,0.0002567518204494937,7.842111665467448e-10,9.248855326851774e-05,-2.5871610876518394e-07,0.0006064193617897756,0.0034375402471901215,0.0013363104057975855,0.0039693675056224325
642.8571428571429,3.4000000000000004,0.000245374067086451,8.977599425945624e-10,8.5915074598316e-05,-2.5364924949700497e-07,0.000726564146083993,0.0033462303966493817,0.0013730035453720173,0.0039364236048783285
642.8571428571429,3.5000000000000004,0.00023485546446939146,5.950606188197555e-10,7.711963851245758e-05,-2.400282901023535e-07,0.0005033310002587178,0.003142941690137391,0.0013597974130049105,0.003718806605922768
642.8571428571429,3.6,0.00022510805823745648,1.7097135692993473e-10,6.637958639597266e-05,-2.084716185533787e-07,0.00015095521546882535,0.0028264016145395617,0.0012343475182427872,0.00332544149780647
642.8571428571429,3.7,0.00021602444786948124,4.548044489999334e-10,6.467479835198284e-05,-1.9292576419548716e-07,0.0004184093586549745,0.0028730556719457944,0.0011923754702892553,0.0033575338881096962
642.8571428571429,3.8000000000000003,0.00020758758548502582,3.83480366813029e-10,5.133358545975779e-05,-1.9773334202867472e-07,0.0003672650521614735,0.0023762859234697726,0.001273370053951567,0.003004090710551363
642.8571428571429,3.9000000000000004,0.00019966405895516798,7.492516544992826e-10,5.469528727294284e-05,-1.7699788175361689e-07,0.0007461198469668368,0.0026348053109798444,0.0011865951774914364,0.003211683372204875
642.8571428571429,4.0,0.00019228748529803957,7.072862758780011e-10,4.875301500560408e-05,-1.6253254877472483e-07,0.0007315253889882637,0.0024417521741632504,0.0011329722368111324,0.0030107366629340123
642.8571428571429,4.1,0.0001853984417909672,6.791253604688578e-10,3.931246093149805e-05,-1.5976869052416299e-07,0.0007286866818921426,0.002044462793330776,0.0011567083969941962,0.002717859640421967
642.8571428571429,4.2,0.0001789025228932098,5.96621485684626e-10,4.2403530610418546e-05,-1.4529637792832886e-07,0.0006636600698724989,0.0022871567959685244,0.0010912988850145745,0.0028378508436061756
642.8571428571429,4.3,0.0001728306393015566,6.331340717578932e-10,3.414275429624614e-05,-1.337337932082326e-07,0.0007291264580101208,0.001908455719018931,0.0010413242981038684,0.002518440233729893
642.8571428571429,4.3999999999999995,0.00016710018325286587,5.272590237126284e-10,3.552395194023104e-05,-1.2540496339751923e-07,0.0006282516401968716,0.002055419807725672,0.0010109273311975653,0.0025813560094116355
642.8571428571429,4.5,0.00016172496672357744,2.3861925060777594e-10,2.8606484825499758e-05,-1.1932008160096214e-07,0.00029387500551038655,0.0017119361731764676,0.0009952248045461672,0.002235628055616974
642.8571428571429,4.6,0.000156635815042544,4.804061358186485e-10,2.9208279569783192e-05,-1.138165530975295e-07,0.000610986987646553,0.0018060464108616203,0.0009812070090096,0.0023581015937229424
642.8571428571429,4.7,0.0001518387461572084,3.4976254446314035e-10,2.3401832299779374e-05,-9.643461101334802e-08,0.00045900899041931693,0.0014940281884716585,0.0008585278510495208,0.0019791285009541654
642.8571428571429,4.8,0.0001472756955948706,4.127850741076857e-10,2.6225577631259712e-05,-9.950327249549618e-08,0.000558549554110224,0.001727199301560795,0.0009140780841806921,0.00222851352243322
642.8571428571429,4.9,0.00014297490080884538,2.7617119845771974e-10,1.8857694149813526e-05,-1.0590937994385719e-07,0.0003851049542296057,0.0012804349063600903,0.001003159960425547,0.001949481774113195
642.8571428571429,5.0,0.0001388626829643183,nan,nan,nan,nan,nan,nan,nan
657.1428571428571,0.1,0.02163120458207437,nan,nan,nan,nan,nan,nan,nan
657.1428571428571,0.2,0.01849395245157048,-4.8815573145531065e-08,-0.2810758522934192,8.6569785552316e-05,0.0005298499092155947,0.12993999073280685,0.005686925772554293,0.1301897237959022
657.1428571428571,0.30000000000000004,0.012545941798132398,-8.22173274609134e-09,0.16358184938073494,-1.2855583982920604e-05,0.0001299791320445246,0.08845153560824898,0.0009767520275076936,0.08846241651163834
657.1428571428571,0.4,0.008233749638501667,1.3307078579157161e-08,0.17940401718399068,-5.816587180218875e-05,0.000319060767565142,0.1429976482201575,0.0064368969844453726,0.14328746100704706
657.1428571428571,0.5,0.005715597650710841,1.319971643125568e-08,0.10117418528128054,-4.581760561129828e-05,0.0004554460488110679,0.12287741275030035,0.007689907464786754,0.12335856414917053
657.1428571428571,0.6,0.0042091875157328216,1.065657428239382e-08,0.05448067732724088,-3.025124639702636e-05,0.0004992794141409793,0.09531930107163018,0.007306571698281198,0.09587904054944288
657.1428571428571,0.7000000000000001,0.003247584154027211,8.484131247903754e-09,0.030968541193772223,-2.0095508646186625e-05,0.0005153512614844747,0.07357367919110297,0.006590571662618269,0.07416348917303085
657.1428571428571,0.8,0.002595666204259323,1.225551188696403e-08,0.018914190702492895,-1.3854902401619888e-05,0.000931473980508946,0.05824080241011799,0.0058911146648377094,0.05884105006829248
657.1428571428571,0.9,0.002132890161516364,4.276925199864055e-09,0.011947555490794506,-9.978451775153408e-06,0.00039583787057377573,0.04602885945499976,0.005308850251243849,0.04663882901969307
657.1428571428571,1.0,0.0017895896736813497,7.228620501419578e-09,0.008259550911250168,-7.449935593341332e-06,0.000797409473263782,0.038724689439132196,0.0048265437255989975,0.0393297404351405
657.1428571428571,1.1,0.001528884694958837,2.8361098577387573e-09,0.0056235860322318984,-5.726283503739649e-06,0.0003664180348616337,0.031423885122580465,0.004421777153892059,0.03204214482163716
657.1428571428571,1.2000000000000002,0.0013244155765586435,7.43627202210189e-11,0.004131262035255203,-4.483690844768128e-06,1.1095548732687398e-05,0.027021410109455194,0.004054968564242615,0.027623219716907742
657.1428571428571,1.3000000000000003,0.001161259078511002,2.7217410143999696e-09,0.0030569424007239076,-3.5601411876293464e-06,0.0004632041747931845,0.02308144403335285,0.0037184228801243626,0.02367743554955246
657.1428571428571,1.4000000000000001,0.0010286720044705995,1.8502011960089727e-09,0.0023264715771252865,-2.977750889018986e-06,0.00035553892844812266,0.020034044255725882,0.003547415588746801,0.02065569296558682
657.1428571428571,1.5000000000000002,0.00091934964620145,3.0344889447026124e-10,0.0017752674156498852,-2.4312483701689357e-06,6.529088968560399e-05,0.017257856808920523,0.0032703600534362736,0.01786696376824288
657.1428571428571,1.6,0.0008277799620887994,1.189551792864784e-09,0.001419246792398038,-1.9929208788603243e-06,0.00028422849507176226,0.015437508441560324,0.0030016159471159634,0.01601302124237081
657.1428571428571,1.7000000000000002,0.0007504027459001293,1.1402073552347911e-09,0.001136127690137909,-1.7091161551105674e-06,0.0003006619880036276,0.013724996281270604,0.0028586032227315753,0.014311154576830791
657.1428571428571,1.8000000000000003,0.0006843868066128382,5.641614083884792e-10,0.0009028370203088027,-1.4110738577029362e-06,0.0001631312316804544,0.012031366159592398,0.0026046086137787214,0.01258365429940267
657.1428571428571,1.9000000000000001,0.0006273992375286352,1.2568653389344617e-09,0.0007425493583371688,-1.3048257536167136e-06,0.0003964988648758733,0.010849849108170105,0.0026410966862609134,0.011481603565367699
657.1428571428571,2.0,0.0005778371620278038,3.187123641134263e-09,0.0006414458813362136,-1.1094405851583478e-06,0.0010917501636915575,0.010223886848554504,0.002449939093115634,0.010850077595663489
657.1428571428571,2.1,0.0005346895453403346,1.6821318452548946e-09,0.0005050242888920497,-9.195594946476619e-07,0.0006229398056683038,0.008739906708661108,0.0022049676739679196,0.00930041870907286
657.1428571428571,2.2,0.0004965921715417859,1.0890231450215992e-09,0.00043227093665112396,-8.408868171472519e-07,0.0004343486129350022,0.008084521951443427,0.0021798250259530702,0.00866322273686137
657.1428571428571,2.3000000000000003,0.00046281750710974837,1.5722573739938197e-09,0.0003688385644499579,-7.648269345471174e-07,0.0006729655923748098,0.0074273938573137955,0.0021353179110302303,0.00804600692036218
657.1428571428571,2.4000000000000004,0.0004327312283222105,6.063064285040351e-10,0.0003124647482127178,-6.774226213911755e-07,0.00027769059776751613,0.006751359734942412,0.002029677114340447,0.007341467749411208
657.1428571428571,2.5000000000000004,0.00040576959701679976,1.7710557020392173e-09,0.00027887690163311247,-6.180172985442391e-07,0.0008650299273666032,0.006444575371053682,0.0019813795384092856,0.007080434890519478
657.1428571428571,2.6,0.0003815967347277202,1.1465999198029832e-09,0.00023515166083556944,-5.374418506359323e-07,0.0005958073943020972,0.005795201576569417,0.0018375045976185534,0.006379043349650193
657.1428571428571,2.7,0.0003597753890469963,6.176383626856353e-10,0.00020071816828446545,-4.652192645159249e-07,0.0003404992503557103,0.0052599550786954045,0.0016921922903378463,0.005788790604637904
657.1428571428571,2.8000000000000003,0.00033996122504911704,1.1817286189621562e-09,0.00018731526329488692,-4.402661990166885e-07,0.0006894816335604442,0.005206450163004857,0.0016990074426272183,0.005775444641157582
657.1428571428571,2.9000000000000004,0.0003220202136841867,2.6132678691905335e-10,0.00014774840042178886,-4.1009735823221625e-07,0.00016105656776913195,0.004346036828183639,0.0016749041561231618,0.004952230123322962
657.1428571428571,3.0000000000000004,0.0003055566863234742,2.921174264251925e-10,0.00013183812239760418,-3.419282628456639e-07,0.0001897890071086217,0.00409409461875897,0.0014751206778495923,0.004598868626413383
657.1428571428571,3.1,0.00029041154018673776,1.1982941846582085e-09,0.00013118915710890255,-3.040453790704096e-07,0.0008188556215198946,0.004293447434824602,0.0013827702756774927,0.004788352814391512
657.1428571428571,3.2,0.00027657828562109034,1.3443276523733858e-09,0.00011698524358637327,-3.0932439385462635e-07,0.0009647513644266562,0.004028257400210423,0.0014796401035471877,0.004640718969035228
657.1428571428571,3.3000000000000003,0.00026391488349130666,6.62782827007763e-10,9.166386905174686e-05,-2.932588555378471e-07,0.0004987286653948873,0.0033142106165675463,0.001473192315560802,0.0039463037756754605
657.1428571428571,3.4000000000000004,0.00025216812005204045,2.848581380507661e-10,8.531576807114647e-05,-2.6655152672772676e-07,0.00022443921284328404,0.0032327001396250084,0.0014040167795058504,0.003800427526905522
657.1428571428571,3.5000000000000004,0.00024127451429348574,4.906696122744086e-10,7.612454529587409e-05,-2.366267598605152e-07,0.00040411299905432336,0.0030188013171595254,0.0013050645791239535,0.003561299737435299
657.1428571428571,3.6,0.00023114215398788976,1.1068895704869997e-09,8.23758961351694e-05,-2.1502587836171133e-07,0.0009515323889351439,0.0034141979883945627,0.0012396595445024548,0.003954196930313685
657.1428571428571,3.7,0.00022183355264364547,4.4740650746091707e-10,5.671980597731547e-05,-2.0664707218137051e-07,0.0004009390981930462,0.0024538927667987036,0.0012435022539861534,0.0030454782190559395
657.1428571428571,3.8000000000000003,0.00021309214935917435,5.101839369991708e-10,5.87510882047007e-05,-1.9678806031846213e-07,0.00047608035905302145,0.0026484311099267636,0.001234448276599882,0.003207579297149924
657.1428571428571,3.9000000000000004,0.00020493825695675022,1.794271898475203e-10,5.350178035725749e-05,-1.6756958105695767e-07,0.00017416387795248046,0.002510734464791491,0.0010945779820046228,0.002954711919367756
657.1428571428571,4.0,0.00019731938235789868,4.503704474406571e-10,5.005975784285658e-05,-1.6016002814886614e-07,0.0004540154470794959,0.0024426751054792617,0.0010882332902478623,0.0029225494153430997
657.1428571428571,4.1,0.0001902011053374757,3.1598406140198854e-10,3.838173375600862e-05,-1.5661999890722986e-07,0.0003305845074692505,0.001945157809504577,0.0011052130409684125,0.002517124699395845
657.1428571428571,4.2,0.0001834666456546128,6.491986029081597e-10,4.81291379304566e-05,-1.4846207802340433e-07,0.0007041199873841237,0.0025304341867551506,0.001087253702178151,0.0030435379668953054
657.1428571428571,4.3,0.00017721347735105448,2.7333574745084013e-10,3.148226125071484e-05,-1.395531275783915e-07,0.00030708594149518186,0.001715966471092633,0.0010595140253354654,0.0022986915071716795
657.1428571428571,4.3999999999999995,0.0001712751316600033,5.556197025157086e-10,3.724622942986291e-05,-1.307006623303082e-07,0.0006458733974280815,0.0021017718283400802,0.0010278726959076442,0.0026358379733766248
657.1428571428571,4.5,0.00016570924826325075,5.19570998482866e-10,3.217031573953866e-05,-1.2547286570649352e-07,0.0006244709627880815,0.0018782829373851931,0.0010209808972643385,0.002450043828464138
657.1428571428571,4.6,0.00016046506802389358,4.301946354548101e-10,2.8829091307228554e-05,-1.1326716011867619e-07,0.0005340898741906897,0.001739739429716668,0.0009529484308531874,0.002264545583722043
657.1428571428571,4.7,0.0001555091786976087,4.238107080353943e-10,2.6923163652035587e-05,-1.0317909413260769e-07,0.0005430658469282122,0.0016778208480880512,0.0008966833475804179,0.002172115412227171
657.1428571428571,4.8,0.00015082252100784418,3.0897016982650187e-10,2.17665645872218e-05,-1.0045796837635962e-07,0.00040830250687904805,0.0013996964532587113,0.0009010792660459968,0.0019364268087858926
657.1428571428571,4.9,0.00014635352896395188,4.706705693766387e-10,2.4352571957863284e-05,-9.261682050281646e-08,0.0006411023447565894,0.0016146509019430012,0.0008567485983579318,0.002118052424557595
657.1428571428571,5.0,0.0001421280626396382,nan,nan,nan,nan,nan,nan,nan
671.4285714285714,0.1,0.021746568737444082,nan,nan,nan,nan,nan,nan,nan
671.4285714285714,0.2,0.018802233789533853,-4.6997733198975556e-08,-0.2948867863599508,8.674181885068268e-05,0.0005021418987940401,0.1356015240474252,0.0056686855466085845,0.1358392191604605
671.4285714285714,0.30000000000000004,0.012909030978024115,-8.908546525968248e-09,0.14958116160938176,-8.5484877202959e-06,0.0001370029640349715,0.07955499505204813,0.0006393473672994813,0.07956025099040162
671.4285714285714,0.4,0.008511639782608193,1.1478310429828047e-08,0.18004359004221285,-5.6592347071153457e-05,0.00026644066424510066,0.13947103415330928,0.0060922659914164,0.139737152426409
671.4285714285714,0.5,0.005914684487614401,1.372869676566888e-08,0.10381705629929106,-4.594260969865594e-05,0.0004580628408456287,0.1219706883172149,0.007465110535272983,0.12242758831549788
671.4285714285714,0.6,0.0043558997556135196,1.0628700280581132e-08,0.0562642652593633,-3.0551764826787324e-05,0.0004815156273794397,0.0951264017162421,0.007135593348584501,0.09566136913954351
671.4285714285714,0.7000000000000001,0.0033597576762062716,1.0029765915715872e-08,0.03215102652503179,-2.0357293216269084e-05,0.0005892066531621663,0.07381029943032605,0.0064557736968853105,0.0743751402991975
671.4285714285714,0.8,0.0026851258620493416,1.6997947137041926e-09,0.01945548936302171,-1.4171305396672298e-05,0.00012501092936809837,0.05790741844510112,0.005827533010955011,0.05849106787105224
671.4285714285714,0.9,0.0022050489415226288,5.377688102288075e-09,0.012505450016016271,-1.0141878547121918e-05,0.00048171217953074907,0.04657304967623329,0.005221171455262627,0.04715720799092436
671.4285714285714,1.0,0.0018500265211560786,2.1507364841292873e-09,0.008460682193519793,-7.546077726482389e-06,0.00022969558117326137,0.03836958914697617,0.004731636040569103,0.038949388834853195
671.4285714285714,1.1,0.0015796109227247264,4.126523716462692e-09,0.005856626342510954,-5.827782464968008e-06,0.0005162815014712736,0.031656985862295414,0.004356791838907545,0.03225514797252488
671.4285714285714,1.2000000000000002,0.0013677615877184838,6.4630233509338014e-09,0.0043250838003747434,-4.536981892452404e-06,0.0009338427731314939,0.027380690638136734,0.003973445905489298,0.027966959557198523
671.4285714285714,1.3000000000000003,0.0011991630907159886,2.7487432246417377e-09,0.0031462797960024554,-3.6826904839604793e-06,0.0004532605701236271,0.023003130254963932,0.0037247857468143187,0.023602913048829544
671.4285714285714,1.4000000000000001,0.001062027391673518,1.2558045778741244e-09,0.002360734159044422,-2.992893613238671e-06,0.00023391521588629922,0.019686514514342585,0.0034546423154636903,0.02028503579260409
671.4285714285714,1.5000000000000002,0.0009484990342214915,4.743039066420254e-09,0.0019150835403082106,-2.4189624920498643e-06,0.000989118072105658,0.018032336598121704,0.003154013773023486,0.018602126854458584
671.4285714285714,1.6,0.0008541215121725471,2.2604585683512528e-09,0.0014199467659086046,-2.0161051996861454e-06,0.0005236750003446864,0.014970460851065261,0.0029430840485287785,0.01554710330037955
671.4285714285714,1.7000000000000002,0.0007739434577826887,3.257119622532727e-09,0.0012015948943799174,-1.7426734839994653e-06,0.0008328249282104,0.01406819612028663,0.0028260468255333314,0.014648577431276748
671.4285714285714,1.8000000000000003,0.0007057813523366295,1.9462437439384147e-09,0.000930096680307505,-1.4725784527988227e-06,0.000545914363659032,0.012017630887044231,0.0026357031072070415,0.012594258071374053
671.4285714285714,1.9000000000000001,0.0006469202136936454,1.418332976148232e-09,0.0007712208326594903,-1.2554096218566772e-06,0.0004341419002442608,0.01092719197108581,0.002464965156020564,0.011477983708095288
671.4285714285714,2.0,0.0005957712833772562,7.069332004736492e-10,0.0006461732742629624,-1.1282442760532336e-06,0.00023502835821210107,0.009988453917270289,0.002417434308641421,0.010559944472381913
671.4285714285714,2.1,0.0005510840858034965,4.665631247709976e-10,0.0005287999932292435,-1.001100189779701e-06,0.00016776136774901255,0.008875889254541247,0.0023297937301073393,0.009469183258607086
671.4285714285714,2.2,0.0005116848881620294,5.218942328889489e-10,0.0004512611608329329,-8.312675939516126e-07,0.00020214886789834873,0.00818860809916115,0.0020922830542306828,0.008709159748476423
671.4285714285714,2.3000000000000003,0.0004767983021288915,8.457758455102407e-10,0.0003677752225900599,-7.406021758837957e-07,0.00035157697557826675,0.0071875334038319465,0.0020080375943696944,0.007736192394308771
671.4285714285714,2.4000000000000004,0.0004455894683216543,1.682904191979789e-09,0.0003454549861229205,-6.840245428768968e-07,0.000748597327982916,0.007245306549550898,0.001990374836285602,0.007808844276476908
671.4285714285714,2.5000000000000004,0.00041783518437564623,4.6212371586464684e-10,0.0002663442576307441,-6.222538952298126e-07,0.00021933032775593928,0.005977346337065585,0.0019375572528796433,0.006579136055917822
671.4285714285714,2.6,0.00039274434300594563,1.0239859934847837e-09,0.00025342309780508127,-5.485797734775449e-07,0.0005171399491445195,0.006065144996914536,0.0018225450062520701,0.006610352347661003
671.4285714285714,2.7,0.00037018773261429585,1.3036792156530778e-09,0.00021520977672182055,-4.760245374560193e-07,0.0006985577335948427,0.00547964039595505,0.0016828346741116357,0.00601484055124759
671.4285714285714,2.8000000000000003,0.00034978321998986427,6.86309652002968e-10,0.00017595881362337734,-4.656464121628384e-07,0.0003893399102175071,0.004753231890769095,0.001746569469713186,0.00537082943298155
671.4285714285714,2.9000000000000004,0.00033113829550166646,9.493448233274632e-10,0.00016228268606467437,-4.268410375672662e-07,0.0005690814291235991,0.004639521760631539,0.0016950129658093152,0.005253108960308202
671.4285714285714,3.0000000000000004,0.0003141161978741154,1.1070978231585336e-09,0.00015541927819451033,-3.390405930957584e-07,0.0006997125373220882,0.004693485480410954,0.0014226568719415255,0.005154251520859169
671.4285714285714,3.1,0.00029864829302850943,9.32321785856626e-11,0.00011960762961726334,-3.069619945452106e-07,6.199648979941059e-05,0.003807751094236697,0.0013580517105193986,0.004265140191986371
671.4285714285714,3.2,0.0002843764644790761,-2.677763608408796e-11,0.00011085724049069917,-3.2848031447244243e-07,1.8704312749334337e-05,0.003711966318860446,0.0015290041209056096,0.004295899324607418
671.4285714285714,3.3000000000000003,0.0002712132083345498,9.23777589372563e-11,9.703551414943773e-05,-2.985917238926618e-07,6.768598625905354e-05,0.0034122202878915614,0.00145997468908728,0.003988844553424666
671.4285714285714,3.4000000000000004,0.0002590203073315178,8.83371564303722e-10,9.662944446603621e-05,-2.454097564286201e-07,0.0006776095885721803,0.003562859090064701,0.0012586970191518956,0.00404001930963521
671.4285714285714,3.5000000000000004,0.0002477937007731462,8.56460542045466e-10,8.350513542600112e-05,-2.2087920922640843e-07,0.0006868225176019035,0.0032238837288971187,0.0011860117904544287,0.0036984320194274824
671.4285714285714,3.6,0.00023740214556903467,5.022715496223453e-10,7.233745033888575e-05,-2.3687558004813664e-07,0.00042050560422193534,0.002919261067298491,0.0013297055962550714,0.0034978770829820318
671.4285714285714,3.7,0.00022773396486831194,2.879319996390484e-10,6.350482365498148e-05,-2.2366886015108049e-07,0.0002514478298329736,0.002674989457351589,0.001310801029401849,0.0032642293555189645
671.4285714285714,3.8000000000000003,0.00021870083240413903,6.223671199582952e-10,5.813728122127823e-05,-1.875755968145192e-07,0.0005659225725570321,0.0025528594847455607,0.0011466538545709982,0.0030768474176322094
671.4285714285714,3.9000000000000004,0.0002102490727521789,8.138602953628478e-10,6.458786537513922e-05,-1.7782317932588047e-07,0.0007699301489581354,0.002953251922506943,0.0011318706196718972,0.0034462663204428267
671.4285714285714,4.0,0.00020244319175397016,3.9507985798697046e-10,4.309446713660286e-05,-1.6616767880033362e-07,0.00038829502925569534,0.0020496864301227345,0.0011003885371212345,0.0026026327741019446
671.4285714285714,4.1,0.00019506825542712746,5.0908920556729e-10,4.699388265286285e-05,-1.5786038258315237e-07,0.0005193767203596829,0.002321336778268872,0.0010860457814790292,0.002831492096886742
671.4285714285714,4.2,0.00018816325792681338,1.6152095959363702e-10,3.9383777965525475e-05,-1.453946049418751e-07,0.00017089002487067283,0.002018974224139625,0.001038328854213058,0.002502341690761536
671.4285714285714,4.3,0.00018165209820615455,6.376267658012564e-10,4.225333576686083e-05,-1.3863953677345542e-07,0.0006987827276240892,0.0022455678240485923,0.0010267695141742703,0.0027639434551566763
671.4285714285714,4.3999999999999995,0.00017556347184316434,2.8068040252429806e-10,3.2471922039949655e-05,-1.2390582674895612e-07,0.0003183925482015965,0.0017875886026429328,0.0009505290455105922,0.002259171919037543
671.4285714285714,4.5,0.00016979956470057362,5.816469110470894e-10,3.464582708224668e-05,-1.1918935762348463e-07,0.0006821700866907374,0.00197340749294345,0.0009464252603912113,0.002480148122067338
671.4285714285714,4.6,0.00016438211582880537,5.820436959094452e-10,3.0143626220360444e-05,-1.2133188998751388e-07,0.0007052955406705125,0.0017752475557588174,0.0009961075875653156,0.0023734797947165573
671.4285714285714,4.7,0.00015926610321924072,4.515947651671055e-10,2.8231094784098404e-05,-1.127616513101636e-07,0.0005650129642003089,0.0017174067046015816,0.0009564780663486915,0.0022579694465464204
671.4285714285714,4.8,0.00015443240155751706,4.3495656056618755e-10,2.2951244150511007e-05,-9.773591276471367e-08,0.0005613486137855685,0.00144106270490696,0.0008559762740320025,0.0019639665855314755
671.4285714285714,4.9,0.0001498282123372985,4.809524609519474e-10,2.6612683558301178e-05,-9.299439148845596e-08,0.0006398493616832781,0.0017232577677936008,0.0008401204680933541,0.0021887506348888344
671.4285714285714,5.0,0.00014549014995266296,nan,nan,nan,nan,nan,nan,nan
685.7142857142858,0.1,0.0218598973348486,nan,nan,nan,nan,nan,nan,nan
685.7142857142858,0.2,0.019100923753374986,-4.537277497676384e-08,-0.3071648084705124,8.671455017110131e-05,0.00047754414441899314,0.1405152109204267,0.005638152987282248,0.14074206935610217
685.7142857142858,0.30000000000000004,0.013270302087196246,-1.0937691659236248e-08,0.13521920180298294,-4.4280531359756404e-06,0.0001637776888049669,0.07079196982768479,0.00032623386890948857,0.07079366265626912
685.7142857142858,0.4,0.008791872439047338,1.1523349755399918e-08,0.1803130308469668,-5.490821408239476e-05,0.00025915645241036673,0.13587711090687268,0.005755253005199114,0.13612091060808074
685.7142857142858,0.5,0.006116573099368097,1.3580788734378622e-08,0.10635073583116016,-4.604208522219703e-05,0.00043845708674273404,0.12096483037995946,0.007248302450872178,0.12139916890287149
685.7142857142858,0.6,0.004504781118000459,9.587645245500495e-09,0.058098895275571896,-3.091378625453028e-05,0.0004202797168397115,0.09498602294407975,0.006986382196584822,0.09549942545464421
685.7142857142858,0.7000000000000001,0.0034739780893885395,7.143119607528918e-09,0.03317573559430877,-2.0669647003324867e-05,0.0004061055981924986,0.07364561057526924,0.006342457628652576,0.07419093217033734
685.7142857142858,0.8,0.002774932416719708,9.770644774813374e-09,0.020241846484583083,-1.4401947740644822e-05,0.0006955684925178827,0.05826705282457866,0.005731526765043878,0.05883225355624968
685.7142857142858,0.9,0.0022783052088967077,5.337211789726091e-09,0.01292242933701882,-1.0214508117405699e-05,0.0004629785859823456,0.04656844706976551,0.005090168687685087,0.04712381824723894
685.7142857142858,1.0,0.0019109022944438952,7.286075036443485e-09,0.008767991819677056,-7.671554401661054e-06,0.0007535501175093282,0.03848471129082414,0.004658304531222226,0.039051766197304015
685.7142857142858,1.1,0.001631179298187853,3.0750292705499375e-09,0.006097028130384656,-5.875144232685335e-06,0.0003727968563190394,0.03190654042392573,0.004253388722111935,0.03247073960602785
685.7142857142858,1.2000000000000002,0.0014124265832356575,1.647658673553829e-09,0.004395420264254219,-4.538159328613654e-06,0.00023071939751284225,0.026946272976473406,0.0038512416228664755,0.027492162207407553
685.7142857142858,1.3000000000000003,0.0012376280709260042,4.419841549855908e-09,0.003280950690863135,-3.765639924972705e-06,0.0007063523643027745,0.023229176863458413,0.00369108197031038,0.02381893708038813
685.7142857142858,1.4000000000000001,0.0010956390655249822,4.532293098271175e-09,0.0024966329273985208,-2.998136468429628e-06,0.0008184194523812221,0.02017272382591095,0.00335400835383494,0.020739029413926306
685.7142857142858,1.5000000000000002,0.0009786163893979454,2.2787457627311315e-09,0.0019330667060559908,-2.51892713514242e-06,0.00046081124758359034,0.01764328022686696,0.0031839893080226416,0.01821464410843262
685.7142857142858,1.6,0.0008809243803314685,7.28629101202472e-10,0.001491651669056936,-2.0849106728379916e-06,0.00016378869475420444,0.015242455421931114,0.0029512954572410714,0.015804415958141256
685.7142857142858,1.7000000000000002,0.000798148887955561,1.8381119583669635e-09,0.0012199695081571138,-1.729208358311789e-06,0.0004559517015540739,0.013848742700231226,0.002720963871041877,0.014380641679229342
685.7142857142858,1.8000000000000003,0.0007275730906612246,1.4198674448702512e-09,0.0009733352201185365,-1.5664118407439545e-06,0.00038653650245097545,0.012194907927663864,0.0027198871026840304,0.012792996581513645
685.7142857142858,1.9000000000000001,0.0006667306455680736,1.0495637422877636e-09,0.0007961476333515179,-1.2813078283974253e-06,0.00031189666853680484,0.01094251070539143,0.0024417108360276405,0.011478663845718282
685.7142857142858,2.0,0.0006138496768084378,1.9340282051940706e-09,0.0006605135182095465,-1.1388401464070713e-06,0.0006242059475292052,0.009906752038475299,0.0023689872596043067,0.010476524723833777
685.7142857142858,2.1,0.0005675738432308975,1.7046492237575427e-09,0.0005586104156035924,-1.0391925807312845e-06,0.0005952785044044619,0.009100117450707991,0.0023477896105394223,0.009705190684638805
685.7142857142858,2.2,0.000526884113809393,1.052480226134432e-09,0.00047573200755563177,-8.536810881381428e-07,0.0003960771215530034,0.008381852215872765,0.002086790619512634,0.008895038720226053
685.7142857142858,2.3000000000000003,0.0004909517044634449,6.978586657951868e-10,0.00037718630386991686,-7.196462108292692e-07,0.00028188190596568327,0.007158809574706001,0.001895757990039074,0.007649562644322036
685.7142857142858,2.4000000000000004,0.000458791158156196,4.782372885698015e-10,0.000336447084796701,-7.008535186846488e-07,0.00020673887213073334,0.00685295685375815,0.0019816411937384443,0.007406724123535514
685.7142857142858,2.5000000000000004,0.00042999508269691406,6.10299472823725e-10,0.0002901920779903202,-6.182032157827554e-07,0.0002816112974466079,0.006325145392002607,0.0018707166304934761,0.0068619188698228655
685.7142857142858,2.6,0.00040410092801753533,1.2505745115824093e-09,0.0002659359826225147,-5.08266433687992e-07,0.0006139318530260973,0.006184628460273862,0.0016417103954560407,0.00663452843515546
685.7142857142858,2.7,0.00038086613316438175,8.975174871427775e-10,0.00021139398136696337,-5.169838751885891e-07,0.000467587137325909,0.005231217418975843,0.0017765835292314735,0.005822093393983133
685.7142857142858,2.8000000000000003,0.0003597452781248978,4.4138939655226936e-10,0.00018256980752277805,-4.673875596330226e-07,0.00024359139586373806,0.004793542707667867,0.0017044914434859043,0.005371030685092756
685.7142857142858,2.9000000000000004,0.00034045012116064164,1.2030997503032341e-09,0.0001746683559627961,-3.935497712847536e-07,0.0007015009025626332,0.004855334220735875,0.0015203296049824564,0.005356227975629609
685.7142857142858,3.0000000000000004,0.00032290164775601344,9.527566813070562e-10,0.00015508984941174422,-3.791308234453105e-07,0.0005858721167338111,0.004555435283236835,0.0015474396893392773,0.005087669008613876
685.7142857142858,3.1,0.0003069040728455027,9.36685945257576e-10,0.00012626805783793268,-3.4722957346720194e-07,0.0006061829170508536,0.00391041850406851,0.0014946364631577107,0.004486279853050505
685.7142857142858,3.2,0.00029216917851337124,9.591399307339197e-10,0.0001096101600417821,-3.175569012053984e-07,0.0006521334789706449,0.0035714794862615113,0.0014385643210923682,0.004161691772226896
685.7142857142858,3.3000000000000003,0.00027853038578165763,1.243395936383216e-09,0.00011611814721335553,-2.814089077559217e-07,0.0008869384976877666,0.003974346226531946,0.0013393386606419607,0.004491073805094919
685.7142857142858,3.4000000000000004,0.00026605277452207757,5.301095821748311e-10,9.125118560327588e-05,-2.481460922339392e-07,0.0003960037767672053,0.0032761662734639117,0.0012390520273476242,0.003736386529194326
685.7142857142858,3.5000000000000004,0.00025448767511853027,4.0269575072620327e-10,8.420658330787104e-05,-2.4773421925127266e-07,0.00031455868022966377,0.003165033082595552,0.0012954412225270233,0.0036705200584217965
685.7142857142858,3.6,0.00024376464154806168,1.5926931615987535e-10,6.515307479647334e-05,-2.401715666514664e-07,0.00012993279764294337,0.0025601662149700426,0.0013132404707235001,0.0031655228080160027
685.7142857142858,3.7,0.0002336931387255578,8.789366682395192e-10,8.148932440004633e-05,-2.155192628888314e-07,0.0007479196439294101,0.003342950966249121,0.001230752728384098,0.0038424223496866176
685.7142857142858,3.8000000000000003,0.00022443652914705438,2.673624691668995e-10,5.4606291688576286e-05,-1.7998229310543028e-07,0.00023700008716842695,0.002336666450130754,0.001072075022081458,0.0027955086918889055
685.7142857142858,3.9000000000000004,0.00021572598248543673,5.656208763702094e-10,6.321938686688974e-05,-1.799370237734217e-07,0.000521569245953278,0.00281680469338694,0.0011165203297383948,0.003271033239276121
685.7142857142858,4.0,0.00020764762969248797,4.3546208660706975e-10,4.700243734782254e-05,-1.844837112786667e-07,0.0004173448969454299,0.002178802794466151,0.0011908103809716642,0.0027852140145848145
685.7142857142858,4.1,0.00020003930127301744,3.575430567724401e-10,4.6186080660860506e-05,-1.5780226323560772e-07,0.00035579671967940816,0.002224252727048171,0.0010586588343584583,0.002704701195076135
685.7142857142858,4.2,0.0001928928336601555,6.70648326731654e-10,4.744809253490601e-05,-1.4239900386171588e-07,0.000692088927243688,0.0023719385257274,0.0009919244200091394,0.0028412862515178098
685.7142857142858,4.3,0.00018622084697264264,3.1288232678293205e-10,3.602334559964811e-05,-1.339495078373529e-07,0.0003345684152979238,0.0018675315674565262,0.0009676230781792037,0.002339273182595737
685.7142857142858,4.3999999999999995,0.00017990909374112626,6.82809694011863e-10,4.1124407952072095e-05,-1.2630703799479009e-07,0.0007557125956339102,0.0022083675711191244,0.0009454302575724061,0.0026899192553378206
685.7142857142858,4.5,0.0001740085845891306,3.016282666537478e-10,3.09872624318846e-05,-1.22880160905173e-07,0.00034528314288447844,0.0017223844435830808,0.0009519996613223723,0.0022132409111014113
685.7142857142858,4.6,0.00016841794806145378,2.7810390873944157e-10,2.8787840406865898e-05,-1.193549835788242e-07,0.0003289996135596507,0.001654391964329795,0.0009564052140852891,0.002162099762827898
685.7142857142858,4.7,0.00016311518993784562,4.870337919770431e-10,3.18616937965984e-05,-1.1799204000855642e-07,0.0005949507193620577,0.0018918229418738934,0.0009771000709526208,0.002417107672235777
685.7142857142858,4.8,0.00015813104875220344,2.787401605277004e-10,2.541417075434466e-05,-1.046674327457124e-07,0.0003513926012349678,0.0015580505263813032,0.0008950174670045007,0.0020379182357116387
685.7142857142858,4.9,0.0001534010492741047,2.635935367242368e-10,2.3414406520030556e-05,-9.163681176623527e-08,0.0003425803594239162,0.001480696340458837,0.0008086509068560138,0.0019020135471729215
685.7142857142858,5.0,0.0001489051938612063,nan,nan,nan,nan,nan,nan,nan
700.0,0.1,0.021971367058553636,nan,nan,nan,nan,nan,nan,nan
700.0,0.2,0.01939035396722086,-4.3816217243888896e-08,-0.31799998614909813,8.64745827209684e-05,0.0004545857827647891,0.14473381892971388,0.005594550260831685,0.14495062254248872
700.0,0.30000000000000004,0.013629341014397105,-1.226640053263608e-08,0.1206128737944848,-4.614448151476875e-07,0.00017899107221153103,0.062202512650557755,3.351187893065895e-05,0.06220278823283397
700.0,0.4,0.009074456799518196,1.0352691007138604e-08,0.18016607160201334,-5.3180937909058363e-05,0.00022574626867530447,0.13218986259988524,0.005432106305808122,0.13241308958478978
700.0,0.5,0.006321233300659422,1.1578851927163834e-08,0.10876093408817494,-4.604900024216096e-05,0.00036196969184872844,0.11985393339902128,0.007028871026489241,0.1202659820110778
700.0,0.6,0.004655619142682398,1.2094774958048001e-08,0.05996512973771745,-3.128671067294638e-05,0.0005132791983919391,0.0948630225868455,0.006846437595661073,0.09535724369627314
700.0,0.7000000000000001,0.003589656282082548,7.574637338362687e-09,0.03430395590450939,-2.0857208012632056e-05,0.00041702030324252515,0.07368290844500804,0.006195981101414273,0.0742032699176183
700.0,0.8,0.0028667329805277916,6.660067168138029e-09,0.020884102419361363,-1.4482007377935903e-05,0.00045920494418461385,0.05817855743905766,0.005581130273266563,0.05871331573948826
700.0,0.9,0.002352650703166649,7.138875312015219e-09,0.013469659601527541,-1.0552783911217997e-05,0.0005999347166820124,0.04698609773920297,0.005093226985890223,0.047538776011607775
700.0,1.0,0.001973265021820782,-3.270853202374953e-10,0.00894958901700546,-7.842547014438344e-06,3.2792977595019645e-05,0.03804044945966431,0.004613487714622915,0.03859592476231924
700.0,1.1,0.0016833752306449695,4.613264673426163e-09,0.006394239615582796,-5.998018950299574e-06,0.0005421685749027291,0.03240436304740592,0.004209453075919201,0.032951110477014725
700.0,1.2000000000000002,0.001457427835624985,1.8708389494534613e-09,0.004551461901058147,-4.619684169054934e-06,0.00025405982169677654,0.027037714576056214,0.00380046113071581,0.027567908254008806
700.0,1.3000000000000003,0.0012769950596155822,9.857568617643485e-10,0.0033613413545424504,-3.6713388685421607e-06,0.00015280304523674176,0.023063518291463234,0.003489973249818899,0.023586204682402714
700.0,1.4000000000000001,0.0011301756971516038,1.6266341047913695e-09,0.0025842460042433276,-3.060367264695332e-06,0.00028493864592262646,0.02023693032157283,0.003320731703818998,0.020776646913533262
700.0,1.5000000000000002,0.0010091987947300587,1.384390353449413e-09,0.0019654055998448304,-2.5516077580986245e-06,0.0002716455114848454,0.01739026599844845,0.00312876854213062,0.017946407104519682
700.0,1.6,0.0009078759483069619,4.515240659086348e-09,0.0016176341134030868,-2.163736684717783e-06,0.00098474878569771,0.016028894622647394,0.0029719836596803825,0.016600017070523814
700.0,1.7000000000000002,0.0008227294430178959,-3.821041748200485e-10,0.0012071660123289796,-1.7884917319275255e-06,9.204142692621104e-05,0.013296596463207824,0.002730420449220715,0.013846239229072518
700.0,1.8000000000000003,0.0007496545978521198,2.1640678541779392e-09,0.0010175521438257767,-1.5083343628131346e-06,0.0005719492694131969,0.012368004481439755,0.002543297857721074,0.012893075226875602
700.0,1.9000000000000001,0.0006867552741246014,2.0326134233221116e-09,0.0008466819476249494,-1.3252991997907328e-06,0.000586569799275792,0.011294294066238353,0.0024518766143472076,0.011829139463547413
700.0,2.0,0.0006323227698733326,4.1814869484151005e-10,0.0006521222632919912,-1.1292614851938207e-06,0.00013110913084109213,0.009495700839330918,0.0022811690239267737,0.010029605588741058
700.0,2.1,0.0005844114882549836,1.6457304558233466e-09,0.0005797924703006642,-1.0253779633281602e-06,0.0005582974313000244,0.009169248648389,0.0022505269213996633,0.009721962746568669
700.0,2.2,0.0005422981313396413,1.6865059611886325e-09,0.0005062752509575932,-9.233533038067314e-07,0.0006167565337347501,0.00866299279073551,0.002192667961582142,0.009221898844258567
700.0,2.3000000000000003,0.0005052475269338749,7.016989750652201e-10,0.00038935249092760226,-7.602088901684546e-07,0.00027555816397278264,0.007179676056891128,0.0019460628516185683,0.007694023773587354
700.0,2.4000000000000004,0.0004720904474373846,1.1249938772560692e-09,0.00033461639901088096,-6.631116347439442e-07,0.00047277893256203755,0.006622821115850301,0.0018228340321208786,0.007122550615400585
700.0,2.5000000000000004,0.00044227953193100305,1.8460309183766755e-09,0.0003244115892581567,-6.288157376620641e-07,0.0008281100930123406,0.006871810074089348,0.0018498196965181224,0.007399405776125374
700.0,2.6,0.0004157127323172031,5.550604162281841e-11,0.0002581767845175335,-5.726161320740886e-07,2.6507870133755405e-05,0.0058374119957649295,0.0017980871044481546,0.006367284817396251
700.0,2.7,0.00039172770054857843,-2.4297865075308457e-10,0.00020547469486616998,-5.105623918751422e-07,0.00012318656309787956,0.0049427087239027785,0.0017067953016144167,0.005501985538139718
700.0,2.8000000000000003,0.0003697974157286155,1.0444926894294697e-09,0.0002140346472250659,-4.4356481153991136e-07,0.0005608594710314526,0.005463862956980837,0.0015741653487985183,0.005926580367263147
700.0,2.9000000000000004,0.0003500074773809032,1.1847603269357386e-10,0.0001663998743762823,-3.993011473241955e-07,6.724004724756635e-05,0.004499757632119279,0.0015008844272043722,0.00497570578907342
700.0,3.0000000000000004,0.00033188153777695374,3.720868755703094e-10,0.00015954148864829847,-3.732056607600266e-07,0.00022272741299942352,0.004558230865298744,0.0014826675053533577,0.005022318387430755
700.0,3.1,0.00031535101305948726,5.507943929271803e-10,0.00013371470486525148,-3.4342269924068683e-07,0.0003470312553857366,0.004028988950723634,0.0014389853034978309,0.0045270895799214336
700.0,3.2,0.0003001576353906733,4.722961044858689e-10,0.00011370597796374161,-3.177364356363902e-07,0.00031269849743142725,0.0036056956614974422,0.0014013420051043378,0.004126298630028738
700.0,3.3000000000000003,0.00028610131750149675,2.3905743773376963e-10,0.00011484277293323907,-2.9429287700883315e-07,0.00016610057209261026,0.0038260820113326217,0.0013639210169206716,0.004288012830937941
700.0,3.4000000000000004,0.0002731934273416526,5.40575313963437e-10,9.782950883765344e-05,-2.678805886996653e-07,0.0003933809767461821,0.0034194008504396926,0.001302891205566701,0.0039041134404547693
700.0,3.5000000000000004,0.000261263832270185,5.271917223504509e-10,8.254042704447906e-05,-2.588031716174877e-07,0.0004012348259540059,0.003021318186445787,0.0013183319560528108,0.003572863174263249
700.0,3.6,0.00025015964146916215,6.01484913724505e-10,7.762367449173109e-05,-2.1721723013378768e-07,0.00047823464924838944,0.002971083820414028,0.0011572371052575756,0.003425557309874937
700.0,3.7,0.00023983168741305663,6.936722273318747e-10,7.230563022363644e-05,-2.0114428926299386e-07,0.0005752091513262453,0.0028903795112190296,0.0011194947121756854,0.0033453992449067804
700.0,3.8000000000000003,0.00023022678965918747,8.958910222409329e-10,6.964331452885248e-05,-2.1321356432985345e-07,0.0007740685497836233,0.0029038412430008637,0.0012376115402919256,0.0034777637547200395
700.0,3.9000000000000004,0.00022131832505060684,7.651242491733528e-11,5.310770025728416e-05,-1.860911253035391e-07,6.88099255426931e-05,0.0023067558877879197,0.0011255063254423602,0.0028034597391293054
700.0,4.0,0.00021294093744459906,5.554765619574752e-10,5.197652510860364e-05,-1.6471164024599302e-07,0.0005191839050932044,0.0023484962258194684,0.0010369109330296018,0.0028169762185841674
700.0,4.1,0.0002050833150896773,8.382082334299682e-10,5.335836641975291e-05,-1.5728454601491002e-07,0.0008134294480733238,0.002505782451231821,0.0010290573407120468,0.003009739387528582
700.0,4.2,0.00019775927639895308,3.3478640401242633e-10,4.182115669800216e-05,-1.5688163250515317e-07,0.0003370782631078322,0.0020392276514408264,0.0010657077114778726,0.002558033819648886
700.0,4.3,0.00019085344927520888,4.773553614032325e-10,4.464424047687727e-05,-1.3868932563199422e-07,0.0004980965978014341,0.0022575042389826228,0.0009774712922847907,0.002693571210168328
700.0,4.3999999999999995,0.00018439406455623346,1.8991013848226078e-10,3.444814295425484e-05,-1.379720649820399e-07,0.00020515363109654145,0.0018049526002844698,0.0010077689537207949,0.0023089258172996324
700.0,4.5,0.00017827916126680058,1.6198866588942156e-10,3.462782164772269e-05,-1.3300773893745207e-07,0.0001810625753098728,0.001877924960928581,0.0010057869778582462,0.002362752781125208
700.0,4.6,0.00017251053619384493,3.110437388508678e-10,3.217601869851232e-05,-1.0731017066688727e-07,0.0003593113418298211,0.0018048109756563116,0.000839620415776892,0.0021900621414461634
700.0,4.7,0.0001670636713078744,3.1383790210036013e-10,2.6977527203242396e-05,-1.0968285445299191e-07,0.0003743860980592311,0.001563819103369348,0.0008869236728049862,0.0020393534125419995
700.0,4.8,0.0001618865816939363,5.430646826184154e-10,3.181887302442073e-05,-1.1228332071523491e-07,0.0006686428867059615,0.0019045955817517692,0.0009376216137968912,0.0024151265435353514
700.0,4.9,0.0001570276808102424,3.240332942065363e-10,2.5191123815521238e-05,-9.51072744401613e-08,0.0004114550897282673,0.0015560970867337064,0.0008196990744316617,0.001983569151668948
700.0,5.0,0.0001524206911647037,nan,nan,nan,nan,nan,nan,nan
714.2857142857143,0.1,0.022081331369511594,nan,nan,nan,nan,nan,nan,nan
714.2857142857143,0.2,0.019670842095914923,-4.137088549439968e-08,-0.3274476227767764,8.605446372755837e-05,0.00042336085928461716,0.14829161217556563,0.005540109986049778,0.148499047516678
714.2857142857143,0.30000000000000004,0.013985876594550486,-1.3304019322423112e-08,0.10582428608860923,3.3097720165618287e-06,0.00018934193457201067,0.053797537275023906,0.00023708932882527629,0.0537989153229455
714.2857142857143,0.4,0.009359153954072144,1.0054277542430856e-08,0.1795825219362487,-5.140751751973128e-05,0.00021272175094238504,0.12840276454764515,0.005121399035874483,0.128607047435942
714.2857142857143,0.5,0.00652825653295629,1.2506499118931332e-08,0.11115663769439112,-4.600840851130799e-05,0.00037880830459032704,0.11876782692096562,0.006813908232298727,0.11915871305975256
714.2857142857143,0.6,0.004808925488784347,9.448762055400313e-09,0.06172858745189211,-3.1534697408196236e-05,0.0003884481417042064,0.09455600762664672,0.006686062664826686,0.09502839753550117
714.2857142857143,0.7000000000000001,0.0037068803191313243,9.567085120736595e-09,0.035505759223882626,-2.1189762089723104e-05,0.0005103077245671966,0.07383304088759789,0.00609792749680045,0.074336718922723
714.2857142857143,0.8,0.002959892741717128,5.57195568675674e-09,0.02155479464626417,-1.4663618085954714e-05,0.0003723193216138988,0.05814807274736983,0.005475095328882022,0.058662512080811476
714.2857142857143,0.9,0.002428453110765573,4.917747322557345e-09,0.013854751727747921,-1.0717371613177612e-05,0.00040060602371686644,0.04680828981563144,0.005012960129224353,0.04734380655550175
714.2857142857143,1.0,0.0020355609970914975,7.950652520264105e-09,0.009384376227107711,-7.864936254942365e-06,0.000772849701492798,0.03864343184352971,0.00448481478053744,0.03916808967179888
714.2857142857143,1.1,0.0017365126456884994,6.81645922703276e-09,0.006534659759604684,-5.968264234450176e-06,0.0007767069498414019,0.032102500337458345,0.004061050151780776,0.03262143556425748
714.2857142857143,1.2000000000000002,0.001502810891881548,6.585860294356302e-09,0.004745408510031128,-4.829542709652089e-06,0.0008673895833498792,0.027327232668378585,0.0038521430020243552,0.027878450843206695
714.2857142857143,1.3000000000000003,0.001316563223174908,4.567927901974234e-09,0.0034728740453792385,-3.884660111277355e-06,0.000686946560540271,0.023109188681958076,0.0035813993849595745,0.023667685569665555
714.2857142857143,1.4000000000000001,0.0011650442949220604,8.570703424329491e-10,0.002653836203652033,-3.1426948267018884e-06,0.00014574959769812047,0.020157301654319917,0.0033082929806494154,0.020693662262154227
714.2857142857143,1.5000000000000002,0.001040063728705733,1.864122674105587e-09,0.00206658314785774,-2.455973871642583e-06,0.00035511058410690353,0.017738236707952736,0.0029235644989536462,0.018217178809941753
714.2857142857143,1.6,0.000935748993967983,6.462126089071422e-10,0.0015797758406157004,-2.1840277590419973e-06,0.00013684003931265564,0.015189221554544463,0.0029123617710076536,0.015738325158664464
714.2857142857143,1.7000000000000002,0.00084723201763639,3.062467121297048e-09,0.0013462710239070571,-1.8718966933582507e-06,0.0007164399869237421,0.014387095605609815,0.0027747105132952714,0.014929830644886873
714.2857142857143,1.8000000000000003,0.0007721777515438676,6.620464937552483e-10,0.0010071236295768166,-1.520894934660262e-06,0.00016998667207824886,0.01188722343598974,0.0024906094751711984,0.01239924383184124
714.2857142857143,1.9000000000000001,0.0007071947217471133,2.960535114353208e-10,0.0008669507456203244,-1.3828929950809334e-06,8.302807925889245e-05,0.0112273468626488,0.00248549559893484,0.011765015426289258
714.2857142857143,2.0,0.0006508811994065623,7.953393849660573e-10,0.0007017319571389753,-1.117191380685062e-06,0.0002424039563650379,0.009922754448808071,0.0021932108772232933,0.01039904627518038
714.2857142857143,2.1,0.000601584996637401,1.0208994051793305e-09,0.0005767539891688268,-9.318099337461839e-07,0.0003366041602472358,0.008861125343529348,0.001987982654360453,0.009302526258093009
714.2857142857143,2.2,0.000558056333759928,2.1468869469142723e-09,0.0005158882394312138,-9.097009820680417e-07,0.0007629745776976888,0.008575483802202601,0.002099583891558027,0.00910700596702517
714.2857142857143,2.3000000000000003,0.0005196865532767672,2.3471958946207686e-09,0.0004302554512161963,-8.290325895734383e-07,0.0008960259059809031,0.007709892804501154,0.002062388769867869,0.008291694902566168
714.2857142857143,2.4000000000000004,0.00048561932730576833,7.813354475078221e-10,0.00033886208340729544,-6.924544272567181e-07,0.0003193546293584911,0.006520508973547161,0.0018503780398925935,0.007033265417601931
714.2857142857143,2.5000000000000004,0.0004549407221688424,3.8126576095137873e-10,0.0003073747348550858,-6.385602843199083e-07,0.00016637312962648786,0.006329540806384515,0.001826987736198887,0.00683860623331909
714.2857142857143,2.6,0.0004273358643804673,1.5779759767214329e-09,0.000280867386093735,-6.068051828725677e-07,0.0007330976980464011,0.0061737139017750235,0.0018535431549718908,0.006747104566444589
714.2857142857143,2.7,0.0004025396804530296,1.5129819077237217e-09,0.00023192185800942664,-4.901656327664866e-07,0.0007464378845204296,0.005427156420527839,0.0015940515675810156,0.005923951141640085
714.2857142857143,2.8000000000000003,0.0003800627151056861,1.1600985839571407e-09,0.00020032626250044672,-4.458854358577163e-07,0.0006061857895666008,0.0049765593860211215,0.0015398600990978646,0.005465889020429776
714.2857142857143,2.9000000000000004,0.0003595890123833471,1.086549743378524e-09,0.0001822054233941079,-4.3491364915170876e-07,0.0006002963522816495,0.004794088347851777,0.0015907866298183696,0.005329619404872041
714.2857142857143,3.0000000000000004,0.0003409373638949492,8.353543466459297e-10,0.00016246448858852895,-3.755839967142833e-07,0.0004868594125366279,0.004518060424363869,0.0014525169528946452,0.004986934236850454
714.2857142857143,3.1,0.00032391036029243657,5.876379764257303e-10,0.00013591225381505637,-3.657780137783012e-07,0.00036058284897304857,0.003986428834386546,0.001492273652915819,0.004524974712965305
714.2857142857143,3.2,0.0003082424792280745,1.0919631067716836e-10,0.00011464382898139933,-3.142744750254176e-07,7.044409348785027e-05,0.003539369005606837,0.0013499023731824407,0.00402201046274184
714.2857142857143,3.3000000000000003,0.00029372103645352644,9.963098287263742e-10,0.00012448079748948518,-2.8590988932201193e-07,0.0006742912472919153,0.004038405018063051,0.0012911117594834954,0.004483003783964994
714.2857142857143,3.4000000000000004,0.0002804444016538732,2.756407564305955e-10,9.798127150381358e-05,-2.757923993875853e-07,0.00019549225753492185,0.0033358615605769363,0.0013065722823400023,0.003818435783413048
714.2857142857143,3.5000000000000004,0.00026814757956925814,4.866448448479329e-10,8.266359288286341e-05,-2.4533950845819116e-07,0.000360974966965759,0.0029475929059510166,0.001218012259669352,0.0034330328567315476
714.2857142857143,3.6,0.0002566773934134717,5.91713725129831e-10,9.04594603550184e-05,-2.2863058487280433e-07,0.0004586046706342866,0.003373495315539636,0.0011871273904756605,0.003795962561766192
714.2857142857143,3.7,0.0002461118018612354,5.904071741756359e-13,6.536747648195217e-05,-2.009082380784406e-07,4.773972331425078e-07,0.0025466783658915472,0.0010899902555416177,0.002976865539717829
714.2857142857143,3.8000000000000003,0.0002361998850738187,3.039170497808945e-10,6.383141099703097e-05,-2.043434148979084e-07,0.0002560484099732808,0.0025935940704306768,0.0011566100414269853,0.0030769765300181404
714.2857142857143,3.9000000000000004,0.00022692628239637233,8.661143936831761e-10,6.949280414489767e-05,-1.99355736242218e-07,0.0007595603182150298,0.0029421184571355465,0.0011756926281191187,0.003463740637584149
714.2857142857143,4.0,0.00021834760776037493,2.729224037813431e-10,5.294586867412664e-05,-1.634884800745555e-07,0.00024886491038458386,0.002333174814085486,0.0010036267033421687,0.0027422931236515376
714.2857142857143,4.1,0.0002102983918111188,1.3866706997079352e-10,4.4486703180889534e-05,-1.541693941171336e-07,0.0001312942837299315,0.0020374257193470774,0.000984057971921622,0.0024708464005279854
714.2857142857143,4.2,0.00020269404289367156,5.808368148641322e-10,4.937770630616662e-05,-1.6157059743482807e-07,0.0005705879131600481,0.002347983067341552,0.0010708603784981986,0.0028516800226606057
714.2857142857143,4.3,0.000195583471039286,3.682289239666317e-10,4.448933575590689e-05,-1.5007720629492542e-07,0.0003750150677548782,0.0021949010005807095,0.0010320035926255763,0.0026623841822279496
714.2857142857143,4.3999999999999995,0.00018891779254245948,4.068524218322241e-10,3.3068281024358646e-05,-1.3244101074188736e-07,0.00042904688730604194,0.0016907502893082603,0.0009441724962098842,0.002196734207295315
714.2857142857143,4.5,0.00018258279685587657,8.38465138204714e-10,4.188014709936252e-05,-1.3127512420197478e-07,0.0009147737493565417,0.0022168450380315513,0.0009690547795229387,0.0027621273081792296
714.2857142857143,4.6,0.00017666660264028727,3.3423203405698123e-10,3.2579280465424994e-05,-1.2132807137484605e-07,0.00037708158258831237,0.0017843565235306238,0.0009265908716728025,0.002245720376611551
714.2857142857143,4.7,0.00017107620122935223,2.941146821709292e-10,2.6714434431693793e-05,-1.0011535678544438e-07,0.00034269957943497284,0.0015121383460397063,0.0007906531191480291,0.0019116145241511483
714.2857142857143,4.8,0.00016575294416273413,3.7010102498076506e-10,2.907544939796755e-05,-1.0608873824969992e-07,0.00044509793319778954,0.0016995613176486039,0.0008652949930558365,0.00214104920368482
714.2857142857143,4.9,0.0001607204415900957,4.573675990997327e-10,2.9568011462164e-05,-1.0996110092229922e-07,0.0005673958300807802,0.0017838604081224954,0.0009257045729243485,0.002284284110246822
714.2857142857143,5.0,0.0001559836191320789,nan,nan,nan,nan,nan,nan,nan
728.5714285714287,0.1,0.022189983320147325,nan,nan,nan,nan,nan,nan,nan
728.5714285714287,0.2,0.019942887186752984,-3.995945748439608e-08,-0.33560939846389404,8.54899623540481e-05,0.0004035770379321283,0.15124364611810168,0.005477222345133679,0.15144240916849938
728.5714285714287,0.30000000000000004,0.0143396970687197,-1.435906519585731e-08,0.0909396051315684,6.876678606201374e-06,0.00019947613014523102,0.045600019836633705,0.0004861649357101509,0.04560563904296609
728.5714285714287,0.4,0.009645903002002099,8.488763988697735e-09,0.17857231767276263,-4.95582871292217e-05,0.00017438431365416306,0.12453004886853322,0.004819245987692025,0.12471653356659611
728.5714285714287,0.5,0.0067378321120121236,1.1608867297060503e-08,0.11343989316509645,-4.5914297052536955e-05,0.0003408967860651249,0.11760422341127724,0.006602508012186871,0.11797481001845413
728.5714285714287,0.6,0.004964160153673112,1.1729400321317335e-08,0.06355686271971712,-3.178381828242971e-05,0.00046736704046975873,0.09432835615836843,0.006533368723123624,0.09478094228923398
728.5714285714287,0.7000000000000001,0.0038260568225312714,7.572896816715955e-09,0.036623614533065695,-2.1588636625422993e-05,0.0003915824064841135,0.07377605355050226,0.006021511630346895,0.07426692816386343
728.5714285714287,0.8,0.003054189636720088,4.437719690363967e-09,0.022293668935815556,-1.4940551184249957e-05,0.0002875656715241975,0.05826800272418941,0.005407864374712739,0.05876846798813253
728.5714285714287,0.9,0.00250525914026706,4.46810786262839e-09,0.014315091069517406,-1.061500893797717e-05,0.0003530262706204026,0.04687034130889944,0.004814992091724672,0.04736371838915538
728.5714285714287,1.0,0.002099479554509206,4.925177762468968e-09,0.009734120610864308,-7.989142092334288e-06,0.000464395125426408,0.038854745420973315,0.004418568189304873,0.0393567579234906
728.5714285714287,1.1,0.0017910411748599951,-9.083674888208922e-10,0.006693520604862364,-6.2341898173410716e-06,0.00010045664627467248,0.031881808948728274,0.004114753317032322,0.032408675121038934
728.5714285714287,1.2000000000000002,0.0015495380012594082,-1.1559463325683351e-09,0.0049028789259488925,-4.881934652391637e-06,0.00014780895884207868,0.027374462378466254,0.003779262820200414,0.027891731622950135
728.5714285714287,1.3000000000000003,0.0013570636169183102,-1.268105604697313e-10,0.0035498572430086956,-3.863769284733253e-06,1.8518068054872018e-05,0.02290913317468498,0.003458376823943642,0.023425402157638137
728.5714285714287,1.4000000000000001,0.0012000878050072992,5.157786762589862e-09,0.0028197102783916344,-3.114031330220687e-06,0.0008514991356934977,0.02077802575530525,0.003183180542621789,0.02127713988768385
728.5714285714287,1.5000000000000002,0.0010713090958802045,3.379572568872561e-09,0.002122353300016105,-2.646747066798243e-06,0.0006251641342784979,0.017684983475048283,0.0030586607404693342,0.018217032737471158
728.5714285714287,1.6,0.000963753919753271,2.6995031757192972e-11,0.00161608419186074,-2.1978350681179283e-06,5.554938658827027e-06,0.015085134608447806,0.0028459378834219578,0.015612816590382588
728.5714285714287,1.7000000000000002,0.0008723595855449447,1.79462346755451e-09,0.0013870765428334673,-1.8298825041798784e-06,0.00040791702295146884,0.014392434774102613,0.002635825587650985,0.01487291928578391
728.5714285714287,1.8000000000000003,0.0007948360167649532,1.1875584439035109e-09,0.0010382140468629968,-1.5945693428857077e-06,0.0002963776526513491,0.011901216700845287,0.002537113738338558,0.01243385261759212
728.5714285714287,1.9000000000000001,0.0007276945884535916,2.498153647103753e-09,0.000904878295775917,-1.301294947873264e-06,0.0006809461183540133,0.011384465181369674,0.002273339226598534,0.01184929861047915
728.5714285714287,2.0,0.0006696019430999892,3.3390108745074515e-09,0.0007457554090815214,-1.151067677812777e-06,0.0009890082995514151,0.01024819231741589,0.002196304249158851,0.010754119578146325
728.5714285714287,2.1,0.000618966851837202,8.247714337837227e-10,0.0005920915799047785,-1.0003851272842902e-06,0.00026444021673765957,0.008842441184737777,0.002074184426382072,0.009320041673891106
728.5714285714287,2.2,0.0005742526763734626,6.735789349225432e-11,0.000506609828026703,-8.749564013814992e-07,2.328090724641354e-05,0.008184765089164249,0.0019637144990474927,0.008643105392911899
728.5714285714287,2.3000000000000003,0.0005346045991899902,4.713232035654741e-10,0.00043511413814113374,-8.628068697400419e-07,0.00017500930285860487,0.007577050243613655,0.0020874834358956514,0.008133725643308252
728.5714285714287,2.4000000000000004,0.0004993076633879292,4.872295482338042e-10,0.0003668994159783324,-7.374793244937582e-07,0.00019379358122773602,0.00686300522917765,0.0019168591538279915,0.007381537425162401
728.5714285714287,2.5000000000000004,0.0004676797217456514,1.1765562145977411e-09,0.00032292522539745363,-5.99803413280522e-07,0.0004995508160488022,0.0064674598263989,0.0016699856636266976,0.006903281238464512
728.5714285714287,2.6,0.00043928103235734816,7.757814081227461e-10,0.0002778089206338597,-5.606201397200758e-07,0.0003507491468129592,0.005940153222742182,0.001666225305438684,0.006400082719044561
728.5714285714287,2.7,0.0004136604321753835,1.3380212760951734e-09,0.00025249373023903293,-5.386689298907131e-07,0.0006424252125327302,0.0057478860146557235,0.0017048148604348395,0.0062660746251454345
728.5714285714287,2.8000000000000003,0.0003905647692958092,-1.644335185913071e-10,0.0001923185815143574,-4.796241858669798e-07,8.367849705610516e-05,0.004649189686888358,0.0016119763753566876,0.005178696989103997
728.5714285714287,2.9000000000000004,0.0003693922922313785,8.19768440180991e-10,0.00019438553249042373,-4.1440150754419746e-07,0.00044100172716679076,0.004977037044096479,0.001476192137607224,0.005415133120795784
728.5714285714287,3.0000000000000004,0.000350163670491852,7.346506837302206e-10,0.00016545848906982872,-4.025697798570829e-07,0.0004170015860461063,0.004479207946390757,0.001515961967602124,0.0049833197292775905
728.5714285714287,3.1,0.0003325896336430238,5.630782791353946e-10,0.00013340112326428244,-3.7361862543948635e-07,0.00033661212826374736,0.0038096791445241204,0.001484510856445231,0.004362855472614672
728.5714285714287,3.2,0.0003163496080268384,1.2412715931857977e-09,0.00014345015313778697,-3.0937632720940004e-07,0.0007801444008468044,0.0043131276091351485,0.00129463130539148,0.004750140576094122
728.5714285714287,3.3000000000000003,0.0003015440839420309,2.91554565683242e-10,0.0001013069324468541,-2.7938467357608385e-07,0.00019229415166313328,0.0032023726243485483,0.001229161071424909,0.0036488136900852735
728.5714285714287,3.4000000000000004,0.0002877516291816919,1.257533188318357e-09,0.00011714677214371075,-2.88414417950782e-07,0.000869034742658723,0.0038848970476313897,0.0013315615205032219,0.004403834535993911
728.5714285714287,3.5000000000000004,0.00027513064214279006,4.478030297921763e-10,8.062481569807554e-05,-2.5448477487796187e-07,0.0003238367260718099,0.0028018891127517295,0.0012310552041943522,0.00331458091722884
728.5714285714287,3.6,0.00026331590326086896,6.853927598655417e-10,8.908724217264137e-05,-2.418493251193773e-07,0.000517878678093206,0.0032379978281883263,0.001224283488657472,0.003708175883338667
728.5714285714287,3.7,0.00025239203680067426,5.637327405618913e-10,7.668340356807686e-05,-2.2072779434776702e-07,0.00044456389290066376,0.002912220743921649,0.0011674642268525422,0.0033770715358368356
728.5714285714287,3.8000000000000003,0.00024223500437616034,4.1824185967320514e-10,6.330258300186172e-05,-1.7980770336953808e-07,0.0003436826997118415,0.002508105398422484,0.0009925839814212381,0.002894677254552794
728.5714285714287,3.9000000000000004,0.000232710997781665,3.8520867684726093e-10,6.229853387324358e-05,-1.952613237462233e-07,0.0003295158226431101,0.0025718221044759427,0.0011231672808358186,0.003040700428507137
728.5714285714287,4.0,0.0002238099765259021,5.638800555606083e-10,6.328126644559419e-05,-1.8988426997561967e-07,0.0005016733739262506,0.0027193070825542245,0.0011370177421254882,0.003198738169208665
728.5714285714287,4.1,0.00021554176793459515,3.735738833298464e-10,4.737881705843202e-05,-1.6333156685270948e-07,0.00034519193339641095,0.0021169215865115268,0.0010171909465947911,0.0025826090137667465
728.5714285714287,4.2,0.0002077473475138725,-5.751921183056945e-13,4.35714470206405e-05,-1.4465421072665272e-07,5.516252425401498e-07,0.0020214850902522986,0.000935649632696714,0.002416046925192833
728.5714285714287,4.3,0.00020038864156335628,6.176708571629184e-10,4.94616022341833e-05,-1.3601475068606226e-07,0.0006139458328613812,0.0023808536102190407,0.0009130935076104997,0.0027772059531589992
728.5714285714287,4.3999999999999995,0.00019352455163518188,5.671579579617711e-10,3.970860722725627e-05,-1.2851722093876388e-07,0.0005838498873004128,0.001981579740122233,0.0008941951515421363,0.0024221290005791455
728.5714285714287,4.5,0.00018705754777928005,2.5730075741229357e-10,3.00335782546713e-05,-1.266143068365699e-07,0.0002740841453601782,0.0015519259959991215,0.0009123846966719955,0.0020367837600585347
728.5714285714287,4.6,0.00018089087970592492,7.702812319683508e-10,4.245429227849441e-05,-1.3841528964197813e-07,0.0008484819535307694,0.002269584562745828,0.0010321075508479387,0.0028286794986276233
728.5714285714287,4.7,0.00017514875455535475,3.2320910196638005e-10,2.8820804817204124e-05,-1.1726922761215008e-07,0.0003679069998334,0.0015932702004688261,0.0009042226844265488,0.0020758378593453523
728.5714285714287,4.8,0.0001696948374529566,2.5410385789680686e-10,2.656223457374155e-05,-9.807984128070336e-08,0.00029856843549201444,0.001516552866229301,0.0007815059028699996,0.0019001522726302131
728.5714285714287,4.9,0.0001645065426962959,3.842053001694802e-10,2.8234983596143682e-05,-1.0718777540039115e-07,0.0004656931432890647,0.0016638681541488313,0.0008816088299105072,0.002130679608962698
728.5714285714287,5.0,0.0001596005977755966,nan,nan,nan,nan,nan,nan,nan
742.8571428571429,0.1,0.02229752782578692,nan,nan,nan,nan,nan,nan,nan
742.8571428571429,0.2,0.0202067772862677,-3.823513027635885e-08,-0.3425439625328107,8.478441029240936e-05,0.000381329206795138,0.1536241888379488,0.005406147955101028,0.15381479018451572
742.8571428571429,0.30000000000000004,0.014690587121420372,-1.4946733223029587e-08,0.07599874941730289,1.031677955068084e-05,0.0002028372884620703,0.03761052459807671,0.0007202440619436674,0.03762486154825894
742.8571428571429,0.4,0.009934384450746073,9.639474695963974e-09,0.17715950675874187,-4.76385155558553e-05,0.00019239822372490209,0.12059389137716989,0.004525408344596441,0.1207637457846345
742.8571428571429,0.5,0.006949776847659194,1.2838938338316263e-08,0.1156619329157178,-4.584578490143506e-05,0.0003657267589927739,0.11642586764098062,0.006405383592948548,0.11677831258398544
742.8571428571429,0.6,0.005121788573729493,8.317178594201724e-09,0.06529785152776947,-3.212657763444416e-05,0.0003214062914275627,0.09395675999260746,0.006406047107880352,0.0943930661087422
742.8571428571429,0.7000000000000001,0.003946778815077487,7.27764696226027e-09,0.03776231323772329,-2.1806005063451463e-05,0.0003650133125821702,0.0737287623144237,0.005898648198111815,0.07420007903139539
742.8571428571429,0.8,0.003149392188802714,9.522542960357895e-09,0.023097146598808092,-1.5111065734212435e-05,0.0005985995064042959,0.0585215125574617,0.0053053110878095175,0.059003545697348427
742.8571428571429,0.9,0.0025829770285160218,5.6080285173984336e-09,0.014784138201645588,-1.0908803330138343e-05,0.0004299641858454367,0.04694282996639422,0.004800191525779005,0.04743308794315663
742.8571428571429,1.0,0.0021644032502457855,8.088419077400675e-10,0.009955485093577405,-8.219343686668277e-06,7.403918736779152e-05,0.03854267762999447,0.004411205085389108,0.03904434583011563
742.8571428571429,1.1,0.0018453843229113234,4.538859227497082e-09,0.0069663807645597275,-6.202542302318287e-06,0.00048735746444356396,0.032186149987386316,0.003974346916232042,0.0326768516710194
742.8571428571429,1.2000000000000002,0.0015960292032224585,7.776096423415363e-09,0.005086404742190046,-4.830186658660371e-06,0.000965240159405082,0.0275628479067472,0.003630470088045389,0.028053571954676136
742.8571428571429,1.3000000000000003,0.001397538130955494,5.206246123621385e-09,0.0037136865947393974,-3.907178961564102e-06,0.0007383208675262139,0.023268287242121193,0.0033949633425706936,0.023769936076482874
742.8571428571429,1.4000000000000001,0.0012361839246359237,2.4689237699340756e-10,0.002841445342584769,-3.1695288425599757e-06,3.9601504593454655e-05,0.02033179116652852,0.003146394658234746,0.020813046365422565
742.8571428571429,1.5000000000000002,0.001103244171742201,1.4593264877900257e-10,0.0021459935880235215,-2.6989385641586813e-06,2.6234968573183402e-05,0.01735982441816295,0.003030365719399476,0.017881007379050143
742.8571428571429,1.6,0.0009917643547287134,3.916322181734855e-09,0.0017568865425529553,-2.1520246409442257e-06,0.0007831371308699558,0.015924729878958235,0.0027081540359464844,0.016397515727949733
742.8571428571429,1.7000000000000002,0.0008978534031407555,3.0135737109607258e-09,0.0013794189299344126,-1.7967223383345412e-06,0.0006656279004025225,0.013908736721151246,0.002515002439030626,0.014371725443270733
742.8571428571429,1.8000000000000003,0.0008177366408521415,3.6842434132579792e-09,0.001108440387146141,-1.6274866120447954e-06,0.0008936250362420326,0.012345449527380944,0.002516315910236242,0.012879145206834383
742.8571428571429,1.9000000000000001,0.000748704282434989,1.3883599949570309e-09,0.0009332193566295394,-1.3677401519109523e-06,0.0003679737174288616,0.011412223813978259,0.0023222482719136967,0.011881074493069353
742.8571428571429,2.0,0.0006890041175841319,-3.2767473040123775e-10,0.0007213075004500385,-1.2345654189252394e-06,9.44072743970443e-05,0.00963407739707527,0.002290481861929264,0.0101644957743092
742.8571428571429,2.1,0.0006365170277377751,7.238054571281111e-10,0.0006432827604454702,-1.0625347288456434e-06,0.00022579032534318237,0.00933641387661114,0.002142908771322777,0.00981853967506471
742.8571428571429,2.2,0.0005904627654958731,1.2037894068960706e-09,0.0005210330258133082,-9.207948851373488e-07,0.00040478465730643985,0.008185688726428815,0.002010686742541251,0.008674968178502834
742.8571428571429,2.3000000000000003,0.0005496188335121042,-2.0622385781743036e-10,0.000432053254343517,-8.166567099357457e-07,7.454334728488886e-05,0.007317197283061142,0.001922255447690776,0.007806219622981122
742.8571428571429,2.4000000000000004,0.0005130954340717704,2.0761222266745506e-09,0.0004086800204207083,-6.945705895514986e-07,0.0008035138759999907,0.007435698988137168,0.001757455808127253,0.007881151935228065
742.8571428571429,2.5000000000000004,0.0004806588348356436,2.8998770953383656e-10,0.0003162287471063793,-6.454144349335551e-07,0.0001198734238539533,0.006163156522303922,0.0017485464646719464,0.006641814317970457
742.8571428571429,2.6,0.0004513845230705806,5.104617605006826e-10,0.000294403815876993,-5.565881902427205e-07,0.00022471446200990344,0.006125005815770794,0.001610554202584223,0.0065386514291240405
742.8571428571429,2.7,0.0004250542494642875,2.414172334023527e-10,0.00023092897670009014,-5.454678450623285e-07,0.00011287313604855,0.005116014504200913,0.0016808733970329027,0.0056424299291831185
742.8571428571429,2.8000000000000003,0.00040103326562499533,1.2603070624095048e-09,0.0002350589975376308,-4.814059833853435e-07,0.0006246506894959261,0.00553009404879224,0.001575548754494892,0.005994734058151028
742.8571428571429,2.9000000000000004,0.00037936287176107945,7.097797388023529e-10,0.00018474279025565657,-3.923301078074714e-07,0.00037191547339118655,0.004606669972071815,0.0013611642413428246,0.005006522299436676
742.8571428571429,3.0000000000000004,0.00035953990579972014,9.792220527163061e-10,0.00016668810897676,-3.99432173430515e-07,0.0005414049914062299,0.004393896224028461,0.0014650813262692098,0.004887982198966834
742.8571428571429,3.1,0.00034138382092812843,1.0543228797918515e-09,0.0001482321502368805,-3.6415366212523333e-07,0.0006140756992384627,0.004122828866719805,0.0014093660047442202,0.004620328115979501
742.8571428571429,3.2,0.00032471005755890553,7.376201160598135e-10,0.00013903381726248162,-3.3762059448462504e-07,0.00045175633791374493,0.004072653967153073,0.0013764969406095768,0.0045365275023996
742.8571428571429,3.3000000000000003,0.00030942663236230744,5.350071095377037e-10,0.00011722889699886929,-2.9988138925271203e-07,0.00034397859772060786,0.0036102638113573943,0.001285639053049012,0.004056853659270466
742.8571428571429,3.4000000000000004,0.00029531549613569805,1.474504819816654e-10,0.00010007331806603053,-2.732114956284348e-07,9.934300365709969e-05,0.0032341533533175246,0.0012296142206416275,0.003673352584269422
742.8571428571429,3.5000000000000004,0.00028220509308974896,8.044404704544917e-10,9.995991379082939e-05,-2.638477454717715e-07,0.0005671967147885282,0.0033848516281345976,0.0012443499019966088,0.003856908867856522
742.8571428571429,3.6,0.00027009428918170817,4.5742773380781005e-10,8.03833964519579e-05,-2.419364680725321e-07,0.00033705432941028886,0.0028484034633065175,0.0011940958025212893,0.0033284737466215213
742.8571428571429,3.7,0.00025878731923818695,6.860707569964406e-10,8.751298654021852e-05,-2.3215579977049618e-07,0.0005277139290010295,0.0032400902220240373,0.0011974434022896702,0.003693833786337929
742.8571428571429,3.8000000000000003,0.0002483554791600679,4.0459448216386214e-10,6.506881006918657e-05,-1.977049642224087e-07,0.0003243666764915639,0.0025143739755384797,0.0010644990137270876,0.0029484922469179475
742.8571428571429,3.9000000000000004,0.00023857432718264079,3.634715168305602e-10,5.9424764857490676e-05,-1.8841177998171338e-07,0.00030337124886523694,0.0023927301728338657,0.0010573587605637099,0.0028378172759551106
742.8571428571429,4.0,0.00022938742285378858,4.5074351168273694e-10,6.608651011616157e-05,-1.8487575406731427e-07,0.000391345620333311,0.0027700595825454846,0.001080144937346341,0.0031874453182377874
742.8571428571429,4.1,0.000220861383626098,5.153447557805259e-10,4.6519034951946136e-05,-1.7458552242095506e-07,0.00046477607686312933,0.0020279679841731057,0.0010610534475046206,0.0025652172974970936
742.8571428571429,4.2,0.00021280053474792687,7.000880034507739e-10,5.8018149464285294e-05,-1.5114391031988904e-07,0.0006554006101734059,0.002626903287109065,0.0009541894241590673,0.0030250827681229005
742.8571428571429,4.3,0.0002053198673643986,8.953619333683653e-11,4.078572690669704e-05,-1.3286714884265067e-07,8.690135361926809e-05,0.0019166176887200886,0.0008707026401819777,0.002279741517193414
742.8571428571429,4.3999999999999995,0.0001982470572499373,2.204877049862217e-10,4.1056192586310426e-05,-1.3691759446766141e-07,0.00022164661852193174,0.0019996210358661747,0.0009302190203843583,0.0024037941597296534
742.8571428571429,4.5,0.0001915848090613391,2.146958342783296e-10,3.497961502437873e-05,-1.2379032243300888e-07,0.00022337069418140252,0.0017644456119355486,0.0008710868690982774,0.00216350351317685
742.8571428571429,4.6,0.0001852723570229847,9.643599427935078e-11,3.273639379446123e-05,-1.249361103167965e-07,0.00010376153540965907,0.0017087155268129914,0.0009098893813433792,0.0021415584466376917
742.8571428571429,4.7,0.0001792872689225749,5.262045108293291e-10,3.864078511970215e-05,-1.2389121786303234e-07,0.0005851186165934969,0.0020856206365911577,0.0009331163285776784,0.002536452128579557
742.8571428571429,4.8,0.0001736885886733621,4.2719764132619083e-10,2.8114462327928737e-05,-1.100769161913821e-07,0.0004904282274823354,0.001568123743357927,0.000856808258323143,0.0020415123570176642
742.8571428571429,4.9,0.00016837105304742862,1.2929021512722402e-10,2.532446474952409e-05,-1.0085876995698244e-07,0.0001531722955556454,0.0014580384896298025,0.0008105098926985414,0.001860964954450283
742.8571428571429,5.0,0.00016330676206899038,nan,nan,nan,nan,nan,nan,nan
757.1428571428571,0.1,0.02240423072730163,nan,nan,nan,nan,nan,nan,nan
757.1428571428571,0.2,0.020462864297970913,-3.635122766049823e-08,-0.3483071048238136,8.394882443708202e-05,0.0003581877787750772,0.1554648803002056,0.005327675983246368,0.1556477612046092
757.1428571428571,0.30000000000000004,0.015038426820402058,-1.631534416171416e-08,0.061084379639071346,1.3587008420738565e-05,0.00021645165059862848,0.029851333982177878,0.0009371596162618135,0.029881524862785676
757.1428571428571,0.4,0.010224833139223918,7.3405757287953265e-09,0.17531023167581014,-4.561424928576435e-05,0.00014244632796032086,0.11657484773472017,0.004236071035708129,0.11672876256933709
757.1428571428571,0.5,0.00716434177480388,1.2578439839478204e-08,0.11772639667886034,-4.571048853455235e-05,0.00034776639901414025,0.11513771919391537,0.00620919126388679,0.11547260902460049
757.1428571428571,0.6,0.005281114377172446,1.2451170103273364e-08,0.06710990621566214,-3.245153450080989e-05,0.0004668498774959003,0.0936721171673852,0.006280498541867314,0.09409342595153634
757.1428571428571,0.7000000000000001,0.004068986041697633,9.040938957291707e-09,0.03896804107768776,-2.1990474080499658e-05,0.00044003641885223164,0.07378753477888428,0.0057716463848657565,0.0742389232463594
757.1428571428571,0.8,0.0032465381169996988,6.080673259769878e-09,0.023774922007901506,-1.526935708420037e-05,0.00037099597954607283,0.05842959834284,0.00520228183032017,0.05889213082413141
757.1428571428571,0.9,0.0026618394123807793,6.2783996024913944e-09,0.015235130799759506,-1.1095027809346027e-05,0.00046729173504247393,0.04692731226528496,0.004738533668988029,0.047405678991798754
757.1428571428571,1.0,0.002229492015759455,9.580088894572536e-09,0.0103509149626051,-8.197010889459195e-06,0.0008513344735114056,0.038886323924955064,0.004270637388904372,0.039361753596573124
757.1428571428571,1.1,0.0019006537687641816,7.972887214247058e-09,0.00722918418703585,-6.233333113538057e-06,0.0008312020442089228,0.03242525264022217,0.003877475455586932,0.03289616295919465
757.1428571428571,1.2000000000000002,0.001644107363639267,1.7506916647436827e-09,0.0051514185687227855,-4.97561201685735e-06,0.0002110930438566312,0.027103403330909,0.0036310775982738124,0.027586382173827462
757.1428571428571,1.3000000000000003,0.0014390751442015803,3.2335902886073542e-09,0.003828750570004099,-4.089756279712898e-06,0.00044550653258614535,0.02328771620807706,0.0034519120835017876,0.023798058667104827
757.1428571428571,1.4000000000000001,0.0012723304304639346,4.167730802999322e-09,0.002962331305112874,-3.3181372517550043e-06,0.0006496138749800495,0.02058496609470952,0.003200084682396992,0.021086581307929717
757.1428571428571,1.5000000000000002,0.0011352090297774176,4.132868305988928e-09,0.002248641003809912,-2.6647479015446385e-06,0.0007221147234110833,0.017673404250733687,0.002907433575712533,0.01815976342020952
757.1428571428571,1.6,0.0010205740391289997,1.4556395514505483e-09,0.0018023187299037427,-2.2185241999898514e-06,0.00028300917597506446,0.01587653623806293,0.0027134188880746095,0.016336149522960777
757.1428571428571,1.7000000000000002,0.0009239622357796194,-5.967604094703255e-10,0.0014038718919959657,-1.9085997138153047e-06,0.00012820456960931448,0.013755708436343222,0.0025975239695458685,0.014238336017319
757.1428571428571,1.8000000000000003,0.0008413891513501989,-1.4448481935339549e-09,0.0011181248270089137,-1.6276584172361254e-06,0.0003409864945687009,0.012101412630414102,0.0024477373243738695,0.012591397676957475
757.1428571428571,1.9000000000000001,0.0007699973151908675,1.023642761176128e-09,0.0009733940642779103,-1.408466890010348e-06,0.00026393794401140144,0.011568892500169273,0.00232680313947872,0.01203066758823208
757.1428571428571,2.0,0.0007083394196743152,1.4267212833421793e-09,0.0007533394879999355,-1.212900056924433e-06,0.00039997424755161087,0.009783663827622533,0.0021891547678575887,0.010269608292719898
757.1428571428571,2.1,0.0006542149190377622,2.2948274350276314e-09,0.0006828107524604192,-1.0498039034914716e-06,0.0006965277578709298,0.009639598383136244,0.0020601512845906554,0.010094327839754792
757.1428571428571,2.2,0.0006069185259258134,2.517202559616818e-10,0.000496884851875802,-9.257374640325205e-07,8.240193543970886e-05,0.0075951317742284806,0.0019668637443074235,0.00808887648095836
757.1428571428571,2.3000000000000003,0.0005645909813326227,3.086464540908366e-09,0.0005043466429786651,-7.893744042937942e-07,0.001085657188308168,0.008309956302772573,0.0018088407274301475,0.008762296208125747
757.1428571428571,2.4000000000000004,0.0005273069031692186,1.432919941578424e-10,0.0003674304085032279,-7.342159719134919e-07,5.3999432875691823e-05,0.006507904317493167,0.00180781209691387,0.006992288874173703
757.1428571428571,2.5000000000000004,0.0004936971290908468,1.4801822674212838e-09,0.0003504834640827899,-6.859717670776823e-07,0.0005957705553323193,0.00664666936799642,0.0018095540247063135,0.007147176210135339
757.1428571428571,2.6,0.00046359218965330297,5.73347160296145e-10,0.0003010085360575717,-5.853326019790607e-07,0.0002458614790603211,0.006097028285578347,0.0016491668351080642,0.0065325113304202445
757.1428571428571,2.7,0.00043649733557633483,7.239092149352424e-10,0.00023564859777554492,-4.894530500010823e-07,0.00032970425964685783,0.005083101118501901,0.0014692033273381226,0.005501248832207772
757.1428571428571,2.8000000000000003,0.00041175896747712215,1.3919161201022207e-09,0.0002457704920789797,-4.773815846109453e-07,0.000671914670046751,0.005630515287211858,0.0015219632113136288,0.006065221822533339
757.1428571428571,2.9000000000000004,0.00038947830429869926,3.682298752183935e-10,0.00019183412225601398,-4.439221719841276e-07,0.00018802803219864563,0.004658893610293322,0.0015000506911671736,0.005122591957697457
757.1428571428571,3.0000000000000004,0.0003691159823428365,2.28423332849045e-10,0.00016395157609107072,-3.8045910739648865e-07,0.00012308488588870444,0.004209517559297289,0.0013599082387698986,0.004629674805741213
757.1428571428571,3.1,0.0003503931761478845,5.549325831816325e-10,0.00015506718556034424,-3.5702194313793403e-07,0.0003150113373876331,0.004201042300474467,0.0013466576819433675,0.004623306433466499
757.1428571428571,3.2,0.0003332210418085359,6.697134011499179e-10,0.0001369458437792156,-3.5983404818620816e-07,0.0003997915088798369,0.003908347910331942,0.0014298360870215834,0.004418583382744617
757.1428571428571,3.3000000000000003,0.00031741836590697944,4.5227164979145204e-10,0.00012937650193794718,-3.264407898456944e-07,0.0002835626918638721,0.0038826030083743968,0.0013641025996459768,0.004344716990274145
757.1428571428571,3.4000000000000004,0.0003029094550248025,5.162198186245595e-10,0.00010431714186649037,-2.6488308913431217e-07,0.0003391758227672699,0.003286424261192904,0.0011625241881321703,0.003690331914515536
757.1428571428571,3.5000000000000004,0.0002894437155612904,4.160336707100968e-10,9.880516035053209e-05,-2.560699964233253e-07,0.0002860990651727339,0.003261871120610674,0.0011777332836235444,0.0036736585656911612
757.1428571428571,3.6,0.00027696602770128367,4.240195401549086e-10,8.342762746260732e-05,-2.463006033411625e-07,0.00030478053404172295,0.00288234371580064,0.0011856362628769746,0.003348471765693113
757.1428571428571,3.7,0.000265322616115903,4.122075966464961e-10,8.793197159356001e-05,-2.2901434261824375e-07,0.00030934533051908035,0.0031748287803873673,0.0011522907537381832,0.003582007856020268
757.1428571428571,3.8000000000000003,0.00025455852424645793,5.648135920619246e-10,7.174020671813743e-05,-2.0689475641548214e-07,0.00044184865607756375,0.002703885849173091,0.0010868637339216593,0.003141460563569802
757.1428571428571,3.9000000000000004,0.00024451183444419423,4.774926554063195e-10,5.917130115165092e-05,-1.863560577304133e-07,0.0003889392516726773,0.0023244674805846448,0.001020492820501173,0.002763554595656852
757.1428571428571,4.0,0.00023505685765344705,5.762247855793192e-10,6.842908540398634e-05,-1.8704787527318977e-07,0.0004882702041329767,0.002798600139724695,0.0010665123718325816,0.0032164371302506535
757.1428571428571,4.1,0.00022628617171673973,2.648000226918401e-10,4.8111130469387986e-05,-1.6337271614735895e-07,0.000233170758358717,0.0020467869327309733,0.0009690492672574303,0.0024742308532746437
757.1428571428571,4.2,0.00021799659708472628,6.40838869471974e-10,5.623434052457939e-05,-1.6037713281545038e-07,0.0005856234395816026,0.0024850984087075533,0.0009885452467595023,0.002910861096605232
757.1428571428571,4.3,0.00021026936585795864,4.3207835525981214e-10,4.7242572431523473e-05,-1.6054765597324076e-07,0.0004095511911637275,0.0021671243066772386,0.001027002769193723,0.002640763017508023
757.1428571428571,4.3999999999999995,0.00020301456035550622,3.4538496828000304e-10,3.961309667276709e-05,-1.3411943522016771e-07,0.00033911890018291813,0.0018839214410113633,0.0008898881799741603,0.002290843418935273
757.1428571428571,4.5,0.00019615588581978148,3.8526717324814275e-10,3.763038711467622e-05,-1.3318289296857822e-07,0.0003915526171304807,0.0018535807012452841,0.0009153665687340498,0.002294529751021456
757.1428571428571,4.6,0.0001896735151552035,2.0644470399093238e-10,3.420274748489656e-05,-1.1491618187996379e-07,0.0002170423744276336,0.001743651348617721,0.0008175368789007346,0.0021033688489086005
757.1428571428571,4.7,0.00018353317196547449,3.5431649292845925e-10,3.766943101295291e-05,-1.1569780217468149e-07,0.00038492922767895083,0.001986014282601832,0.000851459381142959,0.0023542279831173284
757.1428571428571,4.8,0.000177769523085875,1.0509869621791653e-10,2.560749504750719e-05,-1.1987862340666604e-07,0.00011793307696940432,0.0013952515925744677,0.0009116524573616923,0.0019033800522366216
757.1428571428571,4.9,0.0001722619491567506,4.76782986602614e-10,3.445723525632071e-05,-9.704974697907026e-08,0.0005520713115839048,0.0019383094839983052,0.0007623084761802162,0.0022856191315580457
757.1428571428571,5.0,0.00016709894758018938,nan,nan,nan,nan,nan,nan,nan
771.4285714285714,0.1,0.022510169993464575,nan,nan,nan,nan,nan,nan,nan
771.4285714285714,0.2,0.02071153269178423,-3.4267832000615296e-08,-0.35299585327939575,8.297795706405977e-05,0.0003337644153973265,0.15681616504090454,0.005241521621222232,0.15699161797571448
771.4285714285714,0.30000000000000004,0.015382936857309924,-1.730965607167538e-08,0.046243888154548836,1.6613057963576266e-05,0.00022466307064656602,0.022327603100514473,0.0011326638070808688,0.022386115971940235
771.4285714285714,0.4,0.010516779904381109,6.769751809555289e-09,0.17308507790349428,-4.3586144957605976e-05,0.00012780464078638679,0.11251757678589497,0.003959950438236543,0.11265692981234024
771.4285714285714,0.5,0.007381473730487235,1.0583481115575029e-08,0.11968136791451545,-4.5490614331314125e-05,0.000284167967345865,0.11380039232793898,0.006011650428442088,0.11411787733380811
771.4285714285714,0.6,0.005442981235738516,7.815635125739156e-09,0.06885496169111038,-3.2590872271277795e-05,0.0002844990205030814,0.09328077861568901,0.006125486764094992,0.0936825905653556
771.4285714285714,0.7000000000000001,0.0041930383579009,1.0219524424660074e-08,0.04018295188598823,-2.2263468266240216e-05,0.0004828738372423455,0.07382526256410311,0.0056729291592964816,0.07426147595014693
771.4285714285714,0.8,0.0033449249989231673,6.542294768504888e-09,0.024517146234142702,-1.558089427733507e-05,0.00038760493628806606,0.05847107548621703,0.005153394743542619,0.058924798352366636
771.4285714285714,0.9,0.0027419831022868616,4.259022371686704e-09,0.015749469580513417,-1.1185756341514569e-05,0.0003078956701123973,0.04708467181052984,0.004638980922215756,0.04754052384274221
771.4285714285714,1.0,0.00229653590145569,5.024802329830792e-10,0.010646163383216336,-8.387293604186908e-06,4.3384419658263364e-05,0.03882650981451072,0.004244373031004972,0.03928777356171778
771.4285714285714,1.1,0.001957550334456682,-2.763381252444923e-09,0.007397804061161447,-6.558584691304716e-06,0.0002800338317082257,0.03221288226529466,0.003963902664306105,0.03269821480522786
771.4285714285714,1.2000000000000002,0.0016925428080692886,-7.751667146545334e-10,0.005373679215120159,-5.010639730103461e-06,9.087515290939582e-05,0.02745103980486726,0.003554355915175394,0.027907610729070085
771.4285714285714,1.3000000000000003,0.0014812720738330966,9.951397023036652e-10,0.003932615400177542,-3.900816721429558e-06,0.00013328965994088393,0.02323495383058312,0.0032011323052305732,0.023672248345139462
771.4285714285714,1.4000000000000001,0.00130932749359868,2.09810177902335e-09,0.0030634416959797067,-3.29120456878756e-06,0.00031793812150742465,0.020681154732448446,0.0030857825863830316,0.02113895347592761
771.4285714285714,1.5000000000000002,0.0011680173303240606,8.499768080105307e-10,0.0022973625776059356,-2.7029802645156328e-06,0.00014443362642179268,0.01754612645680911,0.0028671932575179662,0.01800913682169945
771.4285714285714,1.6,0.0010496807928255004,3.739686867384284e-09,0.0018605025252875621,-2.2744013171375185e-06,0.0007069620422893475,0.015928723632648287,0.0027053681812695147,0.016397013932023627
771.4285714285714,1.7000000000000002,0.000949949280579816,4.015046243335639e-09,0.001452902653585261,-1.9751621632328665e-06,0.0008388967411006196,0.013841376002264268,0.0026137356105002093,0.014350981327473051
771.4285714285714,1.8000000000000003,0.000864746794869984,4.776426028676523e-09,0.0011954945472548233,-1.6419619568095477e-06,0.0010963936633710733,0.01258482501850136,0.0024014806200689277,0.013081059519339834
771.4285714285714,1.9000000000000001,0.0007914992546327002,1.994143964633357e-09,0.0009714174977927296,-1.419139724193541e-06,0.0005003246524249386,0.011233548404637729,0.002280272015502288,0.011697957746826098
771.4285714285714,2.0,0.0007279658893733438,1.6060171946709852e-09,0.0007948618353359427,-1.2323440396135238e-06,0.000438226761666049,0.010042483687553224,0.0021643395860873123,0.010507723492613523
771.4285714285714,2.1,0.0006723811424673467,1.785277754873056e-10,0.0006629262275212581,-1.1011143802446119e-06,5.275860784476795e-05,0.0091065561889435,0.0021031932502077527,0.009580135322036207
771.4285714285714,2.2,0.0006234256578365623,1.3443248729635565e-09,0.0005722846669997779,-9.122716436011999e-07,0.00042853632362699665,0.008511313462774133,0.0018871644612664768,0.008930222821968236
771.4285714285714,2.3000000000000003,0.0005801930198757756,-2.360663583164519e-10,0.0004587233615791765,-8.150171235473594e-07,8.086791438907242e-05,0.007358108473928673,0.0018186460296137998,0.007795078363668877
771.4285714285714,2.4000000000000004,0.0005415476155307807,7.347569956675719e-10,0.00041352901740236437,-7.544299431234566e-07,0.0002697249193520735,0.007127438683955636,0.0018090855275487195,0.007577513749089419
771.4285714285714,2.5000000000000004,0.0005070375013598095,8.04224721291355e-10,0.0003389478671737356,-6.435730464482905e-07,0.0003153011549251296,0.006258874703778847,0.0016537628406641156,0.0066890051907755885
771.4285714285714,2.6,0.00047591686586057557,1.4918660071527723e-09,0.0003291927901517008,-6.191378521606514e-07,0.00062320118806323,0.006492474210859119,0.0016991571170737064,0.006950889937013721
771.4285714285714,2.7,0.00044808815826285873,6.139507686928586e-10,0.0002509283178413646,-5.089160177253874e-07,0.0002724987163108311,0.0052725241705318445,0.001488135970289415,0.005683560856661253
771.4285714285714,2.8000000000000003,0.00042276873384355555,1.2833395106615372e-10,0.0002219576366192918,-4.753974441488263e-07,6.0374179470858004e-05,0.004953436785291845,0.001477018026716879,0.005376183174885547
771.4285714285714,2.9000000000000004,0.0003996688857904453,1.025186041349038e-09,0.00021696381553217703,-4.6621555674115926e-07,0.0005102112078856673,0.005131974012355984,0.0015353043386158289,0.005595694019913393
771.4285714285714,3.0000000000000004,0.0003787386758926568,6.676119651224431e-10,0.0001707316920360332,-3.934044613425579e-07,0.0003507031547564303,0.004271828458659436,0.0013705176438176022,0.004704056579910521
771.4285714285714,3.1,0.0003595157829152286,4.760134228958604e-10,0.00015758123246820997,-3.56345461632349e-07,0.0002634560198702663,0.004160684992014709,0.001310342517427421,0.004562313415706815
771.4285714285714,3.2,0.00034186870226248254,2.4526337897795146e-10,0.00012807781786070978,-3.287959372438343e-07,0.0001427796516170398,0.0035625089063450015,0.0012738356812326242,0.003994642715220738
771.4285714285714,3.3000000000000003,0.00032550239978834357,1.4477414626725106e-09,0.00014726675830950615,-3.2168609860867396e-07,0.0008849160413538252,0.0043076993399775035,0.00131088303914561,0.004772439490295001
771.4285714285714,3.4000000000000004,0.00031060876489729966,5.318883161398815e-10,0.00010521128573332632,-2.9360046207320754e-07,0.0003409012845682868,0.0032322737344406523,0.0012562203662421026,0.003704049999297811
771.4285714285714,3.5000000000000004,0.000296767242863589,6.798929994647949e-10,9.985799910124038e-05,-2.6006877979235924e-07,0.00045608220927788144,0.003214912468238224,0.0011667946990361086,0.003642319714062854
771.4285714285714,3.6,0.0002839243008208908,5.121226602765822e-10,8.606782147421134e-05,-2.474231192028973e-07,0.0003591734226764874,0.0029001793002394467,0.0011618254349569559,0.0033525694927503515
771.4285714285714,3.7,0.00027194203699293465,6.522886293998232e-10,9.170642478820437e-05,-2.3137720837310865e-07,0.00047765596806730954,0.0032299603987069763,0.0011359228016013317,0.0036388790339115817
771.4285714285714,3.8000000000000003,0.00026087683741286057,3.0516836723334934e-10,7.351513536563591e-05,-2.1406770506269248e-07,0.00023303097188665347,0.0027033384091164226,0.0010972980150125368,0.003125774760849453
771.4285714285714,3.9000000000000004,0.00025054678918644285,3.8616100851824334e-10,6.271483880965753e-05,-1.8370913850685156e-07,0.0003070529085198977,0.0024040018052812325,0.0009819806566184362,0.0027932200393759716
771.4285714285714,4.0,0.0002408438893481217,3.6787091197581577e-10,6.240111185383945e-05,-1.91404445290808e-07,0.00030431240956410404,0.002490597147800767,0.0010653562434743493,0.0029267128397346366
771.4285714285714,4.1,0.00023176500062833898,4.76869680739279e-10,6.373309557188314e-05,-1.721647646849927e-07,0.0004100441202716563,0.0026462409216354153,0.0009969342743451268,0.003026298579227651
771.4285714285714,4.2,0.00022332344286427508,5.707946902941512e-11,4.2515850748296045e-05,-1.4613325171076246e-07,5.094363914294194e-05,0.00183443792777301,0.0008795853068934349,0.0022170021175963945
771.4285714285714,4.3,0.00021530704360769415,7.084200191025687e-10,5.6190583818234644e-05,-1.6080020503147007e-07,0.0006557030937733071,0.002516107717915871,0.0010046034819470645,0.002962971634562172
771.4285714285714,4.3999999999999995,0.00020785255018929556,3.4546199659096523e-10,4.075317610510026e-05,-1.4893629297510777e-07,0.00033136916168925934,0.0018927934461519828,0.0009649726124599614,0.0023568658928140454
771.4285714285714,4.5,0.00020080558853194797,3.4035918397591653e-10,3.581779850649719e-05,-1.3187964413839234e-07,0.0003379693062574703,0.0017232311306201052,0.0008854980659893486,0.002156840845137201
771.4285714285714,4.6,0.00019411680485966536,5.208932281252402e-10,4.233633093440815e-05,-1.2513583033155716e-07,0.0005350916954545208,0.0021083243371821042,0.0008698002060573462,0.002498891640350489
771.4285714285714,4.7,0.00018785138449672683,8.515970765098535e-11,2.8594207811345115e-05,-1.1419761926119634e-07,9.043033240200235e-05,0.001473041338796865,0.0008211728639493088,0.0018779452004241807
771.4285714285714,4.8,0.00018187190621190175,6.642443574758402e-10,3.57719989322946e-05,-1.1281682836855982e-07,0.0007283874194910078,0.0019042712422978128,0.0008385942718596609,0.0023586601922928395
771.4285714285714,4.9,0.00017625014791639962,1.6042347504380508e-10,3.071200038949866e-05,-1.0707865148542171e-07,0.00018161251146854937,0.0016886610488216715,0.0008219312551498205,0.0020580819270655235
771.4285714285714,5.0,0.00017093550962479247,nan,nan,nan,nan,nan,nan,nan
785.7142857142858,0.1,0.022615558463593824,nan,nan,nan,nan,nan,nan,nan
785.7142857142858,0.2,0.020953207650495378,-3.2681440915945835e-08,-0.3566942526050911,8.192283830273133e-05,0.00031478265026116663,0.1577207360053885,0.005150959997372734,0.15788918402470584
785.7142857142858,0.30000000000000004,0.01572391431134602,-1.6894688573642158e-08,0.03154872793435861,1.9504096836336142e-05,0.00021466909545826116,0.015056753343258514,0.001315023384745474,0.015172688524619697
785.7142857142858,0.4,0.01081010825154025,7.230063711143224e-09,0.17044633885413304,-4.158372682248944e-05,0.0001328712186245144,0.10839943253261236,0.003698629121631671,0.1085256391039089
785.7142857142858,0.5,0.00760076558027581,1.1279882022362169e-08,0.12150202128698957,-4.528935197095631e-05,0.0002942867500416679,0.11239667398305443,0.005826167153236336,0.11269865737682581
785.7142857142858,0.6,0.005606443121881267,1.1819526484986504e-08,0.07070556278469652,-3.278113296188505e-05,0.0004178821428090147,0.09302426451380023,0.005986709031209978,0.09340968784803584
785.7142857142858,0.7000000000000001,0.00431917629133369,6.316539376274082e-09,0.04127375822581772,-2.250963270999728e-05,0.00028990435563311026,0.07361843744518028,0.005570833564146635,0.0740393594624115
785.7142857142858,0.8,0.00344464704304429,6.200262417025139e-09,0.02528781856771739,-1.5868759737496426e-05,0.0003568782106318937,0.05854778055356693,0.005098196345569891,0.05899112799194315
785.7142857142858,0.9,0.0028229959804320637,4.2168085447336736e-09,0.016233741631841096,-1.1371346086449006e-05,0.000296251928912442,0.04712744565403757,0.004581628582147187,0.047571698939696754
785.7142857142858,1.0,0.0023636823341382485,7.043564094382694e-09,0.010951425694710746,-8.4485839312616e-06,0.0005909970064171358,0.03879362836724484,0.004154887474174133,0.03924055375760638
785.7142857142858,1.1,0.002013882944791541,9.523083010773914e-09,0.007673649976577171,-6.520864696530165e-06,0.0009379040362483936,0.03246481079859165,0.003829975881928547,0.032926904419970496
785.7142857142858,1.2000000000000002,0.001740820055210605,9.377370895708793e-09,0.005591492757010731,-5.112755603244763e-06,0.0010685300689638182,0.027764735639039403,0.003524795360753252,0.028228897716425273
785.7142857142858,1.3000000000000003,0.001523672093199777,2.905317608069912e-09,0.004022860958101219,-4.001084393048649e-06,0.0003784612203396094,0.023108999382561297,0.0031914012157432405,0.023548655350108937
785.7142857142858,1.4000000000000001,0.0013467527407699609,3.696607596696392e-09,0.003116570718525468,-3.2765436270357938e-06,0.0005447267425391823,0.02045434009348124,0.0029877328636899523,0.020893296800968904
785.7142857142858,1.5000000000000002,0.0012009990955253996,3.4609868714125097e-09,0.002430529764266991,-2.7723471949009623e-06,0.0005720670467233042,0.018047334827604785,0.002859703476806581,0.018503766185188966
785.7142857142858,1.6,0.0010795507479235081,1.1274845754622952e-10,0.0018653322250913218,-2.277918802377495e-06,2.074002405654142e-05,0.015531503995640378,0.0026356228187419334,0.015972509564891085
785.7142857142858,1.7000000000000002,0.00097675572257253,1.974278493675245e-10,0.0015118521990396163,-1.93088061780745e-06,4.0146770856038484e-05,0.014004456964599678,0.002486291869052955,0.014439173146436477
785.7142857142858,1.8000000000000003,0.0008890792192119479,3.158925681656507e-10,0.0012005446379214667,-1.6987147134467803e-06,7.057422766496703e-05,0.012291145167386714,0.0024180244782235354,0.01275817051939504
785.7142857142858,1.9000000000000001,0.0008134081622305806,6.292529422272929e-10,0.0010183012434316467,-1.516135191159869e-06,0.00015371316204785366,0.011453436560290289,0.002371060817960513,0.011935187287249252
785.7142857142858,2.0,0.0007479201176835297,7.70428327114004e-10,0.0008151727000347803,-1.2668558833953938e-06,0.0002047184981694465,0.010021693141108408,0.002166262363501283,0.010481489795495505
785.7142857142858,2.1,0.0006905838001368266,1.4785375054809833e-09,0.0006959659172078098,-1.055388817787349e-06,0.00042553570626567447,0.009305350942602892,0.0019630681312059017,0.00971997478277696
785.7142857142858,2.2,0.0006402071417622016,2.312436397624795e-09,0.0005916398223532181,-9.44215003188378e-07,0.0007178009302138891,0.00856724154600782,0.001902271925678293,0.009008337407174867
785.7142857142858,2.3000000000000003,0.0005957468816111088,9.987175708437542e-10,0.00046516568396058643,-8.649079111831759e-07,0.0003333088985156312,0.007265862150181504,0.0018793260332868986,0.007743873726117287
785.7142857142858,2.4000000000000004,0.0005559382782996219,1.5250622211179154e-09,0.0004412326134778224,-7.246415610006298e-07,0.0005454175850957648,0.007406377223235723,0.0016928773588933668,0.007802792539822147
785.7142857142858,2.5000000000000004,0.0005205420011229132,7.925011906750975e-10,0.000340028057208301,-6.592982705295837e-07,0.0003027563523488807,0.0061162915107824895,0.00165052288302393,0.006553558943698363
785.7142857142858,2.6,0.0004885460045182875,3.276469353562395e-10,0.00032542691109642587,-6.133797006115097e-07,0.00013340206962091406,0.006251693626919921,0.0016402905391556186,0.00666952587690738
785.7142857142858,2.7,0.0004598042770246261,1.14400338664956e-09,0.00027421412812827015,-5.507864879682983e-07,0.0004948980724934541,0.005612861953474551,0.001569776324445775,0.006056198380874001
785.7142857142858,2.8000000000000003,0.00043380469081224734,5.188058246413496e-10,0.0002263584323414322,-4.872624552569552e-07,0.00023795834647965863,0.004922930117270506,0.0014755347484410489,0.00535222109987081
785.7142857142858,2.9000000000000004,0.00041006868892328293,4.005478029657705e-10,0.0002164929747979426,-4.6367484520201717e-07,0.0001943749937321508,0.004990563250770421,0.001488701667552229,0.005419960194325617
785.7142857142858,3.0000000000000004,0.00038849761678229794,5.066773368103906e-11,0.00018089906377691427,-4.1041645696599984e-07,2.5963377483077543e-05,0.004411433222368205,0.0013941478885107893,0.004832050687075047
785.7142857142858,3.1,0.0003687355352790821,4.73384543962574e-10,0.0001592962691374772,-3.5156917558299297e-07,0.00025554452031409635,0.004100315220897274,0.0012610680975344351,0.004478668709094551
785.7142857142858,3.2,0.00035056641646724103,6.067523292074998e-10,0.00014845934556694817,-3.141438591863393e-07,0.0003445496804088043,0.004026174083129387,0.0011870776091121656,0.004375739792314378
785.7142857142858,3.3000000000000003,0.00033388189111106944,-8.80853102042167e-11,0.00012192576508459195,-3.140229926345597e-07,5.2525756851655766e-05,0.003477964783771164,0.00124824515014555,0.003900670442630217
785.7142857142858,3.4000000000000004,0.00031841662340574377,5.346943593207685e-10,0.00012781681388296924,-3.1951030951760054e-07,0.0003343857229121215,0.0038282044425239467,0.0013336803325420734,0.004280697317525103
785.7142857142858,3.5000000000000004,0.0003042295238392478,-4.571257543950561e-11,9.446644963739509e-05,-2.552144010007437e-07,2.9931413394299493e-05,0.002966756214766489,0.0011172370783794827,0.0033613949047940216
785.7142857142858,3.6,0.00029098708876912577,6.903826213493027e-10,9.499242994115115e-05,-2.3199404022256992e-07,0.00047249756250470015,0.0031223935383517983,0.001063325927123351,0.003497702018397138
785.7142857142858,3.7,0.00027869457799841526,4.139060060746321e-10,8.553626101775253e-05,-2.444117725796566e-07,0.00029583631568686126,0.0029395208350848343,0.0011709271678354987,0.0033868042060809394
785.7142857142858,3.8000000000000003,0.00026725742983788227,5.323691166091926e-10,8.402706204275414e-05,-2.2716116654126898e-07,0.00039688796535887764,0.003015023207348941,0.001136532572934127,0.0034396653291533957
785.7142857142858,3.9000000000000004,0.0002566605522977768,3.1341670555607004e-10,6.423219814465757e-05,-1.8798379700826744e-07,0.00024335341662115115,0.0024033830671656422,0.0009810102252582756,0.0027857195079624046
785.7142857142858,4.0,0.00024670599673911795,3.499761338270821e-10,5.897087024871616e-05,-1.7768150184810948e-07,0.00028270992031320083,0.002297621107753962,0.0009657296450704205,0.0026877974530413787
785.7142857142858,4.1,0.00023734114988294624,6.06950449730593e-10,6.856344882798388e-05,-1.833339824902879e-07,0.0005096562054299369,0.0027791561508124624,0.0010366774016738458,0.0031832151087563113
785.7142857142858,4.2,0.00022866193751505437,3.4802947822521746e-10,5.0657172436972205e-05,-1.558466389761421e-07,0.0003034390632478481,0.002134361127935704,0.0009160508024895939,0.0025151283933492067
785.7142857142858,4.3,0.00022048929687153222,1.0342526793667339e-10,4.443862433586918e-05,-1.449026043053144e-07,9.352186193174362e-05,0.001943420265689977,0.0008843612189335126,0.0023129674011669117
785.7142857142858,4.3999999999999995,0.00021276104247136877,5.047797709960263e-10,4.9196423086342695e-05,-1.6012997411175613e-07,0.00047304529109081623,0.002231238603613804,0.0010135779718190327,0.002693859343691359
785.7142857142858,4.5,0.00020552475230206874,1.5806303123717108e-10,3.779371717922371e-05,-1.3124695883250503e-07,0.00015340664084220173,0.0017763457416932714,0.0008609701019959626,0.0021590453502759463
785.7142857142858,4.6,0.00019866639930456095,3.4706372802659626e-10,3.789302530996917e-05,-1.238055399384954e-07,0.00034842067565715913,0.0018437207628537189,0.0008411084043924913,0.0022216277623586396
785.7142857142858,4.7,0.00019218697656015284,4.50510638567832e-10,4.022955951380076e-05,-1.216245161376101e-07,0.0004676203544055196,0.002024980553059089,0.0008547003004625612,0.002404213019543697
785.7142857142858,4.8,0.00018610984941088275,-4.2405138635893535e-12,2.3836389913880212e-05,-1.0528007586488861e-07,4.54649310763545e-06,0.0012402708206619628,0.0007649491825764436,0.0016457785036370523
785.7142857142858,4.9,0.00018027108616075146,5.862759412778064e-10,3.950729860888375e-05,-1.1128856089589556e-07,0.0006488100759706628,0.002122794614790203,0.00083523102138972,0.0025144449107997523
785.7142857142858,5.0,0.000174827395896709,nan,nan,nan,nan,nan,nan,nan
800.0,0.1,0.022720546501322457,nan,nan,nan,nan,nan,nan,nan
800.0,0.2,0.021188212927386946,-3.2078457484520066e-08,-0.35944354836965925,8.077162086002026e-05,0.00030567887040178064,0.15820198178276115,0.005055277620433206,0.15836373367410925
800.0,0.30000000000000004,0.016061443869754843,-1.864313339844314e-08,0.017023730978300494,2.2239908756220833e-05,0.0002320635529712034,0.008034528932025397,0.0014834844015815304,0.00830716320964276
800.0,0.4,0.011104912121905746,4.612771645170702e-09,0.1673979072746993,-3.953064485388588e-05,8.257260414906272e-05,0.10422344879586123,0.0034444506671615404,0.1043372540271953
800.0,0.5,0.007822359446803642,1.066859112646069e-08,0.12325103845847224,-4.495958603671368e-05,0.0002705975840693791,0.110987855739394,0.005633708473475786,0.11127378256808414
800.0,0.6,0.005772317156286261,9.256755030121183e-09,0.0724328448666227,-3.308079598049664e-05,0.00031803167237753617,0.09259718293336686,0.005873416982349834,0.09296952987639097
800.0,0.7000000000000001,0.004446603314435107,7.2413692514243425e-09,0.042474497425840335,-2.287555403423252e-05,0.000322987175459818,0.07358309717889304,0.005501501852082716,0.07399398324465893
800.0,0.8,0.0035456344468423563,4.630222019497886e-09,0.026020385250005454,-1.5925830657476607e-05,0.00025906126540658293,0.05851744221377901,0.004972384665964365,0.05893901402733876
800.0,0.9,0.0029048694317496604,7.743114323517488e-09,0.01681618122239205,-1.1509070519698938e-05,0.0005288007201834377,0.047427848173598595,0.004507533444297117,0.04785724739349831
800.0,1.0,0.002432266228880885,-6.936378885778584e-11,0.011249601544301937,-8.607962107986019e-06,5.660457326933402e-06,0.0387267028987464,0.0041150465565680345,0.03916152149462524
800.0,1.1,0.002072159041455129,-2.0257490908064745e-09,0.007895919748493851,-6.398155442979178e-06,0.00019409106392092682,0.03246322156159222,0.0036548666842906486,0.03287270184298813
800.0,1.2000000000000002,0.0017910110515143112,1.0326885092437678e-09,0.005680197295379433,-5.144131119874957e-06,0.00011445166283340346,0.02741197553731512,0.003450086294376444,0.027843054662137493
800.0,1.3000000000000003,0.0015666650345272878,3.713501846251042e-09,0.004261338011458882,-4.340651028599356e-06,0.00047059740964857836,0.023792918574432553,0.0033674850304721985,0.024269411757857958
800.0,1.4000000000000001,0.0013849323976548532,-2.794413987163646e-09,0.003148742379562854,-3.3749352379797684e-06,0.0004008940773838467,0.02009837655254066,0.0029938454120599727,0.020543409571237747
800.0,1.5000000000000002,0.0012346871845780472,4.0286747647715106e-10,0.0025001741409569774,-2.7313989097120248e-06,6.481719166335588e-05,0.018052680009440145,0.0027429763651139563,0.018464866516460995
800.0,1.6,0.001109443712910811,1.9359971372767663e-09,0.0019402214719499299,-2.384255291954137e-06,0.00034666178810140326,0.015714275617212295,0.0026852133487923493,0.016170323868930633
800.0,1.7000000000000002,0.001003602455963074,6.890047903761542e-10,0.0015714912409628974,-1.959496307582163e-06,0.00013643956322317342,0.014164677510676299,0.0024560870286410717,0.01458497280492457
800.0,1.8000000000000003,0.0009134761114249661,9.31613712965377e-10,0.001209572190940416,-1.5934550445521798e-06,0.00020267852097527141,0.01205230401493677,0.002208797664861495,0.012452175910254435
800.0,1.9000000000000001,0.0008354454887962625,3.20445042656467e-09,0.0010616710096996468,-1.4489810702702962e-06,0.0007620806919884254,0.011622318267781585,0.00220664568704266,0.012058093517426337
800.0,2.0,0.0007680315762645552,2.3573933389250617e-09,0.0008470536421515825,-1.2752847668292811e-06,0.000610050668930877,0.01013894567043561,0.0021230128032924973,0.010591730163320615
800.0,2.1,0.0007090882001543639,2.1191571271621338e-09,0.0007315727439102152,-1.0785161674663596e-06,0.0005940469051367222,0.009525295137842336,0.0019537030540730392,0.00993569577007539
800.0,2.2,0.0006574605514832746,1.678194774019689e-10,0.0005671660446673756,-9.829047188535192e-07,5.075800487896716e-05,0.007998526058449532,0.001928710472464077,0.008450967024899619
800.0,2.3000000000000003,0.0006115045632588592,1.5156650231754094e-09,0.0005091603222002657,-8.570329821546902e-07,0.0004928830592097359,0.007744347870782002,0.0018145032670917644,0.008173291984648232
800.0,2.4000000000000004,0.0005706401782564464,1.1756916667064455e-09,0.0004432442568855871,-7.529819989652559e-07,0.0004097411952107165,0.007248421083293784,0.0017140492513419599,0.0076539810373322985
800.0,2.5000000000000004,0.0005342082358228894,9.28349140334534e-10,0.0003465716508168248,-6.820670014568589e-07,0.0003456877893672574,0.006073383263613716,0.0016639538189595104,0.006522497139724991
800.0,2.6,0.0005012420098975007,1.7355824865044169e-09,0.0003478081893189396,-6.290193649698028e-07,0.0006887145023375778,0.006510723085037788,0.0016395880925475447,0.006945526688611992
800.0,2.7,0.0004717538658653015,1.3893634232812943e-10,0.00026808046875596625,-5.908246735933985e-07,5.8615859131069035e-05,0.00534832403235288,0.001641158901663778,0.00583050691235381
800.0,2.8000000000000003,0.00044494652652066186,4.233543997164999e-10,0.00024110493296832018,-4.885958828316908e-07,0.00018939859118747044,0.00511082050225662,0.0014429361585402128,0.005506404230337251
800.0,2.9000000000000004,0.00042055023650570543,8.450559539193217e-10,0.0002112951535002561,-4.5371809591277984e-07,0.0003999506056909641,0.004748776333923,0.0014208780575749637,0.005171907391438456
800.0,3.0000000000000004,0.00039826689802575156,1.1702814707754553e-09,0.00020683371877424974,-4.099890010666773e-07,0.0005849805794368975,0.004918169122737938,0.0013582857322041206,0.005312294236842473
800.0,3.1,0.0003780518967335402,7.841879781035489e-10,0.0001551062236631402,-3.5581197398050095e-07,0.00041297207017569235,0.0038945296340724554,0.0012450010526121177,0.004293944834697378
800.0,3.2,0.00035938795767796023,4.953985201187704e-10,0.00015193872174958163,-3.428209237005309e-07,0.00027450130033592596,0.004018991124297192,0.0012637636556450736,0.004407021417661199
800.0,3.3000000000000003,0.0003422434058398761,5.427000258729745e-10,0.00012347492102165122,-3.087070456003317e-07,0.0003157974251009306,0.003435700011192207,0.0011973862940463723,0.0038433358498766047
800.0,3.4000000000000004,0.00032633360321200844,7.163030069638871e-10,0.00012586751337372934,-2.92688333827787e-07,0.00043715819477996065,0.0036777191678783855,0.0011922084474171714,0.004069330108166341
800.0,3.5000000000000004,0.0003116824757178781,1.2513426104230441e-09,0.00011594229061332695,-2.73517281267115e-07,0.0007995723108914631,0.0035528762429654845,0.0011684890867436793,0.003999122274931213
800.0,3.6,0.000298190771129881,4.8134097476956276e-11,8.325230754965264e-05,-2.497205523137735e-07,3.2164858014051436e-05,0.0026710615461425285,0.0011169502756417737,0.003103346612591776
800.0,3.7,0.0002855315896173805,2.9538169035520604e-10,8.742609165157069e-05,-2.3105432249667971e-07,0.00020614235147012905,0.00293188455565887,0.0010807890676952094,0.0033128011915114384
800.0,3.8000000000000003,0.00027374666902139563,5.801562045404196e-10,8.765295766706252e-05,-2.266699279054701e-07,0.0004223199796772768,0.003069816470553038,0.001107326263955829,0.003471954815058237
800.0,3.9000000000000004,0.0002628382780020814,4.096256726761365e-10,7.096408481280322e-05,-2.0182515660191088e-07,0.00031065477545594576,0.002592326878953065,0.0010284188423254337,0.002988637761147392
800.0,4.0,0.00025263952783089523,3.7499111870051326e-10,6.0038891656498294e-05,-1.68849070965271e-07,0.00029587829777224384,0.0022842522068274567,0.0008963705550675561,0.0026291276985861574
800.0,4.1,0.00024304116657627403,3.633999932212242e-10,6.286532683083934e-05,-1.7776143124985288e-07,0.0002980654728734998,0.0024883408930734857,0.0009818105801817378,0.0028650632553182238
800.0,4.2,0.00023407145858996126,5.329692090345586e-10,5.909067292599186e-05,-1.8129728359637534e-07,0.00045398113582470354,0.002431303048714068,0.0010409169813345776,0.002878254629186304
800.0,4.3,0.0002256926573329084,1.5430712564861281e-10,4.586949573815465e-05,-1.5518241132124458e-07,0.00013636855246341764,0.001959636429595944,0.0009252864951706213,0.002360313859339637
800.0,4.3999999999999995,0.00021777255103323708,8.838431981770514e-11,4.23729100100707e-05,-1.367064252297557e-07,8.095801841673627e-05,0.0018774607251652172,0.0008456978295634838,0.002227514896278057
800.0,4.5,0.00021027617383366647,7.555287310441281e-10,5.07026447610988e-05,-1.3072019891252617e-07,0.0007165547818922104,0.0023282385461591264,0.0008381570175545824,0.0027090883808812403
800.0,4.6,0.00020328682308170685,2.608496405465428e-10,3.170372404781205e-05,-1.2801464915190921e-07,0.0002559843107738856,0.0015077183244208384,0.0008498770948485294,0.0019450770333981928
800.0,4.7,0.00019661450957022536,3.452260657378803e-10,4.0473114012732805e-05,-1.2800363176260933e-07,0.0003503228303729861,0.0019909364217111846,0.0008793128857396875,0.002373380758081684
800.0,4.8,0.00019034692719887119,4.3353864493674984e-10,3.323277288674777e-05,-1.0336799845505483e-07,0.00045449296916095215,0.0016902502749868485,0.0007342585444107823,0.002035136622241941
800.0,4.9,0.0001844116725563845,2.629989305032516e-10,2.981780641732724e-05,-9.423581017353843e-08,0.0002845788067010691,0.0015664979128438526,0.0006915337206286541,0.0018685123980591003
800.0,5.0,0.00017877459597807107,nan,nan,nan,nan,nan,nan,nan
814.2857142857143,0.1,0.02282526074010963,nan,nan,nan,nan,nan,nan,nan
814.2857142857143,0.2,0.021416671580302082,-2.9402521112513492e-08,-0.3612913713432592,7.950855902575829e-05,0.00027729925328610216,0.15828575868506115,0.004953532375609398,0.1584409456654867
814.2857142857143,0.30000000000000004,0.016395168707061942,-1.8774135679854402e-08,0.002699154041784293,2.483480001539202e-05,0.0002290847257254179,0.0012603051000076185,0.0016395430961166394,0.002648971854269761
814.2857142857143,0.4,0.011400657374239644,6.563205014589049e-09,0.16399845354093232,-3.740325002702393e-05,0.00011450325955065772,0.10002852454350944,0.0031947991608541125,0.10013057633262833
814.2857142857143,0.5,0.00804613057682667,1.1481194947380639e-08,0.12484765449571747,-4.4653978430350054e-05,0.00028324850921280294,0.10950917161831125,0.005453308634379141,0.10978076356252177
814.2857142857143,0.6,0.005940080324370871,1.0476234607820138e-08,0.07414780960809263,-3.325059417284778e-05,0.0003499203824085212,0.0921533759614127,0.005742195730622469,0.09251114943063382
814.2857142857143,0.7000000000000001,0.004575508167995998,1.015406743658504e-08,0.043663078228858315,-2.3118015728811026e-05,0.00044029855341050345,0.07350587171307787,0.005405210598108684,0.07390358342012525
814.2857142857143,0.8,0.003647566793909708,8.313840170241055e-09,0.026869769065680168,-1.6133100803085862e-05,0.00045230964912209643,0.058725212761337325,0.0048969210545340425,0.05913387243798349
814.2857142857143,0.9,0.00298832311048022,3.848758287432809e-09,0.01717565406975127,-1.162231450495302e-05,0.0002556370908235827,0.04708797683548722,0.004426136925481303,0.047502887164337745
814.2857142857143,1.0,0.0025008359677482443,9.84259439148241e-09,0.011667289492065098,-8.73138931032806e-06,0.0007811625903100149,0.03904293163997979,0.004059612885018189,0.039470516079588396
814.2857142857143,1.1,0.0021300217199369197,1.016166003617961e-08,0.008220532844941057,-6.7569942974379235e-06,0.0009469624417530078,0.03287113969471111,0.0037539064099451785,0.033310541715267226
814.2857142857143,1.2000000000000002,0.0018414128005750058,-1.306945831466173e-09,0.005761195216135014,-5.280568192238485e-06,0.00014100813915936624,0.027047589056066676,0.0034446633836923697,0.02748314699402288
814.2857142857143,1.3000000000000003,0.0016104158333744417,6.021710729432931e-10,0.004312289979705894,-4.125017549837307e-06,7.428690921342803e-05,0.023418377337006264,0.003115375743115789,0.02382933166676895
814.2857142857143,1.4000000000000001,0.0014225417659709367,8.557894070278617e-09,0.003378979291560556,-3.376972156244973e-06,0.001194686236729063,0.020982029743710932,0.0029162041267234416,0.02141684711594211
814.2857142857143,1.5000000000000002,0.0012684574914830372,3.855771731291445e-09,0.0025358562359563274,-2.7933881371132507e-06,0.0006039012420576552,0.017826233975109428,0.0027297085400824006,0.018249436480973928
814.2857142857143,1.6,0.001139731779354701,2.091784578603874e-09,0.001958373534977921,-2.341076844825428e-06,0.00036472809667297527,0.015439015876584545,0.002566659851796453,0.01586416475619123
814.2857142857143,1.7000000000000002,0.001030589802576144,4.778630936996305e-09,0.001661530308794145,-1.9937790057119704e-06,0.0009212872427487944,0.014578257260974848,0.0024334774267130766,0.015007264231813264
814.2857142857143,1.8000000000000003,0.0009380631288855283,2.1362524552806523e-09,0.0012600329641840712,-1.6904313500512382e-06,0.0004526800682551222,0.01222632866184386,0.002281324924763117,0.012652941105383802
814.2857142857143,1.9000000000000001,0.0008581367848367534,-4.5215125316584563e-10,0.001041369473901547,-1.436834237705012e-06,0.00010477122130915646,0.011101272844384714,0.002131294704572293,0.01150365463710398
814.2857142857143,2.0,0.0007886241355269941,1.0505841411489278e-09,0.0008913595001026028,-1.2584149280019882e-06,0.0002648834803113712,0.010387149413157597,0.00204117466440943,0.010784054163933708
814.2857142857143,2.1,0.0007280250812182607,1.1054975334008916e-09,0.0007322183167759424,-1.1726657780829147e-06,0.0003019479302840217,0.009284756626002085,0.002069647220646828,0.009739854074500023
814.2857142857143,2.2,0.0006747482100772868,6.03968905408474e-10,0.0006100225362781372,-1.0325752484609994e-06,0.00017807893498306972,0.008379141763321387,0.001974213101347295,0.008833841946513642
814.2857142857143,2.3000000000000003,0.0006275715642990943,3.1821480837816884e-10,0.0005187096767207124,-8.360896997378594e-07,0.00010088774864229582,0.007687455394083944,0.0017256347696452214,0.008066150227355889
814.2857142857143,2.4000000000000004,0.0005855820152881089,1.825086237752622e-10,0.00044714632539737326,-7.807625692222865e-07,6.201976447812309e-05,0.007125025269377373,0.0017327466551330555,0.007534895718070796
814.2857142857143,2.5000000000000004,0.0005480639295310972,1.276747240221882e-10,0.00037463720100783417,-6.606738130973485e-07,4.636758869501871e-05,0.006397689669883579,0.001571563217469205,0.006772902255194649
814.2857142857143,2.6,0.0005142922157841638,2.2162707804358169e-10,0.00032113070243236416,-6.087204953802248e-07,8.576237191485518e-05,0.005859365762441464,0.0015474817935442918,0.006255311513043121
814.2857142857143,2.7,0.0004837318090615541,1.4854558705362446e-09,0.0003003358747217057,-5.902333070666142e-07,0.0006111821997169336,0.0058397904052226515,0.0015988058043638277,0.006291983443900365
814.2857142857143,2.8000000000000003,0.0004561747610861614,1.550413427581727e-09,0.0002586531376118296,-4.824149680946764e-07,0.0006764972741209774,0.005347035956010833,0.0013894078784651405,0.005736667201629166
814.2857142857143,2.9000000000000004,0.000431204244486887,9.524018715814566e-10,0.00020412843348120862,-4.4143237424454126e-07,0.0004396936473480721,0.004474785781553865,0.0013482820440073194,0.004883929487072883
814.2857142857143,3.0000000000000004,0.00040827501222242467,1.1474865632334522e-09,0.00021825165929142113,-4.2857131315975214e-07,0.0005595489772089251,0.0050614450595478375,0.001385004194325476,0.005455987022099218
814.2857142857143,3.1,0.00038752829655087657,4.929651087911326e-10,0.00015290197481507108,-3.9626297236568753e-07,0.00025334621286842585,0.0037450730570738784,0.0013526082448210375,0.004212938954496155
814.2857142857143,3.2,0.0003683106006274792,6.897415591049116e-10,0.00016227709719219432,-3.5715596209882473e-07,0.00037300815853735905,0.004187490271975271,0.0012848551784142165,0.004579947109216285
814.2857142857143,3.3000000000000003,0.00035071567567600373,3.330719858694803e-10,0.00012760165808803106,-3.1272572665395743e-07,0.00018920738949343695,0.003464512231541535,0.0011838415725518912,0.0038524805225392247
814.2857142857143,3.4000000000000004,0.0003343967673054086,3.5631400275827337e-10,0.00013129447046384137,-2.8279757682533266e-07,0.00021229259088010946,0.003743615685576973,0.001124536901191416,0.004072946480095574
814.2857142857143,3.5000000000000004,0.0003193908036394519,-9.86294026118687e-11,0.0001019436802340498,-2.8560090188488346e-07,6.154002342291512e-05,0.003048584502042851,0.0011911310940529985,0.003483567310533634
814.2857142857143,3.6,0.00030540427677583565,6.861415349476867e-10,0.0001011133301749773,-2.564118432251513e-07,0.0004477230611707599,0.0031658184588533207,0.0011199209661706766,0.003568095906062203
814.2857142857143,3.7,0.0002924288832139692,6.699753719373907e-10,9.008177782226567e-05,-2.2318783086916866e-07,0.00045658298501898833,0.0029495912360253227,0.0010194461876192544,0.003314679100719873
814.2857142857143,3.8000000000000003,0.0002803543074303254,3.743811934545326e-10,8.198691357607506e-05,-2.0953101776490551e-07,0.00026618159263746085,0.002803653068567975,0.0009995562685828885,0.0031511186326884507
814.2857142857143,3.9000000000000004,0.00026909960078244237,1.0356208735522688e-09,8.046935878479906e-05,-2.1985666963191257e-07,0.0007669537832391314,0.002870273673422963,0.0010942125205118918,0.00334981956917977
814.2857142857143,4.0,0.0002586495877224073,7.46639144543914e-11,6.157718711522602e-05,-1.9935582606407114e-07,5.757075724668797e-05,0.0022882675015563863,0.0010334640430750203,0.0027158016141513356
814.2857142857143,4.1,0.00024881534653352453,2.2765741024077634e-10,6.0864354655998666e-05,-1.5832542944504488e-07,0.00018245926854570016,0.002353158773302227,0.0008545547674289592,0.0026516363434902985
814.2857142857143,4.2,0.00023958974889120172,4.608938746551033e-10,5.633577955380173e-05,-1.703141544770426e-07,0.00038360183187257426,0.0022641601628945844,0.0009555049058669394,0.002664498237741283
814.2857142857143,4.3,0.00023092750904441694,7.44277893154704e-10,5.3682801376257215e-05,-1.681158244002673e-07,0.0006427604128009372,0.0022406134496444885,0.0009794592470659031,0.002711488597121076
814.2857142857143,4.3999999999999995,0.00022280209721139472,5.433431976593202e-10,5.0509952383948296e-05,-1.4421329664523406e-07,0.00048646633424548536,0.002187264418732943,0.0008718009664794007,0.0025575083542616695
814.2857142857143,4.5,0.000215181784902212,-6.713611187420548e-11,3.9900888634320684e-05,-1.3443759586782312e-07,6.225754213144187e-05,0.0017908668335586944,0.0008425532022823128,0.002151946052865906
814.2857142857143,4.6,0.00020796048147937247,2.667907621821677e-10,3.733188228951047e-05,-1.2220488560841393e-07,0.00025599443344942024,0.0017348997410015778,0.0007932724909781256,0.002081819576997419
814.2857142857143,4.7,0.00020111249687942805,5.058399326499098e-10,4.079699818528795e-05,-1.1579835774820645e-07,0.0005018267177713228,0.0019617668652750545,0.0007777860942621036,0.002304400508855882
814.2857142857143,4.8,0.0001946724822613365,4.358494301952417e-10,3.734645598956701e-05,-1.1446700451632016e-07,0.0004467839159590013,0.0018569933032036865,0.0007949119518507292,0.0022162603678478913
814.2857142857143,4.9,0.00018860593220314064,2.7729489816910907e-10,3.12156258369206e-05,-1.1080196764493507e-07,0.00029343430274244333,0.0016034945193237656,0.0007950721854731703,0.0019802974331532787
814.2857142857143,5.0,0.00018285153840331397,nan,nan,nan,nan,nan,nan,nan
828.5714285714286,0.1,0.022929830096671128,nan,nan,nan,nan,nan,nan,nan
828.5714285714286,0.2,0.02163912971870446,-2.8235344318637938e-08,-0.36233672526299465,7.818911578035716e-05,0.0002636512245218781,0.15801980378197283,0.004849225849204862,0.1581687639261766
828.5714285714286,0.30000000000000004,0.016725062088107846,-1.9151429056189795e-08,-0.01132524013428733,2.7263271195399945e-05,0.00022922081595114883,0.005233685587871866,0.0017820205511983626,0.005813364043731445
828.5714285714286,0.4,0.011697742056168357,3.796122594481454e-09,0.16018227836304996,-3.5256651249341716e-05,6.458358087424266e-05,0.09577380192623959,0.0029538740113636873,0.09586488434142876
828.5714285714286,0.5,0.008272244807859368,1.0698006091668807e-08,0.12632339399679235,-4.4276697172755826e-05,0.00025683850169448653,0.10798955336015514,0.005272968159143839,0.1082470229953528
828.5714285714286,0.6,0.006109981499518301,1.0446968213884494e-08,0.07587670890401818,-3.347407594629506e-05,0.00033938703236580467,0.09172444803849202,0.005625536204213288,0.09206944589109674
828.5714285714286,0.7000000000000001,0.004706485280217417,5.7676439459446765e-09,0.04482067821360872,-2.3332576093119223e-05,0.00024326470325806992,0.0733564876049826,0.0053059811391194395,0.0737396794348416
828.5714285714286,0.8,0.003751195843052619,6.601672450838296e-09,0.02766558441979439,-1.639521453947022e-05,0.0003493827639984725,0.05878183564300106,0.004840562153321961,0.05918013479029019
828.5714285714286,0.9,0.0030725622500857655,4.7337684763327855e-09,0.01774857422296473,-1.1764299248350466e-05,0.0003059361431748327,0.0473144430884244,0.004358244661412032,0.047715183272716295
828.5714285714286,1.0,0.002571414399348559,1.0973454144684604e-09,0.01196916579780066,-8.68924810750727e-06,8.475763440365952e-05,0.03895499854385883,0.003931008764948256,0.039349774525768676
828.5714285714286,1.1,0.0021899582065893594,-3.9917959343189563e-10,0.008304581216646591,-6.852120563738019e-06,3.620977160895733e-05,0.03229577161405984,0.0037047466128857457,0.03271801446033133
828.5714285714286,1.2000000000000002,0.0018915478259966256,9.583350181014372e-09,0.006115207887340658,-5.417991393821128e-06,0.001006249677190837,0.027923856578361293,0.0034402801126185707,0.028362393395626816
828.5714285714286,1.3000000000000003,0.0016542895242772984,5.312459725490433e-09,0.004486642072298331,-4.138403457402161e-06,0.0006380327315241556,0.023719421791169322,0.003041720217990528,0.024114770984667445
828.5714285714286,1.4000000000000001,0.0014618976432809545,-6.562951325463396e-10,0.0033508928293475952,-3.42654309467385e-06,8.922525805818638e-05,0.02025578219635698,0.002880723307741808,0.020661602239043845
828.5714285714286,1.5000000000000002,0.0013030146905780866,6.708727911337352e-10,0.00263150027353322,-2.9162670524423382e-06,0.00010234874306162932,0.018000578122742663,0.0027753257214911207,0.01842379314199192
828.5714285714286,1.6,0.0011704467406105509,2.369204729913953e-09,0.0020673589349667286,-2.3466331988045878e-06,0.000402374314918359,0.015865967973465737,0.0025060260760154125,0.01626195493203953
828.5714285714286,1.7000000000000002,0.0010585523799926824,-4.0756432598760115e-10,0.0016428096860109313,-2.0611200468198336e-06,7.655924146557771e-05,0.01403574916321248,0.002450354878295484,0.014457406197144997
828.5714285714286,1.8000000000000003,0.0009630861162349232,4.391877022180761e-10,0.0013115952634128222,-1.778175216332764e-06,9.070052434869403e-05,0.012390461617231348,0.0023381590574153266,0.012824419722885984
828.5714285714286,1.9000000000000001,0.0008807358051112922,2.366389608292354e-09,0.0011045605728536771,-1.4376494576047086e-06,0.000534329679097251,0.011468969952259645,0.0020783116485973674,0.011851647083388444
828.5714285714286,2.0,0.000809431099716198,1.5020298591582929e-09,0.0009061179702564229,-1.2599920671424594e-06,0.00036907916290712645,0.010288192724740236,0.001991539382101172,0.010673124528028799
828.5714285714286,2.1,0.000747187574023668,7.645809257924271e-10,0.0007215079300448454,-1.149617275899513e-06,0.00020356905557199415,0.008913765857252334,0.0019773897668268247,0.009344346028385657
828.5714285714286,2.2,0.0006921591276315864,2.5940031560339998e-09,0.0006572825897452685,-1.0209214267619477e-06,0.0007455130565558828,0.00879675482564233,0.0019027365521919323,0.009229273966789119
828.5714285714286,2.3000000000000003,0.0006437035071369576,1.8781706583885984e-09,0.0005313212335355957,-8.901908341995688e-07,0.0005805653570148228,0.007676287320715658,0.0017908776314511836,0.008104130338636597
828.5714285714286,2.4000000000000004,0.0006005610989776847,1.5006316727393488e-09,0.00045269884870201315,-7.838804160709002e-07,0.0004972852725312639,0.00703272304225142,0.0016961486865230285,0.0074471690436620375
828.5714285714286,2.5000000000000004,0.0005619456793054319,1.981411030983393e-09,0.00040573920535750613,-6.806592408885339e-07,0.0007017481490741023,0.006756002112827199,0.0015789169026520962,0.007149963089710008
828.5714285714286,2.6,0.0005273876516867542,9.019212403178366e-10,0.00031832824490232893,-5.822512752943567e-07,0.00034044154185551307,0.005664751178366289,0.0014434946805143365,0.006030975057282992
828.5714285714286,2.7,0.0004960129065170998,1.3647680468736428e-09,0.0003081245207803653,-5.424927573401874e-07,0.0005476585458893239,0.005842467486580027,0.0014333951097823244,0.006208349160294233
828.5714285714286,2.8000000000000003,0.000467719406555249,9.098702831196437e-10,0.0002626713603564407,-5.495819869513185e-07,0.0003872935939950746,0.005295655756235556,0.0015437662887634552,0.005741114432333271
828.5714285714286,2.9000000000000004,0.0004420526201969627,1.714551784245024e-11,0.00021314735116935017,-4.6054342890570847e-07,7.725878883204342e-06,0.00455716286692441,0.0013722380668605373,0.0049531674420679045
828.5714285714286,3.0000000000000004,0.0004185173073503699,7.776876169552368e-10,0.00021233069886789226,-4.225384967352534e-07,0.0003700279360760561,0.004803290132592935,0.001332789651199533,0.00517312026537471
828.5714285714286,3.1,0.00039710530149245603,6.455011405187395e-10,0.00016807115259467742,-4.2318043315160735e-07,0.0003238209925003157,0.004015871019976085,0.001409460626568158,0.004495023759665733
828.5714285714286,3.2,0.0003773740071604889,4.817437190780225e-10,0.00016132065582768028,-3.62582925899949e-07,0.0002543491775798735,0.00406241506273985,0.001273249091147454,0.004450869144597133
828.5714285714286,3.3000000000000003,0.00035925591938679863,6.534392770089127e-10,0.00013948169291204813,-3.3097503931114513e-07,0.0003624470121278407,0.003696112881795,0.00122322840963154,0.004096973731405994
828.5714285714286,3.4000000000000004,0.0003425326485422288,3.0419052102340445e-10,0.0001269625413854037,-3.0964727671769693e-07,0.00017700108428110906,0.003534041738327142,0.0012022771502427586,0.003925776494410591
828.5714285714286,3.5000000000000004,0.00032707900311151303,3.3334906850406215e-10,0.00011324536256762357,-2.638049878156576e-07,0.00020317581735051262,0.0033061187904154556,0.0010745120560472856,0.003644290628678802
828.5714285714286,3.6,0.0003127578113064735,5.846485827723162e-10,0.00010262869768663155,-2.2885552753431249e-07,0.0003725940439371979,0.003137734208259212,0.0009764099941674225,0.0034483264399818056
828.5714285714286,3.7,0.00029946290647830026,3.363211332982898e-10,8.703485143229612e-05,-2.4092386286429394e-07,0.00022389000407368618,0.0027828194304317503,0.001074778239330407,0.0031787587583503325
828.5714285714286,3.8000000000000003,0.00028703835016445,3.998000284019623e-10,9.584809108877317e-05,-2.13163789608716e-07,0.0002777084272798743,0.003200666560541733,0.0009933264936125966,0.00350639179901187
828.5714285714286,3.9000000000000004,0.00027557227476148746,-1.3104197994328198e-10,5.6868578895659977e-05,-1.9951676027070202e-07,9.482813766388475e-05,0.0019812188462997662,0.0009701159890496975,0.0024117360048408953
828.5714285714286,4.0,0.0002646748851474815,1.2690347695159993e-09,8.584916532669377e-05,-2.0522044027897797e-07,0.0009558144437902806,0.0031153048833014027,0.0010395501135932702,0.0035749174318049997
828.5714285714286,4.1,0.0002546359871867425,5.127122853508195e-10,6.0500994085807154e-05,-1.776734391179317e-07,0.0004015760403939341,0.002285860785472522,0.0009367433456224927,0.0026723396187452613
828.5714285714286,4.2,0.0002452020991668616,3.410605384743231e-10,5.460430565273963e-05,-1.6059479720003058e-07,0.00027743569396762233,0.0021444064625749247,0.0008804882821625656,0.002495189145349821
828.5714285714286,4.3,0.00023631425420350807,2.6823380619336195e-10,5.161205162670977e-05,-1.6919233799846113e-07,0.0002264334773779667,0.002104878049660882,0.0009634065477527845,0.002517555972789394
828.5714285714286,4.3999999999999995,0.0002279425297564216,2.284688347206786e-10,5.028894141010872e-05,-1.564447828464898e-07,0.0002000016088961121,0.0021280536622560703,0.0009244560068772484,0.002505563978489745
828.5714285714286,4.5,0.00022007369472343624,7.371661975871095e-10,4.837272809100987e-05,-1.4435921172662901e-07,0.0006682867942785913,0.0021221457944991997,0.000884604337730313,0.002552481083412836
828.5714285714286,4.6,0.00021268858697136097,2.2721602615126625e-10,4.1023760866134796e-05,-1.2865171430744382e-07,0.0002132344542789488,0.0018640919769029565,0.0008164152047403809,0.002203037767245076
828.5714285714286,4.7,0.00020571371682794704,-1.6321050509842445e-11,3.481395025738576e-05,-1.0949005432884256e-07,1.583757881367835e-05,0.0016368508885751141,0.0007192686477919539,0.0019272328441900194
828.5714285714286,4.8,0.00019908698618710698,2.347898538803813e-10,3.965270991745841e-05,-1.1859294797459815e-07,0.00023540376538295251,0.0019275676181876966,0.0008055594285509023,0.0022513959761216538
828.5714285714286,4.9,0.0001928567826454415,9.669756713917469e-11,2.5492176170265227e-05,-1.1720029923372084e-07,0.00010010886690734797,0.0012804541702342634,0.0008225472226060447,0.0017328452135541782
828.5714285714286,5.0,0.00018688150086547866,nan,nan,nan,nan,nan,nan,nan
842.8571428571429,0.1,0.023034344099975686,nan,nan,nan,nan,nan,nan,nan
842.8571428571429,0.2,0.02185582554193977,-2.667061119546978e-08,-0.3626259969659529,7.678552054330463e-05,0.0002466562080436538,0.1574284014305125,0.004740654628926264,0.15757128554680602
842.8571428571429,0.30000000000000004,0.017051047014244324,-2.0145526817007636e-08,-0.025066702955497604,2.9505410474394834e-05,0.00023665174648230598,0.011469117424732547,0.0019101117809911087,0.011785317670015472
842.8571428571429,0.4,0.011995601456993903,4.077821703276333e-09,0.15603864056979042,-3.312991676848195e-05,6.769063551541992e-05,0.09151264461322338,0.0027242657462891234,0.09159373315812097
842.8571428571429,0.5,0.008500542305441386,9.553603499215709e-09,0.12765315551062273,-4.3846594100232605e-05,0.00022331485552538866,0.10641663610472486,0.005094883555631509,0.106660517466685
842.8571428571429,0.6,0.006282014708995096,9.469862114527752e-09,0.0775152350083079,-3.364633238575368e-05,0.0002993542047319146,0.09118857623788154,0.005505365697258042,0.09152083998823939
842.8571428571429,0.7000000000000001,0.0048386394626318855,9.660785340098484e-09,0.046090795601886295,-2.3515340174897434e-05,0.0003964773626313451,0.07336944871505917,0.005203445531039328,0.07373862549464673
842.8571428571429,0.8,0.003856172172287538,8.197763587784007e-09,0.02840625829473716,-1.654800171684451e-05,0.0004221772217036252,0.058707119044753384,0.004753894732757433,0.05909232683184551
842.8571428571429,0.9,0.003157767464890563,6.41661984323024e-09,0.018285402149905563,-1.2084550787679596e-05,0.0004036375923656808,0.04741853146836646,0.00435640210371159,0.04781878844660199
842.8571428571429,1.0,0.002642216778992643,4.735047522938177e-09,0.012314713492392628,-8.936792375678174e-06,0.000356057993308768,0.03899816446053419,0.003935183651650369,0.03939485942772107
842.8571428571429,1.1,0.0022498132280186498,4.6183284042095875e-09,0.008622896012481627,-6.705466185658637e-06,0.00040790773372685715,0.03263508157634645,0.0035295831264408016,0.033017129680015085
842.8571428571429,1.2000000000000002,0.001943638637169473,3.5536534261602957e-10,0.006178334431404096,-5.305824438051393e-06,3.633804371934705e-05,0.02746154371598744,0.0032804093664577155,0.02785067099625425
842.8571428571429,1.3000000000000003,0.0016992473906343368,2.0473638468387794e-09,0.004626343870961935,-4.435438201070903e-06,0.00023949548745934432,0.023802489734919528,0.0031748341651703462,0.024223439467221178
842.8571428571429,1.4000000000000001,0.00150111958280882,2.278037833451958e-09,0.003471702750434978,-3.608376029086946e-06,0.000301728803724327,0.020430825844252005,0.0029546914396774053,0.020855936515931345
842.8571428571429,1.5000000000000002,0.001337708802487653,1.5976286176287776e-09,0.002734719086928483,-2.8647900565177807e-06,0.0002375171398792516,0.018217862975389434,0.0026561138045510034,0.018602602690678913
842.8571428571429,1.6,0.001201645213035771,6.938938568792742e-10,0.002085015743227337,-2.397951313123411e-06,0.00011485213295513348,0.015586469486856663,0.0024954997164214334,0.015981434846298284
842.8571428571429,1.7000000000000002,0.0010864317810161622,1.2391585338230643e-09,0.0016980384731074458,-2.052503722091139e-06,0.00022689543217555504,0.014130946927484648,0.0023780885164266887,0.01452741383001293
842.8571428571429,1.8000000000000003,0.000988198733727628,2.8651679769775313e-09,0.0013852075601490956,-1.7040966180351457e-06,0.0005767140937412835,0.012750064793331822,0.002184193625310873,0.013131570925284485
842.8571428571429,1.9000000000000001,0.0009038177620405845,5.394053518769537e-10,0.0011107810257811365,-1.4881057960775626e-06,0.00011875033540270608,0.011240461942215922,0.002096729108835518,0.011625602445819278
842.8571428571429,2.0,0.0008305446006113525,3.8954834279740506e-10,0.0009234664570585735,-1.3208764282992516e-06,9.333820848855496e-05,0.010217396646129497,0.0020355408569489287,0.01061559039366718
842.8571428571429,2.1,0.0007665061037527063,4.36451921986695e-10,0.0007631826691016553,-1.127530044998826e-06,0.00011333537029911009,0.009188942635228585,0.0018911425360718522,0.00957091175610574
842.8571428571429,2.2,0.0007100994335850766,-8.398248885906859e-11,0.0006525986691738901,-9.5574791693909e-07,2.354224090655974e-05,0.008513939627862828,0.0017372825513078602,0.008861378196993818
842.8571428571429,2.3000000000000003,0.0006602187501091859,1.1477204644305392e-09,0.0005508367395748902,-8.685952201368135e-07,0.0003459965456068851,0.007757177565878101,0.0017044118054114273,0.008130409374870744
842.8571428571429,2.4000000000000004,0.000615846434029044,1.6140661881927315e-09,0.0004757680729024345,-7.864890281290293e-07,0.0005216492768944024,0.007206218739224733,0.0016596875870621085,0.007596764591517513
842.8571428571429,2.5000000000000004,0.0005762317986779265,9.714389542081298e-10,0.00040499898217841076,-7.4078371719477e-07,0.00033561439074221064,0.006576298242547112,0.0016758947388008844,0.006998398527183378
842.8571428571429,2.6,0.0005406671531485931,5.292912840396326e-10,0.00034700204445844936,-6.579831046626503e-07,0.0001949602351771634,0.006021917659778429,0.0015912478955409282,0.006431612669041763
842.8571428571429,2.7,0.0005085725280638442,-5.32409283994073e-10,0.0002971836858122996,-5.527959177686813e-07,0.00020854137487441506,0.005496610698128055,0.00142532586060045,0.005858269905834241
842.8571428571429,2.8000000000000003,0.0004794497398372182,2.3285374923972815e-10,0.0002577543381720179,-5.439697992943598e-07,9.673962510732587e-05,0.005068192321620261,0.0014914868931058655,0.005490446090128711
842.8571428571429,2.9000000000000004,0.0004529044949923124,9.723544994319652e-10,0.00025590640894708315,-4.790565426417548e-07,0.00042771341024231937,0.005337502300741013,0.0013931759889708368,0.005705589210958537
842.8571428571429,3.0000000000000004,0.00042891831423687743,-1.5333076920516494e-10,0.0001881907879229495,-4.029878935349903e-07,7.123343146257904e-05,0.004155198060600919,0.001240847123468222,0.004511113863805512
842.8571428571429,3.1,0.00040681404136067197,8.914157663630429e-10,0.00018259602537419765,-3.9615932134167567e-07,0.00043657195069697326,0.004257128206312868,0.0012883162073690597,0.004651156085690908
842.8571428571429,3.2,0.0003865357287382085,8.992042593501366e-10,0.00016721019363401536,-3.63007044057833e-07,0.0004635511460131022,0.004110236536446653,0.0012444819749078708,0.004495152369191975
842.8571428571429,3.3000000000000003,0.00036792951805208514,8.716023214521166e-10,0.00014073021112552647,-3.3102218106125836e-07,0.0004720992493474177,0.0036408073216134635,0.0011945227889414113,0.0040413023941483685
842.8571428571429,3.4000000000000004,0.00035073060947721707,1.075437488401585e-09,0.0001303532103368878,-3.1208959359975633e-07,0.0006111046405715404,0.0035428853609520573,0.0011832929016926215,0.003965583153203164
842.8571428571429,3.5000000000000004,0.00033483523300571787,1.123307657259304e-09,0.00012908053401931155,-2.9798047237146137e-07,0.0006687065699523897,0.003680332726354084,0.0011852671680209397,0.004098991823918064
842.8571428571429,3.6,0.0003202306618744118,-1.619341409098327e-10,9.394759655048417e-05,-2.603279260597045e-07,0.00010085676746481556,0.0028057858698782713,0.0010848149690892157,0.003199414551050253
842.8571428571429,3.7,0.00030656556670861056,2.3910843375409934e-10,9.035131982962654e-05,-2.2990745879761905e-07,0.00015554667333474053,0.0028214449953284167,0.0010023461443070605,0.003161351327401581
842.8571428571429,3.8000000000000003,0.0002938039847411056,3.3137372732741877e-10,9.758027057190156e-05,-2.2329439941404954e-07,0.00022494648302594437,0.0031830147012123925,0.0010168144352113283,0.0035000009570953293
842.8571428571429,3.9000000000000004,0.00028201820547931963,4.2281447244633224e-10,7.26743042678377e-05,-1.882528442657018e-07,0.00029904190190176085,0.0024735642823863297,0.0008945419694287153,0.0027943437491348895
842.8571428571429,4.0,0.00027095916926021205,-2.224713656466117e-10,6.611299591317256e-05,-1.9115827125210612e-07,0.00016379018303763786,0.002344281136063772,0.0009463969591229375,0.002704406714501027
842.8571428571429,4.1,0.0002605612630002362,1.7280093990464248e-10,7.206968937864998e-05,-1.9735203636206593e-07,0.00013231749661458682,0.0026597988758017936,0.001017075983924944,0.00302670201602018
842.8571428571429,4.2,0.00025088405363404685,1.5450214255930584e-10,5.488966878423677e-05,-1.759251071297862e-07,0.00012288134019623905,0.00210659359538747,0.0009429681832713606,0.0024962400503998235
842.8571428571429,4.3,0.0002417557409556999,-1.1969258971190339e-11,5.021603168957073e-05,-1.5618193737612993e-07,9.881704876857589e-06,0.0020015633103098126,0.0008695214074652711,0.002349146289474204
842.8571428571429,4.3999999999999995,0.00023312958859424864,6.313850637380914e-10,6.126103930033268e-05,-1.3097786328105554e-07,0.0005403922230253921,0.002534005565210481,0.0007569384332163501,0.002803412124997689
842.8571428571429,4.5,0.00022511604662580072,2.321720974672226e-10,3.605584235785675e-05,-1.3704619848523198e-07,0.00020582480850998513,0.0015466008658647915,0.000821069310583725,0.0019449030093186554
842.8571428571429,4.6,0.00021746306308093136,8.374022430666206e-10,5.015264137693737e-05,-1.4429117593174713e-07,0.0007683989815800207,0.002227857237574167,0.0008954173557405046,0.0026753185507201655
842.8571428571429,4.7,0.00021031160594983138,5.477544200836815e-10,3.8925759085633195e-05,-1.2808629269636109e-07,0.0005198862897012306,0.001789994058491972,0.000822722465505625,0.00219729492652925
842.8571428571429,4.8,0.00020354940640958773,3.0913374104698624e-10,3.401604157736144e-05,-1.1393432624404152e-07,0.0003032009818931823,0.0016174115272304932,0.000756963784830849,0.0019631452383687647
842.8571428571429,4.9,0.0001971273672851177,5.6517721089025e-10,3.534183952962749e-05,-1.1122712004841273e-07,0.0005723805388989506,0.0017362781917679324,0.0007636474856587281,0.0021233455689606833
842.8571428571429,5.0,0.00019105874655594394,nan,nan,nan,nan,nan,nan,nan
857.1428571428572,0.1,0.023138914213836015,nan,nan,nan,nan,nan,nan,nan
857.1428571428572,0.2,0.022067078383298452,-2.510577826084461e-08,-0.3622321944383558,7.533445473991328e-05,0.00023003548969380026,0.1565467554314876,0.004630112893512808,0.1566838072146125
857.1428571428572,0.30000000000000004,0.01737292060837733,-1.9475817796255787e-08,-0.03844697671258889,3.159292775413949e-05,0.00022467340661180274,0.01742277615766645,0.0020263248451784462,0.017658300935711906
857.1428571428572,0.4,0.012294293066330321,2.5962726732426906e-09,0.15151239937399338,-3.098047933519133e-05,4.2073367591082195e-05,0.08721181820225046,0.0025017398152233196,0.08728356322078512
857.1428571428572,0.5,0.008730789518023243,1.100930001964978e-08,0.1288694573677057,-4.340214392853714e-05,0.0002506666129357562,0.10482055102512006,0.004923412175447544,0.10505184779840537
857.1428571428572,0.6,0.006455980543393223,9.648837069459887e-09,0.07915936651280689,-3.373230767371732e-05,0.00029692031117729606,0.09066690515147083,0.0053762676166423246,0.09098562720775469
857.1428571428572,0.7000000000000001,0.004972765233891272,8.494810115780755e-09,0.0473271590110234,-2.371803128488492e-05,0.0003393544916134244,0.07330746846728962,0.005109067160370822,0.07366345925254936
857.1428571428572,0.8,0.003962821514499556,5.245584516551996e-09,0.029140439884124066,-1.6818630783748697e-05,0.0002629938750954205,0.058600071617137636,0.004703147539525493,0.05897691711906521
857.1428571428572,0.9,0.0032442821939490806,4.161361739333813e-09,0.018824262146729286,-1.2238555499767247e-05,0.0002549062690967956,0.047502170051952265,0.004295165940818522,0.04788964436878761
857.1428571428572,1.0,0.002713985494865898,4.396168642945751e-09,0.012692196966608341,-8.998416268804134e-06,0.00032195533245735973,0.039121741599052615,0.0038584170369663244,0.0395017605309111
857.1428571428572,1.1,0.0023106107654487992,4.234184170827604e-09,0.00885659358499293,-6.92468546498169e-06,0.00036425800447160235,0.032633164774635424,0.0035499265712492316,0.03301908666854446
857.1428571428572,1.2000000000000002,0.0019958019718816296,2.63771100222348e-09,0.006362990803341315,-5.45180254997791e-06,0.00026278126329340343,0.027538133633275126,0.003283050160919187,0.027928027046583145
857.1428571428572,1.3000000000000003,0.001744623086347873,2.7177615942559114e-09,0.004736222720286568,-4.36374080520393e-06,0.0003097618953256372,0.023730925146953772,0.0030431556920257168,0.024119999044235795
857.1428571428572,1.4000000000000001,0.001540806428016982,2.7225655956617478e-09,0.003573919136778762,-3.6310163367855998e-06,0.0003514284929260675,0.020485336716827864,0.002896962534803579,0.020893953820269807
857.1428571428572,1.5000000000000002,0.0013727289610538785,2.5335682079036105e-09,0.0028333802361415763,-2.9674073130586387e-06,0.00036715696629094775,0.018388943507901493,0.0026812284600649374,0.01877940413551007
857.1428571428572,1.6,0.001232985296452191,1.4334263890904117e-09,0.0021322439685837265,-2.352979760384393e-06,0.00023132362281388195,0.015532883978398398,0.0023869064803947134,0.015897126796913897
857.1428571428572,1.7000000000000002,0.0011145640715363406,4.151241768401834e-09,0.001775323275840924,-1.995300631539322e-06,0.0007408482121046858,0.014398576211324371,0.002253984731565964,0.014765796535472097
857.1428571428572,1.8000000000000003,0.0010138960793788995,8.638388044435618e-10,0.0013781714473291111,-1.82667332736095e-06,0.00016955065183709683,0.012365116394155863,0.0022819710846110797,0.012780439543558845
857.1428571428572,1.9000000000000001,0.0009270098016947497,1.4188470892243558e-09,0.0011614077157702603,-1.5319235046305417e-06,0.00030464308235818733,0.011454898972306164,0.002104756572719508,0.011839236391515351
857.1428571428572,2.0,0.0008517376011683025,2.1125625991402715e-09,0.0009448304660702922,-1.2875742397212371e-06,0.0004936502322854075,0.010192238144008436,0.0019352008521064596,0.010564819620419608
857.1428571428572,2.1,0.0007859137053025583,2.4542617992990264e-09,0.0007932790818312192,-1.1615194395520983e-06,0.0006215636271859881,0.00931365576373642,0.0018999154816078739,0.009713386778180297
857.1428571428572,2.2,0.0007280226002551262,1.6343903833051217e-09,0.0006836726539930295,-1.0426558155116163e-06,0.0004469493535111893,0.008699080438224852,0.0018484330055854104,0.009094348428974193
857.1428571428572,2.3000000000000003,0.0006769682217476245,-6.904279031755568e-10,0.0005547327103177069,-8.74744393351791e-07,0.00020315508793722874,0.00761971826318727,0.0016744867784515855,0.007981803702329615
857.1428571428572,2.4000000000000004,0.0006314611703432998,-2.3583514376604905e-10,0.00047620519592434993,-7.799478538414692e-07,7.438571091521868e-05,0.007034380353851832,0.0016064713183431252,0.0073925327452750034
857.1428571428572,2.5000000000000004,0.0005907161708982187,-3.309935129014651e-10,0.0004083501786690318,-7.250905164774124e-07,0.00011162785246349311,0.0064667504170846865,0.0016009260061635524,0.006852536018784006
857.1428571428572,2.6,0.0005540546732398278,1.288349380473062e-09,0.0003630319073234431,-6.448753945472317e-07,0.00046314263322468253,0.0061456233163793665,0.001522393545969574,0.006528288540127163
857.1428571428572,2.7,0.0005210234946546714,1.5398706085324577e-09,0.00032352782229866194,-5.93077250126312e-07,0.0005887335115249035,0.005839276120654972,0.0014924177745931561,0.006236856130189873
857.1428571428572,2.8000000000000003,0.0004912275942925016,4.5690960925903823e-10,0.000252311555109185,-5.175565162891129e-07,0.00018534506220491397,0.004842613772655576,0.00138512940302506,0.0052270859825954965
857.1428571428572,2.9000000000000004,0.0004639548094814237,7.746787492530657e-10,0.0002606004459323801,-4.7465009664267355e-07,0.00033272293965022,0.005305085645844349,0.0013477903491968463,0.005646920923396179
857.1428571428572,3.0000000000000004,0.0004392880291296696,9.664746156782092e-10,0.0002083454035944421,-4.396820108222738e-07,0.00043845177804981085,0.004490640022189145,0.0013218976757167007,0.0048839445841135825
857.1428571428572,3.1,0.00041670470281385995,-1.718178017219511e-10,0.00017595848912145028,-3.927358265108342e-07,8.220375300470435e-05,0.004005537994514998,0.0012471823165442493,0.004377444407860898
857.1428571428572,3.2,0.0003958809613892648,9.79744238646859e-12,0.0001723774777488175,-3.5433270486564717e-07,4.9342026789758005e-06,0.004136681841717005,0.0011866776610016574,0.004464142554644508
857.1428571428572,3.3000000000000003,0.0003767809947421578,9.087714057017806e-11,0.00014670193556038213,-3.245515707610298e-07,4.8091031432530716e-05,0.003705708277699467,0.0011441580534207808,0.004043857303260076
857.1428571428572,3.4000000000000004,0.0003591480474506546,1.474130174141982e-11,0.0001305609201436423,-2.9747055271917806e-07,8.184675719305146e-06,0.0034651673509431906,0.0011019235341164938,0.00379946347647123
857.1428571428572,3.5000000000000004,0.0003428207093605879,2.48504949419183e-10,0.00011770933879698211,-2.955299548970226e-07,0.00014454695248592513,0.0032774600789986165,0.001148590417604481,0.003660759249899979
857.1428571428572,3.6,0.00032767046465849095,1.3207274203371232e-09,0.00011968046220684834,-2.902343573901935e-07,0.0008036745364449763,0.0034910511220302416,0.0011817367974304585,0.003953015863105162
857.1428571428572,3.7,0.0003137170245784625,2.95324095670694e-10,8.736621106184243e-05,-2.2994374296948837e-07,0.0001877993888191037,0.002666282759201334,0.0009794598774558545,0.0030104842908653057
857.1428571428572,3.8000000000000003,0.0003006372466090525,8.264035952875304e-10,9.929562253555229e-05,-2.1096019157892014e-07,0.0005482195235193985,0.0031651333767740066,0.0009390610836408496,0.0034759581954267108
857.1428571428572,3.9000000000000004,0.000288550424864998,4.5697587636208444e-10,7.344479324793671e-05,-2.2229114930258402e-07,0.00031594849534483083,0.002442970525985559,0.001032244342276722,0.002863387016606282
857.1428571428572,4.0,0.00027719805105342287,4.271761472288577e-10,6.761270698218599e-05,-1.9722185515707093e-07,0.00030748286291733474,0.0023431851474077525,0.0009545003604442779,0.0027216179419963862
857.1428571428572,4.1,0.0002665218043116696,5.372090595647597e-10,7.519815808176648e-05,-1.7951882247533628e-07,0.0004021926907082719,0.0027127953387837476,0.0009045278695508444,0.0030261128274032293
857.1428571428572,4.2,0.000256597539150734,5.495326278513708e-10,5.215110121808302e-05,-1.6534771792446246e-07,0.0004273613267466062,0.0019567292572092044,0.000866536959370595,0.002348020377579287
857.1428571428572,4.3,0.0002471947850019792,1.0181461561895246e-09,6.534706734916453e-05,-1.520287447001707e-07,0.0008217987797396343,0.0025466755279666764,0.000827609534394761,0.002920750684664497
857.1428571428572,4.3999999999999995,0.0002384455015267161,1.8893910159957702e-10,5.0956253741979466e-05,-1.6415153118488095e-07,0.00015815834505350377,0.0020613806129272296,0.00092746673981954,0.0024484062572222927
857.1428571428572,4.5,0.0002302057805888728,-1.548579015560007e-10,4.4237795642464155e-05,-1.4954807670545366e-07,0.00013433277232393506,0.0018552581348450239,0.0008762925875162185,0.0022351298482416204
857.1428571428572,4.6,0.00022240843760745413,-3.6713066789515925e-10,4.1018706202386146e-05,-1.230567179893018e-07,0.0003296594194146452,0.0017818278106422507,0.0007472260013950134,0.0020976842169183898
857.1428571428572,4.7,0.00021502128168805933,1.2412459821600952e-10,4.4078938198497854e-05,-1.2441711078457784e-07,0.00011527110679861444,0.0019818914548690005,0.0007820292137169795,0.0022725141471856528
857.1428571428572,4.8,0.0002080749151506495,2.638749276544063e-10,3.847455994910036e-05,-1.1682875460163964e-07,0.000253237447587205,0.0017893372994082079,0.0007594695998756866,0.002102247683358127
857.1428571428572,4.9,0.00020151329421273068,2.5657813396693458e-11,2.821730110755401e-05,-1.1457823934469426e-07,2.5430670679461365e-05,0.0013561125850813996,0.0007697150614885721,0.0017391407689408228
857.1428571428572,5.0,0.0001952338462858874,nan,nan,nan,nan,nan,nan,nan
871.4285714285714,0.1,0.023243634033034796,nan,nan,nan,nan,nan,nan,nan
871.4285714285714,0.2,0.022273207596440636,-2.4269881084141467e-08,-0.36119616140292504,7.38384495803592e-05,0.0002203858849282392,0.15539573583441318,0.004517773417356664,0.15552718038580315
871.4285714285714,0.30000000000000004,0.017690819545817225,-2.0673311391567637e-08,-0.051491696796110424,3.357671926322695e-05,0.00023433270973008893,0.023118222453212822,0.0021342850727249733,0.023315605648543555
871.4285714285714,0.4,0.012593514527232707,3.574230236228636e-09,0.14670740178792901,-2.8771301963077823e-05,5.6573986757138424e-05,0.08292855026188778,0.0022828660182395632,0.0829913887320178
871.4285714285714,0.5,0.008963283526527479,1.0698537211704952e-08,0.12988630023914383,-4.2930749666545276e-05,0.00023737597523348371,0.10313745218483104,0.0047566453524558495,0.103356865957468
871.4285714285714,0.6,0.0066319155282136884,9.720705175783791e-09,0.0808077109968266,-3.394608819718332e-05,0.00029131654113111834,0.09015413911394236,0.005272300261428797,0.09046241188911854
871.4285714285714,0.7000000000000001,0.005108624639868165,7.227172458526216e-09,0.04852076326412887,-2.4056277760128267e-05,0.0002811560594937138,0.07316251700992034,0.005046541430882837,0.07351032651800635
871.4285714285714,0.8,0.004070541384163931,4.6530564218778884e-09,0.0299188052045725,-1.69487620975298e-05,0.0002272207322998002,0.05856528383605142,0.00461546065821535,0.058928338295199875
871.4285714285714,0.9,0.0033316461805054215,7.91694404910227e-09,0.019390041116631177,-1.2210769311159962e-05,0.0004723412991077266,0.047635042336300434,0.0041739832602205144,0.04800171494016833
871.4285714285714,1.0,0.0027866513880132238,6.280485576483848e-09,0.01306158265764589,-9.285936230658954e-06,0.0004480641098308204,0.03920459121401783,0.0038781274804927076,0.03958889338204173
871.4285714285714,1.1,0.002372272422097485,-2.0643731432649592e-10,0.00906101587798409,-7.133544041475901e-06,1.73097512283067e-05,0.03251578549423167,0.003562462671669114,0.032903782252325424
871.4285714285714,1.2000000000000002,0.002048503614961587,2.1909030753671413e-09,0.006581861945903748,-5.425792782018512e-06,0.00021274835011851674,0.027744966744098824,0.003184665839392766,0.028108942251689556
871.4285714285714,1.3000000000000003,0.0017905534272847265,2.038258765108363e-09,0.004844565924904536,-4.327885980669613e-06,0.0002264528474967399,0.023649291558586687,0.0029418253530634035,0.024013515880250275
871.4285714285714,1.4000000000000001,0.0015810488988569115,3.1099835688908013e-09,0.0036721803927314443,-3.476797535674764e-06,0.0003913190248493237,0.0205086334580929,0.0027039328907629582,0.020865753833809023
871.4285714285714,1.5000000000000002,0.0014082661743564109,6.5405785825640685e-09,0.0029134466010474233,-2.9656788743718657e-06,0.0009236569595775165,0.018427302300098546,0.0026121314714358597,0.018816616961779407
871.4285714285714,1.6,0.0012646179158663845,4.4475190586917815e-09,0.002257389687779394,-2.596949910405029e-06,0.0006997272624028225,0.016029566916290098,0.0025671790036587683,0.01645045439613218
871.4285714285714,1.7000000000000002,0.001143543554254152,-1.9082591785119755e-09,0.0017300526021811432,-2.1003410381976907e-06,0.00033224936977960387,0.013680437233058586,0.0023131235769046224,0.014070033187432029
871.4285714285714,1.8000000000000003,0.001039769718663731,2.07597525690431e-09,0.0014495518906058747,-1.7913147540950266e-06,0.00039741255408645086,0.012675965731373558,0.002183216218104887,0.013052620812353921
871.4285714285714,1.9000000000000001,0.0009504914019793688,1.814175552111363e-09,0.0012148651654560409,-1.5349808424961263e-06,0.0003799891994617806,0.011683982940158476,0.0020569342459306273,0.012046651240979225
871.4285714285714,2.0,0.0008733617369495668,7.416460019712326e-10,0.0009590104687604362,-1.3407347416963696e-06,0.00016908728854035548,0.010089628025706777,0.0019657706467073443,0.010466981068062844
871.4285714285714,2.1,0.0008058221766073692,-7.097332132670188e-10,0.0007996699717821575,-1.1849803264057896e-06,0.00017544331811401558,0.00915622860437193,0.0018911391267956257,0.009540446373581491
871.4285714285714,2.2,0.0007462793159829932,5.629133859030255e-10,0.0006840334373736633,-1.0088350155080394e-06,0.00015023886198974268,0.008488640015512425,0.0017456609253908766,0.008841620052992768
871.4285714285714,2.3000000000000003,0.0006935767897323538,3.3819388893077216e-09,0.0006153513554664458,-9.127228498611172e-07,0.0009709035719628785,0.008245590388042711,0.0017052092203960233,0.008645686298037874
871.4285714285714,2.4000000000000004,0.0006470277770363789,1.36974213071306e-09,0.00046542290815963425,-8.183831029769891e-07,0.00042170796085907775,0.006710474096736104,0.0016446179920594302,0.00711462134528812
871.4285714285714,2.5000000000000004,0.0006051329934220003,1.9463175232390743e-09,0.00044669119684352914,-7.365288263312103e-07,0.0006407122587588703,0.0069037406537558,0.0015873064261596515,0.007287745233877204
871.4285714285714,2.6,0.0005677051217760571,-4.747150694323929e-10,0.00035114704232486275,-6.366457770748665e-07,0.00016667385474637968,0.005802807748742004,0.001467051106985181,0.006164806229211844
871.4285714285714,2.7,0.0005337887205533624,3.058826910313783e-10,0.0003226376276149723,-5.699374617729513e-07,0.00011420265151538515,0.005683190361320069,0.001400747014038402,0.006019624516802479
871.4285714285714,2.8000000000000003,0.0005030986956068175,1.0046387756759972e-09,0.0002754551014191625,-5.284670042623451e-07,0.0003979781455158267,0.005160376958389204,0.0013811384045680692,0.005531994535619869
871.4285714285714,2.9000000000000004,0.00047516322167446423,7.655808870605346e-10,0.0002627235997836236,-4.779204053954809e-07,0.00032113472923352935,0.00522210854605252,0.0013252655270133131,0.00555753566027735
871.4285714285714,3.0000000000000004,0.00044985498373994716,4.035051241782196e-10,0.00020135536041235712,-4.643465138125829e-07,0.00017882132038681301,0.004237604074296523,0.0013634412268231368,0.004659099624725933
871.4285714285714,3.1,0.00042656029940955366,1.021471354306897e-09,0.00019625784391989837,-4.2325626730544554e-07,0.0004774436815930156,0.004362691334177848,0.0013130210258169358,0.004765404135524951
871.4285714285714,3.2,0.00040522819351835915,5.056099552208416e-10,0.0001754930160284215,-3.7021305534767356e-07,0.0002488329571919294,0.004114143211905552,0.0012112832960181148,0.004463463526800508
871.4285714285714,3.3000000000000003,0.00038565101778744885,3.1412659851802986e-10,0.00014946517964804456,-3.1903084455345245e-07,0.0001624680233435324,0.0036884200566186165,0.0010990640387153802,0.004005835979551629
871.4285714285714,3.4000000000000004,0.000367568493853019,6.552464296780556e-10,0.0001370931092668564,-2.8455365979879726e-07,0.0003555323141944603,0.0035548488904135387,0.00103020914505645,0.0038582399647023925
871.4285714285714,3.5000000000000004,0.0003508569010112577,5.181717914396872e-10,0.00012344954813057462,-2.756586937327625e-07,0.0002945673713055477,0.003358545419290993,0.001046993897412751,0.0036822533470848334
871.4285714285714,3.6,0.00033537980365080217,-9.434437631836385e-11,0.00010260463815740913,-2.687956982806609e-07,5.612254233175767e-05,0.0029244013118076575,0.001069624215331155,0.0032929416478743906
871.4285714285714,3.7,0.0003209287526719207,1.07163510025509e-09,0.00011614605789167593,-2.3986273536282757e-07,0.0006660421056763167,0.0034631202185510064,0.0009988082947996388,0.0037989537709995414
871.4285714285714,3.8000000000000003,0.00030763916227195603,1.2224766171773092e-10,8.263327616160543e-05,-2.3513986955903696e-07,7.92856562046069e-05,0.0025748168549447436,0.0010230080898674648,0.0029544981224661313
871.4285714285714,3.9000000000000004,0.0002951759046336074,2.3295233612042825e-10,8.114646569318304e-05,-2.223178793108394e-07,0.00015750028918039467,0.0026377157281896636,0.0010093144596510473,0.0030032951837527405
871.4285714285714,4.0,0.0002835241116521906,5.207266695452532e-10,7.19661454281204e-05,-1.854522503972191e-07,0.000366505906153784,0.002438076560397087,0.0008776966347369855,0.0027602982916454075
871.4285714285714,4.1,0.000272591980125055,4.822680861936039e-10,7.633255853897908e-05,-1.9803611927955133e-07,0.00035307021930472166,0.002692277496053635,0.0009756939314781204,0.00304581253385089
871.4285714285714,4.2,0.0002624231741833092,-1.2011412159528232e-10,5.872457365297842e-05,-1.7105823436219017e-07,9.139025208956829e-05,0.002154303058587336,0.0008766264871012858,0.0024872317628622446
871.4285714285714,4.3,0.00025284161397809315,-1.5856347068740484e-10,5.3991968663286917e-05,-1.4435179142099118e-07,0.00012520460572494968,0.002057439051688788,0.0007688223917914684,0.0023304307294894455
871.4285714285714,4.3999999999999995,0.00024379997345951,4.554340964735385e-10,5.055779576392492e-05,-1.6114664105618203e-07,0.00037290554398261127,0.0019995836511431772,0.0008907102688222979,0.0023925139265264534
871.4285714285714,4.5,0.0002352639108985661,1.0985775106618229e-09,5.510391702536582e-05,-1.5049729831828385e-07,0.0009320432168017036,0.002260210132242587,0.0008625813072031956,0.0027322787967099674
871.4285714285714,4.6,0.00022727888750787584,9.84925660809029e-10,4.624248597580077e-05,-1.3582190658787354e-07,0.0008650955045361814,0.0019655579897138666,0.0008066278423670541,0.00243168776677027
871.4285714285714,4.7,0.0002197562889769436,4.621697301298043e-10,4.20585471751835e-05,-1.2739802970715045e-07,0.0004199750389525657,0.0018505259171389629,0.0007832877852641763,0.0021972493514470144
871.4285714285714,4.8,0.0002126542759177632,2.7045433542743034e-10,3.521945702091868e-05,-1.2242116677532653e-07,0.00025401564343880377,0.0016026598003124198,0.0007787114052115103,0.001961077583335765
871.4285714285714,4.9,0.00020590445742879197,4.0404897408588694e-10,3.542443280432475e-05,-1.1560096720329577e-07,0.0003919561127875873,0.0016658227374663256,0.0007600217542795029,0.0020208565315151753
871.4285714285714,5.0,0.000199508883267864,nan,nan,nan,nan,nan,nan,nan
885.7142857142858,0.1,0.023348559047972613,nan,nan,nan,nan,nan,nan,nan
885.7142857142858,0.2,0.022474383772626873,-2.2155811927955195e-08,-0.35957090571651495,7.228811689678242e-05,0.00019944363378068946,0.15400132615367415,0.004403070213381339,0.15412729248728568
885.7142857142858,0.30000000000000004,0.018004499440115982,-2.017104232296364e-08,-0.06411496847279102,3.542238485480921e-05,0.00022477476983813566,0.028528020666302382,0.00223207275044389,0.02870301002265581
885.7142857142858,0.4,0.012893465422877181,1.6787133159694107e-09,0.14155295043344998,-2.6626551509391286e-05,2.5966410068319204e-05,0.07862087524524822,0.0020769793766211007,0.07867572932769772
885.7142857142858,0.5,0.009197960909972878,8.510121776995383e-09,0.13073779333483915,-4.245088021261761e-05,0.00018408845700699985,0.10139849066711577,0.004596424338885801,0.10160680110866287
885.7142857142858,0.6,0.006809834330416967,8.968583086388902e-09,0.08242512281388026,-3.404374332824113e-05,0.00026186440013996603,0.08961238650678645,0.005154969859403883,0.08990881946121007
885.7142857142858,0.7000000000000001,0.00524595897899986,9.247142860555415e-09,0.04971272295969577,-2.423085909091586e-05,0.00035043802446588256,0.07300136911943328,0.0049524429039899615,0.07333741256381561
885.7142857142858,0.8,0.00417921085717971,9.147954578242131e-09,0.03081631345693653,-1.711506588103472e-05,0.0004352073427033823,0.0587429554449388,0.0045402552728758165,0.059094433373397884
885.7142857142858,0.9,0.0034206258699289263,3.900865331841687e-09,0.019855813023270972,-1.2386653706115433e-05,0.00022678173157271244,0.04751091462437105,0.004125002828580915,0.047868253937966565
885.7142857142858,1.0,0.002860599012910852,2.5957623648872654e-09,0.013331979278924419,-9.457470438055701e-06,0.00018048846158532668,0.038975262966135,0.003848753899071899,0.039353900855129756
885.7142857142858,1.1,0.0024338919486820224,7.221288888161542e-09,0.00944674966649574,-7.120445655034894e-06,0.0005902047083078979,0.0330236765931169,0.0034656901171864055,0.03339062103796832
885.7142857142858,1.2000000000000002,0.00210165238111815,7.052099686352163e-09,0.0067486925843855405,-5.43919434767723e-06,0.0006674599224341138,0.02772798762919623,0.0031118637049191225,0.0280829875930055
885.7142857142858,1.3000000000000003,0.001836899739398133,4.601348970284682e-09,0.004977896254298834,-4.449569393905075e-06,0.0004983856464553436,0.023685630882736307,0.0029479680694078983,0.024054906568979264
885.7142857142858,1.4000000000000001,0.0016219260602211045,2.7258836222355773e-09,0.0038185818570492455,-3.55846115551219e-06,0.00033444530295417255,0.020788188789772594,0.0026979917897566336,0.02113809277619633
885.7142857142858,1.5000000000000002,0.0014451381996145685,-2.187552202618942e-09,0.002880785322329892,-3.0011291099086563e-06,0.00030132973642380277,0.017761508326323935,0.0025775108971136805,0.01813419704551617
885.7142857142858,1.6,0.0012971581922313314,3.957415374044589e-10,0.0022955411475193174,-2.7078333245109132e-06,6.073457691921988e-05,0.015884578707638892,0.0026109799376870823,0.01630821761806045
885.7142857142858,1.7000000000000002,0.0011721335963232875,3.1565499634923425e-09,0.0018958025953095263,-2.17166560320249e-06,0.0005362170126423925,0.014615045463718081,0.0023330033723502636,0.014992427824138057
885.7142857142858,1.8000000000000003,0.001066067026368339,7.701975190575369e-10,0.0014342785759191739,-1.6842520624612697e-06,0.00014387191892720894,0.01223647697172212,0.0020027790909078486,0.012560824653759677
885.7142857142858,1.9000000000000001,0.000974343242172582,2.4318705986147347e-09,0.0012517771080938764,-1.5885906965827198e-06,0.0004969504402149523,0.011742011310097238,0.0020772270797607645,0.012114104755542778
885.7142857142858,2.0,0.000895137229057764,6.034508595659983e-10,0.0009654588456322513,-1.4005758615103778e-06,0.00013429489519845527,0.009908816563241921,0.002003444401729037,0.010306806476522814
885.7142857142858,2.1,0.0008255858043992685,3.280228009200883e-09,0.0008616532252924485,-1.1530683921324168e-06,0.0007912758380652767,0.009625934407838661,0.0017962662161523858,0.009986885165781119
885.7142857142858,2.2,0.0007646509119936975,1.6757176352886471e-09,0.0007159529739019431,-9.88494255753443e-07,0.00043655692173821565,0.008672060130962415,0.0016691526714455362,0.008998185936183635
885.7142857142858,2.3000000000000003,0.000710875549327146,-2.4190282024515856e-10,0.0005773736279213202,-9.403848512449737e-07,6.780144411925854e-05,0.007550813304020217,0.0017149193580374802,0.007931032429459403
885.7142857142858,2.4000000000000004,0.0006628739229398076,9.435285173063039e-11,0.000507472705111667,-8.577968037723969e-07,2.836977810305994e-05,0.007138699672425045,0.0016829858948480682,0.00752507281705009
885.7142857142858,2.5000000000000004,0.0006199470236035859,9.013492355206953e-11,0.0004238565418507311,-7.254156074226647e-07,2.8978383588470045e-05,0.006394225616403069,0.0015268129798219478,0.006749020427505473
885.7142857142858,2.6,0.0005812586896858715,2.2499801813153595e-09,0.00040460157228822596,-6.930446389402892e-07,0.0007713785680374821,0.006526389463673614,0.0015596972649208314,0.0069321061332888265
885.7142857142858,2.7,0.0005466163714910394,1.514016235279276e-10,0.0003200771946492591,-5.740310687134505e-07,5.522730219288882e-05,0.0055066221000883075,0.0013775973994314989,0.005841359961338569
885.7142857142858,2.8000000000000003,0.0005151748252426999,6.560053418729915e-10,0.0002794595870503628,-4.805672373698067e-07,0.0002538537945906783,0.005112535987315265,0.0012270873981830113,0.005404993333592638
885.7142857142858,2.9000000000000004,0.00048652787486486404,1.03289690048958e-09,0.0002623361847722675,-4.990207878224827e-07,0.00042319590321194644,0.005092177876678668,0.0013517393645709854,0.005455618106107922
885.7142857142858,3.0000000000000004,0.00046050428633475087,6.663282854144534e-10,0.00021436617423049642,-4.766529230478414e-07,0.0002885388767065908,0.004406040954797049,0.0013670512026375914,0.004820177336985203
885.7142857142858,3.1,0.00043662435954694266,4.3242697465597785e-10,0.00019341785934661726,-3.820385013915215e-07,0.00019752688289155116,0.004200131575018989,0.001158033865951379,0.004512450219815941
885.7142857142858,3.2,0.0004146786113526006,1.7183208999617046e-09,0.0001852285143566631,-3.7832348411614664e-07,0.0008261354523383379,0.004242285394907031,0.0012096919028030046,0.004648246352858902
885.7142857142858,3.3000000000000003,0.0003945851483018252,9.126797249275974e-10,0.00016309787654923428,-3.6634954509287884e-07,0.00046137877711486706,0.003933115238744552,0.0012329364265382362,0.004326953930998846
885.7142857142858,3.4000000000000004,0.00037612266401654216,2.437608104005512e-10,0.00013386622758602168,-3.036086745807522e-07,0.00012930508725786618,0.0033925815039451265,0.0010743639485083544,0.0037195221271300784
885.7142857142858,3.5000000000000004,0.0003589988420071193,1.7509411811120135e-10,0.00011948686910662261,-2.8403704593849103e-07,9.731965931003409e-05,0.003176805881109241,0.0010546898192713783,0.003510884212287251
885.7142857142858,3.6,0.0003430698886887627,7.587577546365701e-10,0.00012182464358412301,-2.4699328982486894e-07,0.0004412709624586118,0.003393455056930438,0.0009609752831130721,0.0036820109010192253
885.7142857142858,3.7,0.0003283591818062473,2.3209824605797356e-10,0.00010175515135190108,-2.46084556818249e-07,0.00014104161275938274,0.0029660181411086954,0.0010018082582863557,0.0032900449727408182
885.7142857142858,3.8000000000000003,0.00031466602643725095,3.6795471584867394e-10,8.760546270480256e-05,-2.46673017423912e-07,0.00023337560921666916,0.0026679766413992144,0.0010492889349582256,0.0030617932771630123
885.7142857142858,3.9000000000000004,0.0003018489256953026,7.478528699761333e-10,9.246180464908504e-05,-2.14136517019796e-07,0.000494446415822354,0.002938410787334339,0.0009507139485856782,0.0032690134960432827
885.7142857142858,4.0,0.0002899564429998451,1.9855385217036617e-10,6.966176924596351e-05,-1.9028212219927086e-07,0.00013669767101263488,0.002307835586477544,0.0008806413930543893,0.002625995025470151
885.7142857142858,4.1,0.00027876057799684724,3.633007094455084e-10,6.595831359951339e-05,-1.8594456675104755e-07,0.0002601478544933239,0.0022747662689305594,0.0008961162049557398,0.00261692319146556
885.7142857142858,4.2,0.0002682242961298445,1.177958114109008e-09,7.680687993882818e-05,-1.9292541314424545e-07,0.0008765205126462024,0.0027552992066079327,0.0009670334161560188,0.003198479198454888
885.7142857142858,4.3,0.00025845608306223006,3.918512604289694e-10,5.5952113166247365e-05,-1.6639375985501652e-07,0.00030274271064537354,0.002086019572930916,0.000866697035825385,0.002438331050394266
885.7142857142858,4.3999999999999995,0.0002492473911262781,-1.476522011252298e-11,5.075415099050728e-05,-1.4317332965613929e-07,1.1831202576954515e-05,0.0019637437195969146,0.0007743059778687694,0.0022484503259661676
885.7142857142858,4.5,0.0002405462407002312,-3.620370017191935e-10,5.052523710130673e-05,-1.3402633789570424e-07,0.00030064575278214,0.0020271119738905813,0.000751756438133002,0.002308645990165089
885.7142857142858,4.6,0.00023235034264519735,-8.306989261578398e-11,4.3117202875206605e-05,-1.3802684502879638e-07,7.140982875762713e-05,0.0017924704518221628,0.0008023497369478523,0.0021226351276324713
885.7142857142858,4.7,0.0002245856166189156,2.1263250246698596e-10,4.679408545751916e-05,-1.502049138560653e-07,0.00018911663230038812,0.002013945188321692,0.0009038503346378952,0.002392829115717795
885.7142857142858,4.8,0.000217288831447209,-7.1913234038012855e-12,3.8603334365407e-05,-1.3244141430297422e-07,6.613213446507733e-06,0.0017188693980750532,0.0008245593581243524,0.0020771018300439373
885.7142857142858,4.9,0.0002103780796191565,-9.813672263231865e-12,3.198578358955066e-05,-1.0512892101585354e-07,9.321820169842782e-06,0.0014720399284452736,0.0006767433037401368,0.0017558335472312504
885.7142857142858,5.0,0.0002037871856269995,nan,nan,nan,nan,nan,nan,nan
900.0,0.1,0.023453802328686827,nan,nan,nan,nan,nan,nan,nan
900.0,0.2,0.022671038354542098,-2.1837828942457308e-08,-0.3574211585232213,7.072365018552114e-05,0.00019492865043428578,0.15239369442713016,0.004288473246506447,0.1525144521148743
900.0,0.30000000000000004,0.018314062795165155,-2.041870466772749e-08,-0.07633283227122775,3.709891931852982e-05,0.00022380255893122045,0.033669755693362245,0.0023180644953629775,0.033829711527670586
900.0,0.4,0.013193758913075934,1.2706107978037466e-09,0.13609200219778897,-2.4526964068472262e-05,1.9216120957060384e-05,0.07431011006127858,0.0018818226657687299,0.07435775238446521
900.0,0.5,0.009434375052964603,9.688579578029216e-09,0.13145922628458281,-4.185221151577873e-05,0.00020441526704317785,0.09963743247900154,0.004430672336001426,0.0998344702560544
900.0,0.6,0.006989583455699101,1.074346453887287e-08,0.08403886317103133,-3.408647947026551e-05,0.0003057290806765995,0.08907729732943304,0.005034234092987065,0.08936187887232998
900.0,0.7000000000000001,0.005385180490143912,7.7549465177863e-09,0.050896973511252865,-2.4373999817670284e-05,0.00028640002616861623,0.07281832148345405,0.004855313079680736,0.07314190385029701
900.0,0.8,0.004289747259701253,6.556152697895839e-09,0.03160876250595202,-1.7408308822558926e-05,0.0003039766822594451,0.05869582749139634,0.004500376712628588,0.05904065842988419
900.0,0.9,0.003510401654318113,4.890421683820132e-09,0.020402033629491296,-1.2661964933982558e-05,0.0002771442952570393,0.04755998988833701,0.004109512984538823,0.047914566063769155
900.0,1.0,0.002935076385229886,5.3996305309711774e-09,0.013723409155105573,-9.282455999232635e-06,0.00036602172944545186,0.03909355824916655,0.0036823119246980215,0.03944057695710029
900.0,1.1,0.002496985207692715,6.470402414546138e-09,0.009734632113679151,-7.185246974602083e-06,0.0005155347959669529,0.03316653754793745,0.0034094361759312323,0.03351915122911221
900.0,1.2000000000000002,0.0021562403512923357,-8.711437383750111e-10,0.006868960742984494,-5.7457052888202434e-06,8.042177333098808e-05,0.02750901656054106,0.0032045575681186977,0.02787993612267649
900.0,1.3000000000000003,0.0018841851023218014,5.080359804186423e-10,0.005122967101407835,-4.524193562771932e-06,5.367684825453886e-05,0.023758794321502248,0.0029236342664026873,0.024115937955278745
900.0,1.4000000000000001,0.0016633595243653455,1.3655955974685068e-09,0.003902983923881222,-3.7974006777947008e-06,0.00016344942098380532,0.020714439993564013,0.002808516629924364,0.021092422129317147
900.0,1.5000000000000002,0.0014815637856477018,6.06630529411952e-10,0.003001118524528236,-3.0845846127138575e-06,8.155001286713706e-05,0.018042512641236193,0.002584377826794247,0.018409153438358267
900.0,1.6,0.0013297792321753405,1.3589836037539827e-09,0.0023373153559544343,-2.4002559528860287e-06,0.00020352839835704702,0.0157760022119643,0.0022586834332656504,0.016097421262558104
900.0,1.7000000000000002,0.0012013678322625235,3.874694768797446e-09,0.0019565084890394873,-2.1166497572313583e-06,0.0006421622898633183,0.014713032371838913,0.0022190027432816843,0.015057677122673523
900.0,1.8000000000000003,0.0010925215172401014,2.5249713092926076e-09,0.001501618027028228,-1.868908531297529e-06,0.0004602985868185844,0.012499236176485988,0.00216817028832161,0.012878070685585028
900.0,1.9000000000000001,0.0009986913824879616,-5.710069937402147e-10,0.0012174626666785514,-1.6177965522233058e-06,0.00011392063781048302,0.01114360355807063,0.002064453662524563,0.011520278469750013
900.0,2.0,0.0009170358744026074,1.873954010848263e-09,0.0010638500161506707,-1.3937301504637721e-06,0.000407146480479572,0.010652440131208349,0.0019464251855405247,0.011009876975305309
900.0,2.1,0.0008460188664787599,-1.2276844950219374e-09,0.0008362632640364721,-1.1393800188983957e-06,0.0002892489687834912,0.009119199012593117,0.0017328397247554164,0.009447164792709104
900.0,2.2,0.0007833644911952771,1.1849616856782006e-09,0.0007414825087644765,-1.0531973404935123e-06,0.00030141208718842844,0.008764373208964274,0.0017369720977088205,0.009107097843372056
900.0,2.3000000000000003,0.0007281249409994391,4.827599617021622e-10,0.0005853933723661864,-9.641929304420623e-07,0.0001321610042377546,0.007472809642839168,0.0017167946018049982,0.007858442460101412
900.0,2.4000000000000004,0.000678739324527263,2.0997002517177383e-09,0.0005425740612442232,-8.407516672885404e-07,0.0006165320347707472,0.007451661530773484,0.0016111570021289468,0.007816586536981873
900.0,2.5000000000000004,0.000634779448667529,6.279860394529161e-10,0.00044518644167307277,-7.139235527691132e-07,0.0001972487602414685,0.006559019428896978,0.0014673985880107939,0.006882307765150943
900.0,2.6,0.0005952714372245259,2.6585045243245576e-10,0.0003711494937709623,-6.301526816638092e-07,8.903950713785569e-05,0.005846904693434002,0.0013855050779554752,0.006167128275787096
900.0,2.7,0.0005594749207192323,2.3276941432184974e-09,0.00037064293058420905,-6.100706736569646e-07,0.0008293166269873629,0.006226452461961637,0.0014302881233889872,0.006599085130582951
900.0,2.8000000000000003,0.0005273848335197809,8.50716353456431e-10,0.000280857702074865,-5.313064230188534e-07,0.000321648254848056,0.005020023090826105,0.0013250661662009837,0.005368024787749701
900.0,2.9000000000000004,0.000498103323341078,2.5501668083537347e-11,0.0002467761131549634,-4.863931291927553e-07,1.0211076471866045e-05,0.004679241750430571,0.0012873062846095048,0.005020928456555174
900.0,3.0000000000000004,0.00047128957429392487,1.1939678515476006e-09,0.00023008448405510343,-4.5689513137400527e-07,0.0005051991448528257,0.0046192119842081904,0.001280611831963457,0.004987211531441413
900.0,3.1,0.00044677667008732267,1.1791897607845524e-09,0.00022159410408076878,-4.105333814065139e-07,0.0005263931699636912,0.00470186730552561,0.001215952163752953,0.005034056540924631
900.0,3.2,0.00042447970692152816,-6.558814034194376e-10,0.000152279622882051,-3.5556649319529e-07,0.00030831345907393837,0.0034084058787646164,0.001111080216240933,0.0037658048697837934
900.0,3.3000000000000003,0.00040370553998455417,1.3361327562969208e-09,0.0001795208236648538,-3.3540573044509086e-07,0.0006600848963008613,0.004229196843514621,0.001103660971104424,0.0045560896709565405
900.0,3.4000000000000004,0.0003847265812842287,1.6851054962797806e-09,0.00014288939125697665,-3.5403972517274694e-07,0.0008735622203052335,0.003539445885791997,0.001224334871837943,0.0040359360609394405
900.0,3.5000000000000004,0.000367176516496473,6.616489465374631e-10,0.00012883705393603218,-3.0616609986295476e-07,0.00035961191310677717,0.0033487952276645486,0.0011110200340468746,0.003716514662554718
900.0,3.6,0.00035091482224807764,5.504950421587771e-10,0.00011838499298830703,-2.675648167601106e-07,0.00031305282976367175,0.0032241983806021598,0.0010179665107470067,0.0035448510413987077
900.0,3.7,0.00033583697792956534,2.864206440392445e-11,0.00010088497906456083,-2.5669465347407677e-07,1.702583222876826e-05,0.0028749135878119356,0.0010218310257272237,0.003217715852375141
900.0,3.8000000000000003,0.00032176798340169865,6.442153745834977e-10,9.755809178548456e-05,-2.3177306704301246e-07,0.0003996108231563511,0.00290492406127908,0.0009644174069577518,0.0032339564748876982
900.0,3.9000000000000004,0.0003086745697916868,-6.99139488490476e-11,8.481393601451305e-05,-2.251301174269677e-07,4.522595386328252e-05,0.0026358724419337405,0.0009775473322149242,0.0029767543550803135
900.0,4.0,0.0002964292955418201,5.057954268609982e-10,8.192975786137619e-05,-2.0160888689689362e-07,0.000340665764251806,0.0026542438503005805,0.0009129176733872341,0.0029711783750823915
900.0,4.1,0.00028500331887056714,-2.5111998518600703e-12,6.884754921899376e-05,-1.707501732957891e-07,1.7596484152867063e-06,0.0023225622519242803,0.000805031335495782,0.002586590306307973
900.0,4.2,0.0002742658176915041,-4.816581833040672e-11,6.222052789113637e-05,-1.6925736873874418e-07,3.506901955951663e-05,0.002183150994090477,0.0008302143786735439,0.002479090544583578
900.0,4.3,0.00026415052179135247,6.316434925187153e-10,6.56569591618312e-05,-1.8053050207349624e-07,0.00047747893701900366,0.0023939169567125046,0.0009200963565931257,0.0027662210941579394
900.0,4.3999999999999995,0.00025469179548281913,7.487287337736923e-10,5.2161622521881914e-05,-1.6262483278588745e-07,0.0005870466345129593,0.0019746931472307827,0.0008605321395350031,0.002392711412427037
900.0,4.5,0.0002457546853995046,8.408896670339285e-10,5.8726942701940415e-05,-1.6062719631690925e-07,0.0006833388959601989,0.00230580426003169,0.0008815870892744025,0.0027088885034757372
900.0,4.6,0.00023740484474320952,7.22093704830799e-11,4.0333456223170815e-05,-1.3496945467959756e-07,6.07760054662952e-05,0.001641208026516516,0.000767769152546496,0.0019688058442483875
900.0,4.7,0.00022945833864914614,3.5182709262531594e-10,4.100868045508836e-05,-1.1506593768313623e-07,0.0003063164281488063,0.0017273733608699378,0.0006779277547471949,0.001999204982814442
900.0,4.8,0.00022192191935963365,9.802221341131117e-10,4.641989491420872e-05,-1.3035887139515418e-07,0.0008822089351210982,0.0020230206140029274,0.0007944739131860705,0.002476546508215555
900.0,4.9,0.00021484969901926324,6.325844687744947e-10,3.983113393224652e-05,-1.1238868492505e-07,0.0005882826415752199,0.0017948264888471212,0.0007080559499502528,0.0021377944353856647
900.0,5.0,0.0002081757900182153,nan,nan,nan,nan,nan,nan,nan
914.2857142857143,0.1,0.023559383531568445,nan,nan,nan,nan,nan,nan,nan
914.2857142857143,0.2,0.02286323623667315,-2.01446223370431e-08,-0.3547629874148774,6.910459609315217e-05,0.0001783475690668979,0.15058245770289871,0.004171524756131699,0.1506980809873925
914.2857142857143,0.30000000000000004,0.018619459067629077,-2.1067930915566494e-08,-0.08813701869842364,3.86741882139827e-05,0.00022724373384556013,0.03854966890341179,0.002396775246881272,0.03869906556294831
914.2857142857143,0.4,0.01349431171160077,8.544669953680302e-10,0.13036021015222393,-2.2330737365799077e-05,1.2640850151919251e-05,0.07001288795702025,0.0016860526604183684,0.07005348090581061
914.2857142857143,0.5,0.009672766457094702,1.0319132513542987e-08,0.13203039221760438,-4.1217003040100556e-05,0.0002124371399778005,0.09784151651402917,0.004268304959417323,0.09802777329796213
914.2857142857143,0.6,0.0071715251247646775,9.167450573287749e-09,0.08557008509997992,-3.4253989210324756e-05,0.00025436062299708835,0.08846495517031396,0.004936242115105255,0.08874032885362815
914.2857142857143,0.7000000000000001,0.005525984643434452,7.562492852131445e-09,0.052117749046507844,-2.4642358446248478e-05,0.0002722786604443758,0.07267317361342719,0.004786098291425183,0.07298820296751134
914.2857142857143,0.8,0.004401621652569305,5.8407208140753735e-09,0.0323916822244738,-1.7636228871607347e-05,0.0002640235231930558,0.05861703264586358,0.004444801742548146,0.05895370005087173
914.2857142857143,0.9,0.0036011754839488956,4.045256312743868e-09,0.020992640763491714,-1.2785850835558121e-05,0.0002235615602103642,0.04769296959278165,0.004045794764822257,0.048035468550929376
914.2857142857143,1.0,0.003010655722963404,3.528437736884239e-09,0.01412629950141783,-9.356110570709462e-06,0.00023326847947589406,0.039226912335656394,0.0036194657655420847,0.03956015837213813
914.2857142857143,1.1,0.002561398956992091,4.0294758066666525e-10,0.009850834600934071,-7.340208769477506e-06,3.131663756534703e-05,0.0327198972828346,0.0033968788071701552,0.033070685360183254
914.2857142857143,1.2000000000000002,0.0022106505370301185,5.460281749718584e-09,0.0071672028989654465,-5.926950103803414e-06,0.0004917286536931073,0.02798159528956027,0.003224451765490994,0.028354993394348733
914.2857142857143,1.3000000000000003,0.0019315741460578003,1.2904591952653574e-09,0.005257392640317962,-4.499344430946338e-06,0.00013306158387973391,0.023782106453519185,0.002836336432183918,0.02411837269520253
914.2857142857143,1.4000000000000001,0.0017050716814886618,3.919318104992757e-09,0.003954395691017149,-3.6134767108615797e-06,0.00045769529551315804,0.020472399152203287,0.0026081448786347125,0.02080705292554824
914.2857142857143,1.5000000000000002,0.0015181131738296948,6.34173572039944e-09,0.0031522949541224698,-3.162470779113112e-06,0.000831791592695663,0.018487756194333533,0.0025851782665148207,0.01886412732394791
914.2857142857143,1.6,0.0013626776157119524,1.7451174395281582e-09,0.0024150764641997845,-2.5430955008800355e-06,0.00025513161032667946,0.015908408581340152,0.0023348936083458583,0.01624949267066617
914.2857142857143,1.7000000000000002,0.001231392822236208,-9.258358628182553e-10,0.0019383279618602994,-2.1084468010253706e-06,0.0001498111084585744,0.014224405974758672,0.0021577458961468455,0.014548811065088615
914.2857142857143,1.8000000000000003,0.0011194913083790664,8.088125077571852e-10,0.0015333196241877317,-1.8824932069687413e-06,0.00014395605331292088,0.012451912959856508,0.0021322664602803306,0.012812649227244172
914.2857142857143,1.9000000000000001,0.0010229229907638023,3.139494980925463e-09,0.001296228619296325,-1.590799615053794e-06,0.000611487047032395,0.011578728745765432,0.0019819632164309424,0.011928840352661013
914.2857142857143,2.0,0.0009393169593415014,2.2157440469478596e-09,0.0010490452782923934,-1.3857971249533266e-06,0.00047003019725797723,0.01025536905284616,0.0018894054547324924,0.010608168020028478
914.2857142857143,2.1,0.0008662013807021243,4.018297196500727e-09,0.0009234097249554002,-1.2356747927740243e-06,0.0009243203292674465,0.009830651046721732,0.0018348830821684108,0.010209292821932567
914.2857142857143,2.2,0.0008023198993123012,2.0848270360032308e-10,0.000703443719041782,-1.0653738176107925e-06,5.1803927402540036e-05,0.008121018214858831,0.0017154596606769996,0.008475802273990547
914.2857142857143,2.3000000000000003,0.0007454728551128959,1.966911380492779e-09,0.0006407425456680242,-9.575783981698686e-07,0.0005259418508595171,0.007986123069080414,0.0016655782314341078,0.008342845929000382
914.2857142857143,2.4000000000000004,0.0006950332363701709,-5.210489588177907e-10,0.0005146416520241183,-8.495138003898534e-07,0.00014951266956728332,0.006903559914950627,0.0015900889356645202,0.007262111207102222
914.2857142857143,2.5000000000000004,0.0006497400341476871,1.5763455759052605e-09,0.0004891608032350953,-7.26553297254401e-07,0.0004837479400668652,0.007037948369055707,0.0014593685459293533,0.00735025458203379
914.2857142857143,2.6,0.0006093384399575542,9.591679948794312e-10,0.0003871663801068925,-6.600588263169459e-07,0.00031390025087626853,0.005958789050374091,0.0014179090657788361,0.006294968828516466
914.2857142857143,2.7,0.0005728085095684902,-9.607345781481494e-10,0.00034898781997736095,-6.010691970332414e-07,0.0003346183286011016,0.005727323226180693,0.0013769542032781661,0.006058564724325015
914.2857142857143,2.8000000000000003,0.0005397684573791999,6.263434393197043e-10,0.00029555710494403876,-5.424168440424284e-07,0.00023145001331680145,0.005159789004648146,0.0013224446722412172,0.005493151327191944
914.2857142857143,2.9000000000000004,0.0005096839762393499,1.0303661083269762e-09,0.00027190340620780127,-4.916482961734563e-07,0.000403238572782612,0.00503740821625638,0.0012717368505382003,0.005364020145172899
914.2857142857143,3.0000000000000004,0.00048231852916157797,1.3594726576890703e-10,0.0002216549515485395,-4.2798831312021116e-07,5.623375142798523e-05,0.00434887031732874,0.0011724665301862333,0.004654588145105486
914.2857142857143,3.1,0.00045716963159929137,6.860689267319307e-10,0.00021262151058143176,-4.435812252287629e-07,0.0002993655894390098,0.004408321425076395,0.0012843925437990191,0.004777263438000962
914.2857142857143,3.2,0.0004341469491428191,1.060456893712973e-09,0.00019743451352826223,-4.020025978007567e-07,0.00048739832074260256,0.0043186270452301905,0.001227894428245427,0.004680122448471694
914.2857142857143,3.3000000000000003,0.0004130986118216294,-7.710849977335072e-10,0.0001624123132348918,-3.007931296597953e-07,0.00037260596175369115,0.0037409525405063685,0.0009677361428775249,0.0040008233649485685
914.2857142857143,3.4000000000000004,0.0003936743976327887,-3.113771839979692e-10,0.00012390379391313212,-3.0409171024552566e-07,0.00015785615661276686,0.0029993757027349244,0.0010286086377414249,0.0033372510591218206
914.2857142857143,3.5000000000000004,0.00037548922138307925,1.3019432299881474e-09,0.0001568056600993934,-3.3180795483391605e-07,0.0006918122745995716,0.003983130755829809,0.0011774963556345967,0.004372291181564821
914.2857142857143,3.6,0.00035887210173436376,1.0526133093611734e-10,0.0001065637286501203,-2.9542274179643705e-07,5.855759501201396e-05,0.0028379970071471788,0.0010988494120496104,0.003236139067659714
914.2857142857143,3.7,0.0003433206193721495,1.1549282111045444e-09,0.0001232275881636374,-2.5934765337409153e-07,0.0006714324905272405,0.0034337466626160364,0.0010099380563570036,0.0037790723051720912
914.2857142857143,3.8000000000000003,0.00032900141289157156,-6.274299868901758e-11,8.037393242510295e-05,-2.326898558544593e-07,3.808404023144996e-05,0.0023410750153045707,0.0009469408535891181,0.0026973091372321087
914.2857142857143,3.9000000000000004,0.0003154859457352447,1.227814137637005e-09,0.0001034893061379531,-2.2480767286909436e-07,0.0007768592414232155,0.003145558106525819,0.0009551837249960272,0.0035103843065267828
914.2857142857143,4.0,0.00030300537164029733,8.470539665393552e-11,7.207497091713779e-05,-2.1641477031361015e-07,5.583619606372061e-05,0.002284569943335067,0.0009585055783403984,0.002657036581268722
914.2857142857143,4.1,0.00029124554725452136,7.458466529717544e-10,8.11786625575417e-05,-1.9045782711636756e-07,0.0005114017207008632,0.002679116284905676,0.0008788233923430822,0.0029973082754100222
914.2857142857143,4.2,0.0002802975094943208,8.685233486914305e-11,6.243956215625411e-05,-1.640994097651668e-07,6.190031976637401e-05,0.002143880404176198,0.0007876217467742175,0.00241676454562318
914.2857142857143,4.3,0.0002699738673556828,2.5611481186134516e-10,6.387764047182026e-05,-1.5442799183796925e-07,0.0001894813385714536,0.002278922869741535,0.0007704340318583461,0.0025330870136631386
914.2857142857143,4.3999999999999995,0.000260289001621763,2.082806935979991e-11,5.3060434706425096e-05,-1.5446653911428444e-07,1.5986381857188433e-05,0.0019653915108946273,0.0007999525083384804,0.0022677890966083247
914.2857142857143,4.5,0.0002511347402349074,2.7530086015101653e-10,4.936045993909074e-05,-1.5428839468205055e-07,0.0002189797507382104,0.0018963713269306143,0.0008289578864166462,0.0022402050566282215
914.2857142857143,4.6,0.00024247408344744273,8.74833878426456e-10,5.8943546687323104e-05,-1.5778629172990743e-07,0.0007207176889501567,0.002347088524359006,0.0008785443666895091,0.0027517156351678372
914.2857142857143,4.7,0.00023440286212685126,1.2549199715108499e-10,4.234117992909754e-05,-1.2488740513681947e-07,0.0001069903960276006,0.001746214660432985,0.000720205229360354,0.0020243773684639997
914.2857142857143,4.8,0.00022675505260555075,-3.0817997390670676e-10,3.431742062981837e-05,-1.174313296571364e-07,0.00027165011514809946,0.0014640359046148035,0.0007008269312709146,0.001788717890068324
914.2857142857143,4.9,0.00021945041729054844,2.0670578966640474e-10,4.6540375308055973e-05,-1.2070370809193872e-07,0.00018824682036700646,0.002052451523054473,0.0007447733559849243,0.0023145990632152703
914.2857142857143,5.0,0.00021261118572862668,nan,nan,nan,nan,nan,nan,nan
928.5714285714286,0.1,0.023665411889630217,nan,nan,nan,nan,nan,nan,nan
928.5714285714286,0.2,0.023051322971388476,-1.9026306021353184e-08,-0.35166782907916044,6.745555741932318e-05,0.0001671113218939049,0.1485999190376464,0.00405374644952304,0.14871055639981653
928.5714285714286,0.30000000000000004,0.01892055576235513,-2.0870657149471238e-08,-0.09947496621767123,4.0101232865552925e-05,0.00022163868713790064,0.043153690719244416,0.0024655122325646646,0.04329489170257491
928.5714285714286,0.4,0.013795038891145068,-6.814510978090529e-11,0.12437417867007178,-2.018277272577228e-05,9.866210117823375e-07,0.06573494998362055,0.0015003352565251123,0.06576918474549051
928.5714285714286,0.5,0.009913263806635727,7.885289342161188e-09,0.13238489799841308,-4.057905179240741e-05,0.00015846223817344971,0.09596558519555169,0.0041125917451332525,0.09614179878663544
928.5714285714286,0.6,0.007355337702110517,9.481506247707554e-09,0.0870920565027874,-3.431718021537396e-05,0.00025659453553543194,0.08785406925667594,0.004827450032756249,0.08811930477114532
928.5714285714286,0.7000000000000001,0.0056683321626131815,8.872580862190696e-09,0.05333614061611181,-2.4863739150238976e-05,0.0003115240903078605,0.07251351708951136,0.004710147947569588,0.0728194904907037
928.5714285714286,0.8,0.004514688029276964,6.609576295185928e-09,0.03317309801517363,-1.776649779763219e-05,0.0002913940420657699,0.05852356048217254,0.0043665811619306,0.05884918099757815
928.5714285714286,0.9,0.003692774876092483,8.74228747288491e-09,0.02160934271229781,-1.2960129995076721e-05,0.0004712270613310976,0.04786453144085483,0.00399958052893601,0.04819988292320635
928.5714285714286,1.0,0.00308695515003098,4.042042905854156e-09,0.014475951652212576,-9.641906373481351e-06,0.0002607098588073654,0.039200742362963475,0.0036380284382871043,0.039537787915783676
928.5714285714286,1.1,0.0026258949404916027,4.382313727349223e-09,0.010134033502990409,-7.281553918707083e-06,0.00033231324416060893,0.032828573822618404,0.003287597526256907,0.03315783898731418
928.5714285714286,1.2000000000000002,0.0022661750659821295,3.7525347145916285e-09,0.007277135734058474,-5.8770299007222305e-06,0.00032974588344432024,0.027712973667926327,0.003119608717433094,0.028063883533228178
928.5714285714286,1.3000000000000003,0.001979226548813241,4.892567799023672e-09,0.005530566780537898,-4.655019892627642e-06,0.0004923784875551318,0.024404852315066075,0.0028633487351460854,0.024743419025133096
928.5714285714286,1.4000000000000001,0.0017475836994497317,9.345854322419906e-10,0.004001594370513878,-3.5639245234444763e-06,0.0001065369851613532,0.020217970362782698,0.002510664925021762,0.020527653359579023
928.5714285714286,1.5000000000000002,0.001555956793791361,1.228752521568491e-09,0.0031602257531804187,-3.1271819173570712e-06,0.00015731353167425726,0.018083401408330205,0.0024953563946419456,0.0184251936520246
928.5714285714286,1.6,0.0013959321456647946,4.096874226875731e-09,0.0025321368577211523,-2.746955126262293e-06,0.0005846737528470467,0.016273825004813648,0.0024617914777337675,0.016652328913525923
928.5714285714286,1.7000000000000002,0.0012612288661154397,2.788254594082981e-09,0.0020100576729040064,-2.239190110373279e-06,0.00044055171632639774,0.01439939383261887,0.002236917534853957,0.014749380620117398
928.5714285714286,1.8000000000000003,0.0011466261632951248,1.3723664969052702e-09,0.00157718518262464,-1.803539362960983e-06,0.00023855621149475903,0.01250514656774658,0.001994748451058136,0.01282160842144481
928.5714285714286,1.9000000000000001,0.0010477953123010563,9.336313825564918e-10,0.001308577563604988,-1.5600719225348447e-06,0.00017759758188390297,0.011412416753551606,0.0018982931588387728,0.011725264640579528
928.5714285714286,2.0,0.0009620502369430378,8.2581034824465e-10,0.0010898793992816442,-1.382245602423409e-06,0.00017110754234067138,0.010401644161665197,0.0018405383195400668,0.010723741962036399
928.5714285714286,2.1,0.0008872039555778358,1.542717978178533e-10,0.000896018070722221,-1.3079082134264282e-06,3.46649665270108e-05,0.009313630788859457,0.001896986061479971,0.009692369801343413
928.5714285714286,2.2,0.000821317854919856,8.105359133248762e-10,0.0007790425450291456,-1.118497618764268e-06,0.00019681045500397531,0.00878087321558159,0.0017592896527042587,0.009128672901771736
928.5714285714286,2.3000000000000003,0.0007632221797121676,7.181911815284836e-10,0.0006094307186391882,-9.378060374594289e-07,0.0001876408110031285,0.007420156702896182,0.0015939950461481985,0.00775729172996472
928.5714285714286,2.4000000000000004,0.0007112208116908711,2.0936936756353003e-09,0.0005802879137026586,-8.803951519624371e-07,0.0005870616684072476,0.007603132208782265,0.0016101373171432043,0.007958476308116373
928.5714285714286,2.5000000000000004,0.0006650223228066013,2.440791420836567e-10,0.00047773573386346725,-7.644502076452042e-07,7.321488343406725e-05,0.006717122530873197,0.0015004372114024735,0.00704469439824348
928.5714285714286,2.6,0.000623601191260966,-4.47636769004411e-10,0.0003765970421162564,-6.764549482601463e-07,0.0001432398387064663,0.005662923321534527,0.0014203835212515947,0.006010340829924576
928.5714285714286,2.7,0.0005859460301364934,2.3220678817274564e-09,0.00039890374182960327,-6.182470158786312e-07,0.0007904020051311033,0.006396776456167307,0.0013848353459104624,0.006736395343984611
928.5714285714286,2.8000000000000003,0.0005522799064303168,-5.957911411155982e-10,0.00028611252110993536,-5.353823646467995e-07,0.0002153294478262635,0.004882915940966215,0.0012756608387765934,0.005209976584287068
928.5714285714286,2.9000000000000004,0.0005214749079352395,5.279326183299413e-10,0.0002705318929021628,-4.6319898186488705e-07,0.0002019997887432943,0.004898456194989177,0.0011718580871868164,0.005175150216359953
928.5714285714286,3.0000000000000004,0.0004933752283691839,6.911858330751387e-10,0.0002427058374811761,-4.495597924830015e-07,0.0002795598203225669,0.004654218904647989,0.001204087149936322,0.004963825040712562
928.5714285714286,3.1,0.00046770260717794005,2.6822837776685754e-10,0.00020006251516410057,-3.9441894938267885e-07,0.00011445032984884953,0.00405497689507827,0.0011166979955515876,0.004353155789098179
928.5714285714286,3.2,0.00044403061113833714,1.1432199288214277e-09,0.00019757042747187102,-3.9326968979874827e-07,0.0005137320952982959,0.004224274665988857,0.0011746293313267791,0.004568142428983716
928.5714285714286,3.3000000000000003,0.00042233431937345293,1.9699037262885323e-09,0.00019206400086986886,-3.9244251091594764e-07,0.0009306647742701085,0.004325467570298472,0.001234471301925023,0.004756432004593771
928.5714285714286,3.4000000000000004,0.0004025586676172674,-5.112866863989818e-11,0.00012846131086011569,-3.2359446591277165e-07,2.536120041749241e-05,0.00304169718081856,0.001070156762426261,0.0033975043668286148
928.5714285714286,3.5000000000000004,0.00038406762896968307,-6.492016601160103e-10,0.00012742728028238435,-2.859498383967758e-07,0.0003375428336816056,0.0031654337748239928,0.000992871895101482,0.003479295237189724
928.5714285714286,3.6,0.00036685086312492255,8.162600766659446e-10,0.0001405863169490857,-2.691142530176944e-07,0.0004442276627624222,0.0036604573347206806,0.0009794539230233666,0.003938901635015213
928.5714285714286,3.7,0.0003510399604496529,2.3445104457238764e-10,9.929799134512244e-05,-2.5996412679210285e-07,0.00013335060945605443,0.0027067672813763785,0.0009903495445108496,0.0030505664951280226
928.5714285714286,3.8000000000000003,0.00033622203768783447,9.670031505867623e-10,0.0001143781066589985,-2.4913185695151294e-07,0.0005742858106498822,0.003258264572286577,0.0009919051337133977,0.003593583699304304
928.5714285714286,3.9000000000000004,0.000322547895992606,-2.988109126775754e-10,7.249802570406478e-05,-2.2470324593802172e-07,0.0001850463633642686,0.0021562544264684884,0.0009341305658581616,0.0025355226554697294
928.5714285714286,4.0,0.0003095987345544182,8.224787093138432e-10,9.9041612489244e-05,-2.0910914072140242e-07,0.0005305753704848807,0.0030706017220932177,0.000906473595056844,0.0033694946084772952
928.5714285714286,4.1,0.00029763998924112287,3.8771420056949177e-10,6.656823356097884e-05,-1.8350451525509683e-07,0.0002601835575703507,0.002150145531337052,0.0008286425234501564,0.0024625430255933284
928.5714285714286,4.2,0.0002863469262634373,1.015024503214216e-09,7.956179632126599e-05,-1.9228203631074155e-07,0.000707947322051752,0.0026730882676121765,0.0009032435988545458,0.0030460282820403257
928.5714285714286,4.3,0.0002758494812489644,8.833249840380791e-11,5.3842215261528767e-05,-1.7357062124910573e-07,6.398395939859292e-05,0.0018803140639265775,0.0008474199320088857,0.00223067613256436
928.5714285714286,4.3999999999999995,0.00026589045838710677,5.450551452117372e-10,6.395433940714709e-05,-1.5873528360174265e-07,0.00040955247961465635,0.0023184505955052325,0.00080486327085051,0.0026150633198615755
928.5714285714286,4.5,0.0002565709789193206,-5.0378395534693395e-11,4.703602263509461e-05,-1.418214259915575e-07,3.924208182132044e-05,0.0017690000205503964,0.0007459487729142658,0.002060043727040174
928.5714285714286,4.6,0.0002477218596778854,4.012445947888663e-11,5.002557797696097e-05,-1.3141843566984002e-07,3.236910276059687e-05,0.0019497753872113356,0.0007165756403027994,0.002197642626984509
928.5714285714286,4.7,0.00023937299621621985,8.377304371468609e-10,5.01159224687716e-05,-1.5416269084621523e-07,0.000699204660762007,0.0020230722687912045,0.0008705601602269398,0.0024693032514318722
928.5714285714286,4.8,0.000231525291979242,4.0343031194896735e-10,4.157326746034438e-05,-1.386144986293476e-07,0.00034830975839605927,0.001736756781988569,0.0008098539749211301,0.002109353154160848
928.5714285714286,4.9,0.0002240933204168676,1.6338791340962687e-10,4.280783085193809e-05,-1.1104776576931923e-07,0.00014575571573480401,0.0018489483583407442,0.0006711274171510096,0.002083429571783954
928.5714285714286,5.0,0.00021708942716301257,nan,nan,nan,nan,nan,nan,nan
942.8571428571429,0.1,0.023771857275124524,nan,nan,nan,nan,nan,nan,nan
942.8571428571429,0.2,0.02323552678650761,-1.8132733014242947e-08,-0.34818031585951176,6.582877069167689e-05,0.00015803523274764998,0.14646744334270279,0.003938272478737199,0.14657338405971324
942.8571428571429,0.30000000000000004,0.019217393139295574,-2.0348125042024568e-08,-0.1103507328559433,4.1424388113130774e-05,0.00021284787352257543,0.047492244901467744,0.002527230157870746,0.04762701349591379
942.8571428571429,0.4,0.014095752163524105,-4.254699364387998e-11,0.11812592111470063,-1.8093178980525995e-05,6.031386803289345e-07,0.06146823362486024,0.0013248229329829225,0.06149678086641357
942.8571428571429,0.5,0.010155370398899643,9.404553333247471e-09,0.13260966464562188,-3.98815640996136e-05,0.00018455846334854302,0.09407774988324419,0.003957478147405681,0.09424425898427466
942.8571428571429,0.6,0.007541085280731399,9.93745704709442e-09,0.08856902500169564,-3.431684240295556e-05,0.00026239991658945805,0.08721397794736498,0.0047141256299023234,0.08746881023558452
942.8571428571429,0.7000000000000001,0.005812490412580113,8.426720560928996e-09,0.05452077546772622,-2.5097204898787282e-05,0.00028862580728824074,0.0722983144177337,0.004638865968026587,0.07259592087328835
942.8571428571429,0.8,0.00462910329910609,6.2723460402635136e-09,0.0340442222904593,-1.793299792617193e-05,0.0002697839713977433,0.05857080162536969,0.004299594576894782,0.058886200535277856
942.8571428571429,0.9,0.0037861584085366593,3.895010351117694e-09,0.022086596584680766,-1.3028831556508247e-05,0.00020485336820425743,0.04771247292957544,0.00392274107358968,0.04803434014347224
942.8571428571429,1.0,0.0031640794838140363,6.916235709514672e-09,0.014928471463997646,-9.812759331571826e-06,0.00043528958797680234,0.03942907256690157,0.0036126316324458334,0.03976107965253066
942.8571428571429,1.1,0.00269128527373139,3.4711012701201015e-09,0.010397435469653835,-7.567330161761845e-06,0.00025690582653648583,0.03286085423214649,0.003333874258458759,0.03319836105310797
942.8571428571429,1.2000000000000002,0.0023224654183452817,-7.959909047561285e-10,0.007423187183379884,-5.791346941936043e-06,6.829545925689293e-05,0.027582312643831507,0.0030004354813258026,0.027906878385212133
942.8571428571429,1.3000000000000003,0.0020278774347929724,5.359970044457836e-09,0.005699699789100389,-4.620492684363918e-06,0.0005265016140786902,0.024541591638257126,0.0027750451367016442,0.024858975745393502
942.8571428571429,1.4000000000000001,0.0017902864491316673,2.9887202089767407e-09,0.004135571610339345,-3.8407833425234076e-06,0.00033264789774127725,0.020393597460004034,0.002640919685510606,0.020735437915684097
942.8571428571429,1.5000000000000002,0.0015940511795737556,1.271738387701871e-09,0.0032206862382787907,-3.0766771631696213e-06,0.00015899144511689238,0.017989781690192108,0.0023970632349528697,0.018307084635329488
942.8571428571429,1.6,0.0014300227723986318,1.2405645315916008e-09,0.0025639576320976225,-2.6779394467332666e-06,0.00017289143254350773,0.016084537717184322,0.0023435529404655015,0.01642335915068842
942.8571428571429,1.7000000000000002,0.0012916339415444842,1.6446753420001141e-09,0.0020795982316133264,-2.3001510966610157e-06,0.000253822186603203,0.01454241339195695,0.002243925935562797,0.014886793481927651
942.8571428571429,1.8000000000000003,0.00117404109300647,2.2581646455054263e-09,0.0016409926386703022,-1.8863335303322427e-06,0.0003834291190536481,0.01270478102106909,0.0020378204887824326,0.013033184697979943
942.8571428571429,1.9000000000000001,0.0010728581708551587,1.1810618671313315e-09,0.0013276798564858334,-1.6201696454508522e-06,0.00021948767158477977,0.01130863190730341,0.0019256972903919842,0.011633999766258573
942.8571428571429,2.0,0.0009849520472687058,1.1219845525178345e-09,0.0011192090811665406,-1.417349750269088e-06,0.00022714050032292032,0.010432032039001359,0.0018437946699981567,0.010755372742953403
942.8571428571429,2.1,0.0009082380144939182,9.775053121914927e-10,0.0008957244300795278,-1.2675349043737329e-06,0.00021462827665035393,0.009094091763790857,0.0017962453956882523,0.00944465803237201
942.8571428571429,2.2,0.000840481226019926,2.267711640913076e-09,0.0008393636394388884,-1.106595711820958e-06,0.0005380703578779242,0.009241670421674572,0.0017008062189558073,0.009564699445448303
942.8571428571429,2.3000000000000003,0.0007811180739403226,7.468393228935483e-10,0.0006080749574451115,-9.220917378817686e-07,0.0001907189683263366,0.007234842833130641,0.0015315225962282614,0.007554498492322093
942.8571428571429,2.4000000000000004,0.0007278356714351704,1.4245542667771383e-09,0.0005801154605310264,-8.465006563368919e-07,0.0003903709617450655,0.007426732012545228,0.0015131850833329163,0.007738746414425295
942.8571428571429,2.5000000000000004,0.0006803544235353284,2.169997239853642e-09,0.0004899412486237489,-8.266527300429688e-07,0.0006361699301145471,0.00673148167714378,0.0015856949794568946,0.007123651794231242
942.8571428571429,2.6,0.000637772588121724,2.2242140842794384e-09,0.000436668940081129,-6.547079814936676e-07,0.0006957736028259234,0.0064182567934528085,0.0013435679374516087,0.0067296709264412355
942.8571428571429,2.7,0.0005995574421089308,7.009235696712468e-10,0.00033274693564970444,-5.887612038392917e-07,0.00023323471553652128,0.005217328901351231,0.001289224606688304,0.00553164708476485
942.8571428571429,2.8000000000000003,0.0005646697654526346,3.197971193492133e-09,0.00035914921854702766,-6.146879455397241e-07,0.001129709743698307,0.005990238688118487,0.001431776616275731,0.006423330304714708
942.8571428571429,2.9000000000000004,0.0005333735809818087,2.7450256806687106e-10,0.0002495589399087623,-5.354189224096304e-07,0.00010272882377608021,0.004419555555780784,0.001323988103414625,0.004800928401656717
942.8571428571429,3.0000000000000004,0.0005045729859100705,-1.1116411595141914e-10,0.00025179324035150226,-4.7286351699807e-07,4.3987667956148106e-05,0.004720767007019982,0.0012387388312957066,0.005035526172488862
942.8571428571429,3.1,0.0004782903232418473,-1.1829747779169855e-10,0.0002139922749786588,-3.811394956889564e-07,4.938559875749368e-05,0.004241056912563259,0.0010557189436982048,0.0044964527851554
942.8571428571429,3.2,0.0004541475833234106,-1.9137350827321335e-10,0.00019672046889328664,-3.477677346660974e-07,8.413113463388512e-05,0.004112992869266457,0.0010162771588997778,0.004357685959067532
942.8571428571429,3.3000000000000003,0.00043197204809390676,-5.459180825991478e-10,0.00016359903151718202,-3.83743361676184e-07,0.00025234941380034926,0.0036023318745853333,0.0011809019598451053,0.003978634695323369
942.8571428571429,3.4000000000000004,0.00041143250317957476,1.2465512679014948e-09,0.00016205881563265674,-3.502009877708402e-07,0.0006049024447172408,0.0037516042148501853,0.001133157368388826,0.004124140200766015
942.8571428571429,3.5000000000000004,0.00039251354642156933,1.3282046917794738e-09,0.00014016185410329498,-2.7685417528659423e-07,0.0006755771667242211,0.003406679176295404,0.0009404253177655041,0.003718960483117905
942.8571428571429,3.6,0.00037499620820459685,6.338410896807356e-10,0.00013282786914855092,-2.9506555961419814e-07,0.00033750363390273993,0.0033840327387297483,0.0010505736743520535,0.0037111987780467197
942.8571428571429,3.7,0.00035880714867910987,-2.8208459761102974e-10,0.00010219209122268767,-2.7660716314649416e-07,0.00015706862592664115,0.002725149987834863,0.0010310020440729892,0.003094679860536822
942.8571428571429,3.8000000000000003,0.0003436400100658498,1.7092997836961536e-11,0.00010759929784638977,-2.301760712561375e-07,9.936627045531442e-06,0.0029988058555271016,0.0008971566571767472,0.003256181111476108
942.8571428571429,3.9000000000000004,0.0003295488644310536,7.81939359109446e-10,9.02231470100898e-05,-2.0909945862454368e-07,0.0004739382244713923,0.002625513454990322,0.0008508866314235586,0.0029267651873734206
942.8571428571429,4.0,0.0003163599502663583,5.985234838872657e-10,9.425204731164067e-05,-2.157734903034343e-07,0.000377881442935139,0.0028600325318784274,0.0009154714183873684,0.003162081008463577
942.8571428571429,4.1,0.0003041135565747794,-9.118754243451361e-11,7.363280071521343e-05,-2.0279817105460668e-07,5.99214076328359e-05,0.002327500704599888,0.0008962650137552388,0.0026509304130378514
942.8571428571429,4.2,0.0002926034908903526,-1.3424467239938325e-10,6.496969768107111e-05,-1.8889161654731373e-07,9.167964452893236e-05,0.0021363630879472333,0.0008688748348690059,0.002466239923061354
942.8571428571429,4.3,0.0002817431221827366,3.031259131071495e-10,7.203974212508086e-05,-1.8117214738493736e-07,0.00021502511918009988,0.0024620260648932704,0.0008660946048544646,0.002758268999791043
942.8571428571429,4.3999999999999995,0.00027160315089637133,1.2288195379981037e-10,5.3375668851657676e-05,-1.613852154602633e-07,9.042282556971769e-05,0.0018944799233479998,0.000801360476997159,0.002209431532213407
942.8571428571429,4.5,0.00026199693629852267,3.6763871500707244e-10,5.87102872853871e-05,-1.4814015137664034e-07,0.00028048183936467473,0.0021616202570414102,0.0007630636930412759,0.00243224270934065
942.8571428571429,4.6,0.0002529778245735279,4.50888328750474e-10,5.55382852391456e-05,-1.1648810025571805e-07,0.00035620918857373173,0.0021198066673521927,0.0006221041664840533,0.0023226046759809993
942.8571428571429,4.7,0.00024451409570092454,-1.0242072607880104e-10,3.274972413363206e-05,-1.281719870653109e-07,8.373124038673457e-05,0.0012945689682027199,0.0007088058310548694,0.0016394301285278749
942.8571428571429,4.8,0.00023637786406965753,8.153221821458484e-10,5.279355769206535e-05,-1.3896892341721806e-07,0.0006892894291295996,0.0021591212376009345,0.0007952714792107741,0.002530185346385001
942.8571428571429,4.9,0.00022876956801531117,5.619979035980604e-10,4.381665702296805e-05,-1.2681231061258547e-07,0.0004910652497452919,0.0018536700632025276,0.000750467373168841,0.0021917208624965337
942.8571428571429,5.0,0.0002215994385311945,nan,nan,nan,nan,nan,nan,nan
957.1428571428572,0.1,0.023878769560978664,nan,nan,nan,nan,nan,nan,nan
957.1428571428572,0.2,0.023416030043868732,-1.7227257774575878e-08,-0.3443212689102786,6.41769475905935e-05,0.00014901726274113791,0.14419556586908439,0.0038222540174675883,0.14429692537957328
957.1428571428572,0.30000000000000004,0.019510077837656015,-2.1070535435077667e-08,-0.12076688786000833,4.264092835481877e-05,0.00021719410223776712,0.05157445033754987,0.0025819339067925193,0.05170400242047549
957.1428571428572,0.4,0.014396456752843215,-1.2543170279110547e-09,0.11165606197317647,-1.597018413407254e-05,1.7417480800623384e-05,0.05722994182917679,0.001152339422688835,0.05725314242406055
957.1428571428572,0.5,0.01039939628776218,8.620641890338616e-09,0.13265250891297262,-3.914712926121283e-05,0.00016526864036429416,0.09214247032470303,0.003805186806796129,0.09229962645932809
957.1428571428572,0.6,0.007728860911810872,9.329854406572175e-09,0.09000428655774674,-3.442625340287009e-05,0.00024045490414692738,0.08654760725260768,0.0046199646332297185,0.08679420652403676
957.1428571428572,0.7000000000000001,0.005958368401437031,6.534966665054488e-09,0.055692274849248796,-2.5304312207800137e-05,0.00021843406423232228,0.07205754571691485,0.004565111084156991,0.07234651399070365
957.1428571428572,0.8,0.004744798639555677,7.195960761043158e-09,0.03491079633781684,-1.8089393477391927e-05,0.0003020515702258489,0.05859120145944167,0.004232520160394737,0.058896931816761484
957.1428571428572,0.9,0.0038803368410524923,6.687601440705896e-09,0.022674025172319652,-1.3156503979860387e-05,0.00034327409016185527,0.04778711784161813,0.003865724081097363,0.04810004276559457
957.1428571428572,1.0,0.003242615294272504,2.977243237932114e-09,0.015249024749297175,-9.898703042010705e-06,0.00018291535138185484,0.03929819851711913,0.003556697894542839,0.03961921332564248
957.1428571428572,1.1,0.002757383994985487,4.705086629414875e-09,0.01064406278865437,-7.647662601193582e-06,0.0003399685467835219,0.03282554920238362,0.0032889903380657675,0.0331551982943654
957.1428571428572,1.2000000000000002,0.0023785933235850143,8.440161548114315e-09,0.007781954002580685,-5.81807105298455e-06,0.0007069656241095881,0.02822223533875863,0.0029427148142619625,0.028536178946490066
957.1428571428572,1.3000000000000003,0.0020776221922103482,2.0679427457189473e-09,0.005694808087771188,-4.819661225438526e-06,0.00019834162879507844,0.0239419157167564,0.002825934492806165,0.02427398770505669
957.1428571428572,1.4000000000000001,0.001833599141713394,-9.212687157065179e-10,0.004282901258618022,-4.0350091367472825e-06,0.00010018204148246743,0.02061443738267695,0.0027090556555765246,0.02096766630161227
957.1428571428572,1.5000000000000002,0.00163240510380262,7.178521642085267e-10,0.0033155509675641954,-3.084109070486896e-06,8.76772738965551e-05,0.018082201786296662,0.0023476390362318538,0.018384681852933637
957.1428571428572,1.6,0.0014643665755674877,6.187935567949237e-10,0.0026046617670152923,-2.5873388642259432e-06,8.425494415229028e-05,0.015955976619699615,0.0022120929726309213,0.016259981532066422
957.1428571428572,1.7000000000000002,0.0013223746650025084,2.88173152011534e-09,0.0021534118207940096,-2.243898145510356e-06,0.00043444408234515183,0.014705415001428149,0.002138704542090793,0.015019523503148571
957.1428571428572,1.8000000000000003,0.0012019168726454693,1.1762760750995646e-09,0.0016702982154939356,-1.9569751364771994e-06,0.0001951625677703673,0.012631051242128625,0.002065207612101078,0.01296578994397558
957.1428571428572,1.9000000000000001,0.0010981620624433695,1.367380022925339e-09,0.0013675581792393441,-1.6660124450130593e-06,0.0002483278188198369,0.01137814278477755,0.001934922349543076,0.011705197517936543
957.1428571428572,2.0,0.001008082834033663,1.028857780345354e-09,0.0011467958666083178,-1.4214329281123177e-06,0.00020357395085321165,0.01044286545518373,0.0018070099965126494,0.010752927579200417
957.1428571428572,2.1,0.0009294715642900398,1.4566075982552768e-09,0.0009247100867643434,-1.2082635871069412e-06,0.000312582663033968,0.009172957375578767,0.0016735033525411894,0.009478506310455645
957.1428571428572,2.2,0.0008601073954140599,1.5427275754208155e-09,0.000842315781874323,-1.1268585348729332e-06,0.00035775573225913713,0.009062308243046801,0.0016927380406399912,0.009379986354170122
957.1428571428572,2.3000000000000003,0.0007991663843568233,1.1199145420979131e-09,0.0006515883240449759,-9.969348674359896e-07,0.000279596153652899,0.007575662382617907,0.0016183117384925131,0.007918756235068412
957.1428571428572,2.4000000000000004,0.0007447412565400364,2.9027732203856657e-10,0.0005813252120368005,-8.311390036276333e-07,7.77731348223928e-05,0.007274144951738137,0.0014525062572266392,0.007559019929459282
957.1428571428572,2.5000000000000004,0.0006961293808436176,1.2688290099706058e-10,0.00048804010769728145,-7.486541501572252e-07,3.6372201101626444e-05,0.006553149881405087,0.0014040926732626455,0.006847484850322209
957.1428571428572,2.6,0.0006523979062241715,1.674577741337087e-09,0.0004645468103106142,-7.25300278951082e-07,0.0005120894447822759,0.006673282626681328,0.0014553999930991472,0.007002236420947972
957.1428571428572,2.7,0.0006133118997078316,-3.8062775762814873e-10,0.00034863784658060304,-6.44623119140352e-07,0.00012389240334647947,0.005343944903170904,0.0013798898726408372,0.005690455919956392
957.1428571428572,2.8000000000000003,0.0005777122716572978,-8.633129963052995e-10,0.0003215631353872599,-5.856275245797287e-07,0.00029832833140514665,0.005243060432064755,0.0013343315095227439,0.005580283473284537
957.1428571428572,2.9000000000000004,0.0005453282749606365,8.594850308560992e-10,0.00028037786327060604,-5.669368260982803e-07,0.0003146514905935168,0.004853244028662902,0.0013713835265553287,0.005235873252486113
957.1428571428572,3.0000000000000004,0.0005157480568966813,1.5633210098560562e-09,0.00026860581306219596,-4.585369289364157e-07,0.0006051206075654994,0.004925580157778997,0.0011750702583710397,0.005233458805094674
957.1428571428572,3.1,0.000488853896963348,1.6534295424409905e-09,0.00022657626604543133,-4.370155450080097e-07,0.0006752001769857459,0.004393157919174108,0.0011841008808204712,0.004749728578953054
957.1428571428572,3.2,0.0004642254996904691,7.90010212438234e-11,0.00019012625431787737,-3.846128895416156e-07,3.399113062131029e-05,0.0038892244799294744,0.00109943290050496,0.004188642722609449
957.1428571428572,3.3000000000000003,0.00044149836496076893,1.0493858107339305e-09,0.0001789506728752416,-3.233139221298907e-07,0.00047460535200105684,0.003854822128352714,0.000973767669081258,0.004120843460759179
957.1428571428572,3.4000000000000004,0.0004205607369598212,3.331005523653288e-10,0.00016074170965779653,-3.4209714548709386e-07,0.00015818174550526776,0.003640822309094619,0.0010830410907427237,0.003953044973117122
957.1428571428572,3.5000000000000004,0.0004012305260554514,-5.97829379699793e-10,0.0001370593457614155,-3.137450377796142e-07,0.00029770230487940173,0.0032589667488268086,0.001042931816144682,0.0035895549137104697
957.1428571428572,3.6,0.0003832709086086958,-8.71334192184722e-11,0.00012054774613999518,-2.8074668522345e-07,4.541779470294645e-05,0.0030044510153580664,0.0009786279611110815,0.003308204052397412
957.1428571428572,3.7,0.0003665167686233401,1.4133883926316593e-09,0.00012988421727861524,-2.568365253380785e-07,0.0007701874095423253,0.003388835791114578,0.0009371219538100029,0.003719380563693643
957.1428571428572,3.8000000000000003,0.0003510614708107706,1.0831925312609417e-09,0.0001103239332342809,-2.248077373318131e-07,0.000616273321864435,0.0030100650960299723,0.0008575198638556278,0.003303175036747781
957.1428571428572,3.9000000000000004,0.00033670941233054387,4.996777857922669e-10,8.859597777540741e-05,-2.2550927611433156e-07,0.0002964633095414148,0.0025236599610545837,0.0008981113023213862,0.0028407671350621304
957.1428571428572,4.0,0.00032324331362807124,4.228715549657618e-11,7.912992802996389e-05,-2.1652869686430805e-07,2.6140892992801355e-05,0.0023500955165542846,0.0008992789180513781,0.0026722719599842986
957.1428571428572,4.1,0.00031056851420589824,1.3516589036317606e-09,9.389438616244616e-05,-2.063590873817361e-07,0.0008693644705188918,0.0029047588056371216,0.0008929632486730899,0.0032845372624600543
957.1428571428572,4.2,0.0002988326586453497,6.753496546236016e-10,6.018224629539464e-05,-1.8886424684169887e-07,0.0004515944197035984,0.0019378090032492962,0.0008503203423587273,0.002324893679771096
957.1428571428572,4.3,0.0002876986255477551,9.581117998473135e-10,7.763289052304375e-05,-1.7787189115888117e-07,0.0006654185650262389,0.002597871694310941,0.0008325786064105083,0.002928838247238742
957.1428571428572,4.3999999999999995,0.00027734092135539096,5.106302027539813e-10,5.147048238830298e-05,-1.7791803899862858e-07,0.0003679962480148745,0.0017890416504530503,0.0008649614414010113,0.002198273835496804
957.1428571428572,4.5,0.00026749792198690984,4.306799388731629e-10,6.708848770172326e-05,-1.4952649134178345e-07,0.0003218532150963779,0.0024189898617865543,0.000754315574109921,0.0026632847039292605
957.1428571428572,4.6,0.00025832580749544595,1.438063087793111e-10,4.805999926515047e-05,-1.3855624127606653e-07,0.00011129266959977929,0.001796649443411464,0.0007248152837147449,0.002071484895390343
957.1428571428572,4.7,0.00024963429299663356,2.828314313891453e-10,4.540499443224333e-05,-1.2912211109837694e-07,0.0002265225047836084,0.0017576638924488327,0.0006994992917442544,0.0020296042279945243
957.1428571428572,4.8,0.00024139682844214364,-2.4723101754204525e-10,4.011451758149171e-05,-1.1715707659303481e-07,0.00020479873594818934,0.001606931367479735,0.0006568258704077857,0.0018673541148132987
957.1428571428572,4.9,0.00023356050906346863,2.2914451278941508e-10,5.121321661915223e-05,-1.2529664403117655e-07,0.0001961599688205554,0.00212153643234077,0.0007265437888771332,0.0023654021479293462
957.1428571428572,5.0,0.00022623632185098515,nan,nan,nan,nan,nan,nan,nan
971.4285714285714,0.1,0.02398620114776955,nan,nan,nan,nan,nan,nan,nan
971.4285714285714,0.2,0.023593017534337086,-1.6318520277626098e-08,-0.3401371494160632,6.250326700185862e-05,0.00014012520896336991,0.14180534354757227,0.0037058941547115703,0.14190222830065438
971.4285714285714,0.30000000000000004,0.01979846242674399,-2.0697765472394254e-08,-0.1307001960055492,4.375950162734843e-05,0.00021033277244956019,0.055397829385465086,0.002630303755329217,0.05552297484993814
971.4285714285714,0.4,0.014696905359095404,-9.714093934604107e-10,0.10498331998493973,-1.3886985566451393e-05,1.321896089582764e-05,0.05302599652543072,0.0009878465988698872,0.05304439804599271
971.4285714285714,0.5,0.010645181491296216,7.940617095581618e-09,0.13250829713130263,-3.839852519660527e-05,0.00014877403018034727,0.09016067933600584,0.0036576959674669337,0.09030906771539043
971.4285714285714,0.6,0.007918540594810054,9.405332981068082e-09,0.09136803586363948,-3.440977177615871e-05,0.0002366735683343208,0.08583041626706359,0.004512868778550635,0.0860676962639305
971.4285714285714,0.7000000000000001,0.006105580056960286,1.0487777868780074e-08,0.05693430243153681,-2.5478186638416716e-05,0.0003421880213232953,0.07189999438640567,0.004487889318727755,0.07218038920982212
971.4285714285714,0.8,0.004861962543425886,6.670742569337131e-09,0.03575350602973911,-1.829768224951752e-05,0.0002733419060240146,0.05855873757478712,0.004179029565149592,0.058856852093559696
971.4285714285714,0.9,0.003975880090188877,4.503057473614214e-09,0.02319610684399049,-1.3444153943693563e-05,0.00022566651978884203,0.04770934912971545,0.0038562355509249545,0.04802055835793321
971.4285714285714,1.0,0.003321758705391774,2.835261105114997e-09,0.01568056174060194,-1.0066867368959454e-05,0.0001701096549854263,0.03943922197074365,0.003531441595734106,0.03975453843827733
971.4285714285714,1.1,0.0028244429380006896,1.776971130340243e-09,0.010931654016373613,-7.472247809854076e-06,0.0001254025442487632,0.032909235696830415,0.0031382331815038634,0.033207386752808855
971.4285714285714,1.2000000000000002,0.0024364437107733416,2.283956952438924e-09,0.00793444952135098,-5.918485828054562e-06,0.00018683706016753981,0.028092086459241626,0.002923712252755205,0.028395359064367905
971.4285714285714,1.3000000000000003,0.0021277889787595034,1.6025013120758646e-09,0.005758957352584208,-5.0054014938393645e-06,0.0001501371094411272,0.023636734668318202,0.002866236814787417,0.02398225164343399
971.4285714285714,1.4000000000000001,0.0018767238202715072,6.444659701036257e-09,0.004524686668964851,-3.969685672756736e-06,0.0006846041539173156,0.021264734022650757,0.002603417479064981,0.02159196982774484
971.4285714285714,1.5000000000000002,0.0016709055284731594,4.781648885320538e-09,0.0033749426460877906,-3.1487136726535944e-06,0.0005705432034956403,0.01798316091922111,0.0023413737758935555,0.018294361385698617
971.4285714285714,1.6,0.0014988366631356895,3.0956685678672686e-09,0.002693569913580595,-2.6705398455661294e-06,0.0004118607671223649,0.016120420141538024,0.0022305294189641036,0.01643131454902279
971.4285714285714,1.7000000000000002,0.0013537034969340256,2.881420518885059e-10,0.0021462377893964033,-2.2386809279230823e-06,4.245532945006132e-05,0.014319357420216143,0.002084904688185921,0.0146198308642931
971.4285714285714,1.8000000000000003,0.0012300327086263256,2.6842681420063e-09,0.001738309086049029,-1.9415622814379724e-06,0.0004352199980323402,0.012841136112790495,0.0020025111238088263,0.01315691053081443
971.4285714285714,1.9000000000000001,0.001123745011179116,2.2340534901768555e-09,0.001396627804229472,-1.6820322830802264e-06,0.0003965347644828767,0.011354395654967552,0.0019090412497677885,0.011677688876469498
971.4285714285714,2.0,0.001031423591774201,2.3831309708798333e-09,0.001190020857366183,-1.5466617361261787e-06,0.0004608888277303942,0.010589776555426268,0.0019216800536617606,0.010942645679298287
971.4285714285714,2.1,0.0009510023809429481,-1.361580709541192e-09,0.0009467237058829361,-1.2606627975487013e-06,0.0002858031294229457,0.009178806005924602,0.0017066530720202988,0.009495129938008124
971.4285714285714,2.2,0.0008800484071705246,4.020832834345525e-10,0.0008348815363406059,-1.0494400562883077e-06,9.116810727414769e-05,0.008778963681592419,0.0015419818677589886,0.009046210870165345
971.4285714285714,2.3000000000000003,0.0008174432487615072,1.1428297469856879e-09,0.0006867991562216476,-1.0234384903823362e-06,0.0002789994948396861,0.007804106576702984,0.0016243765345792895,0.008139970419531217
971.4285714285714,2.4000000000000004,0.0007617060819147063,9.124320943190983e-10,0.0005961317553592652,-8.833457738709789e-07,0.0002390818896163852,0.007292637822410954,0.0015095609624283161,0.007602451917465596
971.4285714285714,2.5000000000000004,0.000711930232621498,6.740718212728644e-10,0.0005210591557786003,-7.415719830339717e-07,0.00018899794323632416,0.006840685247895227,0.0013601834313582265,0.007108508480490251
971.4285714285714,2.6,0.0006673649748860757,-2.7356764552831966e-10,0.0004188961021869309,-7.178016332291769e-07,8.182922201101681e-05,0.005883948777458924,0.0014088131210272133,0.006212653061075612
971.4285714285714,2.7,0.0006269886781725227,1.3915445601114162e-09,0.0003966210077214625,-6.920933775097987e-07,0.00044307501599276985,0.0059430899529776616,0.0014491269160087426,0.006302108480213828
971.4285714285714,2.8000000000000003,0.0005905785915361843,9.35155857769561e-10,0.0003289869147956258,-5.632205438250225e-07,0.00031616439420550224,0.00524709498350944,0.0012553264267004401,0.005548301953325742
971.4285714285714,2.9000000000000004,0.0005574583740478022,7.788272327589417e-10,0.0002904016427924204,-4.750202872626937e-07,0.0002789733280800455,0.004917239584270094,0.0011241885518544121,0.005175390907664253
971.4285714285714,3.0000000000000004,0.0005272421729873443,1.0821849390046318e-09,0.0002728933358460525,-4.712891056603157e-07,0.0004097803916188232,0.004895313238628502,0.001181699346589675,0.005188914950652754
971.4285714285714,3.1,0.0004997549052853469,-3.721782270951512e-10,0.00020519011315747257,-4.842549166302894e-07,0.0001487616952142598,0.003891762147835581,0.0012835765270752485,0.004296868634134158
971.4285714285714,3.2,0.0004743195387149243,1.2438025221935643e-09,0.0002354670052666981,-3.92991116659447e-07,0.0005237349191983951,0.004711649706214543,0.0010995650557607854,0.004989191101106448
971.4285714285714,3.3000000000000003,0.00045123884219716863,-2.7248546873720503e-12,0.000159880476521899,-3.4062272326151186e-07,1.2063306112219897e-06,0.00337073351342565,0.001003995472616673,0.003657575657704694
971.4285714285714,3.4000000000000004,0.00042975695044463196,5.050565593866656e-10,0.00015504410013810938,-3.6048640961093926e-07,0.00023475982939511088,0.0034359652946357607,0.0011171460078255038,0.00378906322051242
971.4285714285714,3.5000000000000004,0.0004098254996934764,1.129590940278679e-09,0.00016337777400211642,-3.184286661783507e-07,0.0005506466296955498,0.003801631918531713,0.001036081614426038,0.004111270749816595
971.4285714285714,3.6,0.00039152782668234196,7.941489358058449e-10,0.00012846815071039473,-2.389999914626435e-07,0.0004052319081399253,0.003134703692339321,0.0008155445885091059,0.0033646405587868474
971.4285714285714,3.7,0.0003745148351783115,2.872805932498105e-10,0.00012021475816677044,-2.4067231251582006e-07,0.00015324896872151068,0.003070401385909774,0.0008596582735049421,0.0033058848454569413
971.4285714285714,3.8000000000000003,0.0003587039912559487,7.64209443496667e-11,0.00010787879547731577,-2.6972137443148696e-07,4.2570207887772576e-05,0.0028804945851064424,0.0010071743936591435,0.0032136990829747065
971.4285714285714,3.9000000000000004,0.0003439719352883591,-5.65906387016663e-11,8.954277007486754e-05,-2.429695859896751e-07,3.2882564430430686e-05,0.0024962858584691755,0.0009474216933334892,0.0028333266808178866
971.4285714285714,4.0,0.0003301353070215182,6.284376436044138e-10,0.00010006418381830493,-2.051677815914316e-07,0.00038039587124706766,0.002909079885672038,0.0008345037388526764,0.003162315572551488
971.4285714285714,4.1,0.0003172993205928603,-5.90466128900619e-10,7.363186962716172e-05,-1.9953481772760844e-07,0.0003720275126137207,0.0022303542838682934,0.000845454678347976,0.002557825625016717
971.4285714285714,4.2,0.00030519965286047405,1.864546947929625e-10,7.496768050628694e-05,-1.9113825325075994e-07,0.00012211618966171664,0.002362680145870247,0.0008429964024901075,0.002649236815516777
971.4285714285714,4.3,0.00029384966193315065,-2.605912045698821e-10,6.832310540433229e-05,-1.731263237741326e-07,0.0001773039467532197,0.002238636406168099,0.0007937085686707525,0.0025105529734539044
971.4285714285714,4.3999999999999995,0.0002831829020598706,4.840500334355429e-10,5.706593537826487e-05,-1.593159230079287e-07,0.0003416728959852086,0.0019420112653131827,0.0007587799973369398,0.0022449147625626057
971.4285714285714,4.5,0.00027308680154037316,7.876999041438646e-10,7.124376227697712e-05,-1.6384841820643702e-07,0.0005765210769538394,0.002515821462339374,0.0008095814849489232,0.0028235754893545253
971.4285714285714,4.6,0.0002637031386436455,4.498599751999124e-10,4.927352457082239e-05,-1.5958095790389e-07,0.00034107583033160895,0.0018043173193611041,0.0008175861093756215,0.0021699741481111634
971.4285714285714,4.7,0.0002548122109926261,3.468563460488248e-10,4.440541633206362e-05,-1.4199539880166571e-07,0.00027219395550486794,0.0016839168680533134,0.0007536086972311042,0.0020113472363101777
971.4285714285714,4.8,0.0002463653375049273,4.804452458290502e-10,4.7975028068112295e-05,-1.3319973537004733e-07,0.0003899666330648883,0.0018827601660542333,0.0007316952472949689,0.0021834870477318207
971.4285714285714,4.9,0.00023839821429790965,-4.865118110766292e-11,4.398400525369456e-05,-1.2802859644999115e-07,4.0821346606771524e-05,0.0017853162989219166,0.0007274255867644449,0.0020609018991922527
971.4285714285714,5.0,0.00023087093114342895,nan,nan,nan,nan,nan,nan,nan
985.7142857142858,0.1,0.024094153179659832,nan,nan,nan,nan,nan,nan,nan
985.7142857142858,0.2,0.0237666747145447,-1.5169688607465113e-08,-0.33565732673674764,6.083958344934922e-05,0.00012933217572342972,0.13931069676277646,0.0035910796230197543,0.13940329502942056
985.7142857142858,0.30000000000000004,0.02008262298206209,-2.0601047426816966e-08,-0.14014155310468795,4.477964998153433e-05,0.00020647165289153693,0.05896557039968419,0.002672444238688476,0.05908692782266953
985.7142857142858,0.4,0.014997155718532601,-1.9526455744257205e-09,0.09808987739282764,-1.1833791165841162e-05,2.605078769601649e-05,0.048843160318471385,0.0008302197747298754,0.048857277024903285
985.7142857142858,0.5,0.01089258722893139,8.250013222302181e-09,0.13221209941894782,-3.7593367983058884e-05,0.00015111515275528252,0.08815811604567654,0.0035108050465074408,0.08829794881344373
985.7142857142858,0.6,0.008110139733519657,1.0215014030344484e-08,0.09272398372059795,-3.4368059034630524e-05,0.000251052629378682,0.0851257665160737,0.004406628263112104,0.08535394482781876
985.7142857142858,0.7000000000000001,0.006254932075313904,6.870809211897117e-09,0.058076340622250235,-2.567481916820677e-05,0.000218900192114128,0.07160954376928613,0.004417039065533412,0.07188181372469889
985.7142857142858,0.8,0.004980487823330653,7.443893607949658e-09,0.036629875929900566,-1.860466235620285e-05,0.00029784380959064593,0.05856158866131621,0.004149139973000013,0.05885557834651872
985.7142857142858,0.9,0.004072342330646408,4.260086619873633e-09,0.023728390326421038,-1.3543350088642367e-05,0.0002085068131272509,0.04764270322129391,0.003793259600727271,0.047944220528864885
985.7142857142858,1.0,0.0034014807412263734,8.501883013605251e-09,0.016124537637901122,-1.0140173947066843e-05,0.0004981651232846344,0.03959524108903108,0.0034741236036771516,0.03990200941075281
985.7142857142858,1.1,0.0028918645281853493,4.933588776140716e-09,0.011251189648110681,-7.804655092077205e-06,0.00034012000210156617,0.03307732868143233,0.00320117892935224,0.03338742948162965
985.7142857142858,1.2000000000000002,0.002494760211625432,-2.542167359662932e-10,0.008062691132724096,-6.078861987966194e-06,2.032137168561251e-05,0.027880597635683343,0.0029335233481248228,0.028187572721839773
985.7142857142858,1.3000000000000003,0.0021782828063927557,6.175261168793821e-10,0.005935833434322218,-4.719934366178096e-06,5.6541606959177295e-05,0.023793202275158923,0.0026410880525058345,0.024084649959302366
985.7142857142858,1.4000000000000001,0.0019211637355033013,3.57816008995085e-09,0.0046337135241141655,-3.884282621037344e-06,0.0003713696629538431,0.02127232290736212,0.002489554736094962,0.02156491138098349
985.7142857142858,1.5000000000000002,0.0017103817998549889,-1.7033600822231895e-10,0.0034338655592698036,-3.4137925298181463e-06,1.9866263343886146e-05,0.017873882875319887,0.0024801721122746897,0.018214790449579236
985.7142857142858,1.6,0.0015339385197993744,-4.950567774876259e-10,0.0027595893622168063,-2.718606500202635e-06,6.439509325959207e-05,0.01613434709402762,0.002219494706818232,0.0164369588545382
985.7142857142858,1.7000000000000002,0.001385091133365928,2.9773044953875593e-09,0.002245260749959951,-2.237575245988395e-06,0.0004287763749833984,0.01463722777007785,0.0020373866440211563,0.014924281377920802
985.7142857142858,1.8000000000000003,0.0012586963544320812,-5.269725745541381e-11,0.0017482313700337708,-1.9898431101352397e-06,8.354020770819907e-06,0.012621778653548748,0.002005970171374402,0.012936661038526502
985.7142857142858,1.9000000000000001,0.0011497838891985721,-3.204701464242739e-10,0.001437927880903935,-1.6712629945496814e-06,5.5625482465624245e-05,0.011423945702557647,0.0018546005069141342,0.011721293260121819
985.7142857142858,2.0,0.0010552507027741023,5.499799925263143e-10,0.0011537807632031828,-1.458031923465048e-06,0.00010400467862359492,0.010034761958679007,0.0017715413141777005,0.010343306134703925
985.7142857142858,2.1,0.0009722553239816644,5.756798807805435e-09,0.0010811531550708722,-1.30719933364897e-06,0.0011811368578589644,0.010245462544859495,0.0017303973582392385,0.010599676271939366
985.7142857142858,2.2,0.0009000714767399352,1.2280046691640732e-09,0.0008065714228594477,-1.1313781761030012e-06,0.00027230348875067166,0.008295880752355322,0.001624893896782451,0.008612569128830665
985.7142857142858,2.3000000000000003,0.0008359533437268005,9.581209964671355e-10,0.0007021907207204065,-1.048413417216335e-06,0.00022878704053968808,0.007801499534945225,0.0016273606023725518,0.008137096752772341
985.7142857142858,2.4000000000000004,0.0007788571179208698,1.8357906927555744e-11,0.0006107757962250025,-8.738838657405268e-07,4.706602521650691e-06,0.007306338335846306,0.0014607060372203286,0.0075927548547486045
985.7142857142858,2.5000000000000004,0.0007278686500771891,1.691812349832616e-09,0.0005396031182730835,-7.702691508319957e-07,0.0004639746596101322,0.006928140038233639,0.0013823719225581751,0.007213619142891501
985.7142857142858,2.6,0.0006822762134162393,4.0083694843029734e-10,0.0004265668567661234,-7.362916329769514e-07,0.00011731975593241975,0.005860492229207658,0.0014134810038042825,0.006193140575666478
985.7142857142858,2.7,0.0006409494453229507,4.5661961805637804e-10,0.00040130823196473856,-6.132680507306353e-07,0.00014227052429490643,0.005881902726101792,0.0012564690161482512,0.006146092202244281
985.7142857142858,2.8000000000000003,0.0006036357595493096,1.3992225949489927e-09,0.0003425343692515679,-5.896794070301133e-07,0.0004628291575808938,0.005344171396840472,0.0012860989007180128,0.005664139785772508
985.7142857142858,2.9000000000000004,0.000569747417468184,3.2848877566630985e-10,0.0003098067760133431,-5.310644866977164e-07,0.00011516598974864169,0.0051323463050739915,0.0012296434528766018,0.005420174152442523
985.7142857142858,3.0000000000000004,0.000538957143147192,-3.170440704667138e-10,0.00024130900409224633,-4.6262664994127693e-07,0.00011751180659308748,0.004235368106880829,0.0011353568821814372,0.004531028859465097
985.7142857142858,3.1,0.0005105799588671224,1.7220429956534888e-09,0.00024646404017540684,-4.4893092054752627e-07,0.0006735658872829401,0.0045729803066752615,0.0011647679895720818,0.004907057043566398
985.7142857142858,3.2,0.00048466741498880676,5.104102366614565e-10,0.00022238922302837775,-4.12813375492833e-07,0.0002103842881320241,0.004355619901764579,0.001130284817356748,0.00464443471415358
985.7142857142858,3.3000000000000003,0.000460978763340775,7.975663759109011e-10,0.00017661250039212727,-3.933861558451297e-07,0.00034566799576043507,0.0036439936940304953,0.0011350396659335785,0.003996849570838546
985.7142857142858,3.4000000000000004,0.0004390562366966645,-2.282199128729448e-10,0.00015172920422695235,-3.040907786079434e-07,0.00010389150760278473,0.003291457574473723,0.0009225578861121212,0.003542133893060475
985.7142857142858,3.5000000000000004,0.00041865100209482353,1.2443282490287366e-09,0.00017010484743945313,-2.716229713463305e-07,0.0005937022748555074,0.0038743293733685263,0.0008655477844258069,0.004106246025113888
985.7142857142858,3.6,0.0003999468159673771,7.932471660044409e-10,0.00013289005858521877,-2.974843526910624e-07,0.000396269774939863,0.003174244368704974,0.0009935641656060017,0.0034938798704504466
985.7142857142858,3.7,0.00038257153042578284,4.49076481661874e-10,0.00011658629280300503,-2.866133856775623e-07,0.0002345625796832053,0.0029150449046833962,0.0010022519927363322,0.0032498499217650293
985.7142857142858,3.8000000000000003,0.00036636210781221864,2.2462510893183584e-10,0.00010702239375808147,-2.8830752894801425e-07,0.00012255016721513084,0.0027974479344809312,0.0010541257969536335,0.003172238307760366
985.7142857142858,3.9000000000000004,0.00035122290913623525,2.725353871505858e-10,0.00010718425350407076,-2.2398879733815968e-07,0.00015513218963911118,0.0029256369918858748,0.0008554210742088583,0.0031696858255913203
985.7142857142858,4.0,0.0003371555529952926,2.0407049191952031e-10,8.214268338601107e-05,-1.9794587860744285e-07,0.00012099049496245677,0.0023387621151486136,0.0007887212200084025,0.002593956294332802
985.7142857142858,4.1,0.00032390962368821,1.008624160901224e-09,9.410046730001221e-05,-2.1732126113724997e-07,0.0006223937930671301,0.002791010453899482,0.0009019268142334624,0.003131143136921614
985.7142857142858,4.2,0.00031160469905412757,1.480330252610084e-10,6.477420200174201e-05,-1.8105490854551758e-07,9.499064788972329e-05,0.0019997615774483,0.000782067483170988,0.002287209803732887
985.7142857142858,4.3,0.00029994751644006254,9.610828883172733e-10,8.333346594619773e-05,-1.730656725200208e-07,0.0006404728240888093,0.0026743327747994657,0.0007773761450739154,0.0029615685996820787
985.7142857142858,4.3999999999999995,0.0002891236684854595,-1.478640782664414e-10,5.366156454583692e-05,-1.518621171308152e-07,0.00010228080850598748,0.0017890318007203747,0.0007084143537382292,0.0020529973066085914
985.7142857142858,4.5,0.0002788364361763148,1.2149834416270505e-10,6.230740828789886e-05,-1.4187971653398214e-07,8.712098998762795e-05,0.0021550435014292997,0.0006869890646518612,0.0023655254194050756
985.7142857142858,4.6,0.00026917227795004913,5.014496267979262e-10,5.527962742328745e-05,-1.653322416612702e-07,0.00037248038243612293,0.001982510900703553,0.0008298661244123781,0.0023337623434280135
985.7142857142858,4.7,0.0002600609159980163,4.013059570510995e-10,4.823425718966309e-05,-1.5581163684826686e-07,0.0003085975575005561,0.0017919474307311106,0.0008101660164010827,0.00214919659297644
985.7142857142858,4.8,0.00025143189661788013,8.400969086408882e-11,4.231134821357901e-05,-1.3292781120435545e-07,6.683739637048218e-05,0.001626978358174427,0.0007155348182243675,0.0019171609133571172
985.7142857142858,4.9,0.0002432259907198797,8.04427360846694e-10,5.197132251281402e-05,-1.2635702713809582e-07,0.0006613899535379966,0.0020670138996643985,0.0007037000415203709,0.0023875448956864375
985.7142857142858,5.0,0.0002355397980470074,nan,nan,nan,nan,nan,nan,nan
1000.0,0.1,0.02420266320044481,nan,nan,nan,nan,nan,nan,nan
1000.0,0.2,0.023937236039934463,nan,nan,nan,nan,nan,nan,nan
1000.0,0.30000000000000004,0.02036257924198696,nan,nan,nan,nan,nan,nan,nan
1000.0,0.4,0.015297007578872977,nan,nan,nan,nan,nan,nan,nan
1000.0,0.5,0.011141676642734381,nan,nan,nan,nan,nan,nan,nan
1000.0,0.6,0.008303823568970147,nan,nan,nan,nan,nan,nan,nan
1000.0,0.7000000000000001,0.006405686299629134,nan,nan,nan,nan,nan,nan,nan
1000.0,0.8,0.005100532265196227,nan,nan,nan,nan,nan,nan,nan
1000.0,0.9,0.0041696739765365665,nan,nan,nan,nan,nan,nan,nan
1000.0,1.0,0.003482937855227015,nan,nan,nan,nan,nan,nan,nan
1000.0,1.1,0.0029602929732222825,nan,nan,nan,nan,nan,nan,nan
1000.0,1.2000000000000002,0.0025530248315109986,nan,nan,nan,nan,nan,nan,nan
1000.0,1.3000000000000003,0.0022289026597641466,nan,nan,nan,nan,nan,nan,nan
1000.0,1.4000000000000001,0.0019663338874881466,nan,nan,nan,nan,nan,nan,nan
1000.0,1.5000000000000002,0.0017498233087861607,nan,nan,nan,nan,nan,nan,nan
1000.0,1.6,0.0015689393444676537,nan,nan,nan,nan,nan,nan,nan
1000.0,1.7000000000000002,0.0014170863829601546,nan,nan,nan,nan,nan,nan,nan
1000.0,1.8000000000000003,0.001287349245695499,nan,nan,nan,nan,nan,nan,nan
1000.0,1.9000000000000001,0.0011757573651473294,nan,nan,nan,nan,nan,nan,nan
1000.0,2.0,0.0010791900545888049,nan,nan,nan,nan,nan,nan,nan
1000.0,2.1,0.0009946831239199328,nan,nan,nan,nan,nan,nan,nan
1000.0,2.2,0.0009203451595071343,nan,nan,nan,nan,nan,nan,nan
1000.0,2.3000000000000003,0.0008546589735893319,nan,nan,nan,nan,nan,nan,nan
1000.0,2.4000000000000004,0.0007960119004386512,nan,nan,nan,nan,nan,nan,nan
1000.0,2.5000000000000004,0.0007441523353593768,nan,nan,nan,nan,nan,nan,nan
1000.0,2.6,0.0006972692554052663,nan,nan,nan,nan,nan,nan,nan
1000.0,2.7,0.0006550034001505332,nan,nan,nan,nan,nan,nan,nan
1000.0,2.8000000000000003,0.000616978483194057,nan,nan,nan,nan,nan,nan,nan
1000.0,2.9000000000000004,0.0005821034994142121,nan,nan,nan,nan,nan,nan,nan
1000.0,3.0000000000000004,0.0005506074104355158,nan,nan,nan,nan,nan,nan,nan
1000.0,3.1,0.0005217564497949495,nan,nan,nan,nan,nan,nan,nan
1000.0,3.2,0.0004951194566171099,nan,nan,nan,nan,nan,nan,nan
1000.0,3.3000000000000003,0.00047088145313252644,nan,nan,nan,nan,nan,nan,nan
1000.0,3.4000000000000004,0.000448308947456274,nan,nan,nan,nan,nan,nan,nan
1000.0,3.5000000000000004,0.0004277304490367888,nan,nan,nan,nan,nan,nan,nan
1000.0,3.6,0.0004085276924291478,nan,nan,nan,nan,nan,nan,nan
1000.0,3.7,0.00039071987393481783,nan,nan,nan,nan,nan,nan,nan
1000.0,3.8000000000000003,0.00037406606622745423,nan,nan,nan,nan,nan,nan,nan
1000.0,3.9000000000000004,0.0003585295024508768,nan,nan,nan,nan,nan,nan,nan
1000.0,4.0,0.0003442174460082342,nan,nan,nan,nan,nan,nan,nan
1000.0,4.1,0.00033072576844904976,nan,nan,nan,nan,nan,nan,nan
1000.0,4.2,0.0003180399560692629,nan,nan,nan,nan,nan,nan,nan
1000.0,4.3,0.00030624151031193714,nan,nan,nan,nan,nan,nan,nan
1000.0,4.3999999999999995,0.00029503425856854506,nan,nan,nan,nan,nan,nan,nan
1000.0,4.5,0.00028461086639269785,nan,nan,nan,nan,nan,nan,nan
1000.0,4.6,0.00027474375391498294,nan,nan,nan,nan,nan,nan,nan
1000.0,4.7,0.00026539152017831494,nan,nan,nan,nan,nan,nan,nan
1000.0,4.8,0.0002565156005657032,nan,nan,nan,nan,nan,nan,nan
1000.0,4.9,0.00024821793599100216,nan,nan,nan,nan,nan,nan,nan
1000.0,5.0,0.00024029915404913006,nan,nan,nan,nan,nan,nan,nan
