T1_K,P1_atm,feature_value,d2_dT2,d2_dP2,d2_dTdP,C_T,C_P,C_TP,C_combined
300.0,0.1,0.0017444527101731601,nan,nan,nan,nan,nan,nan,nan
300.0,0.2,0.0007911246596701573,nan,nan,nan,nan,nan,nan,nan
300.0,0.30000000000000004,0.0005085520051161759,nan,nan,nan,nan,nan,nan,nan
300.0,0.4,0.00037472459604629923,nan,nan,nan,nan,nan,nan,nan
300.0,0.5,0.0002984595230097181,nan,nan,nan,nan,nan,nan,nan
300.0,0.6,0.00025112865000673733,nan,nan,nan,nan,nan,nan,nan
300.0,0.7000000000000001,0.00021692491154105074,nan,nan,nan,nan,nan,nan,nan
300.0,0.8,0.00019263405783528491,nan,nan,nan,nan,nan,nan,nan
300.0,0.9,0.00017303745675418972,nan,nan,nan,nan,nan,nan,nan
300.0,1.0,0.00015821596777811648,nan,nan,nan,nan,nan,nan,nan
300.0,1.1,0.00014764086174255114,nan,nan,nan,nan,nan,nan,nan
300.0,1.2000000000000002,0.00013803720405653798,nan,nan,nan,nan,nan,nan,nan
300.0,1.3000000000000003,0.00012998593019576693,nan,nan,nan,nan,nan,nan,nan
300.0,1.4000000000000001,0.00012329005654050285,nan,nan,nan,nan,nan,nan,nan
300.0,1.5000000000000002,0.00011767847108412418,nan,nan,nan,nan,nan,nan,nan
300.0,1.6,0.00011383915646750396,nan,nan,nan,nan,nan,nan,nan
300.0,1.7000000000000002,0.00010979825573696437,nan,nan,nan,nan,nan,nan,nan
300.0,1.8000000000000003,0.00010636934513210692,nan,nan,nan,nan,nan,nan,nan
300.0,1.9000000000000001,0.00010397492673589849,nan,nan,nan,nan,nan,nan,nan
300.0,2.0,0.00010119593413950346,nan,nan,nan,nan,nan,nan,nan
300.0,2.1,0.00010002973030323428,nan,nan,nan,nan,nan,nan,nan
300.0,2.2,9.865269988157995e-05,nan,nan,nan,nan,nan,nan,nan
300.0,2.3000000000000003,9.714123473748429e-05,nan,nan,nan,nan,nan,nan,nan
300.0,2.4000000000000004,9.605644227474031e-05,nan,nan,nan,nan,nan,nan,nan
300.0,2.5000000000000004,9.580995511730362e-05,nan,nan,nan,nan,nan,nan,nan
300.0,2.6,9.500383229504141e-05,nan,nan,nan,nan,nan,nan,nan
300.0,2.7,9.499001256016891e-05,nan,nan,nan,nan,nan,nan,nan
300.0,2.8000000000000003,9.520172211655449e-05,nan,nan,nan,nan,nan,nan,nan
300.0,2.9000000000000004,9.533118741769107e-05,nan,nan,nan,nan,nan,nan,nan
300.0,3.0000000000000004,9.599651938408326e-05,nan,nan,nan,nan,nan,nan,nan
300.0,3.1,9.665564561460431e-05,nan,nan,nan,nan,nan,nan,nan
300.0,3.2,9.724355426681162e-05,nan,nan,nan,nan,nan,nan,nan
300.0,3.3000000000000003,9.797899872983121e-05,nan,nan,nan,nan,nan,nan,nan
300.0,3.4000000000000004,9.886897414972594e-05,nan,nan,nan,nan,nan,nan,nan
300.0,3.5000000000000004,9.985537079916232e-05,nan,nan,nan,nan,nan,nan,nan
300.0,3.6,0.00010092823926556968,nan,nan,nan,nan,nan,nan,nan
300.0,3.7,0.00010232896514573356,nan,nan,nan,nan,nan,nan,nan
300.0,3.8000000000000003,0.00010333742556242676,nan,nan,nan,nan,nan,nan,nan
300.0,3.9000000000000004,0.00010426316636909396,nan,nan,nan,nan,nan,nan,nan
300.0,4.0,0.00010568671489915744,nan,nan,nan,nan,nan,nan,nan
300.0,4.1,0.0001066665087503808,nan,nan,nan,nan,nan,nan,nan
300.0,4.2,0.00010783108829493268,nan,nan,nan,nan,nan,nan,nan
300.0,4.3,0.00010903562710974394,nan,nan,nan,nan,nan,nan,nan
300.0,4.3999999999999995,0.00011006492392172887,nan,nan,nan,nan,nan,nan,nan
300.0,4.5,0.00011077153937578038,nan,nan,nan,nan,nan,nan,nan
300.0,4.6,0.00011171421824427059,nan,nan,nan,nan,nan,nan,nan
300.0,4.7,0.00011297600834892105,nan,nan,nan,nan,nan,nan,nan
300.0,4.8,0.00011368238110647113,nan,nan,nan,nan,nan,nan,nan
300.0,4.9,0.00011459570399131244,nan,nan,nan,nan,nan,nan,nan
300.0,5.0,0.0001151880335659629,nan,nan,nan,nan,nan,nan,nan
314.2857142857143,0.1,0.00178638397243163,nan,nan,nan,nan,nan,nan,nan
314.2857142857143,0.2,0.0008082884360621908,4.1354429322564065e-08,0.06880701432939033,-1.102139353125551e-05,0.01012083165154164,0.3851748302226989,0.00861950307145728,0.3855005482963695
314.2857142857143,0.30000000000000004,0.0005182630429866552,-9.819281880963457e-10,0.01523415142048725,-4.835695442557272e-06,0.00037969590485119,0.1884741973385738,0.00828421095533822,0.18883835292044068
314.2857142857143,0.4,0.00038057916411599215,1.6785198489898523e-08,0.006090843242314755,-1.7428069544904995e-06,0.008786633697064533,0.11752416701785912,0.004717408768907875,0.11804085164024347
314.2857142857143,0.5,0.0003038037176684767,-6.985459438967781e-09,0.0026612667581835912,-1.911612385868086e-06,0.004632761188922408,0.06992675924246068,0.007004770584543268,0.07077674587229064
314.2857142857143,0.6,0.00025364093880279713,-3.985611432803321e-09,0.001517663071498045,-9.981479773623758e-07,0.00318551972249009,0.04995538182169919,0.004633806660119102,0.05048397802452631
314.2857142857143,0.7000000000000001,0.00021865479065209806,4.866895624560757e-10,0.0009250052820117508,-4.7634067871167784e-07,0.00045048349599254695,0.036469084461595205,0.0026650235643146097,0.036666084574765154
314.2857142857143,0.8,0.00019291869532151647,4.507832399586517e-09,0.0006730441014749849,-4.698042265612102e-07,0.004739079762458799,0.030781127615258447,0.003043980120340644,0.03143991609734082
314.2857142857143,0.9,0.00017391304100568473,-4.29573915764523e-09,0.0003082056946639849,-1.8963123519079943e-07,0.005040918470945874,0.015975937124721493,0.0013955139156763023,0.016868205127442283
314.2857142857143,1.0,0.00015798944363649284,4.207541767225022e-09,0.00036150540932895244,-5.494739623035602e-07,0.005413398838841077,0.02078656133194381,0.004513564658960974,0.022408269697954605
314.2857142857143,1.1,0.00014568090036059047,8.107337105720739e-09,0.00034681942190005157,-6.08379755500797e-07,0.011206644105676978,0.02195206299340004,0.005479165058704006,0.025836494368597182
314.2857142857143,1.2000000000000002,0.00013684055130368862,-3.3198309967853065e-09,5.652698287007567e-05,-2.478845621278668e-07,0.004908216843327857,0.003880191756788959,0.0023985284213343862,0.007117046987794721
314.2857142857143,1.3000000000000003,0.00012856547207548753,-4.120562598336022e-09,0.00012078830604196316,-2.0433180519569176e-08,0.006469401274823049,0.008826937986671737,0.00021146659760757627,0.010947941510578053
314.2857142857143,1.4000000000000001,0.00012149827590770606,1.9402931721515327e-09,0.00010981484175548524,-1.5106401036343546e-09,0.003211761025254993,0.008541550074269336,1.6602237547218002e-05,0.009125460964969422
314.2857142857143,1.5000000000000002,0.00011552922815747943,2.979230581142677e-09,8.885190320139781e-05,-3.551523949324426e-07,0.0051666735253118904,0.007313017615895434,0.004115178291142458,0.010679144474317035
314.2857142857143,1.6,0.00011044869943926677,7.663054789359112e-09,7.316767658649776e-05,-3.698295542626358e-07,0.013737704855259419,0.006333261093613639,0.004489588705509482,0.016405716816383704
314.2857142857143,1.7000000000000002,0.00010609984748691909,7.805823231114043e-09,0.0001425222357759911,-2.057313868036811e-07,0.014508656248813636,0.012903930648306174,0.0025817301381006958,0.019757104882408488
314.2857142857143,1.8000000000000003,0.00010317621789233132,-3.125596806757671e-11,-3.423383134070514e-05,-2.976050018675089e-07,5.9968113796891316e-05,0.0032265674411007792,0.003872101608666447,0.006356152559710832
314.2857142857143,1.9000000000000001,9.99102499843365e-05,3.062314493687498e-09,4.330395607350732e-05,-2.4674876472490003e-07,0.006010700475474356,0.004197086979743414,0.0033139081084263083,0.008701036330437117
314.2857142857143,2.0,9.707732163707676e-05,2.1295341936160313e-09,8.528675346811483e-05,-1.9393284940332517e-07,0.004294627236945745,0.008536336710346109,0.0026645551616761307,0.010271931461801557
314.2857142857143,2.1,9.509726082449816e-05,6.136563436700936e-09,-1.6727852149430678e-05,-2.8963888202036634e-07,0.012519876653116529,0.0017231472672853193,0.004088798971777506,0.013897953157829494
314.2857142857143,2.2,9.294992149042526e-05,9.544471206580156e-09,8.851371650355306e-05,-2.1201658166085865e-07,0.019744530752702737,0.009307704105894805,0.0030279081031801057,0.0222444668475089
314.2857142857143,2.3000000000000003,9.168771932138789e-05,5.306349336327675e-09,3.317121458743421e-06,-2.0497334026972672e-07,0.011147978908357075,0.00035687189462393654,0.002968180879790143,0.011917423662883276
314.2857142857143,2.4000000000000004,9.045868836693795e-05,2.775977742174968e-09,-4.012756387469193e-05,-3.3567931808885483e-07,0.005897845645909407,0.0043765472815432355,0.0049365430064791565,0.010132998721019982
314.2857142857143,2.5000000000000004,8.882838177374109e-05,1.0882296119007832e-08,8.322829190501205e-05,-3.096165755814368e-07,0.02318002086799944,0.009200696296568396,0.004604682239038948,0.025775421952465072
314.2857142857143,2.6,8.803035809959435e-05,7.588772444812743e-09,5.1969900064307926e-05,-2.5939419692157446e-07,0.016301753655160494,0.005850596287646316,0.0038676893022828156,0.018163003337348844
314.2857142857143,2.7,8.77520334260907e-05,6.132035352257445e-09,-5.758582984623867e-05,-2.5841510885039434e-07,0.013174393311952647,0.0065415875942579,0.0038777075982184936,0.01569809669437459
314.2857142857143,2.8000000000000003,8.689785045412465e-05,1.339104457343293e-08,8.37414291957503e-05,-3.730206024594535e-07,0.028706058868665056,0.009542961675786313,0.005589845142778384,0.03126657433677819
314.2857142857143,2.9000000000000004,8.688108177411611e-05,7.566298276460814e-09,-7.766831747199413e-06,-4.109225982260461e-07,0.016197663610697986,0.0008937887078460821,0.006115141329565733,0.018383499983972824
314.2857142857143,3.0000000000000004,8.678664477663557e-05,1.0764040684278611e-08,-3.5240611441776946e-07,-2.871945617806929e-07,0.022883569226112822,4.056189301763039e-05,0.004244738553988802,0.023657873881160595
314.2857142857143,3.1,8.668868371801086e-05,1.4390041826182703e-08,4.243774886953938e-06,-3.577041396232272e-07,0.030383566434835026,0.0004889893943793107,0.005254907819858134,0.031283035855208516
314.2857142857143,3.2,8.663316040825568e-05,1.4473413435689109e-08,5.925055694844536e-05,-4.082502108540761e-07,0.03037484454665057,0.0067971159774419376,0.0059524448554792745,0.0322443044018479
314.2857142857143,3.3000000000000003,8.717014266798496e-05,1.1209598741745887e-08,-6.221079826699198e-05,-3.431299109473073e-07,0.02334860778593241,0.007136709469885977,0.00495793135595046,0.02540181635748706
314.2857142857143,3.4000000000000004,8.708501694504432e-05,1.63666967211961e-08,9.082946388286332e-05,-2.9136306625423804e-07,0.03378352224976999,0.010332310124855993,0.004168358181042979,0.035816664109989946
314.2857142857143,3.5000000000000004,8.790818586093232e-05,1.4207055875188035e-08,-4.807083368711412e-05,-3.355698732803329e-07,0.02903598609666331,0.005447080064147099,0.0047497661382581375,0.03029652994267068
314.2857142857143,3.6,8.825064643994917e-05,1.572836935454805e-08,5.938262815546651e-05,-3.5619526763547727e-07,0.0318035003900196,0.006658220656087952,0.004972691569896244,0.0332452983482141
314.2857142857143,3.7,8.918693330052068e-05,1.5943088069826833e-08,-5.0184929058573494e-05,-2.543828234570005e-07,0.03179638764242361,0.005599660948177806,0.003516673959430758,0.03266650365918724
314.2857142857143,3.8000000000000003,8.962137087050647e-05,1.8782576587489847e-08,2.9759358802336655e-05,-2.3114662349143333e-07,0.03709381063582274,0.003293662234538173,0.0031670768654931307,0.03750812912083703
314.2857142857143,3.9000000000000004,9.035340202851561e-05,1.6994761066648322e-08,7.1778022119867e-06,-3.4243347392623717e-07,0.03326504177661687,0.0007874091491848991,0.00462868656201728,0.033912129041791
314.2857142857143,4.0,9.115721120864463e-05,1.7166239503761883e-08,3.542239208904326e-05,-2.458005152180576e-07,0.0331481036929186,0.0038371118826508975,0.003291976059612057,0.03369264636075033
314.2857142857143,4.1,9.231524430966408e-05,1.443904762189879e-08,-3.358333606623951e-05,-1.8709075480984277e-07,0.027625769767418984,0.003605782444298448,0.0024786219920193814,0.028079742809304645
314.2857142857143,4.2,9.313744405002113e-05,1.3536275802193878e-08,-7.306550478647474e-07,-2.2371055029047965e-07,0.025618820225555197,7.77686930766906e-05,0.0029310282234017715,0.025952106862674833
314.2857142857143,4.3,9.395233723989954e-05,1.534900141921664e-08,-1.767161699810183e-05,-1.5998339123941757e-07,0.02872867660104421,0.0018682229541078482,0.0020764808044852227,0.02893873980180256
314.2857142857143,4.3999999999999995,9.459051425979692e-05,1.670824193429015e-08,5.044603351965503e-05,-1.2736735378150938e-07,0.030980308450829757,0.0052694424730302504,0.0016426002885791481,0.03151099501921844
314.2857142857143,4.5,9.573315161489086e-05,1.1342674845576547e-08,-4.5281647505198475e-05,-1.2752169588783442e-07,0.020897349754120994,0.004696147228564034,0.0016307132085013522,0.021542318275319675
314.2857142857143,4.6,9.642297249493281e-05,1.1342628106007894e-08,3.107858066660906e-05,-1.4672212260936154e-07,0.020720926116934147,0.003190047104373447,0.0018552879975342975,0.021128591216149614
314.2857142857143,4.7,9.742357918164086e-05,1.2272061195143039e-08,-2.946258918808385e-05,-1.0231620024375242e-07,0.022168443737081146,0.003002417334302643,0.0012857401377907758,0.022444613228507767
314.2857142857143,4.8,9.812955997646806e-05,1.1041213229702664e-08,8.331010816465762e-06,-3.9094652672547914e-08,0.019821091012141294,0.000842206590796099,0.00048736123495658746,0.01985094463243111
314.2857142857143,4.9,9.891885087945993e-05,1.2396765577120427e-08,-1.3311157223637435e-05,8.060666334738841e-09,0.022077198974123843,0.0013367967045087418,9.996904421900071e-05,0.022118085983914713
314.2857142857143,5.0,9.957503021021541e-05,nan,nan,nan,nan,nan,nan,nan
328.57142857142856,0.1,0.001826653784013518,nan,nan,nan,nan,nan,nan,nan
328.57142857142856,0.2,0.0008338918919078088,-4.139601530284663e-08,0.068664368754726,-1.1257867324641212e-05,0.009926789693122615,0.37590248001926707,0.008602426891878697,0.3762302740810569
328.57142857142856,0.30000000000000004,0.0005277736873493597,-9.108306975270052e-10,0.016820380010699874,-4.833874137510942e-06,0.0003460889089326636,0.20170936033707668,0.00811416174492455,0.20203580144808772
328.57142857142856,0.4,0.00038985928289790925,-1.677578792888412e-08,0.005577742991364013,-1.9345955565206327e-06,0.00865174055781213,0.10568437049935435,0.005145626372058546,0.10628731685411077
328.57142857142856,0.5,0.000307722308360099,-2.7738030349957305e-10,0.002975450368824101,-1.8871170416269892e-06,0.00018167868814513677,0.07632113686525377,0.006812671321857897,0.0769270688420523
328.57142857142856,0.6,0.0002553398375105297,4.680891632568429e-09,0.0017526627502686169,-5.576216370084371e-07,0.0037027370084540662,0.05695598605147723,0.002556619065968927,0.05719062170099916
328.57142857142856,0.7000000000000001,0.0002204839941636466,4.585208224986735e-09,0.0008495147786818499,-3.199853286911827e-07,0.004191539364162097,0.0332699662913672,0.0017718313693153047,0.0336264543488101
328.57142857142856,0.8,0.000194123298603582,5.653976007524585e-10,0.0006149340752918419,-6.537388057148357e-07,0.000590387451832503,0.027890191196165853,0.004183278626630716,0.028516854006675058
328.57142857142856,0.9,0.00017391194379643582,4.2174687287865226e-09,0.0004921012498890799,-3.6089391964082857e-07,0.004924759674654053,0.02534993241043142,0.002637914786347218,0.02609194358238954
328.57142857142856,1.0,0.00015862160148818043,-3.929666931486866e-09,0.00020442383917089975,-1.1623991838409714e-07,0.00505588668653268,0.011754445077687026,0.0009501376053248255,0.012866020838220492
328.57142857142856,1.1,0.00014537549757163404,3.94494569516553e-09,0.00028369883657954406,-4.680116704084681e-07,0.005519039815497949,0.017885258622904757,0.00421950496971783,0.019645628543576495
328.57142857142856,1.2000000000000002,0.0001349663820208831,7.528012215108676e-09,0.00017468163425584453,-5.35327730691457e-07,0.011227147280940191,0.012015892442243912,0.005242522208994927,0.018038807762019837
328.57142857142856,1.3000000000000003,0.00012630408281269059,8.12443667944176e-09,0.00024606898688094844,-1.9751124507205573e-07,0.012896528711482976,0.018231872500136716,0.0020619539956786355,0.022521654828807237
328.57142857142856,1.4000000000000001,0.00012010247347330755,-2.6902977612977914e-09,8.712733795966284e-06,-1.653422480695034e-07,0.004518914818722174,0.0006898220233218669,0.00183722120499954,0.005258061341875602
328.57142857142856,1.5000000000000002,0.0001139879914718842,-3.56264152308121e-09,7.486216730910035e-05,9.911772661755457e-09,0.006293383156658182,0.006233191136212384,0.00011654219062199167,0.00885926111261292
328.57142857142856,1.6,0.00010862213114355185,1.8087373141322501e-09,7.381935708612631e-05,-1.2191679065899788e-07,0.003342095162574533,0.006476064375985983,0.0015075565428443718,0.007593053624027988
328.57142857142856,1.7000000000000002,0.00010399446438608076,-1.4476767921507096e-09,6.099142549526757e-05,-2.955387439086973e-07,0.0027845868801318284,0.005615009101106946,0.003822572902418017,0.008276858008152439
328.57142857142856,1.8000000000000003,9.997671188356235e-05,6.988442072618482e-09,5.1157599329946584e-05,-1.623097017573227e-07,0.013823075675924014,0.0049192617733981835,0.002185403730566606,0.014994283459661807
328.57142857142856,1.9000000000000001,9.64705353743434e-05,7.084100348361052e-09,4.289490845492898e-05,-1.6131528629940224e-07,0.014470334777445732,0.004290490019804457,0.0022335613158415103,0.01542000277187538
328.57142857142856,2.0,9.339330794967374e-05,7.219789306848815e-09,0.00011010707057989647,-2.457662437529894e-07,0.015177864039772514,0.011413544058052338,0.003514100244848601,0.01962993494224093
328.57142857142856,2.1,9.141715123080305e-05,2.558516363557014e-09,-2.4600014601278355e-05,-2.454053235177969e-07,0.005490654432285992,0.0026340232658355364,0.0036113381342296517,0.007947885938992035
328.57142857142856,2.2,8.919499436591957e-05,1.043391931956634e-09,3.442948402406235e-05,-1.4614443097440758e-07,0.0022908801379964154,0.003766195244603217,0.002195412956427492,0.005391848896773514
328.57142857142856,2.3000000000000003,8.731713234127672e-05,5.233150683150907e-09,-1.1809787666661163e-06,-1.85636687177381e-07,0.011648124124380852,0.00013240415284081856,0.0028530983474103965,0.01232788168489074
328.57142857142856,2.4000000000000004,8.542746052896721e-05,8.353311682947503e-09,5.2989647250204785e-05,-1.19425318236794e-07,0.018845702022569813,0.00606864263969368,0.0018607464417684213,0.019972823106734507
328.57142857142856,2.5000000000000004,8.406768518915974e-05,5.712315896328457e-09,-1.0229687483503825e-05,-1.5243655933861293e-07,0.013123944521720032,0.0011974706283157145,0.002407358732170914,0.013611120741716429
328.57142857142856,2.6,8.260561297451724e-05,7.9415574351088e-09,6.219493183127273e-05,-3.641075287578034e-07,0.018410989596696046,0.007398197261091302,0.005855714154920159,0.021500619460190756
328.57142857142856,2.7,8.176549007818746e-05,7.530603371664431e-09,4.014778493132309e-05,-2.4538426233011573e-07,0.017513643512846278,0.00486017638337823,0.003982137000843289,0.019027975555995977
328.57142857142856,2.8000000000000003,8.132684503117092e-05,2.504149009056414e-09,-9.130813482130603e-05,-1.6756667714910652e-07,0.005881052471425322,0.011167074854439631,0.0027279250179140908,0.01319748039525117
328.57142857142856,2.9000000000000004,7.997511863594131e-05,1.1849050356150782e-08,0.00011501209252677246,-3.054665095763379e-07,0.02783314264385708,0.014141959211954023,0.005021766656892993,0.03201741901681694
328.57142857142856,3.0000000000000004,7.977351316597943e-05,8.083923380402566e-09,8.655735523305066e-06,-2.0748665980841946e-07,0.019009610130232345,0.001082303555272893,0.0034116692375293946,0.019642190108585075
328.57142857142856,3.1,7.96584650512506e-05,7.2571280616525515e-09,-5.668925428038467e-05,-1.1548357562404419e-07,0.01708465833916783,0.0071062752573570545,0.001900943826442197,0.018697910938444414
328.57142857142856,3.2,7.897652439371793e-05,1.11567264209692e-08,3.543760825546691e-05,-2.5940976668318873e-07,0.02628188712411282,0.004448693335060761,0.0042512879941871305,0.027325361157962042
328.57142857142856,3.3000000000000003,7.864895981873992e-05,1.4605103582874217e-08,3.1980668459999995e-05,-2.8621753928876713e-07,0.034193283308170376,0.004049389195777759,0.004695207204724794,0.035066623984100376
328.57142857142856,3.4000000000000004,7.864120192836191e-05,1.0856989541901334e-08,2.269560429200498e-05,-2.789112744030198e-07,0.02544309261381525,0.0028779468869954065,0.004532509388248838,0.026395469739117626
328.57142857142856,3.5000000000000004,7.886040008090395e-05,1.1956296621266178e-08,-2.9667332227080786e-05,-3.194216844033823e-07,0.0277569205990938,0.003762006304386571,0.005170689512346358,0.028949462734994224
328.57142857142856,3.6,7.878292491117519e-05,1.1947466197104002e-08,5.9314315668318926e-05,-2.636992217672754e-07,0.0276287880704803,0.007479869881741365,0.004223860603928301,0.02924004754603062
328.57142857142856,3.7,7.929859289812961e-05,1.2810153710937035e-08,-7.57658110917751e-06,-1.8070136830493587e-07,0.029312781448102947,0.000950178593431808,0.002880393474868693,0.029609716795737793
328.57142857142856,3.8000000000000003,7.973849507399226e-05,1.0956339708420017e-08,-2.6644097688737122e-05,-2.7002565698667745e-07,0.024949269062472704,0.003334181633312141,0.004269357101027063,0.025885084779226703
328.57142857142856,3.9000000000000004,7.991195627296754e-05,1.066986777624871e-08,4.560423063020132e-06,-2.5587221435068473e-07,0.0241000779946492,0.0005691207931863544,0.004009904756191446,0.024764820413902967
328.57142857142856,4.0,8.013102170257302e-05,1.4996392060263453e-08,5.606371494012675e-05,-2.5549951711216646e-07,0.03357373635047902,0.006929083312246446,0.00395383571683867,0.03473432886685774
328.57142857142856,4.1,8.091072428157976e-05,1.2954009167963195e-08,-4.841217897230725e-05,-3.425425906791016e-07,0.028637473259916335,0.005961628094032983,0.005254026059059445,0.030180382103322315
328.57142857142856,4.2,8.120630507086344e-05,1.4273704357492207e-08,4.996107791359094e-05,-1.8756136159648183e-07,0.03127636708303527,0.0060927031775243196,0.0028519226892303197,0.03211851640367096
328.57142857142856,4.3,8.200149663928302e-05,1.3056232654077283e-08,-2.707383171253555e-05,-1.1689785640394112e-07,0.0283605214582222,0.003280644663700724,0.0017654723523465737,0.028658604153823507
328.57142857142856,4.3999999999999995,8.252594989057725e-05,1.2308133200789277e-08,-4.080768673206413e-06,-2.563132597272978e-07,0.026555135450786093,0.0004916020432133981,0.0038248171446752044,0.027104895199186636
328.57142857142856,4.5,8.300959545513941e-05,1.3452073861235296e-08,-4.669221165594795e-06,-2.2113984448983256e-07,0.028676807875438658,0.0005595463482061473,0.0032763360782463464,0.02905410742452517
328.57142857142856,4.6,8.344654880804563e-05,1.5052438868215582e-08,4.9215013813188836e-05,-1.1917523710742178e-07,0.03185886329937883,0.005832845432558901,0.0017475270376534398,0.0324825639084
328.57142857142856,4.7,8.437565229908373e-05,1.3294000305723119e-08,-4.747081212685407e-05,-1.6440186978157336e-07,0.027848097038437828,0.005595990268939074,0.0023933645889169033,0.028605733758518995
328.57142857142856,4.8,8.483004766885329e-05,1.3615454997461824e-08,4.875068875805581e-05,-8.551163534333288e-08,0.028316281922212066,0.00568375661273878,0.0012349464027919673,0.028933839986537965
328.57142857142856,4.9,8.577194992620341e-05,1.1869620408963749e-08,-3.320911047242517e-05,-7.098685431732072e-08,0.024488472020214404,0.0038444586053437355,0.0010184259213157944,0.024830213582799503
328.57142857142856,5.0,8.638176107882928e-05,nan,nan,nan,nan,nan,nan,nan
342.8571428571429,0.1,0.0018695500477677383,nan,nan,nan,nan,nan,nan,nan
342.8571428571429,0.2,0.0008510471813650908,-4.741293677506007e-09,0.07045541329337988,-1.0497025906370886e-05,0.0011157426890572473,0.37685759403715546,0.007847995128667806,0.3770226427156608
342.8571428571429,0.30000000000000004,0.0005370984478962423,2.6893582384943223e-08,0.017256605706286437,-3.797718635574489e-06,0.00994450064071885,0.2027690835965947,0.006255874374517343,0.20320547798712404
342.8571428571429,0.4,0.00039571577149025817,-3.4916699724781053e-10,0.0057251195742243225,-2.8823909850663904e-06,0.00017748043117849201,0.10659348573150808,0.007460797528294349,0.10711456343193056
342.8571428571429,0.5,0.0003115842908265173,-2.7814000836517443e-10,0.003054121006213254,-6.23490207127385e-07,0.00017997829733980495,0.0771796634415528,0.0022184260874632445,0.0772436124851107
342.8571428571429,0.6,0.00025799402022490893,1.3575704807288587e-08,0.0018845204832504117,-5.126431442759551e-07,0.010517671766045535,0.06048188367428537,0.0023220409230017103,0.06147734070585884
342.8571428571429,0.7000000000000001,0.0002232489544558047,-3.881330740341853e-09,0.0006939400464406775,-1.1193447169888254e-06,0.0035170143020275585,0.02689752444012959,0.006070425326291305,0.028452527794419126
342.8571428571429,0.8,0.00019544328915110722,-4.690864033229453e-09,0.0007133930644611138,-5.071940892393966e-07,0.0048891218018616385,0.031955046159122785,0.0032171084856354782,0.03264549066933751
342.8571428571429,0.9,0.00017477155449102089,5.896608171706551e-10,0.0004351966665772885,-2.1339530660825315e-07,0.0006847107390452868,0.022267158338745298,0.001556900705272752,0.02238622453409855
342.8571428571429,1.0,0.00015845178649670743,3.934161663921985e-09,0.0003743167238480667,-2.8022215026313674e-07,0.005046929841178092,0.021417485524928358,0.0022777464096550514,0.022238625057446393
342.8571428571429,1.1,0.00014587518574087465,-3.729318641821463e-09,0.00013299567765272547,-6.095970951197811e-08,0.005217374245256312,0.008393447659581239,0.0005474141185067376,0.00991313684276953
342.8571428571429,1.2000000000000002,0.00013462854176156912,3.873937422428172e-09,0.00023188440695569383,-1.3002821068382542e-07,0.005852767690652539,0.01589608306429866,0.0012756661895766198,0.017035110650720376
342.8571428571429,1.3000000000000003,0.00012570074185182053,3.439576934115999e-09,0.00013846887373885716,-4.7200784479026783e-07,0.005557654675274465,0.010285253923650857,0.0049917858079236155,0.013656859992983406
342.8571428571429,1.4000000000000001,0.00011815763067946052,6.406342606724627e-09,0.000110516558060047,-4.565127590977663e-07,0.010885844568436788,0.008792037058168436,0.005163420452468963,0.015783641821148928
342.8571428571429,1.5000000000000002,0.00011171968508770097,6.973880827847601e-09,0.00018829534160041248,-1.5831977938054826e-07,0.012485885284030728,0.015935944256636497,0.0018831511696638709,0.020419210742147056
342.8571428571429,1.6,0.00010716469291194555,-2.8031759258899224e-09,-0.00010160636942437591,-1.2904244295811583e-07,0.005266668160039424,0.00909475974127693,0.0016172435771753433,0.01075562187115903
342.8571428571429,1.7000000000000002,0.00010159363704194636,4.659397832541799e-09,0.00021808373707275086,-8.733381125251472e-08,0.009143732048227536,0.020350334718165494,0.0011485927056495494,0.02236923086112032
342.8571428571429,1.8000000000000003,9.820341854267469e-05,-2.153142570003037e-09,-3.3664451408108025e-05,-8.434835795425617e-08,0.0043951920676566485,0.0033136377816859264,0.0011586929643968053,0.005743086925277526
342.8571428571429,1.9000000000000001,9.447655552932193e-05,-1.6894616814840982e-09,4.33028135454362e-05,1.4200819956077766e-08,0.0035740249281726055,0.0044095016434299375,0.0002029161118557963,0.005683283278837319
342.8571428571429,2.0,9.118272065142354e-05,2.529961170920074e-09,3.7030206022707584e-05,-1.1270446962310896e-07,0.0055284325787929465,0.003919512710348,0.0016689695413330313,0.007176145575769316
342.8571428571429,2.1,8.825918783375222e-05,6.561851978956596e-09,3.1734935430372266e-05,-2.74061613015512e-07,0.01464882078541464,0.0034803672454224834,0.004192126808840886,0.01618174159134333
342.8571428571429,2.2,8.565300437038463e-05,7.90398243987623e-09,9.6771438948544e-05,-1.8255139212990184e-07,0.018084620692653996,0.010964460621462519,0.0028527218309866154,0.021530186854896233
342.8571428571429,2.3000000000000003,8.401453529650248e-05,2.8678227470088617e-09,-2.750760453080374e-05,-1.4622227668861123e-07,0.0067028077156913776,0.003211516599213976,0.0023419359817553856,0.008137001808150216
342.8571428571429,2.4000000000000004,8.210099017731228e-05,1.697666182570916e-09,2.85322300809049e-05,-6.242445265821726e-08,0.004055633681414206,0.0033961063975667437,0.0010213091877913473,0.005483415736158362
342.8571428571429,2.5000000000000004,8.047276735893114e-05,3.984681770031462e-09,-4.295068394481293e-06,-3.561795505858639e-08,0.009673162278717878,0.0005231445303162969,0.0005956257229908415,0.00972385153495193
342.8571428571429,2.6,7.880159385660519e-05,5.380341350250365e-09,1.853842069569249e-05,-1.6582028228298312e-07,0.013292424176170653,0.0023036887265235864,0.0028178023102944237,0.014066824159978652
342.8571428571429,2.7,7.731580456123616e-05,7.71843719599046e-09,4.3687516052483986e-05,-3.264738827477499e-07,0.01926474436808959,0.005543988885806284,0.00564599963942026,0.021578248589504447
342.8571428571429,2.8000000000000003,7.626689042639197e-05,8.547240404608992e-09,2.6935274829032855e-05,-1.8302141226857707e-07,0.021448450087818413,0.0034837993320886176,0.003197671293031615,0.022195113704427283
342.8571428571429,2.9000000000000004,7.54873290398381e-05,2.967257628158935e-09,-2.976058162461412e-05,-1.3218385656034715e-07,0.007571889752530871,0.0039021627154626395,0.002321915730631375,0.009129237295784114
342.8571428571429,3.0000000000000004,7.44101618370381e-05,7.819380317710583e-09,7.762982934466456e-05,-3.098688949700425e-07,0.020004031892807937,0.01028382250797293,0.005535094633273414,0.02381581076811268
342.8571428571429,3.1,7.410929292768474e-05,4.692477338131718e-09,-2.1165269609628258e-05,-1.698946831316537e-07,0.012021929317082368,0.002844405802527515,0.0030424470548651027,0.013081681735835474
342.8571428571429,3.2,7.35967713222351e-05,3.2230662669308822e-09,2.4160636969450013e-06,-3.985450937663605e-09,0.008328660079102976,0.00032601359444929225,7.147390218800165e-05,0.008335651181185384
342.8571428571429,3.3000000000000003,7.310841035375491e-05,4.496382657784763e-09,-2.0695032218679264e-05,-1.9145165836974356e-07,0.011667403052099587,0.002811948383994784,0.0034630843937390196,0.012962301289921907
342.8571428571429,3.4000000000000004,7.241309906308793e-05,6.176247811731409e-09,5.348870634069195e-05,-2.9741538805331974e-07,0.016027968878657962,0.007316354723331053,0.005387737385995598,0.019195839681914052
342.8571428571429,3.5000000000000004,7.225267483582787e-05,6.6270744371844016e-09,-3.387888185943561e-05,-1.1599106884504326e-07,0.017150105369316496,0.0046785570977869026,0.002103267010057225,0.018023941714483568
342.8571428571429,3.6,7.175346178997345e-05,1.0781828392162239e-08,7.703208354842049e-05,-1.3774564333310566e-07,0.02792956904987262,0.010661485366936571,0.0024815004060495314,0.03010056122519069
342.8571428571429,3.7,7.202456957960324e-05,9.299917543670301e-09,-2.040703961590491e-05,-3.5746786381603516e-07,0.023934124005065994,0.0028307094920948135,0.006404289125424077,0.02574655407083756
342.8571428571429,3.8000000000000003,7.209160697307397e-05,6.82349300653544e-09,-5.106098131561282e-05,-2.5060695453829754e-07,0.017463956297122222,0.007082791389944181,0.004480054697094402,0.01988208951793492
342.8571428571429,3.9000000000000004,7.164803455338858e-05,1.1983927146913265e-08,9.608582383621775e-05,-1.2323435432426596e-07,0.030604924867353354,0.013314681254212491,0.002197015261574297,0.03352008226655779
342.8571428571429,4.0,7.216532037206537e-05,6.497300735431734e-09,-5.3272659684605906e-05,-2.5075883161241763e-07,0.016547645515447917,0.0073820305113240165,0.004427434131682936,0.019170897020114222
342.8571428571429,4.1,7.21498795938961e-05,9.832524949191746e-09,5.372816526303888e-06,-2.0730680013397576e-07,0.02480063999612275,0.0007442793952253662,0.0036469159797571414,0.02534217213188831
342.8571428571429,4.2,7.218816698098986e-05,1.1006590573466505e-08,4.887389469251739e-05,-1.1912752465733869e-07,0.02766094297994085,0.006721276869992116,0.002075354536887637,0.028616735002620238
342.8571428571429,4.3,7.27151933150088e-05,1.1646448897373668e-08,-2.6897020914175018e-05,-2.323863136090337e-07,0.02898515762513334,0.0036858740868230475,0.004022740101181319,0.029767262322575847
342.8571428571429,4.3999999999999995,7.297324943988599e-05,9.73848492842684e-09,-1.999450732047557e-05,-1.8202657303249177e-07,0.024082678313860913,0.0027377974593238894,0.0031326253314355634,0.024639350897121673
342.8571428571429,4.5,7.303136049155842e-05,1.3330634917670225e-08,4.525798775634084e-05,-8.460592429096388e-08,0.03277377420505914,0.0061540284615373125,0.001448419471582687,0.03340940256695607
342.8571428571429,4.6,7.354205142079427e-05,1.0817129026568861e-08,-1.1955646621241375e-06,-1.9817296732744332e-07,0.026454986861579377,0.0001614737923994929,0.003355283560187409,0.02687765352798672
342.8571428571429,4.7,7.404078670340887e-05,1.1276772027021798e-08,-2.303223395886582e-05,-1.4857092709998738e-07,0.027275428202597353,0.003099513124680903,0.002501992954193981,0.02767807621079877
342.8571428571429,4.8,7.430919964643481e-05,1.2697379292407026e-08,4.698078955195654e-05,-1.6119588116746172e-07,0.030546981495579564,0.006260147150741722,0.0026847918280668613,0.03141215903372974
342.8571428571429,4.9,7.504742048498032e-05,1.0581993040705559e-08,-4.366106108712126e-05,-2.3065874387631323e-07,0.025178282857374595,0.005794508658462217,0.0038146072404239726,0.026393649142101346
342.8571428571429,5.0,7.534903071265461e-05,nan,nan,nan,nan,nan,nan,nan
357.14285714285717,0.1,0.0019107747964875544,nan,nan,nan,nan,nan,nan,nan
357.14285714285717,0.2,0.0008672348598677797,2.3349547615136626e-09,0.07282167713961285,-1.3078763829797122e-05,0.0005391128937678992,0.38111072677678154,0.00950358848693077,0.3813480209668023
357.14285714285717,0.30000000000000004,0.0005519116946441338,-3.882542091175522e-08,0.016491247209125235,-3.7367401145602955e-06,0.014179555536463676,0.19015895200107072,0.006039377579115398,0.19087806313047975
357.14285714285717,0.4,0.0004015010015117402,-3.4977333034684455e-10,0.006429920164657565,-1.9458463881172745e-06,0.00017529398167147605,0.11650269829494198,0.004974541265608696,0.11671504427274478
357.14285714285717,0.5,0.0003153895100259223,1.456955019612845e-08,0.0034140736400671222,-5.837192520632148e-07,0.009229273562889807,0.08503275526617318,0.0020477756334279086,0.0855811645675921
357.14285714285717,0.6,0.0002634187549407756,-1.3161058393086476e-08,0.0013773806577978415,-1.1670659459012943e-06,0.010091504786252939,0.043672367469819555,0.005175053117605933,0.045416698457836024
357.14285714285717,0.7000000000000001,0.00022522180643360731,-1.510975174045199e-10,0.0008781102581738426,-1.1133898369711597e-06,0.00013574444973393478,0.033335145721543946,0.005975997502042399,0.034390048838596275
357.14285714285717,0.8,0.00019580596050817746,5.272247087926202e-09,0.0009361389545138082,-4.916225664867348e-07,0.005454997449162654,0.0415652005166636,0.003091680468190884,0.0421490197679093
357.14285714285717,0.9,0.00017575150412788568,-4.1860864378424936e-09,0.00033878138931348127,-1.08074912513013e-07,0.004857386833194492,0.017301893590687335,0.0007827475715221085,0.018004863681577995
357.14285714285717,1.0,0.00015908486164072872,-4.038075745585093e-10,0.00031955693194370783,-1.944581889689083e-07,0.0005162366460851575,0.01818231562394949,0.0015794968940819893,0.018326285019078698
357.14285714285717,1.1,0.00014561378847300884,2.5342839373880224e-09,0.00029385856709311225,-2.2635193695361915e-07,0.0035455022793753617,0.018471812092136802,0.0020256136955058303,0.0190258941988835
357.14285714285717,1.2000000000000002,0.00013508130097622008,-4.974565701430648e-09,0.00012505418878693504,-5.943019748853929e-08,0.007515603438455236,0.008588073292943359,0.000582006334355572,0.011441886237659732
357.14285714285717,1.3000000000000003,0.00012579935536730067,-2.657867269081427e-09,0.00010027949857474538,-1.179163966275667e-07,0.004311801837660794,0.007423640270713616,0.0012512353842513665,0.008765457770694082
357.14285714285717,1.4000000000000001,0.00011752020474412871,2.4075896628286025e-09,0.00016335655678359883,-1.946885595556922e-07,0.0041583842391154585,0.012985484409410617,0.002212608370910427,0.013989504509925138
357.14285714285717,1.5000000000000002,0.00011087461968879276,1.1389064243651166e-09,9.061433273130656e-05,-3.5413136549268676e-07,0.0020804738425554397,0.007710532238145513,0.004281585097760254,0.010022206379024732
357.14285714285717,1.6,0.00010513517796076987,6.134383784303271e-09,7.479709819102434e-05,-1.6209380341559952e-07,0.011682159711405514,0.006746097384682607,0.0020727106071434095,0.013804888408398573
357.14285714285717,1.7000000000000002,0.00010014370721465723,2.5279513268613757e-09,8.384718822214159e-05,-1.233878242336501e-07,0.0050781569503248625,0.007975179178697766,0.0016448357714104673,0.009736638556210762
357.14285714285717,1.8000000000000003,9.5990708350766e-05,4.4748380649445936e-09,3.0007809916363162e-05,-2.4316769996419157e-07,0.009299393765555199,0.002996474841104261,0.003419332535332355,0.010901433660513762
357.14285714285717,1.9000000000000001,9.213778758603841e-05,4.429869264609078e-09,0.0001203585138172746,-5.320662256620405e-08,0.009569093061192847,0.012538558771486987,0.0007740001512863086,0.015810792217602027
357.14285714285717,2.0,8.948845195948356e-05,-2.0956740666024096e-09,-3.987384311341296e-05,-4.862281465432481e-08,0.004690456502782826,0.004327631925845702,0.0007352211710378714,0.006466056033687094
357.14285714285717,2.1,8.644037790179458e-05,-2.027158056705658e-09,3.317681715351509e-05,4.382368647044845e-08,0.004687395567672412,0.003707385302467418,0.0006865913403229597,0.006054683998855709
357.14285714285717,2.2,8.372407201564075e-05,1.431093050048334e-09,2.894420706104613e-05,-7.597471953100914e-08,0.0034098022396199246,0.0033484591071466416,0.0012297338813061346,0.005085609161468746
357.14285714285717,2.3000000000000003,8.129720820009738e-05,4.6510180080110735e-09,2.5063792734230443e-05,-2.2961704265542378e-07,0.011297894408673853,0.0029936184577296003,0.0038296887431075667,0.012881661433144908
357.14285714285717,2.4000000000000004,7.912098231189632e-05,5.302355860282896e-09,7.462934662381904e-05,-1.487289643906226e-07,0.013180272717016382,0.009179816659894804,0.002528966545843715,0.016455393230919824
357.14285714285717,2.5000000000000004,7.769104988993345e-05,1.117632656481122e-09,-1.655138822875758e-05,-1.4157892341946775e-07,0.0028343538407683577,0.002091908839492376,0.0024634977537803795,0.004954521839005923
357.14285714285717,2.6,7.6095603585683e-05,-1.3472264215012334e-09,-5.884697265985888e-06,8.68521522733249e-09,0.0034890686113992434,0.0007574485445006682,0.00015418197648677822,0.003576992065460079
357.14285714285717,2.7,7.44413103087727e-05,2.2700311608109646e-09,1.6425356620143602e-05,-1.1683697594709463e-07,0.005991940045126239,0.0021585158466676455,0.0021181039300097364,0.0070381293453124424
357.14285714285717,2.8000000000000003,7.295127059806383e-05,1.3557079145584923e-09,1.4387133763686467e-05,-1.9175472179216883e-07,0.0036277221092526793,0.0019326814243342233,0.0035430701187231565,0.00648091945037933
357.14285714285717,2.9000000000000004,7.160510222499182e-05,6.7766780619819205e-09,3.8366855775054185e-05,-5.2088394703233305e-08,0.018320896241057646,0.005259244350443496,0.000975678856410282,0.019110698278057874
357.14285714285717,3.0000000000000004,7.064260240967036e-05,4.326240933456091e-09,-1.6233335387659636e-05,-2.114377887263288e-07,0.011865399713601343,0.002267064061531894,0.004001386560323887,0.013339770561478994
357.14285714285717,3.1,6.95177692404723e-05,7.807529326833122e-09,4.8185080538230714e-05,-1.644641961077464e-07,0.021500317558845943,0.0068209662292444935,0.0031574834106266863,0.022994100078247863
357.14285714285717,3.2,6.887478687665654e-05,9.074608620905196e-09,2.536854897627438e-05,-1.642524416353082e-07,0.025163616688200545,0.003649217927077148,0.003166220266360702,0.02581810019850827
357.14285714285717,3.3000000000000003,6.848549000260353e-05,3.516148267646027e-09,-6.50738193648531e-05,-9.320171742219082e-08,0.009815304089354715,0.009448133680818448,0.001809118908493527,0.013861935177573764
357.14285714285717,3.4000000000000004,6.7445454934902e-05,8.872425422636148e-09,5.919938944052887e-05,-6.822870508558615e-08,0.025005131520011145,0.008644077663498994,0.00133321977898386,0.02652417069285682
357.14285714285717,3.5000000000000004,6.699741376160574e-05,7.802683611342933e-09,3.749992217198181e-05,-1.6846836702804868e-07,0.022039106705687435,0.005560036952553222,0.003323557462230401,0.023210521401035543
357.14285714285717,3.6,6.692437181002931e-05,2.7974804930811655e-09,-2.028412415249359e-05,-1.9898618284741203e-07,0.007956611041488058,0.0030275980838110846,0.003934331512877694,0.010170149375946807
357.14285714285717,3.7,6.664848861692794e-05,3.4151053984564533e-09,-5.35336958500389e-05,-1.867038373210986e-07,0.009676701845874672,0.007999133111327366,0.0036997339745969103,0.013601498156903945
357.14285714285717,3.8000000000000003,6.583726846532618e-05,1.1537208620566191e-08,8.037639378225999e-05,-8.408540006042549e-08,0.032660284191244754,0.012059747407662195,0.00166779198803209,0.03489548296298785
357.14285714285717,3.9000000000000004,6.582981225154702e-05,5.3936993205939115e-09,-2.9675725428530393e-05,-1.4807868036344724e-07,0.015363365795697897,0.004507435700215813,0.002931338361101041,0.01653890789437214
357.14285714285717,4.0,6.552559878348256e-05,1.1167759762572821e-08,1.7428733552733523e-05,-1.4650761837065002e-07,0.03158213160660002,0.00264754416830711,0.0029008585856332273,0.03195732291678114
357.14285714285717,4.1,6.539567265094543e-05,1.0464135489084924e-08,1.5052534688481304e-05,-9.374162868461691e-08,0.029598633662805938,0.0022971991050733734,0.0018551047631097397,0.029803339843003564
357.14285714285717,4.2,6.541627186529312e-05,9.8382947251201e-09,3.6884521668023545e-05,-2.0595896408764652e-07,0.027813633923593723,0.005605063472287685,0.004046294565692237,0.028944083471216672
357.14285714285717,4.3,6.580571629632104e-05,6.2189312368543826e-09,-7.871658343936527e-05,-1.9693376636491186e-07,0.017453981517675465,0.011961967420110894,0.0038553025130343365,0.02185078603421783
357.14285714285717,4.3999999999999995,6.540799489295531e-05,1.2099071692995178e-08,7.633897766879011e-05,-1.076395044946264e-07,0.03383703375751371,0.011600660545208282,0.002105543696182179,0.03589410546462106
357.14285714285717,4.5,6.577366326627748e-05,6.6175831356180576e-09,-2.942002536957541e-05,-1.3982817744991394e-07,0.018492427930195836,0.004468063887237326,0.002716194821262239,0.01940847532054038
357.14285714285717,4.6,6.58451313859039e-05,9.474204506402621e-09,9.070364853466956e-06,-1.7558281691159302e-07,0.026291231838128027,0.0013741456505647843,0.003387762431438907,0.02675950329170743
357.14285714285717,4.7,6.600730315406498e-05,9.303970237910294e-09,2.1017859819985463e-05,-2.046525671303251e-07,0.025644911687854887,0.0031663105643535763,0.0039343824395531,0.02643190777127411
357.14285714285717,4.8,6.637965352042592e-05,6.0236683197149326e-09,-2.6952242655911913e-05,-1.7053099184121198e-07,0.016543309187786737,0.00405403680246739,0.0032461569106037287,0.017640616844515098
357.14285714285717,4.9,6.648248146022774e-05,9.737366125361592e-09,2.800756536484568e-06,-1.489802879784008e-07,0.026479492083303753,0.0004204499436560951,0.002824574925693674,0.026782395825739363
357.14285714285717,5.0,6.661331696539441e-05,nan,nan,nan,nan,nan,nan,nan
371.42857142857144,0.1,0.0019659887792885344,nan,nan,nan,nan,nan,nan,nan
371.42857142857144,0.2,0.0008838990597503693,3.684295145422957e-08,0.07569920458917076,-1.2118196252669972e-05,0.008280053768024742,0.3850439299890883,0.008672539164571101,0.38532818892856174
371.42857142857144,0.30000000000000004,0.0005588013861039119,1.1521257515924531e-08,0.0173511136763452,-5.1505493317880926e-06,0.004139263604189917,0.19630198137381774,0.008102710722981844,0.1966797123157147
371.42857142857144,0.4,0.0004072148492209065,-5.897853628854609e-11,0.006653979447847281,-9.45639797818394e-07,2.9149794931624952e-05,0.11907592953983727,0.0023781923758418515,0.11912342105329186
371.42857142857144,0.5,0.0003221681068163739,-1.3867929063590733e-08,0.0029036194960497634,-1.2842515780779836e-06,0.008678461480172019,0.07130436185234994,0.00444313656258055,0.07210485862867472
371.42857142857144,0.6,0.0002661575593723389,-6.86259860196246e-09,0.001701681025506428,-1.181193703637142e-06,0.005235708940684061,0.05281966121110602,0.005174284355971258,0.05358055333570637
371.42857142857144,0.7000000000000001,0.0002271638221833682,4.571414333387708e-10,0.0009074515664304578,7.77229222891397e-08,0.0004070441681564944,0.034094525384529326,0.00041508215168854675,0.03410200774934587
371.42857142857144,0.8,0.00019724460065870201,8.055253176313405e-09,0.0008551771276052903,-2.4332732221631927e-07,0.00820622194891876,0.037645832834903865,0.0015166307879059236,0.03858952119944079
371.42857142857144,0.9,0.00017587715041008875,1.1444397193348383e-08,0.0005125826914180957,-5.745915221705417e-07,0.013096402242470304,0.02598715958288928,0.0040975222260358195,0.029672000129227057
371.42857142857144,1.0,0.00015963552707565643,6.688427683872999e-10,0.0002475688267467479,-3.3178758726426196e-07,0.0008513986590400456,0.014076235950463001,0.0026577691598102635,0.014594271890827556
371.42857142857144,1.1,0.0001458695920086916,8.788036658479619e-10,0.00024151857590563804,-2.774887468474562e-07,0.0012258501190506852,0.015129375041382526,0.0024725913277644277,0.01557652443279491
371.42857142857144,1.2000000000000002,0.00013451884270078315,3.807770218232001e-09,0.00021874535982568396,-2.5379279486910056e-07,0.005752801885149819,0.014995953358987261,0.0024781229064743367,0.016439450506446077
371.42857142857144,1.3000000000000003,0.00012535554699113154,6.288021456616918e-10,0.00011818723564656567,-1.0706374199821554e-08,0.0010200924172282546,0.008785924207618657,0.00011322677657769878,0.008846394368756937
371.42857142857144,1.4000000000000001,0.0001173741236379456,-5.725045180504503e-10,8.692838876483824e-05,5.306597406985652e-10,0.0009941920795609141,0.006934546643635014,6.0261464905101075e-06,0.007005456992423431
371.42857142857144,1.5000000000000002,0.00011026198417240805,2.2981665925139607e-09,0.00012077333607447884,-1.6301077472877701e-07,0.00423012580900315,0.010289604925785732,0.0019815531791647807,0.011472708481107007
371.42857142857144,1.6,0.00010435757806761528,1.0520779018643579e-09,7.565138585989322e-05,-1.529411919173307e-07,0.002042225828264654,0.006861057909279328,0.0019705809827173892,0.007681873520633527
371.42857142857144,1.7000000000000002,9.920968582142144e-05,1.1653948119692287e-09,6.294368417816711e-05,-1.365917258023651e-07,0.002374943793545493,0.006031539380626934,0.0018560013940655778,0.0069935189763166115
371.42857142857144,1.8000000000000003,9.469123041700928e-05,2.3419143772990153e-09,5.302995821188066e-05,-1.3072298171725758e-07,0.004979041387072395,0.005345240010873051,0.0018647913277131671,0.007766423713643649
371.42857142857144,1.9000000000000001,9.070307459471592e-05,2.4119289851356803e-09,6.515759101001174e-05,-2.2098128497813261e-07,0.005342329331167026,0.006881058649577708,0.003288730288510696,0.009875269345324764
371.42857142857144,2.0,8.736649468252268e-05,4.214735961312015e-09,1.7794747364920177e-05,-2.13632781427345e-07,0.009611856919544913,0.0019618681554546607,0.0033123183847708873,0.010871045316130963
371.42857142857144,2.1,8.420786224397864e-05,4.248677236805847e-09,0.00010379696615945865,-4.149065564197428e-08,0.010030925455790169,0.011880637598731867,0.0006623465252215594,0.015577112090851972
371.42857142857144,2.2,8.208719946702919e-05,-1.7008327344865668e-09,-4.3746823781375245e-05,-4.215249296278873e-08,0.004145865256756077,0.005195099675446685,0.0006966402571505646,0.006719216819002717
371.42857142857144,2.3000000000000003,7.952906845226598e-05,-1.482476484000712e-09,2.5215044985164335e-05,3.9423647583211075e-08,0.003721483528437725,0.0030717389737838618,0.000672679854091702,0.004918334712857361
371.42857142857144,2.4000000000000004,7.722308788735442e-05,1.961043781960653e-09,2.203133957339462e-05,-5.581062377261941e-08,0.0050582412532369295,0.0027702247746832368,0.000980715873244684,0.005931572904911889
371.42857142857144,2.5000000000000004,7.51374207181768e-05,4.652622404833331e-09,6.2915598108317615e-06,-2.039198201964396e-07,0.01222167518448772,0.0008147252308803401,0.003681880840453817,0.013309606100991786
371.42857142857144,2.6,7.311466914710751e-05,6.865080953989569e-09,9.381701457426523e-05,-1.6051062534077445e-07,0.01841153579665176,0.012486057370288408,0.002951445419630946,0.022634229370041375
371.42857142857144,2.7,7.203008772178086e-05,-1.2372596354035093e-09,-0.00010331804421147564,-8.758122469319195e-08,0.003391960261869847,0.014130959685203339,0.001644195319840112,0.014717206682740937
371.42857142857144,2.8000000000000003,6.991232585433946e-05,4.981307653039119e-09,0.00013113069461009297,7.78307354780548e-08,0.013935239102009443,0.01820498888139504,0.0014936164410253082,0.023023342267092586
371.42857142857144,2.9000000000000004,6.910587093299899e-05,1.8044862669918017e-09,-5.414667164056827e-05,-6.556882127828438e-09,0.005142964565717527,0.0077449392476773675,0.0001284004293761395,0.009298770984112218
371.42857142857144,3.0000000000000004,6.775794929525283e-05,3.2856569862528582e-09,1.0959122775992768e-05,-9.234492566088175e-08,0.00949203765461262,0.0015858454032969347,0.0018423452836946665,0.009970063027305584
371.42857142857144,3.1,6.651961888526661e-05,4.10823516797312e-09,7.234748988394774e-05,-1.1258722633313754e-07,0.01206044655291618,0.010677343490532183,0.0022767974179219584,0.016426431384663865
371.42857142857144,3.2,6.600476337411986e-05,-1.0155547507197713e-11,-9.097569324095202e-05,-2.3210207430368672e-07,3.0091718751395187e-05,0.013676520516130346,0.004769635094524456,0.01524949037868185
371.42857142857144,3.3000000000000003,6.458015093056359e-05,6.499826512445615e-09,0.00011329713855528478,-1.2998527695099476e-07,0.019368996360705378,0.017164994276717315,0.002696099127242041,0.0261597582089091
371.42857142857144,3.4000000000000004,6.428850987256017e-05,-8.379120160446608e-10,-6.623317166949801e-05,1.4029664210898403e-08,0.002535418471401266,0.01025596421115704,0.00029265144256657345,0.010572816013689512
371.42857142857144,3.5000000000000004,6.333453709786176e-05,4.516525509050211e-09,2.8563189326490084e-05,-1.8539292460116762e-07,0.013757842998029077,0.00444296957311831,0.003926832955610634,0.015487357964114224
371.42857142857144,3.6,6.266619621642826e-05,4.7631453014629915e-09,-2.8487395342842443e-06,-1.770199862399399e-07,0.014524909885529158,0.0004497924299790013,0.003774559052806406,0.015481276190904116
371.42857142857144,3.7,6.196936793965192e-05,9.519157226945977e-09,6.64922666246932e-05,4.438975640770236e-08,0.029148225093628008,0.010610547733749623,0.0009475462527357757,0.031048324224040368
371.42857142857144,3.8000000000000003,6.193746232912251e-05,2.4940377983843975e-09,-7.932118055011205e-05,-1.2907081478274631e-07,0.007730990632772023,0.012800062867731358,0.0027665575332226507,0.015456956581136723
371.42857142857144,3.9000000000000004,6.111234491309198e-05,6.280971692583469e-09,8.777843432613315e-05,-1.9041988814291357e-07,0.019471891439884377,0.014172106997167113,0.004131830162060868,0.024781993744693493
371.42857142857144,4.0,6.116501184032278e-05,1.677932838552643e-09,-4.406752046435147e-05,-2.8612725071308333e-08,0.005225977015571022,0.007204694177022974,0.0006209241699527994,0.008943687584065562
371.42857142857144,4.1,6.077700356291007e-05,4.511592536473959e-09,2.63196714123527e-05,-7.251434959222718e-08,0.014079420447641178,0.004303059971779745,0.0015809382884267359,0.014891109327575865
371.42857142857144,4.2,6.065219199962089e-05,3.6017616905923433e-09,-3.6197151852406123e-05,-2.4212331558434316e-07,0.011236553005603491,0.005955731564643292,0.005256237152365945,0.014730475889177832
371.42857142857144,4.3,6.016540891780765e-05,7.74419494679706e-09,6.333128147231047e-05,-1.186987260944836e-07,0.024016879342354126,0.010441713544781094,0.0025921625288519525,0.026443874304806957
371.42857142857144,4.3999999999999995,6.031193865071752e-05,3.5315658502891914e-09,-5.919751720965512e-05,-4.8520845617495934e-08,0.01101895457471727,0.009815223740772734,0.0010533354492663588,0.014831554474783609
371.42857142857144,4.5,5.986649321153084e-05,9.000865496592975e-09,6.606747024249963e-05,-1.8231487805967904e-07,0.02792776370686188,0.010954293912705068,0.00395549101835794,0.03051636215515964
371.42857142857144,4.6,6.0081722474769154e-05,4.966805419808391e-09,-4.24362696978145e-05,-1.791595141720913e-07,0.015394209682776435,0.0070630913944977666,0.0038774825038011807,0.017802772057712943
371.42857142857144,4.7,5.9872589041029324e-05,6.214330871006786e-09,1.597185237548409e-06,-1.0907704784435565e-07,0.019213491983474267,0.0002658354607291984,0.002347471639263918,0.01950000484321755
371.42857142857144,4.8,5.967942745966498e-05,1.1093456146503226e-08,4.1849413377894e-05,-9.507005198665574e-08,0.03410639438554554,0.006985991325139309,0.002042859366827122,0.03493417755669311
371.42857142857144,4.9,5.990476001207957e-05,7.893841299483064e-09,-2.621499699145235e-05,-1.3908467301705017e-07,0.02423176730047924,0.004376112513624327,0.002982772800933752,0.024982449327486982
371.42857142857144,5.0,5.986794259457964e-05,nan,nan,nan,nan,nan,nan,nan
385.7142857142857,0.1,0.0019961522921807195,nan,nan,nan,nan,nan,nan,nan
385.7142857142857,0.2,0.0009080822293174956,-7.631647267546188e-08,0.07480301881534844,-7.738116244407024e-06,0.016990236615046162,0.37473603145594186,0.005433648202138719,0.37519969413254206
385.7142857142857,0.30000000000000004,0.0005680423546077563,2.8200748445053072e-08,0.018491418059607852,-2.9901312497921094e-06,0.009871138896967271,0.20363153757018015,0.0046598230976996535,0.2039771319999441
385.7142857142857,0.4,0.0004129166604940956,2.1077163610943563e-08,0.006832554762157616,-2.85251984006882e-06,0.010170865968631279,0.1202824878591249,0.0069892945294611495,0.12111574578134547
385.7142857142857,0.5,0.0003261165140020111,1.9729384155636702e-10,0.002817946596704454,-2.01667375217603e-06,0.00012197339241525898,0.06824492364470117,0.006812075462389337,0.06892164554760807
385.7142857142857,0.6,0.0002674958334769711,7.372962801872156e-09,0.002032397915126705,-7.519274082711927e-07,0.005565928088118684,0.06232122041860695,0.003254059796258439,0.06273828082010179
385.7142857142857,0.7000000000000001,0.0002291991321031982,-2.1083203851266814e-09,0.000942473929945711,4.4541668349047345e-08,0.0018642187512737764,0.03523321906346064,0.00023537485639406043,0.03528407345775785
385.7142857142857,0.8,0.00020032717002888237,-8.473964086726427e-09,0.000688318000167392,-2.1265940962174527e-08,0.008574857931963215,0.030031440077943797,0.00013162637106480074,0.031232198653178434
385.7142857142857,0.9,0.00017833838795624046,-6.8778574700202355e-09,0.00039730851511462763,-6.786351002107325e-07,0.007824279969192605,0.019832981969312765,0.00480700609381396,0.022378139913838302
385.7142857142857,1.0,0.00016032269103474482,-4.0007738639256655e-09,0.00039977491180329274,-4.497942051760835e-07,0.005092756719313663,0.02241664940368234,0.0035818146328429963,0.023539352871687503
385.7142857142857,1.1,0.00014630474323128212,3.8355075594918023e-10,0.00024466849604313064,-5.359249671073911e-09,0.0005331469832128094,0.015261002323751329,4.779268288856463e-05,0.015270461876195093
385.7142857142857,1.2000000000000002,0.00013473348038825072,4.799246071683427e-10,0.00018778480382454843,-1.985316396691639e-07,0.0007252621514674777,0.012835182214680057,0.0019317542772136333,0.013142726385627026
385.7142857142857,1.3000000000000003,0.0001250400655834648,2.180864621733678e-09,0.00017645540963386007,-1.6164222365359847e-07,0.0035504963544229656,0.01309662669778756,0.0017099162993680817,0.013783152133153793
385.7142857142857,1.4000000000000001,0.0001171112048750175,6.3399555874517e-10,9.360180797620992e-05,-4.0864440244972274e-08,0.0011023455998071005,0.007485745272080836,0.00046569755531170715,0.007595083707632278
385.7142857142857,1.5000000000000002,0.0001101183622463323,-6.47562624717375e-10,6.691683327042648e-05,-5.281495821882691e-08,0.0011985603078825597,0.00571395652037232,0.0006428157925621163,0.0059086606108890195
385.7142857142857,1.6,0.00010379468795035137,2.094896001108967e-09,0.0001042486449727309,-9.475395267539922e-08,0.004096777675960263,0.009466962897570982,0.0012276469587616736,0.01046045926051746
385.7142857142857,1.7000000000000002,9.851350010409774e-05,2.1144518546014395e-09,6.373819350612965e-05,-1.296285690529681e-07,0.004349583239585062,0.006140795330163512,0.0017745109986711705,0.007932592275785211
385.7142857142857,1.8000000000000003,9.386969419290541e-05,1.000027914657426e-09,5.347037268100796e-05,-1.2246603563642096e-07,0.002155292825144909,0.005427720325083023,0.0017634516028557528,0.006350193556157916
385.7142857142857,1.9000000000000001,8.976059200852316e-05,1.0991121716984139e-09,4.531977776070126e-05,-1.1103930048120451e-07,0.002472998930536047,0.0048279456059127646,0.0016752086905770344,0.005919242417577983
385.7142857142857,2.0,8.610468760174792e-05,2.2055818965584153e-09,3.936403782932475e-05,-1.0749875657624237e-07,0.0051520752438946205,0.0043854476612171815,0.0016931030501221977,0.007176992851096707
385.7142857142857,2.1,8.284242357326593e-05,2.2341166158591222e-09,5.2305865230989165e-05,-1.9289256150064184e-07,0.005414484519044582,0.006074682655248071,0.003154078724860399,0.009279808035416422
385.7142857142857,2.2,8.010321819709383e-05,3.881897228314302e-09,9.436966228820946e-06,-1.878586992969272e-07,0.009651004411034591,0.0011391465654641169,0.0031869894719168176,0.010712298764860654
385.7142857142857,2.3000000000000003,7.745838248320994e-05,3.885496559309802e-09,9.118597102131263e-05,-6.057391074669361e-08,0.009970674835299191,0.011383558997211538,0.0010541735955350655,0.015205996713576883
385.7142857142857,2.4000000000000004,7.572540647953918e-05,-2.579910921370251e-09,-4.5912415295166254e-05,-3.05283300915748e-08,0.006818070182595251,0.0059273656153507135,0.0005483768511257913,0.009067589453351848
385.7142857142857,2.5000000000000004,7.353330632291675e-05,-1.541698106454992e-09,1.935654716233052e-05,1.0009628771772533e-07,0.004187424370122854,0.002556149654681697,0.0018517091280808972,0.005561121946393944
385.7142857142857,2.6,7.153477163791764e-05,1.0285029281974563e-09,-1.698737845383678e-05,-8.559201020947326e-08,0.0028708131928036583,0.002310161109747712,0.001627342263422513,0.004344525109331114
385.7142857142857,2.7,6.936636316838015e-05,6.445905157458283e-09,6.920198103518446e-05,-1.358298213319446e-07,0.01826307436334118,0.009673894170720097,0.0026539489840590276,0.021005023305085812
385.7142857142857,2.8000000000000003,6.78899745091945e-05,1.5613155232628313e-09,5.613162944650083e-05,-9.25269108259547e-08,0.004557648700429684,0.008092053105083041,0.001835084550923926,0.009643057386020878
385.7142857142857,2.9000000000000004,6.697490214447387e-05,-1.3658548414492976e-09,-5.1599135682550575e-05,-6.872303451644401e-08,0.004033606439607948,0.007600405811842275,0.0014042697392083144,0.008830633975839159
385.7142857142857,3.0000000000000004,6.554383842292773e-05,1.516313923167855e-09,2.4710916908200403e-05,-1.524463117365117e-08,0.004567018693352697,0.0036895786506556793,0.0003151402947356252,0.005888062259821926
385.7142857142857,3.1,6.43598838704636e-05,-1.5107954967881582e-09,-4.3262007132040576e-06,-1.1879041055267873e-07,0.00463510790885951,0.0006600468964433918,0.0025045118435382758,0.005870693858576132
385.7142857142857,3.2,6.313266731086742e-05,4.638437298780758e-09,9.585631387395379e-06,1.229354688734016e-08,0.014341690031195476,0.0014893798451669478,0.0002640154909688938,0.014423651882689913
385.7142857142857,3.3000000000000003,6.20013070651452e-05,2.940690552088105e-09,9.061553854135554e-06,-9.984466885138957e-08,0.009292962626284996,0.0014353193426021671,0.0021609840551628633,0.009887315113928246
385.7142857142857,3.4000000000000004,6.0960562357964326e-05,6.310130794107166e-09,6.735826831404919e-05,-1.2750425505707949e-07,0.020031290152292082,0.010864007793138201,0.0028205096019622783,0.023134169518791985
385.7142857142857,3.5000000000000004,6.059340033392396e-05,9.610418159801906e-10,-8.461472173700473e-05,-2.8772958458496233e-08,0.0030967461331571247,0.013880239693351528,0.0006393712725767277,0.014250209886401943
385.7142857142857,3.6,5.938009109251354e-05,5.094432528594316e-09,0.00010661505596290877,-6.428230119636254e-08,0.016590764569237287,0.01759515976581018,0.0014499491598091553,0.02427030740036696
385.7142857142857,3.7,5.923293241073221e-05,-8.849347206953407e-10,-5.3913023023932164e-05,-1.4016958077350475e-07,0.0029143257160014866,0.009079309585419172,0.0031953791731078344,0.010552158691314999
385.7142857142857,3.8000000000000003,5.854664349871156e-05,2.1958785905991726e-09,-1.836460543838878e-05,nan,0.0072353382109210254,0.003100404570728523,nan,nan
385.7142857142857,3.9000000000000004,5.7676708532307025e-05,nan,3.400866044345207e-05,-5.940436127959156e-08,nan,0.005808814717824174,0.0013701461129552485,nan
385.7142857142857,4.0,5.714686017033701e-05,6.6804183026039135e-09,4.620558372166828e-05,nan,0.022289714870978146,0.008011133939064274,nan,nan
385.7142857142857,4.1,5.7079067645583674e-05,1.6319117801675997e-09,-3.881095806383563e-05,-1.2569129326271866e-07,0.005479757160084982,0.006791441900421519,0.002935648747098562,0.00966372023358429
385.7142857142857,4.2,5.6623165540191984e-05,3.2676350277905167e-09,-6.171394718010764e-06,-7.246899901609445e-08,0.010994891848096558,0.0010812010378884068,0.0017033933129724447,0.011307508124827042
385.7142857142857,4.3,5.6105549487620185e-05,3.1496302337554645e-09,3.4867669798016635e-05,-3.7313208182162685e-08,0.010683575361988572,0.006157845373951592,0.0008788566638730621,0.012393652417106688
385.7142857142857,4.3999999999999995,5.5936610133028554e-05,5.616625369638589e-09,2.8563704182582687e-06,-3.225635387003928e-08,0.019005359487359284,0.00050910657579221,0.0007658969889422408,0.019043005937735093
385.7142857142857,4.5,5.5796234482619505e-05,2.348365452888272e-09,-3.239115094314748e-05,-9.96328876255121e-08,0.00800545062825183,0.005790688936300357,0.0023599423230641096,0.010428709107782584
385.7142857142857,4.6,5.533194732277898e-05,6.496481532276066e-09,1.3844555505659235e-05,-1.474667623263558e-07,0.022066820041055302,0.0024812705792846665,0.003518585160548179,0.022756584398279177
385.7142857142857,4.7,5.500610571799505e-05,6.022297130155122e-09,5.629079278364345e-05,-3.339439142505865e-08,0.020527594519115712,0.010173289664878602,0.0007940230655737834,0.022937717946737456
385.7142857142857,4.8,5.524317204104755e-05,2.4889451853214826e-09,-5.422117798659853e-05,-1.1085176695402154e-07,0.008511274632245526,0.009815000837806773,0.0026435239377512057,0.013518597372900088
385.7142857142857,4.9,5.493802658423407e-05,3.900898682592535e-09,4.918479849802276e-06,-1.163158792499045e-07,0.013289457662414947,0.000890332627197381,0.002775534527899781,0.013885588247506811
385.7142857142857,5.0,5.468206592591861e-05,nan,nan,nan,nan,nan,nan,nan
400.0,0.1,0.002034443778191825,nan,nan,nan,nan,nan,nan,nan
400.0,0.2,0.0009166906085426909,4.551810659913721e-08,0.07841011390027486,-7.81827011314961e-06,0.009939572904055264,0.3854130290588039,0.005408499873312092,0.3856170403646041
400.0,0.30000000000000004,0.0005830385778963054,-2.8153800741599233e-08,0.01735333864787818,-2.1764656127219287e-06,0.00970079198374702,0.18930420456107494,0.0033268512627149327,0.18961097834319007
400.0,0.4,0.00042291993372870173,-2.9092891849303425e-08,0.006730389567584739,-3.0503313451333212e-06,0.01390520182554523,0.11543643633100646,0.007357244974687751,0.11673552834440246
400.0,0.5,0.0003301051852369455,-5.689068279908295e-09,0.003304835712251042,-1.1617758430054707e-06,0.0034872931284270336,0.07814329495216124,0.003886966397049518,0.07841398328670485
400.0,0.6,0.00027033879386769967,8.54845041654367e-09,0.002023177005822194,-5.823470563414831e-07,0.006345633318350754,0.06128885871241261,0.0024987754613141526,0.06171773668965162
400.0,0.7000000000000001,0.00023080417255667582,1.3647958008064943e-09,0.0010410807727548178,-8.162767925536594e-07,0.0011970108608059594,0.03851022481310284,0.004241535098876445,0.03899296718828423
400.0,0.8,0.00020168035897320018,2.924603998663142e-10,0.0006839435731030839,-2.423163250862943e-07,0.0002938837242372577,0.029633067960898155,0.0014876854903512781,0.02970911477400469
400.0,0.9,0.00017939598112075538,-5.507786977531027e-11,0.00030817672634969785,-1.0431983249126013e-07,6.22934837054252e-05,0.015280453085203465,0.0007337926990747012,0.0153157771731521
400.0,1.0,0.00016019337053180756,1.1900097673210793e-08,0.0005827410175492309,-3.227690017203758e-07,0.0149458544158911,0.03248350458625799,0.00255537912811733,0.03593906731404267
400.0,1.1,0.00014681817011835205,-3.759780398984908e-09,0.0001603092168203033,-2.598043920718027e-07,0.005226206821834687,0.010007231653102196,0.0022840980881013257,0.011742748028275928
400.0,1.2000000000000002,0.00013504606187309957,2.9493521489637216e-10,0.00018957049605496738,1.4941021113736475e-08,0.0004444792375481402,0.012911923360858684,0.00014563107538421267,0.012921212926406512
400.0,1.3000000000000003,0.00012516965858839677,4.2014023715180906e-10,0.0001684417657118938,-1.484320329347698e-07,0.0006838370562911195,0.012472912084631953,0.0015658513275474228,0.012686408071257947
400.0,1.4000000000000001,0.0001169776729608129,5.107496034467471e-10,0.00010568973493300804,-1.351331218140915e-07,0.0008900481645591134,0.008443718399884292,0.001539636522287469,0.008765245426872112
400.0,1.5000000000000002,0.00010984258468255913,6.090443996675876e-10,9.518312249267781e-05,-4.095765705063105e-08,0.0011287379589275043,0.008136862367279594,0.0004996186206623201,0.008245108616397951
400.0,1.6,0.00010365932762923214,-6.181464062075654e-10,7.727645975222438e-05,-3.32922250375521e-08,0.001215402544085929,0.007035200416628069,0.0004319018237469415,0.007165495559764598
400.0,1.7000000000000002,9.824883517342739e-05,-4.320417057915063e-10,4.1390258070082314e-05,-7.523033536884749e-08,0.0008950222720639734,0.003992912072334356,0.0010354278219053912,0.0043461055249079585
400.0,1.8000000000000003,9.325224529832346e-05,1.9998722233993537e-09,7.86762605579924e-05,-1.1130536225287042e-07,0.004347912198479217,0.008007856827932284,0.001614069748747353,0.009393644328480229
400.0,1.9000000000000001,8.904241802879946e-05,8.957968318509346e-10,4.6040851609737976e-05,-1.0578457696841945e-07,0.002036703144206303,0.004937237860863145,0.0016099000379189551,0.005805862008052141
400.0,2.0,8.529299927537284e-05,9.41450499856346e-10,3.893465471088659e-05,-6.273591644598001e-08,0.002231385542693998,0.0043725962943070296,0.0009984642009876821,0.005108085875789413
400.0,2.1,8.193292706905508e-05,1.0141519113375735e-09,3.386059885669256e-05,-9.554400108503405e-08,0.0024983549357528155,0.003969915367540527,0.001585180016595361,0.00519880724594223
400.0,2.2,7.891146085130425e-05,1.9908948597374802e-09,2.9066036209227785e-05,-9.358931348587552e-08,0.005072269036883123,0.0035475403173049367,0.0016138955561493542,0.006597141291327974
400.0,2.3000000000000003,7.61806549956457e-05,2.0023147705963433e-09,2.5136349880409023e-05,-6.881235041635758e-08,0.005275551262088616,0.0031853864583465726,0.001227208593489695,0.0064023597112168274
400.0,2.4000000000000004,7.370121263879124e-05,8.222026698671441e-09,3.9278937909646384e-05,-6.835459790885766e-08,0.022158542428363286,0.005156025228700315,0.0012606695680128493,0.022820257978997463
400.0,2.5000000000000004,7.161455966103324e-05,6.370373937477216e-09,6.368660022275145e-05,-4.703234030511083e-08,0.017680101423179013,0.00864118756564817,0.0008872723264533952,0.019718788330959615
400.0,2.6,7.016477268550275e-05,4.940112644643189e-10,-6.968562465319645e-05,1.1403089623502241e-08,0.0014093653071430437,0.00973065044078092,0.0002215340074882201,0.009837175570385838
400.0,2.7,6.80181294634403e-05,1.098633468887257e-09,3.147727437457386e-05,-3.330146573899819e-08,0.0032322714032672712,0.004486193451472211,0.0006650405305699801,0.0056087492298205945
400.0,2.8000000000000003,6.61862589851236e-05,2.8319926260014455e-09,2.107989631318054e-05,-2.080260399671672e-07,0.008513152095785959,0.003099158486049072,0.004284209860830921,0.010898965556001939
400.0,2.9000000000000004,6.456518746993869e-05,5.676417851840885e-09,6.950634169035026e-05,-1.6551335302429078e-07,0.017296816952800186,0.010501627189107774,0.00348280653935929,0.02082603978433949
400.0,3.0000000000000004,6.363917937165729e-05,1.6686530787671048e-10,-8.213480293047273e-05,-6.275929839366826e-08,0.0005195628648553844,0.012721221164069941,0.0013386528041352392,0.012871806249930737
400.0,3.1,6.189182324407116e-05,4.4909478250192665e-09,0.00010627239880239752,3.5401338097393154e-08,0.014240547203818987,0.016699209488821226,0.0007715956427941229,0.021973791249752316
400.0,3.2,6.1207191104509e-05,1.362110894465824e-09,-4.99954836222482e-05,6.055828808845384e-08,0.004403137504523841,0.008077881859303191,0.0013441888785953064,0.00939433247757831
400.0,3.3000000000000003,6.002260412872437e-05,1.3908745297741876e-09,8.23794851444973e-06,-9.188793023040381e-08,0.004578160659639474,0.0013459118717576404,0.0020792479923483864,0.0056051385548778615
400.0,3.4000000000000004,5.892039663808423e-05,-8.67939194729832e-11,2.3020540539514926e-05,-1.9091144598344216e-07,0.00029056563957518275,0.0038353118585366802,0.00439878850993646,0.007313872172347003
400.0,3.5000000000000004,5.804839455283924e-05,1.595121919943946e-09,-4.272639111903877e-06,-6.716999397145808e-08,0.005372451189549613,0.0007251545060275753,0.0015740854502206464,0.0058604241186878125
400.0,3.6,5.7133666076475215e-05,5.378735167690147e-11,9.696035911042594e-06,-6.882610562945585e-08,0.00018486011631751027,0.0016703366192525211,0.001622668599224203,0.002844346049628515
400.0,3.7,5.631589795922161e-05,3.3138719324928643e-09,1.058333142099941e-05,-5.9368577138043674e-08,0.011417641620318657,0.0018523809424085074,0.001428294424847067,0.011741971949120364
400.0,3.8000000000000003,5.5603963156178005e-05,5.214769391464957e-09,nan,1.9185057149889165e-08,0.01817762023100092,nan,0.0004627024762136516,nan
400.0,3.9000000000000004,nan,nan,nan,-7.599681546443356e-08,nan,nan,0.0018543655579041738,nan
400.0,4.0,5.4492059174352036e-05,2.6564096228467297e-10,nan,-8.003991317013203e-08,0.000948651266596202,nan,0.0019824767399155697,nan
400.0,4.1,5.3714174948699646e-05,5.998946768585667e-09,3.247126491016423e-05,-5.422454437678113e-08,0.021448753478833182,0.00595889848946057,0.001355518651297342,0.022343508198836726
400.0,4.2,5.32610033721489e-05,5.679493205904322e-09,-1.1936005780717444e-05,-5.111278923826999e-08,0.02047007148125953,0.002222133318089139,0.0012792477759758088,0.020669655359388913
400.0,4.3,5.2688471737790975e-05,5.079202188776888e-09,5.9159158734297754e-05,-5.051877642289591e-08,0.018475389417392837,0.011107405979744106,0.0012745610372650368,0.021632463877205358
400.0,4.3999999999999995,5.270753169077603e-05,2.960746953315719e-09,-5.213576343614332e-05,-6.10584695014735e-08,0.010802121735090086,0.009891520578503439,0.0015546837309088589,0.014810877635743536
400.0,4.5,5.220523400939965e-05,5.074007731963922e-09,2.0504840037289094e-05,-7.513429456822136e-08,0.018558811210746012,0.0038903054989534833,0.0019188632680952036,0.019155365381912964
400.0,4.6,5.1907984728396165e-05,2.766851396282384e-09,-2.4207282178800336e-05,-7.032361908807406e-08,0.01020501857575597,0.004636945440076329,0.0018005213777330593,0.011494669269235917
400.0,4.7,5.1368662625604675e-05,3.5600840653689616e-09,4.855240966213257e-05,-9.985333668259778e-08,0.013208493111064885,0.009353553199219478,0.0025780336809790444,0.016590532331308788
400.0,4.8,5.131486461943451e-05,4.9135372760258706e-09,-4.936716849181178e-05,-8.987687082456774e-08,0.01815179455386716,0.009610366703844214,0.00233420505002917,0.020802495526722805
400.0,4.9,5.076739492834623e-05,6.2687796045562546e-09,6.187923499489173e-05,-2.388888673371225e-08,0.0232870173172036,0.012058734920925074,0.0006177592594212881,0.026238550196801647
400.0,5.0,5.083871758720686e-05,nan,nan,nan,nan,nan,nan,nan
414.2857142857143,0.1,0.002065074894355081,nan,nan,nan,nan,nan,nan,nan
414.2857142857143,0.2,0.0009345883972779142,-1.1985924922343592e-08,0.07881872273633725,-5.652827572299809e-06,0.0025747409834296926,0.38167488720040926,0.003872177331319422,0.38172285276774726
414.2857142857143,0.30000000000000004,0.0005922891275641199,1.2942485344277533e-09,0.017699602424577746,-3.6025849149245777e-06,0.00043890109992257526,0.1893839306814602,0.005417192382554782,0.189539330433435
414.2857142857143,0.4,0.0004269858820961031,2.2693733064423647e-08,0.007125018550095521,-1.5400040111037648e-06,0.01063014145673994,0.12029629143115046,0.00365568594798703,0.12087566222767594
414.2857142857143,0.5,0.00033293282212904147,2.1118681425564156e-08,0.003604657381411034,-9.025552021126923e-07,0.0126736553983398,0.08442099686564633,0.0029594084898313176,0.08546954106677247
414.2857142857143,0.6,0.0002749263359760902,-7.689431256425646e-09,0.0015767892942281177,-9.917758908310257e-07,0.005645987181810159,0.047360584160637965,0.004166263003660367,0.04805848102182771
414.2857142857143,0.7000000000000001,0.00023268774276542008,2.6008099791422986e-09,0.001264408415865912,-9.35721869722285e-07,0.002257647074033506,0.04599080736942842,0.004809395460091636,0.04654580434567506
414.2857142857143,0.8,0.0002030932337134091,-2.777903400469546e-09,0.0006943609242285422,-5.234330597533602e-07,0.0027798436534421478,0.02984088959634413,0.003180582155932841,0.030305749097160734
414.2857142857143,0.9,0.00018044233390368352,-3.8505849209537464e-09,0.00047012072967921113,1.4933504809519742e-07,0.004348761760890361,0.023148025223854212,0.0010460754680296689,0.023599392966489625
414.2857142857143,1.0,0.00016249264139075006,-7.283204017393208e-09,0.00020213460053635746,7.713431746971727e-08,0.009101761824207305,0.01120217169460094,0.0006097960284099376,0.014459405982696696
414.2857142857143,1.1,0.00014656429488318017,1.1051410545578465e-08,0.00047828858425210763,-5.158570072098458e-07,0.015181083144314319,0.02943447654973836,0.0045126366399070575,0.03372805173856541
414.2857142857143,1.2000000000000002,0.00013541883421813137,-2.8475147829439966e-09,0.00011116209457873657,-1.824331239208482e-07,0.004291319366779262,0.007584527641424463,0.001754230998629597,0.009060636525340397
414.2857142857143,1.3000000000000003,0.00012538499449886992,1.3450138484733735e-09,0.00015972208799481394,-2.1430061879975263e-08,0.002180679309227501,0.011794673090859367,0.00022642012561311425,0.01199884193230748
414.2857142857143,1.4000000000000001,0.00011694837565955662,4.927260180398122e-10,0.00011793450739850078,-1.5611890715057745e-07,0.0008593116059528918,0.00940579116901933,0.0017718158790128579,0.009771693147534441
414.2857142857143,1.5000000000000002,0.00010969110189422833,5.68507696535922e-10,9.639868514154156e-05,-7.664557357768543e-08,0.0010562568171550313,0.008242840877257128,0.0009356863643524878,0.008414934470121434
414.2857142857143,1.6,0.00010339781498031545,6.223603649366013e-10,7.914703996623236e-05,-6.907121763952108e-08,0.0012252859658622628,0.007215447616029181,0.0008983143317468387,0.007428186001645606
414.2857142857143,1.7000000000000002,9.78959984660649e-05,6.07782009139884e-10,6.487516403760227e-05,-2.24329665816628e-08,0.0012624795449582339,0.0062743264013802435,0.00030915785245382764,0.0064149967691311295
414.2857142857143,1.8000000000000003,9.304293359219037e-05,-5.173319386291454e-10,3.171910107295082e-05,-2.0584482614064693e-08,0.001132175920496654,0.0032400814711488007,0.000299305367666399,0.003458195723330601
414.2857142857143,1.9000000000000001,8.850705972904534e-05,1.8201281013840051e-09,7.022578381701609e-05,-6.123124371827614e-08,0.0041716602355522546,0.0075476751544418805,0.0009380278730231887,0.008725247385547528
414.2857142857143,2.0,8.467344370407048e-05,1.7885831159178758e-09,3.9057266357261004e-05,-1.1848294401483881e-07,0.004279565328143088,0.004412898414751383,0.0019009069198669079,0.006709340209942816
414.2857142857143,2.1,8.123040034266823e-05,1.4085624996931854e-10,3.386515976645061e-05,-1.1541669754193582e-07,0.00035085007324220477,0.003999501884535094,0.0019331128919051477,0.004857258692307174
414.2857142857143,2.2,7.812600857893048e-05,1.8270325524349196e-10,2.8994636035735805e-05,-5.432542648580612e-08,0.00047250904011751665,0.0035694316306977107,0.0009472107844648393,0.0038416823788063334
414.2857142857143,2.3000000000000003,7.53115631755501e-05,2.520822267124926e-10,8.578656582555086e-05,-5.279649260821996e-08,0.0006753072993825669,0.010980538668999193,0.0009557998300273391,0.01108401443702355
414.2857142857143,2.4000000000000004,7.335498343042522e-05,-5.599984565062616e-09,-4.025143723797595e-05,-7.652658057594564e-08,0.015506583296953797,0.005344655659868655,0.0014350583693893658,0.01652689489030052
414.2857142857143,2.5000000000000004,7.099588931292058e-05,-4.344792454846844e-09,2.5879716307281255e-05,-6.527128422532736e-08,0.01238145346310507,0.0035280106540855967,0.001265171744289456,0.012998021700223263
414.2857142857143,2.6,6.889559235848875e-05,1.6173404393784439e-09,9.88112664613422e-06,2.332892067038353e-09,0.004704205041803974,0.0013917885587125044,4.6536667525239494e-05,0.004906215628195082
414.2857142857143,2.7,6.689410667051827e-05,6.729824821621259e-10,1.6788015728070375e-05,2.6069886668962787e-08,0.002019217005671673,0.002436732910389426,0.0005307890814142176,0.003252441958047168
414.2857142857143,2.8000000000000003,6.506050113982849e-05,9.417569452642259e-10,8.702980908946975e-06,-1.017704835918154e-08,0.002903854937549523,0.0013010086152750097,0.0002137465500419412,0.0031963060070431624
414.2857142857143,2.9000000000000004,6.331392541822818e-05,1.6349698642321006e-09,2.0122476822361236e-05,-1.3620896914684504e-07,0.005167913736584359,0.003092886846831055,0.0029399492375310993,0.007318461892679175
414.2857142857143,3.0000000000000004,6.176857446485148e-05,4.427407011957441e-09,1.1705907049358565e-05,-6.874002266446171e-08,0.014198053154379553,0.001848867681482977,0.0015209439672660126,0.01447858992379248
414.2857142857143,3.1,6.034028258196837e-05,2.6529796114714362e-09,6.477060142624426e-05,nan,0.008747915025370319,0.01048601201944543,nan,nan
414.2857142857143,3.2,5.95596967133477e-05,nan,-4.5135770757161126e-05,-1.2914965614696862e-07,nan,0.007480205399410768,0.002980999736488738,nan
414.2857142857143,3.3000000000000003,5.832775313715542e-05,4.412304681246815e-10,-2.3329168754940838e-05,nan,0.001500218719568459,0.0039169388096821234,nan,nan
414.2857142857143,3.4000000000000004,5.6862517873413734e-05,3.78001922366418e-09,4.3164124778532954e-05,-3.7997532595821885e-08,0.013092791947138945,0.007400272161527329,0.0009043624516222118,0.015093739494358284
414.2857142857143,3.5000000000000004,5.5828923857457375e-05,4.518572652808294e-09,1.0288822948218013e-05,-3.451910033383248e-08,0.01588601530413015,0.0018094209213743925,0.0008369427785730348,0.016032480554891555
414.2857142857143,3.6,5.4898218070983196e-05,4.553662974367779e-09,1.0765161758829484e-05,-8.17011086451577e-09,0.016265698285785606,0.0019282409573781393,0.00020106649011083396,0.016382060596298938
414.2857142857143,3.7,5.407516390209731e-05,4.4981904936777e-09,4.73411731752398e-05,-3.886077013697782e-08,0.01630086872802679,0.008623444410167894,0.0009716755412764725,0.018492442280527672
414.2857142857143,3.8000000000000003,5.3725521464963825e-05,-3.310046939043172e-11,-7.473101061588487e-05,nan,0.0001214877043171953,0.013819839871624768,nan,nan
414.2857142857143,3.9000000000000004,5.262856892167149e-05,nan,3.598542412704949e-05,-9.006635969304866e-08,nan,0.006698013001235692,0.002313975854050807,nan
414.2857142857143,4.0,5.189147061964965e-05,4.522080721388629e-09,4.191847849195745e-05,nan,0.01693592847458947,0.007964966433791094,nan,nan
414.2857142857143,4.1,5.1573557102547385e-05,-2.516518133706632e-10,-1.9772213523638586e-05,-4.9937947461047014e-08,0.000956125882634108,0.003810301247494705,0.0013091802002947735,0.004342865171035164
414.2857142857143,4.2,5.1057921450208734e-05,-7.717468085904648e-10,-2.3431993464772873e-05,6.934976179185969e-09,0.0029571231993404494,0.004543412318483554,0.0001844412361703484,0.005427265448734352
414.2857142857143,4.3,5.0307965863222353e-05,2.2934301981268843e-09,5.2467704439278215e-05,-6.681661644610034e-08,0.008883290096908608,0.010276114449830141,0.0017921613031163508,0.013817925148321572
414.2857142857143,4.3999999999999995,5.0082687320628756e-05,1.4906599233484136e-09,-2.076634598219051e-05,-1.5056837102663903e-07,0.00577178063795899,0.0041278444925899405,0.004082442815302214,0.009147963192325859
414.2857142857143,4.5,4.964974531821325e-05,-2.0765258776478592e-10,-1.68117631522689e-05,-1.792771420092501e-08,0.0008117592026891459,0.003356801332292774,0.00048590817034062936,0.003521261377353379
414.2857142857143,4.6,4.904868568427506e-05,3.2863397306660478e-09,1.014125132007675e-06,4.996216920659661e-08,0.012920585940606796,0.0002042558578111495,0.0013671910258106303,0.01306605082288334
414.2857142857143,4.7,4.8457767301656946e-05,4.674273151080955e-09,5.224709881756719e-05,-6.239792752816546e-08,0.018570335441504795,0.010652089467571103,0.001717267525125936,0.02154582056782365
414.2857142857143,4.8,4.83893199072145e-05,2.188405307246667e-09,-4.447664638736225e-05,-9.474667055253747e-08,0.008703390943769092,0.00917843492674526,0.002634921362273477,0.013186292230771673
414.2857142857143,4.9,4.7876106048898436e-05,1.8292232195105091e-09,3.2881367731054814e-05,-6.365434954362296e-08,0.007353358620261865,0.006795170462016029,0.0017720944162420858,0.010321185098920927
414.2857142857143,5.0,4.769170586789292e-05,nan,nan,nan,nan,nan,nan,nan
428.57142857142856,0.1,0.0020855108817231325,nan,nan,nan,nan,nan,nan,nan
428.57142857142856,0.2,0.0009500400788861286,-1.08950367579714e-08,0.07872345335367745,-8.647640480979481e-06,0.002308263364657576,0.377478027295801,0.00580101873707496,0.37757422158784343
428.57142857142856,0.30000000000000004,0.0006018038095858993,-1.927016663430154e-08,0.018211566427261468,-2.469865339186344e-06,0.006474776062978178,0.19169261204867866,0.003662924562174713,0.19187186941239537
428.57142857142856,0.4,0.0004356832045582848,-1.3858546624068603e-08,0.007050779447527617,-6.798571503432307e-07,0.006405300408166352,0.11716076460830738,0.0015990240358461348,0.1173575152798341
428.57142857142856,0.5,0.00034007039400594646,-1.5010487424142967e-08,0.0033487022945887764,-1.7356854519645224e-06,0.008901388458875486,0.07686094528210795,0.0056155316461727195,0.07778115464232534
428.57142857142856,0.6,0.0002779446063994959,-6.803029299070574e-09,0.0019283271727882688,-9.071948773029337e-07,0.004966022684389786,0.056703765066786455,0.0037658376092776723,0.05716940982597324
428.57142857142856,0.7000000000000001,0.00023510209052092807,5.87565240106533e-09,0.001167961474993743,-3.259581174785616e-07,0.00502318650725143,0.04202137577424354,0.00166558268982683,0.04238604435471793
428.57142857142856,0.8,0.00020393918939229768,5.3588279077974635e-09,0.000792656476560687,-6.89230617210069e-07,0.0053120497914568455,0.033715415920137354,0.004124637725826884,0.03462618108300996
428.57142857142856,0.9,0.00018070285302927415,7.684715692373523e-09,0.0005839027416626988,-3.272994410834072e-07,0.008591984209313328,0.02863121812941518,0.0022710967218313918,0.030064673702986842
428.57142857142856,1.0,0.0001633055440828776,-3.481637172279813e-09,0.0002657574418788127,9.745515503257987e-08,0.004348248531015614,0.01470687581428278,0.0007627259493685208,0.015374100404638167
428.57142857142856,1.1,0.0001485658095552692,-6.648296322398536e-09,0.0001384406069595428,9.407981184739472e-08,0.009093159687780432,0.008477397857924786,0.0008224799667366021,0.01248618332960032
428.57142857142856,1.2000000000000002,0.00013521048109725622,9.160904526873721e-09,0.00040196703922372635,-4.754892117371544e-07,0.013659305378189705,0.027056497078770152,0.004552428751262453,0.030985155682338953
428.57142857142856,1.3000000000000003,0.0001258748230314805,-5.147470084150024e-09,4.804697228077644e-05,-1.9954618153956965e-07,0.008345625229148498,0.0035534946618684463,0.0020827239885465583,0.00953688959788578
428.57142857142856,1.4000000000000001,0.00011701963468851255,8.334123754211985e-10,0.00014911947392378134,1.7870372774926865e-08,0.001450475352759657,0.011846648148731658,0.0002036057350101117,0.01193858708974678
428.57142857142856,1.5000000000000002,0.00010965564108478241,5.007359057015519e-10,9.716671697213121e-05,-8.657802802337864e-08,0.0009313597580393231,0.008303454136630438,0.0010547660391110154,0.00848762890285291
428.57142857142856,1.6,0.00010326331465077358,4.2566930404499925e-10,7.962106866600775e-05,-9.423704593362379e-08,0.0008401655930189042,0.007261009819316744,0.0012269544466414714,0.0075125878529421234
428.57142857142856,1.7000000000000002,9.766719890342483e-05,-2.4318159913728673e-10,6.569607833221794e-05,-8.507702494041692e-08,0.000506955325659437,0.00636199588928514,0.001175446570905551,0.0065951000507651686
428.57142857142856,1.8000000000000003,9.272804393939826e-05,-1.8867202643437094e-10,5.542671684876997e-05,-1.5116299663370982e-08,0.00041383578208587147,0.005675059535963242,0.00022058831967786068,0.005698673460097408
428.57142857142856,1.9000000000000001,8.834315614385939e-05,-1.302418568761984e-09,4.6063674687982447e-05,-1.4529113355819227e-08,0.0030031469661778993,0.0049676098762621405,0.00022307848023765502,0.005813395531003456
428.57142857142856,2.0,8.441890509520034e-05,-1.1869274308325977e-09,6.196574320320609e-06,-5.440845203073895e-08,0.002860756304793766,0.000701420980503573,0.0008781939009369816,0.0031966180695531493
428.57142857142856,2.1,8.05566197897445e-05,2.1709390582075e-09,6.83508200889174e-05,-8.741788427307342e-08,0.005454223856096929,0.008096624803631042,0.0014748743685816666,0.009982705038685086
428.57142857142856,2.2,7.737784268517784e-05,1.2029192013699337e-09,2.9485112723362748e-05,-6.474224589752044e-08,0.0031422789802101653,0.003660172534587461,0.0011385998631125965,0.005085626752818091
428.57142857142856,2.3000000000000003,7.44939167078448e-05,1.7680421379363248e-09,2.5590949867751864e-05,-1.339304483441365e-07,0.004791095960501792,0.003307271045520368,0.002448982296681592,0.006774043906721721
428.57142857142856,2.4000000000000004,7.186590022918928e-05,4.713856261070376e-09,2.526428765503173e-05,-1.4747587680587537e-07,0.013114466623300817,0.0033914564801465464,0.002797443249415788,0.014111789019745266
428.57142857142856,2.5000000000000004,6.949052662708408e-05,4.378336525057628e-09,8.413284839200513e-05,-4.397031934644837e-08,0.012585771866311067,0.011706921937065429,0.0008563118548458995,0.017231372977707556
428.57142857142856,2.6,6.795648150889893e-05,-1.907041726762071e-09,-5.1500914941098306e-05,-3.7175366623328725e-08,0.005649014339117777,0.007411213792848956,0.0007480386134847698,0.009378516749539944
428.57142857142856,2.7,6.590742724130279e-05,-1.7456696552816211e-09,2.68565615778611e-05,-2.1919404162667515e-08,0.0053257174817731845,0.003952023557067802,0.0004545056286788461,0.006662950369339761
428.57142857142856,2.8000000000000003,6.412693858948527e-05,-2.575158375933503e-09,4.988074808096552e-06,9.854359151784812e-08,0.008077750962465144,0.0007568304539993684,0.0021044687838436284,0.008641783998229301
428.57142857142856,2.9000000000000004,6.239633068574871e-05,3.3652087920523694e-10,1.3579922745340854e-05,1.0643317745178717e-07,0.00108471761932922,0.0021176627239722187,0.0023370154501717493,0.004072393664034411
428.57142857142856,3.0000000000000004,6.0801522009465563e-05,7.331716621349891e-10,1.2345299718754348e-05,-1.5837438858604174e-08,0.0024223785496071304,0.0019785297601761075,0.0003573449680413443,0.003168262726143179
428.57142857142856,3.1,5.9330166330369965e-05,7.997834785299135e-10,nan,-2.0414474527578433e-07,0.0027050108332788095,nan,0.004721419474557056,nan
428.57142857142856,3.2,nan,nan,nan,-1.9682530078684874e-07,nan,nan,0.004659888702743578,nan
428.57142857142856,3.3000000000000003,5.6722949179897634e-05,1.1166145719600903e-09,nan,4.7348262049046773e-08,0.003906897019570804,nan,0.0011356735861387023,nan
428.57142857142856,3.4000000000000004,5.557607160336858e-05,-5.270704845531484e-10,1.0241681948257518e-05,4.4330228942466674e-08,0.0018916750266019975,0.0018055623158407862,0.0010857421224562285,0.0030325173693823296
428.57142857142856,3.5000000000000004,5.4531610846322096e-05,-6.555502896514411e-10,1.0493895057633188e-05,-4.006116815085007e-08,0.0023963523592150098,0.0018882038177374764,0.0010064668670301403,0.00336656641040878
428.57142857142856,3.6,5.3592089039851946e-05,-1.4558921341332406e-09,9.986067152543638e-06,-3.5749899030004835e-08,0.005412212893986555,0.0018312437497373423,0.0009147818155867327,0.005858255168652415
428.57142857142856,3.7,5.275242790490723e-05,-1.407402199154541e-09,-7.244219404765649e-06,-1.0895613345314792e-07,0.005311587018450575,0.001351732976741909,0.0028352763475405648,0.006791003064999319
428.57142857142856,3.8000000000000003,5.184032457591486e-05,1.1682011367722059e-09,2.4895769895472822e-05,6.671566844106471e-09,0.004437525942211794,0.0047193600151163705,0.0001762511491329072,0.006482755924390737
428.57142857142856,3.9000000000000004,5.117717894587722e-05,4.021066280150529e-11,-3.0027763428239254e-05,8.289489117241905e-08,0.0001559278141650878,0.005792356370042912,0.002204190296797438,0.006579712419992151
428.57142857142856,4.0,5.021375568155719e-05,1.4559349702262452e-09,1.3124932622518209e-05,-1.2548943005826106e-07,0.005725981210637425,0.0025646065087719227,0.0034063364830565234,0.007910140570243484
428.57142857142856,4.1,4.9381581743462335e-05,3.784243377419852e-09,1.4793237420915422e-05,-1.3139756219530965e-07,0.014974622853427941,0.0029460527738116938,0.0036173729689032257,0.01609625207744938
428.57142857142856,4.2,4.869734017957664e-05,4.468893287645983e-09,3.82408352172359e-05,3.8297320642577906e-08,0.017862439605664148,0.007743947007590262,0.0010608238239615865,0.01952655008682625
428.57142857142856,4.3,4.83955069678633e-05,2.1173070108972793e-09,-3.316144947810488e-05,-2.2491547444999415e-08,0.008589166033595854,0.006809704463491949,0.0006293006286129086,0.010997176300993092
428.57142857142856,4.3999999999999995,4.776205926136891e-05,3.4475884877379317e-09,-7.673300698334184e-06,-1.4873480969790555e-07,0.014048556995136527,0.0015855398939057686,0.004223551795875109,0.015347725236843598
428.57142857142856,4.5,4.705187854789118e-05,4.669729513993486e-09,5.183703834274507e-05,1.1243388604499558e-08,0.01919458029756257,0.010853183289078179,0.000320709302555692,0.022055140199495324
428.57142857142856,4.6,4.6860068217840904e-05,2.468699558972186e-09,-1.6745261394243978e-05,3.9527882513323165e-08,0.010271758141858999,0.0035588932707968333,0.0011373352114607336,0.010989167366285149
428.57142857142856,4.7,4.6500805273848185e-05,-5.043562522639111e-10,-2.3115380685144928e-05,-1.2126939181606578e-07,0.0021241145255422966,0.004932852546796822,0.0035320413970685955,0.0073345435868411215
428.57142857142856,4.8,4.591038852300402e-05,1.9182329823303567e-09,3.81562584153886e-06,-2.9258983041511247e-08,0.008090134756875622,0.0008205504870438769,0.000862576827817027,0.008222631029905739
428.57142857142856,4.9,4.535812803057524e-05,4.174348929615271e-09,2.6463481238063668e-05,2.8969255700442076e-09,0.017794010731560804,0.005764159722761612,8.552434933986613e-05,0.01870473159532283
428.57142857142856,5.0,4.5070502350527096e-05,nan,nan,nan,nan,nan,nan,nan
442.8571428571429,0.1,0.0021295866597931547,nan,nan,nan,nan,nan,nan,nan
442.8571428571429,0.2,0.0009632682836049611,-9.863821830768408e-09,0.08104358971226863,-1.0477987690564076e-05,0.0020657352729967424,0.3805601868305296,0.006938472638320652,0.38069227450502746
442.8571428571429,0.30000000000000004,0.0006073858045394539,3.811408039016983e-09,0.01900489267252812,-2.8525197639815553e-06,0.0012673627759069732,0.19729594543903906,0.004181731539896037,0.19738862695817494
442.8571428571429,0.4,0.000441552252199228,-1.7614635858936866e-08,0.006842590124341213,-9.359784790589414e-07,0.008099615136744554,0.11265640509214009,0.0021786095581639436,0.11298921210833181
442.8571428571429,0.5,0.0003441446011024141,-7.619668375181491e-09,0.003283755349096044,-1.2101679492105394e-07,0.0044857134769867866,0.07436844298133978,0.0003895241606211825,0.07450564002147637
442.8571428571429,0.6,0.0002795745034965607,2.0540569213282258e-08,0.00237111451206401,-3.3115949065553713e-07,0.014688179611775015,0.06889878569846836,0.0013646796185682673,0.07047347012850937
442.8571428571429,0.7000000000000001,0.00023871555101134736,-1.2376817374262537e-08,0.0008022184893582322,-7.161901643516072e-07,0.010533144803083155,0.028694265010761295,0.0035849400095332063,0.030984053538787037
442.8571428571429,0.8,0.00020587878341971636,-2.5477853060311994e-09,0.0009489665651753608,-3.112493557011722e-07,0.002508249612989506,0.039753026610748615,0.0018541957144806698,0.03991829811416246
442.8571428571429,0.9,0.00018253168147983897,-3.60240534332161e-09,0.0004223329036619134,-3.003761216972512e-07,0.004003722053462521,0.02051366812290324,0.0020700048879724385,0.021104743794001818
442.8571428571429,1.0,0.00016340790857658071,7.046532716858446e-09,0.0004926393386199333,-2.836645395255582e-07,0.00871829260560161,0.02698925110566883,0.002206858210313463,0.028533642380926233
442.8571428571429,1.1,0.0001492105290595218,5.925522382257407e-11,0.00018585507863414026,6.440878745004716e-08,8.069071421827361e-05,0.011373689330773104,0.0005578264865110891,0.011401300836413782
442.8571428571429,1.2000000000000002,0.00013687170032880428,-6.42679766542082e-09,7.812758671981898e-05,-1.0513485759613568e-07,0.009558217935172015,0.005236063916686,0.001002170667998687,0.010990204162410222
442.8571428571429,1.3000000000000003,0.00012531414746528495,8.928350901522595e-09,0.00035043832739520573,-3.140936252050031e-07,0.01439544947436989,0.02560341740135868,0.0032699375873267928,0.029734641949203926
442.8571428571429,1.4000000000000001,0.0001172609778757177,-1.3066339366003047e-09,5.1456299034961354e-05,-1.2177644924338415e-07,0.002274072687197896,0.00410618434356871,0.001374406896761471,0.0050803685974306284
442.8571428571429,1.5000000000000002,0.00010972237127650007,-6.299661048416265e-10,0.00010319209304890645,-6.977277640704976e-08,0.0011717255988588353,0.008800207444822563,0.0008502139532673027,0.00895892401371908
442.8571428571429,1.6,0.0001032156856077715,-4.2834381996689654e-10,6.797705039587023e-05,-6.275594026848353e-08,0.000846545614106318,0.006195368328721977,0.0008175351473595632,0.0063589272396867725
442.8571428571429,1.7000000000000002,9.738877044300164e-05,9.9542235862114e-10,8.127945131836832e-05,-5.731050435917648e-08,0.0020799963796201324,0.007874718928597466,0.0007928483543397903,0.008221605692904683
442.8571428571429,1.8000000000000003,9.237464979141547e-05,9.634600867872068e-10,5.5292371093353866e-05,-5.3559637206206615e-08,0.002120442739373382,0.00567748939039277,0.0007834131448071551,0.006160976830008131
442.8571428571429,1.9000000000000001,8.791345285076283e-05,9.782458770464388e-10,4.698804882949977e-05,-1.628206592917462e-08,0.002259846992546458,0.005086682215910978,0.00025084206671863613,0.005577372847520384
442.8571428571429,2.0,8.392213639840518e-05,1.9126328191314827e-09,3.950680781625179e-05,4.348299511931622e-08,0.004623765588454335,0.004493829617102679,0.0007031508400606737,0.006523998394564467
442.8571428571429,2.1,8.032588802421006e-05,2.458487702785016e-10,1.4553085597554426e-05,9.850192441613778e-09,0.000622831724508026,0.0017341176264229362,0.00016668900730412017,0.001857593537250931
442.8571428571429,2.2,7.687517050599048e-05,2.2462923349401947e-09,6.12642178478051e-05,-4.444707506734631e-08,0.005924525564712671,0.007626958052345491,0.0007882135781082505,0.009721782428577599
442.8571428571429,2.3000000000000003,7.403709516624895e-05,1.217010473794553e-09,1.398086832970097e-05,-3.9383316071475404e-08,0.0033340908281402314,0.0018186455051324428,0.0007271058244802291,0.003934590052802629
442.8571428571429,2.4000000000000004,7.133882850980444e-05,1.382674978874265e-09,2.3814015422594607e-05,-7.183468656964668e-08,0.003926459784366357,0.003216497806825169,0.0013775753155287394,0.0054367611755038155
442.8571428571429,2.5000000000000004,6.887870200758586e-05,7.246694132876544e-10,2.096029648066894e-05,-1.8346451649577098e-07,0.0021282284676173283,0.0029381329801046944,0.0036469614321491192,0.006305762221517871
442.8571428571429,2.6,6.662817847017398e-05,4.0977354465256766e-09,1.868337660024347e-05,-1.3795807975650767e-07,0.012306001157487381,0.0027125041639410982,0.002836112786111937,0.01322431150565404
442.8571428571429,2.7,6.456448869876453e-05,4.0267596258978915e-09,1.670345860862467e-05,-3.2941353536332164e-08,0.01246881744823554,0.0025069661203633168,0.0006924884195823484,0.012755993419118084
442.8571428571429,2.8000000000000003,6.266783351344133e-05,4.457237513234498e-09,7.762353556011585e-05,-3.304109982989406e-08,0.014184995086799875,0.012022636146362176,0.0007161798474206364,0.0186221291121089
442.8571428571429,2.9000000000000004,6.154741368371929e-05,-1.7398022663257507e-09,-4.42897430094139e-05,-1.5717623405703666e-08,0.005690425752653284,0.007067380588466394,0.0003501453245128948,0.009087024657457895
442.8571428571429,3.0000000000000004,5.998409642390312e-05,-2.2713149488438067e-09,6.249203275194474e-06,-1.6590783944885525e-08,0.007623718086484495,0.001015347827174017,0.0003798479760073191,0.0077097715687361006
442.8571428571429,3.1,5.848327119683889e-05,-2.2241585280663385e-09,-3.737686989512377e-05,nan,0.007650575276655841,0.006231129936672587,nan,nan
442.8571428571429,3.2,5.660867727082342e-05,nan,6.119424027217078e-05,-2.554122665801918e-08,nan,0.010463546073920442,0.0006149901291551894,nan
442.8571428571429,3.3000000000000003,5.534602574752966e-05,2.2549644541107154e-09,9.868570407667449e-06,nan,0.008113062420467816,0.0017432964138085936,nan,nan
442.8571428571429,3.4000000000000004,5.4182059928312574e-05,2.4887269164819362e-09,8.241795269307469e-06,-1.692140641842689e-08,0.009138887252917435,0.0014891394924910826,0.0004261668000361447,0.009279010342301568
442.8571428571429,3.5000000000000004,5.3100512061788564e-05,2.312083525617226e-09,-3.012503024451754e-06,-4.7156960848872945e-08,0.008652848749837237,0.0005559963996270259,0.0012121599275267609,0.00883852854630008
442.8571428571429,3.6,5.1988839165020036e-05,3.2188663705173877e-09,2.653007008626795e-05,-6.46351147603542e-08,0.012257620778669985,0.004996198540495648,0.0016932541840601982,0.013451597915244409
442.8571428571429,3.7,5.114246696911419e-05,2.2551493946705434e-09,-1.0255869108280407e-05,-2.9250913450672876e-08,0.008724424422143304,0.0019727059255404433,0.0007797236488425268,0.009012385261598702
442.8571428571429,3.8000000000000003,5.0193536082125535e-05,2.826519259681244e-09,4.893900326606638e-05,-4.57936046602687e-08,0.011127257978416884,0.009569151854880503,0.0012401217882688142,0.014780403967398294
442.8571428571429,3.9000000000000004,4.9733995227797546e-05,-6.61488269408009e-10,-4.412840442443745e-05,3.15213928060323e-08,0.002637847743510872,0.008791650851662563,0.0008686396452925758,0.009260693013065086
442.8571428571429,4.0,4.883317032922518e-05,1.1003274719683745e-09,2.955552054484389e-06,7.31731220218912e-08,0.0044720141699099705,0.0005942719946280244,0.0020425711931170367,0.005356889404997815
442.8571428571429,4.1,4.796190095119766e-05,1.1570304742179123e-09,1.5814637406949574e-05,-4.808156627749515e-08,0.004781715365749664,0.0032385031117844487,0.001367911061275609,0.006090571860441704
442.8571428571429,4.2,4.724877794723964e-05,4.2021704024744417e-10,3.7949660083431794e-05,-5.2106267196753775e-08,0.00176105264324687,0.007912459542011575,0.001507394496869188,0.00838169426516142
442.8571428571429,4.3,4.6915151544115934e-05,2.9266638123919585e-10,-4.365044515897061e-05,-9.510975694623111e-09,0.0012341607030921305,0.009238428390193053,0.0002790112988732435,0.009328848073132058
442.8571428571429,4.3999999999999995,4.614502068940252e-05,1.8049778491660328e-09,3.212796614397706e-06,-1.950494432071688e-09,0.007712456959709755,0.0006848100258989045,5.757601876338584e-05,0.007743228468979872
442.8571428571429,4.5,4.540701780083309e-05,1.8502047055863406e-09,5.06252075668029e-05,-9.84670824710635e-08,0.008025031278487811,0.010970892809336044,0.0029451674163204016,0.01421652694137917
442.8571428571429,4.6,4.517526698793168e-05,-2.8802641218398943e-10,-5.026027763916493e-05,-1.4588819395462916e-07,0.0012543921227868074,0.011068834747003096,0.0044294024400607255,0.012780133575444528
442.8571428571429,4.7,4.444091339863863e-05,1.832640330741069e-09,1.1637344829089025e-05,1.0672282120592716e-09,0.008043048471115904,0.0025760433983041823,3.2535414255602456e-05,0.008445634695215512
442.8571428571429,4.8,4.382293325763646e-05,3.6878655252453437e-09,4.871048404371847e-05,4.7297205076086236e-08,0.016393361973399436,0.010960729723707848,0.00145303797267743,0.01982681395401582
442.8571428571429,4.9,4.369205795707148e-05,-7.024915838453815e-10,-4.193095777913708e-05,-5.90464934860898e-08,0.003160748372586265,0.00956826817881487,0.0018373212744494866,0.010406420381073278
442.8571428571429,5.0,4.314187307871513e-05,nan,nan,nan,nan,nan,nan,nan
457.1428571428571,0.1,0.0021573269253802032,nan,nan,nan,nan,nan,nan,nan
457.1428571428571,0.2,0.0009744834634603715,4.173751088853268e-08,0.08221056363277782,-3.795464924339266e-06,0.008567408951711472,0.3810760560469489,0.0024974807497465446,0.38118871416745
457.1428571428571,0.30000000000000004,0.0006137456378683181,3.444770622861053e-08,0.01908186639192254,-3.966444748415626e-06,0.011209926460067746,0.19581518935337508,0.005699311593918528,0.1963013375859355
457.1428571428571,0.4,0.0004438264761954902,1.8298425352547387e-08,0.007275645931393755,-2.055917086068294e-06,0.008301648198323698,0.1185449717681705,0.004683236507218198,0.11901971728537315
457.1428571428571,0.5,0.0003466637738365998,1.4520501646547638e-08,0.0035895282016585837,9.88460229342834e-09,0.008415160298493193,0.08087683800273154,3.1391194852880316e-05,0.0813134664061473
457.1428571428571,0.6,0.0002853963534942953,-1.6191540597666232e-08,0.0015674197252987623,-8.467597157439208e-07,0.011477032204836165,0.04521440783822906,0.003435096969111987,0.04690058343738339
457.1428571428571,0.7000000000000001,0.00023980313040497837,4.840844343153927e-09,0.0013088513946569295,-5.957670916628095e-07,0.004084393017683808,0.04586083103837176,0.0029560786013202688,0.04623175198115852
457.1428571428571,0.8,0.0002072984212622307,1.0268659956933702e-08,0.0008831613046977544,-2.055929218132338e-07,0.009940743174981774,0.0368285978254861,0.0012142625632421398,0.03818524400612531
457.1428571428571,0.9,0.0001836253251664606,-9.75187538924722e-10,0.0004996111900993005,-4.725266351594604e-07,0.0010785709839020356,0.024101061023870354,0.0032020596262911072,0.024546503407701172
457.1428571428571,1.0,0.0001649483409716835,-4.145872442897806e-09,0.00035959846896889267,-1.401558719869974e-07,0.005107961501817488,0.019583272004714405,0.0010851004088992255,0.020296568648652584
457.1428571428571,1.1,0.00014986734146659532,-6.186054149892001e-10,0.00024349862385552294,-2.3022409902867273e-07,0.0008394132926877686,0.01476211415168608,0.001985548507770734,0.015050230385504819
457.1428571428571,1.2000000000000002,0.00013722132820006238,1.0777371179772976e-09,0.00020002693944421322,8.375563935483601e-08,0.0015962327464415324,0.013346933193500216,0.0007955623522834462,0.013489048282414578
457.1428571428571,1.3000000000000003,0.00012657558432797156,-4.198767178062009e-09,0.00013058206199808239,-3.3576894624156294e-08,0.006748231091766163,0.009516163683221298,0.00034811436369974584,0.011676401900164607
457.1428571428571,1.4000000000000001,0.00011723566107586156,3.812041845420433e-09,0.00017647991332740045,-2.0094605863255097e-07,0.006593599911473321,0.013942650493330624,0.0022607143196745616,0.015751022857012076
457.1428571428571,1.5000000000000002,0.00010966053695702556,3.1428007654054727e-09,9.952266204641746e-05,-1.8179989940930192e-07,0.0058181003672432225,0.008489111686077988,0.0022011853344783465,0.010752011107484343
457.1428571428571,1.6,0.00010308063945865374,-2.030077152760385e-10,8.127474424233078e-05,-5.850901069292412e-08,0.00040139389406509214,0.007411485161173452,0.0007582023978186691,0.007499398049483903
457.1428571428571,1.7000000000000002,9.731348940270522e-05,1.63632633005837e-09,6.715408041835608e-05,4.804384249298943e-08,0.003422535430408648,0.0065147132158888095,0.0006649576592949828,0.007418866115181548
457.1428571428571,1.8000000000000003,9.221788015094026e-05,1.355110089830506e-09,5.611206742147175e-05,-6.478211721184521e-08,0.002993820059742693,0.005766114005969649,0.0009484866260421421,0.006634024648696952
457.1428571428571,1.9000000000000001,8.768339157339003e-05,1.3392733714751904e-09,6.667979341644179e-05,-4.892305580951902e-08,0.0031089791989333143,0.007230679485074016,0.0007565937179269208,0.00794313197569342
457.1428571428571,2.0,8.38157009300042e-05,-5.080103591634137e-10,1.9731919048141723e-05,-1.0694475436210455e-07,0.0012353782679048618,0.0022503599249609693,0.0017378252766006162,0.003553920742034911
457.1428571428571,2.1,8.01453294770998e-05,-2.140306507236657e-09,3.559673097383776e-05,-6.466989574640952e-08,0.0054378140985279575,0.004247024194615415,0.001100848587950976,0.007073243379595068
457.1428571428571,2.2,7.683092533393378e-05,-2.9282323442367794e-09,3.121219183332236e-05,-1.2396305961933523e-08,0.007773620971062097,0.0038944492507502547,0.00022046452211907602,0.00870017972109956
457.1428571428571,2.3000000000000003,7.382864310910098e-05,-2.21404667580115e-09,2.6757447326861338e-05,-4.024199796308529e-08,0.00610297121129575,0.003482640253330833,0.0007478171188474106,0.007105877963102621
457.1428571428571,2.4000000000000004,7.109393535753679e-05,-2.088658081135927e-09,5.554149911252961e-06,-1.598798129499348e-08,0.005975101640387141,0.0007523028566359081,0.0003084936439939379,0.006038057291698131
457.1428571428571,2.5000000000000004,6.841476910508513e-05,-1.5799786760396043e-10,4.005451189228434e-05,-1.5429278026212376e-08,0.00046813400712410663,0.0056340265440149246,0.00030897375541711676,0.005670302823515155
457.1428571428571,2.6,6.613614797155632e-05,-9.873187163969399e-11,1.858109969534436e-05,-1.5817050192294503e-08,0.00030241501451433244,0.002715948608523955,0.00032805185536892927,0.002771834721762628
457.1428571428571,2.7,6.404333783498095e-05,-4.0139252416226115e-11,1.6784104781518684e-05,-5.6725009547389185e-08,0.00012687600152455787,0.00253781106041089,0.0012162380810262913,0.003068395775903711
457.1428571428571,2.8000000000000003,6.211836874622076e-05,-1.1241763066581124e-09,1.5003533722403596e-05,-1.677957608206468e-07,0.003660948898185026,0.0023427157655434624,0.0037126946185878787,0.00681608880920949
457.1428571428571,2.9000000000000004,6.034343499468461e-05,1.9532921320664032e-09,1.3463593216286816e-05,-9.594213369472543e-08,0.006476812322431301,0.0021674093328643523,0.0021870899839399657,0.0074975653562930995
457.1428571428571,3.0000000000000004,5.870313717531132e-05,3.358089867327581e-09,1.1962680368276573e-05,3.483416169760751e-08,0.011425102711838435,0.0019824327815163847,0.000808532563125439,0.011652058252538781
457.1428571428571,3.1,5.71824661596208e-05,3.877546871796764e-09,1.0302103327542468e-05,8.676532084986646e-08,0.013530982109766559,0.0017549493644225895,0.002066388688778496,0.013953753923325915
457.1428571428571,3.2,5.5764816177205705e-05,1.503956932377849e-09,8.213294774060896e-06,5.843116161595612e-08,0.005421960042118047,0.001436330981447017,0.0014272985473375208,0.005961129060258038
457.1428571428571,3.3000000000000003,5.442929914253122e-05,1.7496507612910198e-09,2.021695977430919e-05,-3.752996412619632e-08,0.006451621035370911,0.0036253970084049215,0.0009471027596970181,0.007520699749853281
457.1428571428571,3.4000000000000004,5.329595170559982e-05,8.67139801975719e-10,-2.1337210675187106e-06,-4.384412660557861e-08,0.0032661605476019067,0.00039201700208030325,0.0011316886033536679,0.0036582673825941653
457.1428571428571,3.5000000000000004,5.214126705799324e-05,9.386955245442608e-10,5.591838398868824e-06,-2.9963816510198706e-08,0.0036076961930272882,0.001049205093429505,0.0007900299880451558,0.003919770135260901
457.1428571428571,3.6,5.1042500794375346e-05,6.184083894231468e-10,4.9006072904615806e-06,-5.038883987935414e-08,0.002427555525123968,0.0009398711552235515,0.0013556188853083777,0.003232922631364786
457.1428571428571,3.7,4.999274060366207e-05,1.3945253521589456e-09,1.806078406284858e-05,-5.987826764411803e-08,0.00556478847249499,0.003538381502036201,0.0016453604989567579,0.0069929562232734985
457.1428571428571,3.8000000000000003,4.9123588253577276e-05,1.5318958284282544e-10,-9.86219997762473e-06,-1.1016727077286692e-07,0.0006228527139600813,0.001972726411582706,0.0030773215434612374,0.004818652380276536
457.1428571428571,3.9000000000000004,4.8155813903716236e-05,2.5087003650847464e-09,4.891020499703027e-05,-2.2823639893857685e-09,0.010294360306241136,0.009956561956458573,6.49589616380488e-05,0.01432185111781663
457.1428571428571,4.0,4.76771416038255e-05,9.328761802839886e-10,-4.201204767940338e-05,7.651283107600143e-08,0.0038986388279109788,0.008724190138994052,0.0021977732513473,0.010048447284057946
457.1428571428571,4.1,4.677834882714073e-05,7.836934749739112e-10,6.418244089019942e-07,-4.383468909988089e-08,0.003334676914390166,0.000134618894361422,0.001282345258483545,0.0037982905489175353
457.1428571428571,4.2,4.588597429454498e-05,1.7318991729781182e-09,5.0092419132530116e-05,-1.1675310535122151e-07,0.007480591587078488,0.010708462437961593,0.0034775550425213075,0.013957693091103363
457.1428571428571,4.3,4.549452395327453e-05,-1.6205390037246997e-10,-2.067286682075301e-05,-1.8802095509995552e-08,0.0007049369655070006,0.004505269232827568,0.0005684831991389101,0.004630413942727727
457.1428571428571,4.3999999999999995,4.489634494379655e-05,8.698700922910114e-11,-1.5841608348513813e-05,6.458309541397828e-08,0.0003847099989958136,0.0034820912435052738,0.0019665622264985133,0.004472996220969233
457.1428571428571,4.5,4.413974985083343e-05,1.4334829096978591e-10,4.853009970643697e-06,-5.829589660554858e-08,0.0006442782344231205,0.0010809365387580959,0.0018047418995472788,0.002845646656234176
457.1428571428571,4.6,4.343168485757675e-05,3.304784474813542e-09,3.14098898724846e-06,-4.648375936060553e-08,0.014929536805318952,0.0007116009940842819,0.001462447298486367,0.015088901530524185
457.1428571428571,4.7,4.275502975419255e-05,2.9442368344477207e-09,4.097289588575597e-05,1.2643329721672545e-09,0.013520529038221284,0.009433872072915487,3.9981832552787076e-05,0.016486535259277138
457.1428571428571,4.8,4.2488103609665915e-05,-6.655885293327677e-10,-3.385552109277521e-05,-5.348918901353686e-08,0.0030996189356565012,0.007918488488352731,0.0017194319674927352,0.008844376183096631
457.1428571428571,4.9,4.1882622254211526e-05,2.6573497145247225e-09,3.3668004225628997e-06,-2.924476154787588e-08,0.01241223905734058,0.0007924101422584942,0.0009533417249152224,0.012510368225558103
457.1428571428571,5.0,4.1310808902982766e-05,nan,nan,nan,nan,nan,nan,nan
471.42857142857144,0.1,0.0021710248415753954,nan,nan,nan,nan,nan,nan,nan
471.42857142857144,0.2,0.0009942165026807885,-3.151967474282205e-08,0.08097274515392885,-3.6792945276569175e-06,0.006384593975205476,0.3729701457269891,0.0023909181358789306,0.3730401126191454
471.42857142857144,0.30000000000000004,0.0006271356153254702,-3.3105676217205256e-08,0.01897803447425286,-3.686121657098635e-06,0.010660440806832091,0.19088432371702557,0.005226599963694772,0.19132460566655604
471.42857142857144,0.4,0.00044983507271268043,-2.3154264996099042e-10,0.007961178415386372,-1.657168179068113e-06,0.00010367260560345906,0.1269450852548805,0.003735401812912703,0.1270549954617521
471.42857142857144,0.5,0.00035214631425375443,-2.013502239137546e-09,0.003345625165686143,-1.2364662230321914e-06,0.0011503308850937728,0.07437448453075751,0.003875371236046933,0.07458501333911156
471.42857142857144,0.6,0.00028791380745168987,-6.393998088647536e-10,0.0018197336565954263,-1.1273928764752975e-06,0.00044949848451495555,0.05167549915868601,0.004508623701356394,0.052069325303366526
471.42857142857144,0.7000000000000001,0.00024187863721557957,-1.9157343622225483e-10,0.0014970237014445937,-3.99719840686266e-08,0.00016028785453334833,0.05199555084539616,0.00019670231690658606,0.05199654203421071
471.42857142857144,0.8,0.0002108137039939152,-1.1537337350827422e-08,0.00047711802157447095,-3.928582997392707e-08,0.011107748535161957,0.01972551305344214,0.00023009082401925486,0.022640314183255156
471.42857142857144,0.9,0.00018451995098799556,1.0281057017356985e-08,0.0007416478967792454,-5.447682361369238e-07,0.011189505152880657,0.03518025074881526,0.0036713878385146634,0.03728019910941258
471.42857142857144,1.0,0.00016564267694986836,8.544302216351081e-10,0.0003632504958868659,-4.733089451733068e-07,0.0010472167600348687,0.0196862449801159,0.003605918156456163,0.020362961372594038
471.42857142857144,1.1,0.00015039790787060983,5.96188844204793e-10,0.000263776363057679,-8.156172386557609e-08,0.0008055019895441281,0.01592442044012068,0.000699752436566909,0.015975459516203456
471.42857142857144,1.2000000000000002,0.00013779090242192808,-2.0663283467328656e-10,0.0001796232956582851,1.1834806153182743e-08,0.00030487624720686174,0.011943204410317893,0.0001119288292031213,0.0119481436733227
471.42857142857144,1.3000000000000003,0.0001269801299298292,2.162567277631309e-09,0.00018189545618302975,-1.4071876191873533e-07,0.0034526638259441615,0.013200832056825464,0.0014533636766513548,0.013798818298706352
471.42857142857144,1.4000000000000001,0.00011798831199956061,-5.940909846364637e-09,0.00012435964795662615,-2.0182177661860796e-07,0.010275853263289806,0.009793630548759783,0.0022555410332827375,0.014549339858560901
471.42857142857144,1.5000000000000002,0.00011024009054885829,-5.203520769445702e-09,4.122940654052953e-05,-6.875762325382975e-08,0.009633002013019382,0.0034943636231259136,0.000835756000004856,0.010315148137402069
471.42857142857144,1.6,0.00010290416316356126,1.2393234466850574e-09,0.00020039167331360587,-9.483583443849225e-08,0.0024536436106040484,0.0181777493392744,0.00123435314418067,0.018425476747656936
471.42857142857144,1.7000000000000002,9.75721525114003e-05,-4.714197398974508e-09,9.75217307829754e-06,-2.6826300208485405e-08,0.009860201677103738,0.0009476947072390965,0.00037177966894058406,0.009919583792466472
471.42857142857144,1.8000000000000003,9.233766359002231e-05,-2.415158354062784e-09,6.234767235923347e-05,7.293225405014277e-09,0.005337902659105969,0.006389904368661827,0.000107065253745233,0.00832748512912831
471.42857142857144,1.9000000000000001,8.772665139223665e-05,-2.399034847119261e-09,4.899506836494941e-05,-8.077428110559963e-08,0.005580960182814094,0.005306076248851899,0.0012512956268565887,0.00790145829656573
471.42857142857144,2.0,8.360558987810049e-05,-1.4438722133591222e-09,4.344531965039005e-06,-6.866533575132979e-08,0.0035156634780254374,0.0004952351304980363,0.0011187219726270614,0.003886930052017722
471.42857142857144,2.1,7.952797368361472e-05,2.1523687526942812e-09,7.387242351487864e-05,-2.647348373859679e-08,0.0054807801276404045,0.00883582349249457,0.000451219306932637,0.01041719373554867
471.42857142857144,2.2,7.618908172427773e-05,2.045849307933001e-09,3.181550266446715e-05,nan,0.005434273570315783,0.004000542348914664,nan,nan
471.42857142857144,2.3000000000000003,7.316834479158542e-05,nan,2.7517759512380784e-05,-2.265542470661714e-08,nan,0.003611772039984074,0.00042124824473160324,nan
471.42857142857144,2.4000000000000004,7.042278545401692e-05,1.6986990960132565e-09,2.4136562335967244e-05,nan,0.004876270854289018,0.0032987711290611327,nan,nan
471.42857142857144,2.5000000000000004,6.791859173980808e-05,5.658265337143085e-10,2.0957008578028363e-05,7.292109018069909e-09,0.0016878636632021507,0.0029758846434315496,0.00014652865318051867,0.0034274939021062744
471.42857142857144,2.6,6.562396811137953e-05,3.4497172375692815e-10,1.8465080407979974e-05,-5.360228136596967e-08,0.0010645070020366644,0.0027187077845663462,0.0011192713016110914,0.003321156977390125
471.42857142857144,2.7,6.351399528703078e-05,-6.100185543363314e-10,-6.454221973451639e-06,-4.61400190195921e-08,0.0019438959105847725,0.0009835159560143156,0.0009966457815698583,0.0025947332376884034
471.42857142857144,2.8000000000000003,6.133948024294752e-05,1.666795893553665e-09,3.7312215414616434e-05,-1.365098448012043e-08,0.005476036060211978,0.005874644674137732,0.00030450327948897474,0.008042628020402027
471.42857142857144,2.9000000000000004,5.9538087353010416e-05,1.7126037987157804e-09,3.708079263661266e-05,-1.6977329032891053e-08,0.005792029892904465,0.006045175552473974,0.0003904372841619397,0.008390270572887113
471.42857142857144,3.0000000000000004,5.810750238943944e-05,-6.044557499006309e-10,-3.9202071806977576e-07,3.937796582669257e-08,0.002101392229479205,6.584368687314812e-05,0.0009322345819430112,0.002481593706624345
471.42857142857144,3.1,5.667299721868777e-05,-8.442442540019815e-11,-1.0606978148544229e-06,3.700208255710345e-08,0.0003013069517389147,0.00018254059652152526,0.0009004649577902027,0.0013212801477963914
471.42857142857144,3.2,5.522788506978755e-05,-1.4369348714826424e-10,8.687120058238394e-06,-5.712666412870584e-08,0.000525872825719388,0.0015328499434601706,0.0014271773441190566,0.0025884052080633337
471.42857142857144,3.3000000000000003,5.386964412146972e-05,-1.1921474357449916e-09,7.540761626084192e-06,-3.9786166816538454e-08,0.004469934371429124,0.0013653902583007605,0.0010192337223146122,0.004891040646299383
471.42857142857144,3.4000000000000004,5.258681078941273e-05,4.29949967924286e-10,6.96151120552942e-06,-1.1347312298471436e-08,0.0016463706642825576,0.0012922883228691899,0.0002978257371682117,0.0021349346156437276
471.42857142857144,3.5000000000000004,5.137359256941103e-05,5.28718601600769e-10,6.199386808114807e-06,-3.2313956519463535e-08,0.0020694118405046877,0.0011788862482915443,0.0008661595027480238,0.0026781901949699764
471.42857142857144,3.6,5.022236821749048e-05,6.128774602174428e-10,5.646738328469725e-06,-2.858782697822621e-08,0.002450448758404488,0.0010991519272942416,0.000783252021486438,0.0029051336518593988
471.42857142857144,3.7,4.912761124885463e-05,6.833171352176665e-10,5.204932498224171e-06,-4.85090822938515e-08,0.002789454526620184,0.0010363773519567916,0.0013576664135322462,0.0035414193132976826
471.42857142857144,3.8000000000000003,4.808490360520102e-05,1.3964334566052272e-09,4.7416284431338765e-06,-4.453868609803233e-08,0.00580141699430108,0.0009651656823115788,0.001272718671900529,0.0061504153983032595
471.42857142857144,3.9000000000000004,4.708961224597875e-05,1.4067424931872359e-09,6.171748856048424e-05,-7.95396053974178e-08,0.005961695618022429,0.012835107057136471,0.0023131047985347894,0.014525243386191902
471.42857142857144,4.0,4.671149577236132e-05,-1.5464559002608346e-09,-5.78645151787875e-05,-9.3190645055319e-10,0.0066195924154535965,0.01228816981471936,2.764557010755791e-05,0.013957780973249435
471.42857142857144,4.1,4.575473414695602e-05,9.6329673255454e-10,7.8646931111459e-06,6.92367623100679e-08,0.004202610285274277,0.0016836740038197093,0.0020745719461297955,0.00539484836490971
471.42857142857144,4.2,4.4876619452662175e-05,8.205217465236041e-10,4.231937949898e-06,-8.023460733421844e-08,0.0036493377384336245,0.0009249180502952489,0.0024502974237904087,0.005116742543746523
471.42857142857144,4.3,4.404082413786731e-05,2.9315620523770077e-09,4.603928259812084e-05,-1.1657718399947483e-07,0.01315054907459464,0.010259079930627373,0.0036294060842195623,0.017450811987832063
471.42857142857144,4.3999999999999995,4.3665421649053654e-05,-2.7226856743280074e-10,-3.882825061470872e-05,3.364764561760163e-08,0.0012376288945426406,0.008816422347855955,0.0010565681535072433,0.009027386156711817
471.42857142857144,4.5,4.290173665409291e-05,1.7599672667362052e-09,2.244968792760831e-05,6.62876954324154e-08,0.008137268435486799,0.005141296494979537,0.0021092297798214837,0.010076992000028095
471.42857142857144,4.6,4.236254853840825e-05,-1.725455954247533e-12,-1.5334965288574315e-05,-7.937046251259244e-09,8.10776439754792e-06,0.0035744392848748078,0.0002568804204853196,0.0035928619564293426
471.42857142857144,4.7,4.167001076983785e-05,3.838669031996704e-11,3.996656668654274e-06,-4.2063555430970574e-08,0.00018323033518361949,0.000943441036138485,0.001383570397277188,0.0021799514748831158
471.42857142857144,4.8,4.101743956795399e-05,2.755466672904202e-09,2.5063445355179462e-05,-4.2901607509393915e-08,0.013235237385352656,0.006014744151043328,0.0014334690229445032,0.014678498653766655
471.42857142857144,4.9,4.061550281962192e-05,6.217260923589679e-10,-4.4299605387918095e-06,-9.946201051862191e-09,0.003029487390295081,0.001080018788460126,0.0003344196948880754,0.0032508318160190705
471.42857142857144,5.0,4.016926646590194e-05,nan,nan,nan,nan,nan,nan,nan
485.7142857142857,0.1,0.002198375160000056,nan,nan,nan,nan,nan,nan,nan
485.7142857142857,0.2,0.001007516955218997,-2.2018459934353233e-08,0.08171105818921934,-9.868080190712004e-06,0.004421389182397953,0.3716884164084954,0.006296247874180941,0.3718213456071929
485.7142857142857,0.30000000000000004,0.0006337693323301314,-8.270751077108569e-09,0.019577470618657198,-2.0702401872211348e-06,0.002642662236828038,0.1943140561282344,0.002909983857737841,0.19437559539409566
485.7142857142857,0.4,0.0004557964156278378,-8.061910870644508e-09,0.007939443692105096,-7.223057215424563e-07,0.0035758386000765783,0.12527339659864498,0.0016155328883415935,0.12534524486426207
485.7142857142857,0.5,0.00035721793584659526,-1.3186776244457868e-08,0.0031661315586820555,-1.0561881051739487e-06,0.0074838458275921565,0.06946372218221288,0.0032792854934956287,0.07001945497127583
485.7142857142857,0.6,0.00029030077165217327,-2.6062664117099435e-09,0.00205314399487923,-2.630807560616802e-07,0.001820573211153701,0.057475949241276025,0.0010451372249374645,0.05752376771075421
485.7142857142857,0.7000000000000001,0.00024391504740654357,9.192034324208011e-09,0.001444510492165982,-2.940052772754167e-07,0.007569483847214671,0.04975909929363662,0.0014376147063798596,0.05037259691851544
485.7142857142857,0.8,0.0002119744280825737,1.1787389204623298e-09,0.0007478942952428106,-3.288821351958365e-07,0.001127396188069037,0.03066208104808981,0.0018958018927456473,0.030799713732396556
485.7142857142857,0.9,0.00018751275171103194,-9.3892926755847e-09,0.00034603111031824646,-9.617586973888972e-08,0.010160605425936584,0.01632419124553324,0.0006439069325014253,0.019249580637451892
485.7142857142857,1.0,0.00016651138644267264,1.347557607144763e-09,0.000554012429300585,-4.3921627511953294e-07,0.0016403422499081863,0.029545320211307576,0.0033270794676798117,0.02996256972714535
485.7142857142857,1.1,0.0001510501454673192,1.2501702590731617e-09,0.00027294021855681945,-1.3746290606147333e-07,0.0016790007353049982,0.01639168494046434,0.0011713068739220166,0.0165605041663107
485.7142857142857,1.2000000000000002,0.00013831830667753394,8.433875619680335e-10,0.0002239547904679217,-6.527895045744826e-08,0.0012381139135970388,0.014826519350580568,0.0006136954828014836,0.014903417272807083
485.7142857142857,1.3000000000000003,0.0001278260157924279,-2.475393359451024e-09,1.948074350470376e-05,-4.6286523246805317e-08,0.003941602943958421,0.0014083995078192988,0.00047564836997503917,0.004239375624448387
485.7142857142857,1.4000000000000001,0.00011752853234236892,9.22176725647336e-09,0.00025266522342084916,-9.084272095464718e-08,0.01582161845040407,0.019766338006743732,0.00101255081132644,0.025359066364478877
485.7142857142857,1.5000000000000002,0.00010975770112651843,7.998108246216824e-09,9.937401101855623e-05,1.1715684188388057e-08,0.014717362043752583,0.008455309450225476,0.00014070270477580486,0.01697446900283552
485.7142857142857,1.6,0.0001029806100208535,4.294786571805766e-09,6.652156030752773e-05,-7.034583174376585e-08,0.008433148936308638,0.006060764723091996,0.0009061062060170665,0.010463886798116903
485.7142857142857,1.7000000000000002,9.686873451826385e-05,8.19450495119797e-09,0.00012076985534173443,-1.576625714401984e-07,0.01709308943758041,0.01172743638994551,0.0021670794277776945,0.02095468771644989
485.7142857142857,1.8000000000000003,9.196455756909154e-05,4.285852778065641e-09,2.1993164277236062e-05,-1.4155541233412772e-07,0.009459290342843955,0.002270408959775295,0.002066913787309341,0.010157617626352537
485.7142857142857,1.9000000000000001,8.728031226269159e-05,1.7115805426467446e-09,5.0474407126040994e-05,-1.3837432436594389e-07,0.003981710757416088,0.005488462997075842,0.002137838335954616,0.007424146558854299
485.7142857142857,2.0,8.310081102755206e-05,1.7017654260723381e-09,4.285670268383957e-05,2.572388390095485e-08,0.004154017297787712,0.0049102370938879985,0.00041889670914812405,0.006458888211943558
485.7142857142857,2.1,7.934987681925092e-05,-1.9692490690282566e-10,3.6581577059701605e-05,2.7856894546857757e-08,0.0005053411353175323,0.004402072206921422,0.0004759916615191802,0.004481823903464485
485.7142857142857,2.2,7.596475838154679e-05,-2.6670550322705663e-10,nan,-6.214476196452511e-08,0.0007144028160506082,nan,0.0011163145150796681,nan
485.7142857142857,2.3000000000000003,nan,nan,nan,-4.95382978588253e-08,nan,nan,0.0009288600851928676,nan
485.7142857142857,2.4000000000000004,7.00983088353977e-05,-6.722757395691414e-10,nan,-1.3474605679968804e-08,0.001948220730546076,nan,0.0002630842168221831,nan
485.7142857142857,2.5000000000000004,6.753788917732987e-05,-3.2873135942745186e-10,2.04721124544166e-05,-1.5632145879433338e-08,0.0009877712540510952,0.002920485928196709,0.0003171081181558866,0.003115452651594211
485.7142857142857,2.6,6.51821906438062e-05,3.95724955570956e-11,3.366704628046646e-06,4.7190881194721976e-08,0.00012306508938534684,0.0004984912423316797,0.0009925933803538402,0.0014946978866484462
485.7142857142857,2.7,6.2860159156563e-05,3.6693222803225563e-09,3.626264976103215e-05,8.32365435403409e-08,0.011790177555581823,0.005563275705045353,0.0018119804598367953,0.013286266207484854
485.7142857142857,2.8000000000000003,6.090075416693012e-05,2.3402920774384857e-09,1.4090151336872578e-05,1.5208536148175972e-08,0.007786349446669514,0.0022415074231324915,0.0003420739021926461,0.008116995893970337
485.7142857142857,2.9000000000000004,5.9082250690665974e-05,2.1547665048627774e-09,1.2476207285948232e-05,-6.735720435157418e-08,0.007385999212423316,0.002048612937000864,0.0015687217639273902,0.007979447053324188
485.7142857142857,3.0000000000000004,5.738850928726131e-05,3.2009072119696197e-09,4.515309193266225e-05,-8.85819769899652e-08,0.011242031457687289,0.007642412298926808,0.002125457619488635,0.013922100316651325
485.7142857142857,3.1,5.614629880318327e-05,3.689163301123359e-10,-2.424595581946556e-05,-4.779563219692149e-08,0.0013284818283243144,0.004224879879367682,0.0011750543692175609,0.004730325517816755
485.7142857142857,3.2,5.466162876091057e-05,3.6580893610455295e-10,-1.1026501327964924e-05,-2.648841288985799e-08,0.0013517607061172153,0.0019638874802090727,0.000667700522289942,0.002564324280674536
485.7142857142857,3.3000000000000003,5.306669370535822e-05,2.3345103751448697e-09,4.93656114832878e-05,-2.329268828239741e-08,0.008844140268140246,0.00903112706341271,0.0006025084779691606,0.012669100443602725
485.7142857142857,3.4000000000000004,5.196541476463875e-05,2.5398287998795226e-10,-1.5031598766173317e-05,-7.608061671054767e-08,0.000985669981422477,0.0028325862639253813,0.002017585173863537,0.004139612315476421
485.7142857142857,3.5000000000000004,5.071381983625755e-05,-1.1988881857390268e-09,6.508776542670809e-06,-1.500300333056598e-08,0.004762584161960465,0.001252520849135968,0.0004075710540165253,0.004958149322622427
485.7142857142857,3.6,4.9527312673303056e-05,5.557620769839274e-10,6.11288602736664e-06,4.079749037853313e-08,0.0022583728339205644,0.0012053688811262187,0.0011344764147736988,0.003021131488024552
485.7142857142857,3.7,4.840193437062223e-05,5.893021666333386e-10,5.464930859871931e-06,-1.8466931672906694e-08,0.002448027600676836,0.0011034176023076898,0.0005252904611556665,0.002786077830197912
485.7142857142857,3.8000000000000003,4.733120537654012e-05,6.133862979825985e-10,5.002451051534301e-06,3.427939082468466e-10,0.0026033301047475883,0.0010335229607208762,9.968031637630207e-06,0.002801016970304141
485.7142857142857,3.9000000000000004,4.6310500892973354e-05,1.1225582488395872e-09,1.4045028653936688e-05,-9.898816538678991e-08,0.004865054292115298,0.002967392979367933,0.002940874458215108,0.007054903225218301
485.7142857142857,4.0,4.5430246695945956e-05,3.011715975146241e-09,3.777181377618424e-05,-1.0671367659039564e-07,0.013158129559593846,0.00815620929332581,0.003237404220245395,0.016143781952012267
485.7142857142857,4.1,4.49277106366804e-05,-1.3958855544433076e-09,-3.904565489775931e-05,8.614296839419063e-08,0.006226123006914371,0.008594638536542135,0.0026344988826730383,0.011247825923113079
485.7142857142857,4.2,4.403471802843725e-05,1.118112098717239e-09,4.367687213884993e-06,6.508558735984345e-08,0.005084744470025318,0.000972158864092905,0.0020321265601812655,0.005921046858088166
485.7142857142857,4.3,4.318540229233295e-05,7.048145771679604e-10,4.284678432031325e-06,-9.66193996798683e-08,0.0032660539951712103,0.0009730227928936247,0.0030757154953255984,0.005525751864790557
485.7142857142857,4.3999999999999995,4.2378933340548965e-05,2.7697203736226268e-09,4.504360617988835e-05,-7.906474445414927e-08,0.012945003952655115,0.010430285186410156,0.0025646576136022447,0.01701525532438816
485.7142857142857,4.5,4.202290045056386e-05,-1.2795375592002646e-09,-3.7380747520722044e-05,3.378588208148728e-08,0.006086702648611553,0.008820596596978397,0.0011053493590103037,0.010830257054667298
485.7142857142857,4.6,4.129306008537154e-05,1.589126488318086e-09,2.9606083736572902e-06,3.372812999682386e-08,0.007655618923260518,0.0007045226155058427,0.001123102387231887,0.007850322997071882
485.7142857142857,4.7,4.059282580391579e-05,1.6086679521623012e-09,2.1652414110940673e-05,-4.923105916915885e-09,0.007878557648743708,0.005243596397596906,0.00016601948408180537,0.009466894883944725
485.7142857142857,4.8,4.0109115663569446e-05,-1.281330541468313e-10,-1.501392621991611e-05,-4.413195007665586e-08,0.000637524018138336,0.003698664954354519,0.0015129740022118197,0.004320270822646569
485.7142857142857,4.9,3.947526626102394e-05,9.90878958239966e-10,3.356866382579054e-06,-6.951648286683412e-08,0.004978891839829225,0.0008369335317028817,0.002421147255518175,0.006100305709963484
485.7142857142857,5.0,3.887498552230423e-05,nan,nan,nan,nan,nan,nan,nan
500.0,0.1,0.002238993396862846,nan,nan,nan,nan,nan,nan,nan
500.0,0.2,0.0010163238445052966,8.110853553267373e-09,0.08450608488039618,-9.025050781619663e-06,0.001612094651851781,0.3774289151491088,0.00570176668720971,0.37751848315878583
500.0,0.30000000000000004,0.0006387151409517092,6.752886296954147e-09,0.019900603321208892,-1.2959051840810455e-06,0.002136521774804513,0.19580966666088273,0.0018029979976715645,0.1958379224938302
500.0,0.4,0.0004601124706102106,1.583568457748063e-08,0.007808857834532445,-1.0050861162006997e-06,0.006910512559823511,0.12225884958507417,0.0022259694519801768,0.1224944544283845
500.0,0.5,0.00035959837861403653,3.7510604138726214e-09,0.0033071558130363613,-7.708364473430025e-07,0.0021103638038335298,0.07187711753716094,0.0023546897814295336,0.07198515672532023
500.0,0.6,0.00029215584474822607,1.8369886537812564e-08,0.0023114072087379325,1.2865564446800348e-07,0.012590536066507682,0.0642774646995505,0.0005066757921786943,0.06550288167218866
500.0,0.7000000000000001,0.0002478273829697949,-7.659130939962108e-09,0.0009876789943228095,-8.488112699613375e-07,0.0062479374802875435,0.03380658001807122,0.004072367142973816,0.03485813999011106
500.0,0.8,0.00021337571113459186,-9.4968658956537e-10,0.0009665330955988778,-6.701690884399812e-07,0.0009032096046301941,0.03900025429057121,0.0038268339045663454,0.03938432350295472
500.0,0.9,0.00018858937025537757,1.3661613689946766e-09,0.00038520783158737946,1.7497045608477818e-07,0.0014678393233177464,0.018053030944295268,0.0011648526865503717,0.018187364903071792
500.0,1.0,0.00016765510769203707,6.473591846814903e-09,0.0005236674722897929,-1.6566076306907514e-07,0.007765938309194441,0.027767602785918992,0.0012459316411485523,0.028886921843762105
500.0,1.1,0.0001519575198515945,-1.6137472282503596e-09,0.00027578988325935734,-4.289709833941288e-07,0.002159078009118204,0.016449834845828338,0.0036022560436500934,0.017355436655771966
500.0,1.2000000000000002,0.00013901783084374552,-1.1844642733227254e-09,0.00020885775008747822,-1.16588529421243e-07,0.0017331157196841943,0.013744482687757336,0.0010919096120352789,0.013939118611073931
500.0,1.3000000000000003,0.0001281667193367713,6.751481792875721e-10,0.00016351381730277546,8.195636172662078e-08,0.0010710491639301489,0.0117620751460698,0.0008394335179620973,0.011870250853099307
500.0,1.4000000000000001,0.00011895074600282485,-5.972043188572118e-09,0.00011728060243239939,7.675524104820375e-08,0.01022863295163632,0.009150628418929293,0.0008523468994181186,0.01377722479291501
500.0,1.5000000000000002,0.00011090757869320241,-5.10561049030038e-09,0.00010691325500363351,-1.1266390758566124e-07,0.00938572876838519,0.008988027279887303,0.0013507578643389476,0.013134901313441177
500.0,1.6,0.0001039335439336163,-4.527691073577907e-09,8.781553003212824e-05,-5.846191875447667e-08,0.00888800239069153,0.00791790164989965,0.0007523006301125513,0.011950801877303355
500.0,1.7000000000000002,9.783766447435147e-05,-4.969257631581429e-09,7.24330365332423e-05,-1.0447953557496914e-07,0.010365478529924232,0.00696916835430015,0.001435676689983169,0.012654437475495344
500.0,1.8000000000000003,9.246611538041906e-05,-3.0296322756113617e-09,8.870899822043387e-06,-2.112905398427906e-07,0.006686690563364002,0.0009066957873231868,0.003086573624061284,0.008036653620408958
500.0,1.9000000000000001,8.71832752847071e-05,-4.3891679327276536e-10,0.0001042896054553874,-7.843567739226185e-08,0.0010262893595104749,0.011278683550868855,0.001213337508304128,0.011454533962942336
500.0,2.0,8.2943331243549e-05,1.2327371916450388e-09,4.2820399598543104e-05,2.9086335514602033e-08,0.003027395468133974,0.0049115383035000845,0.0004760742348508354,0.005808754184969805
500.0,2.1,7.913159119837633e-05,1.563737301458926e-09,3.6615419107604776e-05,-1.9686281157133107e-08,0.004021809161079956,0.00441451031187665,0.000338423397415221,0.005990985813173659
500.0,2.2,7.568600534427971e-05,1.8699992012326886e-09,1.764298906523656e-05,nan,0.005023809700422774,0.002229575925120355,nan,nan
500.0,2.3000000000000003,7.241684938083546e-05,nan,4.889396688629698e-05,1.2457038023259886e-08,nan,0.006460106682059466,0.00023426347932648575,nan
500.0,2.4000000000000004,6.963663308625418e-05,4.01143884227316e-09,2.336817906425475e-05,nan,0.011678755191389298,0.003226898058124986,nan,nan
500.0,2.5000000000000004,6.709009858231544e-05,3.5685949082211255e-09,2.0492511735761123e-05,-2.0893670433846936e-08,0.010783349672580936,0.002942777504819689,0.0004258034340010905,0.011193890598573779
500.0,2.6,6.474848919573432e-05,3.152267919623342e-09,5.4828449864050225e-05,6.842138344124936e-09,0.009869566782621316,0.008172360903118825,0.0001447259230013197,0.012815526613956385
500.0,2.7,6.29551643077937e-05,-1.5592235313456005e-09,-2.222007008916823e-05,-1.0065733134794515e-09,0.005054531863221392,0.0034317511288946196,2.2060655866217885e-05,0.006109515652820959
500.0,2.8000000000000003,6.0939638718961395e-05,-1.5072589341649537e-09,1.4204916449095944e-05,-3.438138910826897e-08,0.0050476811248240175,0.002256354439748069,0.0007813577123204258,0.00563837386529846
500.0,2.9000000000000004,5.906616229462006e-05,-1.4331856630663145e-09,1.3007668459417448e-05,-3.187922406461694e-08,0.004950503181486642,0.0021345168322059824,0.0007478027043623741,0.005493820312513269
500.0,3.0000000000000004,5.7322762554872895e-05,-1.3744906206613172e-09,1.1552661951473438e-05,-8.909099592426987e-08,0.00488788249450393,0.0019558849775695845,0.0021541638957991234,0.006082575565127757
500.0,3.1,5.569488943464047e-05,3.384119815235964e-10,1.0301102254484468e-05,-8.603350085246484e-08,0.0012300662941432824,0.001797035208242732,0.0021416308376751726,0.0037303570763954903
500.0,3.2,5.417002733695288e-05,3.8994733284853497e-10,9.500873878650065e-06,1.1810145722394738e-08,0.0014558857857039445,0.0017058789370252025,0.0003004941929550953,0.0022825906091107303
500.0,3.3000000000000003,5.27401739780518e-05,-5.548224223658604e-10,8.553136152792853e-06,-7.506865315124441e-08,0.0021337124641235762,0.0015789425579555148,0.0019619051884142906,0.0038397828607270534
500.0,3.4000000000000004,5.1395851980678646e-05,-9.479536273625814e-10,-2.42153938515508e-05,-1.06142664420518e-07,0.003722859229119286,0.004591451264766061,0.0028573925970497484,0.007160341504698636
500.0,3.5000000000000004,4.980937604478998e-05,2.1368388026388665e-09,7.227778522518454e-05,7.099335166110005e-08,0.008599027897464195,0.014062960810992316,0.0019516648575002766,0.016713112785620647
500.0,3.6,4.8945677961153166e-05,1.1581651154080943e-09,-2.854566368340054e-05,4.599805587322541e-08,0.004772320864517873,0.005730981985747319,0.0012957317867691347,0.007679651208314137
500.0,3.7,4.7796523240682344e-05,4.942642841178848e-10,5.531950480700274e-06,-6.471086424273105e-08,0.0020840130332910414,0.00113022246521763,0.0018665275135180232,0.003548008323165138
500.0,3.8000000000000003,4.6702688025018524e-05,-1.9428921754565987e-10,1.516302507845979e-05,4.74717643128936e-09,0.0008377319024133092,0.003172411725870822,0.000140111768347916,0.003287134544557443
500.0,3.9000000000000004,4.57604830601393e-05,8.433091255682687e-11,-5.464456243434064e-06,1.454227512469995e-08,0.0003716304074856392,0.0011700517624396198,0.0004389213962395386,0.0013756577592954342
500.0,4.0,4.476363353282574e-05,5.86233439612416e-10,4.902851794498963e-06,-1.0292384335363564e-07,0.002633476288883937,0.0010714160923641347,0.0031749615983115926,0.0053144982932161475
500.0,4.1,4.381581252345717e-05,2.7088900464690015e-09,5.530112327190865e-05,4.412700178104162e-09,0.012304982727289656,0.01235402913200861,0.00013875903953332907,0.017437693191919585
500.0,4.2,4.342100274680768e-05,1.913898059909955e-10,-5.523728137334884e-05,8.056279079216976e-08,0.0008870079298468741,0.012606700228091653,0.002561664048773235,0.013146859667089016
500.0,4.3,4.2473820156424706e-05,1.0415516109628708e-09,1.3105652184389597e-05,-7.531954217999867e-09,0.004922069541435445,0.003018274879741954,0.0002443511637838577,0.005784130600435375
500.0,4.3999999999999995,4.165769408788563e-05,1.0342300040179255e-09,4.1366113565762454e-06,-9.271754841311886e-08,0.004980478061178732,0.0009739202504841164,0.003067092896195743,0.006675911925720298
500.0,4.5,4.088293413291231e-05,2.6436252364799468e-09,4.397089826240133e-05,-9.138200168889422e-08,0.012838603442386205,0.010555288578776233,0.0030804389447318076,0.01718202734011722
500.0,4.6,4.054788316056301e-05,-1.2898768562482183e-09,-3.688917681460358e-05,6.483152739840721e-08,0.006374925331285617,0.00902312360817234,0.0022039522907507337,0.011479165650326459
500.0,4.7,3.984394042006767e-05,6.263148523617157e-10,3.4644476725465535e-06,3.330192594017535e-08,0.0031488164495438917,0.0008544090104107054,0.0011521107860783077,0.0036468861123957726
500.0,4.8,3.91746421562978e-05,1.4976835782152544e-09,3.1906005457214973e-06,-3.541413797289914e-08,0.007620454970974712,0.0008007743491440746,0.0012463193846113038,0.007862518523972845
500.0,4.9,3.853724989798514e-05,1.4882025851892392e-09,2.937436961992877e-06,-4.001980423369544e-09,0.007693800246859893,0.0007498312174169149,0.0001425390412115392,0.0077328806954286644
500.0,5.0,3.792923200929241e-05,nan,nan,nan,nan,nan,nan,nan
514.2857142857143,0.1,0.0022612166360559266,nan,nan,nan,nan,nan,nan,nan
514.2857142857143,0.2,0.001026786010026957,8.179695301352114e-09,0.08526837056359023,-2.4175751325293417e-06,0.001606793195710329,0.37709067412628616,0.0015211942932564409,0.37710023383915636
514.2857142857143,0.30000000000000004,0.0006450390896338899,2.4094251821394327e-08,0.02043681287145118,-1.8801388544352338e-06,0.007492522256907411,0.1990367288985038,0.0025852992622579013,0.19921125692324118
514.2857142857143,0.4,0.00046766029795533456,-1.5903678492777634e-08,0.007246283763814191,-1.7920174296721992e-06,0.006876921011138903,0.11233867652775935,0.003900810617935005,0.112684084650655
514.2857142857143,0.5,0.0003627443439149212,5.062000927274114e-09,0.00399314844060593,-6.003270062147997e-07,0.0028154691045080412,0.08538566258595058,0.0018171148160013794,0.08547070874884158
514.2857142857143,0.6,0.00029775987428056714,-1.3663616101519889e-08,0.001740122593990215,-6.180832464023294e-07,0.009277182971027241,0.047971046914472286,0.0024064317973916676,0.04897825327570813
514.2857142857143,0.7000000000000001,0.00025017663058611524,-4.436496663260493e-09,0.0011989793705239453,-6.434794616016516e-07,0.0035983061302873472,0.04026665357180382,0.0030583219415091785,0.04065781429288542
514.2857142857143,0.8,0.0002145831805969028,1.1405247659929124e-08,0.0010955066634684822,-2.6822543927673767e-07,0.01067128287494082,0.04378932839977591,0.001522845887181236,0.045122274755298356
514.2857142857143,0.9,0.00018994479724237517,-2.2073667956464502e-09,0.00048135562467814866,-2.7122632589124366e-07,0.002360406761172102,0.022432122747885884,0.0017764042071788159,0.022695437313895752
514.2857142857143,1.0,0.00017011997013462903,-8.51154067177977e-09,0.00022404150399562385,-9.310724357880964e-08,0.010167232383737861,0.011795085058831084,0.000696937533823918,0.015603464030211154
514.2857142857143,1.1,0.00015253555806683913,2.8040403473260215e-09,0.00045244816081889286,-3.624912300860581e-07,0.0037235251930390783,0.026595828841307456,0.003031029164790336,0.027195165511813627
514.2857142857143,1.2000000000000002,0.00013947562760723817,1.007948540983839e-09,0.00022295110761892575,-1.8703184689695606e-07,0.0014678540289426872,0.014616336704995138,0.001738535810085228,0.0148941903992788
514.2857142857143,1.3000000000000003,0.00012864520822382646,-1.4572679495318776e-09,0.00013393864986676465,-1.458330698419643e-07,0.002308547499760461,0.009603014674645124,0.0014866151920629443,0.01009788749484983
514.2857142857143,1.4000000000000001,0.0001191541753390824,-5.825766276870894e-10,0.00013523524809969553,-9.294432182232289e-08,0.00099710226521392,0.01051226469814587,0.0010306715884346924,0.010659572686444404
514.2857142857143,1.5000000000000002,0.00011101549493533529,-4.28097040318741e-10,0.0001085644728346442,7.975679744150378e-08,0.0007868322702516053,0.009111260476244111,0.0009555477465273802,0.009244474862276628
514.2857142857143,1.6,0.00010396245925993463,3.3608509980793254e-09,8.830366353783092e-05,-7.650661197533397e-08,0.006552406340360184,0.007954174648256658,0.0009843214473403774,0.010399072103199871
514.2857142857143,1.7000000000000002,9.779246021991227e-05,-1.0697013092216977e-09,7.269197107114985e-05,-1.8377305094012037e-07,0.0022313123561357165,0.006992136545115774,0.002508022502035574,0.008151630636726682
514.2857142857143,1.8000000000000003,9.234938089060141e-05,-3.5742623011145657e-10,9.036188966208429e-06,9.997018186616226e-08,0.000788874154538362,0.0009240169381042428,0.0014597092672886552,0.002395335472041217
514.2857142857143,1.9000000000000001,8.699666345095264e-05,3.115258060320325e-09,0.00013934844669451357,8.770194935082673e-08,0.007270409969223713,0.015089267015183138,0.0013549666119005263,0.01685872798329731
514.2857142857143,2.0,8.3037430478249e-05,3.205785143862683e-11,1.5423813347860607e-05,-2.3111667650727727e-08,7.869341317642543e-05,0.0017729201024538504,0.0003775671451538461,0.0018532544998357827
514.2857142857143,2.1,7.923243563902398e-05,-3.489401230406007e-10,3.614439972611765e-05,-2.1716833041718618e-08,0.0008984407292942695,0.004352783981626863,0.0003731629373524947,0.00447575974448912
514.2857142857143,2.2,7.578888479706012e-05,-6.62059610917417e-10,2.1875253743754713e-05,4.2704013344448165e-09,0.0017827707410060468,0.002760896287906187,7.696712315871987e-05,0.003288262109938329
514.2857142857143,2.3000000000000003,7.256408649253382e-05,-6.840170619731089e-10,6.543301373221538e-05,-7.349935736842073e-09,0.001923549598004907,0.008633589728549952,0.0001386004817986972,0.008847447928302134
514.2857142857143,2.4000000000000004,6.999361832532966e-05,-3.3580945172407437e-09,-5.255749567732714e-06,-4.2415443119839107e-08,0.009791255661286115,0.0007242907368886238,0.0008349462194541261,0.009888759015921641
514.2857142857143,2.5000000000000004,6.737059266244818e-05,-3.1775677599855832e-09,2.1054073169233207e-05,7.224413125246754e-09,0.009625612462290939,0.0030079989680450695,0.00014814539541920245,0.010086841288646245
514.2857142857143,2.6,6.495810773125904e-05,-1.711617254936302e-09,1.8633777500642528e-05,-5.520034415739244e-08,0.005377460275008238,0.002765862190645214,0.0011753989959309287,0.006271379295354674
514.2857142857143,2.7,6.273196057507632e-05,2.130611695386547e-10,1.6510598798377974e-05,-9.713801112544891e-08,0.0006906799753842645,0.002541730258936218,0.0021408820911093113,0.004013001843215866
514.2857142857143,2.8000000000000003,6.0670919406877366e-05,2.56229340116847e-10,1.4770878988219822e-05,-2.7234693730065893e-08,0.0008580901226838419,0.0023546018413600103,0.0006180065727165291,0.0026541161877026375
514.2857142857143,2.9000000000000004,5.875758702856061e-05,2.871307718490883e-10,1.3225288230974928e-05,-2.4823929399735572e-08,0.000992075909919626,0.002179839758531132,0.0005819324996146106,0.0025324310162630954
514.2857142857143,3.0000000000000004,5.69765075325536e-05,3.2100927722982275e-10,1.1711569924976755e-05,-2.2948831681193417e-08,0.001142863575898476,0.0019932013068004397,0.0005550393657763306,0.002427988055503819
514.2857142857143,3.1,5.531254373579636e-05,3.6751372606531935e-10,1.0942706229251379e-05,-2.0823358420523177e-08,0.001346672953284845,0.0019205645805859988,0.0005189501266270162,0.002457786569082595
514.2857142857143,3.2,5.375800700133163e-05,3.824553118143383e-10,9.695491808952144e-06,-7.098938972669589e-08,0.0014408725320812473,0.0017528558902051652,0.001820874678533859,0.003432169374518795
514.2857142857143,3.3000000000000003,5.230042518495643e-05,-1.057638862619763e-09,-2.100140958142304e-05,-6.835283874651586e-08,0.004092604357554698,0.0039066570270923215,0.001802600391682124,0.0062056519318271965
514.2857142857143,3.4000000000000004,5.063282927276699e-05,1.908399075357854e-09,3.757884443038119e-05,4.1479708663313914e-08,0.007577833308396888,0.007185189087370993,0.0011235595598629822,0.010562919674041053
514.2857142857143,3.5000000000000004,4.934102180488137e-05,3.841263587228071e-10,5.5118913964183696e-05,-1.6753409392919224e-08,0.0015738630084972866,0.01088600316353042,0.0004656687469424954,0.011018883991115816
514.2857142857143,3.6,4.860040347663758e-05,-2.6546289769253634e-09,-5.678027755864604e-05,1.2444829412921079e-08,0.011068618073469814,0.01150772227279426,0.00035692733265234284,0.015974879411303745
514.2857142857143,3.7,4.729198237280733e-05,1.0872105363552668e-09,5.095854379623816e-06,2.6282736151588202e-08,0.004642172406133057,0.0010485210029322937,0.0007671109584106712,0.004881196511807406
514.2857142857143,3.8000000000000003,4.6034519812773324e-05,1.2456461670693318e-09,4.506183648836549e-05,-7.434909733334847e-08,0.0054432306625981615,0.009528430450036672,0.002222190841280561,0.011414727817936671
514.2857142857143,3.9000000000000004,4.522767561762297e-05,-7.175517574935364e-10,-2.041715752951702e-05,5.5614467018433334e-08,0.003200122122616168,0.004435184207971649,0.001701170574062056,0.005974914493313503
514.2857142857143,4.0,4.4216659847177445e-05,1.6151448829357917e-09,5.110503686303369e-06,3.5784029553404546e-08,0.007363598051955677,0.0011299505483125163,0.0011171219969851804,0.007615463716983589
514.2857142857143,4.1,4.3256749113594954e-05,5.417095499914169e-10,5.495082292454426e-05,-1.343356918061764e-07,0.0025231295055139704,0.012427628661790932,0.0042871437371354544,0.014056007238995081
514.2857142857143,4.2,4.2846346609257906e-05,-1.8749664590026466e-09,-4.611445311466683e-05,-7.849452021996614e-08,0.008812468435016067,0.010660637717727557,0.002559236550175429,0.014297138871337076
514.2857142857143,4.3,4.197479957377419e-05,-2.244556722842261e-09,4.426964469057679e-06,9.531971497537447e-08,0.010784826956771002,0.0010332186567573384,0.003136063489537983,0.01170682799484951
514.2857142857143,4.3999999999999995,4.114752218298105e-05,1.6204008038490705e-10,-3.7761622543488302e-06,7.894249443806623e-08,0.0007938366461287617,0.000899626035786523,0.002655164796551073,0.003941992366645341
514.2857142857143,4.5,4.028248316964442e-05,9.598508514738493e-10,1.2202190470214932e-05,-7.620367257896245e-08,0.0047914351801505535,0.0029654739393425392,0.0026132600899332003,0.006738704873028606
514.2857142857143,4.6,3.9539466061009944e-05,2.9111401557291406e-09,4.264254414689251e-05,-7.512391570354674e-08,0.014652065399086544,0.01058587772936167,0.002625053261284853,0.018453336744590907
514.2857142857143,4.7,3.922287439384439e-05,-9.415911712626336e-10,-3.6046436781284176e-05,-1.706699900568543e-08,0.004822852898008119,0.009116571459428418,0.0006012996302281107,0.010348666954797367
514.2857142857143,4.8,3.8545818358865995e-05,-1.286750177218435e-09,3.418602436266196e-06,-1.6552142508452088e-08,0.006703368876622586,0.000871583862503129,0.0005934633377101385,0.0068116965722102105
514.2857142857143,4.9,3.790294834825026e-05,-1.2753430310856391e-09,2.874142040413651e-06,6.181885445842084e-08,0.00675383138821924,0.0007456430198614695,0.0022543319955283404,0.007505614393618228
514.2857142857143,5.0,3.7288819758038665e-05,nan,nan,nan,nan,nan,nan,nan
528.5714285714286,0.1,0.002270373203519496,nan,nan,nan,nan,nan,nan,nan
528.5714285714286,0.2,0.0010389175011203218,-3.417093913709208e-08,0.08488184338441869,-2.5148884756046228e-06,0.006679270010721137,0.37386735913212965,0.001566135472663181,0.3739335775681911
528.5714285714286,0.30000000000000004,0.0006562802325653347,-1.9994632778000844e-08,0.01983195126181154,-1.3135687404875326e-06,0.006150566963489453,0.19089053019537802,0.0017973097497003781,0.1910065041743805
528.5714285714286,0.4,0.0004719624766284631,5.776397847573579e-09,0.007927864993794373,-2.096347760452046e-06,0.002469101943883276,0.1207999967148962,0.004514015934078809,0.12099375335294982
528.5714285714286,0.5,0.00036692337062953527,-9.483631145716346e-09,0.0038691146100357917,-9.078540960407682e-07,0.005242708922348999,0.08197928440573096,0.002716414382653328,0.08223653009895769
528.5714285714286,0.6,0.0003005754107309654,-5.074423058811287e-09,0.001739301988774199,-6.301336703550927e-07,0.003425097457103932,0.04740232233749669,0.002438438563835079,0.04765084910930542
528.5714285714286,0.7000000000000001,0.0002516204707201375,-3.225454258591125e-10,0.0015452720913154963,5.787575421491753e-09,0.00026018178348864783,0.051410462604295194,2.734519124724812e-05,0.051411135518164376
528.5714285714286,0.8,0.00021811825162246456,-1.1963809783612139e-08,0.0006233708685061445,-1.8305599395184326e-07,0.011138062030680958,0.024774250947152986,0.0010336368714723948,0.02720214598438774
528.5714285714286,0.9,0.00019084974120985309,-1.6693082437637545e-10,0.0007266552663289638,-5.843272495479415e-07,0.00017769353966345692,0.03331473918041088,0.0038079769643428957,0.03374766360468194
528.5714285714286,1.0,0.00017084778346053125,-8.138473142907902e-10,0.00028400237029817087,1.9737004044256303e-07,0.0009689736175856504,0.014880940812274394,0.0014706670783269356,0.015056793571027667
528.5714285714286,1.1,0.00015368584941419111,2.9550259852495936e-09,0.00036152127867540893,1.553250307929336e-07,0.0038797581261473127,0.021160431312175997,0.0012945192303562571,0.021590922548845586
528.5714285714286,1.2000000000000002,0.00014013912815460507,4.165518777557379e-09,0.00022338885935091344,-3.3178794780095875e-07,0.006001337535218109,0.01453542145893141,0.0030493129168569695,0.016306169008390752
528.5714285714286,1.3000000000000003,0.00012882629548852817,3.163163456795414e-09,0.00017252486635647836,-1.996556144092157e-07,0.004979012668319811,0.012310970435476416,0.002013531945957454,0.013581575093090123
528.5714285714286,1.4000000000000001,0.00011923871148601604,4.249012698345268e-09,0.00013849169510420586,-1.0542593857923326e-07,0.007214765060741803,0.010750266052363386,0.0011616281094784461,0.013050663385734775
528.5714285714286,1.5000000000000002,0.00011103604443454598,1.7845072783888533e-09,0.00018438851619687353,-1.1561523225124263e-07,0.0032685569228712848,0.015463813211240386,0.0013741915078824367,0.01592450275490117
528.5714285714286,1.6,0.00010467726254504465,-5.164831758818051e-09,-7.89531079707333e-05,-1.2223987774370937e-08,0.010069496202810915,0.007110583628298731,0.00015672875221198974,0.012329001626936108
528.5714285714286,1.7000000000000002,9.752894957583599e-05,4.226025024918776e-09,0.00017790656655622593,-1.8560040271265036e-08,0.008789081882719253,0.01699572211106202,0.00025411967389836444,0.01913718067101083
528.5714285714286,1.8000000000000003,9.215970227218959e-05,3.1794097681006836e-09,6.55363599740783e-05,6.845734331531741e-08,0.007005689518166589,0.00671968274641561,0.0009966198369076602,0.009809195891410293
528.5714285714286,1.9000000000000001,8.744581856828397e-05,-8.412938240469024e-10,4.0613726723160753e-05,6.47706096815094e-09,0.0019572069701591856,0.004406885625911629,9.99034318000021e-05,0.004824029584826057
528.5714285714286,2.0,8.313807213160996e-05,5.156288118356764e-10,4.3174211472738664e-05,-9.706677503922012e-08,0.0012626036700040975,0.00493725282461907,0.0015807299931745462,0.005564894258147229
528.5714285714286,2.1,7.926206780966334e-05,5.521613524362347e-10,3.705865558141442e-05,-4.443077319273949e-08,0.0014191406295218712,0.004457483151972722,0.0007615734265544739,0.004800323358332046
528.5714285714286,2.2,7.575665004353086e-05,5.737559499631354e-10,3.204960080637744e-05,-2.2901043887928447e-08,0.0015439177512976976,0.004043497941958824,0.0004120147342348302,0.0043672725941771235
528.5714285714286,2.3000000000000003,7.257172828546215e-05,1.2643782514229082e-10,2.7847162532992164e-05,-6.888995657452186e-08,0.0003553966813027891,0.003675870371378723,0.0012976300950579421,0.004123835291989867
528.5714285714286,2.4000000000000004,6.966527815272337e-05,1.546670272831427e-09,2.4377550627275557e-05,-8.11276992426676e-08,0.004509653908564473,0.003359097434111813,0.0015962597053602518,0.006059422748150273
528.5714285714286,2.5000000000000004,6.700260352625734e-05,1.5360453517155666e-09,4.7848772312789364e-05,-2.7182818340261937e-08,0.004653048619861534,0.0068683817220815705,0.0005548019742093067,0.008333135028318731
528.5714285714286,2.6,6.48184166229192e-05,-1.063209470507259e-09,-8.199100588771815e-06,-2.469663310090408e-08,0.0033403301323216097,0.0012236988053096636,0.0005236840442629539,0.003633694279303531
528.5714285714286,2.7,6.255223871369335e-05,-1.0004796682269965e-09,1.6843099239050135e-05,-2.247534806324404e-08,0.003254792648854014,0.0025985051959900194,0.0004942822568536402,0.004223095350510324
528.5714285714286,2.8000000000000003,6.0454491796858e-05,-9.4050149981867e-10,1.5086499918240628e-05,2.1666795679810438e-08,0.0031636092459460803,0.002411824137468966,0.0004934098181074486,0.004038839638847165
528.5714285714286,2.9000000000000004,5.8507609879205054e-05,2.9469243293907504e-10,1.3503664607603698e-05,2.217293732426535e-08,0.001023549738614622,0.0022336908650194835,0.0005220890841710219,0.0025655765378391313
528.5714285714286,3.0000000000000004,5.6695764607628146e-05,3.106308313404142e-10,1.212815021388338e-05,-1.9382903531547424e-08,0.0011126348377198986,0.0020729184184626903,0.00047125594477638306,0.002445222154055539
528.5714285714286,3.1,5.500520083819007e-05,3.1415546691293183e-10,1.094017014102895e-05,-7.443688290489947e-08,0.0011591106874548577,0.0019296274098677564,0.0018663552533313798,0.0034689426904981144
528.5714285714286,3.2,5.342403877016229e-05,-1.2519938888066388e-09,-1.9804497611421658e-05,-7.042471037412052e-08,0.0047529469776099505,0.0036004772838992005,0.0018188772801055835,0.006493887184423079
528.5714285714286,3.3000000000000003,5.1644831726020286e-05,1.7551190774701242e-09,3.936510820296744e-05,4.1684955901432673e-08,0.006848654969131406,0.0073684261072663685,0.0011077407873504603,0.010180960538592248
528.5714285714286,3.4000000000000004,5.025927576390796e-05,3.0312059779240706e-10,7.73408976103445e-06,4.185002952593238e-08,0.0012217635746758194,0.0014975534826145586,0.001143121805495652,0.0025196879945927645
528.5714285714286,3.5000000000000004,4.895106069940598e-05,3.2372284028087107e-10,7.052234151894662e-06,-9.376118397301797e-08,0.0013389646860752747,0.0014031706674450318,0.0026454091240152204,0.004214035265559692
528.5714285714286,3.6,4.771336797642294e-05,2.709930961832858e-09,5.3364595278940926e-05,-2.5717568599113332e-08,0.011379476208130282,0.010901621847713818,0.0007446011932688504,0.01579388171273893
528.5714285714286,3.7,4.7009321206229315e-05,-1.4479084816885528e-09,-6.847093320240284e-05,8.375878451212549e-08,0.006248237270872383,0.014350471598701028,0.0024620249604185357,0.016034326861757913
528.5714285714286,3.8000000000000003,4.562056510401166e-05,4.189851719332081e-10,3.16620039130277e-05,-2.7030379105892277e-08,0.001857457801087493,0.006735260816493581,0.00081651953157149,0.007081475555270244
528.5714285714286,3.9000000000000004,4.454842904092428e-05,1.6817779225290249e-09,5.230145883730187e-05,-5.0023096154504886e-08,0.007588715968765389,0.011464447824804066,0.00155234737378923,0.013922705869193322
528.5714285714286,4.0,4.3999307566209924e-05,-2.9083653127755243e-09,-6.419474183768198e-05,7.58992094712379e-08,0.013423536364668396,0.014410102268412134,0.00239736932356346,0.0199834215105121
528.5714285714286,4.1,4.2808238673118745e-05,1.5457416527434061e-09,2.718744755575769e-05,-1.3098398000684664e-08,0.007292676556051494,0.0061790625943024605,0.000423188843492657,0.00957716677781087
528.5714285714286,4.2,4.188904425558514e-05,3.9763902557166856e-09,4.785635249207961e-06,-1.2978125634770228e-07,0.018939962906359895,0.0011179238851079106,0.004286077862567872,0.01991765236154031
528.5714285714286,4.3,4.101770619054362e-05,2.895979314000471e-09,5.2405155673455935e-05,-3.9724292094228113e-08,0.014080262265265799,0.012510468215437661,0.0013244767219844657,0.01892812926842749
528.5714285714286,4.3999999999999995,4.067041968223666e-05,-1.8418484816197436e-09,-4.45213038680948e-05,9.359325988869206e-08,0.009135117384637775,0.010854167139740963,0.003185355459502522,0.01488476713742304
528.5714285714286,4.5,3.987792013524875e-05,1.0179317230188418e-10,3.973860905913178e-06,9.179404011137769e-08,0.0005157109284652434,0.0009770887384397498,0.0031869317047356015,0.0046404447573289995
528.5714285714286,4.6,3.912515919731997e-05,1.1298739836555042e-10,3.7248644706935487e-06,-7.422471066490816e-08,0.0005831806805909696,0.0009340668866531684,0.0026322930615601554,0.003882076014046088
528.5714285714286,4.7,3.8409646904098124e-05,2.0284129361202478e-09,-3.974212642544129e-06,-7.320353633377187e-08,0.010554091970449165,0.0010157690662678145,0.002644863244118015,0.011243275647108324
528.5714285714286,4.8,3.765439248445084e-05,2.7390546861267044e-09,1.0923464573516947e-05,-4.278828778084095e-09,0.014501981695303165,0.002843937774484323,0.0001558430542020511,0.014779852139691145
528.5714285714286,4.9,3.7008372710538724e-05,2.7058175803935573e-09,3.9987999772410505e-05,-4.3497306407471e-09,0.014568989842014868,0.01061974370956146,0.0001612081719864102,0.018030152457007485
528.5714285714286,5.0,3.6762232934350714e-05,nan,nan,nan,nan,nan,nan,nan
542.8571428571429,0.1,0.0022939891759063526,nan,nan,nan,nan,nan,nan,nan
542.8571428571429,0.2,0.0010440753311653005,2.7574991931426378e-08,0.08692793517708981,-7.301509016986732e-06,0.005334874374688484,0.37893786112894234,0.004495184716543187,0.3790287282685087
542.8571428571429,0.30000000000000004,0.0006634408381951467,-2.937527889694411e-08,0.0194637166780185,-1.3122723299362535e-06,0.009020307470088718,0.1864206163773154,0.0017771775346660202,0.1866556425006557
542.8571428571429,0.4,0.00047744351200517803,-1.233604555780374e-08,0.00777207766012428,-3.817008929955065e-08,0.0052404739849961305,0.11714801400028042,8.204659434738365e-05,0.11726522594138727
542.8571428571429,0.5,0.0003691669624164521,1.7742694263040765e-08,0.004146493781102285,-8.676141208783991e-07,0.009655076693335833,0.08684784014946077,0.0025799973303613625,0.08745902250214
542.8571428571429,0.6,0.0003023553506387491,-3.5850534687253966e-10,0.0017454746395999608,-4.463404792702372e-07,0.00024062305102370653,0.04728144220096585,0.001700201810595309,0.047343152075558524
542.8571428571429,0.7000000000000001,0.00025299848525704564,1.3727817893559493e-08,0.0015570108939293905,-1.7380476023777858e-07,0.010893600737670867,0.05149605888038974,0.0008165848135595281,0.05264834507142482
542.8571428571429,0.8,0.0002192117288146361,1.502295979468871e-09,0.0006295645289925571,-3.723020398289035e-07,0.0013897308319651507,0.02488412246235078,0.0020680612643714457,0.02509391673878298
542.8571428571429,0.9,0.00019172061766215215,8.273314007519331e-09,0.000717999898813449,-1.2755227197119883e-07,0.008690714830023701,0.032753717271240754,0.0008259645850598295,0.033907210948892784
542.8571428571429,1.0,0.00017140950549780269,3.1420328822963276e-09,0.000434081395569183,-1.6247925069100968e-07,0.0037148604751123973,0.02264135182028864,0.0011947359698757799,0.023006211958405277
542.8571428571429,1.1,0.00015543920728914505,-4.924422953846682e-09,0.00021838254944554547,4.514147120929812e-08,0.006434469825210772,0.01274039901178905,0.0003735988496177087,0.0142828330912328
542.8571428571429,1.2000000000000002,0.00014165273457494287,-4.922472877893637e-09,0.00017866644551004914,-2.1988137978637418e-08,0.007066501843450292,0.01149429726424796,0.0002011147461611051,0.013495747929797424
542.8571428571429,1.3000000000000003,0.00012965292631584118,3.5418342496325023e-09,0.0002537275024852087,-2.0872909924101706e-07,0.00550922409883541,0.017911938180831345,0.0020975010341543346,0.01897335238542914
542.8571428571429,1.4000000000000001,0.00012019039308159158,-5.26002437397203e-09,6.929192452695571e-05,-3.1810162074306243e-07,0.008931448966194626,0.005344416550858022,0.003463587209200103,0.011503323068413463
542.8571428571429,1.5000000000000002,0.00011142077909261154,-1.034428672548158e-09,0.00016868534288052154,-1.303972806352449e-07,0.00189174260782201,0.014034844096566775,0.0015514616560033676,0.014330722432916
542.8571428571429,1.6,0.00010433801853243671,3.739922728439225e-09,8.726350462159452e-05,6.888402529311012e-08,0.007285555460501526,0.007831887851821805,0.0008818161597066445,0.010769075409272475
542.8571428571429,1.7000000000000002,9.812789301847783e-05,-1.2049220531886095e-09,7.011152856058963e-05,1.2100047523202388e-07,0.00249695499264051,0.0067196530609591075,0.001650004601545591,0.0075388030790817665
542.8571428571429,1.8000000000000003,9.261888279012484e-05,-6.966243643874168e-10,6.134085066910145e-05,-6.88443167322102e-08,0.0015297451810449014,0.0062511125819802085,0.0009986605519183424,0.0065887157039469435
542.8571428571429,1.9000000000000001,8.772328106846287e-05,1.795031444629284e-11,5.1626480793239724e-05,-1.3522392389451053e-07,4.162665948167991e-05,0.005574077254875311,0.0020786051932745555,0.006301846485048156
542.8571428571429,2.0,8.33439441547333e-05,-2.000470984276934e-09,4.397787295920817e-05,-4.3620114810986765e-08,0.004898488890666768,0.0050132498948467314,0.0007080832872621955,0.007080298849876789
542.8571428571429,2.1,7.94043859705958e-05,1.2100162435369093e-10,3.7668055455616145e-05,3.45413341052186e-08,0.0003103402675679762,0.004519591175776734,0.0005935029955011074,0.004607331883983469
542.8571428571429,2.2,7.584150834101447e-05,1.5262088193843514e-10,3.265430047414823e-05,-3.5992963780460394e-08,0.00041005974553726685,0.004112405136693638,0.0006461934911121124,0.004232630040427066
542.8571428571429,2.3000000000000003,7.260517371617462e-05,1.8015139465673998e-10,2.8374588323768503e-05,-3.25334663875735e-08,0.0005058878034014062,0.003741300633972724,0.0006118733783494008,0.003873245533872133
542.8571428571429,2.4000000000000004,6.965258497457246e-05,1.9768828430469842e-10,2.4809680030345168e-05,-2.9535697140924627e-08,0.0005789955650835135,0.0034170677873907756,0.0005805796998638325,0.0035617037641833753
542.8571428571429,2.5000000000000004,6.694809303327375e-05,2.1511992693226845e-10,2.18142898011014e-05,-7.305323641555886e-08,0.0006552286567094362,0.003131870814136328,0.0014977240575414581,0.003837224790664354
542.8571428571429,2.6,6.446174398998605e-05,1.5231963215350696e-09,1.92942381484074e-05,-6.952565796197533e-08,0.004795803543897396,0.002881969787969615,0.001482365808041841,0.005974972658358491
542.8571428571429,2.7,6.216833732818243e-05,1.4964322507648359e-09,1.711944388641884e-05,-2.007256774487771e-08,0.0048822287286726385,0.0026557525171950515,0.00044239119485460347,0.005592906107761336
542.8571428571429,2.8000000000000003,6.0046125105242986e-05,1.467766199760738e-09,3.9386116039067215e-05,-1.848504620417569e-08,0.0049548695803562845,0.006335398006729791,0.0004221624902024058,0.008065013502672122
542.8571428571429,2.9000000000000004,5.831777404269421e-05,-9.229914231528481e-10,-1.1100725023041085e-05,-1.71345814532843e-08,0.0032195059232586246,0.001848699646077881,0.000404899169228713,0.003756433873474955
542.8571428571429,3.0000000000000004,5.647841572991502e-05,-8.839766571697373e-10,1.2291388404242626e-05,-5.1906904064018875e-08,0.003181955489460367,0.0021076573319215083,0.0012674029967136135,0.004216595887427055
542.8571428571429,3.1,5.476197130117826e-05,-1.8531264720359061e-09,-2.1096529034787074e-05,-3.6670520907325914e-08,0.006875514863371216,0.0037353259226803773,0.0009239924499049555,0.007933025178331986
542.8571428571429,3.2,5.283456158209363e-05,1.7361061989093762e-09,4.402739709057857e-05,5.569817079535405e-08,0.006631984321829457,0.00803977578682075,0.001446568946380244,0.010621032632498792
542.8571428571429,3.3000000000000003,5.134742583391478e-05,2.373505901521923e-10,8.729351580123754e-06,4.415141835703043e-08,0.0009379233958278521,0.0016522047914716217,0.0011806193662577363,0.0025292696861680592
542.8571428571429,3.4000000000000004,4.9947583601537174e-05,2.500526610670675e-10,7.942411054262796e-06,-8.365457657528292e-09,0.0010153579522221444,0.0015467982913014628,0.00023140076939098377,0.0018789969018769962
542.8571428571429,3.5000000000000004,4.8627165479702194e-05,2.627131862045456e-10,7.263225340901944e-06,-6.936907163553124e-09,0.001095276286030752,0.0014541695147547466,0.00019717489410424222,0.0018417369513894788
542.8571428571429,3.6,4.737937961127623e-05,2.7432204769163403e-10,2.9957476992581194e-05,-4.1883880131123626e-08,0.0011733418482070576,0.006160646358276006,0.001222325188017015,0.006505263436250298
542.8571428571429,3.7,4.643116851277608e-05,1.581687785277681e-09,-1.9083984108038417e-05,3.931608366339939e-09,0.006866583419717602,0.0040279092433486525,0.00011771508947473588,0.007962520607017244
542.8571428571429,3.8000000000000003,4.529211757319555e-05,3.3010690550928665e-10,5.933581480017604e-06,4.0032345232574295e-08,0.0014767190207484048,0.001277930681065007,0.001216547338921903,0.0026026487945021177
542.8571428571429,3.9000000000000004,4.421240244841519e-05,3.297576625371688e-10,5.572402022480809e-06,-8.672770599211047e-08,0.001510658930051605,0.0012303249044329577,0.0027158085956058694,0.004306625410846186
542.8571428571429,4.0,4.3188411343859643e-05,2.629728314765062e-09,5.107654734901566e-05,-4.6579490572342e-08,0.012197447587184057,0.01155253831967381,0.0014937031635376243,0.016932252288197176
542.8571428571429,4.1,4.267518571279425e-05,-2.963609668897452e-09,-4.1870996436409455e-05,3.594553334125672e-08,0.014128549048545243,0.009694961016981819,0.0011670811373294605,0.01721430579779987
542.8571428571429,4.2,4.1743250117364764e-05,-2.881797176152788e-09,-1.5968552809151716e-05,7.354715819306855e-08,0.01403999263138658,0.0037418824411499306,0.0024543726185403034,0.014938907831366267
542.8571428571429,4.3,4.065162899384376e-05,1.379348276987071e-09,2.5742186594099203e-05,-1.2262075004225131e-08,0.006862881289778364,0.006166790204817023,0.0004181821361011427,0.009245441775584623
542.8571428571429,4.3999999999999995,3.981742973626375e-05,3.705383639703725e-09,5.109007389656399e-05,-1.2480865162187118e-07,0.01859338430006313,0.012567780224576247,0.004346856279999287,0.023269150361390985
542.8571428571429,4.5,3.9494131217649375e-05,-1.941719103610118e-09,-4.3692171267734676e-05,-3.9085648098165167e-08,0.009937057987839294,0.01097312698412123,0.0013729054329041832,0.014930652226836103
542.8571428571429,4.6,3.8733910986357656e-05,-1.9140835101487715e-09,3.6690482983931245e-06,-3.357134681951372e-09,0.009984094526373732,0.000929011016389564,0.0001202647147152185,0.010028665523555472
542.8571428571429,4.7,3.801038123804987e-05,-1.88404673990569e-09,3.510587256435942e-06,8.708265063263465e-08,0.010010488657567065,0.0009063343119863097,0.0031796365604710684,0.011011425991293367
542.8571428571429,4.8,3.732195736230644e-05,-5.2137562850539626e-11,3.2471255732247828e-06,8.523999190843394e-08,0.0002825784257038157,0.0008542733504536083,0.0031703341953673624,0.004572928093093059
542.8571428571429,4.9,3.666600474229526e-05,-5.492440495649316e-11,3.005103553361919e-06,-7.19542964279052e-08,0.0003028790896506249,0.0008051838021756447,0.002729876788805232,0.003955314306391939
542.8571428571429,5.0,3.60401031578177e-05,nan,nan,nan,nan,nan,nan,nan
557.1428571428571,0.1,0.0023204223685706882,nan,nan,nan,nan,nan,nan,nan
557.1428571428571,0.2,0.0010548607105840397,1.4909595032534998e-08,0.087530743635064,-6.53441122733835e-06,0.002847203332526112,0.37721901331687463,0.003983614857772033,0.3772718236884956
557.1428571428571,0.30000000000000004,0.0006646064889480314,4.732038636244928e-08,0.02060547197519507,-3.2811447276751072e-06,0.014297900355556722,0.19533832067540502,0.004386075093203969,0.19595908957818528
557.1428571428571,0.4,0.00048040698706397386,-3.077946149228343e-10,0.007882402703631806,-6.964720662464857e-07,0.00012996944687053246,0.11860255406335898,0.0014730779434350065,0.11862091990734172
557.1428571428571,0.5,0.00037503151221623444,-1.823004215204952e-08,0.003440608882153314,-2.1199607774394038e-07,0.009863883876318506,0.07161862701416419,0.0006266226938053163,0.07230013314317095
557.1428571428571,0.6,0.00030406212619002817,6.071970381910825e-09,0.002408535511861341,-2.712925390596127e-07,0.004036302990798085,0.06422221689127382,0.0010275339221014043,0.06436533644894184
557.1428571428571,0.7000000000000001,0.0002571780952824353,-9.313823456670757e-09,0.001031773264818336,-1.956790797715255e-07,0.007325995624138726,0.033932975400346774,0.0009105348077618768,0.03473866978854733
557.1428571428571,0.8,0.0002206117970230258,3.598688108624367e-09,0.0010234426780940905,-3.7503282957360397e-07,0.00329714196398172,0.03979509518375337,0.002064933071581624,0.04003808990192793
557.1428571428571,0.9,0.0001942799255445572,-3.935781683482474e-09,0.0004664404669454149,-2.7010420623179447e-08,0.004097312227329351,0.021143042812743665,0.00017322988830745792,0.02153778642428558
557.1428571428571,1.0,0.00017261245873554276,4.7741230435414555e-09,0.0005242588961275421,-5.377468115164878e-07,0.005574188285290466,0.026984717780700704,0.003918717383884546,0.028106213914603512
557.1428571428571,1.1,0.00015618758088780375,-1.2455364252298587e-09,0.00023990516536049922,-3.6240956755421137e-07,0.001622340096941962,0.013898484913424167,0.002962004546718864,0.014606396275207354
557.1428571428571,1.2000000000000002,0.00014216175469366972,1.4271997183531456e-09,0.00030664519598700286,9.912617607669163e-08,0.002037360746385111,0.019633135633701847,0.0009037990121665659,0.019779902904995025
557.1428571428571,1.3000000000000003,0.00013120238045940573,-6.320592835159827e-09,-1.7440591000973494e-05,3.35121081804369e-08,0.009812095607029885,0.001226813149468681,0.00033487518950713193,0.00989982694244194
557.1428571428571,1.4000000000000001,0.00012006860031513201,8.547505022232255e-09,0.00026595856874620324,-1.6212459043808398e-07,0.014334551986286215,0.020270864584540933,0.0017617768082543684,0.02495185457429054
557.1428571428571,1.5000000000000002,0.00011159440585832033,2.623026935560233e-09,0.00016418126547362895,-1.3324508161780018e-07,0.004766657868542702,0.013673955142536756,0.0015642061409493562,0.014648943927075933
557.1428571428571,1.6,0.00010476202405624494,-5.321805076905496e-10,5.512917471157121e-05,-8.366037005216549e-08,0.001033602324060858,0.004940137840024251,0.0010642142063113187,0.005266725680778632
557.1428571428571,1.7000000000000002,9.848093400128525e-05,-1.4777227534670361e-09,7.360511241044354e-05,-2.4029001515802844e-08,0.003060679283832338,0.007025934547706546,0.00032668431137328056,0.007677562062642782
557.1428571428571,1.8000000000000003,9.293589507043001e-05,-1.5645876380305913e-10,6.135507585458413e-05,1.8632296176477173e-08,0.0003425233353107595,0.006230147639926263,0.0002701402407768436,0.006251240944795292
557.1428571428571,1.9000000000000001,8.80044068981206e-05,-2.512499596586901e-10,6.8638067499119005e-06,-3.051896798276356e-08,0.0005811291847784023,0.0007385528212441785,0.00046769007467038754,0.0011491907635633569
557.1428571428571,2.0,8.314155679331032e-05,4.079126621615375e-09,0.00012926916520800106,-2.7956335904210318e-08,0.009937429641793658,0.014688942265999377,0.00045263170990483825,0.01774619068163883
557.1428571428571,2.1,7.957139834058005e-05,8.428453982365268e-11,-4.372613058873514e-06,-9.707816022843656e-08,0.00021567042295279028,0.000525923885421561,0.0016554896024531312,0.0024092325151911756
557.1428571428571,2.2,7.595751375726104e-05,-1.7593110859423407e-09,3.317555636913455e-05,-2.867936007751327e-08,0.004726893509326066,0.004169281558574244,0.0005137007109028341,0.006344620382965423
557.1428571428571,2.3000000000000003,7.267538473763337e-05,2.2991567320312322e-10,2.8698062623313282e-05,3.805062220463607e-08,0.0006445932588138795,0.0037781729816781877,0.0007167319441550752,0.003964530351546822
557.1428571428571,2.4000000000000004,6.968023634423884e-05,1.7197599227326545e-10,2.5239661535039506e-05,-3.038978678697892e-08,0.0005032354344043922,0.003472931258108593,0.0005964071956790869,0.0036091412430249246
557.1428571428571,2.5000000000000004,6.69374845661947e-05,1.7103263083807446e-10,2.211949610523444e-05,-2.5775644306337083e-08,0.0005212618028418131,0.0031744289723643114,0.0005279720832928357,0.0033024569958079683
557.1428571428571,2.6,6.441592774920291e-05,1.702405341011048e-10,1.9545934735116552e-05,-2.373702139323368e-08,0.0005389703100257385,0.0029200282714220483,0.0005064087334347461,0.0030544972927785095
557.1428571428571,2.7,6.208983027956229e-05,1.7180213093027396e-10,1.73569726106461e-05,-2.1883482265976236e-08,0.0005639793644220713,0.002694515660509272,0.0004849716372501442,0.002837055224365189
557.1428571428571,2.8000000000000003,5.993730253602812e-05,1.7496504928471096e-10,1.5479781712760104e-05,-5.7255179763001634e-08,0.0005946620677464712,0.0024931267557121166,0.0013156715695220361,0.0031672207615765103
557.1428571428571,2.9000000000000004,5.793957260962156e-05,1.5056620652008307e-09,1.388207695645073e-05,-4.991515264987933e-08,0.005269027796997329,0.0023160997190532994,0.0011875430896401463,0.0059956224875848734
557.1428571428571,3.0000000000000004,5.60806634527795e-05,1.6088519127105248e-09,-8.120160769669111e-06,-5.8383193776718545e-08,0.005813497436137412,0.0014014878612205474,0.0014301739719542307,0.006312821543908515
557.1428571428571,3.1,5.4140552688240755e-05,2.2544610021282977e-09,3.989498578554884e-05,-2.7779642894084394e-09,0.00840170781173284,0.0071138576702361655,7.026614259894357e-05,0.011009338752518338
557.1428571428571,3.2,5.2599391781557496e-05,-6.223935806689875e-11,4.022796288446973e-06,4.506042485094648e-08,0.00024040910777380263,0.0007430283010983594,0.0011754879156435163,0.0018366903045918185
557.1428571428571,3.3000000000000003,5.1098458837758706e-05,-1.3387294650321288e-10,8.939670052628171e-06,-8.66136907917256e-10,0.000532081385711962,0.0016995766965812364,2.341911057517216e-05,0.0017812266722861002
557.1428571428571,3.4000000000000004,4.96869225944862e-05,1.633226323568737e-10,8.149884474483038e-06,3.142148219573157e-09,0.0006673225621181129,0.0015949374325279577,8.74198287045184e-05,0.0017333289556492764
557.1428571428571,3.5000000000000004,4.835688519595852e-05,1.629774220032746e-10,7.452754006431884e-06,-6.245132498809601e-09,0.0006839941839073216,0.0014999427650725392,0.00017861960904086085,0.001667778843726085
557.1428571428571,3.6,4.710137533749516e-05,1.5842293634512586e-10,3.2994376585792006e-05,-5.575332039692757e-08,0.000682389929211113,0.006823097983273239,0.0016379239830519347,0.007237811275057503
557.1428571428571,3.7,4.6175809244889724e-05,-1.5443415045123717e-09,-2.192043536784619e-05,4.93442993675729e-09,0.006787934607505002,0.004653884352798585,0.00014878172069313642,0.008232798297408507
557.1428571428571,3.8000000000000003,4.5031038798605824e-05,1.307170824991591e-10,5.740498573462092e-06,5.560522331836424e-08,0.0005889977559331651,0.0012431831011380475,0.0017108342489827952,0.002783222994018727
557.1428571428571,3.9000000000000004,4.3943673338056545e-05,1.4362920463025936e-10,5.788649191333373e-06,-4.483259568161649e-09,0.000662983257057876,0.0012854798258645972,0.00014140775192493025,0.0014601361191522077
557.1428571428571,4.0,4.29141943694206e-05,1.339401731139528e-10,5.259905191011337e-06,-8.528381395997446e-08,0.0006329181453166708,0.0011969652947643095,0.002755652558916481,0.004125597332080193
557.1428571428571,4.1,4.193731445269477e-05,2.3532754812111704e-09,4.889957049120752e-06,-8.39200590270243e-08,0.011253853832533148,0.0011394731092995174,0.002775878873050503,0.011973246514063509
557.1428571428571,4.2,4.100933410646014e-05,2.2892290777199312e-09,4.856976852830879e-05,3.4068965195669744e-08,0.011191979694547036,0.011581516165775333,0.0011404742467221805,0.016186206757487734
557.1428571428571,4.3,4.0567051445508606e-05,-3.09507186860052e-09,-4.0412825146955536e-05,1.0753618807178928e-07,0.015538056795170752,0.009854543124753973,0.003680190818513581,0.019121475834488588
557.1428571428571,4.3999999999999995,3.9720640533087514e-05,-9.436003720081759e-10,-1.6015652543481027e-05,-1.3914980807442155e-08,0.004836362009476458,0.003947945924784289,0.0004889974769188715,0.006281314478402915
557.1428571428571,4.5,3.871407309523161e-05,3.3310182948006837e-09,2.44527830234171e-05,-8.98470051489249e-08,0.01721267517580804,0.006156190508319673,0.0032235346517499254,0.018840308372865572
557.1428571428571,4.6,3.795203348760988e-05,3.2545487804230475e-09,3.6622357338832116e-06,-4.096867802308594e-08,0.017147600429290432,0.0009459701449843798,0.0014819083515873871,0.017301074091593625
557.1428571428571,4.7,3.722661623732698e-05,2.220222717544487e-09,4.776829341688676e-05,-4.067519416966536e-08,0.011920603327080483,0.012586491164559491,0.0015001691996154192,0.017464866411515605
557.1428571428571,4.8,3.697888192121295e-05,-2.1846168213395877e-09,-4.187198932831435e-05,6.953462700234609e-08,0.011945787389774008,0.011247863373176927,0.0026133697741627638,0.01681890810892175
557.1428571428571,4.9,3.6312427711815774e-05,-4.8649834775169863e-11,2.958146053476639e-06,6.808182709045094e-08,0.00027078318946938563,0.0007999555150908168,0.002605966028046176,0.0037809218770671464
557.1428571428571,5.0,3.5675554962953365e-05,nan,nan,nan,nan,nan,nan,nan
571.4285714285714,0.1,0.0023433171918463918,nan,nan,nan,nan,nan,nan,nan
571.4285714285714,0.2,0.0010686888644992145,-2.7666744719852178e-08,0.0881368824255501,-5.119785125650032e-06,0.0052432239098126054,0.3761201545067127,0.0030922634732783367,0.37618211840795707
571.4285714285714,0.30000000000000004,0.0006754293614075383,-2.975866599673657e-08,0.020113778857937234,-2.0077951964227906e-06,0.008928821404779427,0.18820986655795757,0.002663531225137566,0.18845919059206748
571.4285714285714,0.4,0.0004833076468952344,2.320443180267055e-08,0.008598971286736187,-1.9978057152916362e-06,0.00964590511936161,0.12731118571476746,0.004195966077467982,0.12781390282875435
571.4285714285714,0.5,0.00037717564525029237,-6.455796555020131e-10,0.003596443576491832,-7.959613440541067e-07,0.0003474554590467469,0.07441313208254341,0.002316125371266057,0.0744859975102765
571.4285714285714,0.6,0.00030700807937026866,4.736393491522225e-10,0.0022616411520300296,-1.6532577840193166e-07,0.00031175899182239725,0.0599625447854464,0.0006228563836567087,0.05996982467012032
571.4285714285714,0.7000000000000001,0.00025945692501054524,-6.594729052465705e-09,0.0010840520725210858,-1.2843778843158767e-07,0.0051686456156845115,0.03531021316262037,0.0005917824364361005,0.03569630882870625
571.4285714285714,0.8,0.0002227462913760327,4.829677779956808e-09,0.0010000354933710973,-1.3829499794708561e-07,0.004363855699809576,0.038543411139650735,0.0007587248549356748,0.03880449852349476
571.4285714285714,0.9,0.00019603601267523114,-5.344111540111337e-09,0.0005463988824065798,-3.497849118273319e-07,0.0055446206733008145,0.02453010009868887,0.002212337272817237,0.025342799799546286
571.4285714285714,1.0,0.00017478972279849538,-5.383442908676556e-09,0.0003138330457513047,-2.3787901500332911e-07,0.0062470704592566045,0.016008948634923807,0.001727629047602347,0.01735746899668221
571.4285714285714,1.1,0.00015668176337927268,3.619415040044987e-10,0.00043882361009901024,-2.980822169247678e-07,0.0004697341915080797,0.02510580159251719,0.002421310024752827,0.025342600661444503
571.4285714285714,1.2000000000000002,0.00014296204006104007,-2.3535376586382315e-10,0.00022196009550281447,-2.642782049492338e-08,0.00033421435986471436,0.014166300577401944,0.00024008950422398762,0.014174309761950155
571.4285714285714,1.3000000000000003,0.00013146191769783562,1.9214860099292438e-09,0.00017294009940886654,1.1051124658582655e-07,0.00296820325122133,0.012096924423785982,0.0010985212741330373,0.012552263104109809
571.4285714285714,1.4000000000000001,0.00012169119632871984,-5.199683194391887e-09,3.828692839271459e-05,2.2180005605947487e-07,0.008680057139316584,0.002912396917920889,0.002398369547737352,0.00976369810698506
571.4285714285714,1.5000000000000002,0.00011230334424353121,3.727756341140773e-09,0.00021619291548349623,-2.991988377134982e-07,0.006686703093469199,0.017765698917077164,0.0034962593627241266,0.019615802694137183
571.4285714285714,1.6,0.00010507742131317754,-7.667028351486309e-10,6.809005291326819e-05,-2.7729015004817826e-07,0.0014868433619454058,0.006063047665402917,0.003481745355931169,0.007950871123531397
571.4285714285714,1.7000000000000002,9.853239891195655e-05,2.4068721902796805e-09,0.0001233600480039803,3.016373638452576e-09,0.004957841005894455,0.011739919619488226,4.09469280810424e-05,0.012743988912958597
571.4285714285714,1.8000000000000003,9.322097699077537e-05,-3.85154074716969e-10,3.247021562129934e-05,-2.231420065349706e-08,0.0008413251920145825,0.003295384663303798,0.00032175028496451454,0.0034313896091242324
571.4285714285714,1.9000000000000001,8.823425722580718e-05,3.389748523205544e-11,5.241067917861857e-05,5.7355097674427704e-08,7.81934435270471e-05,0.005622198014917271,0.0008769997310709733,0.005757906024775624
571.4285714285714,2.0,8.377164425262517e-05,-2.1602656217340464e-09,4.4658035761574025e-05,-2.4091200252344255e-08,0.00525090534884962,0.005061303530587464,0.0003890087201083403,0.007313785338657086
571.4285714285714,2.1,7.975561163705891e-05,-1.9341321599803754e-10,-2.510292674878962e-06,-9.637717120876665e-08,0.0004940164028102961,0.0002996589952691894,0.0016398315980264584,0.0023899671670262294
571.4285714285714,2.2,7.571447609474386e-05,3.697799778374427e-09,0.00011191767726231376,-8.761615807538768e-08,0.009900192987166313,0.014032577139727003,0.0015665254988899183,0.01731574562769015
571.4285714285714,2.3000000000000003,7.279251732505194e-05,-1.9892746933179928e-09,-1.2757370017454568e-05,-2.287467323700321e-08,0.005577145043561158,0.0016849314259918908,0.0004286997273956744,0.005857568408456883
571.4285714285714,2.4000000000000004,6.974298485518548e-05,6.060442779291978e-11,2.683283323350255e-05,4.375842743665928e-08,0.00017714962572148828,0.003686207624017406,0.0008601542244448142,0.0038857739533994812
571.4285714285714,2.5000000000000004,6.696178071765404e-05,1.457583473089273e-10,2.242778944402506e-05,-2.6437794388961055e-08,0.00044387429641397255,0.0032157771122922523,0.0005409525155218591,0.0033351920596958956
571.4285714285714,2.6,6.440485447456286e-05,4.3799683651609244e-11,1.9845665884399968e-05,-3.888940737540549e-08,0.00013876553923293617,0.0029637303058112656,0.0008290026649444632,0.00319021065721886
571.4285714285714,2.7,6.204638489031567e-05,-2.7927796028408334e-10,1.762718136600195e-05,-2.642022556318115e-08,0.000917952293349291,0.0027369336534971804,0.0005859292987740923,0.00300334289131868
571.4285714285714,2.8000000000000003,5.9864187119728507e-05,-8.795364385376782e-11,1.8665979989752605e-05,-7.51106517562227e-09,0.00029947499263373214,0.0030083912258143555,0.0001728156295438251,0.003033122734476637
571.4285714285714,2.9000000000000004,5.7868649149038873e-05,-2.2030268610801683e-10,1.3813712233770627e-05,-3.1202851309886256e-08,0.0007759762427262501,0.002307508528620488,0.0007437021685197105,0.0026519654164135847
571.4285714285714,3.0000000000000004,5.6011248300686947e-05,-9.97896069759775e-10,-1.7461929496477207e-05,-2.290987638332365e-08,0.0036314167236292604,0.0030175111659345227,0.0005648711814606058,0.004788603132488972
571.4285714285714,3.1,5.397922815737025e-05,2.415126397957394e-11,4.043120571582423e-05,-1.3213646198242529e-08,9.103766287663049e-05,0.00721840825592319,0.00033659796913699266,0.0072346597702239186
571.4285714285714,3.2,5.235152007121179e-05,3.8099610757029366e-10,9.835884705884346e-06,-2.4868359568027064e-08,0.0014782358699187306,0.001822161050026309,0.0006561851734114381,0.002523214248326401
571.4285714285714,3.3000000000000003,5.082217083211218e-05,4.5447924887982393e-10,1.6677114388324428e-05,-1.4615486679045115e-08,0.0018151402063381597,0.0031856027037303184,0.0003969488234970596,0.003709169083720861
571.4285714285714,3.4000000000000004,4.945959273689581e-05,-2.2954767644505915e-10,2.2850968903423566e-06,6.959969917584492e-08,0.0009428328850823789,0.00044962599057230945,0.0019458148825088825,0.002943380453590226
571.4285714285714,3.5000000000000004,4.8119865610582864e-05,2.0184403071489473e-09,7.556379094317954e-06,-3.0998201958878513e-09,0.008518468293117653,0.0015277883775781794,8.912434770201456e-05,0.008655306215624053
571.4285714285714,3.6,4.68557022752131e-05,-1.3657923595150228e-10,1.3739301545263609e-06,-4.405048784305559e-08,0.0005917728146953197,0.00028552244215416026,0.0013013507402764152,0.0019541611058513176
571.4285714285714,3.7,4.5605278241388596e-05,4.053438545173009e-09,4.417827720640775e-05,3.180033426555077e-08,0.017914842634821952,0.009428580740700644,0.0009644951686712829,0.02029039731683749
571.4285714285714,3.8000000000000003,4.479663697962817e-05,6.433719391006826e-10,-2.8373940759224605e-05,-4.0122349886378146e-08,0.0029157754126448916,0.006221635269725015,0.0012412915687269573,0.0070916924075749375
571.4285714285714,3.9000000000000004,4.37042563102755e-05,-3.149042137024105e-10,5.54364832656539e-06,-3.942946608011166e-08,0.0014624668622333836,0.0012375143984773756,0.0012508662955298669,0.0026076012325803965
571.4285714285714,4.0,4.2667312124188484e-05,-3.3834493384871224e-10,4.9335556781809195e-06,-7.500544152576171e-09,0.0016090244152163348,0.001128850161218959,0.00024383630819113257,0.0019955386605202364
571.4285714285714,4.1,4.167970349488328e-05,-3.466189356761676e-10,5.05128376753966e-06,-1.4988507520714982e-09,0.0016867689127078372,0.0011838767234357945,4.989527105343743e-05,0.0020619729720143384
571.4285714285714,4.2,4.0742607703253466e-05,-1.8584000675601048e-10,4.531466542724294e-06,-7.8649882944721e-08,0.0009248268185132024,0.0010872117992107577,0.0026791647748940664,0.004048849456654407
571.4285714285714,4.3,3.98508265770509e-05,1.94560066620458e-09,4.7223437457148615e-05,-9.47158404300107e-09,0.009787779646328588,0.011590676227967027,0.00032994523422444176,0.01517768538156655
571.4285714285714,4.3999999999999995,3.9431279825419816e-05,-2.2922817624203553e-10,-3.979184489747477e-05,1.0219253386288221e-07,0.0011777569502835477,0.00998519938364087,0.0035987169115786186,0.011269110212628462
571.4285714285714,4.5,3.861381462481399e-05,-1.2294790864275391e-09,3.800019331171114e-06,2.474945062231348e-08,0.0064812115907750085,0.0009637068205737999,0.0008901255759565191,0.0066722920801146465
571.4285714285714,4.6,3.783434961751987e-05,-1.2186765670785817e-09,-1.5892669657176133e-05,1.0753479596612195e-08,0.006553258959539551,0.004115798921084372,0.0003968095444686787,0.007758860701078965
571.4285714285714,4.7,3.689595791365399e-05,1.3295369041802064e-09,2.3240010271102678e-05,-4.604667529528189e-08,0.007288711397989679,0.006142568989831659,0.001733265879653613,0.009841996182541885
571.4285714285714,4.8,3.6189966312499136e-05,4.0700875631667905e-09,4.649474322827883e-05,-6.741348919333904e-08,0.022462283113419548,0.012601581814758265,0.002586992702961497,0.026014209374720796
571.4285714285714,4.9,3.594892214362707e-05,-2.36137796979323e-10,-4.107268547991793e-05,-9.628697525274548e-09,0.0013271320640166448,0.011349191409921933,0.00037197669221775224,0.011438625725737048
571.4285714285714,5.0,3.529715111995583e-05,nan,nan,nan,nan,nan,nan,nan
585.7142857142858,0.1,0.0023652508313512254,nan,nan,nan,nan,nan,nan,nan
585.7142857142858,0.2,0.0010768707439817666,-1.1233759610437444e-08,0.08916883801125462,-5.188044018295459e-06,0.002117370387640314,0.3769952718304894,0.0031090306749850106,0.3770268563158055
585.7142857142858,0.30000000000000004,0.0006801790367248541,6.843910785475581e-09,0.020745657558562888,-4.2033735601113267e-07,0.002035064458889897,0.1926476104444542,0.0005545845121405781,0.19265995542735972
585.7142857142858,0.4,0.0004909439050535706,-1.7656116601433455e-08,0.007747925395196077,-6.163814105192741e-07,0.007279712024557516,0.11391008803363441,0.001282984478744521,0.11415688529973225
585.7142857142858,0.5,0.00037918802733424785,1.6410704977867197e-08,0.004261854402724774,-1.3992967843248988e-06,0.008709212152103131,0.08680939632522236,0.004038563235453111,0.08743192582045405
585.7142857142858,0.6,0.00031005069364217286,-1.1818716475497323e-08,0.001947653171662552,-6.747353495580936e-07,0.007763527320139015,0.05136378343364014,0.0025065890341854414,0.05206799959899581
585.7142857142858,0.7000000000000001,0.0002603898916667234,8.096386382458344e-09,0.0015137344564287447,-1.8226426047344776e-07,0.0062831927274965855,0.04882215997154757,0.0008380855044817399,0.04923907584189505
585.7142857142858,0.8,0.00022586643425556138,-1.7681896123473858e-08,0.0005358487953319688,-3.190328056095896e-07,0.015976478493468418,0.020578709561345384,0.0017330956757047086,0.02616750644415244
585.7142857142858,0.9,0.00019670146479771908,1.7851102555537288e-09,0.000833182970347396,-1.1580031349821339e-07,0.0018424415019390318,0.03688830405870194,0.0007340068663938487,0.03694887141950536
585.7142857142858,1.0,0.00017586832504335075,-9.172066816251706e-10,0.000221462619482134,2.4418982764718285e-07,0.0010589800295160486,0.011258819028616715,0.0017642262150819707,0.01158047636749113
585.7142857142858,1.1,0.00015724981148380375,9.57698480565224e-09,0.0005082996123365138,-1.8840751710721986e-07,0.012232947318459397,0.02890228312637994,0.001522708691694312,0.03145829387511587
585.7142857142858,1.2000000000000002,0.0001437142940476219,-2.99440422954656e-09,0.000193481832685185,-3.183842381859493e-07,0.004248034569952753,0.012304105859301018,0.002846766894023392,0.013625159896390739
585.7142857142858,1.3000000000000003,0.00013211359493829188,-1.573393956212374e-10,0.00017397366777556128,3.572095489603814e-08,0.00024191453161733742,0.012105522900729174,0.00035473065006039667,0.012118328061612733
585.7142857142858,1.4000000000000001,0.0001222526325067175,-1.242029683327059e-10,0.00013813791538318175,1.1603087186495988e-07,0.00020643218955560295,0.01045599549748864,0.0012488091578509925,0.010606106953913506
585.7142857142858,1.5000000000000002,0.0001137730492289749,-4.925146884279122e-09,-5.711734747901341e-06,-9.856729624692268e-08,0.008798607655405933,0.0004672075055387863,0.0011467700119554233,0.008959014591328678
585.7142857142858,1.6,0.00010523634860375328,1.0604998334881568e-09,0.00023754142502757137,-2.2660370230064893e-07,0.0020492855276885874,0.02087853201064388,0.002833738732379655,0.021358202651446407
585.7142857142858,1.7000000000000002,9.907506222880738e-05,-2.1850421964872076e-09,5.1368018486803756e-05,-4.795321092988874e-08,0.00449650994858834,0.004881204941860906,0.0006486457861017824,0.006699719853386144
585.7142857142858,1.8000000000000003,9.342745603872951e-05,-7.481972948570628e-10,6.911755589710985e-05,-4.535070726164778e-08,0.0016334113946741037,0.006976281855618459,0.0006532777018848638,0.007224270539289241
585.7142857142858,1.9000000000000001,8.847102540762274e-05,-4.5708967646780296e-10,4.4626640037628876e-05,6.7188493199894345e-09,0.0010526899879191498,0.004776608711161878,0.00010267681505485804,0.004893386562178833
585.7142857142858,2.0,8.396086117689226e-05,-3.9090070176425815e-10,4.4965590247843e-05,-1.8657565581668673e-08,0.0009489159798237819,0.005082521655046707,0.00030078217576427193,0.005187813387671016
585.7142857142858,2.1,7.990035284864022e-05,-7.763720445879355e-11,3.862469278332892e-05,5.226199549127909e-08,0.00019798170660695403,0.004600321178453947,0.0008880661944255779,0.004772784808939742
585.7142857142858,2.2,7.622609144822146e-05,-2.0870694342714474e-09,-4.815456253994193e-06,-2.3685106006585454e-08,0.005581478634376786,0.0006026827269607166,0.00042279373899757936,0.005645674389021427
585.7142857142858,2.3000000000000003,7.250367548526276e-05,3.5082937307876256e-09,0.00010368420943980456,-1.357508678823789e-07,0.009817226672577653,0.013602194139815598,0.0025412829557521104,0.01715557819137543
585.7142857142858,2.4000000000000004,6.98181016167021e-05,-1.6104075337604617e-09,-1.1670427753644653e-05,-5.5663737537796035e-08,0.0047072978370411986,0.0016096325704228346,0.0010903433393819944,0.005208384311266607
585.7142857142858,2.5000000000000004,6.7015823470605e-05,-1.4105599291240458e-09,1.8917458636421286e-05,-1.0171819849789063e-09,0.004295543326672525,0.0027095349484403336,2.0835315901888818e-05,0.005078793196116365
585.7142857142858,2.6,6.440271991087211e-05,-8.818256423076504e-10,1.5632764783104317e-05,-2.4051174122131605e-09,0.0027942678896752675,0.0023326975591012895,5.131109090325494e-05,0.003640697268052749
585.7142857142858,2.7,6.194594399897027e-05,3.6036497438351e-11,2.839538931250081e-05,-3.6340930443772443e-09,0.00011853047111958992,0.004409035728894311,8.060823262969925e-05,0.004412101642707904
585.7142857142858,2.8000000000000003,5.977312198019343e-05,-1.1206060427579675e-10,1.5246599518081886e-05,-3.2124019098376696e-08,0.0003820232459008274,0.002461274868671843,0.0007396314214913537,0.002701467197446388
585.7142857142858,2.9000000000000004,5.775276595659741e-05,-7.121014865748068e-10,5.770956458352507e-07,-4.423785788085747e-08,0.002511322384951024,9.65476834264201e-05,0.0010556718945068499,0.0029231742804756732
585.7142857142858,3.0000000000000004,5.573818088945974e-05,4.3290163764301635e-10,9.923663356125e-06,2.5319915371922275e-08,0.00157731305173013,0.0017183009664996603,0.000625058787548619,0.0024943679861671136
585.7142857142858,3.1,5.382283245588333e-05,3.9387873248448936e-10,2.7391864622658222e-05,3.5200784399366124e-08,0.0014891545792096953,0.004914380804242951,0.0008977988597269052,0.005289688614176326
585.7142857142858,3.2,5.218140266853349e-05,4.096135170459909e-10,9.866081240032146e-06,-1.0412464196201211e-08,0.0015967940415444993,0.0018330661523841254,0.00027556801679990317,0.0024620638078438222
585.7142857142858,3.3000000000000003,5.063863369358398e-05,3.6831581799536353e-10,8.95516960903268e-06,2.3136449785644814e-08,0.001479009893472461,0.001716161151496382,0.0006313488333746611,0.002435134916529657
585.7142857142858,3.4000000000000004,4.9185416414724796e-05,2.0772115220726626e-09,5.625734826372995e-05,1.4767317873245761e-08,0.008571051545964365,0.011109570728970494,0.00041509774267692995,0.014043863380762684
585.7142857142858,3.5000000000000004,4.829477261850291e-05,-2.7309519167465376e-09,-8.219729228094802e-05,1.68846786549733e-08,0.011540319907275227,0.016711720317232157,0.0004876904190339394,0.020320833236195754
585.7142857142858,3.6,4.6582155899471544e-05,2.5438090494032184e-09,9.924404136050465e-05,3.1752101226006245e-08,0.011079648340570706,0.020549644605321497,0.0009426490293149199,0.023384261269936812
585.7142857142858,3.7,4.5861979594045224e-05,-2.643477660836867e-09,-4.482677322335522e-05,-9.7419721909121e-08,0.011763234855556252,0.009623164140383585,0.0029702047891909705,0.015767790438714107
585.7142857142858,3.8000000000000003,4.469353555638535e-05,-1.8543036985397787e-09,-1.2451840229273953e-05,-1.025138352974173e-07,0.008447717323170997,0.002715068197991767,0.0032112146178347365,0.009967914623206833
585.7142857142858,3.9000000000000004,4.340057311643274e-05,-2.2096493470544333e-11,2.4376921597650267e-05,-9.620205586597473e-09,0.00010318190593066203,0.005454238805273383,0.0003067897896943972,0.005472440716972909
585.7142857142858,4.0,4.235137989245663e-05,-3.792753177198599e-11,4.9167310290004266e-06,6.313696603567478e-08,0.0001814108323486281,0.0011328723737841166,0.00206377303677041,0.0031360210458442083
585.7142857142858,4.1,4.135135397877053e-05,1.987468513774241e-09,8.66267029713433e-06,6.154003561541078e-08,0.009731494831468583,0.002045428110992264,0.002060461093437487,0.010362276180804889
585.7142857142858,4.2,4.043795476805577e-05,1.5746563594248174e-09,7.107511702098131e-07,3.21984213725831e-11,0.007887527549526001,0.0001718809910250357,1.1036005768040709e-06,0.007889400253217976
585.7142857142858,4.3,3.9531663069043104e-05,1.898347190144115e-09,4.6976648726411944e-05,-7.493908895792662e-08,0.009721700330553897,0.011616969502008906,0.0026276138765638627,0.015597248061639552
585.7142857142858,4.3999999999999995,3.909513785729456e-05,-2.1504560870707396e-10,-3.9597059042058095e-05,-8.579280096580859e-08,0.0011129960557739443,0.010016542681976414,0.003075498170656497,0.010976669144847472
585.7142857142858,4.5,3.8262642055125436e-05,-1.9016243242711244e-10,3.780999098812058e-06,1.3321880702777764e-08,0.0010050459934114692,0.0009671277059089795,0.0004826436836715773,0.0015528500568906683
585.7142857142858,4.6,3.746795624394443e-05,4.5443082438247194e-10,1.6336321929516096e-05,6.90403678782642e-08,0.002451237711376065,0.004269522712514251,0.0025542438095605257,0.006106202861656641
585.7142857142858,4.7,3.683663365205859e-05,-1.1171455511486005e-09,2.636975854457279e-06,4.667450639418803e-08,0.006179237533907171,0.0007037949540905283,0.0017623632215560822,0.0067000113497842325
585.7142857142858,4.8,3.623168081871732e-05,-2.2381402185577403e-09,-8.950279707631811e-06,-8.486131591742095e-08,0.012606738069788306,0.002429722485548468,0.003285738009413163,0.013653774007578796
585.7142857142858,4.9,3.553722518829973e-05,-4.0009998263364625e-11,3.0563173859737907e-06,-8.306852434252273e-08,0.0002271363167833145,0.0008435483303316403,0.003279066895631031,0.004718868943301333
585.7142857142858,5.0,3.487333273174188e-05,nan,nan,nan,nan,nan,nan,nan
600.0,0.1,0.002383859224786686,nan,nan,nan,nan,nan,nan,nan
600.0,0.2,0.0010827600194621885,1.4854991741174765e-08,0.09046646143913105,-8.450667881816386e-07,0.0027770302618954695,0.3794958213072596,0.0005075690688323921,0.37950666073135825
600.0,0.30000000000000004,0.0006863254285290017,-1.9118087712338163e-08,0.02050860365137585,-1.0742917892851575e-06,0.005666307843087639,0.1894104259738235,0.0014058160399221806,0.1895055913413483
600.0,0.4,0.0004949768741095734,2.9666246004970037e-09,0.008092121319292897,-3.5012589675623135e-07,0.0012117995988181268,0.11790501973148085,0.0007264036033814726,0.11791572185480016
600.0,0.5,0.0003845495328830742,-2.122972751936431e-08,0.003655913330331898,-4.860331687608429e-07,0.011236617488081507,0.07386028563270991,0.0013897355235732037,0.07473597591501642
600.0,0.6,0.00031068132495989394,2.270060571035446e-08,0.0026162065037709952,-4.101402075386015e-07,0.014663250221895019,0.06803301733736541,0.00151957298419068,0.06962844647990311
600.0,0.7000000000000001,0.00026297518207442366,-5.506744947409674e-09,0.001010898771685632,-5.574322851001427e-07,0.004249885605095746,0.03253812477515762,0.0025204782761018866,0.03300752509687343
600.0,0.8,0.0002253780269058097,1.805908066878353e-08,0.0009950353398430415,-1.9091490601498967e-07,0.016123916917460988,0.037837613876485134,0.0010313834452730206,0.04115571921676903
600.0,0.9,0.00019773122513562616,4.391832368143874e-09,0.000667531888569713,-2.6695592286161997e-08,0.004489154264419504,0.02961832161431997,0.00016684473810451078,0.0299575225209348
600.0,1.0,0.00017675974225113975,3.789323420872283e-09,0.000398408691671255,-1.8506552746266655e-07,0.00433422175984773,0.020149002333747838,0.0013241657297362519,0.020694796521554138
600.0,1.1,0.0001597723462833659,-1.541919212503043e-08,0.00010704948146225861,-1.94497065044703e-07,0.019695360156296617,0.006056213937569734,0.0015572579126657217,0.02072281456166054
600.0,1.2000000000000002,0.00014385544513021461,5.6960136265441435e-09,0.00047946181209457793,-1.0393515471649561e-07,0.008008124720773974,0.030009061220408167,0.0009329598390028843,0.031087210312217804
600.0,1.3000000000000003,0.00013273316209800912,3.1970641338775507e-10,0.00011778420743538146,2.630309204094967e-09,0.0004890361031686365,0.008187678077028363,2.588598251187891e-05,0.00820235141721168
600.0,1.4000000000000001,0.00012278872114015744,1.8992742859559463e-09,0.00013933420149130047,-7.184773195376846e-08,0.00313312929495343,0.01049731651751182,0.0007693087585794732,0.01100880671007426
600.0,1.5000000000000002,0.00011423762219721877,-1.7308700487882377e-10,-7.481882250451016e-06,8.212424780028676e-08,0.000308056530628732,0.0006093297642468976,0.0009483312755730277,0.0015049405317553656
600.0,1.6,0.00010561170443177558,5.773934717456951e-09,0.00021860119004508618,-9.004690212000605e-08,0.010995655938496931,0.019135656523705927,0.0011218447853010086,0.022126790810139327
600.0,1.7000000000000002,9.917179856678326e-05,9.103987123872654e-10,7.493490594116807e-05,-2.8876844500813854e-07,0.001868150482160229,0.007095322089946527,0.0038494354990246857,0.00913618569789283
600.0,1.8000000000000003,9.348124176120262e-05,8.398052916111712e-10,8.238250263739213e-05,-4.5911371492322034e-08,0.0018289978611474062,0.008307049365643495,0.0006594752907281574,0.008556992325430808
600.0,1.9000000000000001,8.86145099819959e-05,-8.332524060910184e-10,3.225242449488989e-05,-8.589954319266704e-09,0.0019190030106998994,0.003450149344108903,0.00013095542221466303,0.0039522653879699434
600.0,2.0,8.407030244773808e-05,5.38621966191943e-11,5.0315481930069516e-05,-6.857847399286967e-08,0.00013056406852001213,0.005678018412593184,0.001105898220388335,0.005890921983650089
600.0,2.1,8.002924973278095e-05,-2.6104903136136565e-09,3.235772462688139e-05,-9.064695778876229e-08,0.0066569801292171065,0.003848888809100744,0.0015381223651304843,0.007991305921177184
600.0,2.2,7.631177426409264e-05,-2.251419762714778e-09,3.365131624748798e-05,6.22977525699084e-08,0.006021002989290964,0.004204877136778155,0.0011138472636557071,0.007510977312304771
600.0,2.3000000000000003,7.293081195787921e-05,-3.788901208718246e-09,1.4714127826321447e-06,-1.436770753792785e-09,0.010602448044633854,0.00019281595754018475,2.6926864663783003e-05,0.010604269547909636
600.0,2.4000000000000004,6.95645637794921e-05,1.0327130563746498e-09,5.836812491603458e-05,-6.721114044732522e-08,0.0030186693955690856,0.008003218852101193,0.0013228119779812584,0.008755771809072844
600.0,2.5000000000000004,6.678199685026533e-05,8.06625169726608e-10,2.211910093453137e-05,-2.593533482157845e-09,0.002456395714499641,0.0031796506342863275,5.306715229804715e-05,0.004018667727946128
600.0,2.6,6.422062093038388e-05,2.599933230008282e-10,1.9361248435474087e-05,-1.8435747949816885e-09,0.0008238761019772765,0.002899171835020858,3.929934964837778e-05,0.00301447475327843
600.0,2.7,6.185285749485717e-05,-6.242480635533075e-10,1.7409327025119785e-05,-1.8154477817454423e-08,0.002056592502530731,0.002710862457090186,0.0004026998913483927,0.0034500264329002856
600.0,2.8000000000000003,5.9659187329581656e-05,-9.163424886771204e-10,2.603876585494948e-06,-3.087099804872341e-08,0.0031286415191858884,0.000420979190122534,0.0007119340337217829,0.003313505903243986
600.0,2.9000000000000004,5.7491555930161086e-05,1.5897450985010898e-10,2.2953622048039277e-05,1.012686013573737e-07,0.000561770107163571,0.003847458048872527,0.002420309090739343,0.0051801844832561296
600.0,3.0000000000000004,5.555346075122091e-05,2.612876128074542e-09,1.3145459690842541e-05,1.0173477592014194e-07,0.00953883959103417,0.0022865026834221064,0.0025165096729887248,0.010434711166739071
600.0,3.1,5.374682016918916e-05,1.1926103861409654e-09,1.5470027401329533e-05,-3.0284700210719966e-08,0.004514392958579495,0.002784709933843239,0.0007739235166492466,0.005415927290812056
600.0,3.2,5.2094879861170704e-05,8.025706795891557e-10,8.732349537197724e-06,-3.3304085055873505e-08,0.003138856493576023,0.0016247192875242177,0.0008824626229213298,0.0037482813944825374
600.0,3.3000000000000003,5.0530263048524226e-05,5.772079165592666e-10,3.6951457546637337e-05,-2.9647157380617704e-08,0.002326238395460739,0.00709310735433318,0.0008116508910530073,0.007552556610215211
600.0,3.4000000000000004,4.933516081134412e-05,-2.3429683260928674e-09,-2.2771607360770007e-05,-5.7793377195208455e-08,0.009692008567112938,0.00450652856069687,0.0016304145945428047,0.010934364784182186
600.0,3.5000000000000004,4.7912342500556316e-05,1.6447761893844481e-09,3.382300379213177e-05,2.2324704572917278e-08,0.006950412888989471,0.006855760321015213,0.000648412424431966,0.009805639512594427
600.0,3.6,4.682775422768983e-05,-2.657245127720992e-09,-1.6397024502697203e-05,-6.053322926606409e-08,0.011580630610383315,0.0034222965622077066,0.001790588030960764,0.012338376314859489
600.0,3.7,4.557919570979637e-05,-1.0266873203031941e-09,-1.1863238499298493e-05,-5.320904091131145e-08,0.00456866507739839,0.0025333776293469173,0.001631803297203127,0.00571106529500767
600.0,3.8000000000000003,4.4212004806909925e-05,2.9787666881606733e-09,2.4756653010312316e-05,9.890616288794753e-08,0.013601778455084193,0.005431568641083185,0.0030808639239309986,0.01528050261213779
600.0,3.9000000000000004,4.3092380434126604e-05,1.991691461520703e-09,5.4951286774969075e-06,1.8585780902567274e-08,0.00936549026939936,0.0012429042070125874,0.0005940706020359302,0.009484885798702604
600.0,4.0,4.202770734811825e-05,1.952158143089494e-09,4.6557601968547805e-05,-1.2773566710854433e-08,0.00940700449549301,0.010804137877627424,0.0004204541814487822,0.014337876143083565
600.0,4.1,4.142861028179538e-05,-2.1433684626269014e-09,-3.74852941915495e-05,-5.0562354465406104e-09,0.010558455431033177,0.008919186069574618,0.00017055391142862294,0.013823568226265428
600.0,4.2,4.045466027355701e-05,-1.5251213378419499e-09,1.192070896236308e-05,-4.04027447083477e-09,0.007693779913515978,0.002877409809616833,0.00013957996818155714,0.008216611327374335
600.0,4.3,3.959991735494227e-05,-2.1682763799785817e-09,-3.0065406078039697e-06,-8.408013415947609e-08,0.01117440169641846,0.0007431877038327722,0.0029703400693638763,0.01196099584028793
600.0,4.3999999999999995,3.8715109030249494e-05,8.631364646556253e-12,4.23601202011669e-06,-5.9884227479119e-08,4.5056830225870166e-05,0.0010697022375446993,0.0021640601421024953,0.0032423148508791497
600.0,4.5,3.787266082575788e-05,6.456733002199548e-10,1.640912336705753e-05,1.749514018952989e-08,0.0034438306973035397,0.004238428814506631,0.0006392881259261447,0.005535487991426826
600.0,4.6,3.719430385493685e-05,-5.439938028139301e-10,3.3373618357868218e-06,-4.41505146653624e-09,0.0029630424117236733,0.0008812060634295392,0.00016484006440744926,0.0031000788624752644
600.0,4.7,3.654932050247368e-05,-4.84095322712971e-10,-8.770513498475224e-06,-2.499834146602677e-08,0.002681975903448291,0.002358025985022194,0.0009531322217717702,0.0038170935745769122
600.0,4.8,3.581663201502576e-05,1.4173750004026635e-10,3.341939962651652e-06,-2.3212158862978333e-08,0.0007983626418302306,0.0009143644578633051,0.0009001969957496036,0.0017590209015207934
600.0,4.9,3.511736292720436e-05,1.6494552192618752e-10,3.1045701142225165e-06,-1.5080224686540876e-09,0.0009472419761290368,0.0008667956587654837,5.945950515356877e-05,0.0012867295523542412
600.0,5.0,3.444913954052518e-05,nan,nan,nan,nan,nan,nan,nan
614.2857142857142,0.1,0.002378470917481306,nan,nan,nan,nan,nan,nan,nan
614.2857142857142,0.2,0.001091680925910197,-6.817517724117187e-09,0.08836792354405225,-2.118934584382734e-06,0.0012657540525505893,0.37153249549769535,0.001259136632873579,0.37153891881495676
614.2857142857142,0.30000000000000004,0.0006885701697796108,1.7691717886249507e-08,0.021415586310848975,-1.6400342741246218e-06,0.005199340820571766,0.19617074735453105,0.002131444433237232,0.19626278652191725
614.2857142857142,0.4,0.0004996152767575144,-1.0769940158943377e-08,0.007491805724355102,-7.719525984620796e-07,0.004377894383470287,0.10880235672644648,0.0015880601746961487,0.10891355589961538
614.2857142857142,0.5,0.000385578440978969,7.992210045511364e-09,0.004440312775277389,2.1956700893796303e-08,0.004201189842920577,0.08887463978473324,6.247656093972483e-05,0.08897392539167687
614.2857142857142,0.6,0.00031594473295319756,-1.628020491847092e-08,0.0018125622055226464,-1.3280473134202701e-07,0.01045184266151514,0.04700890954692955,0.0004886714934419061,0.04816177105827274
614.2857142857142,0.7000000000000001,0.00026443664698265257,3.462080706081879e-11,0.0015646585211049125,-4.968367792697704e-07,2.6571392474721827e-05,0.049523171552180716,0.0022327740406037277,0.04962374216500008
614.2857142857142,0.8,0.0002285751462231567,-9.942005713649439e-09,0.0006943632329901741,-1.1955258535186933e-08,0.008831512789622848,0.026258207435058176,6.422944048705118e-05,0.02770374210639904
614.2857142857142,0.9,0.0001996572777935626,-4.853086379058249e-09,0.0007685081405342351,-3.3431560568478774e-07,0.0049374916491887145,0.033621684300879535,0.0020788147207816774,0.03410922778810002
614.2857142857142,1.0,0.00017842449076931085,-4.285608840899718e-09,0.00019564034348014953,-3.9684665831781964e-07,0.004880260458654808,0.009798808520390306,0.002826240532077732,0.011653705919316025
614.2857142857142,1.1,0.0001591481071798606,9.028066450171763e-09,0.0005287324382916203,-1.0136951132925272e-07,0.011489085855866612,0.029633400438016707,0.0008080455901444745,0.03180319780579976
614.2857142857142,1.2000000000000002,0.00014515904797332655,-3.584727542538969e-09,0.00022479866977476837,1.0146063230472248e-07,0.005020048439824966,0.014125123682477298,0.0009038291259609694,0.015045059639673777
614.2857142857142,1.3000000000000003,0.00013341797546454018,-9.597500516523091e-10,0.0002035513814977439,-1.434236243197206e-07,0.0014627127210798537,0.014022645115111747,0.0014059519812019308,0.0142382409895207
614.2857142857142,1.4000000000000001,0.00012371241677073126,-3.877498340617611e-09,6.600132099936021e-05,-6.534707510189857e-08,0.00638966093110412,0.0049469586665180695,0.0006971481638437524,0.00814077379537216
614.2857142857142,1.5000000000000002,0.00011466687128691594,-2.8493824153337367e-10,0.00015440884806680748,1.400031660950487e-07,0.0005054910277141522,0.012481273270488612,0.0016149611874241273,0.012698578775023828
614.2857142857142,1.6,0.00010716541428376869,-6.13154905986528e-09,-2.0962672027306054e-05,1.4792435347607217e-07,0.011643829010135354,0.00182813674010987,0.0018369630956562668,0.01206937052158957
614.2857142857142,1.7000000000000002,9.945433056034838e-05,5.294771197890733e-09,0.00019631694817703413,-2.0420934377275422e-07,0.01071804320846066,0.018319058391095905,0.002714558850565408,0.021568542140376037
614.2857142857142,1.8000000000000003,9.370641631869841e-05,1.1702352005712627e-09,6.294409678734597e-05,-2.166477412575737e-07,0.002536077937816369,0.006328944796340651,0.0030698737216772955,0.008083036736022913
614.2857142857142,1.9000000000000001,8.858794304492191e-05,2.257803962941966e-09,7.21266232462815e-05,-1.2458860379316838e-08,0.005175973692015005,0.0076970847973714665,0.0001890017378218241,0.009279399837929053
614.2857142857142,2.0,8.419073600360822e-05,1.8478489258818358e-09,-1.681354706001129e-05,1.606487320120169e-08,0.004452942232756484,0.0018979498204947983,0.00025779896613628155,0.004854258817086746
614.2857142857142,2.1,7.962539349169441e-05,6.4050555918986035e-09,8.779326792210172e-05,-2.901783850495999e-08,0.016232155010125916,0.01042790122636998,0.0004894898589410691,0.019305522031369593
614.2857142857142,2.2,7.593798365900163e-05,5.8787462251622745e-09,3.341294595504478e-05,-1.3485697640421312e-07,0.015629007208782863,0.0041962676088413975,0.0023923501047691063,0.016532428926953707
614.2857142857142,2.3000000000000003,7.258470328585929e-05,2.063134075727786e-09,2.9036079617222067e-05,-9.851379988151969e-08,0.005773249457305705,0.003823656912936766,0.0018333348314065981,0.007394118926026755
614.2857142857142,2.4000000000000004,6.952178370888917e-05,-1.2354340950350904e-10,2.53923479583479e-05,1.2340621764830132e-07,0.00036243942813934076,0.003498305677209368,0.0024172855327902884,0.004904696080731173
614.2857142857142,2.5000000000000004,6.671278761150253e-05,2.8048937239604794e-09,1.8779029761667212e-05,7.261168660231655e-08,0.008516234860357831,0.0027011720298059753,0.0014911468601925232,0.009179848824937378
614.2857142857142,2.6,6.409158181173256e-05,2.7549224862355974e-09,1.619974147910191e-05,-4.154002380593244e-08,0.008713383455443613,0.002428281302445346,0.0008828684561911499,0.009131183644373759
614.2857142857142,2.7,6.163237342675361e-05,3.124266384933773e-09,1.850789660366302e-05,-3.60296943047784e-08,0.010275754658725825,0.002887726606284974,0.0007976935129025975,0.01073325340425844
614.2857142857142,2.8000000000000003,5.935824400781129e-05,3.4307522362684406e-09,1.786750923762312e-05,-3.6658192867768636e-08,0.011716588782710832,0.002899046109080577,0.0008439850666082047,0.0121287898254952
614.2857142857142,2.9000000000000004,5.7262789681245194e-05,2.1790023565970904e-09,7.346452844406375e-05,-3.333294352562996e-08,0.007734950833986858,0.012376465926855275,0.000796862774451894,0.014638181369467243
614.2857142857142,3.0000000000000004,5.590198063911974e-05,-3.867309637207327e-09,-6.26973839776645e-05,-2.7711364964780257e-08,0.014118406104986554,0.010949062091922368,0.0006885822377722771,0.017893005410898527
614.2857142857142,3.1,5.391419775721764e-05,-2.4791254644715907e-09,2.457321131024096e-05,6.435876841625178e-08,0.009384243731483666,0.004395767561238221,0.0016550021635777551,0.01062378779848406
614.2857142857142,3.2,5.2172146988417946e-05,5.930129328332703e-10,1.095937178379025e-05,6.112027472911917e-08,0.0023109039006089537,0.0020327431807743244,0.0016245552371209828,0.0038406615463678416
614.2857142857142,3.3000000000000003,5.053968993745616e-05,7.801590790899049e-10,9.951552022563604e-06,-1.0604233413782413e-07,0.003139841704118735,0.0019074453701843667,0.0028926443423852297,0.005498339417517581
614.2857142857142,3.4000000000000004,4.9006748406720004e-05,1.599486989313512e-09,3.917741167043289e-05,-3.702278933505953e-08,0.006616496446310808,0.007751810847853579,0.001043017901744349,0.01029778468077782
614.2857142857142,3.5000000000000004,4.786558099268818e-05,2.941672663488937e-10,-1.9335594677293425e-05,3.830565424013353e-09,0.0012529993913128544,0.003945496346099561,0.0001109196003423341,0.0041426507464660325
614.2857142857142,3.6,4.653105763188342e-05,1.395927894772326e-09,-1.0965047008282127e-05,-5.5264207893228365e-08,0.006083640963132749,0.0022907999403490205,0.001647777259439589,0.00690570717077276
614.2857142857142,3.7,4.508688380099584e-05,3.1131633744759363e-09,6.956756563386163e-05,1.8718543963622506e-08,0.013939242548815045,0.014950781085662114,0.0005710454736066999,0.020456796517830965
614.2857142857142,3.8000000000000003,4.433838562644688e-05,-2.2261115446111867e-09,-3.992320548691429e-05,1.955553206028741e-08,0.010246391971048518,0.00885472716702424,0.0006129216177861326,0.013570043752541986
614.2857142857142,3.9000000000000004,4.3190655397028774e-05,-2.127033070522446e-09,5.9509257207876316e-06,-1.1499747462279596e-08,0.010050516199602207,0.0013421611176655098,0.0003715780528873877,0.01015334490909349
614.2857142857142,4.0,4.2102434424818544e-05,-2.0418977937557205e-09,5.423099698193526e-06,-6.880540028491026e-08,0.009897618538055514,0.0012556187555715118,0.0022809932518975127,0.010485480037394907
614.2857142857142,4.1,4.106844444959025e-05,4.3913551355159426e-10,1.2566205207549127e-05,-6.560336280240668e-08,0.0021632271020428236,0.002984674254404064,0.002229935812140368,0.004851088470894681
614.2857142857142,4.2,4.016011652643745e-05,-2.599378787885277e-10,-2.6122346112302177e-06,5.3182845897994814e-09,0.0013113086683417567,0.0006360685548819907,0.00018338895179734722,0.0014803299110200249
614.2857142857142,4.3,3.922566625717234e-05,7.260830846010336e-10,4.562571828628394e-06,6.749995660579803e-09,0.0037419325908935484,0.0011360952664628973,0.00023836193107246119,0.00392509933500286
614.2857142857142,4.3999999999999995,3.833684170619352e-05,7.495530536845328e-10,1.6643250244500922e-05,-8.615847211094806e-10,0.00395117086811007,0.004242949026125907,3.1081764763255784e-05,0.005797956521008593
614.2857142857142,4.5,3.761444965765971e-05,-4.3523259837323513e-10,-8.242528662804768e-06,-8.039699055763443e-10,0.002345306015558159,0.002150028092030634,2.966615528940518e-05,0.0031819555723915263
614.2857142857142,4.6,3.680963232249785e-05,7.898031384820443e-10,1.5839740173380857e-05,-2.1781923638456465e-08,0.004333575232502517,0.004211078539641825,0.0008216225924126316,0.006153306763969832
614.2857142857142,4.7,3.61632123890698e-05,2.0826360374592395e-10,-8.62832238911635e-06,-2.1069631363550777e-08,0.0011628882750857623,0.002344039275785639,0.000809249542453957,0.002855975999668324
614.2857142857142,4.8,3.543050923175058e-05,2.1407571849717582e-10,3.3356943091123535e-06,7.497261623704278e-08,0.0012197942599391364,0.0009223998889325872,0.002930389293399881,0.004417361476427826
614.2857142857142,4.9,3.473116301752249e-05,2.3083964619073585e-09,3.1727070231291864e-06,7.400698331731915e-08,0.013415053964420982,0.0008954731647734849,0.002951820311790654,0.014078069163182723
614.2857142857142,5.0,3.406354387352569e-05,nan,nan,nan,nan,nan,nan,nan
628.5714285714287,0.1,0.002404067459583612,nan,nan,nan,nan,nan,nan,nan
628.5714285714287,0.2,0.0010992105022104267,3.033177944263827e-09,0.09000719208636414,-3.6328967300279358e-06,0.0005590019625188994,0.3743954510409352,0.0021528521336143442,0.37440824748923174
628.5714285714287,0.30000000000000004,0.0006944254657008832,-1.2446137208703015e-09,0.021241530324290273,-1.924175595005872e-06,0.0003628472725886284,0.1932435168839382,0.0024823223942775302,0.19327574168724435
628.5714285714287,0.4,0.0005020557324342424,-9.703566055849894e-10,0.00785524131818563,-1.1054346295411981e-06,0.00039268824981448017,0.11311856644337404,0.00225590280373496,0.11316422788666641
628.5714285714287,0.5,0.000388238412349458,-8.826027503469483e-10,0.004346455788213962,-1.2732115810144683e-07,0.0004610048425884291,0.08657317320409735,0.00036067426877923786,0.08657590320607605
628.5714285714287,0.6,0.00031788565014681324,3.601281020757445e-10,0.0018372289417541746,-3.8479055043596524e-07,0.0002297452847497454,0.047322183568494075,0.0014068981197312266,0.04736454966770741
628.5714285714287,0.7000000000000001,0.0002659051773617102,1.9383553473320137e-11,0.001581858020600885,-2.0882591052502205e-07,1.4794905403333823e-05,0.04976185681455943,0.0009325497677108161,0.049779332163664626
628.5714285714287,0.8,0.00022974328478261605,2.0862332221072228e-09,0.0007011512456332594,-1.8697526126088505e-07,0.0018404385859981205,0.02636846911331422,0.0009989896408046065,0.02647034828205905
628.5714285714287,0.9,0.0002005929046598545,6.530663272969901e-12,0.0007772100701225806,-2.0727816738629637e-07,6.6133544404849145e-06,0.033829501082392015,0.0012800003052160082,0.03387789823443488
628.5714285714287,1.0,0.00017921462523831874,-1.3115378284735324e-11,0.00025299848004236924,2.7558459480382e-07,1.4869871321053189e-05,0.012612533851652378,0.0019535183017671967,0.012911572281594098
628.5714285714287,1.1,0.00016036633061720668,4.953452921448881e-09,0.000421303777084611,1.1811040239015954e-08,0.006217324530362725,0.023508336807019147,9.373732979433087e-05,0.024316961099654193
628.5714285714287,1.2000000000000002,0.00014573107376694073,2.4550587672660404e-09,0.00028111045569163986,-2.4199342517510135e-07,0.0034129311946916262,0.017529269056024522,0.0021261656821425948,0.01810979110851475
628.5714285714287,1.3000000000000003,0.00013390692147359119,5.324555813837878e-09,0.00017620170291006646,-3.073445538171315e-07,0.008020548419118886,0.012090880713049274,0.002990812604809554,0.015113190048258932
628.5714285714287,1.4000000000000001,0.0001238447862093423,-1.8419564605828274e-09,0.00012553187699822533,-1.9531350327913796e-07,0.0030353274712443244,0.00937456224195121,0.0020594487602530217,0.010275129608823588
628.5714285714287,1.5000000000000002,0.00011503796971507568,1.0106840147563038e-09,0.0001236634372123082,1.618514825817405e-07,0.0017840371470988238,0.00998535675157713,0.0018689829988262213,0.010482191225993656
628.5714285714287,1.6,0.00010746778759293215,1.023847120292213e-09,9.198226337148325e-05,1.5635841186036505e-07,0.001935081639981594,0.007995817693871298,0.0019320029570396473,0.008668501162198633
628.5714285714287,1.7000000000000002,0.00010081742810450345,-4.332871789907602e-09,3.345770440132131e-07,-4.761489656232302e-08,0.008729438734596874,3.113277490000337e-05,0.0006299485265998884,0.008774835620288506
628.5714285714287,1.8000000000000003,9.417041438651488e-05,-1.8932926182522533e-09,0.00014987517582893585,-1.886138213074987e-07,0.004099674700662385,0.014865998731249231,0.0026600024515056964,0.015873136961948874
628.5714285714287,1.9000000000000001,8.902215242681567e-05,-5.109547963567344e-10,8.143911180520716e-05,-1.5819406065302572e-08,0.001167029159748713,0.0086480570714011,0.00023978381756807566,0.008733031588643738
628.5714285714287,2.0,8.468828158516853e-05,-2.6650016227704268e-09,1.742807095147711e-05,4.3813752369199386e-08,0.0064221149847170245,0.0019577229348396825,0.0007004993178303833,0.006786577823548913
628.5714285714287,2.1,8.052869145303616e-05,-3.881237808609436e-09,3.948358605909571e-05,5.3418883324266456e-08,0.009822548738907621,0.004662225436631186,0.0009015941989557264,0.010947353741857792
628.5714285714287,2.2,7.676393718149475e-05,-4.3876707108325234e-09,-3.3954052555728094e-05,-8.240825838784374e-08,0.011664891550489411,0.004216391939701379,0.0014598986768996002,0.012574190398092612
628.5714285714287,2.3000000000000003,7.265964238439605e-05,1.9292478120197258e-09,8.984431102738732e-05,-6.164058996947918e-08,0.005384017042870746,0.011703973809337888,0.0011481663707012266,0.012984884076386987
628.5714285714287,2.4000000000000004,6.945379069757123e-05,2.647068801370395e-09,9.680666525974849e-05,-4.560862752204618e-08,0.007725567036514338,0.013323306044861311,0.000890970763037936,0.015452589679464465
628.5714285714287,2.5000000000000004,6.72160056633439e-05,-3.544927500982701e-09,-4.534488572117381e-05,-3.386102930303006e-08,0.0107631297768683,0.006528784860515829,0.0006917725605369778,0.012626444190651362
628.5714285714287,2.6,6.452477177190483e-05,-3.2126331397184184e-09,2.15956862864656e-05,3.2608747048970356e-08,0.010161049752903438,0.003212878550776897,0.0006953263611325049,0.010702171656257099
628.5714285714287,2.7,6.204949474333041e-05,-1.7881345780187151e-09,1.8323648889072077e-05,6.4386610421027e-08,0.005876255869191326,0.00283978515318833,0.0014304440137992657,0.006832796126748015
628.5714285714287,2.8000000000000003,5.975745420364672e-05,-1.0768063574287418e-09,1.3304126855468842e-06,-1.4229212863560567e-09,0.003666462064997211,0.00021441152600036088,3.273251781042221e-05,0.003673017725520779
628.5714285714287,2.9000000000000004,5.7478717790818503e-05,1.4371705459748728e-10,2.612722842920944e-05,-1.41570635581563e-07,0.0005081079513180885,0.004372212433978658,0.00337427758396371,0.006491988423072717
628.5714285714287,3.0000000000000004,5.546125366228238e-05,3.190600138480899e-09,1.3184183915872208e-05,-1.0697070003255458e-07,0.011647939446149069,0.0022937505258647604,0.0026473451169578446,0.012447998118276746
628.5714285714287,3.1,5.3575631372904975e-05,2.5825834937684856e-09,6.8042807965461e-05,-9.805625758238348e-09,0.009775863831722511,0.01226853045547634,0.0002505821195838031,0.01569107822906511
628.5714285714287,3.2,5.237043716318218e-05,-3.346325468445424e-09,-4.569099884815238e-05,3.8722936927782486e-08,0.013040249460987405,0.008528317385590324,0.001026046637557505,0.015648828928678037
628.5714285714287,3.3000000000000003,5.0708332964977865e-05,-1.3038265082304375e-09,-4.146684849122951e-06,9.453508918473105e-08,0.005247402683889896,0.0007917987845322365,0.00258854839607692,0.006446964079297046
628.5714285714287,3.4000000000000004,4.900476191828232e-05,1.2633683281058835e-09,5.776627492228431e-05,-2.2667815857882393e-08,0.0052340052943639715,0.01139187023998227,0.0006398345248327601,0.012569339498333224
628.5714285714287,3.5000000000000004,4.7878853620809615e-05,-4.158954381284662e-10,-2.337010434288092e-05,-9.889382167113884e-08,0.0017727370980605,0.004768945593869355,0.0028679486598169046,0.006506588808801203
628.5714285714287,3.6,4.65192442799081e-05,-1.4093554160171939e-09,7.027641736748808e-06,-1.8581104299486484e-08,0.006181324236484604,0.0014677965751657808,0.0005545620498705943,0.006401427515557269
628.5714285714287,3.7,4.522991135637408e-05,-2.2077646456307353e-09,6.987953465170252e-06,1.932436854539802e-08,0.009961642636085573,0.0015021640126231342,0.0005932863378592971,0.010109144280663866
628.5714285714287,3.8000000000000003,4.4010457967491756e-05,2.229647111656033e-09,6.383739958223515e-06,-1.0136278820937865e-08,0.010262665551709432,0.0014113978486327233,0.00032116653658165845,0.01036921617104245
628.5714285714287,3.9000000000000004,4.285484197819167e-05,2.2010610946933384e-09,6.122167716690287e-06,1.3206755169072038e-08,0.010400308530744171,0.0013910711225073858,0.00042551826892453883,0.010510167838665613
628.5714285714287,4.0,4.1760447666058486e-05,2.7372154344784132e-09,1.3184475602136922e-05,-4.2373366632512e-08,0.013268007002992199,0.0030765428113925498,0.0014015388362861665,0.013763493296435246
628.5714285714287,4.1,4.079789810994667e-05,3.7498945288645e-10,-2.2824321208508637e-06,3.815881932686635e-09,0.0018634370207685903,0.0005465535568733737,0.00012947612123408804,0.0019505502948761677
628.5714285714287,4.2,3.981252423262635e-05,2.898994372093835e-09,1.7244502544353648e-05,6.200150877526578e-08,0.014731817426861138,0.004226811513152287,0.0021567309196087433,0.015626751318981145
628.5714285714287,4.3,3.899959538074956e-05,1.6751721590300685e-09,-7.5122135779200695e-06,-2.006648647558932e-09,0.00871551465686829,0.0018868970814374575,7.138029400878543e-05,0.008918002389704138
628.5714285714287,4.3999999999999995,3.8111544393093574e-05,1.6443173989928894e-09,4.392210486410345e-06,-2.3052962654768935e-08,0.0087533287681361,0.0011262195013895882,0.0008395728341900459,0.008904992980132498
628.5714285714287,4.5,3.726741551030169e-05,2.215129259861872e-09,1.6285847652497097e-05,5.700450696374954e-09,0.012018445039195719,0.004273205904363288,0.00021241971514585496,0.012759057729002512
628.5714285714287,4.6,3.658614510403478e-05,1.7861910910500145e-09,-8.526764582727091e-06,5.8630136786132795e-09,0.009903081641732162,0.0022879946102970492,0.00022267330514790033,0.01016883042149941
628.5714285714287,4.7,3.581960705194059e-05,2.345691302620666e-09,3.5006370771276543e-06,-5.16702509645974e-08,0.013237554938111639,0.0009568204212751563,0.002005307838677432,0.013571694260990972
628.5714285714287,4.8,3.5088075370617686e-05,1.505101162205577e-09,4.595207373024506e-05,-2.396596153035845e-08,0.008669463384841028,0.012828748697218197,0.0009467380146477278,0.015541203758211108
628.5714285714287,4.9,3.481606442659723e-05,-2.5247217330280046e-09,-4.005735389321296e-05,1.0702552178755659e-08,0.01479918370318167,0.011416230006948882,0.0004315309202969023,0.018700764255035744
628.5714285714287,5.0,3.414347994364464e-05,nan,nan,nan,nan,nan,nan,nan
642.8571428571429,0.1,0.0024106869164095468,nan,nan,nan,nan,nan,nan,nan
642.8571428571429,0.2,0.0011073590944176489,3.5759766745277565e-09,0.08959954863962266,-3.486273123271218e-06,0.0006537956058565545,0.3716764214785359,0.002045078637362111,0.37168824897358604
642.8571428571429,0.30000000000000004,0.0007000267588219779,5.554965590878916e-10,0.021160373292434007,-1.9442296902472933e-06,0.0001606348185411386,0.19108863059062228,0.002488243802370936,0.19112109579788492
642.8571428571429,0.4,0.000504298156150647,7.0179965576167685e-09,0.008214870723035596,-1.2714715055929066e-06,0.0028195291708278817,0.11735081008702841,0.0025737300054847066,0.11744109393695727
642.8571428571429,0.5,0.00039071826070967213,-4.455546940883569e-09,0.004276169760276753,-3.587319602664124e-07,0.0023179230763829086,0.0847944754134566,0.0010088615073017768,0.08483814844227303
642.8571428571429,0.6,0.0003199000628714648,-7.919906106627405e-10,0.0018295798534749862,-1.9484079642851192e-07,0.0005023443908962285,0.04682606464698812,0.0007095384449502362,0.04683950864196486
642.8571428571429,0.7000000000000001,0.0002673776635680073,-3.894013249514067e-11,0.0016481920959588259,-1.9252207077110253e-07,2.9559963920530278e-05,0.051522093530224355,0.0008547912911020832,0.05153628170358569
642.8571428571429,0.8,0.0002313371852241381,-2.0615882175847377e-09,0.0006233157434300532,1.4196462694708764e-07,0.0018095206651807935,0.02331218453749086,0.0007543704366567811,0.023406632873165415
642.8571428571429,0.9,0.00020152986431456945,9.184229627528187e-09,0.0008279539694512637,-2.0706055168769614e-07,0.009172565178378994,0.035789921479725595,0.0012722048021942347,0.03699042364712773
642.8571428571429,1.0,0.00018000208309951342,4.385362236802712e-11,0.00041211609295747296,-1.4385657669907004e-07,4.950107059510776e-05,0.020449380758486395,0.00100571709956917,0.02049884283393273
642.8571428571429,1.1,0.00016259546281403213,-7.507045432728655e-09,0.00016152894334869468,-3.177443950187405e-08,0.009382241479785034,0.008973726335122138,0.0002510643549104622,0.012987697491983584
642.8571428571429,1.2000000000000002,0.00014680413196203779,-3.6447139559276693e-09,0.00044697104162391276,-3.2473364692777797e-07,0.005055407687001264,0.027489761023352422,0.002840945433956395,0.028238024894107816
642.8571428571429,1.3000000000000003,0.00013548251152628257,-1.0194874534192597e-08,-5.596449243256057e-05,-1.0334234567095258e-07,0.015356865001926998,0.003812187823639221,0.0010033884318784402,0.015886461386368216
642.8571428571429,1.4000000000000001,0.00012360124616620175,6.364363100014213e-09,0.0003895349380942324,-5.6220499041177686e-08,0.01041942483158066,0.02875167678144686,0.0005950250207699137,0.030592996602432306
642.8571428571429,1.5000000000000002,0.00011561533018706325,-1.986398616448199e-09,3.496950860672285e-05,-3.198929194878017e-08,0.003501139257835945,0.002829219744249239,0.0003665991590148926,0.004531142278806815
642.8571428571429,1.6,0.00010797910929399198,-1.92898216771541e-09,9.53377698777069e-05,6.7905784040286225e-09,0.003641828172311684,0.008246118375777014,8.37814339268309e-05,0.009015288090866096
642.8571428571429,1.7000000000000002,0.00010129626609969778,-8.30742148561717e-10,-3.653966996951479e-05,-3.288609187051384e-08,0.0016686016577036654,0.0033839573421585805,0.0004346118305239614,0.00382271810000465
642.8571428571429,1.8000000000000003,9.424802620570843e-05,1.4005641021997136e-09,0.00021522990079379453,-4.693162146175826e-08,0.003021086305558526,0.021247565096028424,0.0006598572981252211,0.02148154576103351
642.8571428571429,1.9000000000000001,8.935208531965703e-05,-6.855575464318487e-10,1.8580485092516366e-05,-8.21058966427642e-08,0.0015625017735555035,0.0019714455400861204,0.0012397454689466387,0.0030662594419645886
642.8571428571429,2.0,8.464194928453079e-05,3.162513705489603e-10,7.080868162775493e-05,-1.2852706468592357e-07,0.0007621018495397488,0.007924681486104878,0.0020505446595521035,0.008472947697638681
642.8571428571429,2.1,8.06399000656821e-05,-2.1408174117225936e-09,5.6596854943738095e-06,-5.210711537817606e-08,0.005417932217681148,0.0006686619982425403,0.0008789732754191776,0.005598775439422741
642.8571428571429,2.2,7.669444770177715e-05,-9.158075050573361e-10,3.7931018832995486e-05,8.394486041778194e-08,0.002434730391513619,0.004703753204319481,0.0014891739453905964,0.005699867048078072
642.8571428571429,2.3000000000000003,7.312830552620215e-05,-3.293415705794233e-09,3.638524583547968e-05,1.0415120956772503e-07,0.009191046468359573,0.0047441825224378755,0.0019382466259882626,0.010700289853833856
642.8571428571429,2.4000000000000004,6.992601580898195e-05,-3.308376630218533e-09,2.7204303138623428e-05,-6.755569778547878e-08,0.009655618103148158,0.0037200784214637696,0.0013233918059353958,0.010515354305001648
642.8571428571429,2.5000000000000004,6.699576912314799e-05,1.5662416398320805e-09,2.3679987849400883e-05,-8.809064724676703e-08,0.004755432100310805,0.003386434587391322,0.0018049089948421406,0.006371614131024477
642.8571428571429,2.6,6.430232231580803e-05,1.0328960084456447e-09,4.928151273536846e-05,-4.971876553104046e-10,0.003266886468185863,0.007355914168965186,1.0566948630840862e-05,0.008048741751230774
642.8571428571429,2.7,6.210169063582176e-05,-1.1175174548517676e-09,3.5849044171417616e-06,2.6018018963951643e-09,0.0036724408686691825,0.0005575077676876458,5.7603610984199924e-05,0.0037154102326527228
642.8571428571429,2.8000000000000003,5.9936908000006906e-05,-2.8329054125336918e-09,-4.814945265790132e-06,8.903216613959818e-08,0.009645875655472624,0.0007753323969915814,0.002049796042610416,0.0101018505789418
642.8571428571429,2.9000000000000004,5.772397591153416e-05,-5.166266395412163e-10,1.606257477878737e-05,8.191930917457978e-08,0.001822106533369343,0.002679913815171367,0.0019583763414066637,0.004262919898949111
642.8571428571429,3.0000000000000004,5.567166957084928e-05,-8.425934552713298e-10,1.4475961429902389e-05,3.255738675153969e-08,0.0030866532769821,0.0025077900822507043,0.0008037936064130539,0.004136255295839504
642.8571428571429,3.1,5.376412284446343e-05,9.512933512424281e-10,2.9227654879975978e-06,-1.112045361724103e-07,0.0035854687381880303,0.0005250005093305146,0.0028516111855736975,0.005421677260285697
642.8571428571429,3.2,5.1885803772957557e-05,2.855162660058176e-09,6.034042485518835e-05,-1.6213287827301817e-07,0.011126243902435346,0.011223176658112661,0.004277604337345416,0.016921843735522357
642.8571428571429,3.3000000000000003,5.0610888950003565e-05,-7.862594723810715e-10,-7.536842616292484e-06,3.597125987781366e-08,0.0031643934523204933,0.0014525828007352995,0.0009812313376541594,0.0037482012472744787
642.8571428571429,3.4000000000000004,4.926060570088665e-05,-3.3943183570868192e-09,-1.0307282286490088e-05,-4.3375294070613596e-10,0.014062312515293846,0.00203657404569049,1.2219827036703947e-05,0.014209031134096219
642.8571428571429,3.5000000000000004,4.780724962890483e-05,-1.0516367808021071e-09,-1.3408618327945528e-05,-3.283256726369442e-08,0.004482558268496699,0.0027219759353678,0.0009571246891838276,0.0054161477975107
642.8571428571429,3.6,4.621980737364356e-05,1.1281205104447033e-09,2.9000957997599862e-05,3.643199055058827e-08,0.004949106099309453,0.0060662259851203704,0.0010870289668743027,0.007978471835785301
642.8571428571429,3.7,4.4922374698358286e-05,2.2805990825022563e-09,5.126183082505649e-05,3.519220834527805e-08,0.010290278495505881,0.011090879373566603,0.001080726570876626,0.015206359743083596
642.8571428571429,3.8000000000000003,4.413756033132358e-05,-2.0665825028318827e-09,-3.845212631601536e-05,3.653167342309408e-08,0.009555388381783093,0.008559682468749948,0.0011538405299744128,0.012931987744726786
642.8571428571429,3.9000000000000004,4.2968224701128715e-05,-8.215239949889221e-10,1.7818723115608632e-05,3.779895722819396e-08,0.003901905636715779,0.004037088362349523,0.0012269472488988242,0.005876542278109901
642.8571428571429,4.0,4.197707630208994e-05,-1.8855691679988482e-09,-3.820476729753262e-05,-1.627568622921332e-08,0.009167147123734294,0.008891399996921224,0.0005418047189042937,0.0127937752442465
642.8571428571429,4.1,4.060388023007584e-05,1.73528269811033e-09,8.258792852624591e-05,-1.50858530913386e-08,0.008680332628670996,0.019674530911085408,0.0005154697045086207,0.021516662360788162
642.8571428571429,4.2,4.0056563443324194e-05,-2.576596686286977e-09,-3.938502830559608e-05,-2.26890728304631e-08,0.013127338274285947,0.009699818855347491,0.0007944762521595064,0.016360803190081416
642.8571428571429,4.3,3.911539637351659e-05,-1.936236292993699e-09,4.759275567094438e-06,-4.597763986719298e-08,0.010102166934547657,0.001188138761286477,0.0016497909623522907,0.010435950887602814
642.8571428571429,4.3999999999999995,3.822182205937993e-05,-2.553107467335786e-09,4.420081359057743e-06,-1.728479369212184e-08,0.013632064412396082,0.0011300106272348546,0.0006331491949146042,0.013708094687717234
642.8571428571429,4.5,3.737244855883385e-05,-2.3146846628713836e-09,2.0411162137577766e-05,-8.637676785340588e-09,0.012639916390068397,0.005340185537431414,0.00032377429099956356,0.01372933820346545
642.8571428571429,4.6,3.6727186679663545e-05,-3.096448728880946e-09,-1.2721057494294062e-05,-9.559050718421019e-09,0.01720600920316143,0.003403859791061816,0.0003664269859772442,0.01754712374289838
642.8571428571429,4.7,3.59547142255503e-05,-2.8770645087471386e-09,-1.2943675946133226e-05,2.3615394545522745e-08,0.016330432179489984,0.0035242764601134987,0.0009221052894816963,0.016757210270985215
642.8571428571429,4.8,3.505280501197572e-05,-7.07360725753143e-10,2.348207039998005e-05,-5.2166853333974823e-08,0.004114199204760038,0.006531012943858449,0.0020805386302347804,0.008260632370048504
642.8571428571429,4.9,3.4385716502400946e-05,1.2037235564002733e-09,2.8369101946123996e-06,-6.504400425525359e-08,0.007055877012493403,0.0008093247298306584,0.002648193299218221,0.008029088518243953
642.8571428571429,5.0,3.374699709477229e-05,nan,nan,nan,nan,nan,nan,nan
657.1428571428571,0.1,0.00243530497317492,nan,nan,nan,nan,nan,nan,nan
657.1428571428571,0.2,0.001116237477782938,-4.7361600133286936e-08,0.09085714361968285,-5.139646522716313e-06,0.008659118577043688,0.3730832262097831,0.0030043365477795884,0.37320788588910625
657.1428571428571,0.30000000000000004,0.0007057414185877844,-3.708144548363753e-08,0.02127274646698527,-1.3079487664773086e-07,0.01072296699062861,0.19057545451024485,0.0001675106777638164,0.19087703372203488
657.1428571428571,0.4,0.0005079728240624836,-2.744523558868842e-11,0.008208458423864558,4.085018686426187e-08,1.0947243740286892e-05,0.11630971638720027,8.290718640449482e-05,0.11630977599976806
657.1428571428571,0.5,0.0003922888137758284,4.67460540513441e-09,0.004514804137007322,-6.304521334651639e-07,0.002416334350718781,0.08887885184290835,0.0017603052466163233,0.08894653633352255
657.1428571428571,0.6,0.0003217528448592464,1.7437708312550698e-10,0.0017625326865824667,-2.0083695171397727e-07,0.00010995867732957778,0.04492946586006039,0.0007266976103501199,0.044941352585506696
657.1428571428571,0.7000000000000001,0.00026884220280848906,9.010624875295124e-11,0.001657879261862541,-2.4823469510731455e-07,6.802560414684033e-05,0.05152648339714899,0.0010957226016428921,0.051549823809582444
657.1428571428571,0.8,0.00023251035337635716,-1.1597879136630063e-10,0.000816265260210569,1.4482470476835842e-07,0.00010129742381208276,0.03036224415971027,0.0007653466570322506,0.030381699139330445
657.1428571428571,0.9,0.00020434115654633097,-9.052981332274661e-09,0.00046265309632539465,-3.853772636969439e-08,0.008999040921882437,0.019898171827923413,0.00023561555077314928,0.021841039558198962
657.1428571428571,1.0,0.00018079849067955872,2.4972184775849875e-09,0.0006036720109759129,-3.996157156855057e-07,0.0027985927142473834,0.029542360490606323,0.0027806427877658533,0.02993404638807598
657.1428571428571,1.1,0.0001632925449225456,4.770378363619762e-10,0.00013467718169232222,6.090683514279525e-08,0.0005933113003751142,0.007449021348912677,0.00047780119611454656,0.007503101047015602
657.1428571428571,1.2000000000000002,0.00014713337098245572,8.780861745931427e-09,0.000400331789697698,-2.3105631496884056e-08,0.012006412732448643,0.02451623188845437,0.00020116187558132307,0.02729982609671253
657.1428571428571,1.3000000000000003,0.0001349775149393428,1.1610451369890954e-08,0.00018348968390790847,-2.1752795503264498e-07,0.017315443373831445,0.012470976684805783,0.0020820408510865353,0.021541114802082994
657.1428571428571,1.4000000000000001,0.000124656555735309,-4.425412372137846e-09,0.00014517066550311181,-4.922208202502636e-08,0.007236236239189542,0.010755173968668019,0.0005138573022059049,0.012983257705974062
657.1428571428571,1.5000000000000002,0.00011578730318630628,3.597931128598926e-09,0.000117871052760223,-1.4159568602311925e-07,0.006292307265149964,0.009455664169841654,0.001620716497913382,0.01158689602719829
657.1428571428571,1.6,0.00010809676116490581,7.989538615103463e-10,0.00011993457373945916,-1.880178809039247e-07,0.0015044807396607776,0.010358180080114639,0.0023017294244745486,0.01096135363698653
657.1428571428571,1.7000000000000002,0.00010160556488089992,-3.012362199910254e-09,-5.029011633798696e-05,1.6275153509673522e-07,0.006050532730374266,0.004652324065590406,0.002145300162994015,0.008213263122004932
657.1428571428571,1.8000000000000003,9.461146743351417e-05,2.9472611466782006e-09,0.00019247385230165351,1.3573863204088746e-07,0.006293205501340624,0.01894323923372383,0.0019142364064798417,0.020143965602333204
657.1428571428571,1.9000000000000001,8.954210850914495e-05,1.957220296033962e-09,1.874084951477184e-05,-1.1436374679950702e-07,0.00443166293719245,0.0019808222008544053,0.0017093842971011653,0.0054228481751414535
657.1428571428571,2.0,8.466015807992345e-05,3.128354073940154e-09,5.359995150296423e-05,-7.320836366518944e-08,0.007483163438137388,0.0059860050645881395,0.0011603413004834685,0.00972228242453213
657.1428571428571,2.1,8.03142071657316e-05,4.961403789905264e-09,4.6980247969178564e-05,-1.0918498609364203e-07,0.012500226108828012,0.005549274775134113,0.0018282277313650989,0.013918869802438344
657.1428571428571,2.2,7.643805873123152e-05,2.7622325695134023e-09,3.629327170330786e-05,5.15413993093619e-08,0.007345339276556864,0.004518910537013115,0.0009090076535401343,0.008719354985183603
657.1428571428571,2.3000000000000003,7.292484301376453e-05,5.2067051729411415e-09,3.1143471996890265e-05,7.521152536541573e-08,0.014401405123118178,0.004074341043431743,0.0014000194052797069,0.015097047165876063
657.1428571428571,2.4000000000000004,6.972306201626644e-05,4.344490537009937e-09,5.7389271516986265e-05,-5.810109030521634e-09,0.012592980943577976,0.007869646220034245,0.00011249266441090801,0.014850582812566984
657.1428571428571,2.5000000000000004,6.709517373393821e-05,2.07592431245363e-09,-1.7661748813433436e-05,3.514990681704405e-10,0.006265440296994058,0.0025331286811977566,7.132009428064168e-06,0.006758149507211323
657.1428571428571,2.6,6.429066796347565e-05,2.479597995164011e-09,4.396595485955755e-05,-1.2360826610575576e-07,0.007811067148809238,0.006552774575694796,0.0026114735725101573,0.010843948223913507
657.1428571428571,2.7,6.192582174160867e-05,1.3125732105250049e-09,-2.2757685116166905e-06,-5.2376201650792294e-08,0.004313442694361977,0.00035398115834005397,0.0011549445524003021,0.004625892819363927
657.1428571428571,2.8000000000000003,5.953821783462552e-05,4.8060153168220976e-09,7.13186096537802e-05,5.55557904393132e-08,0.016314267953708418,0.01151678050415929,0.001277991212489224,0.02005138636415897
657.1428571428571,2.9000000000000004,5.7863800024180175e-05,-2.2565612439352674e-10,-4.792545823332011e-05,1.52870950472224e-08,0.0007945859152008156,0.008049528517369932,0.0003632498522692474,0.008104947688846273
657.1428571428571,3.0000000000000004,5.571012763140163e-05,9.500013639937276e-10,5.9030057765236004e-05,-8.870486195246463e-08,0.0034656648488945417,0.010201552221003198,0.002186448246183659,0.011209086154954724
657.1428571428571,3.1,5.4146755816275444e-05,-5.0889190788892944e-09,-5.995273612615988e-05,-7.208948384605036e-08,0.01918037190599089,0.010761550668637649,0.0018409088631508553,0.02214668214723449
657.1428571428571,3.2,5.198385663988766e-05,-1.6525332861976998e-09,5.3202635471692584e-05,7.927278164212673e-08,0.00648762352122175,0.009825636766164473,0.0021063643360264713,0.012145202272744626
657.1428571428571,3.3000000000000003,5.03529838182168e-05,3.4079922223582674e-09,1.01620454886502e-05,-7.177664015953888e-08,0.013693651791332424,0.0019548463976127497,0.001976225670887877,0.014111997010525254
657.1428571428571,3.4000000000000004,4.8823731451432446e-05,1.5800065299014225e-09,2.2654680116785576e-05,-3.788387029104061e-08,0.006545804860433859,0.004499173315840227,0.0010655481177717445,0.008084609290461852
657.1428571428571,3.5000000000000004,4.7521025885815946e-05,2.624766244969937e-09,-6.772117721946903e-06,7.769614206213064e-08,0.011204714447371984,0.0013870545164462675,0.0022532099855643627,0.01173130242372237
657.1428571428571,3.6,4.615059914297998e-05,1.5237152349300393e-10,3.000940243826202e-05,2.8479204008796466e-08,0.0006727901099392905,0.0063149736098646,0.000851012711905207,0.006463743767892333
657.1428571428571,3.7,4.508026642452663e-05,-9.301476415045973e-10,-1.6702254210805943e-05,-3.8193101312160135e-08,0.004210845772272863,0.0036190763545800135,0.0011804803265839472,0.005797930956906256
657.1428571428571,3.8000000000000003,4.384291116396522e-05,1.2922858663613192e-09,3.083935625009458e-05,-7.831740675141963e-08,0.00597522399248533,0.006840988018943019,0.0024835993792850647,0.009738529179977055
657.1428571428571,3.9000000000000004,4.291394946590476e-05,-1.0437988088998055e-09,-1.7609286400837992e-05,-1.8232540507151135e-08,0.004957620813130707,0.004016450079006429,0.0005901206646508424,0.006434777397986152
657.1428571428571,4.0,4.1808894903835914e-05,-4.5760940506137905e-10,6.01613345828963e-06,1.9719737318821768e-08,0.002224777967627833,0.0014019062643184275,0.0006556252558384731,0.0027883090093036686
657.1428571428571,4.1,4.076400167634997e-05,-2.592733642654074e-09,5.565814673210556e-06,-3.16312233648157e-08,0.012980308435576042,0.00133125132487056,0.0010764794962027147,0.013136904254204865
657.1428571428571,4.2,3.977476659559613e-05,-2.2985225443060974e-10,5.051558756506804e-06,-6.35412018744721e-08,0.0011710596047400908,0.0012392205251619264,0.0022355781028957724,0.003592028259372515
657.1428571428571,4.3,3.8836047102407355e-05,-6.507426478229811e-11,-8.627022382490293e-06,1.2690756132733616e-08,0.0003395200721897998,0.0021689687007353754,0.00045260127329301264,0.002286787031921071
657.1428571428571,4.3999999999999995,3.781105738539368e-05,1.3893736146161452e-09,2.190293139102121e-05,1.1186126995618647e-08,0.007418422784644913,0.0056398457168581155,0.0004085394219124381,0.009336737398053708
657.1428571428571,4.5,3.7005096982290216e-05,1.1105598843521209e-09,3.716336408904086e-06,-1.8077981817941805e-08,0.006064490904329645,0.000982870267558214,0.0006756791518526679,0.006217488924320141
657.1428571428571,4.6,3.623629994327579e-05,1.6683863352484714e-09,3.5162472705342458e-06,-1.7592918614352905e-08,0.009270707559588236,0.0009502062032743871,0.0006724938249117286,0.009367678814585629
657.1428571428571,4.7,3.550266537696671e-05,1.4479914291417828e-09,1.0414451088977028e-05,3.984976800107572e-08,0.008218907069407286,0.002874038217279298,0.001550029968210411,0.008978625445725853
657.1428571428571,4.8,3.48731753215474e-05,-2.6613921112384813e-10,-4.265881927031472e-06,3.2515006839855076e-08,0.0015494943899809531,0.001201566665977444,0.0012919031835389476,0.0026800602583984434
657.1428571428571,4.9,3.420102644685778e-05,-2.6170455113839025e-10,2.8022298090471353e-06,9.04435775093379e-09,0.0015532348167103028,0.0008035487973805748,0.0003686013449807593,0.0018248186125355325
657.1428571428571,5.0,3.3556899870258626e-05,nan,nan,nan,nan,nan,nan,nan
671.4285714285714,0.1,0.00244391800270696,nan,nan,nan,nan,nan,nan,nan
671.4285714285714,0.2,0.0011154502284679644,5.8805723830602267e-08,0.09169059821891856,-4.538508018015041e-06,0.010651948193833694,0.3751787012385817,0.0026270762554104054,0.375348271506206
671.4285714285714,0.30000000000000004,0.0007038884364181547,5.1209570934185446e-08,0.021931524653748764,-8.315321997223056e-07,0.014668256170287162,0.1966158963799848,0.0010543542592763803,0.19716792785387333
671.4285714285714,0.4,0.0005116418909058327,-8.149076113184085e-09,0.007541802255156255,-3.149276727783464e-07,0.003237775953796933,0.10714485229412042,0.0006314459946859241,0.1071974813806009
671.4285714285714,0.5,0.00039481336794507327,-5.082600245795298e-10,0.004565636902253565,-3.485046747230286e-07,0.00026112186912148085,0.08923500955268474,0.0009692706608113975,0.0892459191544694
671.4285714285714,0.6,0.0003236412140068495,-4.563695871187518e-10,0.0017856071010702807,-3.68826594044848e-07,0.0002861899809714388,0.04522661201579922,0.0013264093076936722,0.04526640103250883
671.4285714285714,0.7000000000000001,0.00027032513107932857,-6.274708534624549e-10,0.0016650804235673387,-3.77616448873737e-07,0.0004713459742954463,0.05144834314989621,0.0016576264755059017,0.05150387976610648
671.4285714285714,0.8,0.00023365985238748104,-3.7887028180869075e-09,0.0008310327871790677,-3.852891529082443e-07,0.0033037830587994274,0.030741972966442255,0.00202596093687257,0.03105145600136238
671.4285714285714,0.9,0.0002053049015674242,-6.327571287379862e-09,0.000515458393623362,2.8725366345405122e-08,0.006289869697207516,0.022060203683111596,0.00017534145134237306,0.022940717874498553
671.4285714285714,1.0,0.00018210453468360096,-4.518533491015407e-09,0.0005182813891763397,7.347381346675075e-08,0.005053195411453717,0.02524447225660275,0.0005120693259476105,0.025755438131972744
671.4285714285714,1.1,0.00016408698169154113,-2.6110836397533084e-09,0.00031851939046028543,2.0467762277640465e-07,0.003242342149312513,0.017491019156315884,0.001602274761066322,0.017932738289500517
671.4285714285714,1.2000000000000002,0.00014925462260408415,-6.77659470562078e-09,0.0002419734707182196,1.0623247284256116e-07,0.009220293432995984,0.014746658645540414,0.0009234074824541924,0.017440846165136182
671.4285714285714,1.3000000000000003,0.00013684199822380937,-1.0123030251777818e-08,3.793460788126929e-05,-1.752845908104685e-07,0.015097152687000813,0.0025416035509932184,0.0016694561239588995,0.015490575695069727
671.4285714285714,1.4000000000000001,0.00012480871992234728,7.612493610669435e-09,0.0003918106223561873,-6.817216442617791e-08,0.012279783634467542,0.02863233710716273,0.0007127371878801885,0.031170816526448573
671.4285714285714,1.5000000000000002,0.00011669354784444706,-2.6411123177181e-09,-2.0091092225570786e-05,-2.687013073518828e-07,0.004604466737937938,0.0016097506839322557,0.0030341118951726334,0.006496466823593679
671.4285714285714,1.6,0.00010837746484429113,-1.1708300201842053e-09,0.00012387140220668043,-2.514330993545294e-07,0.0022038979260022027,0.010615102933694458,0.0030684069530840063,0.011677663243159312
671.4285714285714,1.7000000000000002,0.00010130009586620202,2.193554894174148e-09,0.00013536636398760293,7.678183328011755e-08,0.004405903009760498,0.012490268542642837,0.001011705577602567,0.013321632255480336
671.4285714285714,1.8000000000000003,9.557639052798893e-05,-5.7262889562173564e-09,2.788792223333525e-05,2.0650089458555673e-07,0.012227186994321623,0.00275300057664011,0.0029033968594649458,0.013188727786113049
671.4285714285714,1.9000000000000001,9.01315644121092e-05,-7.946842505193274e-10,6.300681860132175e-05,4.286503504272795e-08,0.0017908849047528997,0.006592299442702915,0.0006420681716946317,0.006891312194244253
671.4285714285714,2.0,8.531680648224268e-05,-1.5049759918967272e-09,4.989970990998816e-05,-3.7071332021295416e-08,0.0035852826238760216,0.005536319072620483,0.0005848026082163347,0.006647485881751229
671.4285714285714,2.1,8.100104565147604e-05,-2.7870308583615957e-09,6.0105872530248315e-06,-7.40726753709882e-08,0.007011687648111606,0.0007045021374863392,0.0012352358717951303,0.007260282518906729
671.4285714285714,2.2,7.674539069323965e-05,-1.557097872356677e-10,0.00012942376587606093,-1.3734568965878881e-08,0.0004125826752476036,0.0159780364358423,0.00024187660174944088,0.01598702228027366
671.4285714285714,2.3000000000000003,7.378397339376388e-05,-4.860059353104216e-09,-4.158171488984074e-05,-4.057651721082585e-08,0.013442605513789226,0.005418138407301586,0.000752606359831099,0.014532470521757459
671.4285714285714,2.4000000000000004,7.040673894538969e-05,-4.980032946866969e-09,5.887318706626538e-05,-1.1971158626358065e-07,0.014435170122720139,0.007979129390616591,0.0023219774323804546,0.016817366045164202
671.4285714285714,2.5000000000000004,6.761823636767816e-05,-4.918519855142359e-09,-4.467977164702746e-06,2.8517545956829684e-08,0.014844805428166434,0.0006345951014956523,0.0005813754507182486,0.014881093843275017
671.4285714285714,2.6,6.47850540183196e-05,-2.3264910921385836e-09,6.595326221514292e-06,5.394468932755519e-08,0.007326544159137311,0.000975376847401316,0.0011478505988944201,0.007567346384631811
671.4285714285714,2.7,6.201782493117618e-05,8.163139989189761e-10,8.69751277624036e-05,-2.0713307814189e-08,0.0026750845043464954,0.01342518410771244,0.00045660985088952997,0.013704328897951484
671.4285714285714,2.8000000000000003,6.0120347121656804e-05,-3.766347386371744e-09,-2.65297445595618e-05,-5.60879492494408e-08,0.012785061307013828,0.004277761206395579,0.0012866127848047712,0.013603961867011068
671.4285714285714,2.9000000000000004,5.79575718665418e-05,-7.714813774476065e-10,1.4766690991365672e-05,-3.755990743062442e-08,0.002716559269140657,0.002456188578133867,0.0008952707837635505,0.003874993696334291
671.4285714285714,3.0000000000000004,5.594246352134045e-05,-1.390049502923086e-09,-4.3652130211068464e-05,-3.278455851602894e-08,0.005070988193376612,0.007531738960974021,0.0008089813397208536,0.009151552581373944
671.4285714285714,3.1,5.349083387402842e-05,5.657550073268361e-09,7.054535890406231e-05,8.749420151727886e-09,0.02132356848278621,0.01261034185188346,0.00022363431929456971,0.024775296548759405
671.4285714285714,3.2,5.174465781575701e-05,3.475974459206134e-09,7.921055457522478e-05,6.220807861180418e-08,0.013585841148801386,0.014808248224689605,0.001641255923673208,0.020229847681544035
671.4285714285714,3.3000000000000003,5.079058730323785e-05,-3.317172912828232e-09,-0.00011272092765156634,-1.1951642279682591e-08,0.01332873077054061,0.021784070551383795,0.0003269908360066175,0.025542408652178585
671.4285714285714,3.4000000000000004,4.870930751420302e-05,1.918534583742989e-09,0.00011424409981649705,-4.0798780510549205e-08,0.007992779635328176,0.022493163769581798,0.0011529687302219982,0.023926671654241498
671.4285714285714,3.5000000000000004,4.777046872333317e-05,-2.6155644215861422e-09,-7.191427908626343e-05,-3.794281592769904e-08,0.011174030143142251,0.014763970739122938,0.001106511179504396,0.01858177912919714
671.4285714285714,3.6,4.611248714160068e-05,1.0827876643617421e-10,5.938265415401254e-05,2.63708699082513e-08,0.0004788173468234421,0.012430829284496321,0.0007927579549318266,0.012490464887350101
671.4285714285714,3.7,4.504833210140832e-05,8.803161100731274e-10,-1.7218325514759943e-05,3.6839526419124276e-08,0.003975045000356754,0.0037339832618194044,0.0011403512817117678,0.005687215122167619
671.4285714285714,3.8000000000000003,4.3811993806068354e-05,1.0692780000438239e-09,7.099855487081368e-06,-1.0607287500472363e-07,0.0049596247582265095,0.001576052909372734,0.0033527855806044227,0.007040182015727541
671.4285714285714,3.9000000000000004,4.2646654065599206e-05,2.1681416637582314e-10,6.600950594951031e-06,-1.0493890259465056e-07,0.001031081725336079,0.0015066537770843794,0.0034071617069812814,0.0051527310160112035
671.4285714285714,4.0,4.154732383107957e-05,3.9139513301653665e-10,-5.29997887631909e-06,1.5498384928303228e-08,0.00191051588285698,0.0012427654624830938,0.0005159289735186633,0.002393094721238933
671.4285714285714,4.1,4.039499380779674e-05,1.6475511331955727e-09,2.0339734000096698e-05,1.3452854253078788e-08,0.008248329685871504,0.00489555815503128,0.0004596716383651823,0.009613741638215427
671.4285714285714,4.2,3.9446061124514875e-05,1.425992155686814e-09,4.628892786463772e-06,1.5356041090965402e-09,0.007316669139555544,0.001145907537079592,5.381513260816415e-05,0.007406250300810495
671.4285714285714,4.3,3.854341736909765e-05,9.420423228637201e-10,4.3064733362949725e-06,2.336404137380442e-08,0.0049503888686547775,0.0010917372263611368,0.0008391551935913374,0.005206400195930627
671.4285714285714,4.3999999999999995,3.7683838347043375e-05,1.0561827339004185e-10,4.013095511505798e-06,2.476673261880334e-08,0.0005700647155073646,0.001041188297621818,0.0009110362469433014,0.0017518621342617643
671.4285714285714,4.5,3.686439028010416e-05,1.4666513117847286e-10,4.095800091666605e-06,-6.4287387275674155e-09,0.0008088523437326133,0.0010868850603664574,0.00024288959640417698,0.0013976952316196501
671.4285714285714,4.6,3.608590021408161e-05,1.5278435928819872e-10,3.871483525096471e-06,-6.34426044653439e-09,0.0008604764155335203,0.00105019600098633,0.00024491840174536744,0.001401178557216783
671.4285714285714,4.7,3.534612498331002e-05,1.2419601508772946e-10,3.288175386149721e-06,-1.880219368390291e-08,0.0007139217649994241,0.0009112078032257582,0.0007412532938886382,0.0015616967819013128
671.4285714285714,4.8,3.463923150639993e-05,4.450549784811154e-10,3.05892697557102e-06,-1.7922546347961517e-08,0.00260451036624355,0.0008654207432965865,0.0007211750827180442,0.002927902715368952
671.4285714285714,4.9,3.396292729924555e-05,4.2164050610903685e-10,9.848254139637845e-06,-3.652431165283815e-09,0.0025159795426929633,0.002843092560473891,0.00014962098402104384,0.0038023809967427423
671.4285714285714,5.0,3.338510563348755e-05,nan,nan,nan,nan,nan,nan,nan
685.7142857142858,0.1,0.0024679842732108865,nan,nan,nan,nan,nan,nan,nan
685.7142857142858,0.2,0.0011266641472816852,-1.5842534124686213e-08,0.09271423657397522,-1.6788717679954972e-06,0.0028494996463721586,0.3756678580992437,0.0009721038851893061,0.3756811802965852
685.7142857142858,0.30000000000000004,0.0007124863870922363,-1.7118317419398907e-08,0.021533925408860163,-2.423519685342333e-06,0.004868421041215076,0.19112994285666496,0.0030513255659766554,0.19124062788865165
685.7142857142858,0.4,0.0005136478809913891,6.5366162217388005e-09,0.008242482068814784,-1.582874217286943e-06,0.0025803377151531505,0.11568616914147076,0.0031511675881256305,0.11580072360607307
685.7142857142858,0.5,0.0003972341955786897,-9.029897068743976e-10,0.004461593633802996,-4.950650519949608e-07,0.0004613194293854483,0.08686093720841792,0.0013679929909422325,0.08688370409914153
685.7142857142858,0.6,0.00032543644650402025,-5.2597808679403705e-09,0.001804130664460044,-3.0323637116387644e-07,0.003291116053823682,0.04541730506941357,0.0010844218937878115,0.045562210068601464
685.7142857142858,0.7000000000000001,0.00027168000407395125,1.0527473626757321e-09,0.0016112585097970218,3.924822311442097e-08,0.0007862639267056656,0.04951069639267087,0.00017190700961379355,0.049517536007858666
685.7142857142858,0.8,0.0002340361467418525,9.744763178696348e-09,0.0008585016099706554,-6.012304500029288e-08,0.008412509945837992,0.031599734875481365,0.0003143280922508934,0.03270338166136176
685.7142857142858,0.9,0.0002049773055094603,1.585749881801592e-08,0.0006569964718531131,-2.2019983218254375e-07,0.015567307469892402,0.028072435860849995,0.0013306668115342828,0.032155000627434954
685.7142857142858,1.0,0.00018248842899559924,3.5046882928422747e-09,0.0004348991766603919,-2.173674697138113e-07,0.0038959202142199653,0.02121694280152005,0.0014937275995884748,0.021674854104286052
685.7142857142858,1.1,0.0001643485442483421,3.99745524133362e-09,0.00037842362132764533,-1.2834425019349235e-07,0.004931556201783798,0.020736855668628238,0.0009987001463446963,0.021361934218546062
685.7142857142858,1.2000000000000002,0.0001499928957143614,-3.561862935709476e-09,0.00010033097867160721,-2.2138657014744564e-07,0.004845934460754797,0.0061047683221337285,0.0019118318354119468,0.008249938120898094
685.7142857142858,1.3000000000000003,0.00013664055696709678,2.3360686496379325e-09,0.0003226236014179824,1.7807533998911735e-07,0.0034820559768355607,0.021509258813988755,0.0016959074775413931,0.021920883488074354
685.7142857142858,1.4000000000000001,0.000126514454234012,-8.056873189611278e-09,6.724384878406107e-05,9.294288304562502e-08,0.012990304328463077,0.004921221800951344,0.0009697601353644081,0.013958771435929789
685.7142857142858,1.5000000000000002,0.00011706078998876781,-6.346279552113003e-10,8.120978780744248e-05,-5.670591300383596e-08,0.0011041564155817403,0.0064190126178966,0.0006399988368503852,0.006575871151499683
685.7142857142858,1.6,0.00010841922362159805,6.662321482987743e-09,0.00016646338611929877,1.4389868889905683e-08,0.012380709559095471,0.014220251386930779,0.00017525332986971113,0.01885627073823044
685.7142857142858,1.7000000000000002,0.00010144229111562128,1.973747943740639e-09,9.073246135911442e-05,-9.821668060446058e-08,0.003949567584716869,0.008368669164777133,0.0012776245332338264,0.009428592503209572
685.7142857142858,1.8000000000000003,9.537268322323566e-05,6.317822030252703e-09,0.00012557645249337447,4.1131569797308036e-08,0.01336692715004146,0.012379102553021572,0.0005761441865290175,0.018236798120834785
685.7142857142858,1.9000000000000001,9.055883985578378e-05,3.316459943631478e-10,-7.867956129994076e-06,-4.325931544694354e-08,0.0007433282011688086,0.0008249695682334758,0.0006406810460309538,0.0014331978260696667
685.7142857142858,2.0,8.566631692703196e-05,-3.1497274777873033e-10,3.4530833111145395e-05,-8.10964519730734e-08,0.0007478649854197749,0.0038130825401624224,0.0012723475197537633,0.004282129950918764
685.7142857142858,2.1,8.111910232939159e-05,1.0912892435556315e-09,4.490574158974439e-05,3.408690650561257e-08,0.002734009856879009,0.005241936761211969,0.0005665468778369867,0.00596612618334801
685.7142857142858,2.2,7.702094514764867e-05,1.364229340105034e-09,7.284669602851877e-05,-3.997392931667588e-08,0.00358897145445707,0.008980214762820977,0.0007010275432544735,0.009721514929274054
685.7142857142858,2.3000000000000003,7.365125492619093e-05,2.4296156484759354e-09,-2.0748208468290328e-05,-1.4903042841123672e-07,0.006699238073271117,0.002693839763783234,0.002744451804273464,0.008197596894655455
685.7142857142858,2.4000000000000004,7.00740826200503e-05,3.1518429861248297e-09,6.406091252344986e-05,-7.994184683331774e-08,0.009135961587048819,0.008697871147972706,0.0015429791333560082,0.012801575131159124
685.7142857142858,2.5000000000000004,6.713751943914415e-05,3.601628854561441e-09,6.036897144890881e-05,-2.2392203975051417e-08,0.010870237621290857,0.008615021301989254,0.00045434376454097476,0.01388501042454813
685.7142857142858,2.6,6.48046459727271e-05,-9.271718666962282e-10,-1.9534969190941562e-05,5.25583402527896e-08,0.0029198330685269815,0.0029096948106116373,0.0011104007920289536,0.004411091574297799
685.7142857142858,2.7,6.227642281440064e-05,-2.1720227735933316e-09,1.8563442886458547e-05,-1.1518831270689746e-08,0.0071177812366585765,0.0028645234624491175,0.0002540010731362405,0.007680972431284927
685.7142857142858,2.8000000000000003,5.9933834084938755e-05,7.701297707548448e-10,3.026531743556109e-05,-5.7328371422743124e-08,0.002614245401017655,0.004859835563413675,0.001318978326105565,0.00582509127564837
685.7142857142858,2.9000000000000004,5.7893898529832484e-05,-6.189592180791808e-10,3.715286452794075e-06,-1.1506356774186162e-08,0.0021794944767895494,0.0006198980107844827,0.0002734124688483446,0.002298690599966469
685.7142857142858,3.0000000000000004,5.5891115839254154e-05,-8.766686943135412e-10,1.0118083887462093e-05,1.663753394012178e-07,0.003198142648170739,0.0017476943416149956,0.004100914662794269,0.006849638972442539
685.7142857142858,3.1,5.3989513987550446e-05,-1.4715135271122362e-09,1.2692939847475065e-05,8.637757900601564e-08,0.005541993046527643,0.0022710120663864794,0.0022057759646228825,0.006752931063297607
685.7142857142858,3.2,5.221484153432149e-05,-3.5691042085227025e-09,1.1104764332386939e-05,-1.85908446400952e-07,0.013949838639373154,0.002056837247126842,0.004901159987884875,0.015712139128056496
685.7142857142858,3.3000000000000003,5.05512167244164e-05,5.559467586271791e-10,9.882933261392004e-06,-1.6548421022915598e-09,0.002233849384166878,0.0018927440878846347,4.55006385913892e-05,0.0029286010089442753
685.7142857142858,3.4000000000000004,4.898642124712523e-05,-1.7233539280926083e-09,6.449713354977144e-06,6.326276447883342e-08,0.007179640282557795,0.0012758769764411849,0.0017793725693174554,0.007714105918822873
685.7142857142858,3.5000000000000004,4.748612290338383e-05,2.7680615270878056e-09,1.1064828801490192e-05,1.803467584941737e-08,0.011825517538961843,0.0022587542669570975,0.0005267401074761613,0.012062327560816736
685.7142857142858,3.6,4.609647284765734e-05,1.6542716589734673e-09,4.8923133535367956e-05,1.76255900614099e-08,0.007273169635741311,0.010302616963466968,0.0005270916331022723,0.012633232524795843
685.7142857142858,3.7,4.519605412728452e-05,-9.726868402830236e-10,-2.9633895873127322e-05,-1.1385279991405646e-07,0.004392142682767279,0.006428668842204778,0.003503955991454423,0.00922898237123787
685.7142857142858,3.8000000000000003,4.399929644818043e-05,-3.5261127119632464e-09,-3.789323147263993e-05,-6.974219941230567e-08,0.016355144224264775,0.008384190214022261,0.0022069137355734416,0.018642057950074436
685.7142857142858,3.9000000000000004,4.2423606454349945e-05,7.080740200019843e-10,5.1771285556223994e-05,1.3987682856192463e-08,0.0033884229655846685,0.011766389405157176,0.00045609437837333016,0.012261540441211461
685.7142857142858,4.0,4.1365629316081696e-05,4.81714547687648e-10,5.456868657201192e-06,3.147000659232824e-08,0.0023661955163351745,0.0012862811800484414,0.0010541777135810325,0.0030783082690486606
685.7142857142858,4.1,4.036222086438546e-05,-2.7545754022506447e-10,4.956204802742172e-06,2.3424544688021907e-08,0.0013916532529552467,0.0011981456307290728,0.0008054341936596688,0.002160948914141306
685.7142857142858,4.2,3.9408374460716645e-05,-2.736751428042218e-10,-1.1486885981575217e-06,-3.2406688812499867e-09,0.0014159099379718381,0.00028459499342641323,0.00011460645334523378,0.0014532943752136181
685.7142857142858,4.3,3.8443041171066256e-05,2.963156263770853e-10,1.0046617694864242e-05,-3.1079411645733428e-09,0.0015689469419007493,0.002549361102138072,0.00011255663614614176,0.002997694869107833
685.7142857142858,4.3999999999999995,3.757817405836451e-05,3.0548322841797244e-10,4.030829167951774e-06,1.8458029260431825e-08,0.0016543833839197848,0.0010485198478484411,0.0006841275379574791,0.002184591318463369
685.7142857142858,4.5,3.675361523734228e-05,9.150491240279299e-10,3.762455005475959e-06,1.8896846426752207e-08,0.0050657210866758865,0.0010012341205382427,0.0007163679731016125,0.005262163627054383
685.7142857142858,4.6,3.596668096637481e-05,9.674335268407655e-10,3.5184019774098156e-06,-2.7769079676206885e-09,0.005471261974058448,0.0009572941205073786,0.00010761093163817436,0.005556462889928449
685.7142857142858,4.7,3.5214930715181436e-05,1.037404109528257e-09,3.2934773893194508e-06,-3.499591925192011e-09,0.005989769019757915,0.0009157023391728913,0.00013854211773377595,0.006062526826397613
685.7142857142858,4.8,3.449611523788126e-05,1.1036357568917543e-09,3.357747393164042e-06,-3.5657719530501805e-09,0.006502216629117542,0.0009535010647391366,0.0001441165031622032,0.006574916311665021
685.7142857142858,4.9,3.381087723451272e-05,1.1419493015644673e-09,3.3329520218103035e-06,-1.572657185143851e-08,0.006861919640109354,0.0009661818436153314,0.0006485863063154219,0.006990048418697124
685.7142857142858,5.0,3.315896875136229e-05,nan,nan,nan,nan,nan,nan,nan
700.0,0.1,0.002467213922847873,nan,nan,nan,nan,nan,nan,nan
700.0,0.2,0.0011346448958658782,-6.42658778083327e-08,0.09155149347152101,-4.203310377183524e-07,0.011559110092323533,0.37107237691754075,0.00024283300860084594,0.37125252844000944
700.0,0.30000000000000004,0.0007175908035990937,-3.828735493239811e-08,0.02164511630551953,6.177652024424641e-07,0.010888860148960948,0.19076555479502297,0.0007813313679385102,0.1910792639953629
700.0,0.4,0.0005169878743875045,-1.4890512967827996e-09,0.008308579442274295,7.670450447487513e-07,0.0005843730896594047,0.11578436346455975,0.0015328116266818811,0.11580612823925589
700.0,0.5,0.00039947073959865827,1.1295056692076607e-08,0.004420464952445228,-9.589611315582908e-07,0.0057055516772171015,0.08550422885028637,0.0026343871186031904,0.0857753254858579
700.0,0.6,0.0003261582543342644,-2.6817444348768803e-09,0.0020403954399249515,-5.741420723138213e-07,0.0016771064304047644,0.051077469202748214,0.0020301430502462922,0.05118557909944483
700.0,0.7000000000000001,0.00027324972346912,1.753959990328013e-09,0.0016059975671574146,2.026575558641042e-07,0.0013008009610950889,0.04923982593773337,0.0008871643396839352,0.049272981061123954
700.0,0.8,0.00023640116827554973,-1.3110827164522465e-08,0.0008333320618091608,-8.815252506813086e-08,0.011318383207180555,0.030497087105134286,0.00045763998594459016,0.03253608748814469
700.0,0.9,0.00020788593370007108,-1.3835616906911504e-08,0.0004216866691748399,1.74344189638291e-07,0.013576872451178479,0.017837757412574252,0.001054947643659542,0.022466483572805566
700.0,1.0,0.00018358756581634083,4.17648033231499e-09,0.0006136716064641375,-2.7986281702512185e-07,0.004593873609623676,0.029519631056400222,0.001922403068326963,0.029998392616295482
700.0,1.1,0.00016542591399725196,-3.725443054945902e-09,0.0002739995843269556,-3.634786464712339e-07,0.004587189506307299,0.014924735403979488,0.002798630378159294,0.016107597537581037
700.0,1.2000000000000002,0.00015000425802143264,4.659268465089973e-09,0.00023332623687786184,-7.261169879988711e-08,0.006298557423110567,0.014104575954269045,0.0006258545158258441,0.015472371382949834
700.0,1.3000000000000003,0.00013691586441439194,2.1016399344814273e-09,0.00027484579037109145,-1.0427250026345077e-07,0.0031165954517839733,0.018322532573163457,0.0009867137616925926,0.01863801425044373
700.0,1.4000000000000001,0.00012657592871106216,1.248539191919862e-09,0.00010625232161294094,-6.665989758163104e-08,0.0020080343981079573,0.007760409801113758,0.0006919660744331608,0.008075505960714793
700.0,1.5000000000000002,0.00011729851622386177,6.034586817674867e-10,0.00017995361077512918,2.457103893352493e-07,0.001046706305219007,0.014217048423631442,0.0027662442786381015,0.014782566583224395
700.0,1.6,0.00010982063984441267,-5.002999015184765e-09,-3.5547139711881465e-05,9.549604430629832e-08,0.009265069055042638,0.0030304850271115533,0.0011594732216674386,0.00988504427899965
700.0,1.7000000000000002,0.00010198729206784476,2.6605569447454304e-10,0.00023043830619509843,-2.0526821622853833e-07,0.0005292804883345597,0.020983150937890157,0.0026609578268422225,0.02132449657624015
700.0,1.8000000000000003,9.645832735322783e-05,-7.655942559923904e-09,1.2443551683993194e-05,-1.8267725737595406e-07,0.016198054641832237,0.001220108057748548,0.0025438754741846014,0.016637555190252014
700.0,1.9000000000000001,9.105379815545084e-05,-4.35848951699931e-09,3.022782615394865e-05,-6.955607846827857e-08,0.009768814421249071,0.003133770508299938,0.0010352598255951024,0.010363096960295057
700.0,2.0,8.595154721921333e-05,-1.759457146489853e-09,6.105748148528706e-05,1.55507302376159e-07,0.004177619817860348,0.006705649047286001,0.002450420040363924,0.008627128910383886
700.0,2.1,8.14598710978287e-05,1.5067723555867186e-09,6.067187766554644e-05,1.3906994280883625e-07,0.003745116449829449,0.007058846481356192,0.0023134217168331297,0.008634642491149713
700.0,2.2,7.757491375309952e-05,-4.991342178833525e-10,3.244199785080309e-05,-4.519912767704082e-08,0.0013054981262410662,0.003982574169782578,0.0007864041118588167,0.004336137132256686
700.0,2.3000000000000003,7.401437638687838e-05,2.2140396576196146e-11,-6.917946347189035e-06,-5.275493987715162e-09,6.0746515164158705e-05,0.0008917762215253031,9.658731235888498e-05,0.000904219655946475
700.0,2.4000000000000004,7.038465955718535e-05,1.738390299955458e-09,6.36886079967102e-05,2.274478511653695e-08,0.00499329318150277,0.008604896927565175,0.000436833414642131,0.009967892194178188
700.0,2.5000000000000004,6.739182880745942e-05,1.7253528850866242e-09,2.3602112109576023e-05,-2.0355667537745918e-07,0.00517826309447475,0.0033533034411283957,0.004092824905122736,0.008459402109597853
700.0,2.6,6.463501917882925e-05,7.447999535090947e-10,2.135411936314465e-05,-1.910628989922922e-07,0.002345510699588249,0.003168651117059613,0.004014029692064008,0.006911341337328742
700.0,2.7,6.209175074383053e-05,6.776098143791013e-10,3.560080803592793e-05,-1.3166387953660632e-08,0.0022205468935227166,0.0055079751639632414,0.00029024347507433944,0.005952906975824143
700.0,2.8000000000000003,5.990449038919108e-05,-9.9863327106513e-10,-1.3323049199724026e-06,4.764575851125931e-08,0.0034004617173633103,0.00021457035822182568,0.0010929556680647967,0.003741428138370535
700.0,2.9000000000000004,5.770390698535191e-05,2.0638218970169876e-09,1.5753259722378878e-05,-5.413722649249142e-09,0.007269998950534096,0.0026297293608596216,0.00012904045965033385,0.007733153569701531
700.0,3.0000000000000004,5.566085617873652e-05,8.187589495014927e-10,5.700798458672052e-05,-4.945117589910167e-08,0.002989628327409674,0.009879397698528795,0.0012193736203019413,0.010464899448801357
700.0,3.1,5.418788521798834e-05,-3.126766222358906e-09,-7.582776183384216e-05,1.7149224543882974e-08,0.011775981901054501,0.013623175610225304,0.00043833249413032335,0.01801801693283203
700.0,3.2,5.195663663890174e-05,1.5728005387709377e-09,6.999166079486213e-05,1.5748532863367634e-08,0.006147288632083712,0.012916477643166549,0.00041670877229443143,0.014316837801497269
700.0,3.3000000000000003,5.042530466776376e-05,4.921689113026321e-10,1.7857400137450488e-06,1.549502937862925e-08,0.0019869479207056673,0.00034369815470464913,0.00042393609948302753,0.0021036953424946594
700.0,3.4000000000000004,4.891183009676323e-05,2.0724665980662678e-10,3.683320734039992e-05,6.74481721297198e-08,0.0008634073610288892,0.00730450863571022,0.0019060773974871677,0.007833746279441719
700.0,3.5000000000000004,4.77666875991667e-05,-1.6027544429331756e-09,-2.034800868411831e-05,6.666602501459757e-08,0.006847716680724077,0.004160140531209618,0.0019441546487307686,0.00847097795860919
700.0,3.6,4.641806501472899e-05,-1.808701150634402e-09,7.58262044443458e-06,-5.8147539238415e-08,0.00795213423234708,0.0015874285669678426,0.001740729997101096,0.008474470493789393
700.0,3.7,4.514526863473562e-05,1.6346304042554697e-11,-4.054880036259128e-05,-7.285875444075771e-08,7.381132006464226e-05,0.008735564558695992,0.002244613654816994,0.009294735993501752
700.0,3.8000000000000003,4.346698425111634e-05,4.519516493554677e-09,5.5636387764484565e-05,6.99780377740484e-08,0.020962842119381642,0.012323857947248296,0.002211888345605537,0.0245174045227656
700.0,3.9000000000000004,4.2345063745141905e-05,2.2477520849754637e-09,5.910065328118161e-06,7.519287310765531e-08,0.010736624332711536,0.0013596676718989026,0.0024413660859396646,0.011359768262202056
700.0,4.0,4.128224389244865e-05,2.225434560944744e-09,5.3808056683056485e-06,-4.904870821866577e-09,0.010903656511475623,0.0012707043495531329,0.00016400042085070108,0.010979900142546671
700.0,4.1,4.0273232096438455e-05,2.212787077605057e-09,5.0615426530112005e-06,-4.581649736532159e-09,0.011113078566805282,0.0012260822512937721,0.00015713656605243994,0.011182717769831537
700.0,4.2,3.931483572695837e-05,2.1966508075490994e-09,4.669819236822482e-06,-6.88689220475574e-08,0.011300748215647402,0.0011595342597882667,0.0024211187081218414,0.011864866688282502
700.0,4.3,3.840313754984651e-05,-1.9657717765370145e-10,4.341391295465773e-06,-6.677460232097428e-08,0.0010435644562920906,0.0011042628603656764,0.0024046702179755263,0.0037246880344071935
700.0,4.3999999999999995,3.753485328568931e-05,-1.651740760523224e-10,1.6301589223766514e-05,1.4203493855922897e-08,0.0008970365366971721,0.004244858692237679,0.0005278121836971852,0.004402348381006871
700.0,4.5,3.682958491376977e-05,-9.34437666630796e-10,-7.941940954125322e-06,1.3943944049763342e-08,0.005177944988112817,0.002115884373831641,0.0005300928150514145,0.005643587313800135
700.0,4.6,3.604489713230898e-05,-9.658056410308037e-10,3.52422205981818e-06,-6.615493500040237e-10,0.005468268957006632,0.0009568997500432191,2.571367452977906e-05,0.005551481325187973
700.0,4.7,3.5295451571446374e-05,-9.975626108378567e-10,3.222474589958685e-06,-6.555364801707732e-10,0.005768001179453311,0.0008940168640598527,2.603745079602317e-05,0.00583699063363015
700.0,4.8,3.457823075648335e-05,-1.022374318621198e-09,3.0868106129859593e-06,-1.1359456106014545e-09,0.006034080274267756,0.0008745632866426208,4.6082142169791914e-05,0.006097477578991521
700.0,4.9,3.389187804765019e-05,-1.0340726652855025e-09,2.871341988858151e-06,-2.389357309146959e-09,0.006226720086643272,0.0008303900824421967,9.894933272797422e-05,0.006283404544299195
700.0,5.0,3.323423875870561e-05,nan,nan,nan,nan,nan,nan,nan
714.2857142857143,0.1,0.002472781251964135,nan,nan,nan,nan,nan,nan,nan
714.2857142857143,0.2,0.0011295101591830645,4.0084924487406336e-08,0.0928642407799386,-3.967855895020387e-06,0.007209830021684197,0.3755457168165456,0.002275208299196498,0.37562869993359677
714.2857142857143,0.30000000000000004,0.00071488147420138,3.3772875089840414e-08,0.021977119054417276,1.458567197190072e-06,0.009585263676807235,0.19457212381615555,0.0018364048806363703,0.1948253921126672
714.2857142857143,0.4,0.0005200239797638682,8.505538287894752e-10,0.007884591190289825,1.1015193213319957e-06,0.0003317493211972334,0.11029228585197273,0.002188397398321821,0.1103361977884472
714.2857142857143,0.5,0.00040401239722925473,-6.444256790303192e-09,0.003833195268723932,-2.5810777874542485e-07,0.0032294420932464283,0.07371189441041748,0.0007047050315612666,0.07378933454212189
714.2857142857143,0.6,0.00032633276738188057,2.1667140845643555e-08,0.002652425634821662,-5.377647392220766e-07,0.013361970480319663,0.06565208525808076,0.001886448816571801,0.06705114415225388
714.2857142857143,0.7000000000000001,0.000275177393882723,4.115405238014254e-09,0.0012068490412513663,-2.7679416529854555e-07,0.0030217445627558712,0.036982159374730816,0.0011948788465143824,0.037143862523117195
714.2857142857143,0.8,0.00023609051079607912,1.8671575382734934e-08,0.001096733889412182,-4.5101937819099094e-07,0.0159043347472037,0.03985552279340198,0.002318133190894794,0.04303670577388506
714.2857142857143,0.9,0.00020797096660355707,9.544710247813682e-09,0.0005687623151009649,-1.919681162080212e-08,0.009275542286012585,0.024090858763579356,0.00011446209454023498,0.025815331952320678
714.2857142857143,1.0,0.00018553904556204467,-4.034880149357132e-09,0.0002635864724620187,-1.340447269941649e-08,0.004411302339796533,0.012674195670998551,9.11851958644143e-05,0.013420560857123015
714.2857142857143,1.1,0.00016574298924515246,6.895370036967837e-09,0.0005019558515568117,-1.7492278661677414e-07,0.00840294504569618,0.02705392010809696,0.001338691828570111,0.02839204589810399
714.2857142857143,1.2000000000000002,0.00015096649144382836,7.61895793792762e-10,0.0001430084328260674,-1.0603662096005542e-07,0.001022387094753883,0.008628324701839541,0.0009045401853521624,0.008782348685045906
714.2857142857143,1.3000000000000003,0.00013762007797076494,1.3238922705579382e-10,0.00026185426071291437,-1.7200546967146508e-07,0.00019528698105304693,0.017345190857160856,0.0016156976019074058,0.01749613501199405
714.2857142857143,1.4000000000000001,0.00012689220710483066,2.276101923538471e-09,0.00014950610530731177,-1.2954319680301943e-07,0.0036382838254535423,0.01086368410131782,0.0013376216681341131,0.011611856221203665
714.2857142857143,1.5000000000000002,0.0001176593972919695,-1.3016189842914163e-10,0.0001774448380938403,-1.3562565591273898e-07,0.00022512769266166215,0.01398390351483493,0.001517556123408171,0.014149423775037737
714.2857142857143,1.6,0.00011020103586004673,-2.1497691363007155e-09,-1.5608432755070996e-05,1.0383600159177051e-07,0.0039811639857958115,0.0013265776567203535,0.0012571614132076935,0.004557453740722334
714.2857142857143,1.7000000000000002,0.00010258659010057325,4.4075989285702374e-10,0.00010093898849929192,5.874029794895467e-09,0.0008709781425974803,0.009159531733211889,7.61872631630953e-05,0.009201479962198186
714.2857142857143,1.8000000000000003,9.598153422609269e-05,6.415157297094576e-09,0.00012827904469753083,-2.5881075576942616e-07,0.013523006570456061,0.012504465210488952,0.0035800207890557623,0.019101477812071745
714.2857142857143,1.9000000000000001,9.065926879858743e-05,2.9335671493136566e-09,5.4070125327378374e-05,6.1034841748533626e-09,0.006575092807300726,0.0056333883140492,9.006204671804155e-05,0.008659280089360889
714.2857142857143,2.0,8.587770462435596e-05,2.6371396376682195e-09,0.00010120039785059433,1.0812262674245584e-07,0.006233251806635883,0.011162719398876416,0.0016963696020968102,0.013008269374394794
714.2857142857143,2.1,8.210814442863044e-05,-4.258465641016061e-09,-3.115660004531753e-05,-2.0004259761690945e-08,0.010584511763883954,0.003628019656743497,0.0003309802429997939,0.01119881742649765
714.2857142857143,2.2,7.802701823245174e-05,-3.0772609629130455e-09,4.3612425957365295e-05,-4.465728081535661e-08,0.008048653602780275,0.005311583431930293,0.0007790717466844819,0.00970606248408016
714.2857142857143,2.3000000000000003,7.438201629584669e-05,-2.758661969878381e-09,3.129956656819208e-05,9.068269806109013e-08,0.0075689295180093865,0.004011375453941732,0.0016640316504915635,0.008883570776931728
714.2857142857143,2.4000000000000004,7.105001002492356e-05,-2.627956103385306e-09,2.802472554654008e-05,9.244590434356456e-08,0.007534767961380777,0.00376767489537722,0.001780179490131477,0.00879239332510071
714.2857142857143,2.5000000000000004,6.799825100946584e-05,-2.5102431200320343e-09,-3.2909961856464823e-05,-3.116634226580613e-08,0.007523522075363592,0.0046319433093563785,0.0006255120084111058,0.008879234977457663
714.2857142857143,2.6,6.461739237544346e-05,3.192563570187347e-09,8.088326490595606e-05,-1.0791026683356943e-08,0.009985141971278488,0.011894903722552592,0.00022639468175069142,0.015533650693228323
714.2857142857143,2.7,6.204536639048065e-05,3.58511237532568e-09,1.9800357954493185e-05,-2.125240887821895e-08,0.011663448906536053,0.003064245898294391,0.00046528697283780644,0.01207719451092745
714.2857142857143,2.8000000000000003,5.967134398506277e-05,4.709588208873938e-09,6.377820034748068e-05,-1.8548937179829203e-08,0.015913095774092004,0.010279284990613886,0.00042241690327344975,0.018953817270249997
714.2857142857143,2.9000000000000004,5.7935103583119695e-05,3.454488133373134e-10,-6.0117299979416044e-05,-9.79252812716983e-08,0.0012105705996575287,0.010074735369537666,0.0023161389432130746,0.01066277511492692
714.2857142857143,3.0000000000000004,5.559769018138246e-05,3.0187234687873745e-10,4.8786411319756504e-05,-1.7180543930456623e-07,0.0011068209444352521,0.00842087237313082,0.004214454470746399,0.010375904640058478
714.2857142857143,3.1,5.374814089284279e-05,2.1101175573601966e-09,1.2081984096886141e-05,7.964447700141933e-08,0.00794709434523204,0.0021731090010160057,0.0020441263771146783,0.008731300965695079
714.2857142857143,3.2,5.201941144527198e-05,1.2976978264203118e-09,1.0915324836967097e-05,1.244861286593763e-07,0.005059242689303125,0.002030828351575711,0.0032818650504784137,0.0071597120613844665
714.2857142857143,3.3000000000000003,5.0399835246070844e-05,1.5358351059869038e-09,9.927513622675627e-06,-2.9344638761273978e-08,0.006183652205607289,0.0019084248258210417,0.0008008270667519167,0.006569801206840807
714.2857142857143,3.4000000000000004,4.887953418309646e-05,1.4077409974673314e-09,3.609264313717382e-05,-7.333912891424718e-08,0.005847090984119077,0.007161262127337529,0.0020669703742938047,0.009696230261778129
714.2857142857143,3.5000000000000004,4.772015955149382e-05,-3.1128596900836715e-10,-1.9025042189347757e-05,-6.662950677599074e-08,0.0013299592659702442,0.003892230666127544,0.0019372324336150927,0.004942063355642488
714.2857142857143,3.6,4.63705344979977e-05,-3.085860822281152e-10,7.690967810198764e-06,2.257369650718458e-11,0.0013567293564508175,0.001611681076191626,6.751177334718329e-07,0.0021067110265951417
714.2857142857143,3.7,4.5097819122603566e-05,-3.016235538062751e-10,3.191861164988891e-06,8.352986085169347e-08,0.0013635056157366798,0.0006883382302023535,0.002570731300570415,0.003943383816314167
714.2857142857143,3.8000000000000003,4.385702235885932e-05,-2.2579224982285575e-09,1.090203561199016e-05,8.051782390338163e-08,0.010506880883797129,0.002417419694365205,0.0025478962956178713,0.011367586153245237
714.2857142857143,3.9000000000000004,4.272524595123498e-05,-2.2379153231178537e-09,5.955924376512135e-06,-5.321658184601874e-09,0.010689638004716801,0.0013580320906827392,0.00017362453067818764,0.01077835343577656
714.2857142857143,4.0,4.165302878737576e-05,-2.2182474418018277e-09,5.502090448614854e-06,-4.898925675176704e-09,0.010868442769487119,0.0012877843827732993,0.00016409558760609606,0.010946930691928
714.2857142857143,4.1,4.0635832528002686e-05,-2.20278385164013e-09,5.0956807743767485e-06,-4.508174415520573e-09,0.011062840278090196,0.0012233638039597142,0.0001549212697474899,0.011132432582998824
714.2857142857143,4.2,3.966959307637338e-05,-2.1874063794178584e-09,-3.802374874752078e-05,-4.243192662873965e-09,0.011253189926296278,0.009357196932367048,0.00014949125651700964,0.01463680679724732
714.2857142857143,4.3,3.832311613726887e-05,2.016100826389765e-09,4.811843197370356e-05,-3.960293723951084e-09,0.010644263442748991,0.012129802259646114,0.00014294736728267984,0.01613918569805753
714.2857142857143,4.3999999999999995,3.745782351790139e-05,1.9332191449002138e-09,1.2232212704482241e-05,-8.246441777408731e-08,0.010444238010398423,0.0031918627547582257,0.0030476704496396117,0.011740812825451098
714.2857142857143,4.5,3.6714853025578736e-05,4.7259789726571974e-11,-4.587242706002825e-06,-8.19031221601275e-08,0.00026187791876614843,0.00122464208413245,0.003097377722148951,0.004555856207772015
714.2857142857143,4.6,3.592601010619605e-05,5.013285600174986e-11,3.5221034604501107e-06,-2.67002555658975e-09,0.000283845867692244,0.0009593129674239225,0.00010356679915427313,0.0010110895162386848
714.2857142857143,4.7,3.517238822141787e-05,5.414740014923206e-11,3.293211831898156e-06,-2.478411290647956e-09,0.00031308537883429716,0.0009166650630458366,9.822715112966399e-05,0.0009785675442639322
714.2857142857143,4.8,3.445169845495867e-05,5.566103889878282e-11,3.0834934474820908e-06,-2.4884085787176678e-09,0.0003285129240309459,0.0008766801469581269,0.00010071749304502297,0.0009469830242071045
714.2857142857143,4.9,3.376184362297429e-05,5.2788491489624006e-11,2.890970711180539e-06,-2.389869148349437e-09,0.00031786853219960796,0.0008391373548564305,9.873549654405611e-05,0.0009081240557510756
714.2857142857143,5.0,3.310089849810172e-05,nan,nan,nan,nan,nan,nan,nan
728.5714285714287,0.1,0.0024913611497974276,nan,nan,nan,nan,nan,nan,nan
728.5714285714287,0.2,0.0011325560193344154,2.7637319582812696e-08,0.09453136794199855,-8.999336177754028e-07,0.004942219588194245,0.3794366302520408,0.0005162819960091487,0.3794695178873801
728.5714285714287,0.30000000000000004,0.0007190645682913888,1.891289865691378e-08,0.02176605503059084,-1.061954950437865e-06,0.005308397406512705,0.19218523992643116,0.0013293221795533513,0.19226772928268407
728.5714285714287,0.4,0.0005232336675542707,-3.7029298921527387e-09,0.007983613359569798,-2.057425546778448e-06,0.001437545603887599,0.11102776734695922,0.004042290314305387,0.11118413502556926
728.5714285714287,0.5,0.00040723890041285054,-2.93204257700351e-08,0.003968501263676909,4.398768985232773e-08,0.014693489141546723,0.07584567870463516,0.00011953782115744048,0.07725603005527058
728.5714285714287,0.6,0.0003309291459081995,-1.606084378826974e-08,0.0023325551512780466,5.19339342124219e-07,0.009865296956473306,0.05727731680135051,0.0018342324263657687,0.05817855207195805
728.5714285714287,0.7000000000000001,0.00027794494291632897,-1.0281173520656249e-08,0.0014629638980463372,-4.131405587615258e-07,0.007530836458683318,0.04420776822275324,0.0017763873713445765,0.04491493485679624
728.5714285714287,0.8,0.00023959037890492176,-1.688297734232457e-08,0.0008768084664102747,-2.4987011709902096e-07,0.014377555540977697,0.031546120508989604,0.0012811880752745695,0.03471533822779269
728.5714285714287,0.9,0.00021000389955761728,-1.0078299219880648e-08,0.0006249660168995479,-2.6277199586984815e-07,0.009794083650313383,0.026084771006082735,0.0015664377331317827,0.02795079260651956
728.5714285714287,1.0,0.00018666708037930828,-9.966269692057956e-10,0.00041370216669450705,8.251751453706257e-08,0.0010842336587181644,0.019699737365162714,0.000561397004436715,0.019745519696282153
728.5714285714287,1.1,0.00016746728286794435,-4.743143366413386e-09,0.0003816728447152389,-1.6696565809834312e-08,0.005754177837685064,0.020446714221901266,0.00012714973040831902,0.021241728252844476
728.5714285714287,1.2000000000000002,0.0001520842138037328,-1.3630687297613713e-09,0.00016501649972198927,-1.2086760911630483e-07,0.0018190586854535036,0.00985365600349009,0.0010264197490152044,0.010124751164279397
728.5714285714287,1.3000000000000003,0.00013835130973674116,1.6045697751236731e-09,0.0003054590425490157,-2.22746382249062e-08,0.0023489219447749695,0.020084861861022322,0.0002080835050394756,0.020223889531174103
728.5714285714287,1.4000000000000001,0.00012767299609523966,1.3151884209965716e-09,9.990322535984279e-05,-1.928655002668579e-07,0.0020851556235660863,0.007220981539671835,0.001976344120979942,0.008018872772393552
728.5714285714287,1.5000000000000002,0.00011799371470733659,9.409640362106306e-11,0.0001828270161083876,-2.0074035474086078e-07,0.00016226274827158034,0.014319944052382459,0.0022278360348790957,0.014663343195173878
728.5714285714287,1.6,0.00011014270348051737,3.917847913648346e-09,9.841468781458247e-05,9.777141716533117e-08,0.007210790463554673,0.008340672048395411,0.0011802003869223123,0.011151145915768419
728.5714285714287,1.7000000000000002,0.00010327583913184398,-6.466337516054043e-10,4.0498209070420235e-05,5.212696443674194e-09,0.0012709438866732067,0.003676885330636884,6.715769433559874e-05,0.00389150413202166
728.5714285714287,1.8000000000000003,9.68139568738748e-05,-4.66559585358114e-09,5.1135199914773427e-05,-1.341514931203041e-07,0.009834970595599438,0.004951322627308138,0.0018457018946540231,0.011316159832021552
728.5714285714287,1.9000000000000001,9.086342661505334e-05,3.5101834611338336e-10,0.00014291574360561377,-7.508260176803943e-08,0.0007860106386102613,0.014761894691671211,0.0011092789505173974,0.014865811353307331
728.5714285714287,2.0,8.634205379228803e-05,-3.160788600555784e-09,6.666216929394754e-06,-1.5738982005462925e-07,0.007470970051562801,0.0007336523811320103,0.0024670235057273446,0.008278046223796496
728.5714285714287,2.1,8.188734313881666e-05,1.0870262612471234e-10,4.1847778504783494e-05,-7.641107851940052e-08,0.0002701828127718731,0.0048467434658730916,0.0012669101763362499,0.005174364092920938
728.5714285714287,2.2,7.785111027039313e-05,9.742210748096113e-10,3.717865640947138e-05,5.77430561826269e-08,0.0025480997738482726,0.0045402201346849864,0.0010046516193359732,0.005396763945305868
728.5714285714287,2.3000000000000003,7.418666396606431e-05,1.4761083909305727e-09,6.568252588068362e-05,2.2785008529279067e-08,0.004049992530396288,0.008436941445350558,0.0004171633483124271,0.009377231519317956
728.5714285714287,2.4000000000000004,7.117904292054233e-05,-1.3762190916088397e-09,-7.904317784034204e-06,2.2761840335359327e-08,0.003945838937696474,0.001065463435267817,0.0004371609749790379,0.004133651737897568
728.5714285714287,2.5000000000000004,6.809237869718e-05,-7.234642511455214e-10,2.4559468399251517e-05,1.1624207596899247e-07,0.0021683155789946986,0.0034503791272759076,0.0023372285024151293,0.005247092787158972
728.5714285714287,2.6,6.52513091578102e-05,-3.0693030546071283e-09,3.2039800549154395e-05,1.0298365138530597e-07,0.009598521853827976,0.004705343118007611,0.002162286385159704,0.011118580865357271
728.5714285714287,2.7,6.273063762393193e-05,-3.6331287605806714e-09,1.893719416713854e-05,-4.34752111318378e-09,0.011819660650400085,0.0029021937508317214,9.517093284928211e-05,0.012171492162873936
728.5714285714287,2.8000000000000003,6.039933803172506e-05,-4.112990835872735e-09,1.6876149919324055e-05,-8.511277109330353e-08,0.013897269609661847,0.002690256397598891,0.0019400196605519734,0.0144187008657198
728.5714285714287,2.9000000000000004,5.8236799938711425e-05,-2.2572525481695877e-09,-4.781310602655703e-05,-3.302362394319036e-08,0.007910183695284349,0.007916163915810296,0.0007825213597706442,0.011245502949717899
728.5714285714287,3.0000000000000004,5.559613078543222e-05,2.1119714313206894e-09,7.835711717401764e-05,3.92462467678025e-08,0.007693173937923571,0.013454914634128404,0.0009653608681504158,0.01555903262617382
728.5714285714287,3.1,5.3739032803893196e-05,1.887525917833858e-09,4.650877203942382e-05,-2.0091599421681367e-08,0.007118329788757843,0.008365469212042802,0.0005123067325858468,0.011008024822630937
728.5714285714287,3.2,5.234702254274841e-05,-1.6764641880677066e-09,-2.6721072130999873e-05,-1.7742333770642604e-08,0.006535912301522899,0.004972376824962886,0.000468375280391442,0.008239018855979751
728.5714285714287,3.3000000000000003,5.068780156029362e-05,-1.5205885788333814e-09,1.0595177270664091e-05,-1.5676566274795735e-08,0.006122265914270925,0.0020240267270238152,0.0004279385753583461,0.006476502680097477
728.5714285714287,3.4000000000000004,4.9134532350545476e-05,-1.4038013294933351e-09,2.8840614246390646e-06,-6.117091856577868e-08,0.005830727464741138,0.0005689853053122548,0.0017247855773951117,0.006345935519821193
728.5714285714287,3.5000000000000004,4.761010375504372e-05,6.672423859190077e-10,1.743520702493194e-05,-6.774317266398529e-08,0.0028535511359037815,0.003548463003685917,0.0019708751242321562,0.0053388239607969545
728.5714285714287,3.6,4.6260027229791285e-05,2.813431053382636e-10,7.88630786252597e-06,-1.4687787744509167e-08,0.0012382207989341646,0.001656435764790895,0.0004396999950950612,0.0021595467953171915
728.5714285714287,3.7,4.498881378316411e-05,2.4568985036845753e-10,6.865962022280896e-06,5.011656164687315e-09,0.0011118228500843384,0.0014842105449214358,0.00015439780637001955,0.0018672729733087753
728.5714285714287,3.8000000000000003,4.378625995675974e-05,3.216979010253205e-11,6.5004614091484865e-06,3.880470886705691e-09,0.00014969696831013444,0.0014449061583351006,0.00012292234848608236,0.0014630047150404582
728.5714285714287,3.9000000000000004,4.264871074444686e-05,3.613573521310804e-11,5.994859061749413e-06,-3.630521225961459e-09,0.0001726061412923623,0.0013691187755404362,0.00011825834530654051,0.001390053658683169
728.5714285714287,4.0,4.157111012275147e-05,3.984656851773357e-11,5.537573368631637e-06,-3.3867105437642675e-09,0.0001952307670165337,0.0012984151858219221,0.00011323885473205543,0.0013227407620561543
728.5714285714287,4.1,4.05488852347424e-05,4.334628741493299e-11,5.128061386774429e-06,-3.1658413784288857e-09,0.00021769410283380646,0.0012335637349188543,0.0001085786717623621,0.0012620019280646629
728.5714285714287,4.2,3.9577940960601074e-05,4.6590831172331784e-11,4.754718647428744e-06,7.184633303058637e-08,0.00023968818823038592,0.0011725892388663964,0.0025257909640314224,0.0037671814316074565
728.5714285714287,4.3,3.8654543872934034e-05,-2.0450316711980716e-09,4.418148421386872e-06,7.031999930141761e-08,0.010797007556401454,0.0011163158856053268,0.0025323461641203154,0.011430095691607951
728.5714285714287,4.3999999999999995,3.777532826948086e-05,-1.994186488435416e-09,-2.8634667359375258e-05,-7.800244462828103e-08,0.010773614764411608,0.007407839930411208,0.002889189940863506,0.013698237279128883
728.5714285714287,4.5,3.660976599243394e-05,4.87446135476975e-11,3.7315055979850635e-05,-7.609509607011708e-08,0.0002709497518327546,0.009878155317050658,0.00288456442548791,0.010690780611600595
728.5714285714287,4.6,3.581735427518552e-05,5.152453098333986e-11,3.5432803278637618e-06,-2.2316668410937714e-09,0.0002926907378158783,0.0009678511270998139,8.683394388248572e-05,0.001018569555726047
728.5714285714287,4.7,3.506037536121574e-05,5.4131047158924823e-11,3.312910188165557e-06,-2.101008953655044e-09,0.00031408593615733386,0.0009249455341431408,8.354507927521564e-05,0.0009839378928394682
728.5714285714287,4.8,3.433652554912762e-05,5.6563613522108436e-11,2.9906622787392516e-06,-1.977321734482452e-09,0.0003350660523004538,0.00085300349694703,8.031144536425963e-05,0.0009234630916940131
728.5714285714287,4.9,3.364258235982689e-05,6.980038745711892e-11,3.023798569029562e-06,-1.8618653834792404e-09,0.00042192533059336944,0.0008806361507669745,7.720396409953481e-05,0.0009825792175592572
728.5714285714287,5.0,3.297887715621645e-05,nan,nan,nan,nan,nan,nan,nan
742.8571428571429,0.1,0.002490149693196117,nan,nan,nan,nan,nan,nan,nan
742.8571428571429,0.2,0.0011412421487883811,-4.077385446314398e-09,0.09347728332368568,-1.6240412053751527e-06,0.0007241513014324927,0.37538820890605673,0.0009234553852907492,0.3753911790659204
742.8571428571429,0.30000000000000004,0.0007271074376175025,-2.1364454098317564e-08,0.021271492892005882,-2.1673648568156705e-06,0.0059662712882362304,0.18638895272654557,0.0026944964406359134,0.18652334629670483
742.8571428571429,0.4,0.0005256876553666827,-3.688613349928066e-09,0.008021377011935173,-1.5863913063681357e-06,0.0014273684651239945,0.11031900647610826,0.0031011270410536687,0.11041537279047857
742.8571428571429,0.5,0.0004044816432352147,4.005782906012033e-08,0.004897217010867593,-2.436344968765443e-07,0.019944079190767728,0.09315830343118177,0.0006599481035476333,0.09527385190041651
742.8571428571429,0.6,0.0003322478012124226,6.158793177810418e-10,0.0018600334082619439,-3.5336036633237926e-07,0.00037666351495344795,0.04598560748973953,0.001231522802422521,0.04602011808361272
742.8571428571429,0.7000000000000001,0.00027861429327224996,-3.4170150260432914e-09,0.0014663956101620879,-4.6551263007729176e-07,0.0025029225784677744,0.044135600139744734,0.0019929088850119867,0.04429626612680981
742.8571428571429,0.8,0.00023964474143369817,-2.840512500557668e-11,0.0009304847157371829,8.025074006480925e-08,2.4184923473462722e-05,0.03339687654961597,0.0004115202973104674,0.03340195572254729
742.8571428571429,0.9,0.00020998003675251818,5.62349467376836e-09,0.000727638986621211,6.530921992627532e-08,0.005436433798525012,0.03036323610808397,0.0003892427651710363,0.030850995758021738
742.8571428571429,1.0,0.0001875917219375503,-6.728481455832886e-09,0.00030201809260286427,1.1791028070133947e-07,0.007319936437490284,0.01438318124302559,0.0007979166526677795,0.01617809364813513
742.8571428571429,1.1,0.00016822358804861106,1.2793362729008531e-09,0.0004068304712177394,-1.5672699587751637e-08,0.0015427057429727288,0.0216870161975044,0.00011963870639860048,0.021742475466247094
742.8571428571429,1.2000000000000002,0.00015292375887184922,-6.333371441058995e-09,0.0001786075027042995,-4.655605156899435e-08,0.008452086146880098,0.010617268646813541,0.00039298191376953013,0.013582084645664386
742.8571428571429,1.3000000000000003,0.00013941000472213037,-2.987653257311512e-09,0.0002825940313440529,3.4888965628796756e-08,0.004359571178769504,0.018479406563689557,0.00032689135417016346,0.018992315386064777
742.8571428571429,1.4000000000000001,0.00012872219088585205,-7.411047683913254e-09,3.128584208077233e-05,-9.297655735166205e-08,0.011749789998089122,0.0022441604634567468,0.0009496970343452312,0.012037344811004868
742.8571428571429,1.5000000000000002,0.00011834723547038144,1.3197105158165843e-09,0.0002911651844780924,8.563666677704534e-08,0.00226383529019692,0.022619657300293403,0.0009538368851995999,0.022772647105924953
742.8571428571429,1.6,0.00011088393189969176,-1.9951505740635185e-09,4.124937623564364e-05,-3.9411683856025364e-08,0.0036610407948091408,0.0034854532994957076,0.00047324842670442343,0.005098973676239041
742.8571428571429,1.7000000000000002,0.00010383312209135851,-1.7806861575549342e-09,-8.809518046655244e-06,-3.997275094446352e-08,0.0034933751745270447,0.000794481030364665,0.0005134414998726676,0.0036554226247034896
742.8571428571429,1.8000000000000003,9.669421710255872e-05,5.3231006662981106e-09,0.0001583908714926333,9.97218465496481e-08,0.011123672991316697,0.01525436857742481,0.0013694500579541486,0.018978478559572028
742.8571428571429,1.9000000000000001,9.113922082868525e-05,3.770115255484945e-09,5.7711950733569986e-05,1.1462453887394111e-08,0.008346434504755843,0.005968500750397288,0.00016767147138523582,0.010263634716527322
742.8571428571429,2.0,8.616134406214748e-05,6.241554971624896e-09,5.0525876280637124e-05,-1.9679199148330538e-07,0.014598535104758096,0.0055438126221871945,0.003049662807815735,0.01620036950435161
742.8571428571429,2.1,8.168872605841609e-05,2.909170175470684e-09,6.579148811619892e-05,-8.718853181062525e-08,0.00723295065329086,0.007635847471082167,0.0014274926580144492,0.010709678442042176
742.8571428571429,2.2,7.787402293584668e-05,1.8047766041052076e-09,2.332384333986447e-05,3.281735432853714e-08,0.004706069696527556,0.0028552095821870764,0.0005711471075219118,0.005563428060436223
742.8571428571429,2.3000000000000003,7.429255824667592e-05,8.438447587503098e-10,3.161212195520844e-05,-6.766373620258266e-08,0.002309396253269044,0.0040593924345286225,0.0012350624472898613,0.004986254755779388
742.8571428571429,2.4000000000000004,7.102721477705725e-05,1.6226519180315286e-09,2.7698931191569584e-05,-6.071069831124863e-08,0.0046506044565353954,0.003728358781185049,0.0011630520949693043,0.006183377827984598
742.8571428571429,2.5000000000000004,6.803886061935427e-05,7.061863187213791e-10,2.083311000343886e-05,4.843833134776767e-09,0.0021153793414984048,0.002933116562268501,9.717873685099404e-05,0.003618962550246123
742.8571428571429,2.6,6.525883756168567e-05,1.965850816717753e-10,1.956395042680296e-05,-1.043090897670708e-08,0.0006143249662804674,0.0028754082958934533,0.0002187203312240535,0.002956525866430042
742.8571428571429,2.7,6.267445400828511e-05,4.4024313802016145e-10,1.9787573863080755e-05,-2.5430422522924514e-08,0.0014322433467053597,0.0030321676883037683,0.0005562874012731182,0.0034444554344345325
742.8571428571429,2.8000000000000003,6.028794619351536e-05,6.499516234646408e-10,1.763941302168186e-05,-2.2093209490945982e-08,0.0021961033478959642,0.0028144502095463104,0.0005031309905284247,0.0036400936092242683
742.8571428571429,2.9000000000000004,5.807783250896242e-05,8.28914650475057e-10,1.5786714289304568e-05,9.098484172762982e-08,0.0029047999783130608,0.00261855234521202,0.00215198294486131,0.00495547580849416
742.8571428571429,3.0000000000000004,5.602558596730253e-05,-2.102773604945816e-09,1.4179466028746068e-05,9.035705282195894e-08,0.007659626034013881,0.002441459230861953,0.002216493766264898,0.00862880544390048
742.8571428571429,3.1,5.41151340859301e-05,-1.8847612460120076e-09,1.2781588708191527e-05,-8.064425494317056e-08,0.0071079035235608054,0.002281384208217131,0.002056300227672848,0.008011475997492936
742.8571428571429,3.2,5.233249809163959e-05,-9.8123401591183e-12,1.1558157740541005e-05,-7.23142626571276e-08,3.825467624609847e-05,0.002135845717796368,0.0019093069642405328,0.0034429938306477655
742.8571428571429,3.3000000000000003,5.0665443674754485e-05,-4.660758166348772e-12,1.0465119288157071e-05,-5.547088562023046e-09,1.8765365762768628e-05,0.0019997362384328705,0.00015138229160961618,0.002011250943736215
742.8571428571429,3.4000000000000004,4.910304045075095e-05,1.15017722414568e-12,9.558264733987855e-06,6.157887825933463e-09,4.7772927616234885e-06,0.00188654515597394,0.00017355226183980927,0.0019024500580131652
742.8571428571429,3.5000000000000004,4.7636219874087297e-05,-3.0728514395079663e-10,3.753762443434426e-06,-5.9005834946011714e-09,0.00131646159231922,0.0007644663973912881,0.00017155765179871103,0.0015415395073021796
742.8571428571429,3.6,4.6206936921857986e-05,4.759823913530383e-11,1.5229525988545778e-05,-1.7274679431612737e-08,0.00020998531423016317,0.003197047546761828,0.0005183377377353041,0.00328672403301057
742.8571428571429,3.7,4.4929949229514133e-05,4.183442436085356e-11,6.910128077611286e-06,-3.971908551184795e-09,0.00018977245467758855,0.0014954741729141718,0.0001226578411840406,0.0015174144056306906
742.8571428571429,3.8000000000000003,4.3722062817946394e-05,4.523174232661613e-11,6.537377111949694e-06,-3.368031651040127e-09,0.0002108188237788348,0.0014550154683138042,0.0001069482251830509,0.0014779683471683484
742.8571428571429,3.9000000000000004,4.257955017749815e-05,4.843046845932e-11,6.0285873835999465e-06,-3.40398586038053e-09,0.00023174836708557552,0.0013788433104591352,0.00011105851352006209,0.0014069769604706784
742.8571428571429,4.0,4.149732341088591e-05,4.389795414768061e-11,5.568747831354009e-06,-3.18098644490152e-09,0.00021550461669496822,0.0013078456226380956,0.00010655108373823481,0.001334019744742205
742.8571428571429,4.1,4.0470784122587204e-05,4.698019102565199e-11,5.155234343257811e-06,-2.7120317832892625e-09,0.00023645025088514374,0.0012423052668272697,9.319768241801833e-05,0.0012714569253995988
742.8571428571429,4.2,3.949579717772108e-05,4.9860360156991866e-11,4.780797345892563e-06,-2.5409386297389637e-09,0.00025710240246298036,0.0011812959520159992,8.951941113015848e-05,0.0012155612783976803
742.8571428571429,4.3,3.856861820631388e-05,5.2514543149545944e-11,4.44169517790807e-06,-2.3822307874095887e-09,0.0002772572802622874,0.0011245994498912297,8.59869603258125e-05,0.001164638586363273
742.8571428571429,4.3999999999999995,3.768585618668576e-05,5.497523727757666e-11,-2.8846732745264294e-05,8.405421681841448e-08,0.00029700433306787647,0.0074793275172461175,0.003106425288381512,0.008679188201017905
742.8571428571429,4.5,3.6514626839605e-05,2.4963247789112547e-09,3.7581616205551684e-05,8.224363923280155e-08,0.013795522231042502,0.009972339760408337,0.003110255253152591,0.017581563337875715
742.8571428571429,4.6,3.5719213654579754e-05,2.4427488063405455e-09,3.5609183940517517e-06,-8.864674485674688e-08,0.013801931871689464,0.0009752032821514309,0.003429240076445183,0.014661641103098652
742.8571428571429,4.7,3.495940965349503e-05,7.131616086173836e-11,3.329058548261502e-06,-8.65682109041103e-08,0.0004151215836471641,0.000932007792908024,0.003423872246855188,0.0049484105307483735
742.8571428571429,4.8,3.4232896237892914e-05,7.262806918902839e-11,3.1183251420745116e-06,-1.5252027929051395e-09,0.00043167020248829365,0.0008919844965868184,6.214597277620457e-05,0.0009948365442283098
742.8571428571429,4.9,3.353756607371155e-05,6.830615092770902e-11,2.922114074304239e-06,-1.434210819285234e-09,0.0004143567414794904,0.0008535982623257295,5.9670352961234895e-05,0.0009525978189666627
742.8571428571429,5.0,3.287145705027322e-05,nan,nan,nan,nan,nan,nan,nan
757.1428571428571,0.1,0.0025123670312358153,nan,nan,nan,nan,nan,nan,nan
757.1428571428571,0.2,0.0011490961587635072,-9.473521343500165e-09,0.09449649279792909,-1.301375927819553e-06,0.0016738905509571366,0.37612534961281896,0.0007442691943646233,0.3761305470235158
757.1428571428571,0.30000000000000004,0.0007307902142704902,-3.456345355514843e-08,0.02149045951669424,-2.677379097076612e-06,0.009652244780951731,0.18702054961021888,0.0033114906132566016,0.1873280111088118
757.1428571428571,0.4,0.0005273888649444156,-2.414269216719234e-08,0.008591193759436436,1.299608015183527e-06,0.009342404365401557,0.1175603284180889,0.002552287340370649,0.11798618426930854
757.1428571428571,0.5,0.00040989945321270546,-1.5177755710139966e-08,0.004128210469234042,8.555091921754814e-07,0.007514198616096112,0.07827640558298736,0.002324871007232661,0.07870494839738489
757.1428571428571,0.6,0.0003336921461733357,2.3288384585547626e-09,0.0021101454488890027,-7.847898976556375e-07,0.001416139734594495,0.05147958681940481,0.0027197347834932817,0.05164249437652699
757.1428571428571,0.7000000000000001,0.000278586293622856,1.6217061498972417e-08,0.0016212865925811454,-3.3851529990741955e-07,0.011741686111791813,0.04858629761513691,0.0014409306735908047,0.05002647370249769
757.1428571428571,0.8,0.00023969330699818772,6.529048146097939e-09,0.0010303505548138099,-2.2224623058306832e-07,0.005527169971871005,0.03698496941162066,0.0011263950842391845,0.037429601948832755
757.1428571428571,0.9,0.0002111038259216575,-1.293363378979813e-09,0.00046288591698827905,-1.0541533416446603e-07,0.0012452686738183064,0.019311591249053066,0.0006246759398485393,0.019371853052822477
757.1428571428571,1.0,0.0001871432040150101,8.448836962384487e-09,0.0006058400156200982,-7.669085607448337e-08,0.009151163119379815,0.02869867530704682,0.0005168733360862168,0.030131247350680818
757.1428571428571,1.1,0.00016924098226456366,-2.3980368078353496e-09,0.00011320186419588144,3.5311749240018295e-08,0.00288271310463596,0.006048943363543244,0.0002677297539712388,0.006711416326031097
757.1428571428571,1.2000000000000002,0.00015247077915607604,9.481291514788156e-09,0.00041583985053777946,2.189522893422683e-08,0.012568514465455165,0.024570871958644363,0.00018424389575684823,0.02760005790397366
757.1428571428571,1.3000000000000003,0.00013985897455296621,3.78558857646721e-09,0.0001011757015605347,-2.0730110384127438e-07,0.005476086513833325,0.0066357437222096605,0.0019236059167562344,0.009023366206676493
757.1428571428571,1.4000000000000001,0.00012825892696546174,3.777645812480417e-09,0.00023112055321663035,6.2654513956454286e-09,0.005989240236593409,0.016525257242544875,6.344352334757351e-05,0.017577348369569878
757.1428571428571,1.5000000000000002,0.00011897008491012356,2.257001048263792e-09,0.00015367438775371845,1.0075601600148759e-07,0.0038367251203609114,0.011981574412758088,0.0011182000921973975,0.012679878861804963
757.1428571428571,1.6,0.00011121798673232257,-1.2149095190850018e-09,5.611111580749424e-05,-3.423408083966615e-07,0.002227597332841679,0.004716405460236801,0.004073668048215428,0.00777150005319034
757.1428571428571,1.7000000000000002,0.00010402699971259653,-3.124617765502508e-09,8.248117131268665e-05,3.554810424733305e-08,0.006129919124479905,0.007416171946287865,0.000456254582547046,0.009643228261208068
757.1428571428571,1.8000000000000003,9.766082440599735e-05,-6.4185768140763254e-09,8.897772195485646e-05,1.465411306299933e-07,0.013412887342422816,0.008553329635640953,0.0020161627437569308,0.016161522797530154
757.1428571428571,1.9000000000000001,9.218442631894673e-05,-7.364479224292721e-09,5.4639282901385616e-05,-1.2227436411210767e-08,0.01630378366225514,0.005594800497919023,0.00017949251735400126,0.017238897570456897
757.1428571428571,2.0,8.725442106090998e-05,-8.000348047764048e-09,-2.4059862578205306e-05,-1.2800325485680567e-08,0.018712221931318013,0.002609970418968726,0.00019935508284112577,0.018895467183769228
757.1428571428571,2.1,8.208381717709117e-05,-1.3517674963449608e-09,0.00013520440639677215,-1.0724686931582314e-08,0.0033559698816526405,0.015495421865488008,0.00017668248015538979,0.015856641070339936
757.1428571428571,2.2,7.826525735724008e-05,-1.4225820236311553e-09,1.239682059700405e-05,-2.6896189255338256e-08,0.003704696375731492,0.0015102636577266646,0.00046741736963896606,0.004054951238558657
757.1428571428571,2.3000000000000003,7.457066574335903e-05,-9.584212999730991e-10,3.3046595675368245e-05,-4.311344807934343e-08,0.0026200650981039325,0.0042223838253706595,0.0007859340448151962,0.0050920183554906085
757.1428571428571,2.4000000000000004,7.120654008623166e-05,-5.530492701067773e-10,2.870477693061489e-05,-3.809744784782199e-08,0.001583589870435006,0.0038493389651910455,0.0007290369632331883,0.004288141454546826
757.1428571428571,2.5000000000000004,6.812946219841044e-05,-1.8759184696822206e-10,2.5410105939474057e-05,-2.7696759414539674e-08,0.0005614997225788309,0.003568507318106206,0.0005551443066002173,0.003696741378583972
757.1428571428571,2.6,6.530648536998397e-05,-3.8119025127885146e-11,2.2460738945226808e-05,-1.4060147897515569e-08,0.00011904861453769568,0.0032967732637923055,0.00029459374114733193,0.0033251251811210777
757.1428571428571,2.7,6.270811593100976e-05,-2.32673560496421e-11,1.9945105173228955e-05,-8.240491126883132e-09,7.56879956622918e-05,0.003054077257447403,0.00018014976351889394,0.0030656197483929174
757.1428571428571,2.8000000000000003,6.030919754376783e-05,-1.0167487831591541e-11,1.7775217788649943e-05,-7.328841476998634e-09,3.43950513271101e-05,0.002834596052639485,0.00016688347593772298,0.0028446120983848145
757.1428571428571,2.9000000000000004,5.808803133441241e-05,1.4634358860217191e-12,1.5903855371874646e-05,-6.542778881304392e-09,5.140584296487527e-06,0.002637053056514778,0.00015493251963540297,0.0026461450110985964
757.1428571428571,3.0000000000000004,5.602590367877574e-05,1.1784363528704854e-11,1.4281419258059738e-05,-5.864466619733222e-09,4.292398912583936e-05,0.00245858207447963,0.00014420002755460617,0.002467398545368894
757.1428571428571,3.1,5.410659021571966e-05,2.0936788005703567e-11,1.2869436946736348e-05,-5.2772085760150265e-09,7.895783593421673e-05,0.002297051203408196,0.00013455388582160063,0.0023062714643584006
757.1428571428571,3.2,5.231597112213095e-05,2.9100397022363996e-11,1.167825855371215e-05,-4.76551409777851e-09,0.00011348314626175058,0.0021583800618652275,0.00012580357413012063,0.002168671481453711
757.1428571428571,3.3000000000000003,5.064213461407936e-05,3.2201259821820604e-11,1.0348517497440355e-05,-4.290002297644724e-09,0.00012970745346886395,0.0019780799773900554,0.00011710839219234797,0.0019892343178923326
757.1428571428571,3.4000000000000004,4.907178328100217e-05,5.333629504169309e-11,9.819279133837945e-06,-4.1271436322251234e-09,0.00022167584882429862,0.0019389544316538393,0.00011636964066585542,0.0019585117453105655
757.1428571428571,3.5000000000000004,4.759962473926336e-05,4.684476477782783e-11,3.6094342754275607e-06,-4.686546747527668e-09,0.00020069090499576255,0.0007355416971008941,0.00013634729582371493,0.0007864347383470296
757.1428571428571,3.6,4.616356054027883e-05,4.0881262048593045e-11,1.5212597219452317e-05,-4.502707636504068e-09,0.0001805597873302832,0.0031959489812750457,0.00013503253401975232,0.003206736549547117
757.1428571428571,3.7,4.487962231348882e-05,5.53404067292206e-11,7.141256025599081e-06,-3.515224099444938e-09,0.00025136820207143404,0.0015469465400893769,0.00010867954138542454,0.0015747546019423508
757.1428571428571,3.8000000000000003,4.36670966469548e-05,5.603492350599676e-11,6.570239920198683e-06,-3.241778469227414e-09,0.00026155441755596316,0.0014639695214689814,0.0001030740559095527,0.0014942777503317275
757.1428571428571,3.9000000000000004,4.252027337962277e-05,5.2279451721510104e-11,5.904535288218985e-06,-2.905615232142407e-09,0.00025057277066235924,0.0013521703391358281,9.493785598232998e-05,0.001381729978119153
757.1428571428571,4.0,4.143249546517293e-05,7.132308927559972e-11,5.755325379578642e-06,-2.5710666277315175e-09,0.0003507631651588893,0.001353548536293466,8.626094709830374e-05,0.0014035705682733089
757.1428571428571,4.1,4.0402270804518875e-05,7.08074840359382e-11,5.1782834681772855e-06,-2.4739449119682597e-09,0.00035706021663278883,0.0012498121124589312,8.516710781810066e-05,0.0013053846893767024
757.1428571428571,4.2,3.942382897854659e-05,7.202711566327655e-11,4.802264082340344e-06,-2.261147389664538e-09,0.0003721765962517154,0.0011886124187364304,7.981586289208584e-05,0.0012506222629996623
757.1428571428571,4.3,3.8493409793397714e-05,7.310728663412816e-11,4.461293182092057e-06,-2.126566978391883e-09,0.00038683922600799117,0.0011316235123990052,7.691838229278166e-05,0.0012008535446347318
757.1428571428571,4.3999999999999995,3.7607603540069756e-05,7.407082519518752e-11,2.0714443654676136e-05,5.571383586172337e-08,0.00040111852210309985,0.005381296114284223,0.002063625760778402,0.006134846901062905
757.1428571428571,4.5,3.692894172328856e-05,-3.164233615914932e-09,-1.3068670797408155e-05,8.298736360307349e-08,0.0174866089386033,0.003475007596132491,0.003145832112412072,0.018375246646610905
757.1428571428571,4.6,3.611959319853328e-05,-2.2928784615001667e-09,-4.3724640946047915e-05,2.3500709832247275e-08,0.012955139813617674,0.011840209576997919,0.0009148429052905571,0.01759829780121748
757.1428571428571,4.7,3.487299826431752e-05,2.400903733426423e-09,5.1768565149298144e-05,-5.34740102131465e-09,0.01388968349956327,0.014332543798250844,0.00021189216097392482,0.01996083455225716
757.1428571428571,4.8,3.414408898159475e-05,2.35142495236963e-09,3.1310119525810086e-06,-5.086468125574289e-09,0.01389547877109685,0.0008978327383409125,0.00020598328032841223,0.013927501288012494
757.1428571428571,4.9,3.344648981839778e-05,2.304198314045716e-09,2.9354443086848936e-06,-8.29670521628547e-08,0.013902007531109963,0.0008597225453188209,0.0034319906217179018,0.01474998493236813
757.1428571428571,5.0,3.2778245098287664e-05,nan,nan,nan,nan,nan,nan,nan
771.4285714285714,0.1,0.002497897914343684,nan,nan,nan,nan,nan,nan,nan
771.4285714285714,0.2,0.001155016797035878,-6.093715458947069e-09,0.09152835451637423,9.263399461635279e-05,0.0010723652902481407,0.36642151783221727,0.05267314702751325,0.3739181722427324
771.4285714285714,0.30000000000000004,0.0007274192248918149,2.4130817510674805e-08,0.022434134174027585,-9.113305772768592e-07,0.006738810316100928,0.19423210321789566,0.0011226246120583686,0.19435545286140768
771.4285714285714,0.4,0.0005241629944880276,5.802481391913875e-08,0.009131299794062115,4.0603376202680195e-07,0.022226477535901065,0.12553008611258748,0.0007937274201815792,0.1274875634308015
771.4285714285714,0.5,0.0004122197620248615,-2.0274959422721978e-08,0.0035335234727360424,-5.628955793887378e-07,0.010037720658123398,0.06741268479258797,0.0015093249893819312,0.06818931023850061
771.4285714285714,0.6,0.0003356117642890559,-8.162050310406255e-09,0.002286413180775713,2.351523771740314e-07,0.004959496495708896,0.05546587988757844,0.0008185430435777271,0.05569919624754567
771.4285714285714,0.7000000000000001,0.00028186789836100743,-2.3111392936603608e-08,0.001295029893504443,4.017376020429733e-08,0.01673340891536219,0.038587142386017764,0.00017087512421853923,0.042059873134184377
771.4285714285714,0.8,0.00024107433136800338,-1.7589663148213511e-09,0.0011682899005801604,-6.465970213159639e-08,0.0014827677837717633,0.0414481360727305,0.000329387192382963,0.041477265773543784
771.4285714285714,0.9,0.00021196366338080096,-1.188545262010295e-09,0.0005565943140174293,-9.714643966984392e-08,0.001141025422545398,0.0230880787207403,0.0005732453594237322,0.02313046775389978
771.4285714285714,1.0,0.00018841893853377284,-3.447226085258479e-09,0.000489476752686636,-1.9217399677017418e-07,0.0037224785371821546,0.02309248410220539,0.0012914341255059307,0.0234617832372442
771.4285714285714,1.1,0.00016976898121361109,-3.3173997726341043e-09,0.00028337329988511144,-1.8850998437033536e-07,0.003987891998422276,0.015039533822356116,0.0014249342731094778,0.015689223548354395
771.4285714285714,1.2000000000000002,0.00015395275689230044,-1.0746689178752055e-08,0.0002943980910050466,1.981001529418459e-07,0.014245940881389894,0.01734110017628141,0.0016684370095391065,0.022566079655746203
771.4285714285714,1.3000000000000003,0.00014108051348104026,-4.567287284723326e-09,3.5834110028733726e-05,5.9176997522018144e-08,0.006593334908332263,0.0023276043087557003,0.0005516687700036587,0.007035515894031198
771.4285714285714,1.4000000000000001,0.00012856661117006742,2.41834336172788e-09,0.0004000837949600429,-7.570323434999961e-08,0.003815009056940812,0.028358544003584875,0.00076499620588378,0.028634450413755685
771.4285714285714,1.5000000000000002,0.00012005354680869503,-5.333822957397971e-09,-2.363816005498541e-05,-6.536554803268386e-08,0.00906708153456502,0.001838592449459288,0.0007218127632003902,0.009307761120693668
771.4285714285714,1.6,0.00011130410084677278,2.7594949003364283e-09,0.00010285453539835068,-1.7581562725627342e-08,0.005030328148331894,0.008567388314003674,0.0002092198048510065,0.009939410931051735
771.4285714285714,1.7000000000000002,0.00010358320023883403,9.141054735157293e-09,0.0001455218443014916,4.13705646360989e-08,0.017766037405769153,0.013074257210147617,0.0005279055273600488,0.02207092329722344
771.4285714285714,1.8000000000000003,9.73175180739102e-05,8.126191086213196e-09,6.748409564886369e-05,-3.8126996022870703e-08,0.01681397469019842,0.006514965312257601,0.0005187103239133971,0.018046956494179887
771.4285714285714,1.9000000000000001,9.172667686547501e-05,8.21020864766731e-09,5.789383112522304e-05,-6.676645998400448e-08,0.01802745877627656,0.005948962968954279,0.0009670295584863407,0.0190328590251258
771.4285714285714,2.0,8.671477396829205e-05,8.180869659862692e-09,5.001663070357275e-05,7.181285637791659e-08,0.019005874988676317,0.00545279000752708,0.0011037750128666578,0.019834133243210723
771.4285714285714,2.1,8.220303737814482e-05,4.566666011900272e-09,6.748681286703372e-05,-6.957488971334577e-08,0.011194297909699955,0.007782619936449448,0.0011314593653915892,0.013727413425601994
771.4285714285714,2.2,7.836616891666793e-05,-4.470204215957751e-11,1.2387660118311996e-05,-1.7686567226159564e-07,0.00011627712503249255,0.0015069589291849552,0.003034863758583156,0.004550301270287392
771.4285714285714,2.3000000000000003,7.465317705637415e-05,-2.5825708646799628e-11,3.328130013447225e-05,-1.0829506710561265e-08,7.052754338930095e-05,0.004246896408814181,0.0001971848916723486,0.0042566262467572825
771.4285714285714,2.4000000000000004,7.12729981974251e-05,-1.0284437358054298e-11,2.889603885888945e-05,-9.453553106863759e-09,2.94216780962462e-05,0.003870704502913344,0.00018071725358328658,0.0038792443124274875
771.4285714285714,2.5000000000000004,6.818177972706494e-05,5.373891095154409e-12,2.5579252869423172e-05,-8.261732037926327e-09,1.607253390252191e-05,0.0035889121429365217,0.0001654459144941593,0.003596566890426046
771.4285714285714,2.6,6.534635378539901e-05,1.896608420822769e-11,2.2610156999118132e-05,-7.29571356577474e-09,5.919290312523146e-05,0.0033161582301940076,0.000152742995879309,0.0033237132928464544
771.4285714285714,2.7,6.273702941372427e-05,3.0453561465317797e-11,2.0066885445412687e-05,-6.478141937253554e-09,9.900906310969802e-05,0.003070850060175268,0.00014152737947346035,0.0030789580843099437
771.4285714285714,2.8000000000000003,6.032837389650365e-05,4.036032422156233e-11,1.7881044096426784e-05,-5.78739144877588e-09,0.00013647077213500668,0.002850157915273424,0.00013170969973133124,0.0028594963374079553
771.4285714285714,2.9000000000000004,5.80985288202473e-05,4.888337031989113e-11,1.599426184067064e-05,-5.198539224568536e-09,0.00017165122584068184,0.0026512005558296,0.0001230451124821186,0.0026624441271086356
771.4285714285714,3.0000000000000004,5.602862636239766e-05,5.604718324986992e-11,1.4359525483992094e-05,-4.6917237219792455e-09,0.00020409764084165487,0.002471581600356774,0.00011532308145682222,0.0024853511382604823
771.4285714285714,3.1,5.4102319159387935e-05,6.224681933732066e-11,1.2937105277927326e-05,-4.90917089577555e-09,0.00023476725340746578,0.0023090170360859984,0.00012513833847716883,0.0023276585968997916
771.4285714285714,3.2,5.2305383009157486e-05,4.9036204802916134e-11,1.1695038015511787e-05,-4.476698183459551e-09,0.00019128745047906838,0.0021616518842857116,0.00011818876910300306,0.0021765263443916582
771.4285714285714,3.3000000000000003,5.0625397239082154e-05,5.906919312213446e-11,1.0599960041834167e-05,-3.2470888899164837e-09,0.00023804165175361086,0.0020265524181284278,8.866696564491602e-05,0.0020443341686194843
771.4285714285714,3.4000000000000004,4.9051411069425164e-05,5.4001882199977765e-11,9.516486074836245e-06,-3.3028712202472557e-09,0.0002245851189593178,0.0018797849683813723,9.317118035115936e-05,0.0018977333165401782
771.4285714285714,3.5000000000000004,4.757258976051654e-05,6.750531570150754e-11,3.475882179556011e-06,-4.661594564915785e-09,0.0002894265473013301,0.000708620221880346,0.00013570774000383026,0.0007891410054828061
771.4285714285714,3.6,4.612852727340347e-05,6.715557630621055e-11,1.5612457173009108e-05,-4.3094536948635564e-09,0.0002968839381955932,0.0032818177970977028,0.00012933636462380486,0.003300291489631476
771.4285714285714,3.7,4.4840589358020493e-05,6.442078411604912e-11,7.091473200038888e-06,-2.8967373194370545e-09,0.0002929413867915338,0.0015373292015172684,8.964204931752793e-05,0.0015701169141005907
771.4285714285714,3.8000000000000003,4.3623566174637906e-05,6.931954468902759e-11,6.512286635360677e-06,-2.7109857854600982e-09,0.0003239703790998462,0.0014523195900403227,8.629388209462637e-05,0.0014930111407229726
771.4285714285714,3.9000000000000004,4.2471665857608926e-05,8.234393426924448e-11,6.2457711385232534e-06,-2.2774208034567903e-09,0.0003952205197438182,0.0014317424470800034,7.450594476102961e-05,0.0014890224866020922
771.4285714285714,4.0,4.138222325196518e-05,7.162082292262189e-11,5.542734707522639e-06,-2.138190732811604e-09,0.0003527785210594108,0.0013050429258191299,7.183768934079137e-05,0.0013556957735314616
771.4285714285714,4.1,4.0348207993396656e-05,7.593642701257397e-11,5.2367455903824716e-06,-2.2766448197014226e-09,0.0003835732421463988,0.001265457768785728,7.849755864124675e-05,0.0013269647810308022
771.4285714285714,4.2,3.936656019073196e-05,7.644119911841651e-11,4.820884682941458e-06,-2.1457421339130133e-09,0.000395705975858748,0.0011948200236626219,7.587063411413914e-05,0.0012632065605106852
771.4285714285714,4.3,3.843312123489668e-05,7.68679715754267e-11,4.478510933014978e-06,-2.0262836849468085e-09,0.0004075331653402348,0.0011376434494953288,7.342490705483361e-05,0.001212888425612135
771.4285714285714,4.3999999999999995,3.7544467388391544e-05,7.720542180296762e-11,4.168110265408922e-06,-3.090030038810591e-08,0.00041896337570220617,0.001084509956902575,0.0011467751624407681,0.0019954645331808616
771.4285714285714,4.5,3.66974946445405e-05,8.890130591292651e-10,2.0151646189935667e-05,-3.014082024741074e-08,0.004912982286805592,0.005367407661286041,0.0011449364114169323,0.007454409347847364
771.4285714285714,4.6,3.6052038362588815e-05,-7.234344393152391e-10,-1.3001485173661478e-05,8.224240350883942e-08,0.004087523374955979,0.003542880869551599,0.003181492411835841,0.007035882327738596
771.4285714285714,4.7,3.5276567228900513e-05,-3.0313568672675086e-09,3.406827342510785e-06,1.0789148083630704e-07,0.017536974462730427,0.000944974957656222,0.0042672320826489495,0.018570325529495533
771.4285714285714,4.8,3.453516436863732e-05,-2.197049161171626e-09,3.1896608596768633e-06,2.3016923158549787e-08,0.012983212561111535,0.0009041868612044874,0.0009378185862432813,0.013082062898808653
771.4285714285714,4.9,3.3825658116970895e-05,-2.147756491931327e-09,-4.165241252174404e-05,-4.813953686515425e-09,0.012958141121713897,0.012060869922938651,0.00019946354620405026,0.017704733153618202
771.4285714285714,5.0,3.269962774008703e-05,nan,nan,nan,nan,nan,nan,nan
785.7142857142858,0.1,0.001981212597019852,nan,nan,nan,nan,nan,nan,nan
785.7142857142858,0.2,0.0011596938199084639,-5.248532276358243e-08,0.03907978493508953,0.00010342614141681997,0.009236308908467085,0.19725184966960896,0.059150387910980096,0.2144554461429541
785.7142857142858,0.30000000000000004,0.0007289728921479712,-4.1089617497558573e-10,0.023452695840316895,1.8310391770182064e-06,0.00011480210821560712,0.20223179116508572,0.0022647032143567154,0.2022571835526766
785.7142857142858,0.4,0.0005327789227906475,-3.981749902140688e-08,0.007381737058273007,-2.8645628711285244e-07,0.015238130822248539,0.10126216129274969,0.0005602400648262861,0.10240534008778687
785.7142857142858,0.5,0.00041040232401605393,2.4605159382511124e-08,0.004783993261017163,-1.4725257517671681e-06,0.012140677080054974,0.0897932154665399,0.003944742491924502,0.09078182400920254
785.7142857142858,0.6,0.00033586565785163197,8.997203815420561e-10,0.001910390060856035,2.0252556132409918e-07,0.0005459847600822392,0.04654920182131585,0.0006995110991104974,0.04656291358061042
785.7142857142858,0.7000000000000001,0.00028043289229577037,2.6528042052594653e-08,0.0017096256280599792,1.8496809295146674e-07,0.01903537989369549,0.050902067183516676,0.000785720023102297,0.05435624014924101
785.7142857142858,0.8,0.00024209638302050856,-1.4491222971221007e-09,0.0008821066837144543,-2.2521117419072777e-07,0.001217922582518513,0.031455179044550294,0.0011312128403477496,0.0315193735521831
785.7142857142858,0.9,0.0002125809405823913,1.0975316034579035e-10,0.0005925659380657789,5.094819177597383e-08,0.00010504896070382346,0.024476447383172235,0.0002997377612501809,0.024480343078404406
785.7142857142858,1.0,0.00018899115752493183,4.385787153797927e-09,0.0004218585333424096,3.5140520867771206e-09,0.004699495731218735,0.019844607526275735,2.3544038539609885e-05,0.020393499372181424
785.7142857142858,1.1,0.00016961995980089645,7.71787303896424e-09,0.0002992770678449064,-1.1221834502631668e-07,0.009208493602344327,0.01583550636782706,0.0008417160487855575,0.01835692207761078
785.7142857142858,1.2000000000000002,0.00015324153275531014,1.3821416148924028e-08,0.0004506847253528579,-2.8017473739098403e-07,0.018156928942154732,0.02657026483686716,0.0023400114055319252,0.03235126502731778
785.7142857142858,1.3000000000000003,0.0001413699529632524,-4.423936378265786e-09,-1.3053833494445294e-05,-5.102790839860987e-08,0.006386393571655469,0.0008518469673159121,0.00046924068258571863,0.00647703942740776
785.7142857142858,1.4000000000000001,0.00012936783483625023,-2.4293537573334934e-09,0.0002682756700590288,1.0208563175593019e-07,0.003823351361156829,0.018976852183629447,0.001033711979038018,0.019413295839228198
785.7142857142858,1.5000000000000002,0.00012004847340983834,1.320687545374896e-09,0.0001224265202355004,-3.9789403336480615e-08,0.002240225342218996,0.009463443551518359,0.0004383478868108187,0.009744725300204088
785.7142857142858,1.6,0.00011195337718578143,-2.0543732444482177e-09,0.00011466411778689013,2.3689379712839623e-07,0.0037372719085810597,0.00955148487356717,0.002812829141306179,0.011001003598082044
785.7142857142858,1.7000000000000002,0.00010500492213959343,-6.028880071267702e-09,5.761509925427716e-05,1.0532256137104079e-07,0.011696078205563874,0.005146347587055599,0.0013412038718420044,0.01291823496183388
785.7142857142858,1.8000000000000003,9.86326180859482e-05,-5.6304135217466115e-09,6.841661649385478e-05,-4.376270662011828e-08,0.011630360700101913,0.0065155628040847275,0.0005943001405663997,0.01335755344300003
785.7142857142858,1.9000000000000001,9.294448019724152e-05,-5.2558338805006514e-09,5.8834980384596584e-05,-3.908034114390355e-08,0.011522430191881969,0.005965063234287055,0.0005650791428050298,0.012999500213127534
785.7142857142858,2.0,8.78446921123808e-05,-4.909880767873282e-09,5.0932620716824294e-05,-3.4725267464468807e-08,0.0113900982142504,0.005479897311678754,0.0005329004598428459,0.01266221061572645
785.7142857142858,2.1,8.325423023468833e-05,-4.595358712320407e-09,-2.058107466469303e-05,-1.873959462875101e-07,0.011249314689748142,0.0023428933689429304,0.0030430897079893313,0.012270167898971932
785.7142857142858,2.2,7.845795761034893e-05,1.6701350072385475e-11,0.00010687328305946934,-1.7537436878091997e-07,4.339022158233917e-05,0.01283697930521974,0.003005182207757257,0.013522283852870801
785.7142857142858,2.3000000000000003,7.473041781660422e-05,3.88895056855832e-11,3.344794209920824e-05,-8.241461196801555e-09,0.00010608261273653258,0.004263167576362748,0.00014987960743240413,0.004269751643635004
785.7142857142858,2.4000000000000004,7.133735744385159e-05,5.4749019656134196e-11,2.9089689708887752e-05,-7.3685585447958e-09,0.00015646011978929941,0.0038926170304944253,0.00014069943809459954,0.0039008383430924167
785.7142857142858,2.5000000000000004,6.823519396818784e-05,6.606975368153206e-11,2.5706233772022584e-05,-6.4888177217429784e-09,0.00019741157025434752,0.0036034743496428955,0.00012980485186546358,0.0036135435953839282
785.7142857142858,2.6,6.539009283024431e-05,7.514009894298602e-11,2.2716621668193473e-05,-5.818592412924021e-09,0.0002342996079118451,0.0033291649583035215,0.00012169868671063437,0.0033418343415791752
785.7142857142858,2.7,6.277215790898273e-05,8.234947559118882e-11,2.0156406237987326e-05,-5.250976720897352e-09,0.0002675090841664408,0.0030824862552671834,0.00011461406930749373,0.0030983149281164296
785.7142857142858,2.8000000000000003,6.0355787050101016e-05,8.810648498759185e-11,1.7958631288735957e-05,-5.5375865751631165e-09,0.00029769145189668196,0.0028609230408767057,0.00012592044962104598,0.002881876604856132
785.7142857142858,2.9000000000000004,5.811900250410666e-05,7.091420319777287e-11,1.6056928857051326e-05,-5.0658962148717194e-09,0.0002488616292886795,0.00266037933425051,0.00011981544828429112,0.0026773609760236917
785.7142857142858,3.0000000000000004,5.604278724668282e-05,7.613363023079512e-11,1.441795463150551e-05,-3.884922027847288e-09,0.00027709625120483293,0.002480764295720104,9.543442460592221e-05,0.002499837851171784
785.7142857142858,3.1,5.411075153557403e-05,8.014120161603816e-11,1.2608646045406974e-05,-3.5813888338713373e-09,0.0003021184880106548,0.0022498249399887375,9.124385529429687e-05,0.0022736839542141962
785.7142857142858,3.2,5.230480228491931e-05,1.2032250641106688e-10,1.2186176719222094e-05,-3.315406446276564e-09,0.0004692563992374275,0.0022520804781671786,8.748956763116228e-05,0.00230377448923621
785.7142857142858,3.3000000000000003,5.0620714801456815e-05,1.1583499647234801e-10,1.054323321395502e-05,-3.0743067200209833e-09,0.0004668236224792179,0.002015729484364169,8.392832739553447e-05,0.002072481019676292
785.7142857142858,3.4000000000000004,4.904205965013387e-05,1.2019472977107927e-10,9.59268779999141e-06,-2.7744608920266363e-09,0.0005000187088440326,0.0018950123161270223,7.826898143398206e-05,0.0019629932384948707
785.7142857142858,3.5000000000000004,4.7559331376810835e-05,1.221943630831523e-10,3.0596122694635077e-06,6.766974455916856e-09,0.0005242015464062025,0.0006238751576281231,0.0001970576984257736,0.0008612031970318594
785.7142857142858,3.6,4.610719922618244e-05,4.270409682481607e-10,1.596364257973193e-05,-6.129658974944881e-09,0.001887492165025467,0.003356574223731738,0.00018406935007268363,0.003859660638414368
785.7142857142858,3.7,4.481470350135136e-05,7.431314682633357e-11,7.197477165563183e-06,-1.5482253943210323e-08,0.0003382192015991446,0.0015610310941368186,0.00047901359895834796,0.0017349692680754935
785.7142857142858,3.8000000000000003,4.359418254817591e-05,7.248253439969184e-11,6.620162513935698e-06,-2.3545634389126113e-09,0.0003390908918336168,0.0014772300153087197,7.501377889422846e-05,0.0015193568656183124
785.7142857142858,3.9000000000000004,4.243986322013982e-05,6.636982237646785e-11,6.102364112769574e-06,-2.3466245911588853e-09,0.00031891524469263586,0.0013998115702768036,7.684655653993006e-05,0.00143978823167932
785.7142857142858,4.0,4.134656753323143e-05,6.824355011043887e-11,5.637056595396731e-06,-2.3672808065085937e-09,0.0003365516405385001,0.0013282457029036012,7.962554929965948e-05,0.0013748396671007068
785.7142857142858,4.1,4.0309642412277e-05,6.636280756962265e-11,5.2174356312793e-06,-2.175730771810753e-09,0.0003356637330328526,0.0012618787828242084,7.51092274078073e-05,0.0013100728973225312
785.7142857142858,4.2,3.932489164763537e-05,6.6248767255583e-11,4.837913453974563e-06,-2.130158475335952e-09,0.00034344267107073946,0.0012001876386035846,7.54205375537928e-05,0.0012529085166678607
785.7142857142858,4.3,3.838852001753348e-05,6.586760544692764e-11,4.4939057812956695e-06,-2.0233873678212287e-09,0.00034975999936094664,0.0011427636779174424,7.342661813978542e-05,0.0011995931882197654
785.7142857142858,4.3999999999999995,3.749708744524455e-05,6.556564145054813e-11,4.182392939381615e-06,-1.9246516151422745e-09,0.0003563972026757341,0.001089490539742444,7.153991710799693e-05,0.0011507582377471856
785.7142857142858,4.5,3.6647478802349436e-05,6.504068353607183e-11,3.897368569712178e-06,-3.030796578042519e-08,0.00036170340818858385,0.0010393790118774812,0.0011532216857449173,0.001967480266424887
785.7142857142858,4.6,3.583684384515144e-05,8.615254276443503e-10,3.5283046904032347e-06,-2.959592444637661e-08,0.004876881414512071,0.000962768737634699,0.0011521193061211406,0.005231219147049194
785.7142857142858,4.7,3.506149193485748e-05,8.539374271867944e-10,1.917223512854277e-05,-4.51332525518527e-10,0.004940189990511927,0.005349867084106149,1.788416910733737e-05,0.007281977385776886
785.7142857142858,4.8,3.447786237584895e-05,-6.984586246303809e-10,-1.2772405271096309e-05,-4.412042380506439e-10,0.004127461938030556,0.0036428584655857793,1.7867151430976167e-05,0.005505179226908188
785.7142857142858,4.9,3.376650876412945e-05,-6.864905152541998e-10,2.935503335182098e-06,7.76921562218868e-08,0.0041418293967687096,0.0008514168608197588,0.003213790831222696,0.006207782570010628
785.7142857142858,5.0,3.308451018576178e-05,nan,nan,nan,nan,nan,nan,nan
800.0,0.1,0.0019099148701119284,nan,nan,nan,nan,nan,nan,nan
800.0,0.2,0.001153659552421135,4.199363948819745e-08,0.03330384683115463,2.5103167755648728e-05,0.007389994117992143,0.1743734621491423,0.01810086826436425,0.17639727656284848
800.0,0.30000000000000004,0.0007304427030418876,-4.182735601604409e-10,0.02260429772221767,4.863018649839837e-07,0.00011664223009715524,0.19593560053985618,0.0005990520411947648,0.19593746678728916
800.0,0.4,0.000533268830884817,-8.32682899093636e-09,0.007751138837797153,1.7520310122406206e-07,0.003186672006450313,0.10611563104837617,0.0003420071856134386,0.1061645702157825
800.0,0.5,0.000413606347105718,-1.2507866244214067e-08,0.00423593044919855,6.801570315407389e-07,0.006161926477994686,0.07943330275220017,0.0018237450106164592,0.07971368148423708
800.0,0.6,0.00033630316781860437,1.123106953873641e-08,0.0025411783832225117,-3.252079916142826e-07,0.0067605714322031725,0.06143954030214594,0.0011214825827845327,0.0618307195898278
800.0,0.7000000000000001,0.0002844117723637159,-2.9207288396572297e-08,0.0010302318519875685,-3.145470468793263e-07,0.020957891622427498,0.030634021637978043,0.001325396873661285,0.037164362724509965
800.0,0.8,0.0002428226954287031,-4.0651169786191343e-10,0.001198699789444347,1.3205811440019207e-08,0.0003407521182712241,0.0421466305519663,6.679689183652492e-05,0.04214811386692842
800.0,0.9,0.00021322061638813383,3.8866760933374875e-09,0.000683989777134215,7.37810465064984e-08,0.003695254139875152,0.02816828039597502,0.00043292071574599524,0.028416223611113057
800.0,1.0,0.0001904584351189067,-5.602101216327253e-09,0.0003349760668903094,-2.0125503111914812e-08,0.005992616730951464,0.015710303842314168,0.0001339401401963988,0.016815498268687206
800.0,1.1,0.00017104601451858268,-4.383351330844337e-09,0.0003717411873310988,1.35520014725883e-07,0.005213745716864734,0.019518231739067582,0.0010147686258876274,0.020253494151583874
800.0,1.2000000000000002,0.00015535100579156964,-8.101056138391757e-09,0.00011005512220782084,-3.844108516827083e-07,0.010611041986676065,0.006434240664278344,0.0032006430608510915,0.013209159586241808
800.0,1.3000000000000003,0.0001407565482866348,4.839846886217409e-09,0.00035111812396445896,-3.191459625430115e-07,0.0069868018884241285,0.02260159965977594,0.0029261985170812984,0.024016098420259865
800.0,1.4000000000000001,0.00012967327202134457,6.424082518225135e-10,0.00017229323254119765,1.4828503441481408e-07,0.00100763902359126,0.012240512760396907,0.0014984496988889762,0.012463394081850434
800.0,1.5000000000000002,0.00012031292808146632,3.888062370254095e-10,0.00012308095373962514,-4.094974878219296e-08,0.000657636014198263,0.009491620888487005,0.00044961744083289794,0.009535599818791457
800.0,1.6,0.00011218339367898433,2.349380664572255e-10,0.00011424010758366693,-4.036152297375464e-08,0.00042633794909543456,0.009495247884442864,0.0004778790049499099,0.009528810687625157
800.0,1.7000000000000002,0.00010519626035233901,-2.4775109192221854e-11,5.895270882625801e-05,-3.074127039578807e-08,4.797895948399563e-05,0.005255029901747555,0.00039049947330950253,0.005284185928421149
800.0,1.8000000000000003,9.879865411395628e-05,1.1910542844082918e-12,6.886164941486359e-05,-1.412662826806225e-08,2.4561457785678055e-06,0.006546016862597767,0.00019150133468317108,0.006551617229389799
800.0,1.9000000000000001,9.308966436972218e-05,3.198889389829656e-11,5.9191914774202984e-05,-1.1286215722931819e-08,7.001554365052866e-05,0.0059911661049481405,0.00016291796290678062,0.00599600350222609
800.0,2.0,8.79725937732301e-05,5.889381219828767e-11,5.120716058569838e-05,-9.407882954946507e-09,0.00013640679083962653,0.005500842755466389,0.00014414022230644835,0.005506308258745357
800.0,2.1,8.336759478259502e-05,8.040049198467722e-11,-2.0944104913972588e-05,-1.0123647699328229e-08,0.0001965123469531695,0.002380753370528202,0.0001641350712235841,0.0024001009055865923
800.0,2.2,7.85531547428202e-05,9.593605472171666e-11,0.00010768805076022693,-9.020358991308694e-09,0.0002488788825783408,0.012917255324572397,0.0001543309388275903,0.012921496116771704
800.0,2.3000000000000003,7.481559521064766e-05,1.0406454808780623e-10,3.348542811205349e-05,-6.272548617489599e-09,0.00028346360167348953,0.004262773178452655,0.00011390643765341578,0.004275223519008899
800.0,2.4000000000000004,7.141288995959566e-05,1.1301793735870277e-10,2.9190712396740073e-05,1.4200522818094772e-07,0.00032253398756715973,0.0039016881860729612,0.002707677102664294,0.005476333578139876
800.0,2.5000000000000004,6.830209183251105e-05,4.259350328412679e-09,2.578728837331702e-05,1.346197777800943e-07,0.012554552339496773,0.003611013136130898,0.00268927378461245,0.013605902663611898
800.0,2.6,6.544916658915961e-05,4.043667532123297e-09,2.2785107385977975e-05,-1.903043629852985e-08,0.012440750719409243,0.0033359311222635963,0.0003926491438652634,0.012892209338019791
800.0,2.7,6.282409241966795e-05,3.873138977706059e-09,2.0216286882568083e-05,-1.6472572160899802e-08,0.012415273020521577,0.0030888532178676396,0.00035475669953889395,0.01280358242865479
800.0,2.8000000000000003,6.040118111900197e-05,3.7164964737586226e-09,1.7567865599692306e-05,-1.3893158425882014e-07,0.012392257571096249,0.0027963580408512903,0.0031173977793533983,0.013447081610165865
800.0,2.9000000000000004,5.815394847433291e-05,1.4954231495704167e-10,1.657697768614306e-05,-1.329684091096178e-07,0.0005242038362375089,0.0027444790613420653,0.003103581963007167,0.005203018064765678
800.0,3.0000000000000004,5.607248560652528e-05,1.4719896746255984e-10,1.4451652031105064e-05,-3.7298843141766e-09,0.0005351757539216383,0.0024850680667854418,9.152284199576597e-05,0.002545334800248543
800.0,3.1,5.41355392590287e-05,1.4465637252155567e-10,1.3018426270229185e-05,-2.8581454831298358e-09,0.0005447830062438184,0.0023217137834022116,7.274012400247002e-05,0.0023869909231523387
800.0,3.2,5.2328777174234416e-05,1.2326090510305013e-10,1.176570695897837e-05,-2.7023191995705737e-09,0.00048026521158023864,0.0021733794693873103,7.1239468140759e-05,0.00222808956620923
800.0,3.3000000000000003,5.063967215902991e-05,1.2612902057301356e-10,1.066706237051363e-05,-3.234885448514922e-09,0.0005078610304498802,0.002038469642620632,8.822927757580515e-05,0.0021044833382515998
800.0,3.4000000000000004,4.9057237767530546e-05,1.1889247734520746e-10,9.620724219296408e-06,-2.8515104338252846e-09,0.0004942039065956204,0.0018998393569933235,8.037164757780267e-05,0.0019663535509017492
800.0,3.5000000000000004,4.7571010618224144e-05,1.1761226679184713e-10,8.823892805349268e-06,7.478847126142394e-09,0.0005041833875761947,0.0017986933645068638,0.0002176128283615073,0.001893200832971457
800.0,3.6,4.6173022396971234e-05,-1.6802132636555886e-10,2.8949417295805772e-06,3.626347044566367e-09,0.0007421360563539892,0.0006085516561364674,0.00010881864546362051,0.000972000020333417
800.0,3.7,4.480398359301413e-05,4.38661651594981e-10,1.4464648661601455e-05,-1.958736428870011e-08,0.001994590645529554,0.003132705616981721,0.000605610175887482,0.0038112679906009968
800.0,3.8000000000000003,4.357959127567304e-05,7.159401780919583e-11,6.6406486048253685e-06,-1.580061832911542e-08,0.0003351599499898036,0.0014821558424686116,0.0005029169014152758,0.0016777869211849555
800.0,3.9000000000000004,4.2421605444380204e-05,7.011543911916781e-11,6.121945653489262e-06,-2.609799720367913e-09,0.0003371658672744168,0.0014047735360259446,8.552254215780228e-05,0.0014497233253307376
800.0,4.0,4.132483906962226e-05,6.846409848059601e-11,5.654756640928226e-06,-2.491146047785622e-09,0.0003379304699189376,0.0013329897776599448,8.385465452151492e-05,0.0013802615534801324
800.0,4.1,4.02846202612736e-05,6.665422717025621e-11,5.234180819661365e-06,1.4530441701938985e-09,0.0003374602871691788,0.0012665943624954109,5.0204346088050006e-05,0.0013127001475027411
800.0,4.2,3.929674326112155e-05,1.720645797115822e-10,4.849490765933879e-06,6.289720778902434e-09,0.0008929514838577807,0.001203806994947844,0.00022290734575445924,0.001531629525437456
800.0,4.3,3.8357361168628844e-05,3.029060484116262e-10,4.510916911459541e-06,-1.3174286921457756e-11,0.0016103137310867258,0.001147911133878222,4.785877112245895e-07,0.001977576987603879
800.0,4.3999999999999995,3.746308824525073e-05,2.290336717818107e-10,4.192124717066619e-06,-7.262498302008789e-09,0.0012465385675090633,0.0010929127002863828,0.0002702630257576904,0.0017012938537825336
800.0,4.5,3.661073656904328e-05,1.5427326309021948e-10,3.908595072402029e-06,-7.2593094960381755e-09,0.0008591133806494971,0.0010433189722146119,0.0002765666040686738,0.0014069713755318972
800.0,4.6,3.579747084355986e-05,7.843626155084538e-11,3.6484467061856344e-06,-7.0676863846685325e-09,0.00044667438867289545,0.0009965510252177307,0.00027550857972236456,0.0011595007159808414
800.0,4.7,3.5020689585138286e-05,-3.832814832676435e-12,3.4109479888682814e-06,-3.446374607524297e-08,2.2309578558801137e-05,0.0009528460833936063,0.0013738353516110182,0.0021640842226231275
800.0,4.8,3.42780178066054e-05,6.860727344332915e-10,3.1913278061581573e-06,-3.4118316535438355e-08,0.004061007095961194,0.0009112692651010675,0.0013901419906500467,0.004602953379657669
800.0,4.9,3.356725930613409e-05,5.936359832814613e-10,2.9935550803103187e-06,1.5894085416118244e-09,0.003587880568760045,0.0008733162743539561,6.585627630048584e-05,0.003693811363482671
800.0,5.0,3.288643635646589e-05,nan,nan,nan,nan,nan,nan,nan
814.2857142857143,0.1,0.0018406201839672104,nan,nan,nan,nan,nan,nan,nan
814.2857142857143,0.2,0.0011561954154416013,-5.482074251086202e-09,0.026005650506875852,2.5422852277528267e-05,0.0009664638860406308,0.14128743525361195,0.019015695916509902,0.1438272115955981
814.2857142857143,0.30000000000000004,0.0007318271519847508,-8.417364048664527e-10,0.0224600497595793,-4.0853658646267087e-07,0.00023434325878804026,0.19425824959702712,0.0005041615403238637,0.1942596994000076
814.2857142857143,0.4,0.0005320593861236934,1.9782917587541792e-08,0.008196612416862073,-2.0422354893522267e-07,0.007548001859750279,0.11200202663473831,0.000397997380075683,0.11225748574679782
814.2857142857143,0.5,0.0004142577444312567,6.239100747271921e-10,0.0042576630054662196,3.247266922357514e-07,0.0003067889108001629,0.08002232676478706,0.0008672767129731553,0.08003231371189937
814.2857142857143,0.6,0.00033903273279348216,-9.727030442670899e-09,0.001862226017461252,-3.677885438712964e-07,0.00584238234603476,0.044953318133326446,0.0012659422558591162,0.04536672196956326
814.2857142857143,0.7000000000000001,0.0002824299813303201,1.6131076763889032e-08,0.0017638816398747317,-3.0180771551007953e-07,0.011574965603801836,0.052026883225732075,0.0012689312072886871,0.053329136311502545
814.2857142857143,0.8,0.00024346604626590543,2.267252072266334e-09,0.0010151380195107564,4.881881554773175e-07,0.0018918940529301675,0.03594299779114056,0.0024521194916995457,0.036159426617752025
814.2857142857143,0.9,0.0002146534913965983,-3.6633820929765207e-09,0.0004941490223074649,-1.1739074045907138e-07,0.003471874162405497,0.02029642448654923,0.0006856916904925777,0.02061405111390275
814.2857142857143,1.0,0.00019078242675036583,2.110031555695716e-09,0.0004666145636044875,-1.8632070159489656e-07,0.00224822672121628,0.021738037456020723,0.0012360638594596982,0.021923788531152084
814.2857142857143,1.1,0.00017157750774017823,-4.682022631818944e-11,0.00034346133349014157,-2.9763419860571433e-08,5.552108656151088e-05,0.018002776216886708,0.0002219892918913106,0.01800559892360661
814.2857142857143,1.2000000000000002,0.00015580720206489205,-1.894969066050774e-11,0.0001093971074741422,2.1542481987910968e-07,2.4749106708379772e-05,0.006375958534133944,0.0017882087953836976,0.00685921578163667
814.2857142857143,1.3000000000000003,0.0001411308674643473,7.525380360350982e-09,0.00036552800674981143,-2.5392457198556074e-08,0.010736726816461178,0.02346027666921154,0.0002321454480907788,0.025802512806806364
814.2857142857143,1.4000000000000001,0.00013010981293130064,-5.373159312300206e-10,0.00015679725664781243,-2.891889559472278e-07,0.0008406860536448621,0.011110061141473735,0.002888172914543206,0.0118668992233304
814.2857142857143,1.5000000000000002,0.00012065673096473213,-2.7285072059420224e-10,0.000125770771819853,-4.0097634119253466e-08,0.00046040671030459147,0.009666509311350813,0.0004391581168592974,0.009697375743392243
814.2857142857143,1.6,0.00011246135671636217,-1.0598653530236053e-10,0.00011165599523592815,-4.4653596769803455e-08,0.00019189450380685058,0.009254021250465101,0.0005274375263915966,0.009286017095242887
814.2857142857143,1.7000000000000002,0.00010538254242035149,2.055255933406218e-11,6.61205089926486e-05,-3.289947087549983e-08,3.972984677586041e-05,0.005879398126007904,0.00041696422425792405,0.005909028609970686
814.2857142857143,1.8000000000000003,9.896493321426729e-05,6.733086343852735e-11,6.940528797132665e-05,-9.31438065064511e-09,0.00013859497715340194,0.006586032788474755,0.0001260384349379808,0.0065899019592646395
814.2857142857143,1.9000000000000001,9.324137688789636e-05,9.853148953122379e-11,5.946940179005638e-05,-7.243965394143235e-09,0.00021526366411884695,0.0060091387786116324,0.00010437769797094004,0.006014804794286461
814.2857142857143,2.0,8.8112514579426e-05,1.2281111473072838e-10,5.137153232164182e-05,-6.192767938960673e-09,0.0002839171150137242,0.005509520991244644,9.470622506007767e-05,0.005518457123081898
814.2857142857143,2.1,8.349736759417205e-05,1.4014311189244655e-10,-2.1428994694871537e-05,1.6703167455165984e-07,0.00034188490501963544,0.0024320035351567577,0.0027030294351629265,0.0045435957938630145
814.2857142857143,2.2,7.866793066196939e-05,5.0461178952349695e-09,0.00010835165377994473,1.5678637529042173e-07,0.012902986824362491,0.01297665506133962,0.0026774078305021225,0.018687366613633162
814.2857142857143,2.3000000000000003,7.492201026756617e-05,4.759067615677773e-09,3.353974873520091e-05,-2.4373235367817008e-08,0.012779507733802702,0.004263458877457814,0.0004362586823040716,0.013486049932944348
814.2857142857143,2.4000000000000004,7.151148736051497e-05,4.5222167835888156e-09,0.00011372804124343063,-2.1097206734180474e-08,0.012723885137587277,0.015179523458764381,0.0003965657916122876,0.019814886178927366
814.2857142857143,2.5000000000000004,6.923824486589807e-05,-3.963086342270693e-09,-6.315237513443654e-05,-1.927576943209012e-08,0.01165985842375765,0.008831081196236747,0.0003796453853291922,0.014636548595683408
814.2857142857143,2.6,6.63334786199368e-05,-3.717508133116946e-09,2.377510824401029e-05,-1.805143855324918e-08,0.011415666959365845,0.00343381151415065,0.00037176594146272297,0.011932515806498392
814.2857142857143,2.7,6.366646345641564e-05,-3.5494630546962137e-09,2.055955631224482e-05,-1.6730380741514195e-08,0.011356689077998259,0.0030994238113219593,0.00035962777609814143,0.011783016551426764
814.2857142857143,2.8000000000000003,6.120504385601693e-05,-3.397555715009474e-09,-5.242109712719026e-05,-1.4669239487832829e-08,0.011308370674956823,0.008233706457258514,0.000328544888381122,0.013996037040315617
814.2857142857143,2.9000000000000004,5.8219413284346313e-05,3.6534792616404845e-09,8.984418592966529e-05,-1.3426199651657834e-07,0.012630897384598005,0.014679212736293615,0.0031281285314124657,0.01986427022358694
814.2857142857143,3.0000000000000004,5.613222457197235e-05,1.3552134389165972e-10,1.4481283156285795e-05,-1.2975781684821322e-07,0.0004919531055378504,0.002487363293332851,0.0031402131679442572,0.005113792280815579
814.2857142857143,3.1,5.4189848691161245e-05,1.2958309312294238e-10,1.3043453995510553e-05,-4.150122293824225e-09,0.00048729012446767307,0.00232370159831922,0.00010545688557432034,0.002378924776630209
814.2857142857143,3.2,5.2377907350305245e-05,1.232840555517265e-10,1.1840412359723807e-05,-4.0072601571238905e-09,0.0004796750664068355,0.002184987160086879,0.00010548357641228969,0.0022419880973953412
814.2857142857143,3.3000000000000003,5.0684370133046484e-05,1.1157209825999161e-10,1.0584674002627965e-05,7.260313488459195e-08,0.0004486500765934313,0.002020827966997097,0.001977395971756412,0.003479255986796873
814.2857142857143,3.4000000000000004,4.9096679655814e-05,2.251117052636563e-09,9.770318448283972e-06,7.264451322470444e-08,0.00926316573023705,0.0019276787740751017,0.002044810203576704,0.009893668800761453
814.2857142857143,3.5000000000000004,4.760669236306436e-05,2.233977514479992e-09,8.785043084009616e-06,-3.943320092333554e-09,0.009478794329278008,0.0017893354796283659,0.0001135851165531981,0.009647541995390049
814.2857142857143,3.6,4.6204555501154814e-05,2.2182101742300028e-09,8.036783147142378e-06,4.924818586546364e-09,0.009696032102739257,0.0016881624721690844,0.0001462724648382208,0.009844070415114368
814.2857142857143,3.7,4.488278647071669e-05,1.949285332852298e-09,1.8593586934290407e-06,1.4430913092457075e-09,0.008770250702530917,0.0004024189115687022,4.4155336933035386e-05,0.008779700322516225
814.2857142857143,3.8000000000000003,4.357961102721286e-05,2.5674475867977316e-09,1.4122135820118235e-05,-2.138824954617079e-08,0.01188041110334867,0.0031464480997257334,0.0006736120936877595,0.012326873493889797
814.2857142857143,3.9000000000000004,4.241765694191021e-05,2.1613778712505607e-09,6.138001440157035e-06,-1.7716400998966994e-08,0.01029283682006745,0.0014084571421080884,0.0005738566573092847,0.010420406146209843
814.2857142857143,4.0,4.131708287100913e-05,2.147592670325557e-09,5.669221366627721e-06,-8.031875321119936e-08,0.010498426354981175,0.0013365239325669406,0.0026774377677008005,0.011240133369008965
814.2857142857143,4.1,4.027320101377433e-05,-1.433391737611411e-11,7.439093841750891e-06,-8.233743731946957e-08,7.26155351957875e-05,0.0018004886417019208,0.0028175243552014217,0.004373090365994713
814.2857142857143,4.2,3.930371009495704e-05,-3.021412926160083e-10,5.3800704484792766e-06,-7.602091064627562e-09,0.0015688465068566858,0.0013358934261617729,0.0002695850183491773,0.0020955292344358545
814.2857142857143,4.3,3.838801988062454e-05,-6.395564702363243e-10,3.500944634630205e-07,-7.450135572803737e-09,0.003400064109207562,8.907415168115143e-05,0.0002708379864348914,0.00342272940516941
814.2857142857143,4.3999999999999995,3.747583061092667e-05,-5.673453006909407e-10,4.183733391450078e-06,-7.309253297286375e-09,0.0030895847631804093,0.0010898539191290045,0.00027222389931335516,0.003298716004240458
814.2857142857143,4.5,3.66054786751433e-05,-4.9223282478269e-10,3.897850292484066e-06,-5.677201556073314e-09,0.0027438857543232594,0.0010400971049718609,0.0002164874364909237,0.0029503295817358767
814.2857142857143,4.6,3.577410524228477e-05,-3.7244886814095926e-10,3.6373218884139997e-06,-6.075108481606241e-09,0.002123333612650073,0.000993655053849603,0.00023705413262930752,0.002368181859622215
814.2857142857143,4.7,3.497910502831038e-05,-3.063345655740499e-10,3.408326678775195e-06,1.5066673345881455e-09,0.0017851521206752217,0.0009527356884796589,6.012664738133914e-05,0.002025266356187425
814.2857142857143,4.8,3.4218188081123745e-05,2.7086234451866487e-11,3.1888914871310477e-06,7.108734292774429e-10,0.00016126378662115315,0.0009116561114271263,2.899810033516039e-05,0.0009267171380868694
814.2857142857143,4.9,3.348916004880842e-05,7.141395532385544e-11,7.378620906697688e-06,-9.592281720631216e-09,0.0004341813093463328,0.002156344716208998,0.00039976814523566475,0.0022711153833300693
814.2857142857143,5.0,3.283391822556007e-05,nan,nan,nan,nan,nan,nan,nan
828.5714285714286,0.1,0.0017672385434720106,nan,nan,nan,nan,nan,nan,nan
828.5714285714286,0.2,0.0011576124877985807,4.5173685779369785e-08,0.018505338586269453,2.0482257217246463e-05,0.007891401639896451,0.10471330344523205,0.015897015423433213,0.10738985211369441
828.5714285714286,0.30000000000000004,0.0007330398179878454,1.857534892704035e-08,0.022642012330536615,-1.4881812892971106e-06,0.0051364021172455344,0.1955923296369642,0.0018197951406767844,0.1956766857554394
828.5714285714286,0.4,0.0005348872714824763,-1.0321357738623075e-08,0.007830174536636727,-8.949303665162557e-07,0.003932720497517582,0.10681786097418464,0.0017322450163339566,0.10691830086194345
828.5714285714286,0.5,0.0004150364703434745,-2.230088444822237e-09,0.004459152031028093,-4.0543070101698915e-07,0.0010957242086968163,0.08336620197876932,0.0010813615495296272,0.08338742668716963
828.5714285714286,0.6,0.00033977718951475364,-1.2558167194871323e-09,0.0019222338093317878,2.340275658264819e-07,0.0007532037013788463,0.04631481680973704,0.0008049042583117512,0.04633492541987489
828.5714285714286,0.7000000000000001,0.0002837402467793507,-8.864040624462709e-10,0.0016868797563704165,1.1666921562824803e-07,0.0006350231113448034,0.049646645167072644,0.0004898244989032777,0.049655538329340575
828.5714285714286,0.8,0.0002445721016076519,-1.5327451625509208e-09,0.0009934780970543024,-1.9057556554199278e-07,0.0012748545501703997,0.035013647458581244,0.0009557032237639952,0.035062907748527196
828.5714285714286,0.9,0.00021533873740649614,-9.732939412128754e-11,0.000543166386132043,-9.576462977880583e-08,9.195723503857973e-05,0.022208844858495058,0.0005575628871729482,0.022223028570113563
828.5714285714286,1.0,0.0001915370370666608,-7.699935469328673e-10,0.00043641090867200985,-5.262610728363248e-08,0.0008178725601687536,0.020266251856404016,0.0003480496259363484,0.020288719942768818
828.5714285714286,1.1,0.00017209944581354558,2.9557379935778336e-11,0.00035976764939758403,-7.635047859542332e-08,3.494299163961545e-05,0.01878318965915578,0.0005676862248181284,0.018800371541120613
828.5714285714286,1.2000000000000002,0.0001562595310544062,5.455005484750269e-11,0.0002621362257068676,2.2172341214356549e-07,7.103402035795654e-05,0.015231671692357968,0.0018348634241504274,0.015451288488226389
828.5714285714286,1.3000000000000003,0.00014304097855233547,-7.36628262332863e-09,6.142714784960328e-05,-4.3890957430827905e-08,0.010479933005566981,0.00393109767033767,0.0004000776572399829,0.01120725876200562
828.5714285714286,1.4000000000000001,0.0001304366975287608,5.4958288913403927e-11,0.000311243352228241,-3.023562203583942e-07,8.576558703906428e-05,0.02175903404592301,0.0030111131579396372,0.02217197607899195
828.5714285714286,1.5000000000000002,0.00012094485002746852,6.326505410396071e-11,0.00012646873224000105,-2.4704203953699197e-08,0.00010648803486546112,0.009695793793929442,0.0002698663690989701,0.009703886474516874
828.5714285714286,1.6,0.00011271768984857626,5.464493762126381e-11,0.00010824892185440531,-3.3517003571303804e-08,9.870346339770742e-05,0.008950271287270212,0.00039491183984687966,0.008968222187921236
828.5714285714286,1.7000000000000002,0.00010557301888822806,8.168638373368683e-11,7.166053792369313e-05,-2.478171247745205e-08,0.00015759750793491244,0.006357523652228957,0.000313337093946872,0.006374896409514751
828.5714285714286,1.8000000000000003,9.914495330711678e-05,1.0862477402571392e-10,6.963101473163117e-05,-4.756455210170362e-09,0.00022314000026241147,0.006595531269722496,6.42363901332094e-05,0.006599930061541488
828.5714285714286,1.9000000000000001,9.341319787332182e-05,1.3132936586981822e-10,5.960564388972219e-05,-3.792551554994082e-09,0.0002863090492365492,0.006011969535664062,5.453534645267761e-05,0.006019277263713056
828.5714285714286,2.0,8.827749887842408e-05,1.4978411022968924e-10,5.139411573028349e-05,-4.732499954502179e-09,0.0003455084377691251,0.00550180455228386,7.222073200902034e-05,0.005513588765982181
828.5714285714286,2.1,8.365574104082917e-05,1.3060524707343333e-10,7.785433565036825e-05,1.693846008272524e-07,0.0003179137368927935,0.008819272933591988,0.002735047536548337,0.009635435344376072
828.5714285714286,2.2,7.981252655973795e-05,-4.70764073455796e-09,3.035153475178611e-06,1.605029081706664e-07,0.012009831115515476,0.0003628147258533361,0.0027348254624873915,0.012622448992530668
828.5714285714286,2.3000000000000003,7.599966361339851e-05,-4.384256336065042e-09,3.461854787810831e-05,-2.3059972129632537e-08,0.011744762378210498,0.004337483020562829,0.0004118038535537693,0.01253364939281066
828.5714285714286,2.4000000000000004,7.253298614584016e-05,-4.146968252242641e-09,2.9929608992763266e-05,-1.694425291736566e-07,0.011639958908033564,0.003938123877101842,0.0031773771024200727,0.013083918127001418
828.5714285714286,2.5000000000000004,6.936560476820944e-05,1.8422859357808874e-10,2.6089213092774028e-05,-1.5999528721511106e-07,0.0005407359137050324,0.003596875639494166,0.0031435904949574933,0.005744060592849903
828.5714285714286,2.6,6.645911552150646e-05,1.5261016653853122e-10,2.3182800311572932e-05,-8.382822619423805e-08,0.00046753002186032547,0.0033421175219390167,0.0017223305092615806,0.004161872008851188
828.5714285714286,2.7,6.378445427791921e-05,-2.07114474794408e-09,2.0573484135106046e-05,-8.270935460031625e-08,0.006626733839871761,0.003095660237676257,0.0017736940512546554,0.007732314974607776
828.5714285714286,2.8000000000000003,6.131552787568302e-05,-2.0147535196153e-09,1.838846334925798e-05,1.2403867835608025e-07,0.006705873730880134,0.002882906745448737,0.002783225301316799,0.008292923486518012
828.5714285714286,2.9000000000000004,5.9030486106939406e-05,-5.390265364651176e-09,-5.258233836556355e-05,1.2295877295888857e-07,0.018635356552178906,0.0085756969216956,0.0028699495805360985,0.02091153539817809
828.5714285714286,3.0000000000000004,5.6219620954540166e-05,1.6543509667966123e-09,8.61847850361625e-05,-3.6357768775040555e-09,0.005960363529259012,0.014600046640312343,8.842073399195151e-05,0.015770318061238207
828.5714285714286,3.1,5.427060365250255e-05,1.6650479230462258e-09,1.3061118724822563e-05,-3.980783032736878e-09,0.00621317360588107,0.0023232313742178974,0.00010039489889205899,0.0066348389992836035
828.5714285714286,3.2,5.245219753771316e-05,1.6713297544469912e-09,1.1804650011070897e-05,-4.2922334286503795e-09,0.006451737236183485,0.00217514625167184,0.00011211613645489897,0.006810382855392619
828.5714285714286,3.3000000000000003,5.075183792303448e-05,1.6750796663064348e-09,5.440548791368727e-05,-4.40495521670672e-09,0.006681885277213108,0.010372394383394462,0.00011902935051452877,0.01233946887329751
828.5714285714286,3.4000000000000004,4.9595533187492674e-05,-2.6127297654742103e-09,-3.409405655809867e-05,-4.4634047534156694e-09,0.010751172977684497,0.006717797414509904,0.0001246315108206005,0.012678627233477138
828.5714285714286,3.5000000000000004,4.809828788636988e-05,-2.6063474533009302e-09,8.774197401579803e-06,-1.5168181499644376e-08,0.01105876460275281,0.0017691507354925542,0.00043721380759099076,0.011216437968048894
828.5714285714286,3.6,4.6688784559262884e-05,-2.894119006472353e-09,8.01214494985285e-06,-4.6008396017686694e-08,0.012650501346494196,0.0016657858942466302,0.0013676456192224572,0.012905461481197767
828.5714285714286,3.7,4.5359402681654416e-05,-3.747785280591763e-09,7.35788699715738e-06,-2.5746844690859092e-08,0.016862085778868118,0.001575943144936208,0.0007895948855028586,0.016972343791486266
828.5714285714286,3.8000000000000003,4.410359967401752e-05,-4.004674627043016e-09,7.009297804600247e-07,2.0870296345840085e-09,0.018530925869361777,0.00015452800059545657,6.615029637777665e-05,0.01853180628546962
828.5714285714286,3.9000000000000004,4.285480596418523e-05,-3.302570001928891e-09,1.4159863647685344e-05,-1.0604301738507308e-08,0.015727381393534797,0.0032105913694902457,0.00034578626012017014,0.016059189229687954
828.5714285714286,4.0,4.174761089082979e-05,-3.3856809312779705e-09,-3.815593404597205e-05,-1.0289641154086203e-08,0.016550774459989957,0.00890353676501531,0.00034491296581626356,0.018799974256881617
828.5714285714286,4.1,4.025885647701463e-05,8.33956924296954e-10,4.789133773040724e-05,-1.3588938661528487e-08,0.004211221664933993,0.011471635551946514,0.00046792208637146305,0.012238084503128792
828.5714285714286,4.2,3.924901544050354e-05,9.890109940859463e-10,4.898246000811984e-06,-1.8083978953883273e-08,0.005123316069174281,0.0012166878121857702,0.0006392290682891483,0.005342838607002127
828.5714285714286,4.3,3.828815686400057e-05,1.165686616258004e-09,4.54899338619505e-06,-1.1476889521854607e-08,0.0061909659410224575,0.0011590082796065903,0.0004161714379733391,0.006325958963403597
828.5714285714286,4.3999999999999995,3.7372788221359555e-05,1.1414658915874544e-09,4.234552399769603e-06,-2.9587367808428203e-08,0.0062116123601030125,0.0011059692465246428,0.0010999703409321697,0.0064982432694000985
828.5714285714286,4.5,3.649976510271623e-05,3.9457576449239803e-10,4.7987683846779366e-06,-3.011467732748671e-08,0.0021998255216812306,0.0012840273934753715,0.0011471432681483598,0.0030199062946309205
828.5714285714286,4.6,3.567472966791969e-05,2.623201374378972e-10,2.530898007890912e-06,-4.947093336251787e-09,0.0014964657134966916,0.0006934011769030723,0.0001930660778230553,0.0016717547202307174
828.5714285714286,4.7,3.487500321320206e-05,2.402619293536826e-10,8.86094001070265e-06,-4.801708026979391e-09,0.0014017810566390703,0.002483814199346493,0.00019174715479890905,0.0028649357846859957
828.5714285714286,4.8,3.416388615859145e-05,-3.138494752788197e-10,-2.71340359013947e-06,7.23142991024979e-08,0.0018718382507676178,0.0007780368000402942,0.002953367202831119,0.0046426151432970115
828.5714285714286,4.9,3.342563506807945e-05,1.8674093273059517e-09,3.0107692480887164e-06,6.301198024680907e-08,0.011294239605929091,0.0008812724741302816,0.002630680339499216,0.011923818496901587
828.5714285714286,5.0,3.2717491670048335e-05,nan,nan,nan,nan,nan,nan,nan
842.8571428571429,0.1,0.0017297949336966935,nan,nan,nan,nan,nan,nan,nan
842.8571428571429,0.2,0.0011682486797023703,-1.1918368176431326e-06,0.013134094581902353,1.4224908623737316e-05,0.20820224993757852,0.0759286220929892,0.011498899290633477,0.22221112011283806
842.8571428571429,0.30000000000000004,0.0007380433715270707,-1.9749005013844868e-08,0.02277706939509936,3.884947398213594e-05,0.005453747108345417,0.1949676450813724,0.04794285577503642,0.20649252002392163
842.8571428571429,0.4,0.0005356087573027647,-6.887426525013305e-09,0.008218593308645349,-7.050497650877685e-07,0.002624298484365835,0.11135650865125209,0.001362911286125044,0.11140410232966791
842.8571428571429,0.5,0.0004153600761649122,6.373089198015894e-09,0.004515396208253953,3.4081577464771426e-07,0.0031191352043433277,0.08430400262670698,0.0009101836713347294,0.08437150426499411
842.8571428571429,0.6,0.0003402653571095992,4.9419337744627285e-09,0.0019698975385840736,5.634641253344122e-08,0.002951052689727839,0.047426261011228175,0.00019304053569241969,0.04751876971028956
842.8571428571429,0.7000000000000001,0.0002848696134401269,5.4332523434784765e-11,0.001589148204352925,-7.22820327347132e-08,3.876881031456787e-05,0.046703202989925946,0.00030214014958299,0.04670517369498652
842.8571428571429,0.8,0.0002453653518141839,-7.177273663653408e-11,0.0010143030086495685,-1.6703684908011761e-07,5.95078489785415e-05,0.03560586881839372,0.0008343205240066146,0.03562546304218809
842.8571428571429,0.9,0.00021600412027473657,-7.565808395756065e-11,0.0005491617107476167,-2.981403774865748e-08,7.126764715961803e-05,0.022381387864554694,0.00017303485101043023,0.022382839050051184
842.8571428571429,1.0,0.0001921345058427654,1.0120922245895675e-09,0.0004362524594472919,-4.097251546219943e-08,0.0010705453180182248,0.020196487867565702,0.00027016416960651247,0.020228449441806896
842.8571428571429,1.1,0.00017262741600526717,1.2375571298549895e-10,0.00036026665404059955,-7.872745169617795e-08,0.0001458377079374595,0.018750752368001316,0.0005829203301400668,0.01876943193668217
842.8571428571429,1.2000000000000002,0.00015672299270817492,1.2099337598806787e-10,0.0002629197244888206,-4.17030560876705e-08,0.00015706599818584148,0.015230473268556513,0.0003440095472738363,0.01523905085132377
842.8571428571429,1.3000000000000003,0.00014344776665597088,1.436546057752949e-10,6.022574997833692e-05,-4.427492872016954e-08,0.00020375644658379648,0.0038428152077519297,0.00040232451339388607,0.003890048256591326
842.8571428571429,1.4000000000000001,0.0001307747981035502,1.0983394582060073e-10,0.0003144050774606777,-3.88156733231432e-08,0.00017093100507789853,0.021917739452487386,0.0003853869173061273,0.02192518109999734
842.8571428571429,1.5000000000000002,0.00012124588032573633,9.324224532967081e-11,0.00012682124609538747,-2.5298567955851265e-08,0.00015653257576365097,0.009697682423104778,0.0002755993814837406,0.0097067737619056
842.8571428571429,1.6,0.00011298517500887633,9.350510505235003e-11,0.00010556963546461961,-3.351775030141041e-08,0.00016846809293660322,0.008707069896395551,0.0003938808893922237,0.008726495974279262
842.8571428571429,1.7000000000000002,0.00010578016604666252,7.480000725695964e-11,7.719846367472957e-05,-2.2919161229480813e-08,0.0001440088327816682,0.006832618851868373,0.0002890540754232424,0.0068463511037532825
842.8571428571429,1.8000000000000003,9.934714172119601e-05,9.167670359109464e-11,6.977033744197808e-05,-2.45494726172662e-09,0.00018790699714251377,0.006595786341571868,3.308473780505369e-05,0.0065986283198095335
842.8571428571429,1.9000000000000001,9.361182077014928e-05,8.959924767725305e-11,5.9655154408077115e-05,-2.399036352819534e-09,0.00019488232336686322,0.006004717737676948,3.442063137144537e-05,0.006008076546521445
842.8571428571429,2.0,8.847305136318332e-05,8.953579304800667e-11,5.06486663324736e-05,7.32626739026189e-09,0.0002060351154053654,0.005410499007046804,0.00011154468741019539,0.00541671804773088
842.8571428571429,2.1,8.38407686195421e-05,4.2796885212703215e-10,7.878935745529924e-05,-5.687988344990536e-08,0.0010383702880425027,0.008905464007550464,0.0009162232294288175,0.009058942104746899
842.8571428571429,2.2,7.999637945045387e-05,-1.3884449219247664e-09,3.0580486831533844e-06,-1.3248182518628696e-07,0.003542111636324192,0.0003647448292167251,0.002250061732454631,0.004775473718317069
842.8571428571429,2.3000000000000003,7.618257076819717e-05,-3.2607420987291924e-09,3.394027937467865e-05,-6.82708545352434e-08,0.008735036957390535,0.004242726934373289,0.0012206959369320395,0.009863153634995242
842.8571428571429,2.4000000000000004,7.270816487968726e-05,-3.2150221115971907e-09,2.9680335150224922e-05,-2.614012310110654e-09,0.009024116653695805,0.0038959482268633478,4.913578722077039e-05,0.009829441622853317
842.8571428571429,2.5000000000000004,6.95305623426796e-05,-3.1580285561930335e-09,2.62937549350809e-05,-3.0847204013382614e-09,0.009269242215192838,0.0036163414354619043,6.0755025604801465e-05,0.009950083364878114
842.8571428571429,2.6,6.661589735502275e-05,-3.121104659592721e-09,-2.214698695643689e-05,-3.2221407458565576e-09,0.009561683620594997,0.003185216142404549,6.635937542457801e-05,0.010078700445375021
842.8571428571429,2.7,6.347976249780153e-05,1.3543151778838186e-09,6.712100670922009e-05,-7.058182652091316e-10,0.004333200867801905,0.01007582414622525,1.5171911325171369e-05,0.010968104775218073
842.8571428571429,2.8000000000000003,6.1014837707672506e-05,1.3423580439441112e-09,1.9159185593775246e-05,4.176541881337853e-09,0.00446788327042568,0.0030181564706450786,9.354141960538313e-05,0.00539339868671045
842.8571428571429,2.9000000000000004,5.874150477348124e-05,1.3172959732980918e-09,1.7646814410303177e-05,1.2678270202403785e-07,0.004554187685850248,0.002892216889086984,0.002953870773417163,0.006823213986353223
842.8571428571429,3.0000000000000004,5.6644639983393003e-05,-2.219676428643654e-09,1.433891191199502e-05,1.2173749327704223e-07,0.007997141294426463,0.0024410188277077137,0.0029461167635725185,0.00934195106867139
842.8571428571429,3.1,5.469116431242472e-05,-2.227565750072011e-09,1.2988678865382572e-05,-1.2876746399450203e-08,0.00831222485079659,0.002293011107351124,0.000324910560905046,0.008634935764312974
842.8571428571429,3.2,5.286757543011026e-05,-2.4857421905620065e-09,1.1717215835044073e-05,-1.414990631033812e-08,0.009595566289494819,0.0021424330570307794,0.0003698356586752095,0.009845733525177444
842.8571428571429,3.3000000000000003,5.116115870614624e-05,-2.5136123340194768e-09,1.064345807698979e-05,-1.3484057973025416e-08,0.010026788328426562,0.0020132298465361255,0.00036499667322449387,0.010239923033938532
842.8571428571429,3.4000000000000004,4.956117656295212e-05,1.5441024521822712e-09,9.67813463865989e-06,-1.1460741879019301e-07,0.006322445136902074,0.0018916957479888372,0.003206676636862414,0.008007332603238998
842.8571428571429,3.5000000000000004,4.80579757661446e-05,-1.3162176074418794e-09,2.760211610074441e-06,-1.059874845180055e-07,0.005584727649517124,0.0005569302025282729,0.003037816814430997,0.007067957000848875
842.8571428571429,3.6,4.658237708543782e-05,-7.174487913336996e-10,-3.561365103518044e-06,-3.330306518682728e-09,0.0031360448138138103,0.0007410559947110631,9.891372333699075e-05,0.0032254470869748386
842.8571428571429,3.7,4.5071164753695864e-05,1.0202067258210652e-09,2.503553627370523e-05,-2.8712162302921973e-09,0.004590127778146543,0.005374465160459066,8.785273616706788e-05,0.007068916818523535
842.8571428571429,3.8000000000000003,4.381030778469096e-05,1.0336244261328377e-09,6.851029282952383e-06,7.949681832207663e-09,0.004782914818618416,0.0015200470900611895,0.00025037120553438047,0.0050311220219037235
842.8571428571429,3.9000000000000004,4.261796110851558e-05,7.391457086916554e-10,6.156918621270712e-06,4.675887395790653e-09,0.0035199334031371524,0.0014053584493241523,0.00015145791242021994,0.0037961615524206636
842.8571428571429,4.0,4.14871836185529e-05,8.424760261281348e-10,5.830110233754676e-06,6.781127949279926e-08,0.004118412508272643,0.0013679937008037092,0.0022604992424710515,0.005390031725709932
842.8571428571429,4.1,4.0414707230927775e-05,-1.2105554394213948e-09,5.392892113228347e-06,1.373320590827527e-07,0.006112926392922196,0.001299893519601718,0.0046993984001991885,0.009122844013528714
842.8571428571429,4.2,3.939615976443493e-05,6.935720376040939e-10,4.85767772422766e-06,5.999055177667611e-08,0.0035667343061414913,0.0012019579150904431,0.0021253307825454394,0.004816675026480986
842.8571428571429,4.3,3.8426189075184364e-05,6.438017290732196e-10,4.647966863159587e-06,-1.030445577061988e-08,0.0033954267688399986,0.0011798020139403439,0.0003709388172727491,0.0036326363631627567
842.8571428571429,4.3999999999999995,3.750269805456539e-05,5.739452851371583e-10,-1.0462983743431395e-05,-1.0470730530605312e-08,0.0031028476527734925,0.0027228783273198416,0.0003865603024843523,0.004164203126244403
842.8571428571429,4.5,3.6474577196512106e-05,1.950178424617867e-09,1.824324770218925e-05,-1.1591130699962446e-08,0.01080118977451182,0.0048645160611233435,0.00043864562584118285,0.011862294762148042
842.8571428571429,4.6,3.562888881548071e-05,1.971750344857395e-09,3.673401045128763e-06,-1.0687821578808125e-08,0.01118224377837173,0.0010071127145183287,0.00041436635429917,0.011242786615862994
842.8571428571429,4.7,3.481993444490061e-05,1.943751868965005e-09,3.4553248416446577e-06,-1.7692803697771794e-08,0.011281756859981475,0.000969809880835611,0.0007023793413357767,0.011366848399225532
842.8571428571429,4.8,3.404553332273695e-05,2.1869692787919247e-09,4.72081831125343e-05,-1.6264582462288708e-08,0.012984428448293119,0.013557803558544022,0.0006608104017230125,0.018795817626135962
842.8571428571429,4.9,3.374321403169863e-05,-2.163604212801291e-09,-4.1956281493384886e-05,-5.249309438333205e-09,0.013085649747197498,0.01232357886588454,0.00021816263459286815,0.017977764467259856
842.8571428571429,5.0,3.302133192572647e-05,nan,nan,nan,nan,nan,nan,nan
857.1428571428572,0.1,0.0016919300492283203,nan,nan,nan,nan,nan,nan,nan
857.1428571428572,0.2,0.0009356528680055209,1.0131393167948606e-06,0.05596408290970755,7.779768292658066e-06,0.1769855420929541,0.3307706659340465,0.006425012865568943,0.3752541500543797
857.1428571428572,0.30000000000000004,0.000739016515879797,1.5807836009704684e-08,-0.0007455517881022749,4.536266945715847e-05,0.004340716655942462,0.007968252047273966,0.05547090669662571,0.07897074041230442
857.1428571428572,0.4,0.0005349246458730503,1.0559398977372183e-08,0.00861515365686208,-3.681410083760307e-09,0.004017519400496562,0.11657592857185022,7.076218807359711e-06,0.11664513570941668
857.1428571428572,0.5,0.0004169843124349246,9.324055737955903e-09,0.004271810362080157,-2.3915892212045686e-07,0.004525129259312331,0.07985817058602969,0.0006369471671975082,0.07999134707922166
857.1428571428572,0.6,0.0003417620826176004,-1.750925283161292e-08,0.001947021557071568,-4.926168360112244e-07,0.01045556861382133,0.04669292102866399,0.0016735296791855795,0.047907715374473955
857.1428571428572,0.7000000000000001,0.00028601006837099187,2.7184145328636284e-10,0.0015885900399059767,3.58826517489457e-07,0.00019316395683734421,0.046482337295546614,0.0015064986781305305,0.04653153843690968
857.1428571428572,0.8,0.00024614395452344313,-4.245069142368808e-10,0.0010376222041785113,-5.131677162157841e-07,0.00035097834633579777,0.036279219472532064,0.002552511906147829,0.036460054654344654
857.1428571428572,0.9,0.00021665406271767954,-9.289832219120092e-09,0.0005774353140543773,-2.333862991402549e-08,0.008750743478194318,0.023459252337614554,0.00013507312650926282,0.025038940096578456
857.1428571428572,1.0,0.0001929385240524597,-1.3270604560934195e-09,0.0003957657077705088,3.254120955574273e-07,0.001399835973294223,0.018267172228670758,0.002152155346081455,0.018571824553645307
857.1428571428572,1.1,0.00017318064246494498,7.695230924864039e-10,0.000378838601022526,-5.6324282945708486e-08,0.0009031267077537338,0.019635197422756295,0.00041589160428044837,0.019664753935249114
857.1428571428572,1.2000000000000002,0.0001572111468876555,1.9132711752122587e-10,0.0002642220715725013,-3.470544301924971e-07,0.0002475387320443464,0.01525702109726177,0.0028511670358956145,0.015782784137132095
857.1428571428572,1.3000000000000003,0.00014388387202609104,-7.800214275238543e-09,5.7871660479684415e-05,-4.7157474540129904e-08,0.011063647661954303,0.003681142312449386,0.000427085879080763,0.011675611890114903
857.1428571428572,1.4000000000000001,0.00013113531376932343,1.2177526472980287e-10,0.00031791841411074633,2.41999075361216e-07,0.000188959595964073,0.022095486424850794,0.002410026819245338,0.02235760909888703
857.1428571428572,1.5000000000000002,0.00012156593965366326,1.1301104836921132e-10,0.0001275177305673768,1.2043068589062706e-07,0.00018918592919562046,0.009724133561131353,0.0013081124199272479,0.009900347521014733
857.1428571428572,1.6,0.00011327174284367688,4.218523213199516e-09,0.00010250324790099577,9.49445561029933e-08,0.007524286575505032,0.008431905202478888,0.0011125922668029056,0.011409979707178056
857.1428571428572,1.7000000000000002,0.00010600257851270045,3.728397865765229e-09,8.346254848963387e-05,-1.4245135838522371e-07,0.0071121297797021475,0.007368346808684509,0.001778564091207697,0.01054521242789562
857.1428571428572,1.8000000000000003,9.956803966662036e-05,8.734500942999672e-10,6.952284071869281e-05,-1.263514429633818e-07,0.0017831362111089342,0.006558599016566669,0.0016871576607252394,0.007203318523553219
857.1428571428572,1.9000000000000001,9.38287292277272e-05,2.444967456985883e-10,5.9745766993464595e-05,-4.090852214106194e-08,0.0005302833450168548,0.006000496463876254,0.0005845992501929867,0.006080351207425941
857.1428571428572,2.0,8.868687645876869e-05,-2.0267459722773303e-10,5.6811309051159036e-05,-2.9858329178366786e-08,0.00046547907043547015,0.006054788284862629,0.0004533132839725601,0.006106399741777079
857.1428571428572,2.1,8.411313678032177e-05,-1.1350415626727944e-09,3.574791327796858e-05,-1.515041707234968e-07,0.0027525906091932714,0.004030800802257153,0.0024356981616872387,0.00597405735149815
857.1428571428572,2.2,7.989687623465453e-05,-1.3741739259155227e-09,1.9404662839316842e-06,-4.0166164907814913e-10,0.0035057043865816505,0.00023069717266633384,6.818490915041699e-06,0.003513300074746076
857.1428571428572,2.3000000000000003,7.570002035182661e-05,6.251913967225279e-09,7.240521829852296e-05,1.2936633252453376e-07,0.01667988738383116,0.009062334062457109,0.0023102176340128234,0.019261847077314983
857.1428571428572,2.4000000000000004,7.222721665198392e-05,5.986244501430666e-09,2.966113412956731e-05,-1.6305457564694462e-08,0.016742727937105153,0.003918246519844113,0.0003045167258262098,0.01720049579049417
857.1428571428572,2.5000000000000004,6.90510242934369e-05,5.765839957560774e-09,2.6088711903839923e-05,-1.4757841827997191e-08,0.01687071823992108,0.0036120334014177087,0.00028893001517755443,0.017257893276153496
857.1428571428572,2.6,6.613571905392829e-05,5.565479649479746e-09,2.3104775589353725e-05,7.742236767724199e-08,0.017005377546675235,0.0033460438604311577,0.0015857527647576738,0.017475929122160245
857.1428571428572,2.7,6.34514615703132e-05,3.511542459330682e-09,2.208940741769521e-05,-3.066051507948279e-08,0.011173113984135475,0.003340011681083123,0.000655784527620385,0.011698472585153498
857.1428571428572,2.8000000000000003,6.098809816087508e-05,2.632854351432178e-10,1.966246015040995e-05,-1.1303066393017815e-07,0.0008806300402460586,0.0030988191073614848,0.0025175066356013117,0.004801444412728911
857.1428571428572,2.9000000000000004,5.872135935294105e-05,2.6675990119395884e-10,1.6204327771970826e-05,6.938138583992613e-08,0.0009265626672621698,0.0026569655819118796,0.0016244549494321239,0.0036325875413123036
857.1428571428572,3.0000000000000004,5.661666382272673e-05,2.218083054575854e-09,1.4515142471774168e-05,6.127037787532608e-08,0.007935821123532296,0.0024718675847627807,0.0014897138267768336,0.008574723367705955
857.1428571428572,3.1,5.465711971723015e-05,2.1185423933160075e-09,7.808338616929542e-06,-2.2941461901425616e-08,0.007853096141057447,0.0013791590831593941,0.0005745570992507361,0.008014576127154279
857.1428571428572,3.2,5.2775658997902866e-05,2.2023367824388943e-09,1.6329910169885107e-05,-2.258015770074596e-08,0.008459051858950382,0.0029877004595866507,0.0005859071071910464,0.009009355507756377
857.1428571428572,3.3000000000000003,5.1057497380274434e-05,2.1685419383320536e-09,5.026071251905175e-05,-1.0134406067296894e-08,0.008610712362126295,0.009523464694405608,0.00027247979063217193,0.012844813647596084
857.1428571428572,3.4000000000000004,4.984194288783652e-05,-1.7337176069449846e-09,-8.773405877327316e-05,-9.190795837346892e-09,0.00709883883501333,0.0171833840816429,0.0002554597103005746,0.018595502699037897
857.1428571428572,3.5000000000000004,4.774904780766587e-05,3.92281265443415e-09,6.733987634371858e-05,2.2480419685464397e-09,0.01659540829631206,0.013510684464138794,6.452803291615197e-05,0.02139987147028899
857.1428571428572,3.6,4.632955149093241e-05,3.558428378194443e-09,8.10771057875562e-06,3.415688905499641e-08,0.015516331639472088,0.0016979837192594171,0.0010115019475914401,0.015674372990232024
857.1428571428572,3.7,4.499113227998651e-05,2.636029797234222e-09,7.524658675906342e-06,2.4263848040124198e-08,0.011836662952275284,0.0016241596203190234,0.0007406082436368906,0.011993393408836673
857.1428571428572,3.8000000000000003,4.372795965579967e-05,2.567136960299565e-09,6.71752842313955e-06,-1.9927534936413467e-08,0.011861245884981102,0.0014930783207089285,0.0006263694755334394,0.011987623378114287
857.1428571428572,3.9000000000000004,4.253196231584422e-05,2.1365287448422392e-09,6.272525327053243e-06,-2.106142923009203e-08,0.010168051354783282,0.0014344427172973105,0.0006811882507845198,0.010313822236626496
857.1428571428572,4.0,4.139869022915931e-05,2.0376404947795525e-09,5.80877118723638e-06,-8.947308233819332e-09,0.009966078271745192,0.0013657425782756484,0.00029807079768864815,0.010068051515041832
857.1428571428572,4.1,4.032350585434676e-05,1.9369894366099673e-09,4.3652792262886455e-05,-9.152656537583407e-09,0.009729934440907997,0.010544486316173227,0.0003133588293771987,0.014354588235412026
857.1428571428572,4.2,3.9684849402163075e-05,-1.9150275540658204e-09,-3.5058355563710957e-05,-8.868691785416117e-09,0.009848139924856269,0.00869427268808071,0.00031184606179277647,0.013144228143438684
857.1428571428572,4.3,3.869560939434228e-05,-1.845426551623231e-09,4.33701920940602e-06,-8.595155117640886e-09,0.009732826785553683,0.0010928652306211413,0.0003102059163158843,0.009803811864317195
857.1428571428572,4.3999999999999995,3.774973957861555e-05,-1.7475403833154726e-09,4.351512427995529e-06,1.7380583551014518e-08,0.009447506089716376,0.001124549398783152,0.0006434420012092694,0.009557615700757796
857.1428571428572,4.5,3.684738488716877e-05,-2.3719664528825227e-09,4.041579688247935e-06,1.8731570175110993e-08,0.013137290143787726,0.001070624521748332,0.0007109268407740299,0.013219132465275353
857.1428571428572,4.6,3.598544599260447e-05,-2.2963098185336527e-09,3.8042633449805255e-06,-5.617719193409985e-09,0.01302289422618003,0.0010324378125149585,0.00021845838961499442,0.013067407929615199
857.1428571428572,4.7,3.5161549731489975e-05,-2.2235770304385125e-09,3.584727748490943e-06,-4.897259257285304e-09,0.012905893914434903,0.0009961604336452179,0.00019502168163416087,0.012947219788542361
857.1428571428572,4.8,3.437350074786039e-05,-2.15325350813456e-09,3.378935092348286e-06,-8.121869652654796e-08,0.012784251877033078,0.0009609744502592788,0.0033103789536298306,0.013648362010979397
857.1428571428572,4.9,3.361924111515429e-05,6.506385752852298e-11,3.2128722935755283e-06,-7.878863734076834e-08,0.0003935113667196418,0.0009346945244660647,0.0032851293555124813,0.004755276523474119
857.1428571428572,5.0,3.289711020538394e-05,nan,nan,nan,nan,nan,nan,nan
871.4285714285714,0.1,0.0016905114925685296,nan,nan,nan,nan,nan,nan,nan
871.4285714285714,0.2,0.0009098201821851734,-8.865358592869832e-08,0.06140868774122784,8.721513194528516e-06,0.019336838666934357,0.3632550740481788,0.007363959620727097,0.36391842211403685
871.4285714285714,0.30000000000000004,0.0007432157492140957,-1.6169717312873034e-08,-0.004021580241654479,1.2450488143591235e-05,0.004434720614821651,0.04420192385703725,0.019009626584714116,0.05192502889142559
871.4285714285714,0.4,0.0005363955138264732,-7.61474489109308e-09,0.009093613878403645,-4.716573031631412e-08,0.0028971710790884203,0.122354967423922,9.054999710245304e-05,0.12238932981340518
871.4285714285714,0.5,0.00042051141722288714,-1.0903498007635759e-08,0.003505817060188973,-3.2528650402724894e-07,0.005275328156557001,0.065358806511628,0.0008664633656824823,0.06558280409765907
871.4285714285714,0.6,0.0003396854912211908,1.8042334624501842e-08,0.002834643592997186,-5.465805672748302e-07,0.010773895918585918,0.06740943234591695,0.0018511254810582747,0.0683151647407552
871.4285714285714,0.7000000000000001,0.0002872060011494663,-3.3622681983471824e-09,0.001210941209083059,3.856259744825949e-07,0.002384913468417563,0.03564889406167008,0.0016119232567916215,0.035801229772782765
871.4285714285714,0.8,0.0002468359231685724,1.7079735029336654e-09,0.0008942275846592971,-1.793894846579379e-07,0.0014062086575373947,0.031135407375903958,0.0008907078822101681,0.031192591048434727
871.4285714285714,0.9,0.00021540812103427147,1.5545195957678972e-08,0.0009491394697674615,-1.1451515475090022e-07,0.01459725222603338,0.03845224218515646,0.000659978279682617,0.04114031896176387
871.4285714285714,1.0,0.00019347171359764516,5.75843493579753e-11,0.00023556082926827986,-2.6176922680201504e-07,6.0571645404148406e-05,0.010935559352973611,0.0017206460486775968,0.011203185838693173
871.4285714285714,1.1,0.00017389091445370165,-1.0955236379991921e-08,0.00034282321078924844,-8.350198650411187e-08,0.012857270510957208,0.017719552094431917,0.000614836659860252,0.021909997253670127
871.4285714285714,1.2000000000000002,0.00015773834741765062,-2.2217789238919653e-09,0.00011423165502772118,3.8715738902165776e-08,0.002873190345684349,0.006569156035931671,0.0003193670934836772,0.007184220519148315
871.4285714285714,1.3000000000000003,0.0001427280969318768,8.416065722383594e-09,0.00038028350838364603,2.1832443991419868e-07,0.011937157437826345,0.02410850085659596,0.0019763504206921924,0.02704676437614454
871.4285714285714,1.4000000000000001,0.00013152068152993946,5.281266533620664e-09,0.00015957963328471172,3.8337608305258837e-07,0.008104814422492267,0.011180674072945712,0.0038064038097837785,0.014821366653407912
871.4285714285714,1.5000000000000002,0.00012190906246084921,4.461396614134336e-09,0.00021217903914530538,-8.670202027089964e-08,0.007392573355205292,0.01613275088579927,0.0009313914492180303,0.01779468381339498
871.4285714285714,1.6,0.00011441923378321202,-4.615197187371867e-09,5.648339678910999e-06,-2.1027599533689637e-07,0.008217040157854709,0.0004633240191413128,0.0024390041916681404,0.008923670825196305
871.4285714285714,1.7000000000000002,0.00010698588850236393,-7.700165643578533e-09,4.146495118145711e-05,-1.594672670543398e-07,0.014688501429847848,0.003623949384246008,0.001987443263711389,0.015387818066482423
871.4285714285714,1.8000000000000003,9.996719273333042e-05,-1.7465695112075691e-09,0.00011470380160487448,-2.0149647851642066e-08,0.0035640746220630512,0.010721395429859896,0.00027054345578656034,0.011304748356243602
871.4285714285714,1.9000000000000001,9.409553498034565e-05,-1.2426142603831772e-09,6.354621642936345e-05,-4.961608468458864e-08,0.0026946990352505907,0.006356707104787618,0.0007087310238442639,0.0069766558919697715
871.4285714285714,2.0,8.885933939165452e-05,-9.142565708986165e-10,5.30720002898702e-05,3.656988310665899e-08,0.002099756479511957,0.005640225149998426,0.0005551310837801531,0.0060693869588521925
871.4285714285714,2.1,8.415386380586209e-05,1.9969139919689286e-09,6.85411404354266e-06,4.5377761336528464e-08,0.004817059513869078,0.0007713442492896122,0.0007296439111920564,0.004986360875964357
871.4285714285714,2.2,7.951692936050509e-05,5.769936855469885e-09,0.00016133758299457772,4.2206587527060494e-08,0.014661584538852348,0.019171738016304736,0.0007126904381910747,0.024156437135412094
871.4285714285714,2.3000000000000003,7.649337074509386e-05,-4.197010560997262e-09,-5.01861154089675e-05,4.477709643506772e-08,0.011197477104320142,0.006311374925135656,0.0007964597202052717,0.01290293157074096
871.4285714285714,2.4000000000000004,7.296795097559296e-05,-3.9589801823813544e-09,3.056570702574071e-05,-4.242191977082648e-09,0.011072739859883865,0.003995863527520278,7.929163046901084e-05,0.011772215919721853
871.4285714285714,2.5000000000000004,6.974818827634946e-05,-3.373165114879625e-09,2.6292734909106408e-05,8.561981195217311e-09,0.00986856552441929,0.003603326468342392,0.00016778160768236784,0.010508513143302757
871.4285714285714,2.6,6.679135292619703e-05,-2.885260285780428e-09,3.0528438501102816e-05,5.658246616706557e-09,0.008807132081999847,0.00437695075034007,0.00011587675939960497,0.009836164304617494
871.4285714285714,2.7,6.413980196105563e-05,-3.1282630063445277e-09,-4.731606603787795e-05,-5.004181626072889e-08,0.009945845043007578,0.007084160443667186,0.0010692533402356023,0.012304136224146223
871.4285714285714,2.8000000000000003,6.101509033553545e-05,1.8742574954812423e-09,8.652760185476169e-05,-5.8637193627947865e-08,0.006227173299890363,0.013490469132926147,0.0013049974004050223,0.014972524208143006
871.4285714285714,2.9000000000000004,5.875565472856289e-05,1.6395367202546446e-09,5.4513855160804824e-05,-2.3873470225756908e-08,0.005659228423092128,0.00893448733108828,0.000555233022713203,0.010605116578007678
871.4285714285714,3.0000000000000004,5.704135767319838e-05,-2.6916760937905205e-09,-2.7162990532563797e-05,-2.3140613769133204e-08,0.009630234521084847,0.004623042779124893,0.0005591251009298238,0.01071163774712778
871.4285714285714,3.1,5.5055430712508235e-05,-2.5757535379122656e-09,6.369530008940455e-06,-7.578738978266617e-10,0.009547904367036507,0.0011166511928823288,1.9022122306260743e-05,0.009613017807687365
871.4285714285714,3.2,5.313319905190749e-05,-2.05478935755279e-09,1.8542824234731705e-05,9.271607949030206e-10,0.007892330488850042,0.0033680281844600847,2.4113631429645486e-05,0.008581005613038071
871.4285714285714,3.3000000000000003,5.1396395633654066e-05,-1.96754816505014e-09,1.0929707753558764e-05,-7.555275726892254e-08,0.007812618704025238,0.0020570392802588813,0.0020337229071957586,0.008575574577922957
871.4285714285714,3.4000000000000004,4.976888929293623e-05,4.955119818556961e-11,9.93109080777663e-06,2.6584468253888857e-08,0.00020289115631755,0.00193225433132782,0.0007398214477307179,0.0022066814838783925
871.4285714285714,3.5000000000000004,4.8240693860296156e-05,-2.720111486597634e-09,9.043734187182458e-06,9.542189396138972e-08,0.011507396531045292,0.0018171460757244687,0.0027349855056850274,0.012275279476079086
871.4285714285714,3.6,4.680293576952791e-05,-2.633726931154244e-09,8.388739225916767e-06,-1.9494796685148435e-08,0.011484221731711161,0.0017389341973833021,0.0005780680655988996,0.011643863890602058
871.4285714285714,3.7,4.544906507101883e-05,-2.9355758301217628e-09,7.432265650057728e-06,-2.1052243564439407e-08,0.013181725680208459,0.0015879913359829602,0.0006434614866859953,0.013308181459580433
871.4285714285714,3.8000000000000003,4.416951702901033e-05,-2.9112860781871486e-09,-7.979189371359114e-07,-9.502999428948721e-09,0.013451358672686682,0.00017556333356672603,0.00029963236530593945,0.013459176487959208
871.4285714285714,3.9000000000000004,4.2881989797630466e-05,-2.1441877835207676e-09,1.3157927244971255e-05,-9.263661850339705e-09,0.010204501834936918,0.0029789610867443253,0.0003006525290291925,0.010638930902209636
871.4285714285714,4.0,4.172604183870032e-05,-2.0514521260340703e-09,5.751456465067098e-06,-9.171393099194066e-09,0.010033630815236384,0.0013412289150315753,0.00030616112362452376,0.010132132628732016
871.4285714285714,4.1,4.062760844442084e-05,-1.950922851518988e-09,5.354203994050739e-06,-7.594548126029465e-08,0.009799925123892831,0.0012831804211739996,0.0026058424135691058,0.010548265914163404
871.4285714285714,4.2,3.958271709008187e-05,3.101683057538645e-11,5.058631416072291e-06,-7.25279181571332e-08,0.00015950584464617432,0.0012451216327420732,0.002556185606968196,0.0038267400890759887
871.4285714285714,4.3,3.858841204990362e-05,4.903479830613091e-11,4.603319838615088e-06,-1.5135254632440815e-09,0.00025861077914932367,0.001162962064513891,5.448374545395093e-05,0.0011938581388205275
871.4285714285714,4.3999999999999995,3.7640140208111525e-05,6.181529014814954e-11,4.424942520344753e-06,-5.834562812016421e-10,0.0003341841686108844,0.0011467024127922896,2.1540143344197356e-05,0.0011947943076548297
871.4285714285714,4.5,3.6736117791522875e-05,7.258158426336962e-11,4.127313795039658e-06,-1.6528610062929464e-10,0.0004019978151060679,0.001096519240422546,6.254957081419207e-06,0.0011679190626679018
871.4285714285714,4.6,3.587336851288462e-05,8.147274964560111e-11,3.87545531312352e-06,2.9333956976736377e-10,0.0004620504569493311,0.001054944165607453,1.1372761717616966e-05,0.0011518057547757186
871.4285714285714,4.7,3.5049373787377606e-05,8.970180718832532e-11,3.6649619657211474e-06,6.455316221420314e-10,0.0005206394883820661,0.0010216386466202095,2.562669452036237e-05,0.0011472246754994388
871.4285714285714,4.8,3.42620286815278e-05,9.361458387047401e-11,3.386296120307742e-06,8.670656586923409e-10,0.0005558065573990874,0.0009661502487463145,3.522783370364418e-05,0.0011157281178384335
871.4285714285714,4.9,3.350854653688107e-05,9.946226040802017e-11,3.2542107478585965e-06,1.0779332118578642e-09,0.0006037739050059312,0.0009498009525667954,4.479917828748442e-05,0.0011272438558774097
871.4285714285714,5.0,3.278760649971293e-05,nan,nan,nan,nan,nan,nan,nan
885.7142857142858,0.1,0.0016471913553337196,nan,nan,nan,nan,nan,nan,nan
885.7142857142858,0.2,0.0008658949278079487,9.906083902775016e-08,0.06595165399574668,-1.3492080689754051e-05,0.022220322385254256,0.40038853884335096,0.01140152023224508,0.4013286858564072
885.7142857142858,0.30000000000000004,0.0007441150402396448,-6.564987689398532e-07,-0.008602280046105566,1.1966406954331756e-05,0.18005191852703498,0.09934554147213473,0.018789281016561923,0.2073506791353632
885.7142857142858,0.4,0.0005363123522102852,4.467724690879524e-09,0.009330365415489634,2.262674238322789e-05,0.001697469748432041,0.12538874919776866,0.043491970836874845,0.13967219796179522
885.7142857142858,0.5,0.000421813318335822,-2.6895561065852617e-08,0.0033976724470463552,2.1884189280310196e-09,0.013012604806065853,0.06335249287180593,5.820283542467354e-06,0.06467508256401742
885.7142857142858,0.6,0.00034129100893182237,-1.2020056981967553e-08,0.0026947057216781803,8.574193583803468e-07,0.007187628121644418,0.06388384634960294,0.002912845519808974,0.06441876404029553
885.7142857142858,0.7000000000000001,0.00028771575674460455,4.875207043203792e-09,0.0013735953277321787,2.5369521527172855e-07,0.003440075569059698,0.040247041140382744,0.0010645578056175527,0.04042183824518011
885.7142857142858,0.8,0.0002478764578347085,6.202428816963627e-10,0.0009297509397005765,8.49028457884817e-08,0.0005082651946223085,0.03231491212787087,0.0004193679203090064,0.03232435023701557
885.7142857142858,0.9,0.0002173346683218183,-6.632071860322608e-09,0.0007223776241934792,-3.363365189709964e-07,0.006211271364539681,0.029142647531101257,0.001929303921458775,0.02992186866371593
885.7142857142858,1.0,0.00019401665505086284,-3.940366162890645e-09,0.00016667821360219576,-3.608064392193127e-07,0.004144780042531836,0.007669195848468457,0.0023653945944560415,0.00933734168476766
885.7142857142858,1.1,0.00017236542391592936,1.7095318529663947e-08,0.0007097930896467836,2.1885389025321377e-08,0.02001299291172102,0.036584131886033516,0.00016136072731689344,0.04170096720350657
885.7142857142858,1.2000000000000002,0.0001578121236774637,1.2898436251834299e-09,3.106283180402311e-06,7.361803994419749e-08,0.0016644630757793604,0.00018021498220648885,0.0006032775091701597,0.001879042915046295
885.7142857142858,1.3000000000000003,0.00014328988627080208,-1.2987191435346788e-09,0.0004216209923072307,2.264333488447298e-07,0.0018458871939111463,0.026716641439344636,0.0020453871976648763,0.026936099326143995
885.7142857142858,1.4000000000000001,0.00013298385878721277,-5.986152382274329e-09,4.8484306933708374e-05,1.0046174800330673e-07,0.009169903078204651,0.003383651714404908,0.000999513547854288,0.009875944311950678
885.7142857142858,1.5000000000000002,0.00012316267437296053,-5.265651416665447e-09,0.00012833577870241907,-3.880525295178488e-07,0.008712568869202082,0.009650477875496825,0.004161074928241658,0.01427128826150343
885.7142857142858,1.6,0.00011462484774573249,-4.527502920196381e-09,3.1071499728246544e-05,-3.083649207434951e-07,0.008060906565780616,0.002522801643146852,0.0035715532179446366,0.009841479948164854
885.7142857142858,1.7000000000000002,0.0001063977361157869,4.149420929662589e-09,0.00018392785568098683,9.111394784160493e-08,0.007915255084053559,0.016046071972892505,0.001137595300432453,0.017964296115907632
885.7142857142858,1.8000000000000003,0.00010000990304265118,-3.7985657927422044e-10,4.8667601643167097e-05,5.1177173312098e-08,0.0007751407462041947,0.004574120034866605,0.0006833634660808185,0.00473892271759543
885.7142857142858,1.9000000000000001,9.410874598594713e-05,-3.109794609480432e-10,6.376304216444943e-05,7.53652947114818e-08,0.0006743814875752618,0.006375672830845206,0.0010769153096680333,0.006589650036622334
885.7142857142858,2.0,8.884521935088757e-05,2.2873091035068018e-09,0.00010204315833231568,7.319059458121504e-08,0.005227421825785077,0.010843111048101033,0.0011111897315926656,0.012139542058304293
885.7142857142858,2.1,8.460212429915117e-05,-2.525127792012579e-09,-4.450862728976934e-06,5.0333569369049526e-08,0.0060912442414488704,0.0005009681738078201,0.0008052272387681603,0.00621699343189783
885.7142857142858,2.2,8.0314520620125e-05,-4.25812169795111e-09,4.0327142971181215e-05,-8.549191361329194e-08,0.010820016373670964,0.004766682078642065,0.0014447415766593997,0.011998690295695266
885.7142857142858,2.3000000000000003,7.643018837081065e-05,9.323872902374084e-11,3.5487403844420416e-05,-1.3422649358606973e-07,0.0002487576617465483,0.004418553901637568,0.0023896399302589795,0.00556832622504559
885.7142857142858,2.4000000000000004,7.29007301599405e-05,4.5869481930827715e-10,3.856792663386966e-05,2.1926848058185813e-08,0.0012829082681141202,0.005046164016599374,0.0004095004357820147,0.005238798156126005
885.7142857142858,2.5000000000000004,6.975695121540904e-05,2.1264038936214852e-12,2.4498589783708977e-05,2.0182743323959798e-08,6.220208367791997e-06,0.003360541071393979,0.00039513909980073134,0.0034066911805886654
885.7142857142858,2.6,6.685815816871467e-05,-2.8964373768785954e-10,2.3035620807478526e-05,-5.069208623810607e-08,0.0008840232303067219,0.0033022688644096087,0.0010380000618013384,0.0037203984976303577
885.7142857142858,2.7,6.418972133009509e-05,-1.8205850245762307e-09,-9.670045158964112e-06,5.145385737585402e-08,0.005788278193147904,0.0014463523111961935,0.0010992981895819286,0.00616546936320426
885.7142857142858,2.8000000000000003,6.142458403988587e-05,-2.2072826571252063e-09,4.651026851722986e-05,9.151350302339028e-08,0.007333641007652409,0.007245750184527396,0.0020382597349938667,0.010704774246115345
885.7142857142858,2.9000000000000004,5.912454943484895e-05,-2.384165244937932e-09,9.221504206402877e-06,-9.470809876510778e-08,0.008229480653172291,0.0015012725524384378,0.0022041271240234007,0.008927178941600387
885.7142857142858,3.0000000000000004,5.6916729871876054e-05,3.75281333044764e-10,2.1916741155412807e-05,-7.480181337763398e-08,0.001342675389859776,0.003706876646825614,0.0018109707503425766,0.004701376585055586
885.7142857142858,3.1,5.492807772045729e-05,3.8461142419095534e-10,1.3196877002608918e-05,1.0642265344485102e-08,0.001425692731308998,0.002318628816573986,0.0002665300551489278,0.002747856599924744
885.7142857142858,3.2,5.307139433906461e-05,5.759849559176294e-11,1.1904248751479835e-05,1.1239790679074151e-08,0.00022123258581218663,0.00216724291937969,0.00029164868241782313,0.0022172062683788927
885.7142857142858,3.3000000000000003,5.133375344518673e-05,6.51596880856215e-11,1.0983563615271016e-05,-1.1937660923898303e-10,0.000258732064062688,0.002069582635251449,3.209631948415964e-06,0.002085697765397221
885.7142857142858,3.4000000000000004,4.9705948187461563e-05,6.53925983245447e-11,9.907219000685476e-06,-1.3626898420348704e-08,0.0002681480020771337,0.0019299619326033173,0.000378761924904485,0.0020207863825329464
885.7142857142858,3.5000000000000004,4.817721511974325e-05,-3.0819525724553665e-10,9.034270402617554e-06,-1.5340819037195715e-08,0.0013038160573881328,0.0018175431174847743,0.0004403444818394397,0.002321897030617916
885.7142857142858,3.6,4.673882475605111e-05,-3.5268523629603617e-10,7.466361504063146e-07,-4.213583151759395e-09,0.001537864615808729,0.00015497702566463618,0.00012477856392251454,0.0015556943257174648
885.7142857142858,3.7,4.530790075386304e-05,3.3514306521348565e-10,1.3995763458946521e-05,-4.8219330050036216e-09,0.0015049054103586689,0.002994461998562457,0.0001471804195222864,0.0033578068894358666
885.7142857142858,3.8000000000000003,4.401693438626443e-05,3.793226064010705e-10,6.845991717522615e-06,8.586154249831284e-09,0.0017526290080487085,0.0015109929181477061,0.00026988310152143574,0.002345310601076109
885.7142857142858,3.9000000000000004,4.2794427935841044e-05,5.0251321618330653e-11,6.280826363303903e-06,1.0142215349116289e-08,0.00023915335569175616,0.0014269113582939224,0.0003280289223142262,0.0015193670720784031
885.7142857142858,4.0,4.16347297490507e-05,6.28532158327606e-11,5.8531951516403705e-06,-1.4145787498733608e-09,0.0003074144188952993,0.0013677470254809092,4.712530353815431e-05,0.001403451865624089
885.7142857142858,4.1,4.053356351377676e-05,7.417719139753113e-11,5.451746492139301e-06,-8.167985593811176e-10,0.00037260874822932357,0.0013094228123970483,2.7964672262489222e-05,0.001361979965591387
885.7142857142858,4.2,3.948691474342421e-05,8.398737484888417e-11,5.0955834088427376e-06,-3.7773244644580033e-10,0.0004330243561198002,0.0012571269257169618,1.3282046403865057e-05,0.0013297484821833397
885.7142857142858,4.3,3.849122180716009e-05,9.442474147166076e-11,4.762733204788935e-06,1.1897445083376624e-10,0.0004993819226730231,0.0012061548074180897,4.293881615157789e-06,0.001305461067588392
885.7142857142858,4.3999999999999995,3.754315620294386e-05,9.889891287030086e-11,4.457266536636865e-06,6.048389558078364e-10,0.0005362214777785086,0.0011579955967538891,2.239158351571012e-05,0.0012765148026392195
885.7142857142858,4.5,3.6639663264094e-05,1.0415022215068746e-10,4.174779968505083e-06,8.379667704946386e-10,0.0005785899179198536,0.001111994938821294,3.180369094807291e-05,0.0012543213250991619
885.7142857142858,4.6,3.5777918124929185e-05,1.0733253376431944e-10,3.9331348763786106e-06,9.87324647730502e-10,0.0006106089178534945,0.0010734637073569915,3.8394470272458127e-05,0.0012361698314834568
885.7142857142858,4.7,3.495550433452816e-05,1.0646158140869965e-10,3.6571088184498106e-06,1.0912091622440576e-09,0.0006198927684276836,0.0010221692625266609,4.3454804954191174e-05,0.0011970270196409306
885.7142857142858,4.8,3.416966163231163e-05,1.076696706623033e-10,3.4331449004181666e-06,1.1932412750762672e-09,0.0006413339496101433,0.0009821471512934214,4.863511694408608e-05,0.0011750119194785466
885.7142857142858,4.9,3.341815037909929e-05,1.0583404544775475e-10,3.2791582301716607e-06,1.2032856841031532e-09,0.0006445753999351603,0.0009596695060833768,5.017156353165884e-05,0.0011582216448859462
885.7142857142858,5.0,3.269943070818866e-05,nan,nan,nan,nan,nan,nan,nan
900.0,0.1,0.0016354283379611096,nan,nan,nan,nan,nan,nan,nan
900.0,0.2,0.0008421861711914893,2.1497725602704464e-08,0.05620909862433548,-2.2973789053692816e-05,0.005066770572769213,0.3436964941821385,0.019924642356736588,0.3448868437954941
900.0,0.30000000000000004,0.000611034990665224,5.471921824690639e-07,0.01572571610042976,8.312051182163872e-06,0.1500733998567129,0.1867249384798338,0.013713394605189723,0.24034213608530203
900.0,0.4,0.0005371409711432563,1.376887831887424e-08,-0.004562062218597104,2.6502752163920088e-05,0.005196156341175229,0.07466122707032638,0.05088067364918808,0.10382188964933713
900.0,0.5,0.00041762632943531756,2.6117248454445267e-08,0.004233176606161241,-7.203385163459241e-07,0.012636041758988185,0.07880941565770538,0.001902910334432213,0.07986135287562846
900.0,0.6,0.0003404434537889912,1.0025905804050824e-08,0.00259598744099767,5.134238882482206e-07,0.0059890271515450925,0.06216053103040142,0.0017388324778155049,0.06249677704470251
900.0,0.7000000000000001,0.00028922045255264155,-1.528539281831068e-08,0.001104612136449079,1.730622709296575e-07,0.010785779133432606,0.032446273357740175,0.0007236575545731737,0.03420732446177239
900.0,0.8,0.0002490435726807827,-4.872116501191082e-09,0.0009041038747314217,2.2168045207046214e-07,0.003989743763518228,0.03126002558781227,0.0011006917510665629,0.03155202528699136
900.0,0.9,0.00021790773155623804,5.165906111117685e-11,0.0006985549712613524,-1.9772012678631604e-07,4.825209848425736e-05,0.0280495081138569,0.001133381867618358,0.028095308195676096
900.0,1.0,0.00019375744014430693,3.5697515245669776e-09,0.0004721625162039198,1.8067730568352784e-07,0.0037508774381695147,0.021668001994782977,0.0011813302975570243,0.02205362724238216
900.0,1.1,0.000174328773894415,-8.514186471595828e-09,0.00032490256856482783,6.30064361385734e-08,0.009954419562092635,0.016768520905460275,0.00046342327386558844,0.01951161921616326
900.0,1.2000000000000002,0.00015814913333017137,-5.090689443360393e-10,0.00016171381206292812,-2.934354264845836e-07,0.0006559549469712046,0.009276369497147538,0.002401504302903947,0.009900290590371457
900.0,1.3000000000000003,0.00014358663088655702,-3.9764585840308247e-10,0.000420124385005886,-2.9338114559036866e-08,0.0005643321371955029,0.02656507665639769,0.00026462303614760175,0.026573705410120677
900.0,1.4000000000000001,0.00013322537229300152,-3.9467391218375293e-10,4.775498475308441e-05,-2.075659133574602e-07,0.0006038526606411179,0.0033258656783175054,0.002062017725396506,0.004464286588658089
900.0,1.5000000000000002,0.00012334166354697687,-5.055488103373729e-09,4.4852671950555585e-05,-1.4223047922337033e-07,0.00836483177155855,0.0033666764204577683,0.0015232924056129275,0.009270693619818192
900.0,1.6,0.00011390648152045779,5.029694033983768e-09,0.0002185104833161486,1.5436914860325054e-07,0.008955023194253127,0.017715869644722687,0.0017905372408502675,0.020011409867876914
900.0,1.7000000000000002,0.00010665640432710019,-1.5140065079928762e-09,5.6876446735705085e-05,1.5886685323038834e-07,0.0028969748412945254,0.004993258151467878,0.0019799602960033835,0.006416040503752564
900.0,1.8000000000000003,9.997509160109965e-05,2.7791290439475445e-09,7.647129203376542e-05,3.989616515292059e-08,0.005643056273917814,0.007169873437626749,0.000534627250486165,0.009155480425194169
900.0,1.9000000000000001,9.405849179543676e-05,2.6305256541607882e-09,0.00011560050965726324,-1.9303876185394567e-08,0.005678158743418327,0.011562931106730965,0.0002743773337884837,0.012887723939356333
900.0,2.0,8.92978970863465e-05,-2.5387734239460174e-09,-2.2497872675345405e-07,-1.80347929513642e-08,0.0058021189994442125,2.3919023413935808e-05,0.00027250482041255166,0.005814952687484976
900.0,2.1,8.453505258998871e-05,2.2903631343131034e-09,4.708993579607175e-05,-8.663217727231839e-08,0.00550325349860219,0.005273353273990114,0.0013869421094328419,0.007870277673120278
900.0,2.2,8.024310745159163e-05,1.7161647155358994e-10,4.348719953785356e-05,-6.227778242931187e-08,0.00043608265895616965,0.00514428017792511,0.0010474814811384,0.005371054043769368
900.0,2.3000000000000003,7.63860343085731e-05,3.219922864282255e-10,3.98159366347408e-05,2.708679673143948e-08,0.0008597742975216919,0.004961913602206971,0.0004817986038300549,0.0050817377173316075
900.0,2.4000000000000004,7.292712053190197e-05,-2.8427916815536208e-11,2.979413592160695e-05,8.784022519022664e-09,7.953115640300926e-05,0.003900469004746205,0.00016418386328871356,0.0039081832536043476
900.0,2.5000000000000004,6.97661481144469e-05,4.5105496461776405e-11,2.6067674736539593e-05,-6.524283357639018e-08,0.00013190890148238397,0.0035744829284924656,0.0012776829989007644,0.004007402632096564
900.0,2.6,6.686585244435724e-05,-1.672005513029201e-09,-9.746403933225121e-06,-6.581092704765203e-08,0.00510313713846497,0.0013970104694954308,0.0013472267110117618,0.005623494156446455
900.0,2.7,6.386809273493532e-05,1.4444893822643411e-09,5.132788703299858e-05,3.151231482177988e-08,0.004592538265847018,0.0076762480633461375,0.0006733298349162124,0.008995717769387335
900.0,2.8000000000000003,6.13836118958434e-05,-3.1272978510593034e-10,1.0774874868191578e-05,3.50127755469925e-08,0.0010390368306314665,0.0016870512969456204,0.0007792252364549054,0.002267184057854807
900.0,2.9000000000000004,5.9006879805433386e-05,4.2604923328690347e-10,2.3854238268233935e-05,1.1765902315492816e-08,0.0014706044096892026,0.0038860923186974003,0.0002736433977047519,0.004173026750148035
900.0,3.0000000000000004,5.686869009770572e-05,8.597825498091808e-11,1.4871646581420008e-05,1.1919749198852558e-08,0.00030828515075735456,0.002520324177529316,0.00028800579968870315,0.002571569243735227
900.0,3.1,5.487921685579225e-05,8.547631629964106e-11,1.316008073616752e-05,-4.66563310048298e-10,0.00031758158864356797,0.002314117085087994,1.1710423558329807e-05,0.002335866052876611
900.0,3.2,5.3021344421240456e-05,9.261389010698372e-11,1.209371655584124e-05,-1.6445789628984165e-10,0.00035613901113338523,0.002203697000199595,4.2772269045768985e-06,0.0022322974831504305
900.0,3.3000000000000003,5.1284409152247075e-05,8.560909229478284e-11,1.08878626962703e-05,-1.5423846903238537e-08,0.0003403461105590369,0.0020534867259813586,0.00041517784258416794,0.002162727095752026
900.0,3.4000000000000004,4.96563525102164e-05,-3.437053808577858e-10,2.254351973002402e-06,-1.725960795009876e-08,0.001411178296258576,0.00043957842359262624,0.00048031911035266916,0.0016266733752844777
900.0,3.5000000000000004,4.8050839387915744e-05,3.572481707929394e-10,1.5741089812329822e-05,-4.0125046824094734e-09,0.0015133251221875774,0.003170005249397088,0.00011532119907824619,0.0035164874753883073
900.0,3.6,4.660273716373839e-05,3.9156525569681005e-10,8.04980410673301e-06,8.575208639384763e-09,0.001709740822322933,0.0016752681554107146,0.0002542757613908595,0.0024205473343259618
900.0,3.7,4.5235132980628364e-05,7.19960184859538e-11,7.423572281673356e-06,1.0136496923188705e-08,0.0003242936607668951,0.001592947696524925,0.0003098218657796868,0.0016836353284806276
900.0,3.8000000000000003,4.394176452033507e-05,7.839345098908881e-11,6.872538576868402e-06,-1.0567759861145359e-09,0.0003634660998143791,0.0015192922235492314,3.332045747087287e-05,0.0015628745861468157
900.0,3.9000000000000004,4.2717121445810464e-05,8.688571547462562e-11,6.3766475019869445e-06,-6.243458026744994e-10,0.000414347837407128,0.0014511587260079197,2.026316888455573e-05,0.0015094260400759555
900.0,4.0,4.1556244846305726e-05,9.339912930725642e-11,5.928853865771614e-06,-1.5159682831447068e-10,0.00045781603272767376,0.0013879338459855644,5.060633078605135e-06,0.0014615085017436946
900.0,4.1,4.0454656785458704e-05,9.832333949907408e-11,5.518395273627505e-06,9.259864275261291e-08,0.000495046226223167,0.0013279340551671818,0.0031772459232521305,0.00471150325635196
900.0,4.2,3.940825267734796e-05,2.687897327026968e-09,5.1453350581728485e-06,9.025118184952137e-08,0.013755668142054695,0.0012718770759717144,0.003180827161697959,0.014528296534553243
900.0,4.3,3.841330191981894e-05,2.615685389712027e-09,4.800448709245711e-06,-4.324878908418887e-09,0.013733583616981888,0.001218132848606361,0.00015493195701492504,0.013789241256287313
900.0,4.3999999999999995,3.746635564938238e-05,2.5485578949464764e-09,4.505450509699313e-06,-3.90861315957733e-09,0.013719820575880094,0.0011728881102446374,0.00014365445517735073,0.013771362182387064
900.0,4.5,3.656446388404281e-05,2.4795832498022158e-09,4.180021699791842e-06,-4.1396933497530155e-09,0.013678423256567264,0.0011156734161468275,0.00015599839845615036,0.013725620603744616
900.0,4.6,3.570437233570116e-05,2.4007497906855236e-09,3.908094766791829e-06,-3.874682096929725e-09,0.013564186546893783,0.0010688232102036566,0.00014962062353612507,0.013607876851132178
900.0,4.7,3.488336173502743e-05,2.341135701693717e-09,3.69168509177487e-06,-3.1517107471128153e-09,0.013539141661969314,0.0010339588264049997,0.00012464970267658226,0.013579709234528135
900.0,4.8,3.4099267985271445e-05,2.2816108963255473e-09,3.4178770587295676e-06,-2.9244189111923312e-09,0.013498811474558163,0.0009798015124492935,0.00011838649644380382,0.013535359358160444
900.0,4.9,3.334935300610276e-05,2.226468752439141e-09,3.2283694717378485e-06,-2.831380203166898e-09,0.013469163375006593,0.0009467562392049835,0.00011726007859547386,0.013503414725585415
900.0,5.0,3.263172172165145e-05,nan,nan,nan,nan,nan,nan,nan
914.2857142857143,0.1,0.0016239819247506867,nan,nan,nan,nan,nan,nan,nan
914.2857142857143,0.2,0.0008228647055143574,-1.948725747900656e-09,0.05678793287860533,-3.918520283286143e-06,0.00047222234920097934,0.34968328164935336,0.0034228868297336056,0.3497171039104413
914.2857142857143,0.30000000000000004,0.0005896268150640814,-8.662653951786962e-09,0.018439064062953908,6.463482277329369e-06,0.0028932689430183076,0.22408378849385688,0.0109637826246984,0.2246382076357882
914.2857142857143,0.4,0.0005407795652433446,-4.597980779943654e-08,-0.007316292418280578,8.313176463655942e-06,0.017352050350793912,0.12408344110817679,0.01943582046540766,0.12827040283303853
914.2857142857143,0.5,0.00041876939123980194,3.1041604554355224e-09,0.004488278463521713,8.535123974248079e-07,0.0015063802801150276,0.08299645090143229,0.002269987750696813,0.08307217183003468
914.2857142857143,0.6,0.0003416420018714765,1.8309903009674047e-09,0.0023091067935423217,-6.619008069782284e-07,0.0010887412777397564,0.05514029539518201,0.0022484405562696163,0.05524263302656691
914.2857142857143,0.7000000000000001,0.0002876056804385743,1.1597710261850868e-08,0.0015647019031145724,-3.4383830524852575e-07,0.008183652381378127,0.04579945950858827,0.0014311690723651284,0.04656886457071335
914.2857142857143,0.8,0.00024921637803681785,2.2557964732201684e-09,0.0007664261821129337,3.364598105163261e-07,0.0018425753704613926,0.026648506418378064,0.0016619048477517155,0.026815328336086602
914.2857142857143,0.9,0.0002184913374561907,-5.255195810869251e-10,0.0006460449081486856,3.654050287341312e-09,0.0004897932289183551,0.025923051816973387,2.089286067811731e-05,0.025927695345630625
914.2857142857143,1.0,0.0001942267459570504,-5.475945944756137e-10,0.0004592380339154687,-1.0227290220123256e-07,0.0005743217728911455,0.021018592282064718,0.0006672406464373974,0.021047600508822942
914.2857142857143,1.1,0.00017455453479706478,1.1772013084678274e-10,0.00034999277245067957,-8.018959923584136e-08,0.00013743662896676512,0.01801980312886846,0.0005887246383661464,0.018039550632701414
914.2857142857143,1.2000000000000002,0.00015838225136158597,-4.78263116056213e-10,0.00015922553602041675,-1.9301368428707118e-08,0.0006157336230569238,0.009121821796582408,0.00015773856982182312,0.009145300634532885
914.2857142857143,1.3000000000000003,0.00014380222328631132,-3.2306685678141596e-10,0.0004164144891389572,-2.0844600293761208e-07,0.0004580142329859184,0.02629173948211437,0.00187852765149879,0.02642958710059392
914.2857142857143,1.4000000000000001,0.00013338634010242624,-5.607679022808609e-09,-4.815364635425993e-05,-2.0122159657265115e-07,0.008579771283103717,0.003348602354943126,0.001996913248632827,0.00963332435076451
914.2857142857143,1.5000000000000002,0.00012248892045499857,4.5124162581638835e-09,0.00026230826578129584,1.8986276032633674e-07,0.007466262823879946,0.019665301977689138,0.0020358923385508727,0.021231083289773425
914.2857142857143,1.6,0.00011421458346538385,-1.7334362615842588e-09,6.658451426458025e-05,2.3234404906266458e-07,0.0030973496696361223,0.005435962209254907,0.0026910620510895173,0.007323038306746095
914.2857142857143,1.7000000000000002,0.00010660609161841494,3.1542318756466265e-09,0.0001509849580744448,4.009638909623704e-08,0.006004886149148877,0.013219411522890624,0.0005017175812191238,0.014536675677003397
914.2857142857143,1.8000000000000003,0.00010050744935219047,-2.8084442673042743e-09,1.3627248919727597e-05,4.5565543605795194e-08,0.0057025812015007084,0.0012782805103206368,0.0006072195663628909,0.00590684895915942
914.2857142857143,1.9000000000000001,9.454507957516328e-05,-8.315576898265487e-10,6.497479983742315e-05,-2.34772463330268e-08,0.0017889747158583603,0.0064646750321703484,0.00033383139174012437,0.006724235317251285
914.2857142857143,2.0,8.923245779651032e-05,2.392603836455585e-09,0.00010155659107878789,-1.5776449262718504e-07,0.005446264414744206,0.01074160511949757,0.0023758505786939366,0.012503327899526831
914.2857142857143,2.1,8.493540192864525e-05,-4.403826760901851e-09,-4.316280080170865e-05,-6.28204412146679e-08,0.010581455257504145,0.004837118899060141,0.001000983571977271,0.011720445846167441
914.2857142857143,2.2,8.020671805276308e-05,3.489425505701919e-10,9.29558780970595e-05,2.641639888920725e-08,0.0008874627078151064,0.010944303080493139,0.0004464149668410649,0.010998360451480645
914.2857142857143,2.3000000000000003,7.640759295785151e-05,4.798116390156474e-11,3.392414252468574e-05,8.853230172790654e-09,0.00012810321276075844,0.004229588661434711,0.0001576144304112982,0.004237394871310019
914.2857142857143,2.4000000000000004,7.29477092881868e-05,3.84470752971505e-11,2.96724598322233e-05,8.064794597853837e-08,0.0001075192717202971,0.0038834438677568914,0.0015072336933137547,0.00443127560419461
914.2857142857143,2.5000000000000004,6.978455021684432e-05,2.337057810734455e-09,-8.907004040594844e-06,7.036833039024535e-08,0.006786443264532802,0.0012210121643994175,0.0013775212039094248,0.007165320106092549
914.2857142857143,2.6,6.653232110509589e-05,5.479137262576613e-09,5.611658979106129e-05,3.596527299276013e-08,0.016610835196953555,0.008041405958294204,0.0007310619295612,0.01848385670838605
914.2857142857143,2.7,6.384125789125807e-05,3.787407526063433e-09,1.2862266925699898e-05,3.113073956916285e-08,0.011967361280022626,0.0019332358637213912,0.0006606428929098038,0.012158455287382021
914.2857142857143,2.8000000000000003,6.127881734667726e-05,4.109177427580066e-09,2.5978219704115914e-05,-7.8810259300103e-09,0.013523174753084063,0.004069189825232622,0.00017431596346269713,0.014124281693114972
914.2857142857143,2.9000000000000004,5.89761589991376e-05,3.604821233684758e-09,1.6469625458661227e-05,3.3065427084595522e-09,0.012326810424366362,0.0026876539352067423,7.617210248075674e-05,0.012616867412004145
914.2857142857143,3.0000000000000004,5.683819690618455e-05,3.4736073184962527e-09,1.4756532407931451e-05,-9.03374733395422e-09,0.012325127245273713,0.0025021182556407644,0.0002162384720681877,0.012580257371413509
914.2857142857143,3.1,5.484780013731081e-05,3.3586962477534304e-09,1.3279192887861217e-05,-8.295865844068296e-09,0.012350010687285508,0.0023363149449971937,0.00020604897138312066,0.012572431899020157
914.2857142857143,3.2,5.2990195297315686e-05,3.247751212417627e-09,1.1994564531232368e-05,-1.0137044015025598e-08,0.012360751045411428,0.0021868816071390503,0.000260919162918505,0.012558135816650454
914.2857142857143,3.3000000000000003,5.1252536102632884e-05,3.079331060433687e-09,2.1735969744049483e-06,-1.2452241492333672e-08,0.012120459853270208,0.0004101885192551944,0.00033174751661673986,0.0121364704303033
914.2857142857143,3.4000000000000004,4.953661287769413e-05,3.767275434887733e-09,1.7668179329059988e-05,1.1550720990758336e-09,0.015319735409070816,0.003447279036822602,3.182510522839537e-05,0.01570286761825051
914.2857142857143,3.5000000000000004,4.799737144604598e-05,3.3233030233124196e-09,8.843083370065485e-06,2.6536129856519476e-09,0.013948897881969067,0.0017851610871940425,7.553696209534422e-05,0.014063070926867934
914.2857142857143,3.6,4.6546560848098484e-05,3.2186560930388567e-09,8.130802223983657e-06,-8.793521761113663e-09,0.013932277002525863,0.0016940098965885085,0.0002583633070645252,0.014039640850168693
914.2857142857143,3.7,4.5177058272390824e-05,3.1222307244054487e-09,7.503762118971431e-06,-7.797259557321914e-09,0.01392576989957579,0.0016120980760446397,0.00023625856199332323,0.014022751645770107
914.2857142857143,3.8000000000000003,4.388259331787288e-05,3.0296827162922803e-09,6.94183710932443e-06,-6.9981447057766305e-09,0.013912659762608163,0.0015365845796043818,0.00021849181898815764,0.014000666812345179
914.2857142857143,3.9000000000000004,4.2657546734448176e-05,2.9409827032662384e-09,6.432083933467823e-06,-6.309834218783678e-09,0.013894119031264193,0.0014657483633375218,0.00020282851177988375,0.01397416332844103
914.2857142857143,4.0,4.149682099035815e-05,2.8554833623230555e-09,5.972079852539324e-06,-6.2452232280188555e-09,0.013868387491950972,0.0014000054643828266,0.0002065306687026047,0.013941933035323095
914.2857142857143,4.1,4.039581604479352e-05,2.758923540050067e-09,5.8332998694627386e-05,-5.709121808473124e-09,0.013766389544325651,0.014057221084039463,0.00019409470272650436,0.01967725314160834
914.2857142857143,4.2,3.9878141086175166e-05,-2.4916322431070666e-09,-4.9127075023983376e-05,-4.646870651511049e-09,0.012751255758021848,0.012161426561975644,0.0001623076588949044,0.017622358156077864
914.2857142857143,4.3,3.8869195377316976e-05,-2.415583980191796e-09,4.9419283473635055e-06,-4.28998898021207e-09,0.012682956714247006,0.0012392574510141244,0.00015383101171726038,0.012745213925458024
914.2857142857143,4.3999999999999995,3.790966895193242e-05,-2.3513158930367845e-09,4.515937536257469e-06,-4.1165908293092185e-09,0.012657994638319745,0.0011618294365035532,0.0001514428049723921,0.012713006951528556
914.2857142857143,4.5,3.699530190191044e-05,-2.2853052150344774e-09,3.984063145926944e-06,-3.883657885866598e-09,0.012606703970990066,0.001050935884187894,0.00014649129568484597,0.012652129095305397
914.2857142857143,4.6,3.612077548334773e-05,-2.196338795787012e-09,4.275286700570058e-06,-3.6297437303732365e-09,0.012409268663407124,0.0011556296288392455,0.0001402971619631309,0.01246454151531371
914.2857142857143,4.7,3.528900193179072e-05,-2.139999392662397e-09,3.7280834798680256e-06,-3.927646361921038e-09,0.012375939981959672,0.001032116124302684,0.00015547484649162686,0.012420849366564943
914.2857142857143,4.8,3.449450921503239e-05,-2.098926098641666e-09,3.492051288097371e-06,-2.610501102346634e-10,0.012417984043739892,0.0009895579633697421,1.0577165655295839e-05,0.012457358324553148
914.2857142857143,4.9,3.373493701115503e-05,-1.950758116981006e-09,3.2734168185069895e-06,3.620155425279286e-09,0.011801234467787846,0.0009489675003349419,0.00015007082941221478,0.011841229530250512
914.2857142857143,5.0,3.300809897546275e-05,nan,nan,nan,nan,nan,nan,nan
928.5714285714286,0.1,0.0016132356426731562,nan,nan,nan,nan,nan,nan,nan
928.5714285714286,0.2,0.0008031455407050009,-1.3215278492180085e-09,0.05733953121645042,2.6700068657286085e-06,0.00032775687091393137,0.35543183958815805,0.0023487302810066735,0.35544751101316546
928.5714285714286,0.30000000000000004,0.0005664507509013497,-1.6176372131242088e-09,0.02052785640009513,-1.1434020443153273e-05,0.0005598965906237781,0.2555932313597332,0.01985054749502241,0.25713090415740886
928.5714285714286,0.4,0.0005350345250986499,-4.5842052197119647e-07,-0.008307234411790137,8.352547748444989e-06,0.17300063570902763,0.14665413363070792,0.02023688672963477,0.22859509626349678
928.5714285714286,0.5,0.00042054595517804867,-1.2282055646253619e-08,0.0037156836186507717,1.8752828885069827e-05,0.00596020943195608,0.0694475486038153,0.04953914177220188,0.0988268143704162
928.5714285714286,0.6,0.0003432142214439552,-5.050458417539729e-09,0.002247530025992108,4.436843139543207e-08,0.0029983668457122586,0.05344314927581601,0.00015097918343338885,0.05352761901753412
928.5714285714286,0.7000000000000001,0.0002883577879697828,-1.0000667782064546e-09,0.0016348195524430425,-4.482407441750617e-07,0.0007064422406501356,0.04763262855382579,0.0018627875978446797,0.047710652048106435
928.5714285714286,0.8,0.0002498495500200408,-8.398532879735502e-09,0.0007626382391745164,-8.294678901085228e-08,0.006860073599689708,0.026447638003605226,0.0004101524191420006,0.02732900685675861
928.5714285714286,0.9,0.00021896769446204397,-6.202217220295326e-10,0.0006498458866874148,1.8595242116605548e-07,0.0005771353207891288,0.026009487975275112,0.0010659263971497996,0.02605952701187734
928.5714285714286,1.0,0.0001945842977709213,-4.907874274357193e-10,0.0004603419136415295,-7.06672061395484e-08,0.0005140619548603493,0.021023279930516215,0.0004603060077582134,0.021039636925855858
928.5714285714286,1.1,0.0001748043202162139,-3.7850194423608306e-10,0.000349342201393156,-2.412654860629222e-07,0.000441460057013751,0.017953257554441878,0.0017689488428359894,0.018132090442505643
928.5714285714286,1.2000000000000002,0.00015851776467543807,-5.070243737013387e-09,0.0001720674539815338,-4.201745901256001e-08,0.006527619298173084,0.009843432574704396,0.0003430450250945522,0.011821097171291569
928.5714285714286,1.3000000000000003,0.00014395188367447758,-5.737654929557659e-10,0.0003016880947964776,-2.2757796566168166e-08,0.0008132475369634326,0.019031816113113754,0.000205270083435334,0.019051395427476185
928.5714285714286,1.4000000000000001,0.00013240288362148186,5.258441948139443e-09,0.00017031950717104195,3.7733866987872844e-08,0.008045437165181803,0.011831697010383708,0.00037438434927370985,0.014317766606785208
928.5714285714286,1.5000000000000002,0.00012255707864019657,1.281504371793611e-09,0.00014576492490345083,2.7079787120021897e-07,0.0021282316070489766,0.011009195639588099,0.0029002527651447395,0.011939626904029593
928.5714285714286,1.6,0.00011416892290794578,3.650382291383731e-09,0.00014187325249829784,3.591312537996529e-08,0.0064854827467969245,0.011576096140053222,0.0004174938077207363,0.013282171903033253
928.5714285714286,1.7000000000000002,0.00010719949970067797,-2.8603771088047163e-09,2.3657871858454468e-05,-5.5743645201414617e-08,0.005444967993252309,0.00207218140067151,0.0006932619496743504,0.0059078622585977385
928.5714285714286,1.8000000000000003,0.00010046665521199471,2.0418693367694983e-09,0.00011281509805933498,-4.542936349898442e-08,0.0041322631070625495,0.010523845575243997,0.0006053502547306186,0.011338422374359572
928.5714285714286,1.9000000000000001,9.48619617039048e-05,-1.4224449422653722e-09,3.980368080950971e-05,-7.467201756514135e-08,0.0030593247488732577,0.003961879762546087,0.0010578301580344244,0.0052243629715435095
928.5714285714286,2.0,8.965530500390998e-05,-4.59263236148957e-09,-1.1637191899474388e-06,-1.3867752474349568e-07,0.01045417123356168,0.00012267500787932123,0.0020878256842701546,0.010863828860672605
928.5714285714286,2.1,8.443701111201569e-05,2.6842592295532324e-09,0.00010228241992356122,2.999280981075102e-08,0.006449701697903169,0.011408406888928722,0.0004801713660731573,0.013122939031211128
928.5714285714286,2.2,8.024154141935701e-05,4.9799953107554854e-11,3.9287195469721286e-05,9.118530668732672e-08,0.00012658731152203525,0.004652840614834433,0.0015336917337304685,0.005135111566725457
928.5714285714286,2.3000000000000003,7.643894368139555e-05,4.598072309716325e-11,3.397984429349216e-05,-2.720741532132602e-09,0.0001226969210371199,0.004234694859101381,4.8411280349726386e-05,0.004237025181452413
928.5714285714286,2.4000000000000004,7.2976144386369e-05,3.6224220642744854e-11,7.665578015185425e-05,7.740813014018055e-08,0.00010125323107096785,0.010028367277203949,0.001445914073156183,0.010235220441065227
928.5714285714286,2.5000000000000004,7.0279902892861e-05,-2.3338107672097462e-09,-2.6668035544160852e-05,1.2885235114096264e-07,0.0067751764719785525,0.003654349756129635,0.0025211589529969664,0.008483500061833559
928.5714285714286,2.6,6.73169810439114e-05,-3.766913385616633e-09,2.3330416406055204e-05,4.3055086206585656e-08,0.011417271886293138,0.0033196426639378724,0.0008749383960990008,0.01195429458963233
928.5714285714286,2.7,6.458736335902234e-05,-3.585645712551609e-09,1.548847616594838e-05,-8.546504945427483e-09,0.011327323914726519,0.0023008275067839317,0.0001813273427216457,0.011561480592707226
928.5714285714286,2.8000000000000003,6.201263043579276e-05,-3.5079163970286156e-09,2.4321848307142843e-05,-7.049765471922986e-09,0.011541109909760474,0.0037657286258837934,0.00015589516755839844,0.012141932986123264
928.5714285714286,2.9000000000000004,5.968111599563462e-05,-3.379784127346423e-09,1.6700161194123936e-05,-1.0507021015066793e-08,0.011554344550454553,0.0026930257718087145,0.00024197805604271326,0.011868966785590782
928.5714285714286,3.0000000000000004,5.7516603167417714e-05,-3.2591260722035403e-09,1.4974129345579284e-05,-9.603368600943347e-09,0.011561431219032598,0.0025090230126853814,0.00022981479832915978,0.011835012378264273
928.5714285714286,3.1,5.55018316326566e-05,-3.149608536890791e-09,1.3479244537657343e-05,-1.330940699744937e-08,0.011578842038566916,0.002343539742502237,0.00033049674394510073,0.011822868419900838
928.5714285714286,3.2,5.362185254327206e-05,-3.173649118419585e-09,1.0722450942375815e-05,-1.4791077437843342e-08,0.012078722812352395,0.0019319093851430404,0.0003806329677447669,0.01224408353296866
928.5714285714286,3.3000000000000003,5.184909796331128e-05,-3.0005562854099446e-09,1.093615832270254e-05,2.920160973561243e-09,0.011810396894988874,0.0020394965492617433,7.782099114841208e-05,0.011985705369519978
928.5714285714286,3.4000000000000004,5.0185704966577527e-05,-3.262746071844633e-09,9.981664113089876e-06,-2.910357560456577e-08,0.01326805204226712,0.0019251374672232407,0.000802120170937787,0.013454893266067402
928.5714285714286,3.5000000000000004,4.862212861097467e-05,-4.091770383990642e-09,8.870086750285842e-06,-4.056712056485215e-08,0.017174385496108644,0.0017674528545913839,0.0011551577597731161,0.017342208211818883
928.5714285714286,3.6,4.714725312287467e-05,-3.924307269409872e-09,8.37958731348236e-06,-4.128413621161255e-09,0.016986759175263082,0.0017234102152391116,0.00012182422502867793,0.017074829789253617
928.5714285714286,3.7,4.57561735079095e-05,-3.760075057165004e-09,7.663081762805005e-06,-3.1184992390709627e-09,0.016770682461714984,0.0016253506313153737,9.489408514910424e-05,0.0168497942029327
928.5714285714286,3.8000000000000003,4.444172471057237e-05,-3.604328603752269e-09,7.089666153762629e-06,-2.3704274132981137e-09,0.016551501339391136,0.0015494447219318063,7.431378026639759e-05,0.016624199848716444
928.5714285714286,3.9000000000000004,4.3198172574772874e-05,-3.4492509518363953e-09,6.552840203374403e-06,7.570314113343423e-10,0.016295336671069752,0.0014744792750618723,2.4431641981536308e-05,0.016361946099604334
928.5714285714286,4.0,4.202014884100712e-05,-3.2322570121397395e-09,5.7895817305354815e-06,-2.748723885978977e-08,0.015698285379418773,0.0013402376502186846,0.0009124573724820426,0.01580814845976374
928.5714285714286,4.1,4.090002092454672e-05,-3.86196822630981e-09,5.964011077175484e-06,-1.1810437684225443e-07,0.019270327082070726,0.0014193217400875209,0.004028297523512257,0.020144834125098758
928.5714285714286,4.2,3.9839533118858076e-05,-1.0322085476554964e-09,5.306719915746055e-06,-8.30495823340692e-08,0.005282463021251705,0.001297485868170095,0.002921067038979799,0.0068303111526065345
928.5714285714286,4.3,3.883211251232689e-05,-8.827366331795769e-10,4.842996235271921e-06,1.1260355539788687e-08,0.0046347842180207615,0.0012156257506390018,0.00040338445478028663,0.004825392082509745
928.5714285714286,4.3999999999999995,3.787312186814843e-05,-7.371152511657569e-10,4.561987641331875e-06,1.0472510534576985e-08,0.003968161370707792,0.0011747976986530712,0.00038489938342898275,0.00417405670391121
928.5714285714286,4.5,3.695975110038328e-05,-6.045205601480815e-10,4.2565891072693484e-06,1.0279625446769041e-08,0.0033347894609556494,0.0011239076414371776,0.00038737292135919546,0.003561475073026128
928.5714285714286,4.6,3.608894622369083e-05,-4.955204151017314e-10,3.976621162453386e-06,9.522905282345952e-09,0.0027996800725805255,0.0010759328848435207,0.00036772643292441504,0.003044057414116039
928.5714285714286,4.7,3.525790755862291e-05,-3.8155221016402424e-10,3.452928620943141e-06,8.40277697946692e-09,0.0022065741089296533,0.0009567828884614104,0.00033232861013900964,0.002450568791951188
928.5714285714286,4.8,3.446139817976442e-05,-2.476812586882145e-10,5.751831387667795e-06,7.74013660520811e-09,0.001465369324014848,0.0016313592569565545,0.00031333666020967723,0.002237185733524216
928.5714285714286,4.9,3.3722407114782614e-05,-3.4676025781301715e-10,3.11224687737902e-06,6.9466673301041944e-09,0.0020977480862133056,0.0009031110290837002,0.00028769246750879154,0.002319847080259128
928.5714285714286,5.0,3.3014538518574595e-05,nan,nan,nan,nan,nan,nan,nan
942.8571428571429,0.1,0.0015620424842918506,nan,nan,nan,nan,nan,nan,nan
942.8571428571429,0.2,0.0007831566763345794,9.251233113727275e-08,0.05386736883178149,3.481047505677868e-06,0.023507654120151517,0.34485213669589904,0.00308257819041924,0.34567992502105155
942.8571428571429,0.30000000000000004,0.0005429445566951232,5.6816560769257665e-08,0.013300183933273793,-1.6650597276385283e-05,0.02046994635468552,0.16982788163822926,0.029616758522762153,0.176110286060421
942.8571428571429,0.4,0.000435734276388405,4.0354717392875506e-07,0.009129198106598539,-5.546989015007051e-06,0.15392757335187698,0.1681423635991034,0.013989336246495138,0.22881642277582606
942.8571428571429,0.5,0.0004198159771476722,-3.2170605017427036e-07,-0.006014194269000351,2.0157990369367655e-05,0.15611681706969754,0.13802435555102893,0.0538229361811502,0.2218490482638377
942.8571428571429,0.6,0.00034375573521693595,-1.0478368064562538e-08,0.00212103069539331,1.1891708443811958e-05,0.006220819736450646,0.050522867419293765,0.04039547809356293,0.07651697871241385
942.8571428571429,0.7000000000000001,0.0002889058002401328,-1.2625186946545278e-09,0.0014712870437947308,3.605946810337223e-08,0.000890941568345645,0.04280036354495256,0.0001500914666217354,0.042810161776790985
942.8571428571429,0.8,0.00024876873570127693,6.430112341429395e-09,0.001068580444383752,-4.507511623401039e-08,0.005252232091977947,0.036987157872758844,0.0002226620995368025,0.03735953621598547
942.8571428571429,0.9,0.00021931747560625857,-5.819569130797435e-10,0.0004975473374075288,1.4798476499353548e-07,0.0005409589332038568,0.020000396593444398,0.0008461364333722624,0.020043462629751256
942.8571428571429,1.0,0.0001948416888853155,-2.5407274837010816e-09,0.00046109581762485195,-3.5383568048585885e-08,0.002661215964440856,0.021024125704084747,0.00023023594627048262,0.02119438485100386
942.8571428571429,1.1,0.00017497686034062096,1.64265175673758e-10,0.0002506502573565113,7.704068691462522e-08,0.00019136285934599477,0.012864303260276346,0.0005656064000257546,0.01289056784303135
942.8571428571429,1.2000000000000002,0.00015761853436949152,1.095130166924792e-08,0.00037242406657193476,-4.040281155085565e-08,0.014060393687399659,0.02128418956923508,0.00032947447677779445,0.02551330051415339
942.8571428571429,1.3000000000000003,0.00014398444906408143,4.0473885332116277e-10,0.00021422147998537735,-4.2038100374499194e-08,0.000573212957100589,0.013591135131557339,0.000377809489037235,0.013613706595870695
942.8571428571429,1.4000000000000001,0.00013249257855852512,8.276747746182189e-11,0.0001886060276873433,4.1479760604914655e-08,0.0001273863372686557,0.013099055412810775,0.0004112210930268776,0.013112577380572839
942.8571428571429,1.5000000000000002,0.00012288676832984224,-1.3456459901510433e-09,0.00015872802271817607,9.772293183103952e-08,0.0022337524695375996,0.011980144431113336,0.001052828564359348,0.012277231229286313
942.8571428571429,1.6,0.00011486823832834112,-3.155271168119562e-09,3.5944902573268064e-05,-5.6097046936693804e-08,0.00560313786364799,0.00292504254622335,0.0006518418858453176,0.00638755223106217
942.8571428571429,1.7000000000000002,0.0001072091573525727,2.1995066558089412e-10,0.0001292492722906814,-5.390419699532625e-08,0.0004184816459175245,0.011251959129140062,0.0006700623869416528,0.011299543280000131
942.8571428571429,1.8000000000000003,0.00010084256909971109,-1.495253663734855e-09,4.125680996202251e-05,-6.56748149933368e-08,0.003023919747863085,0.003848254289168935,0.0008746776565012365,0.005048096049124704
942.8571428571429,1.9000000000000001,9.48885489464697e-05,-1.7848541428003171e-09,2.0635150757324286e-05,2.9902994618223756e-08,0.003838776665409429,0.002046273804956384,0.0004233193383676431,0.004391109346875189
942.8571428571429,2.0,8.914088030080156e-05,8.06734837565844e-09,0.00010932166462839857,7.33590801962865e-08,0.018238014739325195,0.011521059795115127,0.001104749302168196,0.02162870644480949
942.8571428571429,2.1,8.448642830141741e-05,4.546662369498387e-11,4.545517396539299e-05,-9.067092513520848e-08,0.00010975089174504217,0.0050992511866616895,0.0014348709320941553,0.005489272912367082
942.8571428571429,2.2,8.028652804168718e-05,4.633148257444529e-11,3.93050444022868e-05,-3.3024263288997457e-09,0.00011769094397233656,0.004652231748046023,5.5801584446950725e-05,0.004654389221957489
942.8571428571429,2.3000000000000003,7.647967822597982e-05,3.8088605696710316e-11,3.391437723691028e-05,-3.59539556072084e-09,0.0001015728354072505,0.00422416787275954,6.393101014427775e-05,0.004226356067141369
942.8571428571429,2.4000000000000004,7.301197218264157e-05,3.5416902238784626e-11,7.547015178989196e-05,-5.4046509931898765e-09,9.893828581522763e-05,0.00986800069515134,0.00010089001710782649,0.009869528058372974
942.8571428571429,2.5000000000000004,7.029896765720223e-05,9.912222426924624e-11,-2.530799828353089e-05,-1.0287107381095928e-07,0.00028759632303878733,0.003466280601244711,0.0020116161893395843,0.004493441024205953
942.8571428571429,2.6,6.733288314892759e-05,-2.6497013901556562e-09,2.3490575500067662e-05,-9.13818634041306e-08,0.008031074275402748,0.003341524958746819,0.0018559673847967,0.009085877664475894
942.8571428571429,2.7,6.460170439565362e-05,-2.413277419488949e-09,1.6001657701257464e-05,2.4181402667097704e-08,0.007623724488718076,0.0023764997060744942,0.0005131671150027186,0.008018454147071757
942.8571428571429,2.8000000000000003,6.203054221939223e-05,-1.9923169655929673e-09,2.3694108627703773e-05,2.163748723781949e-08,0.006554759712764428,0.0036677219044545686,0.0004785873651817039,0.007541561548692591
942.8571428571429,2.9000000000000004,5.969632112940788e-05,-1.8158959288213784e-09,1.6778161938988482e-05,5.081801380364042e-08,0.006207937086752089,0.0027048227113099827,0.0011706834892578134,0.006971050741224883
942.8571428571429,3.0000000000000004,5.7529881658813425e-05,-5.240063154942393e-10,1.4964368735673381e-05,4.154550657865961e-08,0.0018588611918376229,0.002506748900528406,0.0009944640393142218,0.0034230209511188613
942.8571428571429,3.1,5.55130858755757e-05,-6.139030142481269e-10,1.095362033354442e-05,-7.360725907313603e-09,0.0022568792107720997,0.001903987982889646,0.00018282238772213315,0.0029640381343546043
942.8571428571429,3.2,5.3605826295673424e-05,-4.429201987543932e-10,1.3473468262466896e-05,-4.2945437542692776e-09,0.0016857283553168905,0.002427079678594281,0.00011053801875772995,0.0029591946812175906
942.8571428571429,3.3000000000000003,5.1833301398395814e-05,-4.69052322588899e-10,1.0815400906830176e-05,-1.0731835621629151e-09,0.001846222355910382,0.002017579366685949,2.8591316819597834e-05,0.0027351048270834364
942.8571428571429,3.4000000000000004,5.0168930510186506e-05,-4.656368923296219e-10,-9.272902648009235e-06,-2.8124578799926703e-11,0.001893526000549621,0.0017889855359080453,7.749020000812965e-07,0.002604978150271487
942.8571428571429,3.5000000000000004,4.8411830595497106e-05,1.436274404713243e-09,2.9233568226971067e-05,-4.825904869749426e-08,0.006028473738714957,0.005827026394560149,0.001373727801277094,0.00860645039289019
942.8571428571429,3.6,4.694706636307742e-05,-1.944968247836166e-11,8.562435620615713e-06,-4.146806711093288e-08,8.418990910080961e-05,0.001768665946999353,0.0012183772608299575,0.0024706585098480407
942.8571428571429,3.7,4.5567926486863885e-05,5.906878017399875e-11,7.649222654962399e-06,1.3705921035781894e-08,0.000263458505651715,0.00162932921000966,0.00041529221528442456,0.0017518730852840417
942.8571428571429,3.8000000000000003,4.4265278837199977e-05,1.3165541955991547e-10,7.223846188060804e-06,1.3132414242115207e-08,0.000604577188360547,0.001585291836823706,0.00041001225268995226,0.001793009726492749
942.8571428571429,3.9000000000000004,4.3034869649416676e-05,1.823242411969629e-10,7.93719418309285e-06,1.249983751854268e-08,0.0008613565481572298,0.0017930970710213928,0.0004018050797323628,0.0020688225765773866
942.8571428571429,4.0,4.1883832403464305e-05,8.838239894921971e-11,-1.1672613409156617e-05,1.2346730580676088e-08,0.0004292517940285961,0.0027123617439177806,0.0004083086272525201,0.0028061709147382927
942.8571428571429,4.1,4.061606902342037e-05,1.7103926600034224e-09,2.419647025205784e-05,1.1610776273801862e-08,0.00853446327509865,0.005777043041089168,0.0003947349951340825,0.010320994192681796
942.8571428571429,4.2,3.959027034589701e-05,1.5203582217145556e-09,5.040764566120584e-06,1.0251918500335758e-08,0.007788173299604784,0.0012410764230319626,0.0003580828940073413,0.00790268060536702
942.8571428571429,4.3,3.8614879314034854e-05,1.3436030902365303e-09,4.665481828035447e-06,9.536631869934598e-09,0.007061287541493535,0.001178441517896571,0.0003419658501907358,0.007175262186160694
942.8571428571429,4.3999999999999995,3.7686143100453055e-05,1.1770006624689015e-09,4.34218690975027e-06,8.933789986898606e-09,0.00634234002854677,0.0011244854281266838,0.00032865987190600315,0.006458001172079364
942.8571428571429,4.5,3.680082875596876e-05,1.0223028418700402e-09,4.0475937222581755e-06,8.262519507815733e-09,0.005644876570409,0.0010740270532511769,0.0003116616406213539,0.005763022779994667
942.8571428571429,4.6,3.5955990348707044e-05,8.789268601141834e-10,3.7793446017113475e-06,7.624711897133193e-09,0.004970298314695058,0.0010269726877002391,0.0002947110097616477,0.005092371490464168
942.8571428571429,4.7,3.514894538746244e-05,7.461850771000257e-10,3.583952262795861e-06,7.4878878834262e-09,0.00431910681434299,0.0009967608256755299,0.0002964060691688123,0.004452407094256502
942.8571428571429,4.8,3.43777399488458e-05,6.054708090115264e-10,3.2575308627359307e-06,3.415958622192282e-09,0.0035856197877484567,0.0009267791186411771,0.0001384069908497064,0.003708625323118358
942.8571428571429,4.9,3.363910981885652e-05,5.903161412245753e-10,3.0545262295233367e-06,-8.192943705069068e-10,0.0035724816876952902,0.0008885186268988255,3.396323396950407e-05,0.0036816297697877904
942.8571428571429,5.0,3.293102495116247e-05,nan,nan,nan,nan,nan,nan,nan
957.1428571428572,0.1,0.0015579267707117803,nan,nan,nan,nan,nan,nan,nan
957.1428571428572,0.2,0.0007820478795431932,-9.281610912362318e-08,0.05248645905978126,-3.2815398702274015e-06,0.024186811731093865,0.3368993976257397,0.0030011437892805554,0.3377931611362041
957.1428571428572,0.30000000000000004,0.0005310335789724187,-1.5883540967103336e-08,0.013877131538442491,-8.352666938709711e-07,0.005970294633045621,0.17744606054744821,0.0015236263319443539,0.17755954408651994
957.1428571428572,0.4,0.00041879059378606924,3.897830439529509e-08,0.004688409456364333,-9.446784687659118e-06,0.018255979458336413,0.08828838028353467,0.02485595726164335,0.09676650299488204
957.1428571428572,0.5,0.0003534317031633631,2.5344479114216695e-07,0.005408599398710409,4.2753499596989555e-06,0.12320499833076512,0.12914806299286857,0.014016897752899524,0.17958741780460086
957.1428571428572,0.6,0.0003421588065277611,8.289914917888781e-09,-0.004168975425813638,1.4239003921110216e-05,0.004921574239132453,0.117957030693612,0.04845321588572936,0.13650461985728984
957.1428571428572,0.7000000000000001,0.0002891961556340227,-1.274466973097585e-09,0.0012766684467010296,3.217185122485722e-07,0.0008992792030359044,0.03731216097158812,0.001336989692261501,0.03737085953425668
957.1428571428572,0.8,0.00024900018920729456,-6.201122520375475e-10,0.0010744267252951677,7.478734432432678e-09,0.0005080326589642608,0.03715217869821387,3.693959386517734e-05,0.03715568877404617
957.1428571428572,0.9,0.00021954849003351812,-4.835209360119622e-10,0.0004483773326967787,-8.071033498996778e-08,0.0004491868658597061,0.018007108112014374,0.0004628587835393516,0.018024599521355083
957.1428571428572,1.0,0.0001945805641867095,1.947264773555099e-09,0.0005570285630366677,-8.592627376208376e-08,0.0020396095746677153,0.02537155062882132,0.0005587734782939585,0.02546566402291543
957.1428571428572,1.1,0.00017518292397026756,-2.6449387847434053e-09,0.0003168979834055669,2.819333959488118e-07,0.0030812559422141537,0.016286209505564385,0.002067124322914565,0.016830946621427322
957.1428571428572,1.2000000000000002,0.00015895426358788128,-5.807768526436675e-09,0.00013740110141741957,6.700674045779712e-08,0.007449551334641335,0.007843293073515523,0.0005470661363643623,0.010844889305088657
957.1428571428572,1.3000000000000003,0.0001440996142196692,1.220549938514696e-10,0.0003354199966042241,-2.2016361301458489e-07,0.00017269298532010527,0.021101667173512462,0.0019768075996737136,0.021286749797494394
957.1428571428572,1.4000000000000001,0.00013259916481749937,7.325131142702096e-11,0.00018431209735153193,1.207438162699365e-07,0.00011263689231252766,0.012790603108108381,0.00119586479854979,0.01290241838460847
957.1428571428572,1.5000000000000002,0.00012294183638884485,4.091833395944289e-09,0.0001639112897093179,-9.83222845810328e-09,0.006743557606422344,0.012361411924042998,0.00010583157427722419,0.014081991144409837
957.1428571428572,1.6,0.0001149236208572835,2.9974546891247055e-10,3.582975696801585e-05,-1.3589144255362918e-07,0.0005317494012940071,0.0029143665021150503,0.0015676939349289576,0.003700218653222121
957.1428571428572,1.7000000000000002,0.0001072637028954023,2.919936629380927e-10,0.000130954424498088,2.602446154625574e-09,0.0005549612845804769,0.011394909377308271,3.231723344309501e-05,0.011408506937877805
957.1428571428572,1.8000000000000003,0.00010091332917850199,2.2191397272641585e-10,-1.2075220077331311e-06,-2.2463437012621593e-08,0.00044827125375163784,0.00011257508133116016,0.00029885705102723845,0.0006262997204008456
957.1428571428572,1.9000000000000001,9.455088024152435e-05,3.5067170547793304e-09,0.00020844219208318384,5.789234389308659e-08,0.007538871539065153,0.020655565897987362,0.0008186069260315677,0.022018792456611213
957.1428571428572,2.0,9.027285322537854e-05,-8.556986286970718e-09,-0.00014497018156187143,6.707965413564017e-08,0.019344948892607856,0.015332504699221641,0.0010094724531795295,0.02472550944423027
957.1428571428572,2.1,8.454512439361402e-05,1.5005723585859321e-09,0.00015235745067748813,-3.260521138298531e-08,0.003606631037386904,0.016877438258997634,0.0005195142919870437,0.017274128048190368
957.1428571428572,2.2,8.034097006862438e-05,1.0898705911755254e-09,3.913702117654219e-05,-3.2159808258067265e-08,0.002758974742392827,0.0046291281084800615,0.0005410735001841661,0.005443003742336105
957.1428571428572,2.3000000000000003,7.652818595540016e-05,6.999436825675147e-10,3.3962607597059204e-05,-1.883940847265171e-08,0.001861920062907176,0.004227308628219148,0.0003338397860348131,0.004643251292397586
957.1428571428572,2.4000000000000004,7.305502791814654e-05,6.739528099771215e-10,7.563915660116205e-05,-1.248060779414314e-07,0.00187806671561362,0.009883829814709548,0.002323976376894371,0.010583900925233725
957.1428571428572,2.5000000000000004,7.033826144690453e-05,-2.704329890555787e-09,-8.13465107464797e-05,-1.1434614161205145e-07,0.00784642736320272,0.01113496402158976,0.0022304941178212154,0.013982276429372466
957.1428571428572,2.6,6.680802986819773e-05,3.0377692039409805e-09,8.457415469799043e-05,1.4325625117926418e-08,0.009207282827801184,0.012023918839937777,0.00029111634810469634,0.015149857385361778
957.1428571428572,2.7,6.412353983647084e-05,2.7678794318200078e-09,2.028088991471501e-05,2.106218709106148e-08,0.008743938859152738,0.0030356964506701037,0.00044686692882236416,0.00927746192756201
957.1428571428572,2.8000000000000003,6.164185870389109e-05,2.2930467432492775e-09,1.807576859878866e-05,1.904332802290915e-08,0.007544166250505525,0.0028188974976874107,0.0004211151172084549,0.008075599259597884
957.1428571428572,2.9000000000000004,5.934093525729923e-05,2.0978614831349475e-09,3.962082751151864e-05,8.61603285567584e-09,0.007171882428567983,0.006427584817298447,0.0001984283535958392,0.009634754370288285
957.1428571428572,3.0000000000000004,5.7436220085822556e-05,-3.5691937339245973e-10,-1.324511252894731e-05,3.667499929412421e-08,0.001266136594534115,0.0022320363626756453,0.0008776563637964807,0.002850552505418852
957.1428571428572,3.1,5.539905378905641e-05,7.594943645947045e-10,1.3752067848770693e-05,3.9350011913036175e-08,0.0027921137416985473,0.002394319791278401,0.0009771322504414871,0.003929152743174411
957.1428571428572,3.2,5.349940817077797e-05,8.69895168837489e-10,1.2201731718716365e-05,1.0547834341338007e-08,0.0033117599067341206,0.0022025162677285133,0.00027143752748880553,0.003995771296272949
957.1428571428572,3.3000000000000003,5.1721779869686694e-05,1.030230259612481e-09,1.1297654798994196e-05,7.950511942503046e-09,0.004056293304072834,0.002111734537871975,0.00021187760712668052,0.004582872720020809
957.1428571428572,3.4000000000000004,5.005712811658536e-05,1.1452753365433648e-09,1.0217344198719926e-05,4.156277285130418e-08,0.004657912723400809,0.0019754432706033287,0.0011455066180564562,0.005312522741430233
957.1428571428572,3.5000000000000004,4.8494649805471225e-05,2.8944866035325466e-10,-1.8926121403169525e-05,-1.825384349059948e-08,0.0012145427073329824,0.003780904361730405,0.000519677364848481,0.004038623640246693
957.1428571428572,3.6,4.6742910280325395e-05,1.5392338724851588e-09,4.005635637354423e-05,-5.36027291393063e-08,0.006691139320660915,0.008259953733911701,0.001574440268021449,0.010860750683538931
957.1428571428572,3.7,4.539173431891501e-05,1.326883748098043e-09,7.514305929437268e-06,6.07666984206184e-09,0.0059426140825329056,0.0016075819593544059,0.0001849094648448264,0.006161766379078207
957.1428571428572,3.8000000000000003,4.411570141679899e-05,1.1745097370227201e-09,6.9107238193208305e-06,6.93410188215312e-09,0.00541498598890733,0.0015224630481768333,0.00021738667074313608,0.00563333657101723
957.1428571428572,3.9000000000000004,4.2908775752876185e-05,1.0300755409961403e-09,6.370310124346187e-06,3.4492816473674853e-09,0.004884864294350821,0.0014440006437074153,0.00011131851735640555,0.005096255552644886
957.1428571428572,4.0,4.176555319019684e-05,9.643671932405102e-10,5.884622130782789e-06,3.1565305464918603e-08,0.004698940378180263,0.001371426247319196,0.0010478315349544342,0.005114367261042056
957.1428571428572,4.1,4.0681176848825324e-05,4.012721894847156e-11,5.448425358714334e-06,2.9599299342877553e-08,0.0002009405979918947,0.0013045260849060614,0.0010095712574637857,0.001944385167068422
957.1428571428572,4.2,3.965128476104095e-05,3.607001640929402e-11,5.04581547794086e-06,-3.085352554956586e-09,0.00018532957643025937,0.0012403317378677455,0.00010815123065055775,0.0012633935448799402
957.1428571428572,4.3,3.8671850828035985e-05,3.347319916717789e-11,4.6951654557050254e-06,-2.919856963733711e-09,0.0001763560053855318,0.001184114331729857,0.00010501661372418891,0.0012063520089757294
957.1428571428572,4.3999999999999995,3.773936854958807e-05,3.0645888312235126e-11,4.365337344878203e-06,-2.738350098233357e-09,0.00016546173252614057,0.0011288152109113587,0.0001009903886335225,0.0011497823631053431
957.1428571428572,4.5,3.685053964458894e-05,2.7953525149972744e-11,4.069656272818523e-06,-2.5727696614538627e-09,0.0001545767071830551,0.0010783583375199171,9.723537620001873e-05,0.00109802554581931
957.1428571428572,4.6,3.600240730231799e-05,2.533159392740435e-11,3.7990925050856172e-06,-2.4203547741262227e-09,0.00014338808207649923,0.0010309462335495185,9.36881228519075e-05,0.0010492688917901566
957.1428571428572,4.7,3.51922658850979e-05,2.280942312472343e-11,3.5522721276211996e-06,-2.3690450682341972e-09,0.0001320928611891184,0.000986676279114394,9.38689372497725e-05,0.001004291470891273
957.1428571428572,4.8,3.441764718915402e-05,2.2793522383570113e-11,3.325671160284642e-06,-2.235357202434937e-09,0.0001349808900561542,0.0009450005780085027,9.061707037671535e-05,0.0009631556675865397
957.1428571428572,4.9,3.367628520481299e-05,2.044151591061154e-11,3.1182625375054947e-06,-1.9452949142939237e-09,0.00012372570826655913,0.000906006886632317,8.063885176415808e-05,0.0009214997440796875
957.1428571428572,5.0,3.296610584584701e-05,nan,nan,nan,nan,nan,nan,nan
971.4285714285714,0.1,0.0015537306462748627,nan,nan,nan,nan,nan,nan,nan
971.4285714285714,0.2,0.0007619970196653533,7.426683288746167e-08,0.05456176692209921,-1.4431257552376863e-06,0.01938052247708718,0.35116618863709387,0.0013233023916947148,0.35170555718075824
971.4285714285714,0.30000000000000004,0.000515881062276836,6.791728005427435e-08,0.014003656229445452,-8.36237660105079e-07,0.02610130497896705,0.1837757349181687,0.0015275602171817672,0.18563260959958597
971.4285714285714,0.4,0.0004098016671827733,-5.7554767686011074e-08,0.0035048583854050907,-1.1235867892864796e-06,0.028047122190927046,0.06793927208601987,0.0030226412194139956,0.07362512121995883
971.4285714285714,0.5,0.0003387708559427615,3.1638489099437845e-08,0.007451365250683421,-4.6436970476591704e-06,0.018268973757300067,0.1818285733659566,0.015840501252079586,0.1841119997563392
971.4285714285714,0.6,0.00034225369720958395,-2.765996944146325e-07,-0.0056510122749125966,3.228438285178236e-06,0.16493296548059977,0.16511179633662568,0.013049351973328722,0.23410544539924677
971.4285714285714,0.7000000000000001,0.0002892264157272804,-2.1938090591393275e-08,0.0012905954947511323,9.859917324182296e-06,0.015479780205843768,0.03770873785362844,0.041166838054949896,0.07107031459491259
971.4285714285714,0.8,0.0002491050891924882,-6.20100510561695e-10,0.0010697064061038423,5.686615309350823e-07,0.0005080230396523089,0.03698508669804553,0.0028090747397403284,0.03720129738675328
971.4285714285714,0.9,0.00021968082671873442,-7.015918326404831e-09,0.00044602762173178107,3.071423802996711e-08,0.006517728870560206,0.017905199093990697,0.00017615576227353623,0.0190562064937055
971.4285714285714,1.0,0.00019471684046229841,-6.758949159642809e-11,0.0005096349968593905,1.7303298954419977e-07,7.079563604176304e-05,0.023198883783876842,0.0011259015492450179,0.023253570251406366
971.4285714285714,1.1,0.00017484920417445632,2.3963588949025564e-09,0.0004123166036710558,-4.238175060323033e-08,0.0027916695566595397,0.02117518971097365,0.00031074506461805415,0.021362939947480845
971.4285714285714,1.2000000000000002,0.00015910473392332478,-1.393380295061841e-09,8.79424885482391e-05,8.244711438203869e-08,0.0017872713055782725,0.00502961903449639,0.000672334890324876,0.005421759378781779
971.4285714285714,1.3000000000000003,0.00014423968855767564,6.169558618644556e-11,0.000334605713167712,3.06486550686557e-07,8.719946466901202e-05,0.021030531582357827,0.0027542027643678354,0.02138836431608765
971.4285714285714,1.4000000000000001,0.0001327207003237036,7.471804450706447e-09,0.00026302603981044934,1.0066841745719404e-07,0.011348448545848752,0.018235344407671533,0.0009959808890333168,0.021524382126481896
971.4285714285714,1.5000000000000002,0.00012383197248783608,-4.470193982663163e-09,9.693127893333038e-06,-2.574565083412558e-07,0.007367115841972074,0.000730340321418713,0.0027372402073502673,0.008354206169325471
971.4285714285714,1.6,0.00011504017593090188,3.1183045649278804e-10,0.00011294596077209904,-7.388604583147943e-08,0.0005523230722313799,0.00912090460185423,0.0008525292303075409,0.009216809301992871
971.4285714285714,1.7000000000000002,0.00010737783898168866,1.0657968585632274e-09,0.00013138757906799866,-2.14326111949675e-08,0.0020194095600527284,0.011421016875610115,0.0002657344011871154,0.011604260897969846
971.4285714285714,1.8000000000000003,0.00010102937782315542,-2.833196531097638e-10,2.479514137484974e-05,2.2397142678136957e-08,0.0005719824574214406,0.002309148853245045,0.0002970575731678057,0.0024157439354355148
971.4285714285714,1.9000000000000001,9.492886807837068e-05,-8.928303019367699e-10,8.301440843347313e-05,-1.0362131215635306e-07,0.0019154895606416293,0.00821685832597958,0.0014643777966869096,0.008687615649244978
971.4285714285714,2.0,8.965850241792068e-05,3.973198237203056e-09,5.219229851942321e-05,-1.4755735784468873e-09,0.008982288186662812,0.005498042858399478,2.2160001128318076e-05,0.01053142718117349
971.4285714285714,2.1,8.49100597426649e-05,-8.062319817378108e-10,4.562175977801098e-05,1.561854766919786e-07,0.0019332188204395238,0.0050883919034646116,0.0024716412696396605,0.006468932547377326
971.4285714285714,2.2,8.061783466518924e-05,-3.875193748441936e-10,3.9392974661050556e-05,-3.131726377064802e-08,0.0009785929117718409,0.0046393766275089204,0.0005256574728890143,0.004799384453912216
971.4285714285714,2.3000000000000003,7.671953933432408e-05,1.798793992834548e-11,4.1438103998383986e-05,-2.8150688611341144e-08,4.772838811046527e-05,0.005140066608149295,0.0004976175718528017,0.005188237584274296
971.4285714285714,2.4000000000000004,7.323562504344276e-05,-2.3231743752909408e-10,7.394042474829889e-06,-9.883544786135513e-08,0.0006462108579379946,0.0009637756611921964,0.0018357186222394807,0.0028436205299049748
971.4285714285714,2.5000000000000004,6.982565117730974e-05,4.149439155293784e-09,4.8745217505462576e-05,1.5534130476378655e-08,0.01203931260152238,0.006655943398659782,0.000302466604421073,0.013763342709419044
971.4285714285714,2.6,6.690312948623134e-05,1.0405137869830927e-09,2.29640835567758e-05,1.3160437414795847e-07,0.003159469179669583,0.003288774708088669,0.0026728873434654896,0.0059234228347773464
971.4285714285714,2.7,6.42102486307207e-05,1.961034805758889e-09,2.0377613629197932e-05,6.306295281138821e-08,0.006185914985899566,0.0030458386305220065,0.001340412984386945,0.007150950364349009
971.4285714285714,2.8000000000000003,6.172114391150205e-05,2.961257687843945e-09,1.8164518946533404e-05,-1.0681595134748448e-07,0.009684168831967493,0.0028289127255991947,0.0023585918748773847,0.010625995691679106
971.4285714285714,2.9000000000000004,5.941368438174873e-05,-8.930070679270421e-10,1.6349297238882676e-05,-1.807237972307901e-07,0.003067413547732412,0.0026488973150473162,0.0041371334891427535,0.0071174033096664
971.4285714285714,3.0000000000000004,5.7269717824384247e-05,3.0970856206459877e-10,3.142692854346396e-05,-3.293754075584532e-08,0.0011004524479210425,0.005289510130618662,0.0007929371090493514,0.0055179173181435
971.4285714285714,3.1,5.54400205524544e-05,-1.5037910707859476e-09,-3.980360834867897e-06,1.4598557191385653e-08,0.005535642552742602,0.000695020158310112,0.0003630998291812612,0.005602684576530698
971.4285714285714,3.2,5.357051967217588e-05,-1.610146712371565e-09,1.1949062247051699e-05,1.295460083951166e-08,0.00613399630771961,0.002155313459118604,0.0003340593631498017,0.006518778883072483
971.4285714285714,3.3000000000000003,5.1820509414367875e-05,-1.7071375038548618e-09,1.0855622694339683e-05,1.1667300090612666e-08,0.006723118180180885,0.0020264172833809584,0.0003115468400101315,0.00703568105716173
971.4285714285714,3.4000000000000004,5.0179055383503266e-05,-1.7814568119303714e-09,9.893881798081893e-06,1.0122741591922053e-08,0.007245306072445339,0.0019092598490239262,0.000279593228490323,0.007503071237922738
971.4285714285714,3.5000000000000004,4.863654017061948e-05,-1.8466767798583356e-09,-2.4114139843064988e-05,7.170461586182692e-08,0.007748758667740289,0.004805618531231398,0.0020463652105314417,0.009566214063480998
971.4285714285714,3.6,4.685288355930504e-05,3.4342151399577546e-10,4.1710780462819316e-05,6.261740741687341e-08,0.001490147522147532,0.008576017191291932,0.00184460429193304,0.009087009436042903
971.4285714285714,3.7,4.548633475261879e-05,3.700519559699103e-10,8.603391516397709e-06,-8.519333407330756e-09,0.001654110151503643,0.0018362565679672167,0.0002587649327411432,0.0024983668981042803
971.4285714285714,3.8000000000000003,4.420581986109652e-05,2.994575584752213e-10,6.759638492391939e-06,-7.871258112967018e-09,0.001377769363843506,0.0014860811558360981,0.00024628837701849596,0.0020562104831426432
971.4285714285714,3.9000000000000004,4.299290135449817e-05,2.5231008320844885e-10,6.410076030312783e-06,-7.283178146598372e-09,0.0011939165808835138,0.0014500525158122886,0.00023456338323948696,0.001907388020890253
971.4285714285714,4.0,4.184408360820295e-05,2.090912280263869e-10,5.920804067938367e-06,-6.642706018550472e-09,0.001016832805300537,0.0013771585265014684,0.00022003027899804466,0.0017399256330093453
971.4285714285714,4.1,4.075447390258711e-05,1.724340837189826e-10,5.479620705225112e-06,-6.165786867770075e-09,0.0008611864623815558,0.0013095329692322164,0.00020989412572554493,0.0015951895838813596
971.4285714285714,4.2,3.9719660404023524e-05,1.3596599095946884e-10,5.080670171333817e-06,-5.831678573678755e-09,0.0006969135977592338,0.0012466533572431406,0.00020387580996795128,0.0014570394118374043
971.4285714285714,4.3,3.8735653607173275e-05,1.0219097497605547e-10,4.720145132092428e-06,-5.627699848886126e-09,0.0005372265216080236,0.0011883649266080552,0.0002019191979394195,0.001335052905058156
971.4285714285714,4.3999999999999995,3.779884826164395e-05,6.557051827226002e-11,4.391241814550634e-06,-5.260547387198993e-09,0.0003533439214820211,0.0011336434022988684,0.00019358597005938132,0.0012185853872551196
971.4285714285714,4.5,3.690595533426013e-05,3.708912490222275e-11,4.093156209903237e-06,-4.718573231730414e-09,0.00020474509455758948,0.001082878552693028,0.00017799087904167896,0.0011304459384119184
971.4285714285714,4.6,3.6053993968975346e-05,1.0802312689347324e-11,3.820876335396366e-06,-3.1985448883388903e-09,6.105480019105853e-05,0.0010353007531685306,0.00012359969779154203,0.0010517267272091254
971.4285714285714,4.7,3.5240241367044523e-05,2.044390372951736e-11,3.5717403610491425e-06,-2.1961844682131774e-09,0.00011821883868913192,0.0009906642698511142,8.689002570272232e-05,0.0010052318849468952
971.4285714285714,4.8,3.446220616872419e-05,1.8180481033770122e-11,3.3461358306536543e-06,-2.485430273079124e-09,0.00010751234815952378,0.00094952125775814,0.00010060567643516978,0.0009661224188493563
971.4285714285714,4.9,3.37176323287104e-05,1.5809764965592012e-11,3.1316711405433347e-06,-2.356734007349005e-09,9.556492405225664e-05,0.0009087262507835178,9.755770744063025e-05,0.0009240947279009471
971.4285714285714,5.0,3.300437520010204e-05,nan,nan,nan,nan,nan,nan,nan
985.7142857142858,0.1,0.0015497288396065186,nan,nan,nan,nan,nan,nan,nan
985.7142857142858,0.2,0.0007571026562951586,-8.050648365727432e-08,0.05501127419962861,-1.449830300282162e-06,0.021561625833063026,0.35497354629856515,0.0013330406709978913,0.3556327829028219
985.7142857142858,0.30000000000000004,0.0005145892149800847,-6.494876560961107e-08,0.011699109595813767,6.599404849527152e-07,0.025693616404351534,0.15452474639387395,0.0012372385941549471,0.15665605858281625
985.7142857142858,0.4,0.00038906686962314853,9.320810497781616e-08,0.006702231896603686,-1.428748625514429e-06,0.04641772780267071,0.130244313357074,0.003956472943612956,0.13838169666731795
985.7142857142858,0.5,0.00033056684323224924,-3.7214506069157164e-08,0.0013832853822580912,-8.136493828191772e-06,0.02241868514880174,0.03555392376631673,0.028363873411277187,0.05810075359893432
985.7142857142858,0.6,0.00028589967066393085,2.1445472185152465e-07,0.004354701637974337,-3.1842857482136943e-06,0.12787668949217024,0.131734374669719,0.013427895465346252,0.18457250591124172
985.7142857142858,0.7000000000000001,0.00028477951447535585,-1.6319419931330023e-07,-0.0034575920233703428,1.1385889933972176e-05,0.1151517870579688,0.12093725100630393,0.04752485416854745,0.1800082672298385
985.7142857142858,0.8,0.0002490834380530774,-1.8797638978429487e-08,0.00049939817065385,7.157331988031013e-06,0.015400138412171749,0.017536309505052788,0.03535209589065561,0.05517452112973226
985.7142857142858,0.9,0.00021838134333733748,6.366401220397383e-09,0.0007160074342494595,3.059581987466046e-07,0.005914332964736318,0.028745686178335346,0.0017546134544398466,0.029452523576598815
985.7142857142858,1.0,0.00019483932296409214,-1.16433190973289e-08,0.0003707234623492682,2.3266535363832939e-07,0.012195626297271443,0.0169759676666429,0.0015130090394813655,0.02101178649493442
985.7142857142858,1.1,0.00017500453721433948,-1.376169806274374e-09,0.00038010894686586364,2.387421516503617e-07,0.0016048211397419049,0.019508841494789826,0.0017515702074541964,0.019730847517090547
985.7142857142858,1.2000000000000002,0.00015897084093324546,-2.4460590307629026e-09,0.0001455209179487051,5.393093682711433e-08,0.003137529024148507,0.008315265436259869,0.0004405571107811379,0.008909315842900169
985.7142857142858,1.3000000000000003,0.0001443923538316385,1.6004053090385424e-10,0.0004553227151040918,1.7508586446956375e-07,0.0002259085409205221,0.028641901397205894,0.0015720629887008037,0.02872894558449738
985.7142857142858,1.4000000000000001,0.00013436709388107244,-1.4990462990607006e-08,-5.3200982993685994e-05,-1.7324500789080254e-07,0.022768060787681503,0.0036844736983592885,0.0017118331658448104,0.023190961257369948
985.7142857142858,1.5000000000000002,0.00012380982410056953,-2.9776458099904474e-09,0.0001967815553125646,9.257565600734149e-08,0.0049073176026901205,0.014645070428235568,0.000994710418514977,0.015509311768581375
985.7142857142858,1.6,0.00011522036987319227,1.970411605367387e-09,0.00010785689851321002,2.1946684981148223e-07,0.0034724998371726415,0.008711497596959586,0.0025318507398406935,0.010038375458143633
985.7142857142858,1.7000000000000002,0.0001077094846309471,-2.9975557321397116e-10,8.890067417375776e-05,-7.927844138896326e-08,0.0005665366909704692,0.007715708105398283,0.0009779990223626538,0.007859139874401597
985.7142857142858,1.8000000000000003,0.00010108760613043952,9.45878469538056e-10,6.589180195837106e-05,-1.6022940064990272e-08,0.0019048606000478965,0.006117548717658522,0.0002119829947678938,0.006414262997311677
985.7142857142858,1.9000000000000001,9.512464564951564e-05,5.83109270478463e-10,6.93323224973711e-05,1.6859247186313074e-08,0.0012468839978236163,0.0068586372901053155,0.00023766436938935795,0.006979154238602717
985.7142857142858,2.0,8.985500839356548e-05,6.281624081989046e-11,5.25086814970305e-05,-1.761316642816974e-08,0.00014233870848587087,0.005519987079951648,0.00026364017067655426,0.00553439517471921
985.7142857142858,2.1,8.511045795258562e-05,4.465835048726372e-11,4.497061634454356e-05,3.191305534930464e-10,0.00010682081893739249,0.0050047979682525875,5.06194594913399e-06,0.005005942931853825
985.7142857142858,2.2,8.08156136750512e-05,5.927616098954141e-11,3.93794323879859e-05,7.108161005578109e-08,0.00014930086486314437,0.004626861767084356,0.001190168691922172,0.0049257632495298955
985.7142857142858,2.3000000000000003,7.691456372139663e-05,2.0876068959611246e-09,3.5529667905219424e-05,6.398884925395092e-08,0.0054947928048114615,0.004396386575505011,0.001128196101604574,0.007215720045597668
985.7142857142858,2.4000000000000004,7.336881044679426e-05,2.483981283902622e-09,3.3680805292993865e-05,2.4152436307654278e-08,0.006849645716771963,0.004378989317939056,0.0004450016114102073,0.008154093865061416
985.7142857142858,2.5000000000000004,7.015986522512183e-05,1.3998164373279528e-09,2.596588532610775e-05,2.3680506515787525e-08,0.00403613744519641,0.003539090407488308,0.00045709746991495217,0.005406795962758134
985.7142857142858,2.6,6.721057885671048e-05,1.4392485884938835e-09,4.358761215201997e-05,-1.736542727312262e-07,0.004331464550209235,0.006212613438204376,0.0035049221154934314,0.009051359508583602
985.7142857142858,2.7,6.469716860981932e-05,-4.95902132575433e-09,2.2100905982645342e-05,-1.6663990455639753e-07,0.015642804627584408,0.003288307638260838,0.003510556769029953,0.016737930618740918
985.7142857142858,2.8000000000000003,6.240476742275462e-05,-6.913175318664974e-09,-8.081790698849743e-05,1.3079062872444697e-08,0.022608082108412034,0.012491722392969052,0.00029098743472431453,0.02583288315960957
985.7142857142858,2.9000000000000004,5.9304187165804956e-05,1.2520809460895878e-09,9.62814483083417e-05,1.3739092891808114e-08,0.004298163034373365,0.015428540524170697,0.0003179992190013223,0.01602236921252915
985.7142857142858,3.0000000000000004,5.716642139193871e-05,1.183334730547126e-09,1.4543556088483742e-05,-2.999840418569956e-08,0.004214265377155691,0.0024523658081380163,0.0007208529341070066,0.004981303908741062
985.7142857142858,3.1,5.5174091178957306e-05,1.9451607729125747e-09,1.3126883772614464e-05,-2.923924356756814e-08,0.007160379493963117,0.00229625774239308,0.0007289176092620585,0.007589893008419308
985.7142857142858,3.2,5.3313029803702044e-05,1.8757315837325827e-09,1.1887512165230313e-05,6.222206737413672e-10,0.007145765364413329,0.002154546076105384,1.6033303521818936e-05,0.007463547787142111
985.7142857142858,3.3000000000000003,5.1570843550099085e-05,1.8032005613399205e-09,1.0876273924537967e-05,4.2132061099107247e-10,0.007101437610667997,0.002040078000553389,1.1235406914350293e-05,0.007388679642215445
985.7142857142858,3.4000000000000004,4.9937420035741506e-05,1.7321542578619844e-09,9.756120216781521e-06,5.108638933619576e-10,0.007044789230281943,0.0018917899233709117,1.4083334382338313e-05,0.007294403409044417
985.7142857142858,3.5000000000000004,4.840155772355174e-05,1.6736072617837116e-09,1.6724745018714494e-05,5.845670832649475e-08,0.007022549326219648,0.003349140785956536,0.0016642318729463027,0.008128485621393835
985.7142857142858,3.6,4.703294286154912e-05,-7.636654790534634e-10,-7.872005883132164e-07,8.241648895107278e-08,0.0033119322127130677,0.00016263951520101018,0.0024207692600181872,0.0047660879360340485
985.7142857142858,3.7,4.565645599366337e-05,1.1252808913048463e-11,7.708296706035215e-06,1.918021002251728e-08,5.011014734121219e-05,0.0016389143942632147,0.0005822770573476569,0.0018348418355860025
985.7142857142858,3.8000000000000003,4.4357052092837973e-05,5.5885692502836375e-11,7.087061782359305e-06,-9.371265826175315e-09,0.000256184251925628,0.0015522584108023881,0.000292119825784251,0.0016265929208237357
985.7142857142858,3.9000000000000004,4.312851880983617e-05,8.699446570467756e-11,6.53001785637551e-06,-8.409680402651684e-09,0.00041019402099263066,0.001472148744850848,0.0002698542883662604,0.0015751583208437657
985.7142857142858,4.0,4.196528570539812e-05,1.1470995978217797e-10,6.090898471923695e-06,-7.84226874262539e-09,0.0005559309565358239,0.001412267019597846,0.0002588436179508092,0.0015612678822631138
985.7142857142858,4.1,4.08629615856793e-05,1.332827089200461e-10,5.514674246590798e-06,-7.324620851381478e-09,0.0006634499662593037,0.001314103825076885,0.00024848656897204994,0.0015134483376482244
985.7142857142858,4.2,3.98157842084264e-05,1.5538784530797672e-10,5.170485615259436e-06,-6.7417731072160066e-09,0.0007939141547358546,0.0012653232694400367,0.00023491272226733176,0.0015302648906128857
985.7142857142858,4.3,3.8820311687326086e-05,1.7804317072393014e-10,4.687054589696523e-06,-6.4143581895303225e-09,0.000933079691676522,0.0011771850493163415,0.00022940757207132672,0.001536768694241392
985.7142857142858,4.3999999999999995,3.787170971212274e-05,2.0375688445714802e-10,4.583249617565068e-06,-6.122786959395194e-09,0.0010946893287777668,0.0011806318440924293,0.0002246159569912637,0.001641079197996005
985.7142857142858,4.5,3.6968940233095045e-05,2.1900231277626923e-10,4.161443517542275e-06,-5.6487020202406314e-09,0.00120545913223041,0.0010988264192916004,0.00021243462215443868,0.0016585560456585998
985.7142857142858,4.6,3.610778518924277e-05,2.324814839617746e-10,4.575892885157021e-06,-5.3112961519398375e-09,0.0013103143553319485,0.0012377668540957058,0.0002046455701047246,0.0018255821300653485
985.7142857142858,4.7,3.529238907424207e-05,1.7649049856814804e-10,3.348249130478774e-06,-4.99899917438281e-09,0.0010180300687902735,0.0009272928574628513,0.00019722784749147434,0.0014050106448404542
985.7142857142858,4.8,3.4510475450546155e-05,1.4662450384460202e-10,3.364410840360812e-06,-4.7154730904749844e-09,0.0008651205662099236,0.0009532964269671127,0.00019039808961585143,0.001315184601797928
985.7142857142858,4.9,3.376220593525385e-05,1.1868343844498923e-10,3.153063580703678e-06,-4.533985538314485e-09,0.0007159442351737473,0.0009136540541790127,0.00018726139378285426,0.0011905769768474706
985.7142857142858,5.0,3.304546705576858e-05,nan,nan,nan,nan,nan,nan,nan
1000.0,0.1,0.0015461768461299907,nan,nan,nan,nan,nan,nan,nan
1000.0,0.2,0.0007357783983010304,nan,nan,nan,nan,nan,nan,nan
1000.0,0.30000000000000004,0.000500042517558923,nan,nan,nan,nan,nan,nan,nan
1000.0,0.4,0.0003873541343038944,nan,nan,nan,nan,nan,nan,nan
1000.0,0.5,0.00031476803336476613,nan,nan,nan,nan,nan,nan,nan
1000.0,0.6,0.000273311913883895,nan,nan,nan,nan,nan,nan,nan
1000.0,0.7000000000000001,0.00024702767458806394,nan,nan,nan,nan,nan,nan,nan
1000.0,0.8,0.0002452255340609259,nan,nan,nan,nan,nan,nan,nan
1000.0,0.9,0.00021838112551112368,nan,nan,nan,nan,nan,nan,nan
1000.0,1.0,0.00019258561789500242,nan,nan,nan,nan,nan,nan,nan
1000.0,1.1,0.00017487901927335032,nan,nan,nan,nan,nan,nan,nan
1000.0,1.2000000000000002,0.00015833775222260228,nan,nan,nan,nan,nan,nan,nan
1000.0,1.3000000000000003,0.00014457768043843886,nan,nan,nan,nan,nan,nan,nan
1000.0,1.4000000000000001,0.0001329542092770929,nan,nan,nan,nan,nan,nan,nan
1000.0,1.5000000000000002,0.00012317999289493758,nan,nan,nan,nan,nan,nan,nan
1000.0,1.6,0.00011580268863290457,nan,nan,nan,nan,nan,nan,nan
1000.0,1.7000000000000002,0.00010797995567342718,nan,nan,nan,nan,nan,nan,nan
1000.0,1.8000000000000003,0.00010133887086007832,nan,nan,nan,nan,nan,nan,nan
1000.0,1.9000000000000001,9.543942511259498e-05,nan,nan,nan,nan,nan,nan,nan
1000.0,2.0,9.006433401019393e-05,nan,nan,nan,nan,nan,nan,nan
1000.0,2.1,8.531997011158537e-05,nan,nan,nan,nan,nan,nan,nan
1000.0,2.2,8.102548986062531e-05,nan,nan,nan,nan,nan,nan,nan
1000.0,2.3000000000000003,7.753563033213472e-05,nan,nan,nan,nan,nan,nan,nan
1000.0,2.4000000000000004,7.400893080604426e-05,nan,nan,nan,nan,nan,nan,nan
1000.0,2.5000000000000004,7.07797560968784e-05,nan,nan,nan,nan,nan,nan,nan
1000.0,2.6,6.781175242892306e-05,nan,nan,nan,nan,nan,nan,nan
1000.0,2.7,6.417204342039665e-05,nan,nan,nan,nan,nan,nan,nan
1000.0,2.8000000000000003,6.167753882815721e-05,nan,nan,nan,nan,nan,nan,nan
1000.0,2.9000000000000004,5.9450216673552935e-05,nan,nan,nan,nan,nan,nan,nan
1000.0,3.0000000000000004,5.7304621843278305e-05,nan,nan,nan,nan,nan,nan,nan
1000.0,3.1,5.5305133391768896e-05,nan,nan,nan,nan,nan,nan,nan
1000.0,3.2,5.3438342299255264e-05,nan,nan,nan,nan,nan,nan,nan
1000.0,3.3000000000000003,5.168917780038946e-05,nan,nan,nan,nan,nan,nan,nan
1000.0,3.4000000000000004,5.004928555693117e-05,nan,nan,nan,nan,nan,nan,nan
1000.0,3.5000000000000004,4.8508127778888846e-05,nan,nan,nan,nan,nan,nan,nan
1000.0,3.6,4.70571520660272e-05,nan,nan,nan,nan,nan,nan,nan
1000.0,3.7,4.582887372632286e-05,nan,nan,nan,nan,nan,nan,nan
1000.0,3.8000000000000003,4.451968956794735e-05,nan,nan,nan,nan,nan,nan,nan
1000.0,3.9000000000000004,4.3281890237766955e-05,nan,nan,nan,nan,nan,nan,nan
1000.0,4.0,4.21098979984672e-05,nan,nan,nan,nan,nan,nan,nan
1000.0,4.1,4.099864982161232e-05,nan,nan,nan,nan,nan,nan,nan
1000.0,4.2,3.9943619817994164e-05,nan,nan,nan,nan,nan,nan,nan
1000.0,4.3,3.8941305108442965e-05,nan,nan,nan,nan,nan,nan,nan
1000.0,4.3999999999999995,3.7986154200245846e-05,nan,nan,nan,nan,nan,nan,nan
1000.0,4.5,3.7076619481476135e-05,nan,nan,nan,nan,nan,nan,nan
1000.0,4.6,3.6209021610318724e-05,nan,nan,nan,nan,nan,nan,nan
1000.0,4.7,3.5380555250535156e-05,nan,nan,nan,nan,nan,nan,nan
1000.0,4.8,3.458866810049967e-05,nan,nan,nan,nan,nan,nan,nan
1000.0,4.9,3.383100065168403e-05,nan,nan,nan,nan,nan,nan,nan
1000.0,5.0,3.3104928643087145e-05,nan,nan,nan,nan,nan,nan,nan
