T1_K,P1_atm,feature_value,d2_dT2,d2_dP2,d2_dTdP,C_T,C_P,C_TP,C_combined
300.0,0.1,1920.62258153982,nan,nan,nan,nan,nan,nan,nan
300.0,0.2,1937.9976387438476,nan,nan,nan,nan,nan,nan,nan
300.0,0.30000000000000004,1947.819051656995,nan,nan,nan,nan,nan,nan,nan
300.0,0.4,1954.6163834610904,nan,nan,nan,nan,nan,nan,nan
300.0,0.5,1959.7839025110939,nan,nan,nan,nan,nan,nan,nan
300.0,0.6,1963.9346480027305,nan,nan,nan,nan,nan,nan,nan
300.0,0.7000000000000001,1967.3920978770213,nan,nan,nan,nan,nan,nan,nan
300.0,0.8,1970.3474046713634,nan,nan,nan,nan,nan,nan,nan
300.0,0.9,1972.9229348984773,nan,nan,nan,nan,nan,nan,nan
300.0,1.0,1975.2015032109978,nan,nan,nan,nan,nan,nan,nan
300.0,1.1,1977.241781105265,nan,nan,nan,nan,nan,nan,nan
300.0,1.2000000000000002,1979.0867609578754,nan,nan,nan,nan,nan,nan,nan
300.0,1.3000000000000003,1980.7689368159631,nan,nan,nan,nan,nan,nan,nan
300.0,1.4000000000000001,1982.313385481907,nan,nan,nan,nan,nan,nan,nan
300.0,1.5000000000000002,1983.739879724588,nan,nan,nan,nan,nan,nan,nan
300.0,1.6,1985.064290109255,nan,nan,nan,nan,nan,nan,nan
300.0,1.7000000000000002,1986.2994891166074,nan,nan,nan,nan,nan,nan,nan
300.0,1.8000000000000003,1987.4561389271514,nan,nan,nan,nan,nan,nan,nan
300.0,1.9000000000000001,1988.5431043106823,nan,nan,nan,nan,nan,nan,nan
300.0,2.0,1989.5678613188618,nan,nan,nan,nan,nan,nan,nan
300.0,2.1,1990.5367290478682,nan,nan,nan,nan,nan,nan,nan
300.0,2.2,1991.4551739244014,nan,nan,nan,nan,nan,nan,nan
300.0,2.3000000000000003,1992.3278793876616,nan,nan,nan,nan,nan,nan,nan
300.0,2.4000000000000004,1993.158929916039,nan,nan,nan,nan,nan,nan,nan
300.0,2.5000000000000004,1993.9518834469877,nan,nan,nan,nan,nan,nan,nan
300.0,2.6,1994.7098779219255,nan,nan,nan,nan,nan,nan,nan
300.0,2.7,1995.4356800521214,nan,nan,nan,nan,nan,nan,nan
300.0,2.8000000000000003,1996.1317436505992,nan,nan,nan,nan,nan,nan,nan
300.0,2.9000000000000004,1996.8002909209308,nan,nan,nan,nan,nan,nan,nan
300.0,3.0000000000000004,1997.4432328235062,nan,nan,nan,nan,nan,nan,nan
300.0,3.1,1998.0623601191162,nan,nan,nan,nan,nan,nan,nan
300.0,3.2,1998.659285031,nan,nan,nan,nan,nan,nan,nan
300.0,3.3000000000000003,1999.2354136659644,nan,nan,nan,nan,nan,nan,nan
300.0,3.4000000000000004,1999.7920699379788,nan,nan,nan,nan,nan,nan,nan
300.0,3.5000000000000004,2000.3304453502506,nan,nan,nan,nan,nan,nan,nan
300.0,3.6,2000.8516094102297,nan,nan,nan,nan,nan,nan,nan
300.0,3.7,2001.3565552503726,nan,nan,nan,nan,nan,nan,nan
300.0,3.8000000000000003,2001.846215261547,nan,nan,nan,nan,nan,nan,nan
300.0,3.9000000000000004,2002.3214169581768,nan,nan,nan,nan,nan,nan,nan
300.0,4.0,2002.7829343266942,nan,nan,nan,nan,nan,nan,nan
300.0,4.1,2003.2314604773155,nan,nan,nan,nan,nan,nan,nan
300.0,4.2,2003.6677139169399,nan,nan,nan,nan,nan,nan,nan
300.0,4.3,2004.0922287955793,nan,nan,nan,nan,nan,nan,nan
300.0,4.3999999999999995,2004.5056547168613,nan,nan,nan,nan,nan,nan,nan
300.0,4.5,2004.9084359214305,nan,nan,nan,nan,nan,nan,nan
300.0,4.6,2005.3011634065706,nan,nan,nan,nan,nan,nan,nan
300.0,4.7,2005.6841763071861,nan,nan,nan,nan,nan,nan,nan
300.0,4.8,2006.0580382031044,nan,nan,nan,nan,nan,nan,nan
300.0,4.9,2006.4230398489308,nan,nan,nan,nan,nan,nan,nan
300.0,5.0,2006.7796128805885,nan,nan,nan,nan,nan,nan,nan
314.2857142857143,0.1,1918.2241621611151,nan,nan,nan,nan,nan,nan,nan
314.2857142857143,0.2,1935.7754216598262,0.00011014574932771679,-762.0657171991751,0.0990313501773358,1.1598943106641388e-05,0.003916653943630104,7.263167349957052e-05,0.003918017785771924
314.2857142857143,0.30000000000000004,1945.7060239865455,0.00010091096021451461,-305.3187188235824,0.0656722407400196,1.057288842905967e-05,0.00156366541222125,4.7997902588604844e-05,0.0015651737618081246
314.2857142857143,0.4,1952.583439125029,9.409556004147828e-05,-164.63861904596794,0.04982469799850835,9.824523973684006e-06,0.0008409306485921052,3.6319381900559376e-05,0.0008425550854490913
314.2857142857143,0.5,1957.8144680730527,8.878882657022597e-05,-102.75401087387762,0.04033857528255568,9.24600343159448e-06,0.0005237159553604873,2.934238986849248e-05,0.0005254387139952616
314.2857142857143,0.6,1962.0179569123377,8.429386039920256e-05,-70.09063473381046,0.03396568601226592,8.759369193060106e-06,0.00035660087660571455,2.4663313754950515e-05,0.00035840963970765996
314.2857142857143,0.7000000000000001,1965.5205394042846,8.064357493044564e-05,-50.77385637055158,0.029383519930820525,8.365324051338931e-06,0.0002579296905701384,2.1304089291314903e-05,0.00025981807551661194
314.2857142857143,0.8,1968.515383332526,7.726885321985728e-05,-38.417533961910515,0.02591445171640886,8.003235206620002e-06,0.0001949014570857458,1.8764364615722057e-05,0.00019686247104713184
314.2857142857143,0.9,1971.1260519211482,7.442836799398274e-05,-30.045358029315132,0.023179982750599504,7.698964104087749e-06,0.00015224894025112613,1.6765003984885897e-05,0.0001542761957435219
314.2857142857143,1.0,1973.4362669294774,7.181480852984814e-05,-24.114454977870988,0.020978050292677616,7.4200446636014764e-06,0.00012206727322617424,1.5156792437645866e-05,0.0001241568885309191
314.2857142857143,1.1,1975.5053373880278,6.950902729031449e-05,-19.76693005394736,0.019165184641718732,7.174396125497582e-06,9.996542221125726e-05,1.3834075262675195e-05,0.00010211425402159683
314.2857142857143,1.2000000000000002,1977.3767385460387,6.734405559759587e-05,-16.482231770805807,0.017642547347378475,6.944457962612994e-06,8.32821520246703e-05,1.272416918461865e-05,8.54865562830343e-05
314.2857142857143,1.3000000000000003,1979.0833173863416,6.542233438210595e-05,-13.944816608068319,0.016346208403439283,6.74056249798468e-06,7.040523794454982e-05,1.178003763766679e-05,7.266272281099578e-05
314.2857142857143,1.4000000000000001,1980.6504480605638,6.36049840582701e-05,-11.945268076556202,0.015228632214314081,6.54821234954636e-06,6.0265775541279356e-05,1.0966754814956844e-05,6.257301502172781e-05
314.2857142857143,1.5000000000000002,1982.0981260540204,6.193959765453208e-05,-10.340744186123628,0.014252429326234058,6.3721732594122105e-06,5.2135339064146085e-05,1.0256903730846361e-05,5.448950650968629e-05
314.2857142857143,1.6,1983.4423966056158,6.044261169165573e-05,-9.03507855407497,0.013393458924394969,6.2140188291680875e-06,4.552373317542344e-05,9.632743125582314e-06,4.792289424151374e-05
314.2857142857143,1.7000000000000002,1984.6963163716705,5.886337635731714e-05,-7.958394941169898,0.012639365984512102,6.047896611913009e-06,4.007509216373289e-05,9.085099674440365e-06,4.251668069768743e-05
314.2857142857143,1.8000000000000003,1985.8706521883134,5.755856420735206e-05,-7.061188406169093,0.011963291534976866,5.910392449185522e-06,3.553739037115528e-05,8.594441046558392e-06,3.802062186630835e-05
314.2857142857143,1.9000000000000001,1986.9743761208947,5.627889887332465e-05,-6.305175778015836,0.011349511802393413,5.775831331534546e-06,3.1715935869908015e-05,8.149301466091053e-06,3.423569839283145e-05
314.2857142857143,2.0,1988.0150482956958,5.514248108886484e-05,-5.6621817875566185,0.010801133914833377,5.65628737171911e-06,2.846749297871612e-05,7.75177422337016e-06,3.102534045816311e-05
314.2857142857143,2.1,1988.9990986526213,5.3952261989252356e-05,-5.111590165984125,0.010303079597639457,5.53150592572036e-06,2.5687260071897106e-05,7.390919631135858e-06,2.827868939316986e-05
314.2857142857143,2.2,1989.932033107887,5.284108463670242e-05,-4.636691932341818,0.009846517166010932,5.415082882616861e-06,2.329037879615107e-05,7.060310323331229e-06,2.5912561255446915e-05
314.2857142857143,2.3000000000000003,1990.8186006438293,5.18085587745191e-05,-4.223223632607186,0.00942928199251583,5.306945392620603e-06,2.1204509841453956e-05,6.758318488440164e-06,2.3856752599609172e-05
314.2857142857143,2.4000000000000004,1991.6629359434455,5.082191000187783e-05,-3.862409347857464,0.009045279712847791,5.203708651656326e-06,1.9385044544530277e-05,6.480511525119092e-06,2.206473645841139e-05
314.2857142857143,2.5000000000000004,1992.4686471495831,4.986041574270536e-05,-3.544969592803681,0.00869200757987301,5.103229989652972e-06,1.7784970870286876e-05,6.225042460043848e-06,2.0490252620281277e-05
314.2857142857143,2.6,1993.2389086597927,4.8955959723616674e-05,-3.2636885767942654,0.00835879571056353,5.008754555776178e-06,1.6367738146941564e-05,5.9842253241981525e-06,1.9094825993142845e-05
314.2857142857143,2.7,1993.9765332842344,4.7829306366043116e-05,-3.0175391883403786,0.00806398128257229,4.891705119550914e-06,1.5127906048220223e-05,5.771148771848796e-06,1.7871615390726223e-05
314.2857142857143,2.8000000000000003,1994.6839825167926,4.7307778039544303e-05,-2.7917901734554103,0.007775973756639591,4.836679046966133e-06,1.3991386301697289e-05,5.563167227371176e-06,1.676454634179157e-05
314.2857142857143,2.9000000000000004,1995.3635138476163,4.63335647415534e-05,-2.5949223509542203,0.00751162040335203,4.735490866105323e-06,1.3000501630036206e-05,5.372311019489721e-06,1.5784846142924624e-05
314.2857142857143,3.0000000000000004,1996.0170959549305,4.5715350070463555e-05,-2.415790789495986,0.00727809583555086,4.670802717381054e-06,1.2099241228283285e-05,5.203681312755829e-06,1.4911895745824296e-05
314.2857142857143,3.1,1996.6465201543497,4.493658436688298e-05,-2.2542357367228756,0.0070365551220334084,4.589812453550636e-06,1.1286678668162997e-05,5.029482352590652e-06,1.4108397470555461e-05
314.2857142857143,3.2,1997.2534019964016,4.425132051062524e-05,-2.1089625629656434,0.006818222805964072,4.518469858519288e-06,1.055621778306639e-05,4.872021687717969e-06,1.3391172256268788e-05
314.2857142857143,3.3000000000000003,1997.839194212824,4.3565808998641895e-05,-1.9762320017434827,0.0066172024131560675,4.447190844819525e-06,9.889045414322168e-06,4.727064601672234e-06,1.2738171184025524e-05
314.2857142857143,3.4000000000000004,1998.4052241092288,4.296837076406069e-05,-1.8583643545980517,0.006420582440210867,4.384983513932786e-06,9.296690122540173e-06,4.585372706891253e-06,1.2153510331348913e-05
314.2857142857143,3.5000000000000004,1998.9526703620877,4.2586360543873574e-05,-1.7402304057213764,0.006237256461190557,4.344829129980991e-06,8.70340310154238e-06,4.4532869560255794e-06,1.1588368959525063e-05
314.2857142857143,3.6,1999.4827143108894,4.169440346256584e-05,-1.6475400958142925,0.006062740426335725,4.252720137323929e-06,8.237715789448117e-06,4.3275935660673235e-06,1.110863277547052e-05
314.2857142857143,3.7,1999.996282858733,4.081764655418288e-05,-1.5525335245001768,0.0059077894495374065,4.16224281874207e-06,7.760749452107262e-06,4.215957823974101e-06,1.0634947018561493e-05
314.2857142857143,3.8000000000000003,2000.4943260713314,4.0454598627638964e-05,-1.4674554761995748,0.0057614607202879165,4.124213175473204e-06,7.333692324832211e-06,4.110557926480889e-06,1.0226707699252941e-05
314.2857142857143,3.9000000000000004,2000.977694729168,3.9946952939499215e-05,-1.3891750972106818,0.005604783245212277,4.071493870246246e-06,6.940853183125168e-06,3.997853721545657e-06,9.83453984703425e-06
314.2857142857143,4.0,2001.4471716360324,3.9348833866142785e-05,-1.316489280020505,0.00546644173485902,4.009607891479348e-06,6.576187567345321e-06,3.898302633740239e-06,9.471891321841314e-06
314.2857142857143,4.1,2001.9034836500966,3.870238397453254e-05,-1.250290004918497,0.005323412882484038,3.942852268906699e-06,6.244121633827828e-06,3.795477410542843e-06,9.129426955748176e-06
314.2857142857143,4.2,2002.3472927641117,3.805732380649265e-05,-1.1907860832707227,0.005205468880944866,3.87629182368369e-06,5.945668333423083e-06,3.7105997462525177e-06,8.826874372460818e-06
314.2857142857143,4.3,2002.779194017294,3.8023433092075764e-05,-1.123192556201502,0.005093170203434741,3.8720195572879345e-06,5.606991976956365e-06,3.629801400837622e-06,8.531225638835185e-06
314.2857142857143,4.3999999999999995,2003.1998633449143,3.7294236866409894e-05,-1.080139618193243,0.0049688024771853655,3.7969804327251847e-06,5.390968117853797e-06,3.5404555768950436e-06,8.279447387244421e-06
314.2857142857143,4.5,2003.6097312763527,3.6714597019545225e-05,-1.0263222486628363,0.004856375100831658,3.7372155095474033e-06,5.121344647619758e-06,3.4596692217981796e-06,8.008343961957456e-06
314.2857142857143,4.6,2004.0093359853045,3.6426023017679695e-05,-0.9794832471698098,0.004752607608128303,3.7071151127631634e-06,4.886667653955144e-06,3.3850989704091036e-06,7.780746320142949e-06
314.2857142857143,4.7,2004.3991458617845,3.578045322049097e-05,-0.9364343667130013,0.004650640331055913,3.64071940964742e-06,4.671009076172727e-06,3.3118542808758915e-06,7.5504914518846645e-06
314.2857142857143,4.8,2004.7795913945974,3.5513947247159234e-05,-0.8952929015094921,0.00454921712708938,3.6129285385217432e-06,4.4649648031719536e-06,3.239038568166064e-06,7.346557357712778e-06
314.2857142857143,4.9,2005.1510839983953,3.502750309110074e-05,-0.8570947191628874,0.004462076923584847,3.562793028498221e-06,4.273691017595064e-06,3.176430318609436e-06,7.151038261382101e-06
314.2857142857143,5.0,2005.5140056550015,nan,nan,nan,nan,nan,nan,nan
328.57142857142856,0.1,1915.8512268428492,nan,nan,nan,nan,nan,nan,nan
328.57142857142856,0.2,1933.5756833001574,9.577390740421391e-05,-768.6549367856513,0.09739295135611319,1.0097088314023353e-05,0.003954772391931927,7.150761005844134e-05,0.003956078019929831
328.57142857142856,0.30000000000000004,1943.613590389609,8.734162046885113e-05,-308.179951457464,0.06457631867092462,9.161106705794116e-06,0.0015799484211154555,4.724606486314639e-05,0.0015813871507481655
328.57142857142856,0.4,1950.569697964486,8.113827875579328e-05,-166.26517356637575,0.04899089050181262,8.480473647037402e-06,0.0008500859236651023,3.5747507014821696e-05,0.0008516300632095944
328.57142857142856,0.5,1955.8631538036993,7.611714420565941e-05,-103.81409923147656,0.03966846957050054,7.93441427453984e-06,0.0005296317589566165,2.888314148396152e-05,0.0005312638014671474
328.57142857142856,0.6,1960.1184686505978,7.217701846052487e-05,-70.83446935137088,0.033412180393793296,7.507578468157806e-06,0.0003607257527255474,2.4284501392854532e-05,0.0003624346926408501
328.57142857142856,0.7000000000000001,1963.6654388039826,6.876423852820616e-05,-51.327780996052745,0.028902886638047687,7.139848088910915e-06,0.00026098440876468597,2.0975115766915526e-05,0.00026276177425922593
328.57142857142856,0.8,1966.699131147407,6.57442934422307e-05,-38.846508415599594,0.025487642015679067,6.81589936096827e-06,0.00019725604742397058,1.8472140393947954e-05,0.00019909506440616258
328.57142857142856,0.9,1969.3443584066752,6.30287738442349e-05,-30.389893461301646,0.022808716321429768,6.5257191734212685e-06,0.0001541315315408216,1.6511240319852592e-05,0.00015602678020022555
328.57142857142856,1.0,1971.6856867313304,6.080287811548722e-05,-24.3935869421648,0.020642706129370945,6.287890236820677e-06,0.00012358798289130077,1.4927613520804826e-05,0.0001255356298810174
328.57142857142856,1.1,1973.783079186564,5.8558477975316306e-05,-20.00118227797429,0.018858842408241126,6.04944444578512e-06,0.00010123692917328595,1.3624719516097002e-05,0.0001032316694155635
328.57142857142856,1.2000000000000002,1975.6804598190179,5.6696048510366447e-05,-16.679099793896054,0.01736153381108921,5.851501092038023e-06,8.434816725892883e-05,1.2532161198475286e-05,8.638844548653191e-05
328.57142857142856,1.3000000000000003,1977.4110494535328,5.477679186742541e-05,-14.114783983563935,0.01608516182238305,5.648542947936347e-06,7.132279171220085e-05,1.1601644614225087e-05,7.340328991650323e-05
328.57142857142856,1.4000000000000001,1979.000491248212,5.3125815780117656e-05,-12.091992522323379,0.014996924691888586,5.473960956133657e-06,6.105620659667925e-05,1.0808838295973195e-05,6.31782128834193e-05
328.57142857142856,1.5000000000000002,1980.469013117668,5.177171796708541e-05,-10.469665827145034,0.014038536674576114,5.330541706838102e-06,5.282819834579695e-05,1.0111235106486077e-05,5.498824752716236e-05
328.57142857142856,1.6,1981.8328383288526,5.029919390030961e-05,-9.150697935319839,0.013184172955055834,5.1754170576747905e-06,4.614328143440448e-05,9.489881468299046e-06,4.8333250085425255e-05
328.57142857142856,1.7000000000000002,1983.105156560684,4.8987932122804585e-05,-8.056269728331243,0.012445159669721312,5.037313308565173e-06,4.060012228625895e-05,8.952647297839915e-06,4.28257427525416e-05
328.57142857142856,1.8000000000000003,1984.296912095232,4.774546457047114e-05,-7.153420910708517,0.011783896778365494,4.906650063327811e-06,3.602981353537479e-05,8.472247280648169e-06,3.828551457414059e-05
328.57142857142856,1.9000000000000001,1985.417133420673,4.654935642167862e-05,-6.386590601505303,0.011180098815913203,4.7810725551638496e-06,3.215039434145397e-05,8.033927987975298e-06,3.443246300979182e-05
328.57142857142856,2.0,1986.473488840099,4.5417984067512464e-05,-5.736533643835172,0.010640113927649969,4.662427655291065e-06,2.8863462033665584e-05,7.642116461532078e-06,3.1171165525737346e-05
328.57142857142856,2.1,1987.4724789230866,4.436743366461547e-05,-5.179281987761896,0.01014804257423521,4.552329010623894e-06,2.6047227603861763e-05,7.2852757964989645e-06,2.8378376488630448e-05
328.57142857142856,2.2,1988.4196761861965,4.337834386435594e-05,-4.697837404933124,0.009700155825191818,4.448756585820379e-06,2.3615293933183145e-05,6.960636925975211e-06,2.5968721099449933e-05
328.57142857142856,2.3000000000000003,1989.3198950752571,4.2413019336413576e-05,-4.280017509790922,0.009290447118053184,4.347818645617373e-06,2.1505709466871256e-05,6.6638119693770365e-06,2.3879108998768764e-05
328.57142857142856,2.4000000000000004,1990.1773137892199,4.1510142014226456e-05,-3.914605595446118,0.008913035732564372,4.253459458947479e-06,1.966154833337134e-05,6.390518720379018e-06,2.2053250537402338e-05
328.57142857142856,2.5000000000000004,1990.995586447228,4.0658330920291565e-05,-3.592869538783815,0.008565093620563862,4.164491404686378e-06,1.803850461403853e-05,6.138676089563211e-06,2.0447428337948667e-05
328.57142857142856,2.6,1991.7779304098485,3.982250143183142e-05,-3.312677318967871,0.008232948466041994,4.0773040668774855e-06,1.6625506573193702e-05,5.898442010306255e-06,1.904245555507414e-05
328.57142857142856,2.7,1992.5271475992793,3.916571745035076e-05,-3.0488757144439655,0.007945223800584248,4.008574538302597e-06,1.5296034227920225e-05,5.6902846839924405e-06,1.774249172186908e-05
328.57142857142856,2.8000000000000003,1993.2458760315656,3.814547362023864e-05,-2.841186001091955,0.007667977122378037,3.902768861120602e-06,1.4249132001469456e-05,5.48985333045695e-06,1.6689707809260536e-05
328.57142857142856,2.9000000000000004,1993.936192603841,3.763755331551697e-05,-2.622042648181377,0.007407224666656023,3.849490720057303e-06,1.3145704745811859e-05,5.301432309993225e-06,1.5615329043691266e-05
328.57142857142856,3.0000000000000004,1994.6002887496345,3.681482096183122e-05,-2.4533974341466087,0.007174333910279532,3.7641104291875735e-06,1.229625316983328e-05,5.133131147552434e-06,1.4767005115990838e-05
328.57142857142856,3.1,1995.2398509210866,3.612919978259019e-05,-2.2863248998646664,0.0069373905676513945,3.6928449796459882e-06,1.1455356849388285e-05,4.962093414827268e-06,1.393223050001212e-05
328.57142857142856,3.2,1995.85654984354,3.550224299897313e-05,-2.1383024881743036,0.006724121229001415,3.627659718508365e-06,1.0710513611008274e-05,4.80813846170781e-06,1.3195128183492178e-05
328.57142857142856,3.3000000000000003,1996.4518657411118,3.4865130995876865e-05,-2.003430294666941,0.006523252386421066,3.5615142985043557e-06,1.0032063396532927e-05,4.6631843572943766e-06,1.2522669714990356e-05
328.57142857142856,3.4000000000000004,1997.0271473357368,3.4154591996957645e-05,-1.884246244844689,0.006339950123469865,3.487943692924065e-06,9.432627788939612e-06,4.530908479847279e-06,1.1924700479055585e-05
328.57142857142856,3.5000000000000004,1997.5835864679134,3.3586874581897104e-05,-1.7697326609777515,0.0061562575427046825,3.429027761395445e-06,8.856978553995375e-06,4.398464447574024e-06,1.1353293772623872e-05
328.57142857142856,3.6,1998.1223282734802,3.3160589580848e-05,-1.6729480003959905,0.0059785631902684626,3.384609035607448e-06,8.37041371700263e-06,4.270410215622206e-06,1.0862421964602662e-05
328.57142857142856,3.7,1998.644340599043,3.299862596170446e-05,-1.5660002953836736,0.0058227194375319894,3.3672129889893436e-06,7.833327927346227e-06,4.158057594385347e-06,1.0357511073950739e-05
328.57142857142856,3.8000000000000003,1999.150692921652,3.201843407962319e-05,-1.4920304726501852,0.005672505340561432,3.2663798226293557e-06,7.461487503396647e-06,4.049809790129478e-06,9.957155797790936e-06
328.57142857142856,3.9000000000000004,1999.6421249395346,3.137856894404653e-05,-1.4117637788103818,0.005528327778091582,3.2003303171674803e-06,7.0583973689622004e-06,3.945950322088041e-06,9.550085625057361e-06
328.57142857142856,4.0,2000.119439319629,3.0983445761739896e-05,-1.3348431136591896,0.005379114597360515,3.1592900806393705e-06,6.672269249779074e-06,3.8385713834662874e-06,9.16349012588033e-06
328.57142857142856,4.1,2000.5834052685868,3.0177978059055057e-05,-1.2732805484347407,0.005260516556592167,3.0764575229325447e-06,6.3631109826522776e-06,3.7531070056785776e-06,8.838857203287397e-06
328.57142857142856,4.2,2001.0346384120603,3.0513858696417666e-05,-1.1952432220596163,0.00515544876926697,3.110008999844032e-06,5.971815124041974e-06,3.6773533673802133e-06,8.507678145770003e-06
328.57142857142856,4.3,2001.4739191233132,2.9456365814530764e-05,-1.1516792850443378,0.005003523036805293,3.0015806262681503e-06,5.752926304025387e-06,3.568236092350537e-06,8.220113438210058e-06
328.57142857142856,4.3999999999999995,2001.9016830417156,2.8766824970875896e-05,-1.0927553941201038,0.004894322418698496,2.930701381188321e-06,5.457450368306937e-06,3.4896462421927134e-06,7.92010333894275e-06
328.57142857142856,4.5,2002.3185194061768,2.8679760249428943e-05,-1.0413324351247863,0.004806332077089339,2.92123371355024e-06,5.199577900362197e-06,3.4262258953900133e-06,7.684221790370166e-06
328.57142857142856,4.6,2002.7249424462868,2.823383415482116e-05,-0.9947936703611047,0.004688969100681109,2.875239584419736e-06,4.966217532524716e-06,3.341912862274388e-06,7.4341833718465694e-06
328.57142857142856,4.7,2003.1214175496932,2.783202583996175e-05,-0.9500322672920445,0.0045890393074046205,2.8337695539275814e-06,4.7418432132794455e-06,3.2700704193566854e-06,7.204307603038233e-06
328.57142857142856,4.8,2003.5083923304267,2.742108126310544e-05,-0.9090493281746601,0.0044938655034513905,2.791398644174116e-06,4.536431726599459e-06,3.201657926579736e-06,6.990875922118554e-06
328.57142857142856,4.9,2003.8862766178784,2.703513050748828e-05,-0.8696314998815067,0.0044021741216454325,2.7515999253057786e-06,4.33892542764881e-06,3.1357647745398095e-06,6.787018303948324e-06
328.57142857142856,5.0,2004.2554645903313,nan,nan,nan,nan,nan,nan,nan
342.8571428571429,0.1,1913.5005886371398,nan,nan,nan,nan,nan,nan,nan
342.8571428571429,0.2,1931.3954906358772,8.327481012092914e-05,-775.1411021438115,0.09589702193970884,8.78934264385589e-06,0.003992405558088595,7.048507291034829e-05,0.003993659435130539
342.8571428571429,0.30000000000000004,1941.5389816131765,7.558945160953962e-05,-310.99569541333943,0.0635754082466406,7.936978199834503e-06,0.0015960180743480213,4.656178750018123e-05,0.0015973955957679785
342.8571428571429,0.4,1948.5725156363424,6.98849468893969e-05,-167.8676014099892,0.048227673946195204,7.311830012505529e-06,0.0008591291758035077,3.522571450461914e-05,0.0008606033380714184
342.8571428571429,0.5,1953.9273736454084,6.544386431544361e-05,-104.85212618489184,0.03905686572682614,6.828642714929736e-06,0.0005354423510760063,2.8465382760923477e-05,0.0005369969252412728
342.8571428571429,0.6,1958.2337103926254,6.172129956178204e-05,-71.56754180948609,0.0328991273946656,6.426235855381084e-06,0.0003648009620080139,2.3934195964449293e-05,0.00036642424846367727
342.8571428571429,0.7000000000000001,1961.8243717217476,5.8431286017321396e-05,-51.87368858387344,0.028463406502982038,6.072700579634369e-06,0.0002640021699115493,2.0675256650086276e-05,0.00026568582176215256
342.8571428571429,0.8,1964.8962961650311,5.584858079823796e-05,-39.269270104227864,0.025102898628000515,5.795329529642489e-06,0.00019958202136207169,1.820975778116352e-05,0.00020132004284776234
342.8571428571429,0.9,1967.5755279072723,5.339393584629313e-05,-30.724436569425954,0.022464012259831644,5.533172273690336e-06,0.00015596576218935128,1.627614700529429e-05,0.0001577522135926831
342.8571428571429,1.0,1969.9475152838193,5.1138282400234007e-05,-24.673096547508063,0.02033597644609132,5.293127719872297e-06,0.0001251125054898601,1.4718636120317867e-05,0.00012694263558589685
342.8571428571429,1.1,1972.0727716948911,4.927580058338214e-05,-20.227639182098752,0.01857973709733188,5.094929599603053e-06,0.00010247053046863881,1.343460246099128e-05,0.00010434148268411223
342.8571428571429,1.2000000000000002,1973.995751714142,4.743016329989592e-05,-16.87712755531265,0.01711101790688759,4.8993880134496835e-06,8.542137362058569e-05,1.2361775414529516e-05,8.73295027864728e-05
342.8571428571429,1.3000000000000003,1975.7499604578397,4.604304137362766e-05,-14.27927624567928,0.015854850377456847,4.751940198998659e-06,7.221379165094259e-05,1.1445063482133805e-05,7.415788290182474e-05
342.8571428571429,1.4000000000000001,1977.3613764390807,4.4551675572211075e-05,-12.232658227799218,0.014773198091609182,4.594328666624855e-06,6.18169914249619e-05,1.0656348856009548e-05,6.379313306785249e-05
342.8571428571429,1.5000000000000002,1978.8504658380436,4.278377046614429e-05,-10.601004330487738,0.013831434719702435,4.408744428694462e-06,5.353411144972183e-05,9.9701609916704e-06,5.553509103754522e-05
342.8571428571429,1.6,1980.2335451937017,4.157944271555612e-05,-9.263026249436733,0.013006245150035062,4.281693385074019e-06,4.6746979981791357e-05,9.369321718955061e-06,4.877685326677352e-05
342.8571428571429,1.7000000000000002,1981.5239942868654,4.058557776984349e-05,-8.152740551713576,0.012259115044793139,4.176667558972171e-06,4.111870280675958e-05,8.825806957523058e-06,4.31738579387077e-05
342.8571428571429,1.8000000000000003,1982.732915974512,3.892392254740576e-05,-7.244707304971596,0.011608981676306489,4.003260607984366e-06,3.651806585321772e-05,8.35303536894924e-06,3.858939788212844e-05
342.8571428571429,1.9000000000000001,1983.869390589109,3.812653061331734e-05,-6.466684286328927,0.011031707534800721,3.919037709499851e-06,3.25787196702305e-05,7.933447026154105e-06,3.467868214557082e-05
342.8571428571429,2.0,1984.9411983608425,3.709644717921496e-05,-5.809236072536804,0.01049004014449793,3.811127381510014e-06,2.9251600991804684e-05,7.5401152941333245e-06,3.136698152196814e-05
342.8571428571429,2.1,1985.9549137718507,3.6106387442123424e-05,-5.245719511526658,0.010009640850273631,3.707548444839465e-06,2.640131267480074e-05,7.191382734850444e-06,2.8534316142175825e-05
342.8571428571429,2.2,1986.9161719877436,3.526083911144728e-05,-4.758497871966937,0.009566751939030387,3.6189993997561027e-06,2.3938154884823798e-05,6.870080834240133e-06,2.608693997545967e-05
342.8571428571429,2.3000000000000003,1987.8298452249169,3.4325492957805226e-05,-4.3355369542041435,0.00916070212252294,3.5214058140131485e-06,2.180085784003821e-05,6.57565395164379e-06,2.396155569348656e-05
342.8571428571429,2.4000000000000004,1988.700163092548,3.3496181086729886e-05,-3.965759675111257,0.008791784941962536,3.4348473758888477e-06,1.9933140158175027e-05,6.3082474214038585e-06,2.2106927061905217e-05
342.8571428571429,2.5000000000000004,1989.5308233634282,3.268515923707586e-05,-3.6404433295501795,0.008449115975145109,3.350304092100267e-06,1.8290697170994718e-05,6.0599956925393995e-06,2.0474892822619856e-05
342.8571428571429,2.6,1990.3250792010128,3.193644759739986e-05,-3.35801207120312,0.008138616495739374,3.2722736140946964e-06,1.68652307561791e-05,5.835099917168924e-06,1.905887103559283e-05
342.8571428571429,2.7,1991.0857549178854,3.1536477538543334e-05,-3.087629788478807,0.007824045874946254,3.2300768558897787e-06,1.5501584881973467e-05,5.607541210637554e-06,1.7709363828381304e-05
342.8571428571429,2.8000000000000003,1991.8155543368732,3.02204934911288e-05,-2.880126246577674,0.0075644831453757925,3.0941730397705832e-06,1.4454716790048958e-05,5.419634055231286e-06,1.66510543469719e-05
342.8571428571429,2.9000000000000004,1992.5165524933952,3.0166810317314268e-05,-2.6555876811016783,0.007310069376842424,3.0876072786727752e-06,1.3323297607031263e-05,5.2356135269480285e-06,1.5552069824944857e-05
342.8571428571429,3.0000000000000004,1993.1909947731062,2.8830798034755425e-05,-2.488205891563666,0.007063634511848708,2.9498824234663977e-06,1.2479462740044811e-05,5.057490426947799e-06,1.468316094816712e-05
342.8571428571429,3.1,1993.8405549939016,2.857558069417795e-05,-2.3172168304427028,0.006859106188505851,2.9228321393966465e-06,1.16182263061394e-05,4.909532765370874e-06,1.3846774142891907e-05
342.8571428571429,3.2,1994.4669430463925,2.7951413381538294e-05,-2.1678496627600903,0.006622176901794322,2.8581062493254486e-06,1.0866024084560939e-05,4.738532833766691e-06,1.3082302456833107e-05
342.8571428571429,3.3000000000000003,1995.0716526022559,2.698520831909267e-05,-2.032127097709235,0.0064358723810585185,2.758486425716579e-06,1.0182752218192272e-05,4.603895051591138e-06,1.2397152471035153e-05
342.8571428571429,3.4000000000000004,1995.6560408871421,2.685242423340245e-05,-1.907213408890129,0.006264907755462448,2.7441222246560116e-06,9.554117844526606e-06,4.480347296963019e-06,1.1788061688579698e-05
342.8571428571429,3.5000000000000004,1996.2213570379395,2.616227842886477e-05,-1.7963485404379749,0.006062959615496769,2.6728496028180816e-06,8.996277494276569e-06,4.334755063152282e-06,1.1209698330836587e-05
342.8571428571429,3.6,1996.7687097033324,2.5234084687690514e-05,-1.692961591061248,0.005901887343935644,2.5773262871344276e-06,8.476254574485758e-06,4.218493237104263e-06,1.068086479573792e-05
342.8571428571429,3.7,1997.2991327528148,2.4603603351738486e-05,-1.5961656022454915,0.005764928152200357,2.5122746649692323e-06,7.989562224035126e-06,4.1195552066986004e-06,1.0202259491213232e-05
342.8571428571429,3.8000000000000003,1997.8135941462747,2.4758084199629622e-05,-1.5096600252945789,0.005604989384755756,2.527408395331198e-06,7.5546726479508295e-06,4.004280362292498e-06,9.773913978246877e-06
342.8571428571429,3.9000000000000004,1998.3129589394816,2.433321360683752e-05,-1.4293577266698774,0.005458091624871033,2.4834253582896693e-06,7.15108632841075e-06,3.898404063543385e-06,9.36485694882108e-06
342.8571428571429,4.0,1998.7980301554219,2.3826460227337548e-05,-1.3615713252647763,0.005325094389087328,2.431126265735579e-06,6.810344153362503e-06,3.802529641434705e-06,9.011638350220638e-06
342.8571428571429,4.1,1999.2694856581095,2.4021238660179763e-05,-1.27297826868471,0.005202444716161383,2.4504320045882613e-06,6.365756413505007e-06,3.71411055938958e-06,8.60910600584805e-06
342.8571428571429,4.2,1999.7282113781102,2.2670035760597813e-05,-1.228136555118908,0.005071058357520999,2.312072875458823e-06,6.140146569695964e-06,3.619517103348534e-06,8.321591734857381e-06
342.8571428571429,4.3,2000.1746557325598,2.2379919375816854e-05,-1.1726567886171322,0.0049446276888659236,2.2819835128609427e-06,5.861498022247087e-06,3.5285218555310223e-06,8.029043578639728e-06
342.8571428571429,4.3999999999999995,2000.6093735191232,2.2767999743837236e-05,-1.093075738981497,0.0048413192529551475,2.3210583213591077e-06,5.462556845794534e-06,3.4540810037633803e-06,7.686884296371655e-06
342.8571428571429,4.5,2001.0331605482968,2.1672436300104916e-05,-1.0636663230798147,0.004734686370676402,2.2089123887275333e-06,5.3144884141006176e-06,3.377317338512282e-06,7.479012358240562e-06
342.8571428571429,4.6,2001.4463109142396,2.1294910780329725e-05,-1.0092037307003918,0.004631468244951977,2.1699935258920444e-06,5.0413569882237725e-06,3.303036525448219e-06,7.2072361389104035e-06
342.8571428571429,4.7,2001.8493692428754,2.0910146749156438e-05,-0.963816622197555,0.004532999769622849,2.1303635666793405e-06,4.813685070050023e-06,3.2321870881068247e-06,6.9716626155391484e-06
342.8571428571429,4.8,2002.2427894052892,2.0538556614155848e-05,-0.9222956768553556,0.004438941868704662,2.0921011273023724e-06,4.605429183874956e-06,3.1645236562145367e-06,6.75390887087099e-06
342.8571428571429,4.9,2002.6269866109344,2.0169180308721505e-05,-0.8824870191347143,0.004330970994226393,2.0540882457786126e-06,4.405821167374546e-06,3.0869824379339067e-06,6.5337171521696744e-06
342.8571428571429,5.0,2003.0023589463883,nan,nan,nan,nan,nan,nan,nan
357.14285714285717,0.1,1911.1694527261673,nan,nan,nan,nan,nan,nan,nan
357.14285714285717,0.2,1929.2322928308054,7.23915713550924e-05,-781.5333680003731,0.09453856321947005,7.649282678817798e-06,0.004029603032217203,6.956084404821719e-05,0.004030810902390359
357.14285714285717,0.30000000000000004,1939.4797992554397,6.533115923139128e-05,-313.7710137816384,0.06265796423547842,6.867175866838102e-06,0.0016119012168778794,4.5936898299124e-05,0.0016132244382997245
357.14285714285717,0.4,1946.5895955422577,6.00930022740841e-05,-169.4442451281702,0.04752668192157332,6.293775528858978e-06,0.0008680523334850199,3.4748098012103106e-05,0.0008694649653149419
357.14285714285717,0.5,1952.004949377794,5.584896983607457e-05,-105.87548950932158,0.03849499419923179,5.833251071595907e-06,0.0005411857005691827,2.808288334747303e-05,0.0005426723560241823
357.14285714285717,0.6,1956.361548318237,5.252424682905718e-05,-72.29178669190331,0.03243388734015299,5.4739298939947e-06,0.0003688365441294334,2.3617876013530756e-05,0.00037038624208872667
357.14285714285717,0.7000000000000001,1959.995229391761,4.983482660784381e-05,-52.40516130791092,0.028056214108198686,5.184140294977163e-06,0.00026695039274953115,2.0398178747184585e-05,0.00026855457339641624
357.14285714285717,0.8,1963.104858852206,4.699557853866742e-05,-39.68941831801657,0.0247382784416459,4.881140248656085e-06,0.0002018977673032394,1.7961393233716493e-05,0.00020354792375741013
357.14285714285717,0.9,1965.8175941294708,4.466281156094288e-05,-31.054918626409737,0.022148655096526693,4.632533477343999e-06,0.00015778176267962872,1.6061816676177955e-05,0.00015947573141574767
357.14285714285717,1.0,1968.2197802204714,4.287587636413269e-05,-24.94458224205118,0.020051455471553944,4.441833491468583e-06,0.00012659830556234044,1.4525293791930104e-05,0.0001283309361592341
357.14285714285717,1.1,1970.3725204890516,4.0814359536807437e-05,-20.45375232023616,0.01832407048274832,4.223708805026482e-06,0.00010370398728404496,1.3261043507338854e-05,0.00010547069377076309
357.14285714285717,1.2000000000000002,1972.3207232344294,3.9425330256131066e-05,-17.065797860459494,0.01688727631211578,4.075989403508354e-06,8.644857318951409e-05,1.2210391460814846e-05,8.825053436310154e-05
357.14285714285717,1.3000000000000003,1974.0982680012025,3.7782354092951254e-05,-14.445895933818061,0.01564335179303385,3.902662109621786e-06,7.311670134692434e-05,1.130175074971091e-05,7.494492596176467e-05
357.14285714285717,1.4000000000000001,1975.7313538086376,3.638185761997197e-05,-12.378967592553634,0.014567377627412276,3.7549377622648407e-06,6.260728856109831e-05,1.0516479050335188e-05,6.445901645079136e-05
357.14285714285717,1.5000000000000002,1977.240649940147,3.52786520029213e-05,-10.720841255147205,0.013640690500335501,3.638337015781672e-06,5.418280446034857e-05,9.840607317284311e-06,5.6059690510872026e-05
357.14285714285717,1.6,1978.642737659105,3.401325233435277e-05,-9.371059404270452,0.012824354800005728,3.505384546728427e-06,4.7329751397890855e-05,9.24566490740095e-06,4.922761143267551e-05
357.14285714285717,1.7000000000000002,1979.9511147840203,3.238391489840073e-05,-8.262839748090299,0.012092281412418521,3.3352925542251222e-06,4.1706724423609373e-05,8.712564154681394e-06,4.361642565442568e-05
357.14285714285717,1.8000000000000003,1981.1768635114547,3.1997430796013796e-05,-7.318355672941832,0.011465416498612062,3.2934783424142096e-06,3.69179590791175e-05,8.256171754192381e-06,3.886015242158469e-05
357.14285714285717,1.9000000000000001,1982.3294286821597,3.0823137079482916e-05,-6.551526777275284,0.010891126088205288,3.1707914686873784e-06,3.303152337399628e-05,7.838394188919721e-06,3.4985944347216695e-05
357.14285714285717,2.0,1983.416478585092,2.9888625659532445e-05,-5.881121691095358,0.010353349707582997,3.0729975917627586e-06,2.9636107470822957e-05,7.4475505358630574e-06,3.160180688172143e-05
357.14285714285717,2.1,1984.4447172711132,2.9015948017058724e-05,-5.309207822915595,0.009877299314689485,2.9817504935451803e-06,2.674098269845564e-05,7.101672325862263e-06,2.872000159005387e-05
357.14285714285717,2.2,1985.4198638789053,2.801867073094403e-05,-4.8209909476327075,0.009443376669185004,2.87787484351648e-06,2.4270640686871777e-05,6.786565827674903e-06,2.625759155811725e-05
357.14285714285717,2.3000000000000003,1986.346800577221,2.7342334945706204e-05,-4.388892433667023,0.009047518400427638,2.8071156943693023e-06,2.2085479630393422e-05,6.4992332812131926e-06,2.4085854261648176e-05
357.14285714285717,2.4000000000000004,1987.2298483512002,2.6614184536993013e-05,-4.016540489033104,0.00866437817946917,2.7311639697324343e-06,2.0203186870220242e-05,6.221408066753207e-06,2.220450073765965e-05
357.14285714285717,2.5000000000000004,1988.072730720289,2.541527931662134e-05,-3.6867454833782167,0.008340207690412176,2.607042643602301e-06,1.8536803671266424e-05,5.986249452103305e-06,2.0544588744928713e-05
357.14285714285717,2.6,1988.878745634544,2.5124486053800895e-05,-3.3962296483196037,0.008053728955314914,2.576185260895716e-06,1.7069475966852122e-05,5.778418659569884e-06,1.909931895885111e-05
357.14285714285717,2.7,1989.6507982523158,2.418710988326896e-05,-3.1450780255454442,0.007742077282244967,2.479122188456463e-06,1.5801304333426573e-05,5.552778408184129e-06,1.781836023778996e-05
357.14285714285717,2.8000000000000003,1990.3914000898321,2.4545319564435914e-05,-2.893305249745026,0.007470696408427105,2.514916042197948e-06,1.453116764758943e-05,5.35625334065852e-06,1.657885809096288e-05
357.14285714285717,2.9000000000000004,1991.103068874851,2.2930748469934796e-05,-2.715302695833088,0.007215756233563301,2.3486603309994264e-06,1.3632491319768525e-05,5.171718725318715e-06,1.5647823301711935e-05
357.14285714285717,3.0000000000000004,1991.7875846329116,2.3294247008993836e-05,-2.50095730934845,0.006975681695843153,2.385084005238698e-06,1.2552189319726597e-05,4.99802230450704e-06,1.4601593623403017e-05
357.14285714285717,3.1,1992.4470908178787,2.205929924491559e-05,-2.3556383522873143,0.0067621120191461185,2.2579026160387126e-06,1.1819067767268407e-05,4.8434796380212016e-06,1.3845832481965447e-05
357.14285714285717,3.2,1993.083040619323,2.1457794920138467e-05,-2.204377199586815,0.006551772325349251,2.195645225258845e-06,1.1056731582461312e-05,4.691397794305136e-06,1.3080160464253549e-05
357.14285714285717,3.3000000000000003,1993.6969466487712,2.167834347953888e-05,-2.0438153093891738,0.006359225439342711,2.2175402696677718e-06,1.0248333414749132e-05,4.552191151362508e-06,1.230409326949971e-05
357.14285714285717,3.4000000000000004,1994.2904145251257,2.041066970023169e-05,-1.9415553018916394,0.006173853920165587,2.0872548728958094e-06,9.732767985781808e-06,4.41824313893193e-06,1.1752665673749284e-05
357.14285714285717,3.5000000000000004,1994.8644668484612,1.9951765981454652e-05,-1.8278225410540467,0.0059820674529646595,2.0397482280466755e-06,9.16008820371166e-06,4.279819993955159e-06,1.1166982900269604e-05
357.14285714285717,3.6,1995.4202409463862,1.976402869504457e-05,-1.7068994183546236,0.005839488183050892,2.0200012271255545e-06,8.551776186241035e-06,4.176703348531121e-06,1.0587869597818542e-05
357.14285714285717,3.7,1995.9589460501277,1.976326455380788e-05,-1.610311272702347,0.005702014892312948,2.01938669604111e-06,8.06574583312484e-06,4.077325123982841e-06,1.0118465239651808e-05
357.14285714285717,3.8000000000000003,1996.481548041142,1.8478457906257994e-05,-1.5391130767284265,0.005534193734519024,1.8876204814451188e-06,7.707169456352597e-06,3.956332772574648e-06,9.709207492148981e-06
357.14285714285717,3.9000000000000004,1996.9887589013892,1.805137609208034e-05,-1.4486227518091253,0.005393513214141879,1.843532209520018e-06,7.252246209792623e-06,3.854826131055579e-06,9.258134536521225e-06
357.14285714285717,4.0,1997.4814835341183,1.7601886378133736e-05,-1.3739825611082777,0.0052719201090951654,1.7971909395687587e-06,6.876925659339984e-06,3.767033156655916e-06,8.882740534544887e-06
357.14285714285717,4.1,1997.9604683412363,1.687447119895753e-05,-1.304226628371907,0.005132703019057774,1.7225139768022343e-06,6.526267973991819e-06,3.666714727855496e-06,8.51168736852894e-06
357.14285714285717,4.2,1998.4264108820705,1.6805543325972415e-05,-1.2393750613455266,0.0049981750969436715,1.71508443000993e-06,6.2003476264213366e-06,3.5698133250647824e-06,8.177588864827537e-06
357.14285714285717,4.3,1998.8799596722913,1.647505918715526e-05,-1.1797935421327563,0.004908687505309219,1.6809816919408156e-06,5.900968993237821e-06,3.505137391981374e-06,7.8879091514245e-06
357.14285714285717,4.3999999999999995,1999.3217105270908,1.5701254203145273e-05,-1.1236745289807002,0.004767691651198904,1.6016807853109832e-06,5.6190687783077586e-06,3.4037357338321324e-06,7.570346700443711e-06
357.14285714285717,4.5,1999.7522246366004,1.5120969413692382e-05,-1.0713463758520445,0.004667258932619236,1.542159413489069e-06,5.3562711722298465e-06,3.3313472984638645e-06,7.298194720137194e-06
357.14285714285717,4.6,2000.1720252823516,1.5286374901052133e-05,-1.0237615157620892,0.004598268874570979,1.5587069861136874e-06,5.117319492205311e-06,3.2814434672404234e-06,7.081826650748643e-06
357.14285714285717,4.7,2000.581588312945,1.4953676593972904e-05,-0.9773321220791329,0.004481467910886752,1.5244757074894563e-06,4.884263955744982e-06,3.197462889829692e-06,6.828440410210167e-06
357.14285714285717,4.8,2000.9813780223178,1.4599837022615265e-05,-0.9354968453408217,0.004387715379152725,1.4881105287580651e-06,4.67427810951933e-06,3.129971217440104e-06,6.607328388610572e-06
357.14285714285717,4.9,2001.3718127632371,1.4260301326953612e-05,-0.9048816252743561,0.004298162772403204,1.453223988484434e-06,4.5204455068061455e-06,3.065514378742138e-06,6.429700176000438e-06
357.14285714285717,5.0,2001.7531986879037,nan,nan,nan,nan,nan,nan,nan
371.42857142857144,0.1,1908.8553364500513,nan,nan,nan,nan,nan,nan,nan
371.42857142857144,0.2,1927.083868815806,6.272371538166233e-05,-787.8451394218699,0.09328333436495204,6.635156527663512e-06,0.004066436120355722,6.871012850291328e-05,0.004067602353936974
371.42857142857144,0.30000000000000004,1937.433949787342,5.608750639826219e-05,-316.5091432689905,0.061818715345174295,5.901804123760712e-06,0.00162761524568233,4.5367781013185305e-05,0.0016288900178887424
371.42857142857144,0.4,1944.6189393261882,5.152331553415485e-05,-171.00060059085533,0.04689817047683962,5.401735619048148e-06,0.0008768839212633574,3.432234452932135e-05,0.0008782429258387903
371.42857142857144,0.5,1950.0939228591258,4.797137534103519e-05,-106.8800914167923,0.037976413607094646,5.01539537762538e-06,0.0005468410624140592,2.7731080425979396e-05,0.0005482684811076733
371.42857142857144,0.6,1954.5001054778954,4.45718143993418e-05,-73.00306621134494,0.031988792662031085,4.649594887379791e-06,0.0003728115175239017,2.3315503296227082e-05,0.0003742957009090593
371.42857142857144,0.7000000000000001,1958.1762574345516,4.1522867581852605e-05,-52.93969174313133,0.027681863544751207,4.323507772603642e-06,0.0002699182715261143,2.0144374444045823e-05,0.0002714519435675287
371.42857142857144,0.8,1961.3230124737765,3.961866691320215e-05,-40.09923018300014,0.024425193113427224,4.118701143611617e-06,0.000204164083707755,1.7749934237735606e-05,0.00020574269636180396
371.42857142857144,0.9,1964.0687752111714,3.7928493438630586e-05,-31.374261259293228,0.021857610531071724,3.937551931645212e-06,0.00015954359811958782,1.586467030528131e-05,0.00016116153245718874
371.42857142857144,1.0,1966.5007953359734,3.5589121254997777e-05,-25.2216716433395,0.019791014765883127,3.690180356583004e-06,0.00012811459441123318,1.4349001492346475e-05,0.00012976422627162547
371.42857142857144,1.1,1968.680598744342,3.448460570398315e-05,-20.66614122272767,0.018089451955677315,3.5717482660178245e-06,0.00010486946943283027,1.3102369162362937e-05,0.00010655377590743935
371.42857142857144,1.2000000000000002,1970.6537407404833,3.247034860501121e-05,-17.259650755045183,0.016657479620823788,3.3597992852083886e-06,8.750342593765292e-05,1.205431352838064e-05,8.921183078126016e-05
371.42857142857144,1.3000000000000003,1972.4542862290741,3.1082303791663475e-05,-14.607567056850709,0.01542480598093335,3.213278390058972e-06,7.399575637413472e-05,1.1153053310178595e-05,7.572633832209035e-05
371.42857142857144,1.4000000000000001,1974.1087560470964,2.9394538502356263e-05,-12.519209796982976,0.014388797289427664,3.0362859794070765e-06,6.336793270329653e-05,1.0396015629055877e-05,6.512194875429796e-05
371.42857142857144,1.5000000000000002,1975.638033767149,2.8585756418124255e-05,-10.84398826249071,0.013487488667283293,2.9504895322732262e-06,5.4849091335807084e-05,9.737908004583616e-06,5.6628454980294394e-05
371.42857142857144,1.6,1977.0588716045766,2.747349246251364e-05,-9.486519860479346,0.012652233524062246,2.8336773939618272e-06,4.795083164978102e-05,9.128821002260227e-06,4.973914684894893e-05
371.42857142857144,1.7000000000000002,1978.3848442433994,2.6661097796227328e-05,-8.347574590720795,0.011963798039067802,2.7480680335739127e-06,4.216740402226033e-05,8.62676138137342e-06,4.3982767804630015e-05
371.42857142857144,1.8000000000000003,1979.627341136315,2.5891779547032486e-05,-7.408081788139496,0.011332695027959977,2.6671201040002307e-06,3.7399523707426145e-05,8.166939405434658e-06,3.9233094470046276e-05
371.42857142857144,1.9000000000000001,1980.7957572113492,2.4505674436886723e-05,-6.631475751964898,0.010735653550710827,2.522869295074211e-06,3.346022966535397e-05,7.732439502835824e-06,3.5292110734104497e-05
371.42857142857144,2.0,1981.8978585288637,2.3647353633668927e-05,-5.951745395827856,0.010228667400633645,2.433170536591569e-06,3.0014746124432608e-05,7.363461362128169e-06,3.186293191527403e-05
371.42857142857144,2.1,1982.94044239242,2.282175890472902e-05,-5.375238984174756,0.009755636752447576,2.3470050723793114e-06,2.709390427865349e-05,7.019484485684577e-06,2.895055106142446e-05
371.42857142857144,2.2,1983.9292738661345,2.2110756819483893e-05,-4.87693419674997,0.009328732544202016,2.2727683111315417e-06,2.45705553927464e-05,6.7091812837309e-06,2.6436790559748984e-05
371.42857142857144,2.3000000000000003,1984.8693359978815,2.1285336476557886e-05,-4.443305354425319,0.00893836000510078,2.1869022158886653e-06,2.237578682558273e-05,6.425570616386935e-06,2.424941840247165e-05
371.42857142857144,2.4000000000000004,1985.7649650760843,2.0458807944282877e-05,-4.076928544009205,0.008575964514909632,2.101048819727055e-06,2.0521936270712278e-05,6.162439476750727e-06,2.23945438678997e-05
371.42857142857144,2.5000000000000004,1986.619824868847,2.0736809497975653e-05,-3.714514740113372,0.008243290663006069,2.1286957327909715e-06,1.868996970350734e-05,5.920989172632022e-06,2.059035061881356e-05
371.42857142857144,2.6,1987.4375395142085,1.923482966010399e-05,-3.4476427949812196,0.007936783395172146,1.9737128014735444e-06,1.7340341845308892e-05,5.698619075800863e-06,1.9223202549966385e-05
371.42857142857144,2.7,1988.2207777316203,1.869050324733055e-05,-3.17608573502639,0.007663714853288187,1.9171145113368972e-06,1.5968476819602438e-05,5.500508129020179e-06,1.786557469947701e-05
371.42857142857144,2.8000000000000003,1988.9722550916817,1.761984813867914e-05,-2.946745085068869,0.007381452184426965,1.8066232476076531e-06,1.4810039597051094e-05,5.296025030988142e-06,1.6694218241137367e-05
371.42857142857144,2.9000000000000004,1989.6942650008925,1.7448026388660784e-05,-2.7346489425326577,0.007132797292393892,1.788366342071766e-06,1.3739269262829608e-05,5.115862000708037e-06,1.563041464806889e-05
371.42857142857144,3.0000000000000004,1990.388928420678,1.654807034137777e-05,-2.546330080258485,0.006901728873197047,1.695540849125478e-06,1.2788828431272814e-05,4.948494101265449e-06,1.4676654222134652e-05
371.42857142857144,3.1,1991.0581285396609,1.6248796579589018e-05,-2.3811324570033316,0.006671392933463952,1.6643257178030172e-06,1.1955255570319598e-05,4.781818488886663e-06,1.3835811937429439e-05
371.42857142857144,3.2,1991.7035173340737,1.584438803113246e-05,-2.224128146940529,0.006492983445917847,1.6223852754159959e-06,1.1163471262938256e-05,4.652507821019192e-06,1.3059359964011421e-05
371.42857142857144,3.3000000000000003,1992.3266648470171,1.4983663720886416e-05,-2.085875405532533,0.0062871921618466355,1.533779023147416e-06,1.0466381161046688e-05,4.503708699061781e-06,1.2347647419333351e-05
371.42857142857144,3.4000000000000004,1992.9289536059052,1.4874581481149125e-05,-1.959391683453759,0.006092105201059897,1.5221598878449877e-06,9.828844917857573e-06,4.362706126013062e-06,1.170425446696041e-05
371.42857142857144,3.5000000000000004,1993.5116484479588,1.4421277084011325e-05,-1.8537625328463032,0.0059506279999766345,1.475347233437277e-06,9.29634935432352e-06,4.2602039251601265e-06,1.1175752133290261e-05
371.42857142857144,3.6,1994.075805664684,1.4640917802671556e-05,-1.7170214671750723,0.005786238633521637,1.4974000701182414e-06,8.608251512455036e-06,4.14139539648507e-06,1.051886461229205e-05
371.42857142857144,3.7,1994.6227926667373,1.311879112483895e-05,-1.650661892267635,0.005525824327344255,1.3413624145375483e-06,8.273358816911195e-06,3.9539733092420534e-06,1.0075491506665733e-05
371.42857142857144,3.8000000000000003,1995.153273049868,1.0993152772334738e-05,-1.551061539726106,0.005457903418260915,1.1237271729277031e-06,7.772141212891311e-06,3.904380957817343e-06,9.599860578145552e-06
371.42857142857144,3.9000000000000004,1995.6682428176014,1.269455073133942e-05,-1.4683450810252905,0.005386948084043299,1.2973155845274276e-06,7.355817204782397e-06,3.8526715684222796e-06,9.245389710785005e-06
371.42857142857144,4.0,1996.1685291345245,1.168590065769878e-05,-1.3920657452217708,0.005202335531998872,1.1939423243238846e-06,6.971989745706142e-06,3.7197472225392476e-06,8.815167501937806e-06
371.42857142857144,4.1,1996.6548947939955,1.1923087465766017e-05,-1.3220364716062247,0.0050998734408949555,1.2178835341516826e-06,6.619688097451553e-06,3.645635109364414e-06,8.478491700270781e-06
371.42857142857144,4.2,1997.1280400887504,1.1563015521301181e-05,-1.2559514505483091,0.00495677625281701,1.1808286125173135e-06,6.287337814621065e-06,3.542538359210248e-06,8.125523309932452e-06
371.42857142857144,4.3,1997.5886258689998,1.1163331842021775e-05,-1.1959776598359892,0.00435036998644023,1.1397537791820244e-06,5.985762571318754e-06,3.1084613514774175e-06,7.513551502759386e-06
371.42857142857144,4.3999999999999995,1998.0372518726508,-2.965585884203396e-06,-1.1503239272542485,0.004259816712419708,3.0271346818994076e-07,5.756010393994544e-06,3.043103226160795e-06,7.193347314688572e-06
371.42857142857144,4.5,1998.4743746370293,-1.7030766703328502e-06,-1.0638082597097307,0.004641180568108896,1.7380486598934904e-07,5.321966093267165e-06,3.3148438587452624e-06,7.094357676706843e-06
371.42857142857144,4.6,1998.9008593188107,-3.2809007883997806e-06,-1.0484846843837656,0.004520410160239409,3.347570014008285e-07,5.244214690549643e-06,3.227925738228801e-06,6.960808797374301e-06
371.42857142857144,4.7,1999.3168591537483,-3.7158278518973065e-06,-0.9912790763337396,0.004425933924494531,3.790558801015493e-07,4.957082070886173e-06,3.159830880348842e-06,6.6847145341108615e-06
371.42857142857144,4.8,1999.7229461979225,-4.149314528945075e-06,-0.9484060979957574,0.00433349314502607,4.231917861700024e-07,4.741747053990105e-06,3.093230579852653e-06,6.4652461091730105e-06
371.42857142857144,4.9,2000.1195491811168,-4.5406751404243606e-06,-0.907549516136896,0.004263310934646826,4.6301661195355085e-07,4.536597379340287e-06,3.0425549944642184e-06,6.2697194477791765e-06
371.42857142857144,5.0,2000.5070766691497,nan,nan,nan,nan,nan,nan,nan
385.7142857142857,0.1,1906.5561525949065,nan,nan,nan,nan,nan,nan,nan
385.7142857142857,0.2,1924.9482455590478,5.4586834123483706e-05,-794.0791774067519,0.09213470593612673,5.780843485617477e-06,0.004102921170672804,6.793573969044367e-05,0.0041040499607535325
385.7142857142857,0.30000000000000004,1935.3995467491216,4.875240043322725e-05,-319.2049866722754,0.061040886068070704,5.135385119715124e-06,0.001643134589506887,4.484234111272455e-05,0.0016443659332786098
385.7142857142857,0.4,1942.6587980724726,4.400801421209058e-05,-172.53629787658153,0.046309474385583395,4.618502478091959e-06,0.0008856223466986468,3.392472085775734e-05,0.000886932942734518
385.7142857142857,0.5,1948.1926864170578,4.038504093527995e-05,-107.88158354362166,0.03749985600327365,4.2263836588695535e-06,0.0005524887069388671,2.74091685703546e-05,0.0005538629421230939
385.7142857142857,0.6,1952.6477589262067,3.7615902439915816e-05,-73.7071903404967,0.031590015182018774,3.927712647413362e-06,0.0003767556755753624,2.3046236489606705e-05,0.00037818318846500584
385.7142857142857,0.7000000000000001,1956.3657595319507,3.5667779254117745e-05,-53.4508600120489,0.027339051853334708,3.7173051177864254e-06,0.00027277119965271764,1.9912981244556164e-05,0.0002742462385547221
385.7142857142857,0.8,1959.5492515375743,3.297032256639345e-05,-40.50467414606373,0.024125064616947623,3.430662474082197e-06,0.00020641136652190924,1.754743950883561e-05,0.00020792606123592474
385.7142857142857,0.9,1962.3276968017371,3.0858555495910916e-05,-31.706852845422866,0.021571956213250598,3.2064378123640195e-06,0.00016137535205413788,1.5671023565174124e-05,0.00016292159909969575
385.7142857142857,1.0,1964.7890735374458,2.900154732560626e-05,-25.473559888860105,0.019550501233806025,3.009753742135427e-06,0.00012950490791017574,1.4186804855332812e-05,0.0001310843646451322
385.7142857142857,1.1,1966.9957146742659,2.756806433239948e-05,-20.897096279259127,0.017885910535591173,2.8578204009472885e-06,0.00010613086077416764,1.2965900724664702e-05,0.00010774115234817914
385.7142857142857,1.2000000000000002,1968.9933848482933,2.6421160213180914e-05,-17.440723807067112,0.01643070624077155,2.7361851559310254e-06,8.849490807110531e-05,1.190011735668204e-05,9.012247805029846e-05
385.7142857142857,1.3000000000000003,1970.81664778425,2.4620711603256526e-05,-14.775354924290692,0.015253951125015427,2.5474025208862105e-06,7.49070401652809e-05,1.1038580667488893e-05,7.655883000824752e-05
385.7142857142857,1.4000000000000001,1972.492157170964,2.4713034350133996e-05,-12.64151356865568,0.01423548453731201,2.5548118271282322e-06,6.403875075837158e-05,1.0293589278141607e-05,6.572217755536569e-05
385.7142857142857,1.5000000000000002,1974.0412514219913,2.2824501917557453e-05,-10.97332877741337,0.013314124048469017,2.357750527279559e-06,5.554764095692086e-05,9.620440486257171e-06,5.7238144219804254e-05
385.7142857142857,1.6,1975.4806123852445,2.1779871063176896e-05,-9.595860535273458,0.01253185859887936,2.248224223054548e-06,4.8541804752004085e-05,9.04912671230192e-06,5.025071849485744e-05
385.7142857142857,1.7000000000000002,1976.824014743145,2.137866263433355e-05,-8.431430322798404,0.011828055463115566,2.2053304679567207e-06,4.262424723649335e-05,8.535557040986312e-06,4.4355398802744075e-05
385.7142857142857,1.8000000000000003,1978.0831027978174,1.9560791851995442e-05,-7.510395390295342,0.011174064958390777,2.0165403125067453e-06,3.794533562453039e-05,8.058857094399063e-06,3.967121482669912e-05
385.7142857142857,1.9000000000000001,1979.267086898587,1.9092444045736578e-05,-6.70065361834986,0.010608543483812133,1.9670968791233077e-06,3.38351218765549e-05,7.646742265003006e-06,3.557569784372399e-05
385.7142857142857,2.0,1980.384064463173,1.824613589219555e-05,-6.0217012214934575,0.010088448485743133,1.8788562621753556e-06,3.0390517574231465e-05,7.2680293150706775e-06,3.213661711401872e-05
385.7142857142857,2.1,1981.440825015544,1.6850229960959972e-05,-5.4389315200523916,0.009646993961433741,1.7342035935599212e-06,2.743549742223765e-05,6.94652784574781e-06,2.9192849794650475e-05
385.7142857142857,2.2,1982.4431962527146,1.6740734557993183e-05,-4.935212512350517,0.009223064888368531,1.7220757238734584e-06,2.4882635522438436e-05,6.638123096782866e-06,2.665033680532675e-05
385.7142857142857,2.3000000000000003,1983.3962153647617,1.5427958025793506e-05,-4.497740891292778,0.008834084915304179,1.5862821825618623e-06,2.2666588932983787e-05,6.355294573894274e-06,2.4435017562128258e-05
385.7142857142857,2.4000000000000004,1984.3042570678958,1.5472980918889352e-05,-4.114775168659434,0.008518133186754543,1.590193836366536e-06,2.07275587626114e-05,6.1253600427384174e-06,2.2521111873108738e-05
385.7142857142857,2.5000000000000004,1985.1711510193434,1.4357207816033242e-05,-3.7786101476967806,0.008155682592479256,1.474888337847322e-06,1.9026231899123975e-05,5.862310085458624e-06,2.0806396972193446e-05
385.7142857142857,2.6,1986.000258869314,1.424393322831749e-05,-3.479511994191852,0.007831946112321478,1.4626498145681408e-06,1.7513194589568932e-05,5.627390364031199e-06,1.929213243347e-05
385.7142857142857,2.7,1986.7945715993426,1.3468070146859662e-05,-3.217834846464029,0.00756087707016491,1.3824348759663188e-06,1.6189902088232252e-05,5.43056994873996e-06,1.7972374237956156e-05
385.7142857142857,2.8000000000000003,1987.5567059809066,1.2979456822290574e-05,-2.981841382461425,0.007302038964758143,1.3317776215640934e-06,1.4997021808927139e-05,5.242757351649748e-06,1.678264889900549e-05
385.7142857142857,2.9000000000000004,1988.289021948646,1.2486976854802393e-05,-2.7688550728498735,0.0070594437365855385,1.2807810065371595e-06,1.3920884431847914e-05,5.0668085416329885e-06,1.5709122220757656e-05
385.7142857142857,3.0000000000000004,1988.993649365657,1.1997335056958051e-05,-2.579444029015576,0.006825971840481774,1.230129293299764e-06,1.2964163961190634e-05,4.897590986305121e-06,1.4749764751654263e-05
385.7142857142857,3.1,1989.6724823423776,1.1565009747846502e-05,-2.4087721696105286,0.006612340015050225,1.1854028956553718e-06,1.210239269307614e-05,4.742774182647527e-06,1.3887436869978086e-05
385.7142857142857,3.2,1990.3272275974023,1.1047535651619014e-05,-2.253191660861375,0.00641456660232507,1.131995346171363e-06,1.1317114826820878e-05,4.599479963017881e-06,1.3102249170566422e-05
385.7142857142857,3.3000000000000003,1990.9594409358183,1.063447098595135e-05,-2.112595867583877,0.006220044074274259,1.089329495763792e-06,1.0607687940485243e-05,4.458652293091405e-06,1.2388254224645036e-05
385.7142857142857,3.4000000000000004,1991.5705283155585,1.0137195749575779e-05,-1.9842530070036442,0.006038738163829297,1.0380778779664398e-06,9.960300582672972e-06,4.3274233246576505e-06,1.1736199497260644e-05
385.7142857142857,3.5000000000000004,1992.1617731652286,9.702580580369624e-06,-1.8659689508467632,0.00588918485748309,9.932816230752055e-07,9.363861987178487e-06,4.2190578718603425e-06,1.1147619402808773e-05
385.7142857142857,3.6,1992.7343583253903,8.650451438234097e-06,-1.7626897893933342,0.00571111555086077,8.853215347609992e-07,8.84312063845759e-06,4.090365622625689e-06,1.0604091601817774e-05
385.7142857142857,3.7,1993.289316587658,8.901620225037743e-06,-1.7033290766221396,0.0055416561406104875,9.107773136164793e-07,8.54301235893511e-06,3.967941579416528e-06,1.0261661475377247e-05
385.7142857142857,3.8000000000000003,1993.8272415591596,1.27415072400254e-05,-1.4849072208562573,nan,1.3033121991826976e-06,7.445568653899201e-06,nan,nan
385.7142857142857,3.9000000000000004,1994.3503174584525,nan,-1.543374512948503,0.004793057058725483,nan,7.736763941068833e-06,3.430183508892693e-06,nan
385.7142857142857,4.0,1994.857959612616,-4.580189354237524e-06,-1.3847236868514299,nan,4.682633292882507e-07,6.9397472586364105e-06,nan,nan
385.7142857142857,4.1,1995.351754529911,-6.341533470913427e-06,-1.35203526897385,0.005014628558666348,6.481793662202062e-07,6.774293874756843e-06,3.587028442848719e-06,8.487917300019665e-06
385.7142857142857,4.2,1995.8320290945162,-6.844160920240946e-06,-1.2733362425024095,0.0048680696967039715,6.99388074627893e-07,6.378482776075349e-06,3.4813901075254387e-06,8.087913226857319e-06
385.7142857142857,4.3,1996.2995702966964,-8.065561418334265e-06,-1.4923502274768905,0.00478279281504115,8.240099694205709e-07,7.4738880290107914e-06,3.4196365247648472e-06,8.940124306904626e-06
385.7142857142857,4.3999999999999995,1996.7521879966018,1.979227968608941e-05,-0.8628625716482927,0.004724321684858526,2.0216043261842996e-06,4.320369633962647e-06,3.3770915774664882e-06,6.749960953287345e-06
385.7142857142857,4.5,1997.1961770707908,1.780698632230726e-05,-1.1142361299334878,0.004546103152205208,1.8184265394682517e-06,5.577793057006297e-06,3.2490020924759873e-06,7.451877592932993e-06
385.7142857142857,4.6,1997.6290237836804,1.744542694498252e-05,-1.0498834233203522,0.0044566603184364355,1.781124459806885e-06,5.254536686145719e-06,3.1844165013749506e-06,7.145878325008883e-06
385.7142857142857,4.7,1998.0513716623368,1.8034741933388455e-05,-1.0051966349465145,0.004410301981317846,1.8409085890469654e-06,5.029846933201602e-06,3.1506521510200488e-06,6.967174646735861e-06
385.7142857142857,4.8,1998.4636675746438,1.7876146276580607e-05,-0.9604556350268465,0.004290670666125609,1.8243492802869638e-06,4.805001748794719e-06,3.064581577409268e-06,6.723065713764549e-06
385.7142857142857,4.9,1998.8663589306004,1.766055981270258e-05,-0.920026955805042,0.004205931007811616,1.80199022684369e-06,4.601837804111454e-06,3.003474938117405e-06,6.516579114902865e-06
385.7142857142857,5.0,1999.259850016999,nan,nan,nan,nan,nan,nan,nan
400.0,0.1,1904.2699958091657,nan,nan,nan,nan,nan,nan,nan
400.0,0.2,1922.8237624725189,4.693803449870307e-05,-800.2435955494774,0.09108704068920023,4.976336759245708e-06,0.004139101607195566,6.723384019608954e-05,0.004140196572283915
400.0,0.30000000000000004,1933.3750931803772,4.1413456849500156e-05,-321.8785842088436,0.06032476993801768,4.3669152975928896e-06,0.0016585629792898763,4.436097726173204e-05,0.0016597548068396607
400.0,0.4,1940.7076380461472,3.746560276861151e-05,-174.0491091838521,0.04575316819596653,3.935864285038507e-06,0.0008942564699329034,3.354989950793218e-05,0.0008955229291081903
400.0,0.5,1946.2996918200786,3.4204243038175305e-05,-108.86565047082966,0.037059431412785684,3.583042792204885e-06,0.0005580555571175136,2.7112951956333285e-05,0.0005593827556807254
400.0,0.6,1950.8030890893017,3.152582600712325e-05,-74.3945590551675,0.03123464008959901,3.2949322338649137e-06,0.00038061999809909855,2.2808063469884153e-05,0.00038199850137124366
400.0,0.7000000000000001,1954.5625407679731,2.8971002131584135e-05,-53.977320801413946,0.027020627880688163,3.0221595250284485e-06,0.00027570646147969107,1.969886541107511e-05,0.0002771268246612269
400.0,0.8,1957.7822192386304,2.7255534646542434e-05,-40.89816525979585,0.023828276035112606,2.8385885198516486e-06,0.00020860100495544842,1.7346946889327014e-05,0.00021005777773262842
400.0,0.9,1960.5929160566898,2.5470145598410486e-05,-32.034245270324384,0.021341030398645,2.648889329802882e-06,0.00016318332366735164,1.5516773120530853e-05,0.00016467347762755619
400.0,1.0,1963.0832704220459,2.4758387078372863e-05,-25.71680476341953,0.019326554794986357,2.5716409587486876e-06,0.0001308532510132273,1.4036311206407355e-05,0.00013237531001858926
400.0,1.1,1965.3164567397678,2.249013647497125e-05,-21.122202787341845,0.017664644161675378,2.333418286659747e-06,0.00010736435867646727,1.2816297982227525e-05,0.00010890851822905374
400.0,1.2000000000000002,1967.3384210296163,2.1143315721155912e-05,-17.635134501756507,0.016270614489332053,2.1914560126392136e-06,8.955554279080322e-05,1.1793961153561665e-05,9.112185667222855e-05
400.0,1.3000000000000003,1969.1840339744472,2.0954920163808335e-05,-14.904514804857168,0.015097346108365179,2.1699199283467355e-06,7.562363134257088e-05,1.0934206870864215e-05,7.721888324575935e-05
400.0,1.4000000000000001,1970.8806017712295,1.8466501117995928e-05,-12.80424295623561,0.014059413920165305,1.910615301485094e-06,6.491545348402215e-05,1.0174497120736216e-05,6.651847363842808e-05
400.0,1.5000000000000002,1972.4491271384495,1.7821152569399623e-05,-11.085446811148357,0.013153375162107756,1.8423981309927e-06,5.615993025693725e-05,9.511880718069945e-06,5.777788458334835e-05
400.0,1.6,1973.906798037558,1.6898695586837695e-05,-9.692070140158647,0.01239834281890922,1.7457591653632332e-06,4.906712586260882e-05,8.959785079820984e-06,5.070686356730921e-05
400.0,1.7000000000000002,1975.267548235265,1.5528550013459627e-05,-8.544197531477947,0.011685883121475631,1.6031228960425812e-06,4.3227990243483943e-05,8.439543678095667e-06,4.487405640790153e-05
400.0,1.8000000000000003,1976.542856457657,1.5136949232100978e-05,-7.5851677072250805,0.011049423877591384,1.561700470675025e-06,3.835265927899306e-05,7.975119355132667e-06,4.000712985941209e-05
400.0,1.9000000000000001,1977.742313002977,1.4324818339673601e-05,-6.777544961209968,0.010506224763543064,1.4770277005919256e-06,3.424950240096984e-05,7.578778676658217e-06,3.591776437923014e-05
400.0,2.0,1978.8739940986848,1.3586681024366969e-05,-6.102873328336499,0.0100011512719334,1.4001284374810403e-06,3.082345427810108e-05,7.210590788040702e-06,3.24966295529365e-05
400.0,2.1,1979.9446464611092,1.4122710437777658e-05,-5.476370779842909,0.009544153900549194,1.4545909053859732e-06,2.7645027161144123e-05,6.87762736303646e-06,2.934223709487747e-05
400.0,2.2,1980.9605351157352,1.2212560653802045e-05,-5.01804758569051,0.009126127873651062,1.2572160058929315e-06,2.5319043040416787e-05,6.573233039768386e-06,2.7000913276371905e-05
400.0,2.3000000000000003,1981.9262432945043,1.2830745960854999e-05,-4.5244662358072665,0.00874388453217421,1.3202201171722968e-06,2.2818033387382385e-05,6.295034429775109e-06,2.4528769756544902e-05
400.0,2.4000000000000004,1982.8467068109153,1.0954703565266768e-05,-4.1763115075127635,0.008391777761096368,1.1266688467087504e-06,2.1052870988741208e-05,6.0389019547597504e-06,2.274707526688052e-05
400.0,2.5000000000000004,1983.7254072122512,1.0363544252186342e-05,-3.822246401909978,0.008068752541976212,1.065403872090536e-06,1.925986146648849e-05,5.804022076131464e-06,2.0963079297647003e-05
400.0,2.6,1984.565885149568,9.74970984175344e-06,-3.524903407560486,0.007763825301196906,1.0018813912599752e-06,1.775438044107016e-05,5.582448814917796e-06,1.945634242890379e-05
400.0,2.7,1985.3711140528092,9.345299209871893e-06,-3.253721717965163,0.007482499309452354,9.599401707881372e-07,1.6382105407290674e-05,5.378103022481391e-06,1.8087090615903986e-05
400.0,2.8000000000000003,1986.1438057388707,8.819608947828794e-06,-3.0170165909339626,0.007228899183473917,9.055943853164894e-07,1.5184646195114945e-05,5.1939123133180435e-06,1.689221807514955e-05
400.0,2.9000000000000004,1986.886327259023,8.27847862597083e-06,-2.8030032813376233,0.006987647795455135,8.497182327224218e-07,1.4102445797469335e-05,5.01879631274387e-06,1.581068092787924e-05
400.0,3.0000000000000004,1987.6008187463617,7.791444361510011e-06,-2.6113882535128137,0.006757641173271625,7.994448280564253e-07,1.3133845208761064e-05,4.851940804502995e-06,1.4839799902343847e-05
400.0,3.1,1988.2891963511654,7.287187051042574e-06,-2.4381496125670306,0.006545268069896796,7.474501678156612e-07,1.2258456467503102e-05,4.697912397190391e-06,1.3963137129684955e-05
400.0,3.2,1988.9531924598434,6.863229302553017e-06,-2.2801243700769187,0.006347302903446919,7.03733045459131e-07,1.1460247297655182e-05,4.554374835526871e-06,1.316499785824688e-05
400.0,3.3000000000000003,1989.5943873248207,6.334342244349508e-06,-2.1410349127108925,0.006158323434056004,6.492964549807597e-07,1.075781161145453e-05,4.417420714311922e-06,1.2457098702685976e-05
400.0,3.4000000000000004,1990.2141718406708,6.04539127848512e-06,-2.0078355536725208,0.006315608763293315,6.194876378208457e-07,1.0085501090079946e-05,4.528898383057096e-06,1.1963399947319783e-05
400.0,3.5000000000000004,1990.8138780009842,1.5018609434923765e-05,-1.8907776948253736,0.005319006097471404,1.5385408830468993e-06,9.494741134180095e-06,3.813142533272917e-06,1.1027117901428652e-05
400.0,3.6,1991.3946763843494,-8.43286969050042e-06,-1.7817601946944701,0.004787804444708856,8.636343360055724e-07,8.94476942461531e-06,3.431373749098994e-06,1.0212904383076935e-05
400.0,3.7,1991.9576571657676,-1.0033141181997974e-05,-1.6827571134626849,0.0055678505030698515,1.0272366464924877e-06,8.445439876700128e-06,3.989348716603255e-06,1.0208353256239808e-05
400.0,3.8000000000000003,1992.5038103760512,-1.1790483343429529e-05,nan,0.005382421331233902,1.2068352966298977e-06,nan,3.85547777791267e-06,nan
400.0,3.9000000000000004,nan,nan,nan,0.0051652763771699054,nan,nan,3.6989933130541244e-06,nan
400.0,4.0,1993.5464553581862,1.595335416727723e-05,nan,0.0050877144887863344,1.6320894172248217e-06,nan,3.6425475051747794e-06,nan
400.0,4.1,1994.0473200753222,1.6325982222269906e-05,-1.3563459710894674,0.004907034365635356,1.6697973673171448e-06,6.800312998242958e-06,3.5123442211442828e-06,8.585196793177352e-06
400.0,4.2,1994.5346213327473,1.5204688328412904e-05,-1.305389872186424,0.004849192363826662,1.5547388621933463e-06,6.5432785421282094e-06,3.470129316102562e-06,8.325581177938187e-06
400.0,4.3,1995.0088686914505,1.7521444849126076e-05,-1.1952688848623436,0.005263619816201983,1.791216671312897e-06,5.989908081903589e-06,3.765843816519379e-06,8.212832355166984e-06
400.0,4.3999999999999995,1995.4711633613051,2.0314037545858834e-06,-1.1844447766179653,0.005106116011086217,2.0762325806158106e-07,5.934325118567474e-06,3.6523459879176033e-06,7.870107017129094e-06
400.0,4.5,1995.9216135833935,2.33913824285992e-06,-1.1315265718621956,0.004517832476574315,2.390226644155769e-07,5.667946400418112e-06,3.2308533357618346e-06,7.284200353266219e-06
400.0,4.6,1996.3607485397633,3.5866775780277794e-06,-1.031876562956313,0.004443613124107061,3.664218967632e-07,5.167678062738575e-06,3.1771048726554776e-06,6.857634600227648e-06
400.0,4.7,1996.7895647305036,1.7460611905562494e-06,-1.0343776761146726,0.004347278200111761,1.7834327161688552e-07,5.179118333579205e-06,3.1075858568237506e-06,6.794796005091637e-06
400.0,4.8,1997.2080371444827,1.3912923726593378e-06,-0.9736682497532454,0.004257825139933404,1.4207774878122142e-07,4.874149351236462e-06,3.0430285224351948e-06,6.503657675613456e-06
400.0,4.9,1997.6167728759642,1.2005685778603962e-06,-0.930710026273118,0.004170872099734881,1.225764766048674e-07,4.6581705672408794e-06,2.9802972904479163e-06,6.283145860556515e-06
400.0,5.0,1998.016201507183,nan,nan,nan,nan,nan,nan,nan
414.2857142857143,0.1,1901.9951998079387,nan,nan,nan,nan,nan,nan,nan
414.2857142857143,0.2,1920.708858576704,4.054025479892976e-05,-806.3426007948691,0.09011325535598762,4.302797556910742e-06,0.004175000932822152,6.658471105333245e-05,0.004176064936112077
414.2857142857143,0.30000000000000004,1931.3590913375206,3.544250120189649e-05,-324.5200037134054,0.059672364629636855,3.741210661141109e-06,0.001673849849426866,4.392533605474914e-05,0.0016750063239816732
414.2857142857143,0.4,1938.7641240612031,3.174533789435831e-05,-175.54791040233792,0.04523642335578304,3.3382876738333715e-06,0.0009028321103548148,3.320324316364679e-05,0.0009040585569339468
414.2857142857143,0.5,1944.4136776808623,2.8182859488083558e-05,-109.8378206082543,0.03664989155757327,2.955148172366662e-06,0.0005635700430095547,2.6838684146144297e-05,0.0005648544557776853
414.2857142857143,0.6,1948.964853094439,2.6217998709898926e-05,-75.07940546054213,0.03090115348899191,2.7427739947397043e-06,0.00038447737667532416,2.2585363253165172e-05,0.0003858115773935253
414.2857142857143,0.7000000000000001,1952.7652344534101,2.4078475577675845e-05,-54.48665186852394,0.02672565711624203,2.514104565698971e-06,0.0002785586599129823,1.950140817036729e-05,0.00027993188024149436
414.2857142857143,0.8,1956.020749293696,2.2229108665987978e-05,-41.29308334420329,0.02358011896793074,2.317189697810909e-06,0.00021080124704068813,1.7181478094725007e-05,0.00021220966401425714
414.2857142857143,0.9,1958.86333330054,2.0630934229757283e-05,-32.339726868121936,0.02112632086784175,2.1475109423709893e-06,0.00016488230387351368,1.537400824374736e-05,0.0001663234986189352
414.2857142857143,1.0,1961.3825200387028,1.8714389371666607e-05,-25.9918147825374,0.019119371636196557,1.9455431130304037e-06,0.00013236535774014142,1.3897704849538123e-05,0.00013383073439180565
414.2857142857143,1.1,1963.64178862904,1.7809814907082022e-05,-21.32850460461668,0.017460697148999324,1.8493999228580193e-06,0.00010850403053092793,1.2678984359459891e-05,0.00010999117332907247
414.2857142857143,1.2000000000000002,1965.6877721733313,1.6618944373954057e-05,-17.805903865905744,0.016117886647720077,1.7239643492714002e-06,9.049758487630276e-05,1.1692940810317681e-05,9.201214404147077e-05
414.2857142857143,1.3000000000000003,1967.5556966789634,1.5068651653109573e-05,-15.080613940290274,0.014925681867026704,1.5616798522584168e-06,7.65796075844585e-05,1.081871862152307e-05,7.810867101016368e-05
414.2857142857143,1.4000000000000001,1969.2728150451926,1.4489160219636704e-05,-12.929358660198885,0.013864349004171578,1.5003300914006731e-06,6.560260222837528e-05,1.0041431533312249e-05,6.713876007191364e-05
414.2857142857143,1.5000000000000002,1970.8606398248198,1.274060159969396e-05,-11.203220119045907,0.013031116334497035,1.3182204497308879e-06,5.680177040280591e-05,9.430982504523848e-06,5.8361508616968054e-05
414.2857142857143,1.6,1972.3364324032566,1.2633718577694724e-05,-9.797416246897226,0.012282447215392272,1.3061963798790203e-06,4.9639486784019727e-05,8.88302608956558e-06,5.1221100165649344e-05
414.2857142857143,1.7000000000000002,1973.7142508192244,1.1788127257159445e-05,-8.636994438279542,0.011565502802625366,1.2179313423705439e-06,4.37314912123086e-05,8.359113897739722e-06,4.5317504903930046e-05
414.2857142857143,1.8000000000000003,1975.0056992908094,1.1024816004623985e-05,-7.668522271319487,0.01095201263014474,1.1383322362944473e-06,3.8803981725118436e-05,7.910905392433015e-06,4.040061442923318e-05
414.2857142857143,1.9000000000000001,1976.2204625396812,1.0264344002439441e-05,-6.852926231067612,0.010368703343897327,1.0591693712361519e-06,3.465683043568275e-05,7.485283748534655e-06,3.625295410303532e-05
414.2857142857143,2.0,1977.3666965262423,8.724484462277371e-06,-6.158042032552657,0.009924038332428614,8.997576593697133e-07,3.112556713747252e-05,7.16040099560108e-06,3.274375021756845e-05
414.2857142857143,2.1,1978.451350092478,8.30728959820136e-06,-5.563732064069881,0.00947998475136274,8.562690008293752e-07,2.8107033334018224e-05,6.8364993239496305e-06,2.9735735495429072e-05
414.2857142857143,2.2,1979.4803663380728,8.301868655621557e-06,-5.049283983703389,0.009035600116573055,8.552714096404424e-07,2.5495525354512696e-05,6.512855970399936e-06,2.71217235453261e-05
414.2857142857143,2.3000000000000003,1980.4588897438307,7.0644768769398155e-06,-4.602094186498106,0.008657213511958166,7.274387630536264e-07,2.3226578073352384e-05,6.237218354674004e-06,2.4855761540521973e-05
414.2857142857143,2.4000000000000004,1981.3913922077236,7.1329371781075765e-06,-4.211625742641444,0.008252899929959772,7.341472540059184e-07,2.1246352503985145e-05,5.943290840524178e-06,2.2860268566757424e-05
414.2857142857143,2.5000000000000004,1982.28177841419,5.643099313783757e-06,-3.8663454132120014,0.00798538501387043,5.805505726716413e-07,1.9496142901815382e-05,5.748205671739644e-06,2.1131028463013232e-05
414.2857142857143,2.6,1983.1335011665244,6.003640114658999e-06,-3.5660208662648065,0.007724606751253308,6.173807005498729e-07,1.7974352430592892e-05,5.558231619107212e-06,1.9627694253066467e-05
414.2857142857143,2.7,1983.9495637101961,5.563224957677455e-06,-3.29208368395939,0.007416878738825975,5.718588450002359e-07,1.6587038017634036e-05,5.334730055724237e-06,1.823116952562114e-05
414.2857142857143,2.8000000000000003,1984.7327054170282,5.096365031045031e-06,-3.052506902668028,0.0071578004243065185,5.236652517941504e-07,1.537410963838758e-05,5.146459078857854e-06,1.701791863213053e-05
414.2857142857143,2.9000000000000004,1985.4853220548337,4.639280284891361e-06,-2.836047488654003,0.006918102986628586,4.765204138184989e-07,1.4278692036108392e-05,4.972328534683218e-06,1.5923448749578746e-05
414.2857142857143,3.0000000000000004,1986.2095782177526,4.177274970220429e-06,-2.6436839687448805,0.006693629887377032,4.2891162446846434e-07,1.3305521797426142e-05,4.809324734091521e-06,1.494925029154557e-05
414.2857142857143,3.1,1986.907397540984,3.838255854770982e-06,-2.4658882889525553,nan,3.939655875107844e-07,1.2406482238169105e-05,nan,nan
414.2857142857143,3.2,1987.580557981326,nan,-2.3091984937764205,0.005776537391074046,nan,1.161433921735188e-05,4.147677700306895e-06,nan
414.2857142857143,3.3000000000000003,1988.23062643673,-1.1190333684976409e-05,-2.1645773028922117,nan,1.1478427879127739e-06,1.0883512855528575e-05,nan,nan
414.2857142857143,3.4000000000000004,1988.8590491191053,-1.1708368105541935e-05,-1.8423942407025602,0.0059148847875007985,1.2006059008574462e-06,9.260733373485833e-06,4.244412551112046e-06,1.1101023058801516e-05
414.2857142857143,3.5000000000000004,1989.4690478590735,-3.109487219774113e-05,-2.5773149547603675,0.0057426246713760095,3.1875869238089307e-06,1.2950984725614574e-05,4.1196000108989876e-06,1.4554412535706742e-05
414.2857142857143,3.6,1990.053273449494,1.4631212932772559e-05,-1.3548875870583286,0.00555115521761991,1.499432462296338e-06,6.806346256140818e-06,3.98111963420971e-06,8.959535375857964e-06
414.2857142857143,3.7,1990.6239501640441,1.5330700060690123e-05,-1.6653906741794342,0.005439586543974431,1.570673094804472e-06,8.363846410443276e-06,3.900036667180504e-06,1.0141080453232404e-05
414.2857142857143,3.8000000000000003,1991.1779729718523,1.439743573102989e-05,-1.6288051500623622,nan,1.4746532351431495e-06,8.177899806394811e-06,nan,nan
414.2857142857143,3.9000000000000004,1991.71570772816,nan,-1.5235594146361107,0.005616069928038317,nan,7.647476136973752e-06,4.02446455084651e-06,nan
414.2857142857143,4.0,1992.2382068903212,-7.241823553613367e-07,-1.4488598642401482,nan,7.413537669184965e-08,7.270669248045931e-06,nan,nan
414.2857142857143,4.1,1992.74621745384,1.741325435205001e-07,-1.3911448762428333,0.004968714745575655,1.7821670239175413e-08,6.979313355640516e-06,3.558807075260465e-06,8.604728242425794e-06
414.2857142857143,4.2,1993.2403165685964,1.7515341218313572e-06,-1.2672792076955373,0.004842900229607496,1.7921771796171524e-07,6.356349436495293e-06,3.4678687438503246e-06,8.030412467514573e-06
414.2857142857143,4.3,1993.7217428912759,-1.1975098414723121e-06,-1.2615915752121507,0.004704850851010181,1.2250059004804113e-07,6.326334126523653e-06,3.3682348434048263e-06,7.920070820114715e-06
414.2857142857143,4.3999999999999995,1994.1905532982032,-7.207123297121152e-07,-1.183623398264899,0.004531191015252036,7.3708982430536e-08,5.933997771353214e-06,3.243178478420821e-06,7.500278384853448e-06
414.2857142857143,4.5,1994.647527471148,-2.1131031185632335e-06,-1.1296373230379684,0.004526155858718541,2.1606336214097072e-07,5.662077942291445e-06,3.2388619871213102e-06,7.286032112493176e-06
414.2857142857143,4.6,1995.0932052708622,-2.042931453115673e-06,-1.0768932887685876,0.004440152567576663,2.0884240819455914e-07,5.396532783172222e-06,3.176636741585826e-06,7.024829051820341e-06
414.2857142857143,4.7,1995.5281141376888,-1.6169216491107383e-06,-1.0332352974955936,0.0042795030603883805,1.6525727890967594e-07,5.176652243988379e-06,3.0610610847008906e-06,6.750202097119977e-06
414.2857142857143,4.8,1995.9526906515405,-1.7452501600018898e-06,-0.9835330068654,0.004219683275891841,1.7833570435178213e-07,4.926613163395514e-06,3.017655361834543e-06,6.520414760642619e-06
414.2857142857143,4.9,1996.3674318353235,-2.139401229578655e-06,-0.9466370355085016,0.00413217715714609,2.1856669495410175e-07,4.740835210519647e-06,2.9544856643512005e-06,6.323073696799646e-06
414.2857142857143,5.0,1996.7727066487514,nan,nan,nan,nan,nan,nan,nan
428.57142857142856,0.1,1899.7302923992145,nan,nan,nan,nan,nan,nan,nan
428.57142857142856,0.2,1918.6022282022766,3.4789470717760237e-05,-812.3841347164215,0.08922152955224195,3.696495672164273e-06,0.004210661615860174,6.599462963850238e-05,0.004211697459414756
428.57142857142856,0.30000000000000004,1929.3503226581745,3.0111274922978775e-05,-327.13283974267137,0.05906519312384833,3.1817791808415006e-06,0.0016890141698680588,4.352197684730812e-05,0.0016901382531234652
428.57142857142856,0.4,1936.8270887166457,2.6583585460252865e-05,-177.0439629493694,0.044791556748992906,2.7982885876473514e-06,0.0009114075545315508,3.2908603219231914e-05,0.0009125993169008419
428.57142857142856,0.5,1942.5334151456232,2.4914651646668093e-05,-110.77738630428937,0.036273114309312876,2.614990237622079e-06,0.0005689259287057199,2.6587824118693265e-05,0.0005701731099502518
428.57142857142856,0.6,1947.1319677115578,2.1561161693421153e-05,-75.76781640375428,0.03053944316195613,2.2577303399307673e-06,0.0003883591548187639,2.2341536594317365e-05,0.0003896488406150118
428.57142857142856,0.7000000000000001,1950.9728421134548,1.8891146400073944e-05,-54.990061380112806,0.026452943399021944,1.9742956971958876e-06,0.00028138504603455767,1.9319794616240933e-05,0.0002827153177728394
428.57142857142856,0.8,1954.2638159015507,1.7914067655169697e-05,-41.68287505156058,0.023366370357138077,1.869066151698315e-06,0.0002129787265051008,1.7040764669060442e-05,0.0002143459975670797
428.57142857142856,0.9,1957.137960939131,1.6353726645797926e-05,-32.65170582146765,0.02089669173767562,1.703791774086084e-06,0.00016661706350296402,1.5220089127499186e-05,0.00016801027046838007
428.57142857142856,1.0,1959.6855889184967,1.4999171304839383e-05,-26.246172344644943,0.01892669060233062,1.5606621029100241e-06,0.0001337745339752106,1.376937972519832e-05,0.00013519339200758902
428.57142857142856,1.1,1961.970755174416,1.3779777020226918e-05,-21.540649198800562,0.01730468315994927,1.4321346226016306e-06,0.00010967517744651385,1.2576247506211177e-05,0.00011111714341260093
428.57142857142856,1.2000000000000002,1964.040514938347,1.2726224609150465e-05,-17.984008376743073,0.01593856743320999,1.3212620704627214e-06,9.147835579560005e-05,1.1572420585539339e-05,9.294018048692646e-05
428.57142857142856,1.3000000000000003,1965.9304346185108,1.1500002267916911e-05,-15.23690080455253,0.014775482175889471,1.1928197216026897e-06,7.743634047235874e-05,1.0718591918082052e-05,7.891505604162021e-05
428.57142857142856,1.4000000000000001,1967.667985290629,1.0650417411625326e-05,-13.078332878171748,0.013776413561487295,1.1037346157399748e-06,6.641192581522247e-05,9.985785095324655e-06,6.790577242421009e-05
428.57142857142856,1.5000000000000002,1969.2747526339656,1.1365859926172576e-05,-11.287489843311958,0.012902956141186911,1.176929105675109e-06,5.72745556486172e-05,9.345664453883171e-06,5.879151958433703e-05
428.57142857142856,1.6,1970.768645078869,8.917373640883862e-06,-9.917838033197766,0.012135206957430006,9.22698654099021e-07,5.0289130396912614e-05,8.783444681513599e-06,5.1808742600360174e-05
428.57142857142856,1.7000000000000002,1972.1633591434404,8.195607045763619e-06,-8.728112160019917,0.01145568689989887,8.474240208723926e-07,4.422721732198682e-05,8.286187227577119e-06,4.57611918229664e-05
428.57142857142856,1.8000000000000003,1973.4707920864116,7.451430937612722e-06,-7.751818891529181,0.010847692548674109,7.699725585073453e-07,3.9255664742897354e-05,7.841586470088401e-06,4.079927730834648e-05
428.57142857142856,1.9000000000000001,1974.7007068404675,6.79842801930591e-06,-6.944213369047246,0.010301629449651278,7.020645297191416e-07,3.514524927779675e-05,7.442531284336572e-06,3.6694195525164735e-05
428.57142857142856,2.0,1975.861179460833,7.873693441069927e-06,-6.190299212767058,0.009808124936438394,8.126344068028169e-07,3.131221672884023e-05,7.08210846397608e-06,3.288506973907802e-05
428.57142857142856,2.1,1976.9597490890708,5.50990733581785e-06,-5.642689798878563,0.009359067283890004,5.683591283698856e-07,2.8527221446125868e-05,6.75434641697244e-06,3.008933011178617e-05
428.57142857142856,2.2,1978.0018918193198,4.9106201584891155e-06,-5.105662643677532,0.008912915614081389,5.062780092825295e-07,2.5799296413045924e-05,6.42918500226571e-06,2.7359255333755048e-05
428.57142857142856,2.3000000000000003,1978.992977923132,3.3175539873127532e-06,-4.653072094743037,0.008576853150219681,3.4186613903055295e-07,2.3501105547373407e-05,6.183860193217266e-06,2.507786051847954e-05
428.57142857142856,2.4000000000000004,1979.9375333059968,3.829461507325509e-06,-4.278741981147504,0.008270768319641778,3.9443128685758875e-07,2.1600651695502376e-05,5.960496354471955e-06,2.3190488638530422e-05
428.57142857142856,2.5000000000000004,1980.83930126905,5.239246461565023e-06,-3.8726815946120032,0.007912471448253203,5.393955508198948e-07,1.9542196180130172e-05,5.699833437190547e-06,2.1146266373200953e-05
428.57142857142856,2.6,1981.7023424161573,2.9171787334917133e-06,-3.623484364925388,0.007620523105651958,3.002029859924122e-07,1.827707989698693e-05,5.487267306908728e-06,1.985854920150466e-05
428.57142857142856,2.7,1982.5291487196153,2.4047787408335382e-06,-3.3309853391301654,0.007349756959149548,2.473707903546129e-07,1.6794974570792467e-05,5.290209996604504e-06,1.838763189640892e-05
428.57142857142856,2.8000000000000003,1983.322645169682,1.945043986165731e-06,-3.0877977209229353,0.007214676820746039,2.0000061025613737e-07,1.556282775496308e-05,5.191013531053288e-06,1.720856911349426e-05
428.57142857142856,2.9000000000000004,1984.0852636425393,4.9212625139262005e-06,-2.8691921157360407,0.006346136142957451,5.058407017166703e-07,1.4455685081598062e-05,4.564427075106765e-06,1.5839529508220418e-05
428.57142857142856,3.0000000000000004,1984.8191901942394,-1.3150937575801452e-05,-2.673469761543856,0.005994399741695136,1.3512495563516058e-06,1.3464790927561641e-05,4.3099281894162766e-06,1.4841746261216597e-05
428.57142857142856,3.1,1985.526382048324,-1.3856157135046503e-05,nan,0.0064075501560978436,1.4232103488654517e-06,nan,4.60541991285959e-06,nan
428.57142857142856,3.2,nan,nan,nan,0.006211405024396302,nan,nan,4.462981120575724e-06,nan
428.57142857142856,3.3000000000000003,1986.864581807071,1.3348726137724058e-05,nan,0.00602933480742536,1.37017798026159e-06,nan,4.330792291688068e-06,nan
428.57142857142856,3.4000000000000004,1987.501536934661,1.289861852671949e-05,-2.062023737357776,0.005522096081222119,1.3235584135878554e-06,1.0371737846031541e-05,3.9652331841751646e-06,1.1864691366856116e-05
428.57142857142856,3.5000000000000004,1988.1178718248775,2.2255180874685746e-05,-1.9350238632114265,0.0061855697718272065,2.2829576829972246e-06,9.730021661525861e-06,4.440347584339027e-06,1.1803329642757988e-05
428.57142857142856,3.6,1988.7148564764618,-1.0384996989614604e-06,-1.8469251427404738,0.006406011162886219,1.064990153285693e-07,9.284327635386228e-06,4.597274396128271e-06,1.1334899444990922e-05
428.57142857142856,3.7,1989.2933718766187,-2.3442491628884482e-07,-1.6813456932140978,0.005408308914775264,2.4033579846581287e-08,8.44958869284127e-06,3.880193381711996e-06,1.0075114294642738e-05
428.57142857142856,3.8000000000000003,1989.8550738198435,-1.6804961147954621e-06,-1.650262719067541,0.005235775111970045,1.7223894369558286e-07,8.291109790030077e-06,3.7553947595851573e-06,9.847748341864615e-06
428.57142857142856,3.9000000000000004,1990.4002731358776,-2.0409341827644336e-06,-1.5661821772937399,0.00508733202945564,2.0912481562496913e-07,7.866586601553955e-06,3.6479659710374837e-06,9.409688060714515e-06
428.57142857142856,4.0,1990.9298106301387,-1.3635391887191888e-06,-1.4197754788256132,0.0050076806192407754,1.3967873061454749e-07,7.129372750045882e-06,3.5899350320678547e-06,8.753441210507952e-06
428.57142857142856,4.1,1991.4451503696116,-2.6274557728811518e-06,-1.4120848695711172,0.004967996615482664,2.6908366913797266e-07,7.088970322506352e-06,3.5606032865800923e-06,8.699522848017727e-06
428.57142857142856,4.2,1991.9463692603888,-3.859363308515644e-06,-1.3215449828294366,0.004728795354776596,3.9514812060349276e-07,6.632815619606528e-06,3.3883474258541648e-06,8.192202490020488e-06
428.57142857142856,4.3,1992.4343727013377,-4.450749883153554e-06,-1.2579991334177973,0.004632222710279168,4.555883015887494e-07,6.312373675153086e-06,3.318369452578073e-06,7.878881504561214e-06
428.57142857142856,4.3999999999999995,1992.9097961509524,-3.4207047974405254e-06,-1.2209487199243083,0.004605779268354129,3.5006836168751483e-07,6.125038884994587e-06,3.2986703557691584e-06,7.70721100221155e-06
428.57142857142856,4.5,1993.3730101133679,-1.4466855192040402e-06,-1.097899860860707,0.004460547750841217,1.4801710007833568e-07,5.5064999481346765e-06,3.1939415440819915e-06,7.1236209833727464e-06
428.57142857142856,4.6,1993.8252450771747,-3.935512694602044e-06,-1.1146480117531608,0.004362638968893864,4.025705936541402e-07,5.589263545170018e-06,3.1231538859211804e-06,7.135132125653366e-06
428.57142857142856,4.7,1994.266333560864,-4.1132477517749114e-06,-1.0434059457111287,0.004272791581502135,4.206597294929598e-07,5.2308994899776974e-06,3.058182692487539e-06,6.800310790215892e-06
428.57142857142856,4.8,1994.6969879850963,-4.4211153965307e-06,-0.998822714154812,0.0041850558135763565,4.5204901523845343e-07,5.006334899904622e-06,2.994764924989571e-06,6.573048862900432e-06
428.57142857142856,4.9,1995.117654182187,-4.5603371161405505e-06,-0.9555590582976945,0.004100724101056132,4.661872505376983e-07,4.788500547617404e-06,2.9338227970147953e-06,6.353085900227032e-06
428.57142857142856,5.0,1995.5287647886946,nan,nan,nan,nan,nan,nan,nan
442.8571428571429,0.1,1897.473970295667,nan,nan,nan,nan,nan,nan,nan
442.8571428571429,0.2,1916.5026977198324,2.9742251555308065e-05,-818.3726007021959,0.0884187641059214,3.1636819591691696e-06,0.004246107752475826,6.546893981249001e-05,0.004247118248728094
442.8571428571429,0.30000000000000004,1927.347699136976,2.5440714740398137e-05,-329.72219605087497,0.05850069257180055,2.6910522879680864e-06,0.0017040827253911172,4.31491372908723e-05,0.0017051770796127678
442.8571428571429,0.4,1934.8954785936107,2.2142121355477712e-05,-178.50208170764287,0.04438044393883162,2.333094318513629e-06,0.0009198017367660598,3.263811767870052e-05,0.0009209620902828609
442.8571428571429,0.5,1940.658237233169,1.912617933219283e-05,-111.75133069705223,0.035928461471081634,2.0093872641241184e-06,0.0005744673347813982,2.6359987089339356e-05,0.0005756791243450821
442.8571428571429,0.6,1945.303482565757,1.751426565183467e-05,-76.4422788845195,0.03025330934148657,1.835694749106671e-06,0.0003921757356866528,2.215254482894923e-05,0.00039342934298470476
442.8571428571429,0.7000000000000001,1949.1843051094995,1.713793760563933e-05,-55.45892116622325,0.026200087046930786,1.7927150042111005e-06,0.00028403903627833156,1.915232502222986e-05,0.00028533315801799824
442.8571428571429,0.8,1952.51053844158,1.4081381831533708e-05,-42.084570070437614,0.02311729454044099,1.4705033019632592e-06,0.00021522055491772374,1.68739798345628e-05,0.0002165444804883479
442.8571428571429,0.9,1955.415926072956,1.2701234492396923e-05,-32.95948506729473,0.020698312053531263,1.3244281821982158e-06,0.00016833311780599077,1.5088653703703966e-05,0.0001696853782783772
442.8571428571429,1.0,1957.991718853659,1.1441647025822036e-05,-26.497771517847465,0.018748507084586672,1.1915329777765255e-06,0.0001351718475049417,1.3651366351293296e-05,0.00013654877412577085
442.8571428571429,1.1,1960.3025339191836,1.0286045621137432e-05,-21.749409264953098,0.017140490532079874,1.069941016383285e-06,0.00011083089688929976,1.246736758207711e-05,0.00011222968853168216
442.8571428571429,1.2000000000000002,1962.3958548920587,9.117200141167825e-06,-18.165636763706058,0.015788192154190035,9.473598308600346e-07,9.247857875306098e-05,1.147271532252777e-05,9.389585407555946e-05
442.8571428571429,1.3000000000000003,1964.3075194972967,8.355312560888716e-06,-15.385501189530256,0.014640661262865258,8.673581723575508e-07,7.825528969907876e-05,1.0629450970323411e-05,7.969073429167857e-05
442.8571428571429,1.4000000000000001,1966.0653290906394,7.418021774014969e-06,-13.19536776204586,0.013680271187502063,7.693787803704734e-07,6.706015589536323e-05,9.924082217290746e-06,6.851737931451549e-05
442.8571428571429,1.5000000000000002,1967.6911850063616,5.797468431046589e-06,-11.436329543084865,0.012784701205180233,6.008084047591932e-07,5.807593942980162e-05,9.267378446551382e-06,5.9539434981669296e-05
442.8571428571429,1.6,1969.202677626653,5.8399273365694245e-06,-10.003020642147929,0.011996961804010203,6.047497804465191e-07,5.0760930000950025e-05,8.690211580807077e-06,5.2230999334654565e-05
442.8571428571429,1.7000000000000002,1970.614140040523,5.096857015701068e-06,-8.819687218760917,0.011352390624728065,5.274283676050324e-07,4.4725999891243746e-05,8.217857065582827e-06,4.6214279140274265e-05
442.8571428571429,1.8000000000000003,1971.9374055822052,4.413574335058007e-06,-7.8332548343951185,0.01075044760052038,4.564189446057158e-07,3.9698585788326136e-05,7.777270871103407e-06,4.1196576511296564e-05
442.8571428571429,1.9000000000000001,1973.1823385755436,3.7711774938543432e-06,-7.000229724576455,0.010239293231120432,3.8974415581269654e-07,3.5455739614740165e-05,7.403132320629424e-06,3.697126057424525e-05
442.8571428571429,2.0,1974.3572692716361,2.2458977127371352e-06,-6.292741118022604,0.009720362864754865,2.3197301346456036e-07,3.1854411533715577e-05,7.024034085840096e-06,3.3368120344370235e-05
442.8571428571429,2.1,1975.4692725565485,2.6023601702036136e-06,-5.685637351484728,0.009247622479489341,2.686417427219571e-07,2.8765834084737628e-05,6.67890627964075e-06,3.0278060657199218e-05
442.8571428571429,2.2,1976.524419467946,2.0885164720994023e-06,-5.18232250760775,0.008873675369022753,2.1548404640645856e-07,2.620606727540346e-05,6.405621060822336e-06,2.7728475575965747e-05
442.8571428571429,2.3000000000000003,1977.5277431542675,3.695986657066901e-06,-4.661091356229007,0.008502345544167159,3.811448548087976e-07,2.3558898035643326e-05,6.134641985375007e-06,2.5108456994240763e-05
442.8571428571429,2.4000000000000004,1978.4844559270266,1.0834621537924263e-06,-4.32753419038363,0.008193902511305855,1.1167762696763181e-07,2.1862881661666988e-05,5.909401640330888e-06,2.3405984746169313e-05
442.8571428571429,2.5000000000000004,1979.397893357882,-3.779484505912483e-07,-3.9551780348347156,0.00784969928804458,3.8939219756969114e-08,1.9972905117171603e-05,5.658698526896658e-06,2.1516509780142773e-05
442.8571428571429,2.6,1980.2717790083889,2.3812444178474864e-07,-3.6440158689856608,0.007014802612656016,2.452276702402209e-08,1.8393816069908886e-05,5.054728499694739e-06,1.9734072853594954e-05
442.8571428571429,2.7,1981.109224500206,-1.4503654533746176e-05,-3.368812193525627,0.006761584386833878,1.493006798207488e-06,1.6997780550117257e-05,4.8703151201498685e-06,1.8400911707536645e-05
442.8571428571429,2.8000000000000003,1981.9129818700878,-1.5258572835728064e-05,-3.052967043618082,0.007009155832696482,1.570089699653792e-06,1.5398135261559722e-05,5.046698317093577e-06,1.7044238880212813e-05
442.8571428571429,2.9000000000000004,1982.6862095695335,-2.2774725972226435e-05,-3.3318963064402847,0.006775772623529977,2.342592500840945e-06,1.679869129325637e-05,4.8768548915148866e-06,1.8309866085171375e-05
442.8571428571429,3.0000000000000004,1983.4261183059148,1.1867230182269865e-05,-2.34882738025135,0.0065570414505089075,1.2202036954460848e-06,1.183799719202234e-05,4.717742436890772e-06,1.364335962944572e-05
442.8571428571429,3.1,1984.1425387684935,1.175666152353189e-05,-2.5246589263588244,nan,1.2084043304408817e-06,1.2719750326079005e-05,nan,nan
442.8571428571429,3.2,1984.8337126418087,nan,-2.3625107887710324,0.0066674228404963315,nan,1.189881283226478e-05,4.7939300238945525e-06,nan
442.8571428571429,3.3000000000000003,1985.5012614072361,-2.679722898437834e-06,-2.2153051318809953,nan,2.7524886657025794e-07,1.115378425826714e-05,nan,nan
442.8571428571429,3.4000000000000004,1986.1466571213448,-4.242681677828847e-06,-2.0815171124013427,0.005819244506244561,4.356491743769675e-07,1.0476883664011555e-05,4.181445454167967e-06,1.2038432359935052e-05
442.8571428571429,3.5000000000000004,1986.7712376643294,-3.2660217347711333e-06,-1.9590642598586778,0.005714957006063062,3.352593210686589e-07,9.85754097632168e-06,4.105276464239271e-06,1.1445090764511141e-05
442.8571428571429,3.6,1987.3762275647155,-3.48272089354396e-06,-1.8471717727834398,0.005545869358729763,3.5739631738291447e-07,9.291782638959851e-06,3.982655662798072e-06,1.0871432702003432e-05
442.8571428571429,3.7,1987.9627457473737,-4.860386460177329e-06,-1.7432220588034393,0.005360908060083605,4.986271095761448e-07,8.766377439906892e-06,3.8487426479417536e-06,1.033071354522446e-05
442.8571428571429,3.8000000000000003,1988.5318317094438,-4.167948409076421e-06,-1.6495645098984821,0.005186665046375085,4.2746917970522284e-07,8.293084454494693e-06,3.7226288575351924e-06,9.832289198904136e-06
442.8571428571429,3.9000000000000004,1989.084422026415,-4.4289590303606074e-06,-1.5876246733796504,0.005130401847389978,4.54114281468352e-07,7.97953260837558e-06,3.681267645468468e-06,9.53848118852832e-06
442.8571428571429,4.0,1989.6211360966524,-3.2789504329912272e-06,-1.4303096970479598,0.00491629479204221,3.3611107442382124e-07,7.186967488620605e-06,3.52672443579101e-06,8.754487011176081e-06
442.8571428571429,4.1,1990.1435470699194,-6.4012406018037005e-06,-1.4323716170110854,0.004811109776727564,6.559937805862737e-07,7.1954911261775374e-06,3.4504011116050356e-06,8.718712981225961e-06
442.8571428571429,4.2,1990.6516343270162,-5.175957798337556e-06,-1.3627389016164668,0.004787521614076697,5.302943564792274e-07,6.843992540724854e-06,3.432643345871115e-06,8.407587447176369e-06
442.8571428571429,4.3,1991.1460941950968,-2.933611231128456e-06,-1.2213162495754657,0.004628354280134774,3.004847626706724e-07,6.132249800297306e-06,3.3177290305245697e-06,7.72718775142772e-06
442.8571428571429,4.3999999999999995,1991.6283409006817,-5.722932353455697e-06,-1.2390092621444635,0.0045654973319699385,5.860502971644772e-07,6.219619412792411e-06,3.2719109833339263e-06,7.774183144003822e-06
442.8571428571429,4.5,1992.0981975136451,-7.06556981383529e-06,-1.1572408977372104,0.004372242308750176,7.233734057378869e-07,5.807819795098814e-06,3.1327020542514554e-06,7.340414441834537e-06
442.8571428571429,4.6,1992.5564817176312,-7.680676834843335e-06,-1.1052375894678332,0.004290867793025657,7.861697368942182e-07,5.545587205663165e-06,3.073717401601371e-06,7.0899279009477575e-06
442.8571428571429,4.7,1993.0037135457226,-6.408600505574221e-06,-1.0562323610201927,0.004239585861728303,6.558189506531642e-07,5.298540001502479e-06,3.0363264533518628e-06,6.851509418092214e-06
442.8571428571429,4.8,1993.4403830502038,-8.124834286581982e-06,-1.0106706678698172,0.004099515725823723,8.312688374368809e-07,5.068897250011694e-06,2.9353913162036713e-06,6.6043751839032904e-06
442.8571428571429,4.9,1993.8669458480063,-8.356633598282324e-06,-0.9676889245156415,0.004123459593381542,8.548044395506845e-07,4.852312941148914e-06,2.9519276624395773e-06,6.4578158348832435e-06
442.8571428571429,5.0,1994.2838317565636,nan,nan,nan,nan,nan,nan,nan
457.1428571428571,0.1,1895.2249872588122,nan,nan,nan,nan,nan,nan,nan
457.1428571428571,0.2,1914.4092370846445,2.531746535669302e-05,-824.3219312099199,0.08761612551300577,2.6959678537256856e-06,0.004281412816578844,6.494204115119172e-05,0.004282398616619665
457.1428571428571,0.30000000000000004,1925.3502675983775,2.041254290875261e-05,-332.2910841258135,0.05798173924749224,2.161428934324751e-06,0.0017190714877389874,4.280905970592904e-05,0.0017201385650342201
457.1428571428571,0.4,1932.9683872708524,1.8386902475890588e-05,-179.95443207078094,0.0439948774407924,1.939344589010996e-06,0.0009281805352525918,3.2385828534664504e-05,0.0009293118695351826
457.1428571428571,0.5,1938.7869626226195,1.593121637185961e-05,-112.69662145016352,0.03560496760687785,1.6753432340326317e-06,0.0005798706663799898,2.6147200112606362e-05,0.0005810509002233649
457.1428571428571,0.6,1943.478571759885,1.3956929981827688e-05,-77.09152533193445,0.03002870440599851,1.4642204072749705e-06,0.0003958691301367374,2.2008257012420654e-05,0.0003970934888537808
457.1428571428571,0.7000000000000001,1947.399265643831,1.163051990474743e-05,-55.982479477393085,0.025965028239119205,1.2177275820161287e-06,0.00028697777077065043,1.8997540220224438e-05,0.00028823521097498495
457.1428571428571,0.8,1950.7601347330033,1.0808167183404306e-05,-42.45205267227447,0.022882451747790366,1.129698591300271e-06,0.0002172909304758909,1.6717270400986815e-05,0.00021857620855277238
457.1428571428571,0.9,1953.6964832954527,9.491624823772338e-06,-33.26480390755932,0.02051525976186782,9.906159936295363e-07,0.00017003936401326837,1.496815010161741e-05,0.0001713547713634281
457.1428571428571,1.0,1956.3001838188266,8.322437822539551e-06,-26.747248526521613,0.01858303415927481,8.674483564577326e-07,0.000136560560013092,1.3542395215411841e-05,0.00013789971701958363
457.1428571428571,1.1,1958.6364118569352,7.273571786299735e-06,-21.958439618356348,0.016987428038459037,7.572312842954718e-07,0.00011198982736135338,1.2366390950204388e-05,0.00011334968055495457
457.1428571428571,1.2000000000000002,1960.7530554988602,6.361134885810324e-06,-18.338959887410052,0.015652413315103794,6.615335992410767e-07,9.343805883931777e-05,1.1383446954309253e-05,9.481705645866612e-05
457.1428571428571,1.3000000000000003,1962.6863095419112,5.402497352133657e-06,-15.537681231785424,0.014518476840385127,5.612921953836632e-07,7.909373627885673e-05,1.0549334700970146e-05,8.049044100229617e-05
457.1428571428571,1.4000000000000001,1964.4641867726443,4.63914942351949e-06,-13.326346779717822,0.013531313583649769,4.815532701099356e-07,6.778031193435299e-05,9.823923654249648e-06,6.919119547600835e-05
457.1428571428571,1.5000000000000002,1966.1088005355803,3.789528574111505e-06,-11.55123021737836,0.012672772524928183,3.930358504846388e-07,5.870607699546049e-05,9.19354871674097e-06,6.012986470457821e-05
457.1428571428571,1.6,1967.6379019963424,3.0832408139076544e-06,-10.104234459799953,0.01192613008967101,3.1953684926083815e-07,5.1314860240086335e-05,8.64569494014676e-06,5.2752374991594335e-05
457.1428571428571,1.7000000000000002,1969.0659611125066,2.506851987959638e-06,-8.910042121578952,0.011255969508533786,2.5961573913797965e-07,4.5219345688852776e-05,8.154394959618413e-06,4.666738624751634e-05
457.1428571428571,1.8000000000000003,1970.404919807455,1.8098025619792701e-06,-7.913856372374537,0.010607590557731333,1.8730181829446758e-07,4.013794136532901e-05,7.679827910733592e-06,4.1581834164628804e-05
457.1428571428571,1.9000000000000001,1971.6647399386795,-1.6746568828693874e-07,-7.074264099287573,0.010124355715015559,1.732058432250081e-08,3.5858024739547055e-05,7.325606936631476e-06,3.732462018835096e-05
457.1428571428571,2.0,1972.8538174289113,7.592287333636714e-07,-6.356780120449911,0.009688056622019308,7.847852152874767e-08,3.220287078553643e-05,7.005971229655169e-06,3.3692704127894055e-05
457.1428571428571,2.1,1973.9793271179385,9.677683876816457e-08,-5.746346254204581,0.009201392656348166,9.997814460180984e-09,2.909472619117015e-05,6.650485327909261e-06,3.057713365063719e-05
457.1428571428571,2.2,1975.0473733444237,-3.778250739514992e-07,-5.215690251475279,0.008843097690760264,3.901148763446175e-08,2.6394348551534872e-05,6.388277860990081e-06,2.7897730112224372e-05
457.1428571428571,2.3000000000000003,1976.0632626683941,-1.8530246394448136e-06,-4.7552329582913435,0.008432062512252973,1.912328638995717e-07,2.4052387220833675e-05,6.088399407357843e-06,2.554782017543158e-05
457.1428571428571,2.4000000000000004,1977.0315996627817,-1.3406956492417537e-06,-4.352834279234229,0.00754014501307552,1.3829340744550405e-07,2.200672502658304e-05,5.441874910097965e-06,2.33140103057472e-05
457.1428571428571,2.5000000000000004,1977.9564083143769,-1.608429948223604e-05,-3.9952768526745777,0.007256397822737884,1.6583376740120765e-06,2.0189981505641054e-05,5.234777727884464e-06,2.1568292300501817e-05
457.1428571428571,2.6,1978.8412641974453,-1.710779896582155e-05,-3.977972921370564,0.007466966546417101,1.7630850376474611e-06,2.00939554932963e-05,5.384405329292853e-06,2.156059270328122e-05
457.1428571428571,2.7,1979.6863403513,1.0701996746229283e-05,-3.121192911726211,0.007200268450145589,1.1024535859042391e-06,1.575961923414373e-05,5.189984565425541e-06,1.7419899020745697e-05
457.1428571428571,2.8000000000000003,1980.5002045760375,1.0672052084419206e-05,-3.1561207506911155,0.006831482694229865,1.0989230269291094e-06,1.5929685638445192e-05,4.92224182760408e-06,1.741893927820039e-05
457.1428571428571,2.9000000000000004,1981.282507593268,1.3998220307644276e-05,-2.9342309197772916,0.007229917423177316,1.4408632293062255e-06,1.4804129223237705e-05,5.207379980709148e-06,1.659734742152698e-05
457.1428571428571,3.0000000000000004,1982.0354683013009,-3.737696543453244e-06,-2.7334201992289304,0.007144957108232578,3.8458463660908117e-07,1.378592815033285e-05,5.144328788759635e-06,1.5592560972546423e-05
457.1428571428571,3.1,1982.7610948073414,-4.0715287718512674e-06,-2.5517051277347487,0.006323419326849947,4.1878253347113473e-07,1.2864910703832219e-05,4.551240803538498e-06,1.4391278328609478e-05
457.1428571428571,3.2,1983.4612042621045,-4.469879507018965e-06,-2.391959169062829,0.006128828751934637,4.595953312082384e-07,1.2055410961686272e-05,4.4097023838783225e-06,1.3580688920389062e-05
457.1428571428571,3.3000000000000003,1984.137394125177,-4.715778829609013e-06,-2.2672533624700004,0.005948175235783995,4.847158052648322e-07,1.1423134544728258e-05,4.278331191460439e-06,1.2935655677486325e-05
457.1428571428571,3.4000000000000004,1984.7909114546248,-2.195560150676104e-06,-2.0491815339255477,0.005777760905277776,2.2559940301055248e-07,1.0321128378527345e-05,4.154451198971578e-06,1.1878363339532681e-05
457.1428571428571,3.5000000000000004,1985.4239369687334,-5.2910208203457e-06,-2.007458923890226,0.005615014229141482,5.434949665805076e-07,1.0107863233191724e-05,4.036200487616197e-06,1.162093432870498e-05
457.1428571428571,3.6,1986.036887893603,-5.753918688765232e-06,-1.8711115948235597,0.00546673006257379,5.908640265839802e-07,9.418515439186946e-06,3.928451069725349e-06,1.0950936443545198e-05
457.1428571428571,3.7,1986.6311277025245,-5.9125563873067295e-06,-1.762851411785959,0.005321498902060287,6.069752379696652e-07,8.87099711414887e-06,3.822992002155861e-06,1.040641842498375e-05
457.1428571428571,3.8000000000000003,1987.207738997328,-6.172147597885677e-06,-1.6683244369005477,0.005183520542232148,6.334431959629943e-07,8.392954893860142e-06,3.722833110573515e-06,9.927835356775799e-06
457.1428571428571,3.9000000000000004,1987.7676670477626,-6.432029933125713e-06,-1.5802708588807943,0.005040831287215044,6.59931351072751e-07,7.947802074751973e-06,3.6193762835129653e-06,9.47643585800446e-06
457.1428571428571,4.0,1988.3117923896084,-9.569121258869029e-06,-1.5280336860087116,0.004931548363197182,9.815345515460175e-07,7.683037329780505e-06,3.5399803700864263e-06,9.222548168910469e-06
457.1428571428571,4.1,1988.840637394594,-4.032648369343411e-06,-1.3639323854249594,0.0047687848410021185,4.1353271443308273e-07,6.856150900163723e-06,3.422271207771268e-06,8.402481473398358e-06
457.1428571428571,4.2,1989.3558430757255,-8.857212093835198e-06,-1.3831764170618042,0.004746463600929476,9.080415044470708e-07,6.951134007254191e-06,3.4054067186783337e-06,8.505080434648651e-06
457.1428571428571,4.3,1989.8572169926863,-8.649902108140861e-06,-1.2873204614379572,0.00465294821615885,8.865678664488665e-07,6.467823403676331e-06,3.3375046657655493e-06,8.055843652341858e-06
457.1428571428571,4.3999999999999995,1990.3457177050327,-7.621607330042944e-06,-1.2275456479983402,0.004446250200305714,7.809841000014505e-07,6.166024301362898e-06,3.1884904109468352e-06,7.678719558028716e-06
457.1428571428571,4.5,1990.8219429608992,-7.856863212032304e-06,-1.2017343746265394,0.0043929091187465035,8.049008195703377e-07,6.034965763708423e-06,3.149513960047166e-06,7.543709529637376e-06
457.1428571428571,4.6,1991.2861508730193,-5.085192168758119e-06,-1.0573132212584821,0.004299645627219208,5.208355846756792e-07,5.308490741986543e-06,3.0819565735277403e-06,6.888269471082196e-06
457.1428571428571,4.7,1991.739785652927,-8.268053162873922e-06,-1.130044696947152,0.00421032974267064,8.466405641260256e-07,5.672396542516757e-06,3.0172744699996826e-06,7.1484804843409504e-06
457.1428571428571,4.8,1992.182119985865,-5.460206050634049e-06,-0.9922240405785485,0.0041232041297462295,5.589972867563078e-07,4.9795082019381296e-06,2.9542049564485846e-06,6.524004425901379e-06
457.1428571428571,4.9,1992.6145320783974,-5.656744760335648e-06,-0.9484755218409189,0.004039831352014291,5.789943549618134e-07,4.758944782297162e-06,2.8938647317074428e-06,6.30330834362967e-06
457.1428571428571,5.0,1993.0374594157113,nan,nan,nan,nan,nan,nan,nan
471.42857142857144,0.1,1892.9826094691934,nan,nan,nan,nan,nan,nan,nan
471.42857142857144,0.2,1912.3209432791211,2.119601068750401e-05,-830.2275204186343,0.08693534988613014,2.2595568298787356e-06,0.004316554438957631,6.450429258002017e-05,0.004317518840445794
471.42857142857144,0.30000000000000004,1923.3570018848625,1.9337166634295522e-05,-334.8012113433014,0.057508823024142,2.0496844673015756e-06,0.0017337825009554528,4.25022271466399e-05,0.0017348253054560304
471.42857142857144,0.4,1931.0450483771708,1.4884919314499729e-05,-181.41555887618776,0.043598488219453224,1.5715407740843361e-06,0.0009366192626706268,3.212501208228014e-05,0.0009377217848320718
471.42857142857144,0.5,1936.9189392807173,1.2719594973691544e-05,-113.63208771931565,0.03530491087456086,1.3388968251598006e-06,0.0005852326978259825,2.5951192720374187e-05,0.0005863838606720057
471.42857142857144,0.6,1941.6565093070706,1.091330330368693e-05,-77.74795797704427,0.029748567317221853,1.145988840945987e-06,0.00039960574959572423,2.1822927665666257e-05,0.0004007973911394459
471.42857142857144,0.7000000000000001,1945.6165997536534,9.176452955057368e-06,-56.47534274048665,0.025745331844905205,9.616648902314153e-07,0.0002897639653967353,1.8853699559405637e-05,0.00029098969812684807
471.42857142857144,0.8,1949.0119367728314,7.910567064118378e-06,-42.829620776933545,0.022719357117955506,8.275755757525616e-07,0.0002194164039099401,1.661272604610297e-05,0.00022067217432079943
471.42857142857144,0.9,1951.97897758424,6.748698400656403e-06,-33.56711549561168,0.02034580702275549,7.049638465673465e-07,0.000171733028749173,1.4857351057033975e-05,0.00017301506263401792
471.42857142857144,1.0,1954.6103472406926,5.6516197298378826e-06,-26.994270005297945,0.0184290473107069,5.895781185012567e-07,0.0001379389849216051,1.3441601659445718e-05,0.00013924390282487432
471.42857142857144,1.1,1956.9717741970921,4.655119678227499e-06,-22.16468570368306,0.016849490176576873,4.850437877989641e-07,0.0001131364145909635,1.2276252832934399e-05,0.00011446176803287078
471.42857142857144,1.2000000000000002,1959.1115542964549,3.7506625338664934e-06,-18.513225881179093,0.015472186716885978,3.9038130339539106e-07,9.440388020049976e-05,1.1261669159155911e-05,9.573868277228866e-05
471.42857142857144,1.3000000000000003,1961.0662021370058,1.4798493622947735e-06,-15.685875771896459,0.014398296072863566,1.5387587535992817e-07,7.991320764995209e-05,1.0470536713421703e-05,8.127366555547745e-05
471.42857142857144,1.4000000000000001,1962.8639912198378,2.1075865055536296e-06,-13.459086469242719,0.013473892423184003,2.1895013302206043e-07,6.851056346587481e-05,9.790108127364224e-06,6.98959060307782e-05
471.42857142857144,1.5000000000000002,1964.5271894379773,1.4850256472755082e-06,-11.663205726586055,0.012571685527063897,1.54145314107285e-07,5.9322320403150563e-05,9.127467373304239e-06,6.07106479959931e-05
471.42857142857144,1.6,1966.073755598851,8.330591749654569e-07,-10.202797278793694,0.011830885833046529,8.640414801476947e-08,5.185617491340368e-05,8.583392232442872e-06,5.325804715494394e-05
471.42857142857144,1.7000000000000002,1967.5182937869367,1.008630479418572e-07,-9.002859485622137,0.011166088120529598,1.0453837456368509e-08,4.5725957868715566e-05,8.09557177692095e-06,4.713745747369948e-05
471.42857142857144,1.8000000000000003,1968.8728033801663,-4.1018143722340077e-07,-8.0205848251353,0.010573002700783722,4.2483905998727785e-08,4.071058854503006e-05,7.66067844425616e-06,4.2127494739392986e-05
471.42857142857144,1.9000000000000001,1970.1471071251444,1.8067207296553554e-06,-7.0890339296738585,0.010046418122038863,1.8700872860751267e-07,3.5960291464376385e-05,7.2747538422948025e-06,3.7403497448760624e-05
471.42857142857144,2.0,1971.3505205308259,-1.5418602119552833e-06,-6.453250680351629,0.009564840172862436,1.5949754948834032e-07,3.271627556363128e-05,6.922087380597524e-06,3.414982743196523e-05
471.42857142857144,2.1,1972.4894014297038,-1.9075823737921406e-06,-5.8032214838249265,0.009127572355328089,1.9721712376395226e-07,2.940468667629373e-05,6.6020639580710514e-06,3.0852050015158365e-05
471.42857142857144,2.2,1973.5702501137434,-2.471774833202292e-06,-5.269478355603495,nan,2.5540847795284887e-07,2.6686329457630463e-05,nan,nan
471.42857142857144,2.3000000000000003,1974.598404014227,nan,-4.80881275309457,0.007844900678276194,nan,2.4341289534364094e-05,5.668599819485709e-06,nan
471.42857142857144,2.4000000000000004,1975.5784697871798,-1.7949435609261875e-05,-4.689479935905182,nan,1.8528536038391952e-06,2.3726042585310396e-05,nan,nan
471.42857142857144,2.5000000000000004,1976.5116407607734,9.720539953332275e-06,-3.755373540934669,0.007683651914715032,1.0029460991185084e-06,1.8991401623229247e-05,5.547006620008915e-06,2.0572258052469034e-05
471.42857142857144,2.6,1977.4072579989577,9.780782282678058e-06,-3.723495377926155,0.007914361091320647,1.0087105282204715e-06,1.882201915710779e-05,5.711121959073448e-06,2.0506577728697134e-05
471.42857142857144,2.7,1978.2656402833627,-4.5387090178337585e-06,-3.441731596740282,0.007668745203898201,4.678858097956649e-07,1.7390478872746088e-05,5.531607755439911e-06,1.9074722573985764e-05
471.42857142857144,2.8000000000000003,1979.0896052518003,-4.8817196624895645e-06,-3.1907823580695545,0.006924204924638392,5.030392405784628e-07,1.6116025612394915e-05,4.992584996335428e-06,1.7602020904095016e-05
471.42857142857144,2.9000000000000004,1979.8816623966572,-5.238710127810015e-06,-2.9664040040188406,0.006629373904252137,5.396123529997224e-07,1.4976966688079576e-05,4.778186011498735e-06,1.6439672618039556e-05
471.42857142857144,3.0000000000000004,1980.644055501474,-7.2871895645221316e-06,-2.762868434069787,0.006413476148748034,7.503304393713049e-07,1.3944170626486365e-05,4.620883881532895e-06,1.5417782782295036e-05
471.42857142857144,3.1,1981.37881992195,-7.650427913881695e-06,-2.580068033330462,0.0063338808723131055,7.874432392528033e-07,1.3016921120231846e-05,4.561924995920351e-06,1.4549316878884336e-05
471.42857142857144,3.2,1982.0877836620928,-6.262083327987974e-06,-2.4182962960367145,0.006146816748037057,6.443162017180655e-07,1.2196539025244205e-05,4.4256848386156075e-06,1.3723850776790215e-05
471.42857142857144,3.3000000000000003,1982.7725644392751,-6.5025139652561925e-06,-2.262750205272823,0.005959553152848687,6.688264987636695e-07,1.1408241395916904e-05,4.289442939343609e-06,1.2938081082321676e-05
471.42857142857144,3.4000000000000004,1983.4347177144048,-8.217821006519454e-06,-2.1314516564416404,0.005737353033453021,8.449788429512626e-07,1.0742794796739782e-05,4.128195730193653e-06,1.225584061839386e-05
471.42857142857144,3.5000000000000004,1984.07555647297,-7.058692385612639e-06,-2.002127816467691,0.005520077290952943,7.255626567346272e-07,1.0087829265690645e-05,3.970633551386386e-06,1.1568171941208472e-05
471.42857142857144,3.6,1984.6963739533705,-7.31769673770942e-06,-1.888842025641679,0.005425623497586687,7.519535546369581e-07,9.514147182690768e-06,3.901524849155957e-06,1.102398399215985e-05
471.42857142857144,3.7,1985.2983030135147,-7.5881406382905065e-06,-1.7845410405243451,0.005288788157429283,7.795106543277983e-07,8.986136603602148e-06,3.8020240688487777e-06,1.0500907673102347e-05
471.42857142857144,3.8000000000000003,1985.8823866632536,-7.815368678257083e-06,-1.6870903052222272,0.005148312678181812,8.026202637722543e-07,8.492993256528455e-06,3.699995990137948e-06,1.0007750716186402e-05
471.42857142857144,3.9000000000000004,1986.4495994099402,-8.054487285880906e-06,-1.6316355952085357,0.005019360039733558,8.269441860512967e-07,8.211551022039669e-06,3.6063329553856265e-06,9.701787548931672e-06
471.42857142857144,4.0,1987.0004958006748,-5.019589946755338e-06,-1.4487461603721383,0.004881232595209896,5.152140200061686e-07,7.2891535091726374e-06,3.5061579548492057e-06,8.830826211368867e-06
471.42857142857144,4.1,1987.5369047298057,-1.1862710353307207e-05,-1.506942880655515,0.004778414363335062,1.2172726416958144e-06,7.579973499413618e-06,3.43141537854872e-06,9.082233972779779e-06
471.42857142857144,4.2,1988.05824423013,-5.461872486466752e-06,-1.3009226322992615,0.004684610933162505,5.603159727611076e-07,6.542011964692003e-06,3.363206804960362e-06,8.107662706438146e-06
471.42857142857144,4.3,1988.5665745041313,-8.977331311984938e-06,-1.336569881618743,0.004563830012909878,9.207235651743076e-07,6.719600451564741e-06,3.2756908025091364e-06,8.213468364790982e-06
471.42857142857144,4.3999999999999995,1989.0615390793164,-9.192786941230236e-06,-1.2418687820172634,0.004462214159934776,9.425894963419808e-07,6.241976699089133e-06,3.201989851271635e-06,7.768926958459514e-06
471.42857142857144,4.5,1989.5440849666813,-9.323379338479765e-06,-1.1848619958982451,0.004416273828218211,9.557512081722804e-07,5.954036153279534e-06,3.1682852858562416e-06,7.5126606599545585e-06
471.42857142857144,4.6,1990.0147822340873,-1.107499023730726e-05,-1.1309099150366817,0.004267778406932623,1.135046355972224e-06,5.681610602402775e-06,3.0610556356484007e-06,7.232506652372406e-06
471.42857142857144,4.7,1990.474170402343,-9.804471555662543e-06,-1.081597683764812,0.004181969203341397,1.004605409197153e-06,5.432645178163538e-06,2.9988431575229303e-06,6.9648392821985434e-06
471.42857142857144,4.8,1990.9227425937609,-1.1494071456650103e-05,-1.0350914096534323,0.004149862522280047,1.1774670825379879e-06,5.197909512302977e-06,2.9751740421390197e-06,6.790288152249944e-06
471.42857142857144,4.9,1991.3609638710823,-1.1669344967253906e-05,-0.9909097700074196,0.003959132029126524,1.1951629051028419e-06,4.974972914665873e-06,2.8378307051039005e-06,6.502717592903287e-06
471.42857142857144,5.0,1991.7892760507036,nan,nan,nan,nan,nan,nan,nan
485.7142857142857,0.1,1890.745628764399,nan,nan,nan,nan,nan,nan,nan
485.7142857142857,0.2,1910.2369751900646,1.7857686187517196e-05,-836.063908384517,0.08634633208922654,1.905760518579745e-06,0.00435139986992387,6.413364906448787e-05,0.004352345426293882
485.7142857142857,0.30000000000000004,1921.367682531885,1.3633074621702707e-05,-337.36426515806664,0.057025924908862206,1.4465645868923578e-06,0.0017487944501456422,4.218731566160151e-05,0.0017498124644129056
485.7142857142857,0.4,1929.1247472221248,1.06476303326872e-05,-182.83001378406422,0.04322858354311736,1.1252900516263005e-06,0.0009448318233659677,3.188317182248396e-05,0.0009459077724671066
485.7142857142857,0.5,1935.053511774524,9.893315344902487e-06,-114.56022679110444,0.03507439851150595,1.0423998170460664e-06,0.0005905663519155604,2.5805946287454992e-05,0.000591693836658634
485.7142857142857,0.6,1939.836674059012,8.164900177962419e-06,-78.4029734523301,0.029511982838539567,8.581879188108829e-07,0.0004033415434871743,2.166921041327776e-05,0.0004045049400798338
485.7142857142857,0.7000000000000001,1943.8358066089768,6.812091960432562e-06,-56.958594484035515,0.025491444786501928,7.145410093868919e-07,0.00029250556114512736,1.868451855420692e-05,0.00029369752524814526
485.7142857142857,0.8,1947.2653532141012,4.058798782239142e-06,-43.205066081031866,0.02254473966431193,4.2499805489193675e-07,0.0002215345798115156,1.6499548058082047e-05,0.00022276045620319007
485.7142857142857,0.9,1950.2628491584153,4.350557812813354e-06,-33.86810483891622,0.020242126961403536,4.548557907571842e-07,0.00017342275147178582,1.4794418883231033e-05,0.00017468087268507728
485.7142857142857,1.0,1952.9216640543402,3.4147043986649846e-06,-27.23923885919248,0.01828529858896105,3.565306249866714e-07,0.0001393091914588843,1.3348100096029487e-05,0.00014058279230176742
485.7142857142857,1.1,1955.3080865616732,2.419172326358424e-06,-22.36905336233121,0.01671715825713705,2.5228194118174747e-07,0.00011427528395579438,1.2190043288080736e-05,0.00011556858777403939
485.7142857142857,1.2000000000000002,1957.470818535383,1.6103678503213833e-06,-18.715376691829984,0.015405229213678246,1.6775282619555054e-07,9.551359365046501e-05,1.1222196518033267e-05,9.682329318100869e-05
485.7142857142857,1.3000000000000003,1959.4463967421743,3.7196325524746542e-06,-15.774916223949727,0.01428612505670231,3.870897797082459e-07,8.04323865012217e-05,1.0397434652780047e-05,8.176632516811017e-05
485.7142857142857,1.4000000000000001,1961.2642257867262,1.1265542611909054e-07,-13.617342444513268,0.013259775055161077,1.171293752009909e-08,6.937197083983686e-05,9.642287413953497e-06,7.069949001614265e-05
485.7142857142857,1.5000000000000002,1962.945881406833,-2.28083003714801e-06,-11.77578135036583,0.012417134738404917,2.3694022678223832e-07,5.994259471225794e-05,9.022430547934315e-06,6.128604496534e-05
485.7142857142857,1.6,1964.509779213436,-2.940239325744191e-06,-10.302997437679549,0.011800641625654867,3.052015929106583e-07,5.240666971891086e-05,8.568184356128176e-06,5.379014542981384e-05
485.7142857142857,1.7000000000000002,1965.9706470456624,-1.7435052447808651e-06,-9.091163550851887,0.011145191163018358,1.8084578833023305e-07,4.6210419974399515e-05,8.086709123169546e-06,4.760488786138505e-05
485.7142857142857,1.8000000000000003,1967.3406032423802,-2.282113523870069e-06,-8.071640897242103,0.010546480846994659,2.3655030078705673e-07,4.100131330335921e-05,7.647348340387325e-06,4.2404333763466595e-05
485.7142857142857,1.9000000000000001,1968.6298430301256,-4.191974832588135e-06,-7.217385047988499,0.009970514871008623,4.3423410606301826e-07,3.663931960972495e-05,7.2252968330736435e-06,3.803995438186659e-05
485.7142857142857,2.0,1969.846908967391,-3.275725777984921e-06,-6.488846571278372,0.009447217232843745,3.39115473343051e-07,3.2921611257577715e-05,6.842127825156366e-06,3.4315840561625274e-05
485.7142857142857,2.1,1970.9990864389438,-3.7711140496639974e-06,-5.864147127681462,0.008537272357409623,3.901745234314015e-07,2.9735657752363998e-05,6.179715856086261e-06,3.0995795751172255e-05
485.7142857142857,2.2,1972.0926224392197,-1.887421109845493e-05,nan,0.008119730138082563,1.9517317996606448e-06,nan,5.874417025453804e-06,nan
485.7142857142857,2.3000000000000003,nan,nan,nan,0.008271936858761823,nan,nan,5.981565822919211e-06,nan
485.7142857142857,2.4000000000000004,1974.1216767614535,8.56046273120229e-06,nan,0.008459955583140303,8.843147651015071e-07,nan,6.114636809528588e-06,nan
485.7142857142857,2.5000000000000004,1975.0688569908339,-5.345877896070312e-06,-4.078934172730441,0.008163437766654628,5.519803002900646e-07,2.0642637994123684e-05,5.8976490074003235e-06,2.227078160364667e-05
485.7142857142857,2.6,1975.975247878487,-5.735751306428945e-06,-3.7624817861114925,0.007382069041165099,5.91967833825238e-07,1.903277021132702e-05,5.330837629288034e-06,2.0480049499284114e-05
485.7142857142857,2.7,1976.8440139482789,-5.99080632925962e-06,-3.4770359826552513,0.007119349836114001,6.180229346795255e-07,1.7581405899619153e-05,5.138978921868039e-06,1.903433724808303e-05
485.7142857142857,2.8000000000000003,1977.6780096582443,-6.456319659218942e-06,-3.225729267910537,0.006871789783991747,6.657688734693825e-07,1.6304080297249483e-05,4.958297627079537e-06,1.776050993776487e-05
485.7142857142857,2.9000000000000004,1978.4797480755306,-6.758429157389409e-06,-3.0330972713500155,0.006648368761995019,6.966432806597474e-07,1.5324468867383257e-05,4.7952430592523555e-06,1.6772399050896173e-05
485.7142857142857,3.0000000000000004,1979.2511555201033,-3.5189937403856717e-06,-2.7579239936585505,0.0063599540365373766,3.6259013114397286e-07,1.3928944347476991e-05,4.585518191812871e-06,1.5368829376800557e-05
485.7142857142857,3.1,1979.9949837247395,-5.845330513216147e-06,-2.5726843484108026,0.006227847376601406,6.020679047033003e-07,1.29886775009579e-05,4.488663366502562e-06,1.4469430763555558e-05
485.7142857142857,3.2,1980.7130850858916,-7.513037856847413e-06,-2.477873733687374,0.0061141617304087984,7.735646446378923e-07,1.2505630970233566e-05,4.4052035590864444e-06,1.399288551432743e-05
485.7142857142857,3.3000000000000003,1981.4064077097069,-7.907584955432876e-06,-2.2883465665245235,0.005862444933001146,8.139071908652831e-07,1.1545195990461443e-05,4.222433568425962e-06,1.3023512807727799e-05
485.7142857142857,3.4000000000000004,1982.0768468678568,-8.276330334047098e-06,-2.155059826668548,0.005697510081199655,8.51576808585233e-07,1.0869177658621706e-05,4.10231358853515e-06,1.2349986218330844e-05
485.7142857142857,3.5000000000000004,1982.7257354277401,-8.467009198170681e-06,-2.0257381982901275,0.005544747225593485,8.709149483817545e-07,1.021369772541971e-05,3.991072674434003e-06,1.1701941559364672e-05
485.7142857142857,3.6,1983.3543666056405,-8.485696432921951e-06,-1.9068059166329472,0.005389140073856427,8.725640883695466e-07,9.611091653757302e-06,3.877891560373836e-06,1.1100024178949913e-05
485.7142857142857,3.7,1983.9639297243746,-8.959096809940103e-06,-1.8053487129236596,0.005245750528212059,9.209634145629752e-07,9.09699309538828e-06,3.7736017884768976e-06,1.0586954137262409e-05
485.7142857142857,3.8000000000000003,1984.5554393559794,-9.193078110456566e-06,-1.706098838189973,0.005114762299751876,9.44737917254729e-07,8.594393991566656e-06,3.6783230178758375e-06,1.0090404266541865e-05
485.7142857142857,3.9000000000000004,1985.1298879992023,-9.43216075838792e-06,-1.6161836795617999,0.005044391790926286,9.690307610068369e-07,8.139161526305616e-06,3.6267097075553234e-06,9.669075321499107e-06
485.7142857142857,4.0,1985.6881748056296,-1.128796780856193e-05,-1.571050833626941,0.004864505823024958,1.1593690613440114e-06,7.909709547865626e-06,3.496435219067045e-06,9.399880862769654e-06
485.7142857142857,4.1,1986.2307511037206,-6.092287312139895e-06,-1.3796685131637785,0.004673330284907708,6.255601786785746e-07,6.944315564280159e-06,3.358144129163609e-06,8.436178529282324e-06
485.7142857142857,4.2,1986.75953071668,-1.378803946481641e-05,-1.4210422494215889,0.004638692261107738,1.4153939469485912e-06,7.150710863126465e-06,3.3324020000720072e-06,8.680196544621635e-06
485.7142857142857,4.3,1987.2740999071452,-1.0263389170995665e-05,-1.3184722977939598,0.00454885484260217,1.0533060574513794e-06,6.632903505240484e-06,3.2670502813443168e-06,8.151815604033203e-06
485.7142857142857,4.3999999999999995,1987.7754843746325,-1.047642977866873e-05,-1.2544600133423953,0.004430496806224939,1.0749023353975792e-06,6.309322146192262e-06,3.1812721314269878e-06,7.823295068157875e-06
485.7142857142857,4.5,1988.2643242419863,-1.0805427048376273e-05,-1.2010716274062359,0.004336498273727331,1.1083892084668762e-06,6.039356229728754e-06,3.1130409629125364e-06,7.555421787071332e-06
485.7142857142857,4.6,1988.741153393066,-1.0827942008336336e-05,-1.1428304949276933,0.0042462728076884575,1.1104360143763014e-06,5.745157497557045e-06,3.0475673089278728e-06,7.267409154482195e-06
485.7142857142857,4.7,1989.2065542391965,-1.0926491610030111e-05,-1.093561253901498,0.004153614919101757,1.1202839404312288e-06,5.496218919699525e-06,2.980394704310004e-06,7.016335489941267e-06
485.7142857142857,4.8,1989.661019472788,-1.1202780747703414e-05,-1.0470541585164026,0.004069631414978405,1.1483528397827427e-06,5.261301042225803e-06,2.9194903735349287e-06,6.785783004480003e-06
485.7142857142857,4.9,1990.1050141647943,-1.1308089202884744e-05,-1.0026342571336497,0.003988147979976021,1.1588925104894099e-06,5.036998852779225e-06,2.860420188829035e-06,6.563413487438464e-06
485.7142857142857,5.0,1990.5389825142292,nan,nan,nan,nan,nan,nan,nan
500.0,0.1,1888.513345411427,nan,nan,nan,nan,nan,nan,nan
500.0,0.2,1908.1566515267607,1.4737143098682299e-05,-841.8812203059814,0.08573500372128823,1.5744539883181906e-06,0.00438621178657776,6.374551724701703e-05,0.004387138395076819
500.0,0.30000000000000004,1919.3811454390345,1.161071477656607e-05,-339.90202984473393,0.05666573719202009,1.2332536085691663e-06,0.0017637031052320752,4.196258082740582e-05,0.0017647016407027905
500.0,0.4,1927.206619052861,1.1861942881932933e-05,-184.19893544089516,0.04294434157567368,1.2548720207275896e-06,0.0009528237038110914,3.170406348998581e-05,0.0009538788605119778
500.0,0.5,1933.1901033122786,7.391698964943325e-06,-115.5082454583862,0.0347139183948798,7.795701688178168e-07,0.0005960120873634599,2.556468421071659e-05,0.000597108132728557
500.0,0.6,1938.0185051171122,4.251229771125514e-06,-79.05032347966879,0.02929919781061018,4.472530724244882e-07,0.00040704442635953027,2.1532681273794448e-05,0.00040818216251000913
500.0,0.7000000000000001,1942.0564036871492,4.514941567390457e-06,-57.470427553312206,0.025419446253022226,4.7401979286183987e-07,0.00029539886214939164,1.8648457226046038e-05,0.00029657417683902056
500.0,0.8,1945.519597981653,6.341372229417182e-06,-43.518367462502276,0.022377328139504025,6.646025903476071e-07,0.00022333746052905176,1.6391437514003646e-05,0.00022453824043961826
500.0,0.9,1948.547608601532,2.2889530203883653e-06,-34.19414749741917,0.02003577031895248,2.3952323640302733e-07,0.00017524373368192102,1.4656260695912142e-05,0.00017646539468500308
500.0,1.0,1951.2336777464366,1.2074806243617802e-06,-27.485425644886156,0.018153575217189664,1.2618254062741185e-07,0.00014068793028100622,1.3263218753062483e-05,0.00014193285592902725
500.0,1.1,1953.6448926348924,5.320840972444791e-07,-22.569610253708557,0.016532787902411892,5.553528470560965e-08,0.00011539656057046833,1.206570652720566e-05,0.00011665132585471508
500.0,1.2000000000000002,1955.830411420811,-2.150552759599125e-06,-18.85797507027291,0.015349481029431906,2.2421193415997887e-07,9.632092975859398e-05,1.11908292457009e-05,9.761270972042669e-05
500.0,1.3000000000000003,1957.827350456027,-2.3293252877692823e-06,-15.980614672503176,0.014248379905149029,2.4260551781277747e-07,8.154770782613462e-05,1.0378422329995948e-05,8.285837802692862e-05
500.0,1.4000000000000001,1959.664483344518,-1.7097045788887065e-06,-13.750833283802418,0.013168970908998295,1.779053006863767e-07,7.010851900682536e-05,9.583970583437698e-06,7.140686992100132e-05
500.0,1.5000000000000002,1961.364107900171,1.1286212092954898e-06,-11.852967664458445,0.01239400486761611,1.1733938323089105e-07,6.0383589147963814e-05,9.012793637780065e-06,6.171428120974405e-05
500.0,1.6,1962.9452027791792,6.955537908879714e-07,-10.365317119635618,0.011657264915317005,7.225708659962883e-08,5.2765208895983384e-05,8.470744778583261e-06,5.4108035679842596e-05
500.0,1.7000000000000002,1964.4226444869912,-3.4232514725317783e-06,-9.21488276628679,0.011005691669856793,3.5535767054616355e-07,4.6875804045376545e-05,7.991710558564092e-06,4.822035005346068e-05
500.0,1.8000000000000003,1965.8079373671403,-3.868557819509993e-06,-8.150681725055618,0.010426746907484135,4.013039707090805e-07,4.143476767472736e-05,7.5663552382454605e-06,4.2796033464775535e-05
500.0,1.9000000000000001,1967.1117234300389,-4.3273321910192e-06,-7.288060444602705,0.009903420444123871,4.48600848809662e-07,3.702638116778592e-05,7.1821538146951125e-06,3.8396885445822345e-05
500.0,2.0,1968.3426288884914,-4.7535895181681614e-06,-6.553251387231284,0.008902065049761635,4.924851293843846e-07,3.327354537850065e-05,6.4521774123956225e-06,3.450554376299356e-05
500.0,2.1,1969.5080018330716,-2.001245410024242e-05,-6.223189277193341,0.008367221811050743,2.072134043223177e-06,3.157999638671936e-05,6.061162584241234e-06,3.278818834616368e-05
500.0,2.2,1970.6111428848799,6.08348050425321e-06,-5.088106116136259,nan,6.295478312704482e-07,2.580615995973567e-05,nan,nan
500.0,2.3000000000000003,1971.6634028755268,nan,-4.90320972360223,0.008734751606999684,nan,2.485574423536013e-05,6.3208953775831224e-06,nan
500.0,2.4000000000000004,1972.6666307689377,-8.39238037474389e-06,-4.487643694324105,nan,8.675912477355374e-07,2.2738077064995205e-05,nan,nan
500.0,2.5000000000000004,1973.6249822254053,-6.898347324749929e-06,-4.126648534793275,0.007698213744129137,7.127984321456872e-07,2.0899268763882722e-05,5.565579942211429e-06,2.234365405783409e-05
500.0,2.6,1974.542067196525,-7.122438967826392e-06,-3.798716798632994,0.007256258727022672,7.356159823289343e-07,1.922990836555936e-05,5.2437540962288e-06,2.0623394983966638e-05
500.0,2.7,1975.4211649996585,-9.776107687548587e-06,-3.516635436062642,0.007071511500134878,1.009247064406598e-06,1.779435078007717e-05,5.108091022184488e-06,1.9231294472897292e-05
500.0,2.8000000000000003,1976.2650964484312,-7.741344022451821e-06,-3.2573414056741963,0.006906341156570764,7.988490134973961e-07,1.6475545992609273e-05,4.986758980899759e-06,1.793926714690759e-05
500.0,2.9000000000000004,1977.0764544831472,-8.04104642720632e-06,-3.0275141118409006,0.00666462474184755,8.294398184765654e-07,1.5307038321153946e-05,4.810350855069608e-06,1.6771175965789868e-05
500.0,3.0000000000000004,1977.8575373767449,-1.022350250541423e-05,-2.866566740794951,0.00645256460320525,1.0541507463156327e-06,1.4487780849006247e-05,4.655541811429073e-06,1.5948516132879525e-05
500.0,3.1,1978.6099546029345,-6.361049204679155e-06,-2.55185924656871,0.0061282969338719824,6.556447454403501e-07,1.2892496001354443e-05,4.419978830579473e-06,1.434289890164137e-05
500.0,3.2,1979.3368532366585,-9.016870785376351e-06,-2.511468309194242,0.005859311962899486,9.290480913955777e-07,1.2683935868856908e-05,4.224497119175218e-06,1.4051267248943778e-05
500.0,3.3000000000000003,1980.0386371872905,-1.1434588252723201e-05,-2.3134163620625254,0.005825076784958585,1.1777439652214721e-06,1.1679689864253406e-05,4.198393355624185e-06,1.3155046549133072e-05
500.0,3.4000000000000004,1980.717286974302,-9.299886453368356e-06,-2.1750339863956465,0.005742945869019425,9.575491555187076e-07,1.0977401448456163e-05,4.137843292049437e-06,1.2476527448169185e-05
500.0,3.5000000000000004,1981.3741864214494,-9.602961951031842e-06,-2.0458385468600677,0.005509961397154942,9.884312884298192e-07,1.0322036211571641e-05,3.9687176215404766e-06,1.179079586304483e-05
500.0,3.6,1982.0106274831282,-1.0064523550772731e-05,-1.9340496676704784,0.005272547912170469,1.0356114029345744e-06,9.754981433526726e-06,3.796546494747559e-06,1.1183008732890233e-05
500.0,3.7,1982.6277280481304,-1.2375454866469241e-05,-1.8212702817208988,0.00521329526066552,1.2730085442249876e-06,9.183369500539518e-06,3.7527622108206024e-06,1.0682755943998512e-05
500.0,3.8000000000000003,1983.2266159103153,-1.0265889364541192e-05,-1.725211480288635,0.005165424153955203,1.0556920812608534e-06,8.696462870577461e-06,3.7172264683549556e-06,1.0216579538370293e-05
500.0,3.9000000000000004,1983.8082516576974,-1.0483859000328279e-05,-1.6337261394710365,0.004954655025403556,1.0777949968039284e-06,8.232956639402605e-06,3.5645468898520305e-06,9.713660800199202e-06
500.0,4.0,1984.3735501436847,-1.0683629101072269e-05,-1.549447597767539,0.00490121268282451,1.0980235956836507e-06,7.806082761458427e-06,3.5251354356205823e-06,9.327043667441056e-06
500.0,4.1,1984.9233541536944,-1.2795940372188867e-05,-1.5154846078985427,0.004723295288403053,1.3147598289052735e-06,7.632922002712853e-06,3.3962664295283928e-06,9.113689868976456e-06
500.0,4.2,1985.458003317625,-6.784537346948135e-06,-1.3121740615133601,0.004543477993865965,6.969134599099561e-07,6.607188247422706e-06,3.2661236055374656e-06,8.091708825753834e-06
500.0,4.3,1985.9795307409406,-1.1290837996102723e-05,-1.3766541201221114,0.0045038922991579985,1.1595041933941195e-06,6.930092761868713e-06,3.2368503920674e-06,8.386002419738349e-06
500.0,4.3999999999999995,1986.487291623055,-1.1355098249532617e-05,-1.2694177071580268,0.004315664975831625,1.1658092213716935e-06,6.388671252351483e-06,3.1008129073129757e-06,7.83609040807819e-06
500.0,4.5,1986.9823583280977,-1.3964091369734905e-05,-1.2110265178989719,0.004219810485938071,1.4333177588641252e-06,6.093321523150006e-06,3.0312143357179145e-06,7.586796931543771e-06
500.0,4.6,1987.4653147679614,-1.4270844077964302e-05,-1.1563028022010255,0.0043067390123496824,1.4644526029942292e-06,5.816597668543286e-06,3.0929338586006224e-06,7.423604890582206e-06
500.0,4.7,1987.9367081798032,-1.2149973077566771e-05,-1.109152161507154,0.004216785662185887,1.2465202957814098e-06,5.578122255716381e-06,3.027641119995714e-06,7.141602218724533e-06
500.0,4.8,1988.3970100700299,-1.2127224532241613e-05,-1.0555275056958633,0.004044731953990778,1.2439022315197803e-06,5.307233964345778e-06,2.9034590961653824e-06,6.824527423939059e-06
500.0,4.9,1988.8467566851996,-1.2465560392365675e-05,-1.0170356368234932,0.00396708568279678,1.2783204397266336e-06,5.11256534557473e-06,2.847100866108128e-06,6.632073148192943e-06
500.0,5.0,1989.286332944001,nan,nan,nan,nan,nan,nan,nan
514.2857142857143,0.1,1886.285009805347,nan,nan,nan,nan,nan,nan,nan
514.2857142857143,0.2,1906.079335443681,1.2005501033399937e-05,-847.6683202203047,0.08520467270823251,1.2840152561656224e-06,0.004420932806296721,6.341677436032046e-05,0.004421842591163362
514.2857142857143,0.30000000000000004,1917.3969778798119,9.156181527396268e-06,-342.37086276757503,0.0563409758335695,9.735473745895358e-07,0.0017782811973456715,4.1763611404171404e-05,0.0017792620276684047
514.2857142857143,0.4,1925.290911688267,5.7873832135328556e-06,-185.66421366961092,0.04265570681097303,6.128552088447906e-07,0.0009613291689449874,3.152133042232541e-05,0.0009623623720819273
514.2857142857143,0.5,1931.328203360026,5.293423927400915e-06,-116.42912586601139,0.03449063738672182,5.588123980035976e-07,0.0006013276184268607,2.5424080829873613e-05,0.0006024018465495473
514.2857142857143,0.6,1936.201203773125,7.146228095916749e-06,-79.62820042557722,0.02910000776423091,7.525283650672546e-07,0.00041039584852890646,2.1405886865211687e-05,0.0004115115341927536
514.2857142857143,0.7000000000000001,1940.277922181968,2.5928600263341683e-06,-57.950368400838656,0.025237217418771263,2.7247154429217014e-07,0.0002981330880333057,1.8531382453563843e-05,0.0002992828706964329
514.2857142857143,0.8,1943.7751369068028,-4.632172140190965e-08,-43.95164537195341,0.022224720861788692,4.859068261666058e-09,0.000225759729226761,1.6293982805949147e-05,0.00022693268410590864
514.2857142857143,0.9,1946.832835177918,5.458447973069276e-07,-34.45955858830984,0.01984560905689819,5.7169194592851756e-08,0.00017675684331952768,1.4529715433174952e-05,0.00017794721180658873
514.2857142857143,1.0,1949.5459378631501,-2.3694545386661077e-07,-27.723325167949035,0.018031287130986593,2.4782380309603478e-08,0.00014202655508528043,1.3185088913960116e-05,0.0001432453702668838
514.2857142857143,1.1,1951.9818072967028,-1.1213526932351683e-06,-22.811131233447664,0.016492833603786047,1.1713873349147513e-07,0.0001167293676986209,1.2046643065252003e-05,0.00011796610624703137
514.2857142857143,1.2000000000000002,1954.189565417921,2.0023675685706645e-06,-18.949474176702093,0.01519247317615396,2.0893756441213145e-07,9.686840987826822e-05,1.1085519417090615e-05,9.812904752795361e-05
514.2857142857143,1.3000000000000003,1956.207828797372,-2.6561632000039057e-06,-16.170019381524977,0.014086941715203244,2.7687534466382515e-07,8.258165281862346e-05,1.0269208132988555e-05,8.384938469404184e-05
514.2857142857143,1.4000000000000001,1958.064391983008,-2.9587499306217105e-06,-13.839044427595578,0.013199547690624064,3.0812749916397507e-07,7.061520332252758e-05,9.613970514163842e-06,7.19128551855096e-05
514.2857142857143,1.5000000000000002,1959.7825647243678,-5.257959811547159e-06,-11.996917105216196,0.012372157956087908,5.470952682587486e-07,6.11656711391482e-05,9.004077821844398e-06,6.247948042340493e-05
514.2857142857143,1.6,1961.3807682946756,-5.9757218231880035e-06,-10.502855941285814,0.011434499221837773,6.212782018724162e-07,5.350754172017038e-05,8.315419766811716e-06,5.4788095598738064e-05
514.2857142857143,1.7000000000000002,1962.8739433055705,-6.943526547138399e-06,-9.263632616080029,0.01087119570026403,7.213550699421596e-07,4.7160581176484246e-05,7.900201884730342e-06,4.847130233116999e-05
514.2857142857143,1.8000000000000003,1964.2744819903046,-5.1774973613874016e-06,-8.229997410512622,0.01044149463733675,5.375052641124403e-07,4.187030875642332e-05,7.58290479021263e-06,4.3225138026176704e-05
514.2857142857143,1.9000000000000001,1965.5927207009336,-5.626509392777741e-06,-7.3580722280667015,0.009291972247933704,5.837325909550469e-07,3.7410679234549576e-05,6.7438696259769485e-06,3.861164616527571e-05
514.2857142857143,2.0,1966.8373786892819,-2.1413015156053943e-05,-6.920362473692874,0.008715824215659045,2.2201434998844363e-06,3.5164214162961614e-05,6.321973528085622e-06,3.635086922534783e-05
514.2857142857143,2.1,1968.0128330528933,4.843869161572917e-06,-5.738255933101754,0.009425042097484498,5.019247070494512e-07,2.914105872264478e-05,6.832573692767271e-06,3.070539624271878e-05
514.2857142857143,2.2,1969.1309048571736,-2.6311171583302017e-06,-5.339283238436109,0.0091412501653565,2.7248535933244664e-07,2.7100270055723238e-05,6.623305371802634e-06,2.867464443476988e-05
514.2857142857143,2.3000000000000003,1970.1955838290696,-7.228516675877481e-06,-5.039075523245628,0.008195727172761739,7.482045275686871e-07,2.556336387467483e-05,5.935205418266798e-06,2.6916513691749746e-05
514.2857142857143,2.4000000000000004,1971.2098720457332,-3.2479404379955707e-06,-4.446062840452213,0.007866898946252835,3.360147006124698e-07,2.2543903282633618e-05,5.694307260644487e-06,2.3941402453762468e-05
514.2857142857143,2.5000000000000004,1972.1796996339922,-7.812605612184607e-06,-4.209426666102444,0.007479406605517627,8.078582927194656e-07,2.1333996293334064e-05,5.4113137201889925e-06,2.2679432647703478e-05
514.2857142857143,2.6,1973.1074329555902,-1.064448172603535e-05,-3.884535016800327,0.007288367057077497,1.1001757042731847e-06,1.967853220200577e-05,5.270750928035103e-06,2.107170251537395e-05
514.2857142857143,2.7,1973.9963209270202,-4.035812007850842e-06,-3.460552595902299,0.007116409456011755,4.169415202368606e-07,1.7523110811484403e-05,5.1441981347259056e-06,1.8977850290311967e-05
514.2857142857143,2.8000000000000003,1974.8506033724912,-8.768433906857364e-06,-3.3365957081286974,0.006789212840942585,9.05483940761691e-07,1.688841325385734e-05,4.905665365174933e-06,1.828030384731598e-05
514.2857142857143,2.9000000000000004,1975.6715198608808,-9.050466105782117e-06,-3.0603544966879777,0.00656168187890103,9.34224822186789e-07,1.5484005033103992e-05,4.739386471689723e-06,1.6898247132162875e-05
514.2857142857143,3.0000000000000004,1976.4618328043036,-9.168675586397524e-06,-2.851843990401903,0.006422607903488145,9.460531143309778e-07,1.4423477198100043e-05,4.637171730838413e-06,1.5872568610713927e-05
514.2857142857143,3.1,1977.2236273078224,-1.1569250920388199e-05,-2.6640601627150313,0.006059596035396455,1.193298159100574e-06,1.3468734475274051e-05,4.373467684743329e-06,1.4868934327682563e-05
514.2857142857143,3.2,1977.958781209714,-1.2298932463750148e-05,-2.540203617081715,0.0058949845897245745,1.2680945201356077e-06,1.2837944176195541e-05,4.25315263984559e-06,1.4233744733511346e-05
514.2857142857143,3.3000000000000003,1978.6685330754349,-5.496878321241645e-06,-2.245579641953554,0.005886159621820755,5.665606121140052e-07,1.1345002292608761e-05,4.2453304744914e-06,1.284818001204014e-05
514.2857142857143,3.4000000000000004,1979.3558291447362,-1.0305597363617392e-05,-2.244758703204752,0.005631456316461938,1.061829040046847e-06,1.1337046772132842e-05,4.060281823634508e-06,1.2752563953906995e-05
514.2857142857143,3.5000000000000004,1980.0206776270054,-1.0450212094542634e-05,-2.0691733056764856,0.005469253894278839,1.0763723280744247e-06,1.0446862436107938e-05,3.942067585627149e-06,1.189013481197383e-05
514.2857142857143,3.6,1980.6648343762179,-1.0680770346743897e-05,-1.9990356578091446,0.00532206009402785,1.0997665805273034e-06,1.0089571269175805e-05,3.8347809242803975e-06,1.1507389990865531e-05
514.2857142857143,3.7,1981.2890007688522,-6.291378087098572e-06,-1.74697762975029,0.0051881838857127625,6.476025193679723e-07,8.814679965525746e-06,3.7371882798688258e-06,1.0298112661847828e-05
514.2857142857143,3.8000000000000003,1981.8956973851891,-1.1182523031652649e-05,-1.7918248394835241,0.005052622803572151,1.1507245511792445e-06,9.03827929751038e-06,3.6384729070968193e-06,1.0463824819053813e-05
514.2857142857143,3.9000000000000004,1982.4844757531312,-1.1341411763964985e-05,-1.650897180297761,0.004926193064500242,1.1667326352970438e-06,8.325012304040213e-06,3.5464182956188893e-06,9.788833452444111e-06
514.2857142857143,4.0,1983.0567451492702,-1.1561718200414376e-05,-1.5668758143647208,0.004806711848380021,1.1890575372990263e-06,7.899098973559547e-06,3.4594440120833797e-06,9.367236954757589e-06
514.2857142857143,4.1,1983.6133457872656,-1.167535375655008e-05,-1.4855106149525452,0.004770361056176855,1.2004117194009761e-06,7.486867440210755e-06,3.432357419515699e-06,9.003128749161153e-06
514.2857142857143,4.2,1984.1550913191115,-1.4142968456872058e-05,-1.417952887368301,0.0044868051398111695,1.4537301158806987e-06,7.144481673868877e-06,3.227486250027105e-06,8.601760553880513e-06
514.2857142857143,4.3,1984.6826573220837,-1.4767296046170505e-05,-1.3441820568232286,0.004401222652211347,1.5175050096559592e-06,6.771026778536968e-06,3.165115104558931e-06,8.257453138844314e-06
514.2857142857143,4.3999999999999995,1985.1967815044877,-1.2447157668793823e-05,-1.3363087247853398,0.0044773982975698364,1.2787578705635801e-06,6.72966902620963e-06,3.219094148185911e-06,8.224889127740454e-06
514.2857142857143,4.5,1985.6975425996438,-7.565509663868406e-06,-1.1739969101881795,0.004286262806533616,7.770484511769516e-07,5.910808841572218e-06,3.0809255061023288e-06,7.3841498769586594e-06
514.2857142857143,4.6,1986.186563725698,-7.670746863686882e-06,-1.1202317684819716,0.004191076353413339,7.876658435130148e-07,5.6387569955478474e-06,3.0117920298024366e-06,7.11039945414038e-06
514.2857142857143,4.7,1986.6643825340675,-1.2618182406254179e-05,-1.1675618947265318,0.004109663126530451,1.2953829244092656e-06,5.875617527949943e-06,2.952603174256512e-06,7.323703248006636e-06
514.2857142857143,4.8,1987.1305257234897,-1.2813797407761755e-05,-1.0713699223742876,0.004024771077735069,1.3151602432602126e-06,5.390307370425665e-06,2.8909582645652917e-06,6.892048997796971e-06
514.2857142857143,4.9,1987.585955213688,-1.286149962661513e-05,-1.0226877911009067,0.003939970928354343,1.319757710514149e-06,5.144224159038201e-06,2.8294216897972848e-06,6.649515531998138e-06
514.2857142857143,5.0,1988.0311578259755,nan,nan,nan,nan,nan,nan,nan
528.5714285714286,0.1,1884.0599950574097,nan,nan,nan,nan,nan,nan,nan
528.5714285714286,0.2,1904.004469462853,9.548060287784221e-06,-853.4264939232115,0.084720350861727,1.022299384903244e-06,0.004455570395860048,6.312155179958586e-05,0.004456464659139986
528.5714285714286,0.30000000000000004,1915.4146789290642,7.02851168177859e-06,-344.8502972987398,0.055951715900153,7.480924167954947e-07,0.0017929423482186825,4.151633513109642e-05,0.001793903574845544
528.5714285714286,0.4,1923.376385422288,4.866899971989375e-06,-187.07082171408726,0.04238689167391387,5.158934092571821e-07,0.0009695464318008478,3.135288051298532e-05,0.0009705599187050169
528.5714285714286,0.5,1929.467383698371,3.3644454441173408e-06,-117.30211314190908,0.03437622543283398,3.5551778201813174e-07,0.0006064050913349915,2.5363528015465194e-05,0.0006074651251690712
528.5714285714286,0.6,1934.3853608430347,3.045203807459988e-07,-80.33681558042643,0.028919193841665004,3.2097395847945814e-08,0.0004144277370682302,2.1292379605629962e-05,0.0004155202535861248
528.5714285714286,0.7000000000000001,1938.4999698318943,1.002219513338788e-06,-58.39124422138865,0.02496596416742706,1.054151017339432e-07,0.0003006710719469507,1.8348656909502592e-05,0.0003017887523398401
528.5714285714286,0.8,1942.03066637854,-9.802083957310981e-08,-44.318977398415875,0.022081470867857445,1.0291444002076025e-08,0.0002278472229099409,1.620321879344645e-05,0.00022899660628974988
528.5714285714286,0.9,1945.1181731512015,-9.617650877089557e-07,-34.753030021443,0.019779517785536892,1.0081943646200135e-07,0.00017841663690016516,1.4493864150905628e-05,0.00017959022992182497
528.5714285714286,1.0,1947.8581496236486,-1.7579527052248544e-06,-27.963298507097527,0.01791944306731353,1.8402534212781262e-07,0.0001433781128870508,1.3114468734382709e-05,0.00014457280415330068
528.5714285714286,1.1,1950.3184931110247,-2.4262013800125743e-06,-22.97085369275464,0.016450103261689726,2.536617590016369e-07,0.00011764545825057181,1.2025520928249294e-05,0.00011886860181926318
528.5714285714286,1.2000000000000002,1952.5491280614733,-5.193715306359088e-06,-19.199794732730876,0.015004265433401548,5.423946161693261e-07,9.822938153967402e-05,1.0957253411073835e-05,9.944560520312338e-05
528.5714285714286,1.3000000000000003,1954.5877650645946,-6.1612076703113495e-06,-16.27052727344562,0.013935066016813387,6.427687804749836e-07,8.316293984958423e-05,1.016679392587055e-05,8.439914166384013e-05
528.5714285714286,1.4000000000000001,1956.4636967949814,-4.485117362082752e-06,-13.968002982619506,0.013150273882786228,4.674667889585836e-07,7.13308311204427e-05,9.585811143023216e-06,7.260910097275211e-05
528.5714285714286,1.5000000000000002,1958.199948495542,-4.939077678227483e-06,-12.108592099662017,0.012233056490049427,5.143300356459291e-07,6.178435920543827e-05,8.909945110239474e-06,6.305827322046769e-05
528.5714285714286,1.6,1959.815114275106,-5.362986518593977e-06,-10.645497675432123,0.01150651104888994,5.580186480377378e-07,5.4277103756740533e-05,8.374390511956912e-06,5.555696364925861e-05
528.5714285714286,1.7000000000000002,1961.3238250779157,-1.2371797851756143e-06,-9.256589937103852,0.010994814967347116,1.2863060886060013e-07,4.7161570450882445e-05,7.996274791935679e-06,4.849856796157363e-05
528.5714285714286,1.8000000000000003,1962.7399699813543,-2.699871502068166e-06,-8.35451801876843,0.009741437447735283,2.8050773410101403e-07,4.25367073886936e-05,7.07997087315617e-06,4.370013884634362e-05
528.5714285714286,1.9000000000000001,1964.0725697046053,-2.2155798248377348e-05,-7.741094087691634,0.009071551116790037,2.300370484506206e-06,3.9388310953543794e-05,6.588932505903314e-06,4.0540828892287634e-05
528.5714285714286,2.0,1965.3277584869793,7.363854620575703e-06,-6.429445191156446,0.009792857184305608,7.640832383348206e-07,3.269455482634221e-05,7.108589813348761e-06,3.4213766772407455e-05
528.5714285714286,2.1,1966.5186528174418,-2.469253680624209e-06,-5.941728112225063,0.009382978486081588,2.560599779192724e-07,3.0197076309635107e-05,6.807193441052003e-06,3.1695500460633534e-05
528.5714285714286,2.2,1967.650129866782,-1.2595824496429501e-05,-5.5317340994633915,0.008508802001489362,1.3054370440797096e-06,2.809803540875761e-05,6.169657231225255e-06,2.9450519526987502e-05
528.5714285714286,2.3000000000000003,1968.7262895751276,-8.105416431453715e-06,-4.999880593186389,0.008244501050199918,8.395951306769012e-07,2.538329418995891e-05,5.974938950016319e-06,2.6765954771505955e-05
528.5714285714286,2.4000000000000004,1969.7524504775413,-1.0613332648495102e-05,-4.57887466845932,0.007821794022595445,1.0988105759368194e-06,2.323437563870825e-05,5.665807970198841e-06,2.4601755138866158e-05
528.5714285714286,2.5000000000000004,1970.7328226332704,-8.784265357553533e-06,-4.256841755363893,0.007446236467188786,9.089979052922763e-07,2.1590024715223105e-05,5.39123237272401e-06,2.2914759815219207e-05
528.5714285714286,2.6,1971.670626371446,-4.145555233662895e-06,-3.7776890343138794,0.00732475960535908,4.2878135584947e-07,1.9151096201033962e-05,5.300892500375115e-06,2.0570543545406083e-05
528.5714285714286,2.7,1972.5706532192783,-1.1542067610002973e-05,-3.635924686705038,0.006987656558214897,1.1932767944244338e-06,1.842435113418821e-05,5.054745151196997e-06,1.979852321035772e-05
528.5714285714286,2.8000000000000003,1973.4343208202436,-9.626684191152902e-06,-3.32502164935704,0.006671482063546822,9.948243291977932e-07,1.6841822603693096e-05,4.824024928435905e-06,1.819832676595773e-05
528.5714285714286,2.9000000000000004,1974.2647382047153,-9.823875279153083e-06,-3.0898515607532313,0.00652472626814529,1.0147802839668315e-06,1.564430903798246e-05,4.716022020367922e-06,1.703689853505672e-05
528.5714285714286,3.0000000000000004,1975.0642570735795,-1.0261199612773465e-05,-2.883700134975697,0.006313368440487468,1.0595308926267093e-06,1.4594843314802169e-05,4.5614960531324965e-06,1.5992077713091024e-05
528.5714285714286,3.1,1975.834938941094,-1.0363795428565949e-05,-2.742161205583215,0.006118696717163632,1.069712227960741e-06,1.3873274564587733e-05,4.419199931399879e-06,1.5253546717483611e-05
528.5714285714286,3.2,1976.5781991965525,-5.476123645939886e-06,-2.4152300334208117,0.006018355698410007,5.650149360493439e-07,1.221480464614592e-05,4.345169923112534e-06,1.3685090344711298e-05
528.5714285714286,3.3000000000000003,1977.297307151677,-1.2981776984520382e-05,-2.4146974766381386,0.005760343613155785,1.338952026300732e-06,1.2207820604468375e-05,4.157444651103472e-06,1.3615886621648815e-05
528.5714285714286,3.4000000000000004,1977.992268132035,-1.0992306988691794e-05,-2.219297617739357,0.005512233133839575,1.1333626444746913e-06,1.1216136017003822e-05,3.9770386499526115e-06,1.259840826780331e-05
528.5714285714286,3.5000000000000004,1978.6650361362156,-1.136669232464557e-05,-2.0942620139067,0.0054416252817645755,1.1715701526202315e-06,1.0580731436290383e-05,3.924818711172327e-06,1.2005534481252842e-05
528.5714285714286,3.6,1979.3168615202571,-1.1390735155964663e-05,-1.9697369436244112,0.005378466601695211,1.1736664312919957e-06,9.94842268177399e-06,3.878042887093099e-06,1.1420465840562006e-05
528.5714285714286,3.7,1979.9489895348624,-1.3946144117403509e-05,-1.8620836962327298,0.005156076016191949,1.4365152481995923e-06,9.401792164213774e-06,3.7165542515644465e-06,1.0866592058553822e-05
528.5714285714286,3.8000000000000003,1980.5624967125054,-1.1788002817638714e-05,-1.7618615412857248,0.004941688146629988,1.2138453420715166e-06,8.893087773198914e-06,3.5609633172556478e-06,1.0291809857841789e-05
528.5714285714286,3.9000000000000004,1981.1583852747356,-1.200228083491767e-05,-1.6693216436578948,0.004900631849523054,1.2355431269745584e-06,8.423525193154942e-06,3.5303592089841133e-06,9.869610721160584e-06
528.5714285714286,4.0,1981.7375806205291,-1.2124521668238246e-05,-1.582127074220807,0.004781227249566202,1.2477667032191867e-06,7.981265763269395e-06,3.4433750189992686e-06,9.432453974048063e-06
528.5714285714286,4.1,1982.3009546955805,-1.2381907609119495e-05,-1.5035770127042267,0.00466505541775746,1.273897418362836e-06,7.582911207684225e-06,3.3587923200499576e-06,9.038048944024793e-06
528.5714285714286,4.2,1982.8492930005048,-1.249182928752363e-05,-1.4861136089166391,0.004558605906123605,1.2848556682765549e-06,7.492823025732728e-06,3.281277300216919e-06,8.906560078116051e-06
528.5714285714286,4.3,1983.38277016934,-7.279543862750879e-06,-1.2516188513473023,0.004456239635260319,7.485434464794014e-07,6.308868881566124e-06,3.206763521435853e-06,7.805690771538672e-06
528.5714285714286,4.3999999999999995,1983.9037311496616,-1.2647164550230642e-05,-1.3509240357279848,0.004444809123731377,1.3001501986553319e-06,6.807682033724581e-06,3.197731368143452e-06,8.275620642403633e-06
528.5714285714286,4.5,1984.411182889626,-1.5393827112529854e-05,-1.23874046992114,0.004352651662765086,1.5821127349491092e-06,6.240800902576786e-06,3.1306594846187194e-06,7.813624909666299e-06
528.5714285714286,4.6,1984.906247224891,-1.556468738085643e-05,-1.1829811091047302,0.004088969054583915,1.5992791767059608e-06,5.958433445827272e-06,2.94029752334936e-06,7.439846911397245e-06
528.5714285714286,4.7,1985.3894817490652,-1.3200158737367945e-05,-1.1289956985365277,0.004000706074094753,1.355996498495348e-06,5.685168580119911e-06,2.876154493919347e-06,7.120702046434691e-06
528.5714285714286,4.8,1985.861426316254,-1.3472434304981122e-05,-1.0841937108352793,0.003999643449361658,1.3836415641446624e-06,5.458296399680879e-06,2.874731702165123e-06,6.945187418901257e-06
528.5714285714286,4.9,1986.3225289463344,-1.3660415111462516e-05,-1.036826659901635,0.003917124488435776,1.4026260405759868e-06,5.218646128619425e-06,2.8147909575301857e-06,6.711760089175103e-06
528.5714285714286,5.0,1986.7732633098158,nan,nan,nan,nan,nan,nan,nan
542.8571428571429,0.1,1881.8377300033524,nan,nan,nan,nan,nan,nan,nan
542.8571428571429,0.2,1901.9315520657572,7.438784438750199e-06,-859.1559759706341,0.0842754197948182,7.973296794007042e-07,0.004490126439279038,6.285503508673847e-05,0.0044910063000756055
542.8571428571429,0.30000000000000004,1913.4338143684556,4.915604582311068e-06,-347.3224269952879,0.05563644253008422,5.237427799163602e-07,0.0018075937641013895,4.132349382483666e-05,0.0018085382917175162
542.8571428571429,0.4,1921.4628524012012,3.2922903926191833e-06,-188.46397757117754,0.04214782013068545,3.493315211656774e-07,0.0009777094245045058,3.120611010270261e-05,0.000978705003263459
542.8571428571429,0.5,1927.607250658235,1.8856676095765602e-06,-118.20688553077613,0.034117858683350745,1.9944888815158056e-07,0.0006116565568992792,2.5196529660372806e-05,0.0006126936539508079
542.8571428571429,0.6,1932.569580059961,6.204009983321165e-07,-80.96874452719474,0.028744324400196333,6.545358086458412e-08,0.000418071025399266,2.1183039056363782e-05,0.00041914296946255923
542.8571428571429,0.7000000000000001,1936.7222220164151,-6.484508207677217e-07,-58.86881268449996,0.024882020168121254,6.826768339282989e-08,0.0003034027321193038,1.8303389185713043e-05,0.00030450492710184835
542.8571428571429,0.8,1940.2861758460242,-1.3274897619112395e-06,-44.68148297376046,0.021953727875506965,1.3950154476513403e-07,0.00022991358835519705,1.6123682780040244e-05,0.00023104160634791892
542.8571428571429,0.9,1943.4033148458957,-2.261270005533336e-06,-35.04512274782882,0.01965964730123347,2.372522559135879e-07,0.0001800722583365313,1.4418509086896264e-05,0.00018122323614710455
542.8571428571429,1.0,1946.170002618289,-3.0239314567552393e-06,-28.20066084741483,0.017715504955072,3.1682433797594327e-07,0.00014471861578203916,1.2976272496479236e-05,0.0001458778441962191
542.8571428571429,1.1,1948.654683782208,-6.507100855992584e-06,-23.173418300052614,0.01628546272991685,6.809040529635689e-07,0.00011878275493231831,1.1915165883750096e-05,0.00011997395073812939
542.8571428571429,1.2000000000000002,1950.9076307631265,-4.1981037452615104e-06,-19.413380154833245,0.015105909909476628,4.3878837877462377e-07,9.940457612596265e-05,1.104062538657053e-05,0.00010062431668278211
542.8571428571429,1.3000000000000003,1952.9664439424967,7.395076440843704e-08,-16.31708449858706,0.013920403454795865,7.721317510609174e-09,8.346923608132201e-05,1.0164405647948122e-05,8.469795579569965e-05
542.8571428571429,1.4000000000000001,1954.862086276881,-5.317253426028407e-06,-14.140431958549012,0.012981570500949153,5.546505985220298e-07,7.226982512101872e-05,9.470483711272479e-06,7.350248556178237e-05
542.8571428571429,1.5000000000000002,1956.6163242916798,-5.871873919113576e-06,-12.219653798683792,0.012169342002368928,6.119608046493391e-07,6.240093959628218e-05,8.870619561237907e-06,6.365239619468948e-05
542.8571428571429,1.6,1958.2483657684918,-6.223389924571173e-06,-10.695288071337925,0.011525428117209918,6.480609151301859e-07,5.4574104203312716e-05,8.394787795761258e-06,5.585425459904982e-05
542.8571428571429,1.7000000000000002,1959.7734543645904,-9.04409389920603e-06,-9.36359824690953,0.010246060464504585,9.410651240848671e-07,4.7744109825509014e-05,7.457548864787013e-06,4.8904148052485356e-05
542.8571428571429,1.8000000000000003,1961.20490697822,-2.9851631020687854e-05,-8.846247505175596,0.009569430851286146,3.103910700976153e-06,4.50753202924205e-05,6.96034134008266e-06,4.6241879981731465e-05
542.8571428571429,1.9000000000000001,1962.5478971167977,7.058339863419868e-06,-7.124614322515297,0.010215102297888738,7.334135944699624e-07,3.627937196147243e-05,7.425226260444575e-06,3.7775636268063264e-05
542.8571428571429,2.0,1963.8196411121503,-7.89592407256806e-06,-6.741645483521096,0.009865287854705689,8.199207837347461e-07,3.430820993060737e-05,7.1666080276806745e-06,3.578332125416897e-05
542.8571428571429,2.1,1965.0239686526677,-1.0600145933131002e-05,-6.151189322258687,0.008836218684251666,1.1000633455953824e-06,3.128518583152023e-05,6.415352687617075e-06,3.259273679963234e-05
542.8571428571429,2.2,1966.1667842999625,-3.2455194068006714e-06,-5.425879269046162,0.008370031869060317,3.366202605297106e-07,2.7580960923261528e-05,6.073565659019246e-06,2.888942917883831e-05
542.8571428571429,2.3000000000000003,1967.2553411545668,-8.849546890314752e-06,-5.103508607658113,0.008102821940485685,9.173596081784503e-07,2.5928603937926887e-05,5.876606429489769e-06,2.7243403918652235e-05
542.8571428571429,2.4000000000000004,1968.2928629230946,-9.19502632673358e-06,-4.62317662895657,0.007776419205077904,9.526760505325047e-07,2.347643239848822e-05,5.637075795045867e-06,2.4811362656174883e-05
542.8571428571429,2.5000000000000004,1969.2841529253328,-9.441192854706071e-06,-4.24691719497332,0.007569951927746391,9.776942007827805e-07,2.155540614508104e-05,5.484798979604208e-06,2.2929401643369947e-05
542.8571428571429,2.6,1970.2329737556213,-1.2198770845952837e-05,-3.9164598375464257,0.007209141011895784,1.2626576859768097e-06,1.986898247729133e-05,5.220990618170765e-06,2.1234129489689953e-05
542.8571428571429,2.7,1971.1426299875343,-9.920711219228918e-06,-3.621258087810019,0.006862391745534072,1.026394131635046e-06,1.8363228049802007e-05,4.9676934650957454e-06,1.9688006147114036e-05
542.8571428571429,2.8000000000000003,1972.0160736385692,-1.0225056643525944e-05,-3.3565613560313063,0.006702605903433326,1.0574186491868964e-06,1.7013717363296256e-05,4.849983442102164e-06,1.8374694323854942e-05
542.8571428571429,2.9000000000000004,1972.8559516760438,-1.0767436033256685e-05,-3.12424930330053,0.006488874429805949,1.1130401524329746e-06,1.5829687189657768e-05,4.69342735600078e-06,1.720099926153874e-05
542.8571428571429,3.0000000000000004,1973.6645872204854,-1.0594392695406909e-05,-2.9087250853081055,0.006287857966697177,1.0947091723739078e-06,1.4731868240732874e-05,4.546257413057429e-06,1.6110966543505473e-05
542.8571428571429,3.1,1974.4441355140739,-1.0941809149971973e-05,-2.7184200525653064,0.006177868835260373,1.1301664078787986e-06,1.3762782857837161e-05,4.465053247628781e-06,1.5184362650759983e-05
542.8571428571429,3.2,1975.1964996071367,-1.3722649355531773e-05,-2.543181452233511,0.005904010321489753,1.4168630848710032e-06,1.2870850212077726e-05,4.265570194611145e-06,1.4284833368062834e-05
542.8571428571429,3.3000000000000003,1975.9234318856772,-1.1525498147784687e-05,-2.390037284089885,0.005642801017899049,1.1895745119523892e-06,1.209149694123564e-05,4.075417503475425e-06,1.3447581249230857e-05
542.8571428571429,3.4000000000000004,1976.6264637913769,-1.1497658679968496e-05,-2.242078477820541,0.005564283340515888,1.1862841897312096e-06,1.1339050500893934e-05,4.017343034604344e-06,1.2738109222172546e-05
542.8571428571429,3.5000000000000004,1977.3070749122983,-1.1683177020722738e-05,-2.1122008751035533,0.005414263560368229,1.2050154004943357e-06,1.0678648029347702e-05,3.9077433125875015e-06,1.2084142561401069e-05
542.8571428571429,3.6,1977.9665640244687,-1.186535871179332e-05,-1.9920987627074278,0.005271828903028111,1.2234027936573603e-06,1.0068192604577453e-05,3.803726352037114e-06,1.1480500208647701e-05
542.8571428571429,3.7,1978.606132149012,-1.208958079064361e-05,-1.8809948594252996,0.005127293575623073,1.24612371272517e-06,9.503684840884853e-06,3.6982953682052873e-06,1.0919140402213806e-05
542.8571428571429,3.8000000000000003,1979.226890324961,-1.2273999386047777e-05,-1.7803149638439204,0.0049988317120835315,1.264740616892992e-06,8.992262481668207e-06,3.604551868844665e-06,1.0413738124113726e-05
542.8571428571429,3.9000000000000004,1979.8298453512716,-1.2433424240430228e-05,-1.685867797141327,0.004878635185139048,1.2807827669483724e-06,8.512695548665904e-06,3.516852535909731e-06,9.941976338689287e-06
542.8571428571429,4.0,1980.4159416996108,-1.2553387138200393e-05,-1.6001363974964986,0.004638802294755353,1.292762355391008e-06,8.077474388335466e-06,3.343014291236495e-06,9.44819115516586e-06
542.8571428571429,4.1,1980.986036683975,-1.6041696200932185e-05,-1.5186339357114773,0.00463946583342363,1.6515229654991525e-06,7.663903888997603e-06,3.342567867794398e-06,9.154696654012456e-06
542.8571428571429,4.2,1981.5409453289822,-1.2902587880262233e-05,-1.4456578589715716,0.004751669441617425,1.327978484975481e-06,7.293635169934354e-06,3.422485717031333e-06,8.853669172452066e-06
542.8571428571429,4.3,1982.0813973953996,-1.5738280953473825e-05,-1.3749720971418353,0.004439928504052661,1.6194020238782662e-06,6.935168363942241e-06,3.1971082599425934e-06,8.435758744935316e-06
542.8571428571429,4.3999999999999995,1982.6080997408455,-1.3203964291369646e-05,-1.3120504053404145,0.004239150272712779,1.3582748738084576e-06,6.6160862317515094e-06,3.0517510751979506e-06,8.015227813901172e-06
542.8571428571429,4.5,1983.1216815822381,-1.3382445532215586e-05,-1.250916635899557,0.004239871833095778,1.3762829783736027e-06,6.3062224569406e-06,3.0515092438414486e-06,7.764406857158018e-06
542.8571428571429,4.6,1983.6227542572717,-1.3444276691484463e-05,-1.1939878188741202,0.004031703601606297,1.3822969930563053e-06,6.017744395689689e-06,2.9009807026122023e-06,7.413188967153336e-06
542.8571428571429,4.7,1984.1118870541166,-1.7179546590750782e-05,-1.144241833185333,0.00406101008463793,1.7659154280353322e-06,5.76563459869413e-06,2.92137351638668e-06,7.3095722220334465e-06
542.8571428571429,4.8,1984.5895774326295,-1.3848017472150803e-05,-1.0952971980486834,0.004102239021278821,1.4231234754214829e-06,5.517713476745517e-06,2.950347374894057e-06,7.062544987668632e-06
542.8571428571429,4.9,1985.056314839162,-1.3846614202975632e-05,-1.0459142073841574,0.00390666701428586,1.4226489364541045e-06,5.267728902939136e-06,2.8090537458984e-06,6.749404691226184e-06
542.8571428571429,5.0,1985.5125931036207,nan,nan,nan,nan,nan,nan,nan
557.1428571428571,0.1,1879.6176952934022,nan,nan,nan,nan,nan,nan,nan
557.1428571428571,0.2,1899.8601527879346,3.1163982841690124e-06,-864.8657290011214,0.08387351751975988,3.3439670798858533e-07,0.004524648515059128,6.26200445726216e-05,0.004525515090750719
557.1428571428571,0.30000000000000004,1911.4539529924557,3.421606911547319e-06,-349.7761920863922,0.055438139558634726,3.649392623679799e-07,0.0018221780817172766,4.1217212254533145e-05,0.0018231102028795707
557.1428571428571,0.4,1919.549991276113,1.7104091297142096e-06,-189.85271115466273,0.04193105799490129,1.8166528031523595e-07,0.000985865025987576,3.1075579011664586e-05,0.0009868440939122952
557.1428571428571,0.5,1925.7475024482235,3.8220408232518866e-07,-119.10877309981058,0.033934165087572424,4.046510672801935e-08,0.0006169029180916839,2.508441569023762e-05,0.0006179220564185268
557.1428571428571,0.6,1930.753925889336,-7.611221577917613e-07,-81.60074664147031,0.0285834057977013,8.037539978547316e-08,0.00042172141531916123,2.108378599143935e-05,0.0004227741840066243
557.1428571428571,0.7000000000000001,1934.9443418640337,-1.589398357191387e-06,-59.334344150101956,0.02474483085744056,1.6748246495256148e-07,0.0003060772584451149,1.8218837410599306e-05,0.0003071598415497075
557.1428571428571,0.8,1938.5414143972305,-2.6545320966079123e-06,-45.049187351196444,0.02183226746883521,2.792068772893668e-07,0.00023201043352938874,1.6048626288043862e-05,0.00023311807316130984
557.1428571428571,0.9,1941.6879950569153,-3.3774705592350113e-06,-35.33372325396157,0.019553297177526484,3.546766132901164e-07,0.00018171285253185652,1.4352950484593076e-05,0.00018284337818469284
557.1428571428571,1.0,1944.4812384840604,-3.9358938655595965e-06,-28.493543758099797,0.017713454065892628,4.1273046288449737e-07,0.00014634667047754382,1.2985848437102987e-05,0.00014749502644347237
557.1428571428571,1.1,1946.9895464736246,8.10935394201807e-07,-23.257775427555313,0.016197951516966222,8.492885917767625e-08,0.0001193155990898433,1.1861110374288523e-05,0.00012048896745221716
557.1428571428571,1.2000000000000002,1949.2652767089132,-5.2120355396709844e-06,-19.586903181038902,0.015018433655052383,5.45223518330162e-07,0.00010037641624993911,1.0985803308628234e-05,0.00010157311630809461
557.1428571428571,1.3000000000000003,1951.3451379123915,-8.219451350078098e-06,-16.56085108495517,0.013844130031748142,8.589185217386845e-07,8.4785723619767e-05,1.0116994316693627e-05,8.598874239551665e-05
557.1428571428571,1.4000000000000001,1953.2593906050201,-6.22854170424035e-06,-14.214155144736647,0.012824464260910422,6.50240735125194e-07,7.270550439745245e-05,9.363441877908455e-06,7.390440629829547e-05
557.1428571428571,1.5000000000000002,1955.0315017462015,-6.6726013876405055e-06,-12.326570508162147,0.012098839084404749,6.959746621380804e-07,6.299736452054067e-05,8.826283803934643e-06,6.42258428425771e-05
557.1428571428571,1.6,1956.6803471823011,-7.2964869086945415e-06,-10.795470058451427,0.010828509779565825,7.604137386187457e-07,5.5128960147170556e-05,7.893412195497656e-06,5.625293226257865e-05
557.1428571428571,1.7000000000000002,1958.2212379178163,-2.3014094861582663e-05,-9.837684784201882,0.010033253647753785,2.3965800959922796e-06,5.020088152948773e-05,7.308374278379415e-06,5.130981165118349e-05
557.1428571428571,1.8000000000000003,1959.6637518054895,1.0373163318399759e-05,-8.160068664938079,0.010671306460955071,1.0794242346954198e-06,4.161124951944945e-05,7.767822399670498e-06,4.30504282547105e-05
557.1428571428571,1.9000000000000001,1961.0246650065133,-8.264011553478678e-06,-7.566588329177646,0.010321483135243175,8.593588837120321e-07,3.8559598979018824e-05,7.508314714247317e-06,4.0004134171484455e-05
557.1428571428571,2.0,1962.3099123242453,-8.60388018379582e-06,-6.803844917203604,0.00920758011974954,8.941217809930709e-07,3.4651137963759826e-05,6.693906077072127e-06,3.5932124527782794e-05
557.1428571428571,2.1,1963.5271211928052,-9.021342335699966e-06,-6.155367912151632,0.008885761692482678,9.369301860751266e-07,3.1330085376358286e-05,6.456189462835841e-06,3.264685057740706e-05
557.1428571428571,2.2,1964.6827763822437,-1.1867080619094864e-05,-5.5844867653604515,0.008410484510091014,1.2317638599680944e-06,2.8408465936834864e-05,6.1074826537296825e-06,2.9718022609558803e-05
557.1428571428571,2.3000000000000003,1965.7825867040285,-9.639267429656696e-06,-5.09981931504626,0.007964785024239522,9.99970564812029e-07,2.5929112775365813e-05,5.780778122339176e-06,2.7205764496656946e-05
557.1428571428571,2.4000000000000004,1966.831398832663,-9.782607354054574e-06,-4.665451795403896,0.0077404045712285135,1.0143056036155042e-06,2.3708569152749995e-05,5.6150966327610476e-06,2.5023662552047477e-05
557.1428571428571,2.5000000000000004,1967.8335564433432,-1.0056031213048312e-05,-4.28824592975161,0.007322625351804394,1.0421305959937076e-06,2.178109276372224e-05,5.3094702499979985e-06,2.3062588467737247e-05
557.1428571428571,2.6,1968.792831594726,-1.3704006961211251e-05,-3.952462526126509,0.0071695046216802925,1.4194951316857817e-06,2.0066189158779586e-05,5.196046853092535e-06,2.141645908136704e-05
557.1428571428571,2.7,1969.7125821208476,-1.0686331774559234e-05,-3.6592936328133865,0.00703856979212674,1.1064060014967678e-06,1.8569479061954695e-05,5.098893379953804e-06,1.9951118120867196e-05
557.1428571428571,2.8000000000000003,1970.595739710641,-1.0744735859043444e-05,-3.392958898734832,0.006677583390973044,1.1119601233744165e-06,1.721051794143435e-05,4.835327605212626e-06,1.8552605456589407e-05
557.1428571428571,2.9000000000000004,1971.4449677114471,-1.0540237309419366e-05,-3.1440465820196546,0.006457021911353425,1.0903324375150481e-06,1.5941317015981515e-05,4.673700423033781e-06,1.729165591598594e-05
557.1428571428571,3.0000000000000004,1972.262755246433,-1.1267270323833158e-05,-2.9443716640571433,0.006126732100381107,1.1650626647101992e-06,1.4922936691567538e-05,4.432880258137582e-06,1.622813190971796e-05
557.1428571428571,3.1,1973.0510990647783,-1.4877388449554037e-05,-2.7443406087513718,0.006056128490160975,1.5377501291563574e-06,1.3903758865983633e-05,4.380127309116931e-06,1.5298699832053793e-05
557.1428571428571,3.2,1973.8119994770361,-1.1547743326491413e-05,-2.569541209550152,0.005996930694487903,1.1931381571390984e-06,1.3013318717951293e-05,4.3357165115920855e-06,1.4434920091735433e-05
557.1428571428571,3.3000000000000003,1974.5472044771984,-1.1691929007793093e-05,-2.409648759703486,0.005702660847805421,1.2075913075725663e-06,1.2199157668934078e-05,4.1214961467133225e-06,1.3573915631548011e-05
557.1428571428571,3.4000000000000004,1975.2583129897637,-1.2096658764676263e-05,-2.2692135788929586,0.005415912091478961,1.2489491138385626e-06,1.1484183987188947e-05,3.912906281329387e-06,1.2808904202682565e-05
557.1428571428571,3.5000000000000004,1975.94672936654,-1.5688645107889006e-05,-2.1300716414089034,0.005388240067924246,1.6192549697292e-06,1.0776367102598703e-05,3.891615738770965e-06,1.2208252155958446e-05
557.1428571428571,3.6,1976.6138450269023,-1.2457616521282959e-05,-2.0153185488879894,0.005371997053691759,1.2853456498558494e-06,1.019247709377449e-05,3.8786302036468045e-06,1.1645868248439167e-05
557.1428571428571,3.7,1977.2608075017756,-1.2477533119385967e-05,-1.899093706629173,0.00510662230842627,1.2869844528992661e-06,9.601620307241592e-06,3.6858708630042284e-06,1.1000851309963499e-05
557.1428571428571,3.8000000000000003,1977.8887790395827,-1.2627771328538998e-05,-1.798258310054734,0.0049758875830491454,1.3020721384169498e-06,9.089003941497147e-06,3.590415029664399e-06,1.049226118015904e-05
557.1428571428571,3.9000000000000004,1978.4987679942892,-1.2776125282562149e-05,-1.7016086045714471,0.004721878346850874,1.3169679772065058e-06,8.597926864317514e-06,3.406123104478831e-06,9.942942231697276e-06
557.1428571428571,4.0,1979.09174086295,-1.6737575048455274e-05,-1.6868874792407949,0.00473526332337997,1.7248051637124227e-06,8.521063185540608e-06,3.4147953419532215e-06,9.945105586146148e-06
557.1428571428571,4.1,1979.6678448568184,-6.466944520570913e-06,-1.3984374427309374,0.004752980122049168,6.662260973046034e-07,7.061995161257965e-06,3.4266118088213848e-06,8.590632680255219e-06
557.1428571428571,4.2,1980.2299644762595,-1.3209974224878367e-05,-1.527136831350617,0.004514920582812467,1.3605134496327282e-06,7.709787501237254e-06,3.2540977153363e-06,9.081306296055627e-06
557.1428571428571,4.3,1980.776812727387,-1.3399327814568112e-05,-1.388733307521761,0.004413822012230641,1.3796389494619343e-06,7.009168005902537e-06,3.180386491055168e-06,8.441656012348086e-06
557.1428571428571,4.3999999999999995,1981.3097736454395,-1.3639579584787515e-05,-1.3285399974620302,0.004315797981308835,1.4040029750350808e-06,6.703604076641284e-06,3.1089497658383466e-06,8.13883709526623e-06
557.1428571428571,4.5,1981.8294491635172,-1.360902739513678e-05,-1.260712187968238,0.004225600493288086,1.4004952673422594e-06,6.359728415436714e-06,3.043205730682882e-06,7.805750108124363e-06
557.1428571428571,4.6,1982.3365175597153,-1.3798864699288078e-05,-1.2799626661944783,0.004133995092036004,1.4196725816667853e-06,6.4552289333979465e-06,2.9764991142236266e-06,7.836105204478976e-06
557.1428571428571,4.7,1982.8307863292514,-6.947764604569792e-06,-1.0152675797144182,0.004045093121959555,7.146326540561059e-07,5.119043770982001e-06,2.911788173057856e-06,6.60850434584045e-06
557.1428571428571,4.8,1983.3149024229904,-1.3840798873616239e-05,-1.1743624372911652,0.0038308746841096324,1.4232931904259873e-06,5.919800233393917e-06,2.7569384703325335e-06,7.229883662107063e-06
557.1428571428571,4.9,1983.7872748923564,-1.7878898433082234e-05,-1.0584133660131554,0.0038863827389036504,1.8381114706850592e-06,5.334075170438951e-06,2.796242824434797e-06,6.889772098477822e-06
557.1428571428571,5.0,1984.2490632280624,nan,nan,nan,nan,nan,nan,nan
571.4285714285714,0.1,1877.3994282955073,nan,nan,nan,nan,nan,nan,nan
571.4285714285714,0.2,1897.7893895097618,8.556685015992126e-06,-870.4560820435744,0.08351491417134302,9.191530469224895e-07,0.004558615210036517,6.241689477164537e-05,0.004559469839304178
571.4285714285714,0.30000000000000004,1909.4747899035806,1.85600117079048e-06,-352.2711083287049,0.055089207630362604,1.9816106401513133e-07,0.001837005753939858,4.099860300645583e-05,0.0018379205505605828
571.4285714285714,0.4,1917.6374792141123,1.9258017882748415e-07,-191.23362855989396,0.041719687486840955,2.0474630767810046e-08,0.000993995727585292,3.09487892243715e-05,0.000994958874519914
571.4285714285714,0.5,1923.887832239045,-1.0229702256765463e-06,-120.00688763196192,0.033771142485431956,1.0840955709205333e-07,0.0006221396457067272,2.498738374579795e-05,0.000623142430914188
571.4285714285714,0.6,1928.9381163876583,-1.9005213935997767e-06,-82.22631916307817,0.02844373364109175,2.0088603922908403e-07,0.0004253453315503584,2.1000038255578374e-05,0.0004263809266845277
571.4285714285714,0.7000000000000001,1933.1661373446407,-2.962188171227357e-06,-59.80470944305124,0.024617318465300297,3.1242666010087406e-07,0.00030878164767573476,1.8141267215849933e-05,0.00030984579181288436
571.4285714285714,0.8,1936.7961112071926,-3.5774584347109383e-06,-45.40990815155509,0.02172668750987442,3.766200467433848e-07,0.00023407507159657837,1.5985124846588187e-05,0.00023516447312110076
571.4285714285714,0.9,1939.9719859882289,-4.130354820085818e-06,-35.618966307924886,0.019457308385386805,4.3412204085592315e-07,0.00018333909310844522,1.4294894847088907e-05,0.0001844508052602432
571.4285714285714,1.0,1942.791671106186,-4.983782845670255e-06,-28.678156208252396,0.01772281019002549,5.230693512505399e-07,0.0001474209321250894,1.300381931547672e-05,0.00014856447577989688
571.4285714285714,1.1,1945.3245746620605,-8.056789297802434e-06,-23.561924395744423,0.01611749174302873,8.445051576241237e-07,0.00012097792128990087,1.18121368494295e-05,0.0001221287180907341
571.4285714285714,1.2000000000000002,1947.6218589739776,-5.960514841808624e-06,-19.698884265949342,0.014753004178101043,6.240462059750512e-07,0.00010103431517694674,1.0800611252695923e-05,0.00010218428785192725
571.4285714285714,1.3000000000000003,1949.7221544432352,-6.458427908160055e-06,-16.7026110293591,0.013769381855723857,6.754553493696577e-07,8.55817621576826e-05,1.0070626360630985e-05,8.676133519335681e-05
571.4285714285714,1.4000000000000001,1951.6554238021993,-7.036957605919278e-06,-14.337571582541383,0.01285144701776631,7.352396737647562e-07,7.339632931876316e-05,9.390748951606301e-06,7.459178283558049e-05
571.4285714285714,1.5000000000000002,1953.4453174453379,-7.2497606786328195e-06,-12.437157132694663,0.011360581189126156,7.567872918251425e-07,6.361356543737566e-05,8.294355141923226e-06,6.469042501870768e-05
571.4285714285714,1.6,1955.1108395171495,-2.6640233469265726e-05,-11.203687197235011,0.010737331880727657,2.778574614139532e-06,5.725911724207222e-05,7.83315247883161e-06,5.8387015163827003e-05
571.4285714285714,1.7000000000000002,1956.6643247169889,6.538751627840619e-06,-9.30963119633361,0.011313191972527652,6.814547211945712e-07,4.754360706267163e-05,8.247181590722613e-06,4.895805308064717e-05
571.4285714285714,1.8000000000000003,1958.1247136048648,-8.471610602691736e-06,-8.535612948207925,0.010650044930730478,8.822432529077657e-07,4.356016357771738e-05,7.758367435420808e-06,4.492939722053694e-05
571.4285714285714,1.9000000000000001,1959.4997463632587,-8.806654526551949e-06,-7.635147922746908,0.009623524439609813,9.164986377079668e-07,3.893897411947165e-05,7.005973913825794e-06,4.019018557051234e-05
571.4285714285714,2.0,1960.7984276424252,-9.037410578230275e-06,-6.867627892142989,0.009161811482266562,9.398971559883358e-07,3.5002693018535585e-05,6.665709872941689e-06,3.6262036642115665e-05
571.4285714285714,2.1,1962.0284326426702,-9.330845593854076e-06,-6.2091031577892855,0.008746247874103124,9.698130381161031e-07,3.1627519929459865e-05,6.35962200633472e-06,3.289574650838912e-05
571.4285714285714,2.2,1963.1963466113373,-9.680597057558782e-06,-5.639552394882229,0.008369482802856968,1.0055730504244216e-06,2.871012479869745e-05,6.0822616320599e-06,2.998783513757167e-05
571.4285714285714,2.3000000000000003,1964.3078650560556,-9.860968302450614e-06,-5.144520902308613,0.008022421350580093,1.0237360552055805e-06,2.617586662566656e-05,5.826936633308847e-06,2.746143496200819e-05
571.4285714285714,2.4000000000000004,1965.3679382917508,-1.0151253185063082e-05,-4.710381736026647,0.007571622484550748,1.0533105810248033e-06,2.3954574200540015e-05,5.49670652476732e-06,2.5206321698100168e-05
571.4285714285714,2.5000000000000004,1966.3809077100857,-1.4170102946036439e-05,-4.398443070431312,0.007408237998691906,1.4695641989741252e-06,2.235719780582586e-05,5.375475251205593e-06,2.3659995372281433e-05
571.4285714285714,2.6,1967.3498926977163,-3.832699465056071e-06,-3.852431522159349,0.007272035822728643,3.972909448596408e-07,1.957257519521112e-05,5.274181978729262e-06,2.0949404071633306e-05
571.4285714285714,2.7,1968.2803533701253,-1.0668928755171704e-05,-3.760106305799126,0.006883698372519124,1.1054061484799133e-06,1.9094847934224446e-05,4.990295381095487e-06,2.0387281240160954e-05
571.4285714285714,2.8000000000000003,1969.1732129794764,-1.1128370316237137e-05,-3.4239910815585968,0.00665346913370968,1.1524920800036944e-06,1.738038454385841e-05,4.821314346062306e-06,1.8705511191463225e-05
571.4285714285714,2.9000000000000004,1970.0318326780118,-1.149022242368575e-05,-3.18285470898445,0.00642671975995768,1.1894541263785456e-06,1.6149584097513985e-05,4.655073571758345e-06,1.7480368633367018e-05
571.4285714285714,3.0000000000000004,1970.8586238294574,-1.1454296090528273e-05,-3.0388567144655094,0.006215974566561047,1.1852434168968021e-06,1.541272014502904e-05,4.500625285743922e-06,1.6717296436674093e-05
571.4285714285714,3.1,1971.6550264137584,-4.654282230512768e-06,-2.6286333435336924,0.006030730595648495,4.814135411299811e-07,1.3326910546184644e-05,4.364817634423963e-06,1.4694950481956296e-05
571.4285714285714,3.2,1972.425142664624,-1.1884964134219459e-05,-2.666795473078309,0.005847351213623145,1.2288418984063428e-06,1.3515294563754512e-05,4.230518702041469e-06,1.4831312030059123e-05
571.4285714285714,3.3000000000000003,1973.1685909607588,-1.2027967136486964e-05,-2.4345774613493627,0.005674514448833182,1.2431645924421193e-06,1.2333920867880514e-05,4.103994479764448e-06,1.3687826838432546e-05
571.4285714285714,3.4000000000000004,1973.8876934822802,-1.212414786725732e-05,-2.361394732747612,0.005516201744137563,1.252654336400114e-06,1.195895292842657e-05,3.988107618891684e-06,1.3281404398276119e-05
571.4285714285714,3.5000000000000004,1974.583182056474,-5.2231407619501685e-06,-2.0086972050648906,0.005364002123258163,5.394614533040932e-07,1.016928731095216e-05,3.876761359009297e-06,1.156563791330633e-05
571.4285714285714,3.6,1975.2585836586172,-1.2441852561300962e-05,-2.104884155164654,0.005219999569044378,1.2845976923248812e-06,1.065271711302812e-05,3.7714509958420185e-06,1.198241454588365e-05
571.4285714285714,3.7,1975.9129364192088,-1.2690182320579895e-05,-1.919852178548353,0.005086609993020377,1.3098085577901839e-06,9.713156930622484e-06,3.6739101719578526e-06,1.1093072068646752e-05
571.4285714285714,3.8000000000000003,1976.5480906580149,-1.2832042585409923e-05,-1.8161632020792235,0.004954971226408136,1.324030061172441e-06,9.185693281009589e-06,3.577727940976217e-06,1.0570255015606617e-05
571.4285714285714,3.9000000000000004,1977.1650832648002,-1.2977248143351988e-05,-1.7951676938764645,0.004828028296350342,1.3385997662884683e-06,9.07675324835546e-06,3.485024538323364e-06,1.0414897547804822e-05
571.4285714285714,4.0,1977.7641241946467,-5.750040279508546e-06,-1.4831879427447345,0.0048323256556727775,5.929374489488253e-07,7.497102091783178e-06,3.4871114279002254e-06,8.993220047022665e-06
571.4285714285714,4.1,1978.3483332450658,-1.6568683601144605e-05,-1.6254585055094137,0.004609467808677438,1.7080461295658158e-06,8.213882090939987e-06,3.3253481315428723e-06,9.617752386940556e-06
571.4285714285714,4.2,1978.9162877104297,-1.3295985877493892e-05,-1.4748673115946074,0.00437815189995945,1.3702784799181975e-06,7.450821123718482e-06,3.157600934158646e-06,8.79393460567996e-06
571.4285714285714,4.3,1979.4694935026778,-1.3465823427031881e-05,-1.4035332562798428,0.0043889415553735505,1.3873987277862615e-06,7.088520781879377e-06,3.1645311556407414e-06,8.49708873526931e-06
571.4285714285714,4.3999999999999995,1980.008663962363,-1.3563033309583277e-05,-1.3395029781577248,0.004301604864917864,1.3970384734209356e-06,6.763341002889886e-06,3.1007460352449798e-06,8.180693733893525e-06
571.4285714285714,4.5,1980.5344393922667,-1.3653531105410383e-05,-1.275005484808389,0.004205861862533313,1.4059912777295698e-06,6.436016842020193e-06,3.030955660711783e-06,7.859548886432401e-06
571.4285714285714,4.6,1981.0474647673223,-1.3956429856216363e-05,-1.2222449135379063,0.0042363337542155955,1.4368150744510313e-06,6.168130917955104e-06,3.052154225610358e-06,7.664304757316591e-06
571.4285714285714,4.7,1981.5482676932425,-1.7449311354948824e-05,-1.166785864279518,0.004035809455575647,1.79595958189759e-06,5.886800434010252e-06,2.9069726004429313e-06,7.401409971696268e-06
571.4285714285714,4.8,1982.0374027605199,-1.4174438340637625e-05,-1.1951637028687399,0.0038246451092220487,1.4585391936315531e-06,6.028524133913912e-06,2.754216037481408e-06,7.324059787766717e-06
571.4285714285714,4.9,1982.5145861907686,-6.692605623288736e-06,-0.9143288141103765,0.0038666050200959054,6.885001731740288e-07,4.610876575359827e-06,2.783784334156939e-06,6.101895256382054e-06
571.4285714285714,5.0,1982.9826263328762,nan,nan,nan,nan,nan,nan,nan
585.7142857142858,0.1,1875.182519810422,nan,nan,nan,nan,nan,nan,nan
585.7142857142858,0.2,1895.7203724938372,-8.543579283468727e-08,-876.2219586797754,0.08319211035142192,9.187466314803095e-09,0.004593571656830526,6.22400843200469e-05,0.00459441489449021
585.7142857142858,0.30000000000000004,1907.4960055904546,5.16699794115994e-07,-354.6632232882984,0.05477457621307169,5.522405330107406e-08,0.001851326375619765,4.08051028613451e-05,0.0018522255437592263
585.7142857142858,0.4,1915.725006454189,-5.310106398155773e-07,-192.6054057490546,0.04152696799432649,5.6511994318197e-08,0.0010020947167928976,3.083560226214054e-05,0.0010030431163970874
585.7142857142858,0.5,1922.027953260433,-2.0004745998221577e-06,-120.89810422050957,0.03361257218346056,2.1220578225579108e-07,0.0006273505740711486,2.4893468512100433e-05,0.0006283376141596328
585.7142857142858,0.6,1927.1219190244717,-2.877877522587372e-06,-82.85564914610858,0.02831769108443042,3.044794119601208e-07,0.00042899550976739816,2.092621199225834e-05,0.0004300151774123699
585.7142857142858,0.7000000000000001,1931.3873282970494,-3.5904482407886504e-06,-60.265964603058805,0.02450214254398021,3.7903857551681615e-07,0.00031144395326309667,1.8072661636695145e-05,0.00031249115490147335
585.7142857142858,0.8,1935.0500779235965,-4.425866278438667e-06,-45.76935601562581,0.021625037044549354,4.6635678932921217e-07,0.00023613690072579605,1.5924410397042388e-05,0.00023720882586030872
585.7142857142858,0.9,1938.2551339899874,-5.268494621032011e-06,-35.910342660667986,0.019361033985444472,5.542363454987574e-07,0.0001849998586267198,1.4236534153689327e-05,0.00018609302157590788
585.7142857142858,1.0,1941.1010866297715,-5.715225065864622e-06,-28.908066177314133,0.017541953228180782,6.003589987377501e-07,0.00014873021278919167,1.2882134688227425e-05,0.00014984303592592105
585.7142857142858,1.1,1943.6579586077826,-6.406055074967306e-06,-23.76057783519627,0.01604474559636629,6.720514384042403e-07,0.00012210100679645636,1.176874506314132e-05,0.00012323195297716649
585.7142857142858,1.2000000000000002,1945.9772248074416,-6.775385176274548e-06,-19.863807953356623,0.014784477365304844,7.099590006429127e-07,0.0001019651447359569,1.0832662439775542e-05,0.00010311201643783076
585.7142857142858,1.3000000000000003,1948.0978529275671,-7.123167222903257e-06,-16.8460162111387,0.013717103464313147,7.45597311492821e-07,8.638761073158718e-05,1.004063619678284e-05,8.755000830231504e-05
585.7142857142858,1.4000000000000001,1950.0500208855813,-7.162737371663761e-06,-14.453524211671716,0.01223956786129748,7.489965284068441e-07,7.405009368896721e-05,8.950901665154982e-06,7.512798847555374e-05
585.7142857142858,1.5000000000000002,1951.8576536014787,-2.3464450833557777e-05,-12.939124771878594,0.011393878897445125,2.4513936441704092e-06,6.623438455640574e-05,8.325343773099291e-06,6.73173508558164e-05
585.7142857142858,1.6,1953.5358950696573,1.337287432461382e-05,-10.539058256676979,0.011757608651595324,1.39590961815004e-06,5.390522792392083e-05,8.5842950044192e-06,5.52729807649062e-05
585.7142857142858,1.7000000000000002,1955.1087459552691,-8.685213555736492e-06,-9.765033676376332,0.011165628237489504,9.058746255066377e-07,4.9908585286227e-05,8.146006927598909e-06,5.122892104894178e-05
585.7142857142858,1.8000000000000003,1956.5839465041172,-8.927533123028307e-06,-8.61166093950487,0.01008342413906576,9.304542875401105e-07,4.398253094198105e-05,7.351310789384693e-06,4.5204118328840015e-05
585.7142857142858,1.9000000000000001,1957.9730304435702,-9.205189567956052e-06,-7.701579192394091,0.009577374617958871,9.587192442336417e-07,3.9308108850173026e-05,6.977751280835027e-06,4.05391735219245e-05
585.7142857142858,2.0,1959.2850985910993,-9.653928153716164e-06,-6.932690029611875,0.009122222042248045,1.0047893711821318e-06,3.536134447437153e-05,6.641976006987577e-06,3.660144772096322e-05
585.7142857142858,2.1,1960.5278398383323,-9.789502821172403e-06,-6.263987718693897,0.008709270770049219,1.0182613490038376e-06,3.1931296127778274e-05,6.337529818278413e-06,3.318091464938661e-05
585.7142857142858,2.2,1961.7079412083783,-1.0046100587896956e-05,-5.6911612852445606,0.008333115299484465,1.0443298823949874e-06,2.899465570655036e-05,6.060379149118373e-06,3.0252885404648495e-05
585.7142857142858,2.3000000000000003,1962.831130965572,-1.0277670207005953e-05,-5.191465625034652,0.00798832281078035,1.0677978503413678e-06,2.6434437928270573e-05,5.806490228799164e-06,2.770108948014615e-05
585.7142857142858,2.4000000000000004,1963.9024060665151,-1.053020357478546e-05,-4.831404837432273,0.007669675417463399,1.093444690859866e-06,2.4588235860153496e-05,5.572002415627732e-06,2.5843207731356232e-05
585.7142857142858,2.5000000000000004,1964.925367119084,-3.22305344186589e-06,-4.215655451071142,0.007348705190111108,3.345058965762886e-07,2.1443828357298307e-05,5.336188702657141e-06,2.2735423650173023e-05
585.7142857142858,2.6,1965.9061716171423,-1.851567593505481e-05,-4.102882819643127,0.007106465741532023,1.9207103873726523e-06,2.0860214422499613e-05,5.1578495406366856e-06,2.2182076050552935e-05
585.7142857142858,2.7,1966.845947287004,-1.1360189906235986e-05,-3.7307804537022085,0.006880828203799186,1.1778840851324086e-06,1.8959641511963304e-05,4.991818145841509e-06,2.0265535126970507e-05
585.7142857142858,2.8000000000000003,1967.7484151523288,-1.1300369808031987e-05,-3.453031642879977,0.006618370737686521,1.1711503613829433e-06,1.7540399063240137e-05,4.799321098633991e-06,1.8844207557821836e-05
585.7142857142858,2.9000000000000004,1968.6163527012247,-1.1521651326370388e-05,-3.2135449085899377,0.006400614031474563,1.1935631569712244e-06,1.63169483490935e-05,4.63946739767224e-06,1.762715836159622e-05
585.7142857142858,3.0000000000000004,1969.4521548010348,-1.1705404431268122e-05,-2.9952991622849363,0.006321525096825556,1.2120900090519562e-06,1.5202573248487829e-05,4.580289156743735e-06,1.6569414385682127e-05
585.7142857142858,3.1,1970.258003909222,-1.540217667213712e-05,-2.799266808187894,0.0060039546851328425,1.5942450984328538e-06,1.4202008519985931e-05,4.348493606216783e-06,1.5558195805498998e-05
585.7142857142858,3.2,1971.0358603493273,-1.2024461882015218e-05,-2.6194032284138298,0.005697164046830496,1.2441393894122644e-06,1.3284409188020022e-05,4.124739172552681e-06,1.4561948934748366e-05
585.7142857142858,3.3000000000000003,1971.7875227571485,-1.2233732436357073e-05,-2.458550606434073,0.005653614509589035,1.2653151385492094e-06,1.2464042632988446e-05,4.091718177900614e-06,1.3799916537846162e-05
585.7142857142858,3.4000000000000004,1972.5145996589054,-1.2370476447813431e-05,-2.310776134845582,0.005621387392477575,1.2789922337031212e-06,1.171069526399029e-05,4.066961316596196e-06,1.3109407057578816e-05
585.7142857142858,3.5000000000000004,1973.2185687993137,-1.6093360657373544e-05,-2.175480297387366,0.00534234965289784,1.6633177815333977e-06,1.102122414648565e-05,3.863761503788691e-06,1.2413352232405331e-05
585.7142857142858,3.6,1973.9007831367483,-1.2659040923858827e-05,-2.052197066745975,0.005070974119428231,1.3079187509606203e-06,1.0393173638239343e-05,3.666279322594298e-06,1.1688110107124787e-05
585.7142857142858,3.7,1974.5624755035153,-1.2799031687995937e-05,-1.9384378036420453,0.005062466554676351,1.3219445225142768e-06,9.81385737743509e-06,3.6589522472491036e-06,1.1172967244225732e-05
585.7142857142858,3.8000000000000003,1975.204783492246,-1.2944867173382606e-05,-1.8341363653917138,0.004934603994740885,1.3365774603245038e-06,9.282871125763328e-06,3.5654252332642147e-06,1.0648128935778922e-05
585.7142857142858,3.9000000000000004,1975.8287501173227,-1.3082248351906871e-05,-1.7382693664103495,0.004942706693753965,1.3503407606315694e-06,8.794972122105805e-06,3.57019802115226e-06,1.0230717600389542e-05
585.7142857142858,4.0,1976.4353340487353,-1.681587435198255e-05,-1.6477710835033574,0.004691364335127448,1.7351973626474691e-06,8.334597268909683e-06,3.387648644861708e-06,9.768763903602247e-06
585.7142857142858,4.1,1977.0254402693129,-1.3437729869383492e-05,-1.5649011796085686,0.004454576792898026,1.38620373612177e-06,7.913133397732202e-06,3.2157404394675667e-06,9.231533681701913e-06
585.7142857142858,4.2,1977.5998974780944,-1.360687719582076e-05,-1.4928536137404078,0.004483646081695271,1.4032497133295333e-06,7.546679979405515e-06,3.235820864711616e-06,8.936585578761359e-06
585.7142857142858,4.3,1978.1594261507385,-1.3586752954893217e-05,-1.416851007752484,0.00437730192618915,1.4007827524444025e-06,7.160497197726707e-06,3.1582126784589476e-06,8.554737113608776e-06
585.7142857142858,4.3999999999999995,1978.704786313305,-1.366573938089461e-05,-1.3503289774916991,0.004285191788892463,1.4085425256084718e-06,6.822473614463773e-06,3.0909346658163257e-06,8.224225950397523e-06
585.7142857142858,4.5,1979.2366431860967,-1.3858611405225946e-05,-1.2936334950154558,0.004186076192689827,1.4280428482479265e-06,6.534309177957907e-06,3.018660053863033e-06,7.934804336034614e-06
585.7142857142858,4.6,1979.7555637239382,-1.3826341589879137e-05,-1.2296288496145278,0.004092822752414806,1.424348692025341e-06,6.209424474609609e-06,2.9506672845841587e-06,7.615680951233817e-06
585.7142857142858,4.7,1980.2621879732835,-1.40811392061096e-05,-1.1801867098029104,0.004018136392676299,1.4502305725528474e-06,5.958260925660316e-06,2.8961082362450173e-06,7.374206927114938e-06
585.7142857142858,4.8,1980.7570103555308,-1.4103178866639626e-05,-1.1301086479761577,0.004071434243684282,1.4521420053392001e-06,5.70404567200253e-06,2.933816817464265e-06,7.20134818411342e-06
585.7142857142858,4.9,1981.2405316512984,-1.7927749172827154e-05,-1.0786900634002448,0.0038548646715582907,1.845496798091687e-06,5.443219671997549e-06,2.7771042759872995e-06,6.96125815846544e-06
585.7142857142858,5.0,1981.713266046432,nan,nan,nan,nan,nan,nan,nan
600.0,0.1,1872.9665816304705,nan,nan,nan,nan,nan,nan,nan
600.0,0.2,1893.6513380420365,9.034844433699629e-07,-881.8767727336306,0.08290568782514927,9.726359591579662e-08,0.004628017601124208,6.209014149752253e-05,0.004628850537349206
600.0,0.30000000000000004,1905.5173267262662,-6.668656137208026e-07,-357.0890085748487,0.05465625795236522,7.134747480962585e-08,0.001865851657401878,4.075760781966177e-05,0.0018667417544240446
600.0,0.4,1913.8124253247474,-1.9638520094304137e-06,-193.9857901530331,0.04136521410561047,2.0920858840558094e-07,0.0010102544355147006,3.074521518158579e-05,0.001011189697711801
600.0,0.5,1920.1676660216983,-2.6788001038312393e-06,-121.77723793074617,0.03346383377414101,2.844359770177557e-07,0.0006325087683959946,2.4806669649837737e-05,0.0006334809900224909
600.0,0.6,1925.3051343393417,-3.7816605876059886e-06,-83.48161520659686,0.028194820772341714,4.004767208755741e-07,0.0004326351489170053,2.085460269876262e-05,0.0004336394370528236
600.0,0.7000000000000001,1929.6077865049192,-4.529195201348562e-06,-60.72972685121839,0.02439440828311491,4.785811410032517e-07,0.00031412418234203393,1.8009432979408467e-05,0.0003151553748937808
600.0,0.8,1933.3031414019845,-5.250231135983092e-06,-46.128951028777,0.021525783226388748,5.537199033045751e-07,0.0002382032778253187,1.5865361765630132e-05,0.00023925828633584653
600.0,0.9,1936.537206788762,-5.630255729602147e-06,-36.193639464477194,0.01928053407589233,5.928176128114375e-07,0.0001866219719412869,1.418968867625544e-05,0.00018769871169892094
600.0,1.0,1939.4093357808947,-6.214869816017206e-06,-29.142957770136483,0.017466671209558634,6.534130486636178e-07,0.000150067493869531,1.283784903188403e-05,0.00015116315821133396
600.0,1.1,1941.990035195326,-6.600591797086971e-06,-23.952670052040045,0.015974815258977065,6.930538083927032e-07,0.00012319233448809705,1.1727354444212322e-05,0.0001243056446213481
600.0,1.2000000000000002,1944.331207909237,-7.1127591525055406e-06,-20.028291884545975,0.014725017933352553,7.459406420622267e-07,0.00010289534542091631,1.07980920327884e-05,0.00010402502641109158
600.0,1.3000000000000003,1946.4720977043025,-7.548343743815176e-06,-16.983131354186295,0.013660997151606586,7.907602345279094e-07,8.716257028217142e-05,1.0007799803883036e-05,8.830770676318226e-05
600.0,1.4000000000000001,1948.4431561858262,-8.296383712900034e-06,-14.901357316580285,0.012159182091363624,8.682544114822209e-07,7.640682563694401e-05,8.899347807699319e-06,7.74412916501412e-05
600.0,1.5000000000000002,1950.265201094184,6.5421383086914e-06,-12.35662223514282,0.011989347063104111,6.840305514166745e-07,6.330354587609076e-05,8.767506501827843e-06,6.451003920941907e-05
600.0,1.6,1951.9636797801904,-1.2158886770726e-05,-11.07637652098674,0.011733511875047503,1.270212372179108e-06,5.6698669669154546e-05,8.573517895704777e-06,5.7994508360173924e-05
600.0,1.7000000000000002,1953.551394700987,-8.911808712468894e-06,-9.775216394928064,0.010314316895852476,9.302482410224131e-07,5.0000049142893364e-05,7.530849084688317e-06,5.113020293284957e-05
600.0,1.8000000000000003,1955.0413574578342,-1.3695196888920708e-05,-8.688430091569897,0.010041664003142619,1.4284785202239102e-06,4.4409286213701896e-05,7.3265739962485e-06,4.562436438941636e-05
600.0,1.9000000000000001,1956.4444359137658,-9.56111650609729e-06,-7.771501934303158,0.009691958986206832,9.965654461075075e-07,3.969568810838727e-05,7.0666875915799304e-06,4.094651321078162e-05
600.0,2.0,1957.7697993503543,-9.760439547289946e-06,-6.991361066707212,0.008923510905879088,1.0166598213066634e-06,3.568795792523306e-05,6.502265595848724e-06,3.686763965625384e-05
600.0,2.1,1959.0252491762758,-1.4540715071211724e-05,-6.321342138767249,0.008676823025911067,1.513619348512063e-06,3.22481672838167e-05,6.318708919510129e-06,3.349757456169342e-05
600.0,2.2,1960.2174855808096,-1.0276803948977443e-05,-5.742259397084125,0.008459286215497745,1.0691229230946764e-06,2.9277042165581408e-05,6.1567673361810806e-06,3.056304614814516e-05
600.0,2.3000000000000003,1961.3522993913725,-1.0519762037006342e-05,-5.238838179366211,0.00795413276919135,1.0937722444710917e-06,2.669560476640238e-05,5.785952895637749e-06,2.794290882116281e-05
600.0,2.4000000000000004,1962.4347248201418,-1.075002212658093e-05,-4.798148683721592,0.007773672812612634,1.117103405888318e-06,2.4437097154658786e-05,5.651739786658202e-06,2.5735266903567763e-05
600.0,2.5000000000000004,1963.4691687620739,-1.4662451737967802e-05,-4.49408768122339,0.0073486370669684255,1.5228756977006499e-06,2.2876977488375076e-05,5.3400579866822425e-06,2.4139339013248162e-05
600.0,2.6,1964.4586718271937,-2.7664572143066866e-06,-3.8952094534124617,0.006938800592678266,2.871872081749075e-07,1.9818821486283622e-05,5.039831558199921e-06,2.1063427210873646e-05
600.0,2.7,1965.4092227977794,-1.1219939441502916e-05,-3.8462641103933484,0.0068257540887486845,1.164190597971759e-06,1.9560710086533856e-05,4.955449179658526e-06,2.081080661536669e-05
600.0,2.8000000000000003,1966.3213111272612,-1.1523838562743562e-05,-3.4878089718858964,0.0064296178527797595,1.195175038742415e-06,1.7729827132353612e-05,4.665799076854444e-06,1.8955594835497164e-05
600.0,2.9000000000000004,1967.1985213670241,-1.634355879875786e-05,-3.24346922220684,0.006375241439394589,1.6942966863173355e-06,1.648068021314291e-05,4.624376250198261e-06,1.7811602200698893e-05
600.0,3.0000000000000004,1968.043296914565,-1.1829236517746736e-05,-3.0234358781854094,0.00633805850799263,1.2257875347191933e-06,1.5356293479766937e-05,4.595524687207157e-06,1.671992819417794e-05
600.0,3.1,1968.857838103324,-1.200009794031304e-05,-2.825522986495343,0.005981588010359931,1.242984205518576e-06,1.4345347730471993e-05,4.335347672249432e-06,1.5650063582039652e-05
600.0,3.2,1969.644124062218,-1.2136445960641154e-05,-2.645214766289427,0.005804022716910142,1.256611184037172e-06,1.3424733317853592e-05,4.205047921473507e-06,1.4736600434534177e-05
600.0,3.3000000000000003,1970.4039578734491,-1.2176499413862998e-05,-2.4810436179905078,0.005630359228075579,1.2602777184153332e-06,1.2586852787108087e-05,4.077724102631809e-06,1.3902259914353261e-05
600.0,3.4000000000000004,1971.1389812485004,-1.2441579277219732e-05,-2.3333440715987304,0.005469349917291313,1.28723904609708e-06,1.1833269657276074e-05,3.959701752379227e-06,1.315453271991057e-05
600.0,3.5000000000000004,1971.8506711828356,-1.2573920498061868e-05,-2.196198003116478,0.005324803529032354,1.3004672998063812e-06,1.113385563143434e-05,3.853720637490087e-06,1.2464200011357402e-05
600.0,3.6,1972.5403991371397,-1.264430626940795e-05,-2.072455090524272,0.005179189146127785,1.3072950217515258e-06,1.050296581729214e-05,3.747079025918738e-06,1.1836490767371203e-05
600.0,3.7,1973.2094025405386,-1.2838228719851957e-05,-1.9571427087612387,0.0050411404450414945,1.3268998626405527e-06,9.915312455666555e-06,3.6460164877027816e-06,1.1254375006910552e-05
600.0,3.8000000000000003,1973.8588345168498,-1.295561108966014e-05,-1.851936991829461,0.00491877125320457,1.338596526949087e-06,9.37931936353513e-06,3.556389224313737e-06,1.0726568930220647e-05
600.0,3.9000000000000004,1974.4897471232428,-1.2998328818957832e-05,-1.7547637904044673,0.004795489158453849,1.3425860753249655e-06,8.884416108008085e-06,3.4661891941374717e-06,1.0235444397240443e-05
600.0,4.0,1975.1031120917316,-1.3206694899463416e-05,-1.6672160511461696,0.004674790521710295,1.363689370758278e-06,8.438610192760541e-06,3.377939422449781e-06,9.792381741372317e-06
600.0,4.1,1975.699804899709,-1.3106914077161506e-05,-1.5767375640962198,0.004564038773287395,1.3529822982683182e-06,7.978307635632838e-06,3.2969537461673454e-06,9.339366243860365e-06
600.0,4.2,1976.2807303320456,-1.3350756604722863e-05,-1.5069772308379468,0.004287708918502633,1.3777530068241012e-06,7.623136977428502e-06,3.096463497344527e-06,8.89868490875055e-06
600.0,4.3,1976.8465859920736,-1.8444131561045673e-05,-1.4321914258971444,0.004367614507839336,1.9028337312380104e-06,7.242807665292107e-06,3.153299744394205e-06,8.715826847817962e-06
600.0,4.3999999999999995,1977.3981197378428,-1.3563142133443778e-05,-1.363479172709958,0.004438286000072369,1.3988889144277068e-06,6.8934442763810946e-06,3.2034615938220576e-06,8.366647868332091e-06
600.0,4.5,1977.9360186918848,-1.38856351976756e-05,-1.3076667738005197,0.004170162010564128,1.4317656816441623e-06,6.60951557248909e-06,3.0091463865367403e-06,7.990342484607528e-06
600.0,4.6,1978.4608409781888,-1.3848137023978796e-05,-1.2428713047029303,0.004085080512106744,1.4275249252189898e-06,6.280384610581354e-06,2.9469983007565085e-06,7.671418137363658e-06
600.0,4.7,1978.9732345514458,-1.3879890125417677e-05,-1.1888373929650695,0.003997956358415424,1.430432119061678e-06,6.005825533784303e-06,2.883425981303279e-06,7.3989436522255225e-06
600.0,4.8,1979.4737397507731,-1.4136340706522805e-05,-1.1426562593214837,0.003923234787879439,1.4564974280258988e-06,5.771099581819772e-06,2.8288443709915356e-06,7.171589509425885e-06
600.0,4.9,1979.9628183875072,-1.4182864921235723e-05,-1.0905902988724845,0.00384589262073405,1.460934289695343e-06,5.506805321450314e-06,2.7724153687961565e-06,6.9160543521169195e-06
600.0,5.0,1980.4409911212526,nan,nan,nan,nan,nan,nan,nan
614.2857142857142,0.1,1870.7512791994498,nan,nan,nan,nan,nan,nan,nan
614.2857142857142,0.2,1891.582487974816,-3.3495662501081864e-07,-887.5184983127835,0.08265140956920622,3.6098775696927965e-08,0.004662466731439547,6.19639824763896e-05,0.0046632901575317355
614.2857142857142,0.30000000000000004,1903.5385117670546,-1.7234514247320498e-06,-359.50921501116676,0.05446176401749201,1.845823050907829e-07,0.0018803772146620437,4.065315858307616e-05,0.001881255926793687
614.2857142857142,0.4,1911.8994434091815,-2.913450348660266e-06,-195.35429622433182,0.0412179028264916,3.106791950665304e-07,0.0010183683494031457,3.06654045714433e-05,0.0010192913840814657
614.2857142857142,0.5,1918.306832089065,-3.836232749949891e-06,-122.66428822035775,0.033341428151413784,4.077272296064528e-07,0.0006377181200989293,2.4739253428117513e-05,0.0006386772489014834
614.2857142857142,0.6,1923.487577886745,-4.522999206847094e-06,-84.10032971871713,0.027923177477578078,4.794362442390714e-07,0.00043624410147805216,2.067272624954011e-05,0.0004372229055695529
614.2857142857142,0.7000000000000001,1927.8273203872377,-9.591849905814355e-06,-61.19294831000842,0.02430092718815332,1.0144654279652038e-06,0.00031680663550176524,1.795663055904183e-05,0.00031782440843981867
614.2857142857142,0.8,1931.5551334046304,-5.671899317394498e-06,-46.48158662680543,0.021602356557866652,5.98732008524146e-07,0.0002402374977407004,1.5935923802649245e-05,0.00024129301924344756
614.2857142857142,0.9,1934.818130555755,-6.346736096179492e-06,-36.48111156405775,0.019207606506245166,6.68849666293921e-07,0.00018826858839808924,1.4148347829323065e-05,0.00018933002992099342
614.2857142857142,1.0,1937.716316591239,-6.749232587480955e-06,-29.373790340400767,0.017399636926768387,7.102133521770198e-07,0.00015138625981044604,1.279956319580064e-05,0.00015246626413212882
614.2857142857142,1.1,1940.3207647233191,-7.253359946821556e-06,-24.147342786727673,0.015911156469371697,7.622477527382245e-07,0.00012429888765035625,1.1690510050556627e-05,0.0001253958952407804
614.2857142857142,1.2000000000000002,1942.683739427532,-7.633789359942976e-06,-20.191212902182084,0.014667214788454437,8.012607057734644e-07,0.00010381914732419774,1.0764687563833458e-05,0.00010493242762147454
614.2857142857142,1.3000000000000003,1944.8448020027229,-7.924096057240613e-06,-17.12662313759665,0.013033268794225712,8.308171807695844e-07,8.797163946101241e-05,9.555811449367588e-06,8.900745289894518e-05
614.2857142857142,1.4000000000000001,1946.8345983465379,-2.402655880621299e-05,-15.031097319638317,0.012623791371214572,2.516562688852229e-06,7.713499884478391e-05,9.246941217556365e-06,7.827613287786784e-05
614.2857142857142,1.5000000000000002,1948.6740837171565,-9.005518273920655e-06,-12.458600251488859,0.01239168757001608,9.423645928756676e-07,6.387751550862938e-05,9.06902674352124e-06,6.515918608093949e-05
614.2857142857142,1.6,1950.3889830852602,-8.898521554851878e-06,-11.165774313099062,0.0111730103349089,9.303578882764498e-07,5.7201940518777365e-05,8.170475257973551e-06,5.8364723050797884e-05
614.2857142857142,1.7000000000000002,1951.992224710233,-9.245614376641254e-06,-9.949286179494264,0.010551810454825276,9.658614981841134e-07,5.0930671547809496e-05,7.710330463323605e-06,5.209380562458303e-05
614.2857142857142,1.8000000000000003,1953.4959734734107,-7.12391785418732e-07,-8.583210089364,0.009998428026494826,7.436470747909462e-08,4.390582179948715e-05,7.300727967061922e-06,4.5103525091683464e-05
614.2857142857142,1.9000000000000001,1954.9138901356948,-9.806913929151063e-06,-7.929861480783982,0.009500007068163546,1.0229838216767074e-06,4.0535981155871736e-05,6.932091134161157e-06,4.1717143228572496e-05
614.2857142857142,2.0,1956.2525081831711,-1.002180283226154e-05,-7.143520929980694,0.008873509440735465,1.0446917123829804e-06,3.6492715566266006e-05,6.470790544187046e-06,3.763710842649573e-05
614.2857142857142,2.1,1957.5196910213476,-6.227356388058077e-06,-6.194121321163947,0.008644581098695885,6.487354153917823e-07,3.1623232123744154e-05,6.300016023939524e-06,3.2860767967215517e-05
614.2857142857142,2.2,1958.7249326463125,-1.0408212392599138e-05,-5.885334431582122,0.008265023182684676,1.0836169933725895e-06,3.002918798157898e-05,6.01991594214242e-06,3.123147663051259e-05
614.2857142857142,2.3000000000000003,1959.8713209269615,-1.5687674341029398e-05,-5.285951590872172,0.007921909323221147,1.6323259177049886e-06,2.695587119627982e-05,5.766822802182405e-06,2.820985590738778e-05
614.2857142857142,2.4000000000000004,1960.9648496917018,-1.083725070216134e-05,-4.84003884678259,0.007792549367468386,1.1270101312390505e-06,2.4668777941428522e-05,5.669665487600356e-06,2.5963608578970664e-05
614.2857142857142,2.5000000000000004,1962.0099780679743,-1.1016441104106902e-05,-4.449899010660373,0.007288244790271395,1.1450412984940848e-06,2.266874663724573e-05,5.300074988155394e-06,2.3903237927925945e-05
614.2857142857142,2.6,1963.0106074541402,-2.0511799361952425e-05,-4.102831531076844,0.007050242762556994,2.1309084087504282e-06,2.0890497795066877e-05,5.124518221576341e-06,2.221429816084031e-05
614.2857142857142,2.7,1963.9702085249953,-1.1338572643967395e-05,-3.7954297445139664,0.0068359962069450865,1.1773601091798107e-06,1.9316227171889626e-05,4.966486815659784e-06,2.0587248275643345e-05
614.2857142857142,2.8000000000000003,1964.8918552984053,-1.1467638704016295e-05,-3.614745915479033,0.006566200538304659,1.1902095634865498e-06,1.8388379065396694e-05,4.76834766873143e-06,1.9622012191351e-05
614.2857142857142,2.9000000000000004,1965.7773546126605,-2.3906380920152544e-06,-3.0829028722109793,0.006349067474167217,2.480102133068074e-07,1.567605344152052e-05,4.6086874236391315e-06,1.6978815038303787e-05
614.2857142857142,3.0000000000000004,1966.6320248981935,-1.1895111775379532e-05,-3.147188588036442,0.006142722051890817,1.2334961509820328e-06,1.5996239969116698e-05,4.457059848181053e-06,1.7237516378080386e-05
614.2857142857142,3.1,1967.4552232978463,-1.2203519721310855e-05,-2.8510748096550738,0.005958959132971134,1.2649538126318732e-06,1.448532929580997e-05,4.321998404376944e-06,1.577289489507288e-05
614.2857142857142,3.2,1968.2499109494024,-1.2221510899371439e-05,-2.669061108917958,0.005787471912327649,1.2663129686020963e-06,1.355529118393214e-05,4.196001020285166e-06,1.4851340570470617e-05
614.2857142857142,3.3000000000000003,1969.0179079898694,-1.2490540776070717e-05,-2.508129005263981,0.005611521600081917,1.293689014435009e-06,1.2733165240343325e-05,4.066917404074116e-06,1.4031634354097146e-05
614.2857142857142,3.4000000000000004,1969.7608237402837,-1.2443831166615396e-05,-2.3532030564638258,0.00545245436854316,1.2883705335345678e-06,1.1942282127751013e-05,3.950208116833603e-06,1.3247123815495861e-05
614.2857142857142,3.5000000000000004,1970.4802074601334,-1.2566195056820122e-05,-2.215651311917099,0.005306022081015274,1.3005698864074297e-06,1.1240242876925752e-05,3.842776324187484e-06,1.2552625291833644e-05
614.2857142857142,3.6,1971.177434666864,-1.276698471890542e-05,-2.0952342710188527,0.005164093616406264,1.3208890862922968e-06,1.0625708493949695e-05,3.7387195628440284e-06,1.194179538075687e-05
614.2857142857142,3.7,1971.8537095308843,-1.2724561667232608e-05,-1.9742855714184766,0.005024398976075875,1.3160535909163524e-06,1.0009000358233381e-05,3.636386096841851e-06,1.132954954602738e-05
614.2857142857142,3.8000000000000003,1972.5102415391905,-1.2924441029690585e-05,-1.8682138500935248,0.00489534355924093,1.336286557246679e-06,9.468188719476507e-06,3.5418507247058634e-06,1.0794520485084052e-05
614.2857142857142,3.9000000000000004,1973.1480914089957,-1.3220436999108658e-05,-1.7746387929946645,0.004777461624269111,1.3664534703692354e-06,8.991120626973038e-06,3.455488037938102e-06,1.0324158095270082e-05
614.2857142857142,4.0,1973.768194890871,-1.3178128177060005e-05,-1.680372306486788,0.004659199631635149,1.3616574735875385e-06,8.510922645714866e-06,3.3689325965704434e-06,9.848316050837761e-06
614.2857142857142,4.1,1974.3714946496814,-1.3548396663009059e-05,-1.595586670009652,0.004552306130756281,1.3994934371917542e-06,8.079088226404513e-06,3.290673421390045e-06,9.4280067661864e-06
614.2857142857142,4.2,1974.9588385417917,-1.3362580462671774e-05,-1.620070897502046,0.004451694540193786,1.3798936534799704e-06,8.200690004651243e-06,3.2170243628980137e-06,9.479130474376849e-06
614.2857142857142,4.3,1975.529981724927,-3.6195817717725776e-06,-1.2439733872270151,0.004347590269520653,3.736709579483618e-07,6.295129345965364e-06,3.140916935329024e-06,7.713559609967482e-06
614.2857142857142,4.3999999999999995,1976.08868517419,-1.3710873606873991e-05,-1.4828228881697212,0.004238529025940354,1.4150602465231307e-06,7.501762937031268e-06,3.0612928873369717e-06,8.7762105118796e-06
614.2857142857142,4.5,1976.6325603945713,-1.3771273410839075e-05,-1.3143532926278565,0.0041559744515382155,1.4209074180541172e-06,6.647671934288209e-06,3.000871301756413e-06,8.013799172428444e-06
614.2857142857142,4.6,1977.1632920820264,-1.3823130369064546e-05,-1.2575270511206325,0.004084313519769013,1.4258796311075949e-06,6.358592543177651e-06,2.9483640798166315e-06,7.736312645367164e-06
614.2857142857142,4.7,1977.6814484989702,-1.3798494268553456e-05,-1.2020737389775602,0.003992139596164181,1.4229698458345108e-06,6.076641813909381e-06,2.881097360082622e-06,7.45331221090706e-06
614.2857142857142,4.8,1978.1875841785243,-1.3697796029555336e-05,-1.150919659107785,0.003907683255039276,1.4122281702066099e-06,5.816596788036139e-06,2.8194492331944125e-06,7.192063303144554e-06
614.2857142857142,4.9,1978.6822106614873,-1.3930962392259988e-05,-1.1020745763516968,0.003634892496097565,1.4359125954477312e-06,5.568379199055917e-06,2.621993580790178e-06,6.842396697185413e-06
614.2857142857142,5.0,1979.1658163986867,nan,nan,nan,nan,nan,nan,nan
628.5714285714287,0.1,1868.5363062182998,nan,nan,nan,nan,nan,nan,nan
628.5714285714287,0.2,1889.5135695491008,-5.826847068624382e-06,-893.148779683929,0.08242864764877143,6.286548276611019e-07,0.004696928244671298,6.186121804150111e-05,0.004697742963529726
628.5714285714287,0.30000000000000004,1901.5593450830625,-2.7185232372630743e-06,-361.9253705112441,0.054443757061426394,2.9145754458674515e-07,0.001894911249246098,4.068037995939309e-05,0.001895784406016198
628.5714285714287,0.4,1909.9858669119117,-3.7525481148122753e-06,-196.71734889720935,0.04107773745458873,4.0055775345301697e-07,0.0010264699837577356,3.0590769472513305e-05,0.0010273813208132414
628.5714285714287,0.5,1916.4452152517888,-4.530372325325521e-06,-123.54652185804295,0.03323378192667407,4.819697064164708e-07,0.0006429125699249645,2.4682681536202526e-05,0.0006438596698023222
628.5714285714287,0.6,1921.6690983730855,-5.157093549337339e-06,-84.8084745214919,0.027986803541614348,5.47166554852221e-07,0.00044032449432842424,2.073896738249409e-05,0.00044130054297837157
628.5714285714287,0.7000000000000001,1926.0448967491673,3.006774623554524e-06,-61.47272484456606,0.024217181734314874,3.1830001977124293e-07,0.00031854355239764923,1.791094300538238e-05,0.00031954921349879837
628.5714285714287,0.8,1929.8059678768034,-6.353066146266436e-06,-46.92799339559314,0.021371603292072914,6.71243646665994e-07,0.00024276058039691766,1.5779706300895983e-05,0.000243785045120833
628.5714285714287,0.9,1933.0977590704836,-6.699430628304989e-06,-36.76302569858762,0.01913523990450586,7.066456112222198e-07,0.00018988951167686843,1.4107357600479692e-05,0.00019093601302487448
628.5714285714287,1.0,1936.0219200071779,-7.301997724880502e-06,-29.606697010012788,0.01733287582547974,7.690514883747598e-07,0.0001527181120708121,1.2761421528562368e-05,0.00015378270693912306
628.5714285714287,1.1,1938.650013973772,-7.662117613745077e-06,-24.339491073533278,0.015854346973515027,8.058963758066295e-07,0.00012539441417584645,1.1658648623731037e-05,0.00012647630905009645
628.5714285714287,1.2000000000000002,1941.034713029631,-8.008106836405213e-06,-20.352294680719748,0.014610723984480963,8.412627770875929e-07,0.00010473511869924433,1.0732199717673704e-05,0.00010583247627058994
628.5714285714287,1.3000000000000003,1943.2158891386825,-8.57312401458331e-06,-17.59281198328608,0.012957270472725218,8.996178738949459e-07,9.044119276465238e-05,9.507939917098487e-06,9.143970966678728e-05
628.5714285714287,1.4000000000000001,1945.2211371279013,6.256709607851015e-06,-14.525663786344008,0.012382802026093037,6.558746762004291e-07,7.460225243767371e-05,9.077822365446158e-06,7.57016509606129e-05
628.5714285714287,1.5000000000000002,1947.0811284792567,-1.4239403461306228e-05,-12.864946508921092,0.012182650769551634,1.491270772609515e-06,6.60142866722734e-05,8.923238884437641e-06,6.722617286253778e-05
628.5714285714287,1.6,1948.8124703655228,-1.4724358056514593e-05,-11.264439238698285,0.011140295153529683,1.5407034483902174e-06,5.7753585075555415e-05,8.153058788206875e-06,5.891345424776257e-05
628.5714285714287,1.7000000000000002,1950.431167859402,-1.4915332437203706e-05,-9.942125037264303,0.0108624094123627,1.5594044672998406e-06,5.0934310690626056e-05,7.94356781005053e-06,5.2181762014401164e-05
628.5714285714287,1.8000000000000003,1951.9504441029085,-1.4213717014899901e-05,-8.837739979708202,0.010153482689378284,1.4849063493648643e-06,4.524329062330827e-05,7.419751500938784e-06,4.64678998660676e-05
628.5714285714287,1.9000000000000001,1953.381342946618,-1.0012502323957063e-05,-7.9070040223541564,0.00931408712929738,1.0452469704810835e-06,4.045055425787291e-05,6.801697991685455e-06,4.159165868462829e-05
628.5714285714287,2.0,1954.7331717501038,-1.0110064256309683e-05,-7.21385762290083,0.009178995405602568,1.054709660958473e-06,3.6880420180919686e-05,6.698706858264361e-06,3.809229780855997e-05
628.5714285714287,2.1,1956.0128619773607,-5.0384528487711635e-06,-6.229661778024819,0.008412027023200612,5.252849757471337e-07,3.182896728804643e-05,6.135206256592385e-06,3.299455401352072e-05
628.5714285714287,2.2,1957.2302555868373,-1.6235168809839726e-05,-6.050829995547246,0.008078785741508913,1.6915594945910802e-06,3.089700636401119e-05,5.888714409276247e-06,3.204434880863589e-05
628.5714285714287,2.3000000000000003,1958.3871408963585,-7.927832487212082e-07,-5.1263326434536785,0.008093451699556912,8.255261353714732e-08,2.6161528843416655e-05,5.896114791821807e-06,2.74583456463714e-05
628.5714285714287,2.4000000000000004,1959.492762879445,-1.1002943962876102e-05,-4.984574194349988,0.007583685722897829,1.1450989385592135e-06,2.5424385547658204e-05,5.521805122349665e-06,2.662125646308744e-05
628.5714285714287,2.5000000000000004,1960.5485391205882,-1.131219853361928e-05,-4.5958362147075595,0.007293074504707423,1.1766565774094155e-06,2.342951561093186e-05,5.307499523591414e-06,2.4630587180372023e-05
628.5714285714287,2.6,1961.5583569995842,-1.1931632988762445e-06,-3.929462078622236,0.00682813821463242,1.2404554164492197e-07,2.0022442054998295e-05,4.966716461084472e-06,2.1219097953300966e-05
628.5714285714287,2.7,1962.528880257794,-1.7208994335646842e-05,-3.9344380883903787,0.0067803335686221575,1.7882346916930784e-06,2.0038289396747143e-05,4.929630496557957e-06,2.1291626028219454e-05
628.5714285714287,2.8000000000000003,1963.46005913512,-1.1795877829854376e-05,-3.5538039473976815,0.006913814121202225,1.2251676852348347e-06,1.8091448241510332e-05,5.024413010368271e-06,1.9475394412686663e-05
628.5714285714287,2.9000000000000004,1964.355699972972,-1.6423748566467132e-05,-3.3015502833450223,0.006330114669577827,1.705068691458409e-06,1.679991602372017e-05,4.598227244371187e-06,1.8095077375584674e-05
628.5714285714287,3.0000000000000004,1965.2183253079904,-1.1899083286994042e-05,-3.0832664869194555,0.005964497024291407,1.2347934507016916e-06,1.568254267134475e-05,4.330827931331317e-06,1.6881321057489655e-05
628.5714285714287,3.1,1966.0501179781397,-1.1601167709955022e-05,-2.870699760001116,0.005938745578964702,1.2033743990173506e-06,1.4595394077569144e-05,4.310388741016919e-06,1.5862929755285485e-05
628.5714285714287,3.2,1966.853203650689,-1.213866367518223e-05,-2.698030690294217,0.005755196678961741,1.2586197958279893e-06,1.3712088338646607e-05,4.175538225433048e-06,1.4982514119512902e-05
628.5714285714287,3.3000000000000003,1967.6293090163354,-1.2217853189440589e-05,-2.5287707295547075,0.005594460046808083,1.266336591606699e-06,1.2846963324237207e-05,4.057388940236213e-06,1.4127026758742981e-05
628.5714285714287,3.4000000000000004,1968.3801266746862,-1.239406689960562e-05,-2.37651252091382,0.00543803064036297,1.2841160092116251e-06,1.2068985101511295e-05,3.94249846870167e-06,1.3356494437428004e-05
628.5714285714287,3.5000000000000004,1969.1071792078278,-1.2546063297736525e-05,-2.2367051466744665,0.005283214001184436,1.2993893932438895e-06,1.1354917628273267e-05,3.8289037000853066e-06,1.2646880019562122e-05
628.5714285714287,3.6,1969.8118646895027,-1.270953958257907e-05,-2.11304992674286,0.005145272434140227,1.3158549517993028e-06,1.0723445006001008e-05,3.7276544178206776e-06,1.2021420962943554e-05
628.5714285714287,3.7,1970.4954196719102,-1.2914689790773097e-05,-1.9963733813028735,0.005012692277358613,1.3366361637120784e-06,1.0127916470678813e-05,3.6303938082812132e-06,1.1433320019906873e-05
628.5714285714287,3.8000000000000003,1971.1590109205047,-1.2879870835877244e-05,-1.8864522717649375,0.004880591426979211,1.3325888064820719e-06,9.56714015572705e-06,3.533578395595415e-06,1.087558348973165e-05
628.5714285714287,3.9000000000000004,1971.8037376463815,-1.2831874162225192e-05,-1.7876096161671735,0.004763096438381355,1.3271937572387361e-06,9.062978574721576e-06,3.447427869703893e-06,1.0376345298260754e-05
628.5714285714287,4.0,1972.4305882760966,-1.3028408893364956e-05,-1.701948506888584,0.00465191656486468,1.347097883486053e-06,8.626019467904528e-06,3.3659294163599e-06,9.943935148631769e-06
628.5714285714287,4.1,1973.0404194207429,-1.270784036789793e-05,-1.603087108856016,0.004538674189979022,1.313550573842359e-06,8.122513750822181e-06,3.283015394987128e-06,9.447593604182072e-06
628.5714285714287,4.2,1973.6342196943006,-1.3225650949516437e-05,-1.5381200235424328,0.004398909120294549,1.36666769251237e-06,7.791055498979e-06,3.1809974762560067e-06,9.099770121152632e-06
628.5714285714287,4.3,1974.2126387676228,-2.4114647016313058e-05,-1.4605367878630202,0.0043307410855334206,2.491157603006546e-06,7.395960115049733e-06,3.1308174707695864e-06,8.972743632634108e-06
628.5714285714287,4.3999999999999995,1974.7764524730665,-1.3349134956956748e-05,-1.3974545213613963,0.004273121474381016,1.3786391658234898e-06,7.074550302299235e-06,3.0883126036824847e-06,8.427648391184391e-06
628.5714285714287,4.5,1975.3262916332965,-1.2994366820908014e-05,-1.320865467664589,0.004151298285921714,1.341631039192385e-06,6.685005588519101e-06,2.9994619799462003e-06,8.0301194201669e-06
628.5714285714287,4.6,1975.8629221388499,-1.3367810832028243e-05,-1.2706217147069763,0.004063439756595246,1.3798175752720863e-06,6.4290132116791726e-06,2.935211806936373e-06,7.776055820281416e-06
628.5714285714287,4.7,1976.3868464272562,-1.3551611332059127e-05,-1.2137577964494992,0.003976655907456463,1.3984228692772657e-06,6.139706791759195e-06,2.871788831396994e-06,7.493058667484506e-06
628.5714285714287,4.8,1976.898633137698,-1.392668845535356e-05,-1.165996622194143,0.0038931703181901882,1.4367602648761713e-06,5.896618556915509e-06,2.81079591920399e-06,7.255035345421481e-06
628.5714285714287,4.9,1977.3987598819178,-1.3825505440127034e-05,-1.2231303696808025,0.0038188355082468223,1.4259650727499307e-06,6.184026604302077e-06,2.7564538818795447e-06,7.4479283990433356e-06
628.5714285714287,5.0,1977.886655322441,nan,nan,nan,nan,nan,nan,nan
642.8571428571429,0.1,1866.3213701870975,nan,nan,nan,nan,nan,nan,nan
642.8571428571429,0.2,1887.4434619709225,6.247462867509064e-06,-898.593015633787,0.08223863053975154,6.747728317425519e-07,0.004730483547362787,6.178285112043079e-05,0.004731290446439906
642.8571428571429,0.30000000000000004,1899.5796235984096,-3.544826586949061e-06,-364.42606374007477,0.05413849993803412,3.8044250325773647e-07,0.0019099182553896595,4.049282014962602e-05,0.00191077660232025
642.8571428571429,0.4,1908.071524588496,-4.374035541286508e-06,-198.07517298504533,0.040959065947981814,4.673648795064279e-07,0.0010345605634614395,3.053202402478909e-05,0.0010354613401193124
642.8571428571429,0.5,1914.582673848732,-5.055779683880252e-06,-124.42567176130976,0.03313124060955489,5.383883473469906e-07,0.0006481011530251638,2.462980945471108e-05,0.0006490367088556009
642.8571428571429,0.6,1919.8495663913548,-5.840646986098371e-06,-85.33721954065639,0.028052889227399205,6.202778478783233e-07,0.0004434800008833213,2.0807176461349553e-05,0.000444455591834175
642.8571428571429,0.7000000000000001,1924.263086738571,-1.0742527430784335e-05,-62.11012809224029,0.024140004354069343,1.1382665796602528e-06,0.0003221386931301674,1.7870045527817986e-05,0.00032313048496969627
642.8571428571429,0.8,1928.0555058048649,-6.805641036044116e-06,-47.19045166871182,0.02114299119413091,7.197129436876209e-07,0.0002443359095866315,1.5624803760052067e-05,0.00024533410624152555
642.8571428571429,0.9,1931.3760203544716,-7.437460921300962e-06,-37.05016845790396,0.019072815453404255,7.851900714748574e-07,0.00019154045296199384,1.4073641903314764e-05,0.0001925733533934007
642.8571428571429,1.0,1934.3260332194993,-7.604594088275017e-06,-29.834655777426626,0.017279310353399076,8.016221103494671e-07,0.00015402684184085295,1.2732947617340456e-05,0.00015507793690762979
642.8571428571429,1.1,1936.9776995267528,-7.97460715411945e-06,-24.531350979395935,0.015802179209106277,8.394866716780658e-07,0.00012649042333825978,1.1630158685858628e-05,0.00012755803822684248
642.8571428571429,1.2000000000000002,1939.3840523242122,-8.359182380195318e-06,-20.51784641753329,0.013984261704092666,8.788897881853173e-07,0.0001056757444166149,1.0280647061293469e-05,0.00010667482745832429
642.8571428571429,1.3000000000000003,1941.5852266574964,-2.460454460415352e-05,-17.744820200391583,0.013441931594525164,2.584033849026618e-06,9.12983045016876e-05,9.87176164921943e-06,9.23956762621162e-05
642.8571428571429,1.4000000000000001,1943.6089527887766,-9.053487414053062e-06,-14.7411679406332,0.01310519832312594,9.498408470884317e-07,7.577116202756506e-05,9.615270579301574e-06,7.698751878888343e-05
642.8571428571429,1.5000000000000002,1945.4852672406505,1.2888311594906569e-06,-12.862901777089062,0.011797897336947477,1.3508772870107609e-07,6.605733412337931e-05,8.648415026624347e-06,6.718020396759526e-05
642.8571428571429,1.6,1947.2329526747535,1.1544841373961404e-06,-11.35710456808283,0.011103917466601847,1.2089875819999954e-07,5.827541939634343e-05,8.132939782444098e-06,5.939973519586749e-05
642.8571428571429,1.7000000000000002,1948.8670670631757,9.461849014087432e-07,-9.916747776605915,0.010486272349947971,9.900321664932064e-08,5.084463462176761e-05,7.674574483492605e-06,5.199023810739193e-05
642.8571428571429,1.8000000000000003,1950.4020139738318,-9.887994651830934e-06,-9.020849476814872,0.009933747895564697,1.0338162519990717e-06,4.62169966252233e-05,7.264873535051005e-06,4.735648137329639e-05
642.8571428571429,1.9000000000000001,1951.8467523897198,-1.0109219438618322e-05,-7.971876699093626,0.009440891836004543,1.0561716560521428e-06,4.081419543551684e-05,6.8996569619137455e-06,4.197766763410971e-05
642.8571428571429,2.0,1953.2117720386168,-1.0441115622620613e-05,-7.178700982353801,0.009165678333010878,1.090092475934207e-06,3.6728997701070683e-05,6.694141150369943e-06,3.794510014762771e-05
642.8571428571429,2.1,1954.5050046776903,-1.5456146946371537e-05,-6.597208915877672,0.008576817319328715,1.612625236089902e-06,3.37326792280021e-05,6.260171042980267e-06,3.4912371604147654e-05
642.8571428571429,2.2,1955.732265227605,2.9811722249633056e-07,-5.672670426406511,0.008214926867827902,3.108487073270039e-08,2.898800302750325e-05,5.992487167686005e-06,3.02014087535911e-05
642.8571428571429,2.3000000000000003,1956.9027990732557,-1.5889865009489787e-05,-5.490235048591784,0.007875137752722597,1.655867487104297e-06,2.803975163297083e-05,5.741382159060241e-06,2.9238613287334437e-05
642.8571428571429,2.4000000000000004,1958.0184305684204,-1.10468981358281e-05,-4.927050232868168,0.00738194320142043,1.1505370420449761e-06,2.5149754896221958e-05,5.37891969235131e-06,2.6300179865139468e-05
642.8571428571429,2.5000000000000004,1959.0847915612565,-1.1019240325958904e-05,-4.528951177826456,0.00723674883906256,1.1470384494162333e-06,2.3105645787911644e-05,5.270407882764008e-06,2.4305163298819456e-05
642.8571428571429,2.6,1960.1058630423142,-2.243379743788412e-05,-4.28945724395362,0.007002193878815891,2.33402487945069e-06,2.1872888446233774e-05,5.097063392656995e-06,2.3148024355802154e-05
642.8571428571429,2.7,1961.0840399509325,-2.4888592679417374e-07,-3.636120972214484,0.006790440555022317,2.5881426151473048e-08,1.8532482442797325e-05,4.940578912815064e-06,1.9805863155346613e-05
642.8571428571429,2.8000000000000003,1962.0258556498286,-1.1548087287701505e-05,-3.697780086304191,0.006533414681308617,1.2003058054220377e-06,1.8838057290859873e-05,4.751405025502771e-06,2.003658743281886e-05
642.8571428571429,2.9000000000000004,1962.9306935478617,-1.1685316012994932e-05,-3.3334112451711913,0.006315115655951334,1.2140155522911534e-06,1.6974271898144723e-05,4.590631828553867e-06,1.821393810805379e-05
642.8571428571429,3.0000000000000004,1963.802197333443,-1.1864854212103651e-05,-3.1056045838113273,0.006113698928623993,1.2321271319394894e-06,1.5807478228162145e-05,4.442336201124805e-06,1.705471216557845e-05
642.8571428571429,3.1,1964.6426450731863,-1.2330243548194645e-05,-2.9073739254954485,0.0056998235400215,1.2799145918585449e-06,1.479237823566946e-05,4.139914988093685e-06,1.5960276546690705e-05
642.8571428571429,3.2,1965.4540190736745,-1.8315090914325107e-05,-2.717647078793561,0.00573740319708236,1.9003826259361933e-06,1.3821555576761322e-05,4.165566270022551e-06,1.514433020593388e-05
642.8571428571429,3.3000000000000003,1966.238216603375,-1.2211775561331721e-05,-2.5513925394761823,0.005798347278994245,1.2665999041228134e-06,1.2971004373249394e-05,4.208208131881353e-06,1.432722098421196e-05
642.8571428571429,3.4000000000000004,1966.9969002076805,-1.2350845188689178e-05,-2.399327754505975,0.005419759050050745,1.2805355106948132e-06,1.2193369085741577e-05,3.9319916205672125e-06,1.3462508572464878e-05
642.8571428571429,3.5000000000000004,1967.731590534441,-1.2395169981778069e-05,-2.2579932648341123,0.005267921178239023,1.2846565964536017e-06,1.147095679581272e-05,3.82046723248103e-06,1.2744611886249666e-05
642.8571428571429,3.6,1968.4437009285532,-1.2463571548187261e-05,-2.13171607069853,0.005126546471836948,1.2912837392434102e-06,1.0825649934113642e-05,3.716647977861992e-06,1.2103266277079937e-05
642.8571428571429,3.7,1969.1344941619584,-1.25508704332333e-05,-2.013563861328293,0.004998580574300606,1.2998772307005712e-06,1.0222147401394079e-05,3.6226551751009343e-06,1.1507790376353431e-05
642.8571428571429,3.8000000000000003,1969.8051517567503,-1.2688367980513265e-05,-1.9044217604005094,0.004876479844705275,1.3136752736942947e-06,9.664874632613724e-06,3.533008709307826e-06,1.0959007503827432e-05
642.8571428571429,3.9000000000000004,1970.4567651339382,-1.2748810365451406e-05,-1.8055708761721685,0.004749709764075762,1.31950152243407e-06,9.160264526108216e-06,3.440070187157116e-06,1.0455605971971055e-05
642.8571428571429,4.0,1971.0903228023644,-1.2914656803582163e-05,-1.7129715796045273,0.004638229797501483,1.336241823309261e-06,8.687760382970776e-06,3.3582903333549403e-06,9.990943429350796e-06
642.8571428571429,4.1,1971.7067507549946,-1.3256073645948179e-05,-1.627697325398003,0.004525827329695178,1.3711433002617167e-06,8.252758857998565e-06,3.2759198991045553e-06,9.563020709421514e-06
642.8571428571429,4.2,1972.3069017343707,-1.3077126835378311e-05,-1.6678259962191075,0.0044142827286407305,1.3522269569224114e-06,8.45371855332237e-06,3.194244662372835e-06,9.679890136153881e-06
642.8571428571429,4.3,1972.8903744537847,-1.418805963839988e-06,-1.2351714512305987,0.004321926773855013,1.4666719877708507e-07,6.2589082891810425e-06,3.126521535019857e-06,7.664575530155739e-06
642.8571428571429,4.3999999999999995,1973.4614954586864,-1.3200443554933387e-05,-1.5245503162532257,0.0042357274882874685,1.3641888777140583e-06,7.72308460239882e-06,3.063311258809196e-06,8.959620461078852e-06
642.8571428571429,4.5,1974.0173709604255,-1.3586117769864375e-05,-1.3422391150925248,0.004139970704738973,1.4036552379395003e-06,6.797662439647877e-06,2.993246038298402e-06,8.13003729154871e-06
642.8571428571429,4.6,1974.5598240710137,-1.3498939952978633e-05,-1.2798461025568029,0.004040935429105732,1.3942696498942246e-06,6.4799398525775246e-06,2.920867900511473e-06,7.810028612887099e-06
642.8571428571429,4.7,1975.0894787205764,-1.3658994428419662e-05,-1.2293454584778372,0.003958731934972095,1.4104272594153536e-06,6.22262199968079e-06,2.860708809686604e-06,7.554974479946995e-06
642.8571428571429,4.8,1975.6068399155542,-1.3441933559215629e-05,-1.1713539906168078,0.0036533915754489517,1.387654228089913e-06,5.927567372730061e-06,2.6393921792393527e-06,7.141037835402462e-06
642.8571428571429,4.9,1976.112487570626,-2.0098905117106393e-05,-1.124117279096026,0.004006490755062943,2.07435012808594e-06,5.687105931271419e-06,2.893774628650506e-06,7.307117456989141e-06
642.8571428571429,5.0,1976.6068940529067,nan,nan,nan,nan,nan,nan,nan
657.1428571428571,0.1,1864.1062047833411,nan,nan,nan,nan,nan,nan,nan
657.1428571428571,0.2,1885.3746293851661,-7.877517430597446e-06,-904.3875307231699,0.08207876731715377,8.517641194987168e-07,0.004765956588115679,6.172701603291001e-05,0.004766756064067262
657.1428571428571,0.30000000000000004,1897.5991786797595,-4.40969905762359e-06,-366.74383695869886,0.053855906739647734,4.737567049091187e-07,0.0019239966783350271,4.032186877515546e-05,0.0019248415905971782
657.1428571428571,0.4,1906.1562896047658,-5.16862857662091e-06,-199.42998758692735,0.040851791015279575,5.528210787179742e-07,0.0010426517282059247,3.0481682639007457e-05,0.0010435426191080827
657.1428571428571,0.5,1912.7191006539028,-5.902444076355103e-06,-125.30692621885461,0.03303769249062045,6.291608297720915e-07,0.0006533109588664535,2.458354257763147e-05,0.0006542356654522032
657.1428571428571,0.6,1918.0288424408513,-6.3213644619736516e-06,-85.94998523619778,0.027604546675979703,6.71966388710085e-07,0.0004470789093870462,2.0493594120131146e-05,0.0004480178317405007
657.1428571428571,0.7000000000000001,1922.4790843754379,-1.2769287769197051e-05,-62.56714834319153,0.024072932496096665,1.354272767437098e-06,0.00032480418228155155,1.7836573408967464e-05,0.00032578501743367965
657.1428571428571,0.8,1926.3036548265925,-7.234382435262896e-06,-47.546148845503915,0.02122910099301408,7.657479642987537e-07,0.0002463974334539689,1.5702425013701465e-05,0.000247397279462143
657.1428571428571,0.9,1929.652763789292,-1.3663279909951614e-05,-37.32782781480636,0.019014892836656836,1.4437501770923535e-06,0.0001931453768279199,1.4043202726576236e-05,0.00019416911209101323
657.1428571428571,1.0,1932.6285944738436,-8.057262651959727e-06,-30.06675495093986,0.017448233564982738,8.500838475454051e-07,0.00015535935809936143,1.2868526032109364e-05,0.00015642394546894547
657.1428571428571,1.1,1935.3037576088857,-8.396283752790633e-06,-24.72350807220209,0.015754421562314755,8.846396615234835e-07,0.0001275899457862261,1.1604878616290721e-05,0.00012864417308397822
657.1428571428571,1.2000000000000002,1937.7316856632058,-8.639888470202106e-06,-21.007087684915856,0.01391528288102109,9.091765722349237e-07,0.00010828677355265173,1.023852843098634e-05,0.0001092543219161009
657.1428571428571,1.3000000000000003,1939.9495428406767,6.302246651239337e-06,-17.24792189884283,0.013402856315661899,6.624343697656782e-07,8.881548408862502e-05,9.85122936706472e-06,8.990396250041533e-05
657.1428571428571,1.4000000000000001,1941.9949207991592,-9.03969124451579e-06,-15.062972883015387,0.013283728835182279,9.491801039572862e-07,7.748882625905933e-05,9.754252986838194e-06,7.871283275641218e-05
657.1428571428571,1.5000000000000002,1943.8896690288116,-1.4592274774827291e-05,-13.074666547208833,0.011951658078993437,1.5307313349088756e-06,6.719935179020822e-05,8.76823557872315e-06,6.835100533109812e-05
657.1428571428571,1.6,1945.6536705929918,-1.4942362018678087e-05,-11.451279126322332,0.011073489916736894,1.5660487011973158e-06,5.8805836529588747e-05,8.117162826022202e-06,5.993626267267212e-05
657.1428571428571,1.7000000000000002,1947.3031593659089,-1.5101599912964066e-05,-10.108225216299614,0.010254133505111444,1.5814106657132626e-06,5.186759932483985e-05,7.510637317438568e-06,5.296761336178893e-05
657.1428571428571,1.8000000000000003,1948.851565886663,-1.0399770884873773e-05,-8.987368060320476,0.00971140335065002,1.0881870538466763e-06,4.608173882803325e-05,7.107849702383491e-06,4.717789587574432e-05
657.1428571428571,1.9000000000000001,1950.3100987268137,-1.0271842830547952e-05,-8.039007975776256,0.009185706952092691,1.0740056577942364e-06,4.119002105403089e-05,6.7183900337101334e-06,4.228527937562425e-05
657.1428571428571,2.0,1951.6882414872068,-1.699182666361596e-05,-7.239118528332254,0.008963085868600732,1.7753936244451422e-06,3.706677313933381e-05,6.551228240946281e-06,3.824833168145381e-05
657.1428571428571,2.1,1952.9939930623166,-1.0597504326278808e-05,-6.540892880411774,0.008987105640034092,1.1065492182310925e-06,3.347036105595796e-05,6.564662541583466e-06,3.475167778623492e-05
657.1428571428571,2.2,1954.2343357086222,-1.6242986528982347e-05,-5.946393436875041,0.00818793693258613,1.6949637069113913e-06,3.0409876086788628e-05,5.97732946489564e-06,3.1608391301130854e-05
657.1428571428571,2.3000000000000003,1955.415214420559,-1.0919504449930187e-05,-5.424934410757486,0.007646410343335222,1.1387741368449518e-06,2.772715762752798e-05,5.578825600967721e-06,2.8850280185962766e-05
657.1428571428571,2.4000000000000004,1956.5418437883884,-1.130233863350442e-05,-4.967797884933133,0.007539008925010652,1.1780275839659655e-06,2.5376737785576026e-05,5.497471470559602e-06,2.6567102867375288e-05
657.1428571428571,2.5000000000000004,1957.6187951773684,-1.1392288872934855e-05,-4.6955807311860545,0.007243842689462102,1.1867566543615572e-06,2.397357174670592e-05,5.279483569917863e-06,2.5137351236381153e-05
657.1428571428571,2.6,1958.6487907590365,2.8318847973878327e-07,-3.9637489679989804,0.007184718603423338,2.948492139293271e-08,2.022693295509536e-05,5.233780659105767e-06,2.153867698132296e-05
657.1428571428571,2.7,1959.6391488510246,-1.7051950983091065e-05,-4.021153098324247,0.006516918672195973,1.7745236438904805e-06,2.050992070462763e-05,4.745036254549945e-06,2.1652633086690085e-05
657.1428571428571,2.8000000000000003,1960.5892954120295,-1.8261134389581478e-05,-3.6139608653002133,0.006070786075633808,1.8994459780390773e-06,1.8424444460246244e-05,4.4181649230542535e-06,1.9547593490422325e-05
657.1428571428571,2.9000000000000004,1961.5033023643814,-1.8569121855784965e-05,-3.366135665646652,0.0065147965382777815,1.930591190875294e-06,1.7153300625725218e-05,4.7392004195621286e-06,1.851709874511518e-05
657.1428571428571,3.0000000000000004,1962.3836479600768,-1.2353302760038802e-05,-3.1337763773763068,0.00632886809719935,1.2837760337316788e-06,1.5962328092551483e-05,4.601976935362415e-06,1.7285843412059978e-05
657.1428571428571,3.1,1963.2326557919985,-1.189945760047523e-05,-3.0566900916028312,0.005923067571723097,1.2360826743127101e-06,1.5563190268842206e-05,4.305124933143698e-06,1.6757356387624865e-05
657.1428571428571,3.2,1964.051096723004,3.477668298273788e-07,-2.490566268943439,0.005732232201637546,3.611014133375678e-08,1.2675639734523505e-05,4.1647563738958385e-06,1.3977250728578575e-05
657.1428571428571,3.3000000000000003,1964.8446319913203,-1.2162713459792955e-05,-2.7014099612415516,0.005570943774097261,1.262403710499442e-06,1.3743358939018114e-05,4.0460110054128454e-06,1.4940347658833633e-05
657.1428571428571,3.4000000000000004,1965.611153160024,-1.1983777032924095e-05,-2.4202094200518327,0.005405731736806276,1.2433516199091033e-06,1.2308109677257327e-05,3.9245565537857754e-06,1.3558752721613143e-05
657.1428571428571,3.5000000000000004,1966.3534722345273,-1.237208381019174e-05,-2.2797727457145807,0.005003736605453926,1.2831603026806416e-06,1.1589670302796723e-05,3.631394256933292e-06,1.2741311023143574e-05
657.1428571428571,3.6,1967.0729935815734,-1.9268218711408758e-05,-2.1507678742182175,0.005104380873598304,1.997664211115421e-06,1.0929970338490219e-05,3.7031359199628386e-06,1.228337678263129e-05
657.1428571428571,3.7,1967.7710072498774,-1.2837020109418533e-05,-2.0317788038482827,0.005222805909835418,1.330432243250742e-06,1.0321725938895108e-05,3.7877610854610304e-06,1.170480005778002e-05
657.1428571428571,3.8000000000000003,1968.4487031301428,-1.2765112884108035e-05,-1.9208186947025747,0.004867446861936743,1.3225293253325276e-06,9.754769591285215e-06,3.5288749492455047e-06,1.1036780799230007e-05
657.1428571428571,3.9000000000000004,1969.1071908234612,-1.2892003694719294e-05,-1.8256832393035434,0.004740535403493598,1.3352341491282449e-06,9.268615961646243e-06,3.4357600741167597e-06,1.054983348926756e-05
657.1428571428571,4.0,1969.7474216843866,-1.2795706157339753e-05,-1.7275777217946593,0.004623471954880645,1.3248345716730284e-06,8.76778164229369e-06,3.34986931145549e-06,1.0053478521233577e-05
657.1428571428571,4.1,1970.370376768094,-1.2797960007605996e-05,-1.6416878755535433,0.004514731009322761,1.3246536646388749e-06,8.32931052150854e-06,3.270087288105313e-06,9.618683009571008e-06
657.1428571428571,4.2,1970.976914973046,-1.2943933095971276e-05,-1.5632590288760182,0.004620011695703854,1.3393549436220449e-06,7.92901472904961e-06,3.34535400122049e-06,9.329840996793801e-06
657.1428571428571,4.3,1971.567820587709,-1.887481661194672e-05,-1.4881726138355587,0.004311759936177852,1.9524670199983468e-06,7.5459638403343285e-06,3.121245114666385e-06,8.957568859655615e-06
657.1428571428571,4.3999999999999995,1972.1438444762339,-1.3105287831376715e-05,-1.4190754299988837,0.004006728572693421,1.3552575224651215e-06,7.193548668232212e-06,2.899618840844207e-06,8.39043766670018e-06
657.1428571428571,4.5,1972.7056776104587,-1.3119474442555673e-05,-1.353962721054813,0.0038757058243561477,1.356342554617036e-06,6.861573527142333e-06,2.80402879605229e-06,8.040274334376063e-06
657.1428571428571,4.6,1973.253971117473,-2.0206208084050583e-05,-1.29411604739289,0.00403600489401015,2.088422890636215e-06,6.5565054588587406e-06,2.9192202881320967e-06,8.024522925598871e-06
657.1428571428571,4.7,1973.7893234640133,-1.318465276667668e-05,-1.2372368889828065,0.0042051445133665785,1.362341044077702e-06,6.266672637485107e-06,3.0407615439649794e-06,7.721374268891247e-06
657.1428571428571,4.8,1974.3123034416637,-1.3363662282768034e-05,-1.3169977351026316,0.003878706300088199,1.3804760956425964e-06,6.668943628584379e-06,2.80399472953989e-06,7.880691356629302e-06
657.1428571428571,4.9,1974.8221134419632,-4.3592978809101675e-07,-0.87035829699289,0.0037981029737125045,4.502034344466334e-08,4.406156360855658e-06,2.7450381799956577e-06,5.872538627110119e-06
657.1428571428571,5.0,1975.3232198592927,nan,nan,nan,nan,nan,nan,nan
671.4285714285714,0.1,1861.8905588836874,nan,nan,nan,nan,nan,nan,nan
671.4285714285714,0.2,1883.3041891427913,-1.0363173083896994e-05,-909.9985579369102,0.08194739759280768,1.1217575804113e-06,0.004800538071019791,6.169253874167308e-05,0.0048013309580077134
671.4285714285714,0.30000000000000004,1895.617833822526,-5.106678632046175e-06,-369.1478703383836,0.054114263843422376,5.492094033196051e-07,0.001938557484231885,4.0556008773508385e-05,0.001939405837105194
671.4285714285714,0.4,1904.239999798877,-5.838063032183534e-06,-200.784289657804,0.04075222158147087,6.250491849157532e-07,0.0010507566550407043,3.043701470968652e-05,0.0010516381328801692
671.4285714285714,0.5,1910.85432287865,-6.40187775995856e-06,-126.18175424549915,0.032729386627420365,6.830619639083478e-07,0.0006584975712136842,2.437724896310697e-05,0.0006593997409781006
671.4285714285714,0.6,1916.206828415968,-1.3317891316432922e-05,-86.68579180769028,0.027749700336505624,1.4170469928360687e-06,0.0004513257217867147,2.0620473520017328e-05,0.00045226908254363175
671.4285714285714,0.7000000000000001,1920.692476035209,4.529268427609173e-06,-62.77962107085385,0.0242384965221902,4.808065288942979e-07,0.0003262041016835349,1.797557904039067e-05,0.00032719350545778694
671.4285714285714,0.8,1924.5503274437415,-7.769080612524713e-06,-48.14600526328831,0.021181147238991126,8.230927931038042e-07,0.00024972943625816243,1.568094650903286e-05,0.0002507134878350265
671.4285714285714,0.9,1927.926718799641,4.0805554557209735e-06,-37.35987666696018,0.018964592745567197,4.3156283615481883e-07,0.00019348130755994364,1.4018355843578997e-05,0.00019449481027189767
671.4285714285714,1.0,1930.929511388871,-8.354602946337774e-06,-30.420181437898457,0.01718240542497825,8.822290088908039e-07,0.0001573217797355055,1.2683431925219929e-05,0.0001583434861242306
671.4285714285714,1.1,1933.6281021637221,-8.629628621565654e-06,-24.913717891877237,0.015137019113660706,9.100115118128249e-07,0.0001286814044084195,1.1159601290265413e-05,0.00012964877694521541
671.4285714285714,1.2000000000000002,1936.0775557596544,-2.5059245690408744e-05,-21.18641589436265,0.014419897513158737,2.639236284048502e-06,0.0001093032572482597,1.0618757413691442e-05,0.00011036160397196087
671.4285714285714,1.3000000000000003,1938.315145196643,-9.198949325741534e-06,-17.369065903767474,0.013944903109353396,9.677244462457073e-07,8.951377803065418e-05,1.025815770312171e-05,9.068689291650321e-05
671.4285714285714,1.4000000000000001,1940.379043974594,-9.482132692733114e-06,-15.184995083245663,0.012522820289251519,9.9646456344469e-07,7.818084086119987e-05,9.20306515096467e-06,7.926304079289578e-05
671.4285714285714,1.5000000000000002,1942.2910928017125,-9.609867185736232e-06,-13.180257923727366,0.01172689393052338,1.0089036513188334e-06,6.779719272118303e-05,8.610322519489062e-06,6.888942252066074e-05
671.4285714285714,1.6,1944.0713390495937,-9.87285807573245e-06,-11.541558799876837,0.01103387012731219,1.0355743293375276e-06,5.9317182768926704e-05,8.094616153952476e-06,6.042057768007101e-05
671.4285714285714,1.7000000000000002,1945.7361697094761,-1.0209896151491205e-05,-10.200497208597879,0.010425684667762884,1.0700194603972292e-06,5.2382799111529634e-05,7.642365124346992e-06,5.3496860410608854e-05
671.4285714285714,1.8000000000000003,1947.2989953972726,-9.61201665529644e-06,-9.047231561658007,0.00987729053044291,1.0065600102329152e-06,4.642531083685556e-05,7.234959739326232e-06,4.7550099202969085e-05
671.4285714285714,1.9000000000000001,1948.7713487694525,-1.0394812199706407e-05,-8.24589255628325,0.0093816636805002,1.087719458676294e-06,4.228313215108666e-05,6.867068418783986e-06,4.3397691821841884e-05
671.4285714285714,2.0,1950.1612432160696,2.46682751885601e-06,-7.031897172873867,0.008939850306649082,2.5794805585241017e-07,3.6033647400084746e-05,6.539300565773369e-06,3.7202354575109895e-05
671.4285714285714,2.1,1951.480818690958,-1.0719746438621782e-05,-6.7302871416814005,0.008538425290657873,1.1201792543101608e-06,3.446598601563116e-05,6.241703050828097e-06,3.559602095095607e-05
671.4285714285714,2.2,1952.7330912944294,-1.0845062398311724e-05,-5.996260033430189,0.008166703093093024,1.1325550882152646e-06,3.068827514831519e-05,5.966363879333809e-06,3.184725904199262e-05
671.4285714285714,2.3000000000000003,1953.9254012975666,-1.099229382077739e-05,-5.476089206854339,0.007830190473509906,1.147237299271582e-06,2.8009784573482715e-05,5.717223184488285e-06,2.9175974142370137e-05
671.4285714285714,2.4000000000000004,1955.0629504086353,-1.0639866648898546e-05,-5.002568313648225,0.007519634987772864,1.1098159560511388e-06,2.5573535270202227e-05,5.487450224365603e-06,2.6748114281241644e-05
671.4285714285714,2.5000000000000004,1956.1504738365675,-1.1061979640430777e-05,-4.622099517359856,0.007448826561517311,1.153210661317486e-06,2.3615976591574526e-05,5.432919292306508e-06,2.486116387614636e-05
671.4285714285714,2.6,1957.191776269326,-1.6485845344595894e-05,-4.230094096442371,0.006968202703365026,1.7177445234003202e-06,2.160205299954896e-05,5.079800174617876e-06,2.282998203396336e-05
671.4285714285714,2.7,1958.1907777611202,-1.1464762731907299e-05,-4.077084080427084,0.006504870608273453,1.193968541442668e-06,2.081048487338674e-05,4.739734282584966e-06,2.189593578001259e-05
671.4285714285714,2.8000000000000003,1959.14900841211,1.7211317348937903e-06,-3.511749890412829,0.006488886436119404,1.7915601971819522e-07,1.7916432011748368e-05,4.725884353450267e-06,1.912324759959393e-05
671.4285714285714,2.9000000000000004,1960.0721215641959,1.7592182343832995e-06,-3.265721176694569,0.006279246219475001,1.8303518991439578e-07,1.665366394115724e-05,4.571150881445602e-06,1.786529779510069e-05
671.4285714285714,3.0000000000000004,1960.9625775045147,-1.0782108821126726e-05,-3.279539475761339,0.006081408813412284,1.121304885487549e-06,1.671681947282281e-05,4.4252151423176565e-06,1.7885033856405224e-05
671.4285714285714,3.1,1961.820238050076,-1.183930596696429e-05,-2.965325048103295,0.006111548067633523,1.2307175535659948e-06,1.5108795247116766e-05,4.445293184240155e-06,1.64107166968313e-05
671.4285714285714,3.2,1962.648245345156,-1.8205724525500975e-05,-2.7687447390917437,0.005452175907015546,1.8917297981683388e-06,1.4101437583723028e-05,3.964090899347164e-06,1.529239081613756e-05
671.4285714285714,3.3000000000000003,1963.4485651928453,-1.9417626357062568e-05,-2.592459694915305,0.005327818443186063,2.016841853383725e-06,1.3198398283308143e-05,3.872164233661059e-06,1.443096254625032e-05
671.4285714285714,3.4000000000000004,1964.2229604435854,-1.2681689928263055e-05,-2.4526674775188435,0.0056540903226732575,1.3166897131200304e-06,1.2481940927105009e-05,4.107741565078003e-06,1.3830386930209657e-05
671.4285714285714,3.5000000000000004,1964.9728290195503,-1.22542156023883e-05,-2.4343650454511585,0.005246739852714202,1.2718264352421268e-06,1.2384224876444074e-05,3.8104039205415194e-06,1.3565578658762525e-05
671.4285714285714,3.6,1965.6983539450607,1.406842673509347e-06,-1.8978332797132675,0.00510458465186048,1.4595836078915616e-07,9.651284327018545e-06,3.705849797311351e-06,1.0983407415028509e-05
671.4285714285714,3.7,1966.404900537774,-1.1783573511820591e-05,-2.1797752030352053,0.004971883233338306,1.222098969808805e-06,1.1081219423445958e-05,3.6082679330408963e-06,1.2260756288083789e-05
671.4285714285714,3.8000000000000003,1967.089649378457,-1.2122098095710513e-05,-1.9412727317785534,0.004575850444035725,1.2567752294582414e-06,9.865418947437456e-06,3.319742691626472e-06,1.0997606924374617e-05
671.4285714285714,3.9000000000000004,1967.754985491822,-1.989328962774837e-05,-1.841240738190208,0.004722590090864289,2.061774516385418e-06,9.353987768385067e-06,3.4250875002512228e-06,1.0733613096076647e-05
671.4285714285714,4.0,1968.4019091978053,-1.259397357609943e-05,-1.7441951167938892,0.00461457485729966,1.304836681447224e-06,8.858137685403e-06,3.3456906751487637e-06,1.0127018031304268e-05
671.4285714285714,4.1,1969.0313909526205,-2.023645204712923e-05,-1.6586114713845743,0.004503589763527318,2.0959958704096908e-06,8.420868086053235e-06,3.2642186792278405e-06,9.829265749949192e-06
671.4285714285714,4.2,1969.644286592722,-1.275770151974031e-05,-1.5767514580147688,0.004666986655394114,1.3209756721501963e-06,8.002833796082061e-06,3.3816355307689804e-06,9.416009941585889e-06
671.4285714285714,4.3,1970.2414147182433,-1.2844296571461216e-05,-1.502389852021224,0.004301352347164313,1.3295434157585985e-06,7.623157718481466e-06,3.1157915202729717e-06,8.904860071379027e-06
671.4285714285714,4.3999999999999995,1970.8235189452444,-1.2887759276713966e-05,-1.4316355517394184,0.004206915960662629,1.3336526956683226e-06,7.262056735205598e-06,3.0465162705282673e-06,8.548603412908761e-06
671.4285714285714,4.5,1971.391306816728,-1.2994391877714421e-05,-1.5100240215133451,0.004119418298688517,1.344304292239836e-06,7.657540101366034e-06,2.982324307959238e-06,8.844975465757521e-06
671.4285714285714,4.6,1971.9439944479966,1.0371102572662507e-06,-1.0204617277622672,0.00402973492733736,1.0726199345960021e-07,5.173478953707722e-06,2.916605188545327e-06,6.61736815292883e-06
671.4285714285714,4.7,1972.4864774619875,-1.310477262043152e-05,-1.3920786222115564,0.003943688810073811,1.354979156149822e-06,7.05559052621541e-06,2.8535714169573198e-06,8.240331659015475e-06
671.4285714285714,4.8,1973.0150396897563,-1.3126195236213805e-05,-1.1951569487564482,0.004098754545350404,1.3568346556213909e-06,6.055929979869739e-06,2.9650081373706173e-06,7.489848777720967e-06
671.4285714285714,4.9,1973.5316503480376,-1.9692144731675423e-05,-1.1463733645996397,0.003791211752707115,2.035021291247456e-06,5.807254283119079e-06,2.7418382648118655e-06,7.273298296193305e-06
671.4285714285714,5.0,1974.0367972726729,nan,nan,nan,nan,nan,nan,nan
685.7142857142858,0.1,1859.6742020461743,nan,nan,nan,nan,nan,nan,nan
685.7142857142858,0.2,1881.231633967134,7.109645100626958e-08,-915.3619102113678,0.08159491936778526,7.704267786821003e-09,0.004833886647849716,6.149138737018264e-05,0.004834668810348909
685.7142857142858,0.30000000000000004,1893.63544678598,-1.2855497801751897e-05,-371.6741053272926,0.05404111638064253,1.3840189373292163e-06,0.001953791229945009,4.05419457829072e-05,0.001954632800413975
685.7142857142858,0.4,1902.3225185515532,-6.502142558542809e-06,-202.13517193944878,0.04091280346759165,6.968490679906523e-07,0.0010588602268599067,3.0586770219359715e-05,0.0010597436325118167
685.7142857142858,0.5,1908.9882385977319,-7.0640058624576425e-06,-127.18621898293347,0.032888101998440805,7.54444664996423e-07,0.0006643721711486671,2.4518753486414567e-05,0.0006652768517907423
685.7142857142858,0.6,1914.3820964540812,5.4217161142787585e-06,-86.91622749549877,0.027903154787344432,5.774286261666671e-07,0.0004529465832121143,2.0753790725775506e-05,0.00045389688292201975
685.7142857142858,0.7000000000000001,1918.9067920354755,-1.3698427426538744e-05,-63.60730826349935,0.023953079482959095,1.45551537732803e-06,0.00033080642788461804,1.7780093608207353e-05,0.00033176388397809044
685.7142857142858,0.8,1922.7954145342349,-8.118771688100433e-06,-48.25304565845271,0.021136301123112853,8.609243196283308e-07,0.00025050881485508064,1.566175498048024e-05,0.00025148755167784826
685.7142857142858,0.9,1926.2015065764097,-1.4505405699242165e-05,-37.88753356952838,0.01892282861723516,1.5354768666930867e-06,0.00019638694527135552,1.3999792406141242e-05,0.00019738839463619091
685.7142857142858,1.0,1929.2287232828892,-8.702644947584314e-06,-30.525441950840097,0.016927384802494325,9.197901729853666e-07,0.0001580032149828717,1.2506013055053378e-05,0.00015899264977964304
685.7142857142858,1.1,1931.9506855698603,-8.935799051505465e-06,-25.433613250197592,0.015068970619387308,9.431143752256558e-07,0.00013147938631498073,1.1118924869924677e-05,0.00013241970952624371
685.7142857142858,1.2000000000000002,1934.4183117243294,6.0966399568315025e-06,-20.706766278635765,0.014381533371744132,6.426458652891472e-07,0.00010691894560881014,1.059943617777174e-05,0.00010796652267430487
685.7142857142858,1.3000000000000003,1936.6788702160122,-9.440674306938502e-06,-17.81966867872597,0.01393840881860911,9.939912148343415e-07,9.19126521843604e-05,1.0261919010022932e-05,9.305663659102944e-05
685.7142857142858,1.4000000000000001,1938.7612320209078,-9.662313181684123e-06,-15.303844857476175,0.012487787733238071,1.0162450761600305e-06,7.885772832290328e-05,9.184872868893864e-06,7.992682809632275e-05
685.7142857142858,1.5000000000000002,1940.6905553772285,-1.0010668015320346e-05,-13.28860963487841,0.011701982403218385,1.0518472128538573e-06,6.841028889896064e-05,8.599024831596955e-06,6.949072215704257e-05
685.7142857142858,1.6,1942.4869926372005,-9.969110563224616e-06,-11.63334964048772,0.011009215898855023,1.0465214516440411e-06,5.983719023958649e-05,8.083033830032009e-06,6.092828091052709e-05
685.7142857142858,1.7000000000000002,1944.1670964007676,-1.0100957446366022e-05,-10.273689250448113,0.010410090977279655,1.0594549862951196e-06,5.2800814517917655e-05,7.637018544210235e-06,5.390451338350761e-05
685.7142857142858,1.8000000000000003,1945.7444632718302,-1.066657531719103e-05,-9.135272104640533,0.009856153644500414,1.117882826774161e-06,4.6914179962588355e-05,7.225177802944592e-06,4.802703751164389e-05
685.7142857142858,1.9000000000000001,1947.2304774218464,-1.0507874204540725e-05,-8.174319274280604,0.009582678995656128,1.1004185404972075e-06,4.194895570388462e-05,7.019697201955494e-06,4.312166628534927e-05
685.7142857142858,2.0,1948.6347483791199,-1.711699066697749e-05,-7.356272014885688,0.008918704600847609,1.791269010998869e-06,3.7725140155307955e-05,6.528891522072981e-06,3.8879913752751386e-05
685.7142857142858,2.1,1949.9654566162444,-1.0775019728066595e-05,-6.6531251172818875,0.00828482947290468,1.1268281998527852e-06,3.4097089356927445e-05,6.060977164950178e-06,3.517601644294552e-05
685.7142857142858,2.2,1951.2296336021961,-1.0905783646899194e-05,-6.046573884327699,0.007872042711380804,1.139771811079868e-06,3.0969425411008816e-05,5.755478328141113e-06,3.204146456766256e-05
685.7142857142858,2.3000000000000003,1952.4333448493046,-1.8752963033853143e-05,-5.517046888780896,0.007819891567419295,1.958690598161894e-06,2.824067385846344e-05,5.7140224898675985e-06,2.943929745881945e-05
685.7142857142858,2.4000000000000004,1953.5818856275253,-1.1399348766849484e-05,-5.053145684473747,0.00777798883840433,1.1899349363835322e-06,2.5851525344541625e-05,5.680244324200303e-06,2.709700461227262e-05
685.7142857142858,2.5000000000000004,1954.6798949489012,-1.1449369396518719e-05,-4.650694889505757,0.0072337302553592085,1.1944919527109704e-06,2.3779824243121852e-05,5.279963103307477e-06,2.495321367686803e-05
685.7142857142858,2.6,1955.731397321382,-1.157606664357901e-05,-4.283277014337727,0.006939359955521244,1.2070674979155183e-06,2.1889862055473026e-05,5.062515602470923e-06,2.3062549755018087e-05
685.7142857142858,2.7,1956.7400669237195,-1.1854183244668107e-05,-3.966386249180686,0.006918555133381691,1.2354368623400534e-06,2.0260345648724055e-05,5.044869046768405e-06,2.151532750028882e-05
685.7142857142858,2.8000000000000003,1957.7090726635652,-1.8199877020038023e-05,-3.6778615271032313,0.006727618655071413,1.89585406744773e-06,1.8777616542146106e-05,4.903331712758297e-06,2.0106677234680513e-05
685.7142857142858,2.9000000000000004,1958.6412997881398,-1.8393662080302443e-05,-3.422029413354721,0.0060444671785546715,1.915137992382224e-06,1.7463438481669663e-05,4.403425751861945e-06,1.8639199388311948e-05
685.7142857142858,3.0000000000000004,1959.539306618581,-1.2270449609786753e-05,-3.1909325759897906,0.0058314623856574625,1.2770123298013984e-06,1.6276901549436652e-05,4.24639342043865e-06,1.7396321412954158e-05
685.7142857142858,3.1,1960.405404123262,-1.1793637856089858e-05,-2.982311462005782,0.005858861852539123,1.2268529103268066e-06,1.5206241508524635e-05,4.264545450941223e-06,1.6404500744778607e-05
685.7142857142858,3.2,1961.2416785133232,-1.1922047928055705e-05,-2.9417289903221895,0.00570117654824003,1.239687759381338e-06,1.4993150969134351e-05,4.14807806552205e-06,1.6147585113550093e-05
685.7142857142858,3.3000000000000003,1962.0485356134811,2.756700488293976e-06,-2.321308647765363,0.0055280249684642535,2.865325562176204e-07,1.1826322555025026e-05,4.020510240137943e-06,1.3125281378445736e-05
685.7142857142858,3.4000000000000004,1962.8321796271614,-1.1840299817504287e-05,-2.613869659535339,0.0053770250470790894,1.2302003217151663e-06,1.3311689705731761e-05,3.909196218658603e-06,1.4466447587613985e-05
685.7142857142858,3.5000000000000004,1963.5896849442463,-1.2164537983017014e-05,-2.318884203350535,0.005485198485138201,1.2634061577752154e-06,1.1804998572919002e-05,3.986368417201575e-06,1.3142924055987251e-05
685.7142857142858,3.6,1964.3240014192977,-1.925199071140471e-05,-2.1928879599272473,0.005104101328896607,1.998769388151428e-06,1.1159528506374075e-05,3.7080732076089943e-06,1.249118766881525e-05
685.7142857142858,3.7,1965.0363890147498,-1.2648713116573177e-05,-2.065488100151924,0.004725496487264993,1.3127357560411318e-06,1.050749631813258e-05,3.431825931092893e-06,1.1648416737196597e-05
685.7142857142858,3.8000000000000003,1965.7281217292004,-1.2621878832237614e-05,-2.1134138494289796,0.004825168952527294,1.309494785886383e-06,1.074763641577741e-05,3.503026827238632e-06,1.1906672878042607e-05
685.7142857142858,3.9000000000000004,1966.3987203051568,2.4419212371185526e-06,-1.5492368578179592,0.004419690727365835,2.532588033345922e-07,7.875925086222276e-06,3.207598949550919e-06,9.092398914894361e-06
685.7142857142858,4.0,1967.053826512535,-2.0631185529805433e-05,-2.065747093888603,0.004604198227679037,2.139017447004412e-06,1.0498345291137246e-05,3.3404373692383387e-06,1.1709299429348486e-05
685.7142857142858,4.1,1967.6882752489742,2.494538027121965e-06,-1.366938557043795,0.004781717243190544,2.5854813469677497e-07,6.944735400415529e-06,3.4681514218723736e-06,8.506018192421796e-06
685.7142857142858,4.2,1968.309054599843,-1.2679888155594214e-05,-1.7446386948904542,0.00438797232549746,1.3138069113628547e-06,8.860925990968985e-06,3.1816059934280877e-06,1.0024336956258481e-05
685.7142857142858,4.3,1968.9123875637629,-1.2710018685652374e-05,-1.5157268382381515,0.004293416366795102,1.3165297130807645e-06,7.69599596219356e-06,3.1121264251235244e-06,8.962826903797058e-06
685.7142857142858,4.3999999999999995,1969.5005632593004,-1.2772037848958477e-05,-1.4454848550258246,0.004176327801650361,1.3225630359420085e-06,7.3372099046587995e-06,3.026381699643397e-06,8.596615296320771e-06
685.7142857142858,4.5,1970.0742841062877,-1.3416391831742674e-05,-1.377551960013079,0.004357247287731527,1.3888866912761425e-06,6.990399027063298e-06,3.1566002888515406e-06,8.409692953130141e-06
685.7142857142858,4.6,1970.6342294336748,-2.0037695689734415e-05,-1.3217744492067138,0.003751125906802601,2.0737534445601336e-06,6.705495223570198e-06,2.7167493195326885e-06,8.001598169897712e-06
685.7142857142858,4.7,1971.18095701657,-2.110706366399884e-05,-1.2587476970338682,0.003690027528369912,2.183824356861273e-06,6.384024237938203e-06,2.6717829269564028e-06,7.733156038109825e-06
685.7142857142858,4.8,1971.7150971224946,-1.2976906083963529e-05,-1.2068779354649448,0.004152302495134565,1.3422848417907408e-06,6.119334706657081e-06,3.005708424432408e-06,7.570769585320042e-06
685.7142857142858,4.9,1972.2371684490647,-1.3020348958798437e-05,-1.156216835283885,0.0037837428209115858,1.3464258719922536e-06,5.860946376508954e-06,2.738219922994632e-06,7.1525695907452034e-06
685.7142857142858,5.0,1972.747677607282,nan,nan,nan,nan,nan,nan,nan
700.0,0.1,1857.4569045575138,nan,nan,nan,nan,nan,nan,nan
700.0,0.2,1879.1590933009566,1.0915723468087904e-06,-921.08458659452,0.08148638601563224,1.184170320514412e-07,0.004869211398567442,6.147388246087855e-05,0.0048699874470486395
700.0,0.30000000000000004,1891.6504361784541,-4.972907874162053e-07,-373.806871959141,0.05324438895097503,5.3594220562082495e-08,0.0019669866456584607,3.9984498971826594e-05,0.001967799275176998
700.0,0.4,1900.4037103363603,-1.464355667433212e-05,-203.62718113021853,0.040869862855748826,1.5709643999907994e-06,0.0010677204635030834,3.058453540197982e-05,0.0010685973440561676
700.0,0.5,1907.1207126829643,-7.491119858309512e-06,-127.92440646974225,0.0333249786228521,8.008430540182734e-07,0.0006688653362069784,2.4868134948890563e-05,0.0006697897637322803
700.0,0.6,1912.5584709648708,-1.433486986363734e-05,-87.79168084693082,0.02764171304884827,1.528160784129252e-06,0.0004579356437072056,2.0578467730820677e-05,0.00045886200073792533
700.0,0.7000000000000001,1917.118312438308,-8.177066972120893e-06,-63.930917919833504,0.02367471257053354,8.696561943030541e-07,0.00033279346794642343,1.758950416786677e-05,0.0003337229838105944
700.0,0.8,1921.038844732547,-8.588655609173666e-06,-48.604296048506505,0.020803883483421267,9.115826081994352e-07,0.00025255894788528166,1.542924426456714e-05,0.00025350143253426274
700.0,0.9,1924.4733340663008,-1.6677782610781854e-05,-38.166427313672095,0.018888315492495176,1.767016115718199e-06,0.00019800731177085432,1.3986577911044824e-05,0.00019900066980791037
700.0,1.0,1927.526159126918,-8.971149842409442e-06,-30.75388439960988,0.016771636234068417,9.490045864021208e-07,0.00015932414310846566,1.2401703890964589e-05,0.00016028938737717538
700.0,1.1,1930.271445343539,-2.6608349174443933e-05,-25.64196589194125,0.015578661801566803,2.810773267808074e-06,0.00013267018022900865,1.1504869970579029e-05,0.00013369368434761804
700.0,1.2000000000000002,1932.7603119012406,-9.49908164579939e-06,-20.850989178666165,0.014966762038250188,1.0021555726751876e-06,0.0001077547852991935,1.1040079465361697e-05,0.00010888463977931016
700.0,1.3000000000000003,1935.0406685671555,-9.717071256841348e-06,-17.95770664982683,0.013072449567806649,1.0239569384474807e-06,9.270209290510557e-05,9.632402198667493e-06,9.370321691933745e-05
700.0,1.4000000000000001,1937.1414481665722,-1.7986987529752718e-05,-15.425280671684046,0.012458253180267326,1.8933810522690484e-06,7.954915336942378e-05,9.170707042359763e-06,8.062168708799618e-05
700.0,1.5000000000000002,1939.087974959272,-9.974045031640356e-06,-13.389003952443089,0.011967481335136658,1.0488634515030418e-06,6.898345990333856e-05,8.801295438342831e-06,7.010523131380002e-05
700.0,1.6,1940.9006117124475,-1.0246220054500566e-05,-11.728679345083036,0.010991773127830133,1.0764887101797754e-06,6.037631899011608e-05,8.076740455502716e-06,6.145670179492636e-05
700.0,1.7000000000000002,1942.595961672172,-1.0372153189291579e-05,-10.355733761434747,0.010082414661127364,1.0887777912284614e-06,5.326509097982546e-05,7.402539124627073e-06,5.429503223271006e-05
700.0,1.8000000000000003,1944.1877542942823,-1.8723692152798343e-05,-9.208530627552134,0.009831778972045417,1.9638558587549513e-06,4.7327902395648836e-05,7.213012888997969e-06,4.845453729920172e-05
700.0,1.9000000000000001,1945.687461610117,-1.0647727259856778e-05,-8.240864718300143,0.00963640868690732,1.1159467707762856e-06,4.2323684305102784e-05,7.0645861855866815e-06,4.350122235409454e-05
700.0,2.0,1947.1047602787687,-1.0768845447978505e-05,-7.416338950747557,0.008603136241754331,1.1278273481677417e-06,3.806280356613789e-05,6.302775564242386e-06,3.910880935886563e-05
700.0,2.1,1948.447895557913,-1.9216495790942667e-05,-6.708059722632242,0.00849755565704982,2.0111811835331686e-06,3.4405176803655206e-05,6.221392405744783e-06,3.556926324196623e-05
700.0,2.2,1949.7239502398309,-1.1023719311992876e-05,-6.254365601921562,0.00842816778762199,1.1529850697005386e-06,3.2058257766314326e-05,6.166786552978148e-06,3.324334186513729e-05
700.0,2.3000000000000003,1950.9374612657296,4.332949649597145e-06,-5.247784292055257,0.007795420344808694,4.5290941226039406e-07,2.6882784382953407e-05,5.700459683941504e-06,2.8069194935597326e-05
700.0,2.4000000000000004,1952.0984944487077,-1.1215348425139396e-05,-5.254817645027287,0.007482936785447695,1.1716153974473232e-06,2.690353710743393e-05,5.468879953756395e-06,2.8017678123424275e-05
700.0,2.5000000000000004,1953.2069794552356,-1.1232101470523062e-05,-4.680855090578006,0.007201998581166439,1.1727063915440321e-06,2.3951952953962335e-05,5.260727222438529e-06,2.510820169600772e-05
700.0,2.6,1954.2686559108577,-1.1927117425807425e-05,-4.339550123131629,0.006940756943066621,1.2446011760292666e-06,2.219392991030194e-05,5.067288818341693e-06,2.335539314350649e-05
700.0,2.7,1955.2869368652484,-1.0788171971103123e-05,-3.9795165235318555,0.006692856903481473,1.12517129199795e-06,2.0342416102883204e-05,4.88388406701417e-06,2.151242781508512e-05
700.0,2.8000000000000003,1956.265422654404,-1.1622857486554508e-05,-3.7184240063425014,0.006465143156390243,1.211626265144009e-06,1.899862676925837e-05,4.715472300028709e-06,2.017144554434916e-05
700.0,2.9000000000000004,1957.206724203496,-1.1598007098541544e-05,-3.4494193330601766,0.006250749673716885,1.2084602854275428e-06,1.761603337837814e-05,4.557011110143681e-06,1.8796747292165588e-05
700.0,3.0000000000000004,1958.1135315592574,-1.17763750322638e-05,-3.2175583439084217,0.0060519706775380685,1.2264830999825125e-06,1.6424593083995148e-05,4.410145155843157e-06,1.7611651806703925e-05
700.0,3.1,1958.9881633315797,-1.2023799150097163e-05,-3.0116493417381203,0.005870146333285223,1.2516985293364498e-06,1.536686970580249e-05,4.275823538290991e-06,1.656118255513959e-05
700.0,3.2,1959.8326786104847,-1.1808811253104081e-05,-2.812526333627829,0.0059531774268521106,1.2287937313529555e-06,1.4344873739178314e-05,4.3345202867563876e-06,1.5648050001830428e-05
700.0,3.3000000000000003,1960.6490686260533,-1.9518112893342754e-05,-2.647621860251092,0.005521841969505206,2.030168098942914e-06,1.3498364639314003e-05,4.018858949123253e-06,1.4786138270412063e-05
700.0,3.4000000000000004,1961.4389824230195,-1.2063683334508838e-05,-2.4837909815460075,0.005107434773105981,1.2542978540242483e-06,1.2658168609053958e-05,3.7158146867931673e-06,1.3762886805282693e-05
700.0,3.5000000000000004,1962.2040583101702,-1.2145402093278805e-05,-2.3414281482473593,0.005222305819478381,1.2623072464829235e-06,1.1928134968234112e-05,3.797966567418953e-06,1.3142409349103265e-05
700.0,3.6,1962.9457199158385,-1.2012987079083375e-05,-2.208539980483692,0.004773220110246259,1.2480782265899446e-06,1.1247028629805831e-05,3.470106665657876e-06,1.23343679530589e-05
700.0,3.7,1963.6652961217019,-2.0925901081932377e-05,-2.0854141260542742,0.004948093392204102,2.1732890451349086e-06,1.0616230529307574e-05,3.595972793932306e-06,1.1970362425361573e-05
700.0,3.8000000000000003,1964.3640181863047,-1.2410385619955392e-05,-1.9786781143238836,0.005402734881243989,1.2884445876200763e-06,1.0069388614788513e-05,3.925039519092881e-06,1.156998474432364e-05
700.0,3.9000000000000004,1965.0429534697644,-1.9844689431556642e-05,-2.0355371985942834,0.004707079798180304,2.0595704100420346e-06,1.0355270950483109e-05,3.418513322336528e-06,1.1612318175188997e-05
700.0,4.0,1965.701533381238,3.6458150604175943e-06,-1.4444657990679841,0.004597969126774617,3.7825293840600423e-07,7.34594035071621e-06,3.3381950823143524e-06,8.740309361622666e-06
700.0,4.1,1966.345668634721,-2.007172104688382e-05,-1.8569013516753325,0.004488862749707325,2.081767550750156e-06,9.440409288921978e-06,3.2579543624129466e-06,1.0709043698335149e-05
700.0,4.2,1966.9712348746873,-1.2505408131323762e-05,-1.6034586735486298,0.0037986336602557473,1.296607411559291e-06,8.149391886860969e-06,2.756150831762353e-06,9.126144515631697e-06
700.0,4.3,1967.580766527918,-2.1368646960877438e-05,-1.5297146128887105,0.00428391536217987,2.214902190116628e-06,7.772248972191331e-06,3.1073253813650487e-06,9.19916234495639e-06
700.0,4.3999999999999995,1968.17500103502,-1.267928656718597e-05,-1.4712185423832123,0.004504524136143575,1.3138404485780583e-06,7.4728389188653456e-06,3.2663917965531532e-06,8.883024764617504e-06
700.0,4.5,1968.754523356698,-1.1472776448977143e-05,-1.3670584673945994,0.004098998341845574,1.188474448735316e-06,6.941777908175828e-06,2.971485945722699e-06,8.20123219357858e-06
700.0,4.6,1969.320375093702,-1.2644599211216717e-05,-1.509782356697542,0.004014437369255577,1.3094923516122587e-06,7.66437120918924e-06,2.9093780086978365e-06,8.796949303376093e-06
700.0,4.7,1969.8711290071392,3.5906163319623417e-06,-0.9376713523806754,0.003935162411931971,3.717461051199979e-07,4.758756602624529e-06,2.85115258116066e-06,6.2483679190499525e-06
700.0,4.8,1970.4125062070525,-1.2841612077249935e-05,-1.3854070947218131,0.003853255868051521,1.3291662484337193e-06,7.029169198966126e-06,2.7910696178605982e-06,8.170437060963047e-06
700.0,4.9,1970.9400293360186,-1.2869403931563299e-05,-1.1667287467616914,0.0037768265901320336,1.3316902285593397e-06,5.918107300973844e-06,2.7350008409973446e-06,7.194293022333237e-06
700.0,5.0,1971.455885177517,nan,nan,nan,nan,nan,nan,nan
714.2857142857143,0.1,1855.2384428516887,nan,nan,nan,nan,nan,nan,nan
714.2857142857143,0.2,1877.0867754046458,-1.3648451574908921e-05,-926.9783874590528,0.08194858942916315,1.4822578303898608e-06,0.00490551620779136,6.188744560371246e-05,0.004906297134687086
714.2857142857143,0.30000000000000004,1889.6653240830124,9.558233557299911e-07,-376.19591211655455,0.05342805662402841,1.0311947029673192e-07,0.001981561738427225,4.016293736012239e-05,0.0019823756094411414
714.2857142857143,0.4,1898.4819136402134,7.229372291726586e-06,-204.6845229188875,0.04029981119261949,7.763519363426356e-07,0.001074317516338837,3.0187475005505725e-05,0.0010751657062654074
714.2857142857143,0.5,1905.2516579682256,-8.011794140998072e-06,-128.94823042229288,0.032756113478330934,8.573448014598349e-07,0.0006748630149164609,2.4466937108897692e-05,0.0006757500173623567
714.2857142857143,0.6,1910.7319199920148,-9.007538565560946e-06,-88.40179638414155,0.027585827415055077,9.611592035236937e-07,0.0004615490861739515,2.055602130706695e-05,0.00046246468275856203
714.2857142857143,0.7000000000000001,1915.3281640519626,-8.890644773396171e-06,-64.38859679103642,0.023884585322036866,9.464294868611461e-07,0.00033548298983990564,1.7761658629598805e-05,0.00033642337201098953
714.2857142857143,0.8,1919.280522144,-8.877315777931483e-06,-49.112230894979795,0.021058304371888433,9.430819696877421e-07,0.0002554281181677138,1.5631960925265902e-05,0.00025638472918455813
714.2857142857143,0.9,1922.7417579270877,6.733855742345449e-06,-38.12295861353049,0.01884953993110799,7.140947341911593e-07,0.0001979568375626429,1.3970193898428982e-05,0.00019894157962630987
714.2857142857143,1.0,1925.82176412404,-9.580537263536838e-06,-31.499547911653274,0.016481117176715552,1.0143632433614852e-06,0.00016332968950404585,1.2197482984266663e-05,0.00016424120551366048
714.2857142857143,1.1,1928.586774841876,8.52988870012724e-06,-25.141206965099624,0.015553860809467331,9.018387628694609e-07,0.00013019109369059954,1.149640802305406e-05,0.00013120544571157771
714.2857142857143,1.2000000000000002,1931.1003734900607,-9.747033238932103e-06,-21.348829571343227,0.014908547144909795,1.0291966596562435e-06,0.00011042114528136225,1.100644799806652e-05,0.00011151758769844442
714.2857142857143,1.3000000000000003,1933.4004838425321,-9.991406231006307e-06,-18.260069654843388,0.013332923935951164,1.0537569205889627e-06,9.434202996913636e-05,9.83254692745499e-06,9.536711687215002e-05
714.2857142857143,1.4000000000000001,1935.517993498455,6.034154953067635e-06,-15.214413245666943,0.012438815985177603,6.357100023176551e-07,7.852667830575573e-05,9.163966437394627e-06,7.959145616631276e-05
714.2857142857143,1.5000000000000002,1937.4833590219214,-1.0278673918719517e-05,-13.658482301048023,0.011642934887902362,1.0817913276393633e-06,7.042951993794722e-05,8.569611460372402e-06,7.147282023489595e-05
714.2857142857143,1.6,1939.3121397223772,-1.0793913044744853e-05,-11.821024521350408,0.01096718242119437,1.1349573407281002e-06,6.090101089166901e-05,8.065188936850621e-06,6.197028159502467e-05
714.2857142857143,1.7000000000000002,1941.0227101776195,-1.0569105546869664e-05,-10.605647779129866,0.01037367122740989,1.1103494284169049e-06,5.459435370438971e-05,7.622478997791335e-06,5.5659506864476765e-05
714.2857142857143,1.8000000000000003,1942.6272241550705,5.838742909463697e-06,-8.946533969719892,0.009813339851723417,6.12893576236604e-07,4.601789742922417e-05,7.205194671621227e-06,4.713652705550449e-05
714.2857142857143,1.9000000000000001,1944.1422727928243,-1.080982684532047e-05,-8.4746975721373,0.009320929975450558,1.1338342641445011e-06,4.3558886897405437e-05,6.838673769529093e-06,4.463403550802456e-05
714.2857142857143,2.0,1945.5725744548567,-1.0949507716145503e-05,-7.646335114259271,0.008889891065399528,1.1476492980985444e-06,3.9273878376312706e-05,6.517928659060057e-06,4.03574207505636e-05
714.2857142857143,2.1,1946.9264127657466,5.788076747830935e-06,-6.423393780596597,0.0084822152552988,6.062467235133962e-07,3.297064454910939e-05,6.214956924144072e-06,3.4127442274677134e-05
714.2857142857143,2.2,1948.2160171388305,-1.1124165101159646e-05,-6.315955432114605,0.008384233534337685,1.1643893359711806e-06,3.239877839622024e-05,6.1393441437402665e-06,3.356217718092297e-05
714.2857142857143,2.3000000000000003,1949.4424619575932,-1.8991527784669438e-05,-5.609235308315873,0.007780733115174602,1.986645945255853e-06,2.8756272217837997e-05,5.694043130142919e-06,2.992848489840504e-05
714.2857142857143,2.4000000000000004,1950.6128144232728,-1.1343778417767694e-05,-5.13951929885934,0.007197368306924548,1.18593238329728e-06,2.6333123093002368e-05,5.264139864504088e-06,2.7390913538527516e-05
714.2857142857143,2.5000000000000004,1951.7317716959637,-1.1422394063197331e-05,-4.72485739185231,0.007176399148988825,1.1934735303240132e-06,2.4195252821329652e-05,5.2459516010051495e-06,2.5335245302854707e-05
714.2857142857143,2.6,1952.8034803947362,-1.1348793518072867e-05,-4.3583954480482126,0.006937821859423824,1.1851391582245345e-06,2.2306914457646334e-05,5.06891029547865e-06,2.3460406872267305e-05
714.2857142857143,2.7,1953.8316051390282,-1.1948505904615573e-05,-4.032924980947427,0.006692551338090882,1.2471164956935096e-06,2.0630678105816077e-05,4.8872650485593814e-06,2.1793368210750948e-05
714.2857142857143,2.8000000000000003,1954.8194006335107,-1.1661609288262312e-05,-3.7414449365314786,0.006440919299552664,1.216563067235234e-06,1.9130293205165566e-05,4.701247533685944e-06,2.0289199110811174e-05
714.2857142857143,2.9000000000000004,1955.7697816786279,-1.1816938768629385e-05,-3.4809565654541066,0.006240617736631296,1.232174469380371e-06,1.779006808547855e-05,4.552937330497053e-06,1.8959516161543326e-05
714.2857142857143,3.0000000000000004,1956.6853531580905,-1.1791785980949512e-05,-3.245593421706871,0.006038125451300405,1.228982332281496e-06,1.6579718531412105e-05,4.403239214670891e-06,1.7753154517356657e-05
714.2857142857143,3.1,1957.568468703336,-1.1778813051728335e-05,-3.0315502415760416,0.00586232066820003,1.2270821454192864e-06,1.5479561471046125e-05,4.2731932695662534e-06,1.6662620303110645e-05
714.2857142857143,3.2,1958.4212687461659,-1.1978468382494625e-05,-2.845043871570851,0.005680730457106623,1.247343924235296e-06,1.4521118970098449e-05,4.139103399123299e-06,1.5706149015794667e-05
714.2857142857143,3.3000000000000003,1959.24561835028,-1.1913014461356411e-05,-2.6644711707149322,0.0055092120431822905,1.2400115247533063e-06,1.3593940190601724e-05,4.012514786011563e-06,1.4782874832152936e-05
714.2857142857143,3.4000000000000004,1960.043323242687,-1.207723423813151e-05,-2.507511248813898,0.005363314159217227,1.2565987029617218e-06,1.2788101019621754e-05,3.904730161912238e-06,1.3986007409658781e-05
714.2857142857143,3.5000000000000004,1960.8159530226058,-1.2121102450305458e-05,-2.35960201614489,0.005216869111586677,1.2606713186311905e-06,1.2029180945034322e-05,3.7966766394992675e-06,1.3233291102059043e-05
714.2857142857143,3.6,1961.5649867823631,-1.2280158314524685e-05,-2.4087905524083904,0.005075038616377017,1.2767315635063565e-06,1.2275405954775814e-05,3.6921033236020186e-06,1.3400704785350098e-05
714.2857142857143,3.7,1962.2899326365964,5.11031471000934e-06,-1.7496579179805845,0.004936496527227521,5.311095386008303e-07,8.913195372052376e-06,3.590036180030697e-06,1.0271506638766656e-05
714.2857142857143,3.8000000000000003,1962.9973819116499,-1.2207471992996958e-05,-2.169448895006098,0.004820675155593792,1.2682582208961296e-06,1.1047856217039034e-05,3.5045945339491418e-06,1.2174891030395758e-05
714.2857142857143,3.9000000000000004,1963.6831366977533,-1.226856925857193e-05,-1.8907190025629457,0.004991049326889654,1.2741653510349276e-06,9.62516363010864e-06,3.6272396118655186e-06,1.098093833203323e-05
714.2857142857143,4.0,1964.349984293831,-2.031252586950816e-05,-1.7866139042325808,0.00458529852277252,2.1088722638508418e-06,9.092187504281353e-06,3.3312690467346515e-06,1.0455138581659937e-05
714.2857142857143,4.1,1964.9989657508665,-1.2396314555303448e-05,-1.708418247881127,0.004190459440928864,1.2865795438112218e-06,8.691450058184351e-06,3.0434459456036512e-06,9.783747619603076e-06
714.2857142857143,4.2,1965.6308630254232,-1.251659532356372e-05,-1.7975756265968807,0.004374215601450262,1.2986500074838612e-06,9.142176196612396e-06,3.1759201639637307e-06,1.0268340432006867e-05
714.2857142857143,4.3,1966.2447845437139,5.016905712136583e-06,-1.1854860768607975,0.004276948526216986,5.203640562140928e-07,6.02734308538955e-06,3.1043613818949973e-06,7.4748754236304726e-06
714.2857142857143,4.3999999999999995,1966.846851201236,-1.2537788294662292e-05,-1.6496634598524904,0.0042089497794052045,1.3000532491712052e-06,8.384854504054837e-06,3.0541062015687852e-06,9.521084648598138e-06
714.2857142857143,4.5,1967.4324212241595,-1.31550467884381e-05,-1.4051023804995564,0.004098289192523909,1.3636557500497693e-06,7.1397335736032214e-06,2.9729539797119873e-06,8.397158045294343e-06
714.2857142857143,4.6,1968.003940223278,-1.2592331831638164e-05,-1.3425445844859494,0.004279242503821481,1.3049495001480141e-06,6.819925211654974e-06,3.1033520349978544e-06,8.214369166086606e-06
714.2857142857143,4.7,1968.5620337765517,-2.080389580153226e-05,-1.2832775373681213,0.003925568884426413,2.1553151158983646e-06,6.517052376561774e-06,2.84608199121494e-06,7.957243261903299e-06
714.2857142857143,4.8,1969.1072945544518,-1.266393773576057e-05,-1.229151834490949,0.0035452307694868084,1.3116426539058652e-06,6.2404889718837405e-06,2.569644590701904e-06,7.339635938164434e-06
714.2857142857143,4.9,1969.6402638140069,-1.2968578297818583e-05,-1.177616809354731,0.003771279949978636,1.342835699115355e-06,5.977260418059408e-06,2.732773695922011e-06,7.243407621165942e-06
714.2857142857143,5.0,1970.1614569054684,nan,nan,nan,nan,nan,nan,nan
728.5714285714287,0.1,1853.0185977787403,nan,nan,nan,nan,nan,nan,nan
728.5714285714287,0.2,1875.0116721100544,-1.665639222903794e-05,-932.4339387806956,0.08192683983335773,1.8109251872381004e-06,0.004939575233691763,6.193601646147419e-05,0.004940352103749418
728.5714285714287,0.30000000000000004,1887.6804070535616,-1.6187807837059172e-05,-378.7549670901853,0.05419653392033299,1.7482642086710187e-06,0.001997061253495256,4.078185803610596e-05,0.001997894648506157
728.5714285714287,0.4,1896.5615923261669,-1.6016851799145135e-05,-206.1809405314079,0.03991620543361025,1.7217679250175492e-06,0.0010832352743712624,2.9929458599843495e-05,0.0010840632680388775
728.5714285714287,0.5,1903.380968193458,-1.7961151592589907e-05,-129.68133147671776,0.03246574722205652,1.9239144214963363e-06,0.000679349843446722,2.4273231845546382e-05,0.0006802192961143062
728.5714285714287,0.6,1908.9035307459822,-7.9101961175411e-06,-88.98920501897008,0.02786957034662693,8.448729627547324e-07,0.0004650510659841032,2.078686706069477e-05,0.0004659800376278708
728.5714285714287,0.7000000000000001,1913.5362012483165,-9.137498876179972e-06,-64.84838922951893,0.023829197834561465,9.736168057338329e-07,0.00033818878610175797,1.7736704353255853e-05,0.00033911913000786995
728.5714285714287,0.8,1917.5203878583557,-9.591268554481769e-06,-49.30184242462018,0.02130558939555841,1.019862246935127e-06,0.0002566452152226779,1.5829768170314698e-05,0.00025762175710981633
728.5714285714287,0.9,1921.0115560441486,-1.783801872916231e-05,-38.73103204657581,0.01881842640604533,1.8933442156413455e-06,0.00020129266553652798,1.3959477868180806e-05,0.00020226728849674107
728.5714285714287,1.0,1924.1154139094758,-9.75922577063103e-06,-31.542664097787558,0.016754009028244362,1.0341968118768887e-06,0.00016369609815998317,1.2410278305335788e-05,0.00016463751738616663
728.5714285714287,1.1,1926.9038451338251,-1.199307984413737e-05,-25.38304697504827,0.015526797422114675,1.2690988795828219e-06,0.00013155665592306815,1.1486269423873472e-05,0.00013256180860331653
728.5714285714287,1.2000000000000002,1929.438445888424,-1.0350504641110105e-05,-21.478658761020593,0.014306807553543882,1.0938571163565192e-06,0.00011118709418850617,1.0571165506508324e-05,0.00011219298337154035
728.5714285714287,1.3000000000000003,1931.7582600554126,-1.0320493471249404e-05,-18.230393186877333,0.013596972655420819,1.0893879333327915e-06,9.426771321878714e-05,1.0035683840630059e-05,9.533634365690218e-05
728.5714285714287,1.4000000000000001,1933.8957702905325,-1.873832868795946e-05,-15.663512963647005,0.012077613667861448,1.975775334909853e-06,8.091173061516415e-05,8.905229420881656e-06,8.190981663629826e-05
728.5714285714287,1.5000000000000002,1935.8766453960159,-2.0146890668388574e-05,-13.605560858923125,0.011353208486337968,2.122139692886487e-06,7.021422379544653e-05,8.363207208365594e-06,7.12350136498428e-05
728.5714285714287,1.6,1937.72146489291,-1.0022599933950017e-05,-11.89826670529328,0.011292232991661426,1.0547185860661888e-06,6.134874969133947e-05,8.31095964620784e-06,6.247339930296901e-05
728.5714285714287,1.7000000000000002,1939.4473017227513,-1.0755043067160853e-05,-10.525295654815634,0.010634677663421148,1.1307991075484736e-06,5.422425322122946e-05,7.820541415833402e-06,5.535223645070881e-05
728.5714285714287,1.8000000000000003,1941.0678855960443,-1.9347075679843353e-05,-9.359158091706375,0.00979402175333917,2.0324963753774617e-06,4.817864083879229e-05,7.196726208482771e-06,4.9283853449471585e-05
728.5714285714287,1.9000000000000001,1942.5948778884203,-1.1055228523468954e-05,-8.371614326301822,0.009015328136700878,1.1604958741940072e-06,4.306301452425194e-05,6.6196657808540645e-06,4.4084123226966595e-05
728.5714285714287,2.0,1944.0381540375333,-1.1115676539225218e-05,-7.531897291346466,0.0088190050753326,1.1659834467002792e-06,3.8716323794456166e-05,6.471009174481021e-06,3.9800265891418195e-05
728.5714285714287,2.1,1945.4061112137329,-2.9637939838494313e-05,-6.825458987805177,0.008467915123083007,3.1067220163296835e-06,3.506158423846069e-05,6.209281464675615e-06,3.627777230774446e-05
728.5714285714287,2.2,1946.7058138000543,-1.1341422856253316e-05,-6.1929558915835505,0.008151195692454398,1.188049001112376e-06,3.1792275369071536e-05,5.973279797774383e-06,3.2916870699641484e-05
728.5714285714287,2.3000000000000003,1947.94358682746,-1.1383394878726008e-05,-5.654051384772173,0.007768338855851201,1.1916955013137663e-06,2.9008154473574246e-05,5.689302794932914e-06,3.0126889927695157e-05
728.5714285714287,2.4000000000000004,1949.1248193410179,-1.1468848800700485e-05,-5.181901871310401,0.007460732669591155,1.1999210558811398e-06,2.6570391613894377e-05,5.460888469692683e-06,2.7695994779261866e-05
728.5714285714287,2.5000000000000004,1950.2542328358627,-1.1578326445533108e-05,-4.765753240258163,0.007170255613942803,1.210680585653037e-06,2.4423027441794208e-05,5.245393306838036e-06,2.5553440449183213e-05
728.5714285714287,2.6,1951.335988798305,-1.1635852681683913e-05,-4.390981853202901,0.006917647784848671,1.2160280521973163e-06,2.249047684729325e-05,5.057935367798519e-06,2.3631878753328494e-05
728.5714285714287,2.7,1952.3738349422151,-1.1617088692219128e-05,-4.068239377079407,0.0066764164622895835,1.2134282303283714e-06,2.0826762452206006e-05,4.879088983964388e-06,2.197356277297018e-05
728.5714285714287,2.8000000000000003,1953.3709986923545,-1.1774813433930845e-05,-3.7734908891025034,0.0064394004170822,1.229281410345651e-06,1.930835664194571e-05,4.703592181017843e-06,2.045901580743939e-05
728.5714285714287,2.9000000000000004,1954.330427533603,-1.17911845373783e-05,-3.508810486255242,0.006229973595759478,1.2303923569349354e-06,1.7945541129455174e-05,4.5484892424281975e-06,1.9103241100869277e-05
728.5714285714287,3.0000000000000004,1955.2547682699887,-1.1942672685654557e-05,-3.273877068045294,0.00603342516132557,1.2456167957692982e-06,1.673636041688858e-05,4.403002469488529e-06,1.7900563753651493e-05
728.5714285714287,3.1,1956.1463702356941,-1.1960918373574729e-05,-3.055790493658605,0.005844227832210438,1.2469570228243456e-06,1.5614608669007784e-05,4.263075078071918e-06,1.678447270382897e-05
728.5714285714287,3.2,1957.007414296463,-1.2262589691818009e-05,-2.8721510166178628,0.005671007698521182,1.277850360797515e-06,1.4670000626523283e-05,4.134979041646411e-06,1.5844176320544214e-05
728.5714285714287,3.3000000000000003,1957.8397368470655,-1.2098954204338967e-05,-2.686007699503534,0.005153300075022574,1.2602678828472775e-06,1.3713600096817616e-05,3.755966596622375e-06,1.4760273469751792e-05
728.5714285714287,3.4000000000000004,1958.645199320673,-2.2129358944653203e-05,-2.528775361702173,0.0049950218492199406,2.3041305513180546e-06,1.2905698758444751e-05,3.639171482609495e-06,1.4083792678143058e-05
728.5714285714287,3.5000000000000004,1959.4253740406637,-2.220305089531396e-05,-2.380126652451508,0.005559214918258706,2.310892498405964e-06,1.2142377386659329e-05,4.048673202787736e-06,1.3622079949302449e-05
728.5714285714287,3.6,1960.1817474941297,-1.2340752281443216e-05,-2.2508874735422064,0.005734668558420711,1.2839344557710287e-06,1.147875747270338e-05,4.1749098941149705e-06,1.2971896779261615e-05
728.5714285714287,3.7,1960.9156120728603,-2.096482967840532e-05,-2.122233541081186,0.004938608787000478,2.1803794627400063e-06,1.0818734571199338e-05,3.5940727557823183e-06,1.2150464611335467e-05
728.5714285714287,3.8000000000000003,1961.6282543161801,-1.2354295329328139e-05,-2.008042340230531,0.004503915947503858,1.2844055648367898e-06,1.0232997192500162e-05,3.2765803805349675e-06,1.1306453342092437e-05
728.5714285714287,3.9000000000000004,1962.3208161360976,-1.2455203536342211e-05,-1.908816303375715,0.004696748226206185,1.2944442131317945e-06,9.724003341736773e-06,3.4157051323844176e-06,1.0934619788260257e-05
728.5714285714287,4.0,1962.9942897929814,-1.2489672271954092e-05,-1.8030442966391997,0.004573591154940006,1.297585831925145e-06,9.182107513024909e-06,3.3250407576767504e-06,1.0397433310792838e-05
728.5714285714287,4.1,1963.6497330068987,-1.265526453892109e-05,-1.723945186586206,0.004467796400433601,1.3143554239849166e-06,8.77643829255459e-06,3.247082860975185e-06,9.992021491953203e-06
728.5714285714287,4.2,1964.2879367689502,-1.2520167951765885e-05,-1.6314113183398147,0.004686237614134827,1.299906490455764e-06,8.302728687117429e-06,3.4047770733710057e-06,9.685560096066587e-06
728.5714285714287,4.3,1964.9098264178183,-2.1331868451193286e-05,-1.557343153945112,0.0042734087660335285,2.2140898098148583e-06,7.923329247539013e-06,3.1038866407080347e-06,9.32467504031989e-06
728.5714285714287,4.3999999999999995,1965.516142635147,-1.2598088265804124e-05,-1.4824464280764003,0.003868037399087145,1.3071879084141372e-06,7.54000646835239e-06,2.808618813724456e-06,8.621897532000362e-06
728.5714285714287,4.5,1966.1076343881948,-1.2705462599524269e-05,-1.419065202776437,0.004088095243184854,1.3179367804206217e-06,7.215518750203084e-06,2.967542870381682e-06,8.450638411790203e-06
728.5714285714287,4.6,1966.684935489215,-1.2828975310321781e-05,-1.3543737291456635,0.004000123697005621,1.330362288959258e-06,6.884608611336901e-06,2.902861238937407e-06,8.125324996345043e-06
728.5714285714287,4.7,1967.2486928529436,-1.2871940177274171e-05,-1.2951791910154495,0.003926587279272555,1.3344393124107269e-06,6.581865642573088e-06,2.8487073378243856e-06,7.831471803469657e-06
728.5714285714287,4.8,1967.799498424762,-1.2728854350507406e-05,-1.245235321766813,0.0038410837032643048,1.319240137314282e-06,6.32632919560617e-06,2.7859211319173566e-06,7.568721737361428e-06
728.5714285714287,4.9,1968.337851643363,-1.2423375535217944e-05,-1.1777295594356472,0.003760051838929714,1.2872313837552569e-06,5.981770725023406e-06,2.726427627652133e-06,7.232244524331377e-06
728.5714285714287,5.0,1968.8644275663694,nan,nan,nan,nan,nan,nan,nan
742.8571428571429,0.1,1850.7971517880583,nan,nan,nan,nan,nan,nan,nan
742.8571428571429,0.2,1872.9331695517428,-8.404037583204637e-07,-937.7000925569062,0.08163313494882235,9.147194848808484e-08,0.004972710282859713,6.177887092372323e-05,0.004973477739309895
742.8571428571429,0.30000000000000004,1885.6921863898583,-8.679648867973821e-06,-381.32009611185816,0.05392249601177357,9.383775480279851e-07,0.0020126277191507016,4.061673370976325e-05,0.002013447455127816
742.8571428571429,0.4,1894.6380022668552,-9.153005627877076e-06,-207.7205266302826,0.04047457644783778,9.849194140479889e-07,0.001092399706756419,3.0377956101867583e-05,0.0010932445882882824
742.8571428571429,0.5,1901.5066128775493,8.728083285927834e-06,-130.1696314032142,0.03236794304296497,9.358302497973709e-07,0.00068256220616775,2.4223287289293732e-05,0.0006834219606956173
742.8571428571429,0.6,1907.0735271742112,-1.9998178324044625e-05,-89.80678218918,0.027522800362800137,2.1380131665758734e-06,0.0004697640405268833,2.0547448335140922e-05,0.00047066678248907084
742.8571428571429,0.7000000000000001,1911.7423736489814,-9.805128977632206e-06,-65.2923952786068,0.02413410559002501,1.0457323612814925e-06,0.00034081749983339244,1.798014452328342e-05,0.0003417663426129206
742.8571428571429,0.8,1915.7582961709654,-9.77968873412466e-06,-49.650494372554014,0.02098833780423207,1.0408519546058347e-06,0.00025869364301408983,1.5608099610850252e-05,0.000259635725306856
742.8571428571429,0.9,1919.277713749224,-9.987653681787391e-06,-39.00593112996375,0.01821627061886489,1.0610538303839762e-06,0.00020290151704995083,1.3524783156515925e-05,0.00020380380510496857
742.8571428571429,1.0,1922.4070720161828,-2.647209355902763e-05,-31.79624246824914,0.016964535342089002,2.8077671610634002e-06,0.00016515654196699086,1.257719763749572e-05,0.0001661353024247117
742.8571428571429,1.1,1925.2184678584592,-9.93785577916243e-06,-25.545776183435006,0.016076807896814677,1.0525350487020647e-06,0.00013251434454537858,1.1903395245887566e-05,0.00013358346071681065
742.8571428571429,1.2000000000000002,1927.7744059389013,-1.0480521396948474e-05,-21.641397420762583,0.01433251192794956,1.1085515178276237e-06,0.00011212497399185395,1.0599161118296762e-05,0.00011312790598240927
742.8571428571429,1.3000000000000003,1930.1139300451357,-1.089071966869143e-05,-18.37312174720864,0.013291239889008473,1.1505558934116297e-06,9.508569910887734e-05,9.818256933709441e-06,9.610104209799438e-05
742.8571428571429,1.4000000000000001,1932.269722933898,-1.0653214809644864e-05,-15.969566289049904,0.012405463020138546,1.1242206042104686e-06,8.256138387293028e-05,9.154555415974862e-06,8.35778544155603e-05
742.8571428571429,1.5000000000000002,1934.2658201597699,8.115459392206512e-06,-13.317275075678479,0.011638353688863396,8.555380873208047e-07,6.87830037779324e-05,8.580293843438428e-06,6.98503861049702e-05
742.8571428571429,1.6,1936.128744634885,-1.1384877892942327e-05,-12.197074886535118,0.01093395243178748,1.1990600868302909e-06,6.294063474365816e-05,8.05380586084292e-06,6.397412621298328e-05
742.8571428571429,1.7000000000000002,1937.8696983611346,-1.1308243885491733e-05,-10.605343315796743,0.010310638462209459,1.1899291476185998e-06,5.4680681464511745e-05,7.588340225885036e-06,5.5736511117644603e-05
742.8571428571429,1.8000000000000003,1939.5045986542264,-1.1133499780976322e-05,-9.427213238814145,0.009783444150997416,1.1705632911166508e-06,4.856771552038128e-05,7.194680139551948e-06,4.9635874666496215e-05
742.8571428571429,1.9000000000000001,1941.04522681493,-1.1304231294752767e-05,-8.438986083979215,0.009298942480921828,1.1875795642108554e-06,4.344391103705298e-05,6.83330392285992e-06,4.452158843101906e-05
742.8571428571429,2.0,1942.5014651147937,-1.1423697283407833e-05,-7.794231208913514,0.008475703673400408,1.1992392164167352e-06,4.0096261944167925e-05,6.22396939901843e-06,4.106852793506673e-05
742.8571428571429,2.1,1943.8797611025684,-2.333959233828867e-06,-6.476120515799265,0.008455518153238022,2.4484255921675343e-07,3.3292940755546996e-05,6.205001064800613e-06,3.443085721354494e-05
742.8571428571429,2.2,1945.193295885185,-1.1545066122039329e-05,-6.4442112286997135,0.008471701850260164,1.2103194671587537e-06,3.310763918105002e-05,6.212926953581922e-06,3.427508669597017e-05
742.8571428571429,2.3000000000000003,1946.4423885555148,-1.1614331775035694e-05,-5.699754846932591,0.007757581607683054,1.216807204711702e-06,2.926501299243146e-05,5.6857617991309715e-06,3.03739589071549e-05
742.8571428571429,2.4000000000000004,1947.634483677375,-1.1718843126300286e-05,-5.224774723819791,0.007449519238969063,1.2270125618886957e-06,2.68105682662565e-05,5.456811815713689e-06,2.7926076003815102e-05
742.8571428571429,2.5000000000000004,1948.7743310519973,-1.173337626564718e-05,-4.805588855833775,0.007156534484272473,1.227822785619091e-06,2.4645737470316868e-05,5.239292848851645e-06,2.5764710426486888e-05
742.8571428571429,2.6,1949.866122538061,-1.1936030876086094e-05,-4.42201131497768,0.006904188406451798,1.2483368741070143e-06,2.26663605303468e-05,5.05186359210917e-06,2.379842213571049e-05
742.8571428571429,2.7,1950.913693910975,-1.2071476614073632e-05,-4.107155584051724,0.0066706945339149145,1.2618314237991753e-06,2.1041616338869407e-05,4.878522117026321e-06,2.2179760882094583e-05
742.8571428571429,2.8000000000000003,1951.9201937280486,-1.1957284118329896e-05,-3.802652073545686,0.006434447275472624,1.2492568317021533e-06,1.9471934769019792e-05,4.703435717362288e-06,2.0614594378139846e-05
742.8571428571429,2.9000000000000004,1952.8886670243867,-1.203606873398259e-05,-3.539421897767169,0.006222051459701563,1.256870651630579e-06,1.8115377745329135e-05,4.546029032470016e-06,1.9263421155625936e-05
742.8571428571429,3.0000000000000004,1953.821746101747,-1.2011244676227776e-05,-3.2994414804988987,0.00602381975626827,1.2536854345016333e-06,1.6879340213890214e-05,4.399188591205519e-06,1.803301344054616e-05
742.8571428571429,3.1,1954.7218307643025,-1.2135286239390566e-05,-3.085814942278375,0.005833231089127369,1.2660550693599937e-06,1.5779449035599667e-05,4.258127592826572e-06,1.693685946388295e-05
742.8571428571429,3.2,1955.591057277435,-1.1999236476390266e-05,-2.8897621044052353,0.005281517406064043,1.2513104205955354e-06,1.477057731149504e-05,3.853749989749617e-06,1.579362244231935e-05
742.8571428571429,3.3000000000000003,1956.4313861695236,-2.2902978597426253e-05,-2.9155858655940388,0.005505419492362764,2.387364592113176e-06,1.4896395195807244e-05,4.015472016992908e-06,1.611986757277649e-05
742.8571428571429,3.4000000000000004,1957.2425592029563,7.726876461970287e-06,-2.3468412543934387,0.005727987828038297,8.051042446147637e-07,1.1985725132819365e-05,4.176142588919339e-06,1.3386042493962371e-05
742.8571428571429,3.5000000000000004,1958.030263823845,7.724165500462741e-06,-2.1978759711146263,0.0051958794440906805,8.045013232456845e-07,1.1220545593765732e-05,3.786733005558593e-06,1.2458995124473453e-05
742.8571428571429,3.6,1958.7959896850225,-1.2235123477944412e-05,-2.4702573744889373,0.00506045424757531,1.2738430904597388e-06,1.2606331792333753e-05,3.686655513970379e-06,1.3701282247836995e-05
742.8571428571429,3.7,1959.5370129724552,-1.239205642011713e-05,-2.143082393854456,0.0049359800510671925,1.289699103100609e-06,1.0932662529545961e-05,3.5946668577177656e-06,1.212558012622183e-05
742.8571428571429,3.8000000000000003,1960.2566054359493,-1.2295185036191484e-05,-2.0244203274160095,0.004801648186327159,1.279152372747686e-06,1.0323639975697659e-05,3.4956044662184595e-06,1.1517476907249335e-05
742.8571428571429,3.9000000000000004,1960.9559536961692,-1.2565179875127811e-05,-1.925557696608848,0.004686650582510768,1.30678042163602e-06,9.816080307877885e-06,3.4107155342660743e-06,1.1014947507475786e-05
742.8571428571429,4.0,1961.636046379423,-1.2442542117037207e-05,-1.8221506794816373,0.004572016930836755,1.2935821172802405e-06,9.285800403596192e-06,3.3261801473813415e-06,1.0489346622895152e-05
742.8571428571429,4.1,1962.2979175558821,-1.2409197147439969e-05,-1.7333356180643018,0.004462467427021013,1.2896848002954703e-06,8.830292570813755e-06,3.2454271839896393e-06,1.0035085898159497e-05
742.8571428571429,4.2,1962.9424553761605,-1.2561257692777887e-05,-1.647834705727291,0.004369382687309555,1.3050642577048356e-06,8.392032235489596e-06,3.1767235237276393e-06,9.607941634431605e-06
742.8571428571429,4.3,1963.5705148493817,-1.2604531186275395e-05,-1.5711291966454153,0.004268819559018768,1.3091457270642816e-06,7.99889473743418e-06,3.1026525417212545e-06,9.216782797947536e-06
742.8571428571429,4.3999999999999995,1964.1828630306363,-1.2611835175152935e-05,-1.4956611211800916,0.004169882936622573,1.3095002668590594e-06,7.612358265907294e-06,3.029831897072205e-06,8.833037527740011e-06
742.8571428571429,4.5,1964.7802546006792,-1.2779261986952422e-05,-1.4333573796875496,0.004079218667698116,1.326485185644478e-06,7.293091157754383e-06,2.963085308892728e-06,8.515191758181449e-06
742.8571428571429,4.6,1965.3633125969252,-1.2629492244263944e-05,-1.3645590402575178,0.0039981897488075915,1.3105542989006595e-06,6.941026124154866e-06,2.9033948081421667e-06,8.170361011023999e-06
742.8571428571429,4.7,1965.9327250027686,-1.2666934958747349e-05,-1.3032838917297338,0.003915997679331442,1.31406302440712e-06,6.627465612197823e-06,2.8429128087100226e-06,7.86221142865248e-06
742.8571428571429,4.8,1966.4891045696947,-1.302612200242949e-05,-1.258004666419765,0.003846595007479438,1.3509467034226976e-06,6.395442922200523e-06,2.791764493266611e-06,7.636402630711779e-06
742.8571428571429,4.9,1967.0329040899567,-1.2961183082779841e-05,-1.195067899902824,0.0037607732822891667,1.343844199531356e-06,6.073842795376607e-06,2.7287471829910888e-06,7.3204921906198344e-06
742.8571428571429,5.0,1967.5647529312196,nan,nan,nan,nan,nan,nan,nan
757.1428571428571,0.1,1848.5739100375715,nan,nan,nan,nan,nan,nan,nan
757.1428571428571,0.2,1870.8544954824602,5.884510945634255e-07,-943.2886558105563,0.08165367502092526,6.4119778573694e-08,0.0050076315599686195,6.18595696660716e-05,0.00500839565701669
757.1428571428571,0.30000000000000004,1883.7021943692432,-9.788733305367726e-06,-383.7349008814953,0.05325066029045618,1.0593991368174573e-06,0.002027433600774904,4.0151401878612896e-05,0.0020282288820602226
757.1428571428571,0.4,1892.7125442472113,-9.910347232766993e-06,-208.88553220520404,0.0407556457910289,1.0674967149407814e-06,0.0010996093349475529,3.061906318691861e-05,0.001100462122525771
757.1428571428571,0.5,1899.6340388031274,-1.9326523849918e-05,-131.60910174856323,0.0326745532721816,2.074243925363398e-06,0.0006907746019934083,2.447621058173792e-05,0.0006916444339513596
757.1428571428571,0.6,1905.2394423415578,9.519911881466226e-06,-89.8300877072188,0.027183355476495318,1.0187541968356537e-06,0.00047032775834614606,2.0313074346047914e-05,0.00047120534813369905
757.1428571428571,0.7000000000000001,1909.946545002916,-1.0297768402892882e-05,-65.94390355428457,0.023389570694843098,1.0993036600084065e-06,0.00034453554382241135,1.744148647978634e-05,0.0003454191082247634
757.1428571428571,0.8,1913.9942086287315,-2.1545554773547364e-05,-50.00390969173622,0.020968973405786084,2.2952018547380975e-06,0.0002607708933754756,1.5607786241347542e-05,0.000261713455454833
757.1428571428571,0.9,1917.5418331576295,-1.065744685522533e-05,-39.613003171098164,0.018553677606320214,1.1332331629479877e-06,0.00020624324873073826,1.3787534445301635e-05,0.00020716600608345842
757.1428571428571,1.0,1920.6933276548166,4.5942457001046985e-06,-31.37597027428,0.016554126074385073,4.877224896511302e-07,0.00016311652505537663,1.2283671660983907e-05,0.00016403967751223465
757.1428571428571,1.1,1923.5310624492608,-2.2198704253560237e-05,-26.05701362442687,0.016091677553384906,2.353160372437322e-06,0.00013528322685978076,1.192468927885457e-05,0.00013635059685284762
757.1428571428571,1.2000000000000002,1926.1082271074608,-1.098097607800811e-05,-21.801432665279204,0.014313821403050049,1.162488473350511e-06,0.00011305056502553528,1.0594357137038696e-05,0.0001140450018121693
757.1428571428571,1.3000000000000003,1928.467377439008,-2.1769175061217565e-05,-18.502631876299343,0.01328527334724186,2.301775412760058e-06,9.583670434094495e-05,9.822108010787519e-06,9.686547207615124e-05
757.1428571428571,1.4000000000000001,1930.6415014517922,-1.097534583477683e-05,-15.897432485007808,0.013116179215546715,1.1591893565936979e-06,8.225688963237613e-05,9.687085758360109e-06,8.339795484864717e-05
757.1428571428571,1.5000000000000002,1932.6566511397264,-2.0875300650686793e-05,-13.809989526862406,0.011595623680608473,2.2025232491384095e-06,7.138665777808045e-05,8.55582395152518e-06,7.243832041376135e-05
757.1428571428571,1.6,1934.5337009323919,-1.1440122982617155e-05,-12.096353041397377,0.010577519792525442,1.205869693590338e-06,6.24718114065093e-05,7.797605057517462e-06,6.344908692325232e-05
757.1428571428571,1.7000000000000002,1936.2897871946434,-1.1431711272325642e-05,-10.683388729898978,0.010312528848402286,1.2039005008683758e-06,5.512757889573086e-05,7.595849001527714e-06,5.617733684884894e-05
757.1428571428571,1.8000000000000003,1937.939039569596,-1.1638570281184015e-05,-9.502318908744199,0.009775065291813694,1.2246521232172038e-06,4.899382257120012e-05,7.1942574008022905e-06,5.005406179381585e-05
757.1428571428571,1.9000000000000001,1939.493268755461,-1.1670331920208824e-05,-8.505311606450048,0.009285230424853812,1.2270195248296672e-06,4.382007302163827e-05,6.828625424930844e-06,4.488835736495653e-05
757.1428571428571,2.0,1940.9624448252616,-1.1732310348656952e-05,-7.868622186924766,0.009193493251905242,1.2326111942493788e-06,4.05107745686223e-05,6.756365311909364e-06,4.16405947479364e-05
757.1428571428571,2.1,1942.352934673193,-5.424957829973216e-07,-6.5002686751768115,0.008445553246514241,5.695487309292084e-08,3.34431282569989e-05,6.2025075307277075e-06,3.4574387497237244e-05
757.1428571428571,2.2,1943.6784218343726,-1.1889958898291312e-05,-6.50889837734212,0.007735707405993256,1.2474452946522525e-06,3.3465825816067065e-05,5.677543114025321e-06,3.4438156294112545e-05
757.1428571428571,2.3000000000000003,1944.9388200117787,-1.186996768126393e-05,-5.746177609057667,0.007747189839489014,1.2445487203600943e-06,2.9525997220512675e-05,5.682490297417729e-06,3.062539477857494e-05
757.1428571428571,2.4000000000000004,1946.1417564130943,-1.2007151403463482e-05,-5.265811286290044,0.007437650649416131,1.2581616737985597e-06,2.7041713273875294e-05,5.452255319740307e-06,2.8147671373084697e-05
757.1428571428571,2.5000000000000004,1947.292034701547,-1.2083243698134553e-05,-4.849263685105142,0.00716479025863919,1.2653943878298717e-06,2.488851911994983e-05,5.249290983052629e-06,2.600287904425921e-05
757.1428571428571,2.6,1948.3938203531486,-1.1558801971409608e-05,-4.451669167110594,0.006891197441996158,1.2097954575302625e-06,2.2835500677676467e-05,5.0461318740066484e-06,2.3955178772636092e-05
757.1428571428571,2.7,1949.4510893130791,-1.2108890354465998e-05,-4.1409771331927905,0.006643573068703293,1.2666896136252609e-06,2.1230696251345523e-05,4.862298520232655e-06,2.2352424022773824e-05
757.1428571428571,2.8000000000000003,1950.4669485016777,-1.2296949755091205e-05,-3.8357515663847144,0.006429547660417259,1.285698867574357e-06,1.965596082451385e-05,4.703323974072541e-06,2.07906789288632e-05
757.1428571428571,2.9000000000000004,1951.4444501746125,-1.2281487456107258e-05,-3.567918846556494,0.006218905588957571,1.2834454179456604e-06,1.8274656488426925e-05,4.54706313874004e-06,1.9415505872529484e-05
757.1428571428571,3.0000000000000004,1952.3862726590817,-1.2331073578025113e-05,-3.328043966848781,0.006017656106382677,1.2880118839855188e-06,1.7038103730149458e-05,4.397889993987205e-06,1.8183476733866005e-05
757.1428571428571,3.1,1953.2948147038824,-1.2354852147495891e-05,-3.1105314046499184,0.005829955898809661,1.2899013853353564e-06,1.591738600507889e-05,4.258819038815738e-06,1.7067574579574282e-05
757.1428571428571,3.2,1954.1722514346366,-1.2434787106758465e-05,-3.1326750673770216,0.005643456561045926,1.2976699013818821e-06,1.6023762892488198e-05,4.120809376953842e-06,1.7099914159141726e-05
757.1428571428571,3.3000000000000003,1955.018361414717,8.54713655003253e-06,-2.2975395994308196,0.005851856983923656,8.915792263251627e-07,1.1747064392135312e-05,4.271210868582301e-06,1.3239143473713815e-05
757.1428571428571,3.4000000000000004,1955.841495998803,-2.2460650281414045e-05,-2.790061555674583,0.005708650839324039,2.3419714425927187e-06,1.4259476544331076e-05,4.165009926262463e-06,1.5604874780913097e-05
757.1428571428571,3.5000000000000004,1956.6367299673325,-2.262144323185569e-05,-2.4229023921634503,0.004836745801105737,2.357788412682564e-06,1.2378118002442921e-05,3.5274918343250027e-06,1.355224589371964e-05
757.1428571428571,3.6,1957.4077349119402,-1.2554392345077773e-05,-2.285497560410476,0.0042878177583588716,1.308008031588096e-06,1.1671683434689549e-05,3.1259700122841083e-06,1.254920141864431e-05
757.1428571428571,3.7,1958.1558848809439,-2.413904300933612e-05,-2.1587515665032693,0.004923818005016758,2.5140302405183617e-06,1.1020322171149047e-05,3.5883188465972205e-06,1.2390315294448712e-05
757.1428571428571,3.8000000000000003,1958.8824473342825,-1.2834868076242871e-05,-2.0482853803741814,0.005209001595881093,1.3362336464637328e-06,1.0452629989516979e-05,3.794797551282316e-06,1.182556429799982e-05
757.1428571428571,3.9000000000000004,1959.5885269338173,-1.2560024086815262e-05,-1.934286179698574,0.004266380913492187,1.3071533896350756e-06,9.867421252236261e-06,3.10701360105336e-06,1.0880336354514939e-05
757.1428571428571,4.0,1960.2752636715552,-2.445506172791741e-05,-1.843079364130062,0.004575367546709687,2.544217584743259e-06,9.398941370308322e-06,3.3309108132691425e-06,1.0816795999412983e-05
757.1428571428571,4.1,1960.9435696156518,-1.2622189570060997e-05,-1.7465098355614823,0.004877343207982678,1.3127247560466967e-06,8.903521677300665e-06,3.5495860488308365e-06,1.030509906693816e-05
757.1428571428571,4.2,1961.5944104613927,-1.2719824285250085e-05,-1.662037949199657,0.0043568020557529525,1.3224445271353818e-06,8.47015441016132e-06,3.169737419522899e-06,9.674029453995525e-06
757.1428571428571,4.3,1962.2286309276417,-1.2779113214810439e-05,-1.5841811678228621,0.004264618464554817,1.3281836679732735e-06,8.07083364158907e-06,3.101703108651009e-06,9.28135506671884e-06
757.1428571428571,4.3999999999999995,1962.8470095822124,-1.2786877447865679e-05,-1.5121436269964759,0.0041651861965476674,1.3285763129348363e-06,7.701461313102411e-06,3.0284638605946405e-06,8.911835281599421e-06
757.1428571428571,4.5,1963.4502668005132,-1.2735891136230763e-05,-1.4411761575274793,0.004075003049700855,1.3228764134246017e-06,7.337818012550467e-06,2.9620136342384193e-06,8.552229225724355e-06
757.1428571428571,4.6,1964.0391122572387,-1.2887257682677971e-05,-1.3785650137606351,0.003997226306404401,1.3382017316820745e-06,7.016975818272009e-06,2.904638201622788e-06,8.240302159116737e-06
757.1428571428571,4.7,1964.6141720638266,-1.287519455172516e-05,-1.3179548032439923,0.003907406706673557,1.3365618728576613e-06,6.706548259055344e-06,2.838566238679299e-06,7.92963452964605e-06
757.1428571428571,4.8,1965.176052322382,-1.2731175158933199e-05,-1.2621183791679866,0.0038330922445027242,1.3212374307030375e-06,6.420624345885499e-06,2.783810099053074e-06,7.646520952331728e-06
757.1428571428571,4.9,1965.7253113971458,-1.2959023791040651e-05,-1.209887487857486,0.003763801029680282,1.3445116893400417e-06,6.153234908027286e-06,2.732747984948748e-06,7.389576078140103e-06
757.1428571428571,5.0,1966.262471597031,nan,nan,nan,nan,nan,nan,nan
771.4285714285714,0.1,1846.3485776174625,nan,nan,nan,nan,nan,nan,nan
771.4285714285714,0.2,1868.7759415052376,-2.014190051347671e-05,-949.3100745059107,0.08168351791315448,2.1971735115967987e-06,0.005044932382048255,6.194755212620472e-05,0.005045693467249014
771.4285714285714,0.30000000000000004,1881.7102046479536,-1.0696476026532776e-05,-385.9404082945502,0.053210073535666445,1.1588638042968872e-06,0.002041164888079572,4.016161407936933e-05,0.0020419552771265897
771.4285714285714,0.4,1890.785063707724,-1.0779531320258697e-05,-210.24022273297757,0.04001555768321625,1.1623024097133403e-06,0.0011078350129427297,3.009268166231203e-05,0.0011086527435712086
771.4285714285714,0.5,1897.7575205401647,-2.1881152500736817e-05,-132.26770245414625,0.03259599051976353,2.3507376870834084e-06,0.0006948996277883316,2.4440865388179038e-05,0.0006957626969519719
771.4285714285714,0.6,1903.407300348064,-3.240954750219775e-05,-90.84653845006868,0.027470973773120036,3.4715811675967317e-06,0.0004760978141157486,2.0547301886532328e-05,0.00047699639800655695
771.4285714285714,0.7000000000000001,1908.1486147714625,-2.2856595642269922e-05,-66.42051603580511,0.02381499616653856,2.4422732498820605e-06,0.0003473466296419652,1.7775091973465006e-05,0.0003482636265985725
771.4285714285714,0.8,1912.225724034503,1.0567832360288788e-05,-49.90557206624543,0.021369039638500464,1.1268061689887457e-06,0.00026049417299597497,1.5919965320027842e-05,0.00026146773118031446
771.4285714285714,0.9,1915.803777576881,-1.1295062673934821e-05,-40.13102246453854,0.018705810722491386,1.202119709492553e-06,0.00020912678387079083,1.3912989836354962e-05,0.0002100538011946212
771.4285714285714,1.0,1918.9805208946136,-1.131224086057047e-05,-31.81375200906586,0.01691896289352713,1.2019725119828134e-06,0.00016553805970129053,1.2565405083699078e-05,0.0001664934616056213
771.4285714285714,1.1,1921.8391266922556,1.0461625660377662e-05,-25.79252294033267,0.015519334873931718,1.1099512176613724e-06,0.0001340261349979515,1.1510505006577748e-05,0.0001350156298552416
771.4285714285714,1.2000000000000002,1924.4398072604943,-1.1762614107146888e-05,-22.410568464056265,0.014315787950044984,1.246312879759344e-06,0.00011630879139152112,1.0604859528440847e-05,0.00011727836263346516
771.4285714285714,1.3000000000000003,1926.8163821440924,1.0087159783893197e-05,-18.191692450091065,0.013272559301600501,1.067481909008507e-06,9.430579748842667e-05,9.82098384812944e-06,9.532904282035271e-05
771.4285714285714,1.4000000000000001,1929.0110401031895,-1.2124237628336246e-05,-16.24762080427899,0.012365737031666418,1.2816124630097832e-06,8.413908409920289e-05,9.140443340646513e-06,8.513591141513208e-05
771.4285714285714,1.5000000000000002,1931.043221854244,-1.1819095775285873e-05,-13.908109437556956,0.01158349030632167,1.2480542577911065e-06,7.195327272597396e-05,8.55391833534336e-06,7.297376332069099e-05
771.4285714285714,1.6,1932.9363225109228,-1.1999194960526452e-05,-12.188014174989801,0.010908708968764818,1.2658426663161042e-06,6.299667471150675e-05,8.048314905361712e-06,6.402916622910996e-05
771.4285714285714,1.7000000000000002,1934.7075430258517,-1.1989388218944455e-05,-10.765827423983863,0.010304887894221798,1.2636610172791228e-06,5.55979553439058e-05,7.596352681757393e-06,5.664043278189901e-05
771.4285714285714,1.8000000000000003,1936.3711052665408,-1.201469437901325e-05,-9.573851162963363,0.009759989519415061,1.2652505546516817e-06,4.940223357773882e-05,7.188909801960704e-06,5.045336846749645e-05
771.4285714285714,1.9000000000000001,1937.9389289956002,-1.2172889198222962e-05,-8.572253798092786,0.009276028465177437,1.2808825592224203e-06,4.4200066229392525e-05,6.827267199989924e-06,4.5260464752953235e-05
771.4285714285714,2.0,1939.4210301866788,-1.2178609182478808e-05,-7.713384736484839,0.009209503564079572,1.2805144437648255e-06,3.9742793770795275e-05,6.7734516359584386e-06,4.09009617011384e-05
771.4285714285714,2.1,1940.8259975303924,-2.285243659455321e-05,-6.984361277022797,0.00800634078098597,2.4010891569001434e-06,3.596180152389627e-05,5.88452778949328e-06,3.699015723938098e-05
771.4285714285714,2.2,1942.161121261336,-2.4318909667636065e-05,-6.3415966620596,0.007700310450832152,2.5534279403223186e-06,3.263090222284124e-05,5.655932920873143e-06,3.36938411068533e-05
771.4285714285714,2.3000000000000003,1943.4328290256587,-1.2516079440797528e-05,-5.7958080230037,0.008169619901366335,1.31330708216205e-06,2.9803914430812137e-05,5.996934979130664e-06,3.101490849864095e-05
771.4285714285714,2.4000000000000004,1944.6465787097516,-1.2373675429898882e-05,-5.305601084933186,0.0074332532545383885,1.297562151025968e-06,2.7266837575519557e-05,5.453179611242358e-06,2.836614945054191e-05
771.4285714285714,2.5000000000000004,1945.807272382995,-1.2425930480503681e-05,-4.880682718021489,0.007164073685902397,1.3022721474251255e-06,2.506874871966509e-05,5.252732210988828e-06,2.6178626138061344e-05
771.4285714285714,2.6,1946.9191592290583,-1.2842088898582931e-05,-4.503256205157412,0.006888512987177367,1.3451256320570371e-06,2.3117497630468478e-05,5.047950621983724e-06,2.4232038102988868e-05
771.4285714285714,2.7,1947.98601351307,-1.2475448559098383e-05,-4.167410335753629,0.006632407698151613,1.306013740984496e-06,2.138217753308868e-05,4.857743499573295e-06,2.2496633787379298e-05
771.4285714285714,2.8000000000000003,1949.0111936937242,-1.2416571490348376e-05,-3.8646975551500864,0.006410967600453435,1.2991730947557594e-06,1.9818984924132696e-05,4.693203100239626e-06,2.0941163406872457e-05
771.4285714285714,2.9000000000000004,1949.9977268988268,-1.28230931364442e-05,-3.5977433141397333,0.0062124164934857645,1.341036268141597e-06,1.844099787829606e-05,4.545658217977728e-06,1.9575362021917443e-05
771.4285714285714,3.0000000000000004,1950.948282670788,-1.2564142340625054e-05,-3.3561197684548456,0.0060207467764712445,1.3133214045128392e-06,1.7194423240070126e-05,4.403363362654633e-06,1.8334454490858283e-05
771.4285714285714,3.1,1951.8652772450648,-1.2663189682575664e-05,-3.136393915792723,0.005822851465597981,1.323059072067019e-06,1.606141317428677e-05,4.256717508122274e-06,1.7203452163773435e-05
771.4285714285714,3.2,1952.7509078801836,-1.265935294181874e-05,-2.945754181041593,0.005596654380116209,1.322064324064072e-06,1.5078539639474022e-05,4.089588466697336e-06,1.6203693387312662e-05
771.4285714285714,3.3000000000000003,1953.607080973492,-3.487563944613616e-05,-2.7405078330275496,0.00549216570810245,3.6406192281675133e-06,1.4021989181409645e-05,4.011547473364235e-06,1.5558126983354457e-05
771.4285714285714,3.4000000000000004,1954.43584898847,-1.2704845490156928e-05,-2.6037513695882804,0.005392796826509996,1.3256828917580606e-06,1.3316796205339643e-05,3.937366271648939e-06,1.4494833652660029e-05
771.4285714285714,3.5000000000000004,1955.2385794897523,-1.2550972023041155e-05,-2.4391973063302426,0.005182006813890896,1.3090947453939984e-06,1.2470226018299871e-05,3.781974876746888e-06,1.3631835310646567e-05
771.4285714285714,3.6,1956.0169180179712,-1.294379506850875e-05,-2.5426092065572443,0.005047046323090856,1.3495352977271977e-06,1.299391050999166e-05,3.6820695591773324e-06,1.4063364758788135e-05
771.4285714285714,3.7,1956.7698304541245,1.0225027566934854e-05,-1.7073018494102141,0.0049190347153853535,1.0656660871049573e-06,8.721823265636018e-06,3.5873477043573274e-06,1.0146130907400658e-05
771.4285714285714,3.8000000000000003,1957.5056698717838,-1.2797251447022988e-05,-2.2972388199377742,0.004794277940317218,1.333252014348422e-06,1.1731268888777905e-05,3.4951054224042035e-06,1.279967790618229e-05
771.4285714285714,3.9000000000000004,1958.2185369012436,-1.2966253711374535e-05,-2.191379594023601,0.004676940493186523,1.3503723819773607e-06,1.1186732235764733e-05,3.40837008226131e-06,1.2255629601126698e-05
771.4285714285714,4.0,1958.9094901347632,1.031861043609298e-05,-1.3797649916568842,0.004566064611191225,1.0742567146231167e-06,7.041102237921586e-06,3.3264340420756723e-06,8.535893338505174e-06
771.4285714285714,4.1,1959.5866457183663,-1.3164570422645755e-05,-2.003163785161632,0.004462284793174833,1.3700787042823113e-06,1.0218952439292124e-05,3.249750574166307e-06,1.1288306436353986e-05
771.4285714285714,4.2,1960.2437696641177,-1.3038262621194024e-05,-1.6754586256183754,0.004355647929429553,1.356483230428243e-06,8.544403987339304e-06,3.17106482232794e-06,9.744649325045221e-06
771.4285714285714,4.3,1960.884139023613,-1.3039962314951497e-05,-1.5961816145818373,0.004259585430440895,1.3562215722597026e-06,8.137520569948466e-06,3.100150961221473e-06,9.342400652087334e-06
771.4285714285714,4.3999999999999995,1961.5085465669624,-1.3112134413768233e-05,-1.5274271421048977,0.004165742285755416,1.363298201879614e-06,7.784584776945258e-06,3.030919860231249e-06,8.990622477614354e-06
771.4285714285714,4.5,1962.1176798388908,-1.3067613895714218e-05,-1.4531245855323502,0.004074009637213296,1.3582518609258655e-06,7.403655639998316e-06,2.9632881194299203e-06,8.615167898009677e-06
771.4285714285714,4.6,1962.7122818649639,-1.3039569728607619e-05,-1.3892356877249765,0.003990527721555283,1.3549305931332866e-06,7.076048728923531e-06,2.9017167691239225e-06,8.291334207637441e-06
771.4285714285714,4.7,1963.2929915341597,-1.3115870855995142e-05,-1.329932729822758,0.00390921319020663,1.3624600575625024e-06,6.772032923278487e-06,2.8417760663855358e-06,7.991752607869207e-06
771.4285714285714,4.8,1963.8604018760573,-1.3145070713426338e-05,-1.2738212352815024,0.003383536479100259,1.3651028819355363e-06,6.484481065827282e-06,2.4589516722131856e-06,7.483641307806065e-06
771.4285714285714,4.9,1964.415074005602,-2.5619603047948688e-05,-1.218846310939625,0.003755877823260791,2.6598275901695233e-06,6.202914186012447e-06,2.7288013808031604e-06,7.774544434255163e-06
771.4285714285714,5.0,1964.9575576720374,nan,nan,nan,nan,nan,nan,nan
785.7142857142858,0.1,1844.1209846811973,nan,nan,nan,nan,nan,nan,nan
785.7142857142858,0.2,1866.6932769360735,-2.41483121269994e-05,-954.9537218576913,0.08172387875321195,2.6371417007456895e-06,0.005080308438161616,6.204377163417491e-05,0.005081066781746689
785.7142857142858,0.30000000000000004,1879.7160319723728,-1.1613080942379398e-05,-388.34037447863915,0.05399129601435109,1.2595013371340771e-06,0.0020559560987014193,4.079280313670128e-05,0.0020567657065661796
785.7142857142858,0.4,1888.8553832638856,-1.1636451917047466e-05,-211.81978195231747,0.040424916514939485,1.2559788794095216e-06,0.001117265696620767,3.0430589846478533e-05,0.0011180949225916565
785.7142857142858,0.5,1895.8765367358753,1.1033642820075341e-05,-132.91460466627993,0.032644149795982014,1.1865392793652443e-06,0.0006989735135995831,2.4500536327678245e-05,0.0006998327894217988
785.7142857142858,0.6,1901.5685441612022,1.1342023999009158e-05,-91.4531657875841,0.02745181011673027,1.2160816945930145e-06,0.00047973014778821124,2.055231510362515e-05,0.0004806113698861319
785.7142857142858,0.7000000000000001,1906.3460199286533,1.147250358269504e-05,-66.40995553482297,0.024132438012088652,1.2270151515713645e-06,0.00034761249398430097,1.8028683022370468e-05,0.00034854844478667533
785.7142857142858,0.8,1910.459396140756,-2.2746984188074776e-05,-50.93554715579102,0.020944017683649473,2.427664063236868e-06,0.00026611211889093723,1.561747899891887e-05,0.00026703813337048245
785.7142857142858,0.9,1914.063416881301,-1.1989644121467806e-05,-40.20321080190569,0.01829854698524401,1.2772008155935125e-06,0.00020969037821412756,1.3622223426897947e-05,0.00021057733947339125
785.7142857142858,1.0,1917.2654055138269,-1.2270295610142072e-05,-31.806818545737762,0.017300556111945305,1.3049334967121342e-06,0.00016564763019053617,1.2860119151835482e-05,0.00016664814900973333
785.7142857142858,1.1,1920.1493259608953,-2.3061722340071382e-05,-26.425952792737913,0.015507790430450547,2.448942724490064e-06,0.0001374369618662185,1.151191440004144e-05,0.00013841952230011486
785.7142857142858,1.2000000000000002,1922.7689868800364,-1.2143166781038431e-05,-22.120234596332008,0.014295114199609322,1.287749969057508e-06,0.00011490031502753032,1.0598618479153253e-05,0.00011588098256720908
785.7142857142858,1.3000000000000003,1925.1674454532142,-2.326612147578547e-05,-18.77996060150053,0.0132550186165247,2.464265977954334e-06,9.743786420749164e-05,9.816294716351972e-06,9.845267529145281e-05
785.7142857142858,1.4000000000000001,1927.378104420377,-1.2272682441971498e-05,-16.13828791405467,0.0119696909789127,1.2984005885503471e-06,8.364288843979333e-05,8.855088455702382e-06,8.458512761565527e-05
785.7142857142858,1.5000000000000002,1929.4273805083992,-1.2449155393710514e-05,-14.016132226583974,0.011587029844952218,1.3156846667888156e-06,7.257219164490738e-05,8.563603252589621e-06,7.358753038132965e-05
785.7142857142858,1.6,1931.3364952741556,-1.2298618028125945e-05,-12.275799677422581,0.010898816723675969,1.298502189299166e-06,6.35024290590128e-05,8.047592636316043e-06,6.452729731525057e-05
785.7142857142858,1.7000000000000002,1933.1228520431378,-1.2555845812539717e-05,-10.848982707898356,0.010294749766546834,1.3244469542697002e-06,5.6072868908119516e-05,7.595024187657872e-06,5.710770151340401e-05
785.7142857142858,1.8000000000000003,1934.800718985041,-1.2566986184538125e-05,-9.648095430634383,0.009753164623106162,1.3244832310777397e-06,4.9825369723558347e-05,7.1896446839758575e-06,5.0869477147719295e-05
785.7142857142858,1.9000000000000001,1936.3821049726378,-1.2563441929910384e-05,-8.636084258409936,0.009265747055121669,1.3230384623765693e-06,4.4564663694058e-05,6.825120126722849e-06,4.561714820575497e-05
785.7142857142858,2.0,1937.8771301176505,-1.2690950862634069e-05,-7.775863764163658,0.008803914790024696,1.3354449248788616e-06,4.009635554919404e-05,6.480241476881676e-06,4.115201332464991e-05
785.7142857142858,2.1,1939.2943966250216,-1.3240380207116703e-05,-7.28054868827712,0.008429358844682615,1.392251759330288e-06,3.7516247083242915e-05,6.2002792017939324e-06,3.855248480361139e-05
785.7142857142858,2.2,1940.63885764551,1.1293855406029266e-05,-5.90349283861542,0.008070473454597507,1.1867544999114983e-06,3.0400221512514366e-05,5.932413829842704e-06,3.1558975299429785e-05
785.7142857142858,2.3000000000000003,1941.924283737612,-1.321217325544241e-05,-6.083406318907691,0.007733194301459892,1.3874222193815761e-06,3.130694922440225e-05,5.680939946417826e-06,3.2351138581257786e-05
785.7142857142858,2.4000000000000004,1943.1488757665252,-1.2871295629088324e-05,-5.349363517484561,0.0074473990150693255,1.3507827361038519e-06,2.75127735587601e-05,5.4677262240208756e-06,2.861065156576229e-05
785.7142857142858,2.5000000000000004,1944.3199741602634,-1.290624092087002e-05,-4.919528350274049,0.007144418907870435,1.3536421391411372e-06,2.5287459922350723e-05,5.242288914333087e-06,2.6386571631950065e-05
785.7142857142858,2.6,1945.441877270499,-1.295321594529925e-05,-4.53886775835599,0.006883526803625276,1.3577931295673894e-06,2.3317877589559298e-05,5.048090515665654e-06,2.4424034334505e-05
785.7142857142858,2.7,1946.5183917031509,-1.299633598173388e-05,-4.200124421390682,0.006642323962154253,1.361566996508713e-06,2.1566163418931534e-05,4.868640191678692e-06,2.2679519040978377e-05
785.7142857142858,2.8000000000000003,1947.552904891589,-1.3101077961459866e-05,-3.903141476871496,0.0064138876342951815,1.3718183807978274e-06,2.0031021572686347e-05,4.698824257089547e-06,2.114903330446446e-05
785.7142857142858,2.9000000000000004,1948.5483866652582,-1.2566930456819151e-05,-3.61398671147981,0.006197424025538115,1.3152218844602761e-06,1.853794503357715e-05,4.538030542514308e-06,1.9661451042150383e-05
785.7142857142858,3.0000000000000004,1949.5077285718128,-1.3373296213717384e-05,-3.391501654505191,0.006006716080167965,1.3989320729261932e-06,1.738845366224383e-05,4.396319290940045e-06,1.8519464849839628e-05
785.7142857142858,3.1,1950.4331554618223,-1.3119693407179527e-05,-3.160156751778231,0.005830245756823163,1.3717588409707789e-06,1.6194911375171177e-05,4.265225265617142e-06,1.7336123266184628e-05
785.7142857142858,3.2,1951.326980784314,-1.3071045458218594e-05,-3.2123051976668644,0.005666041519987178,1.3660525194641484e-06,1.6454890992607214e-05,4.143281987143318e-06,1.7520362676454303e-05
785.7142857142858,3.3000000000000003,1952.188683054829,1.1035596272768103e-05,-2.2776172817202673,0.005478916556279503,1.1528226563983814e-06,1.1661981996806434e-05,4.004748304160907e-06,1.3015638368143995e-05
785.7142857142858,3.4000000000000004,1953.0276091525268,-1.3396529160922927e-05,-2.8667660914379662,0.005314398120492572,1.398861745429241e-06,1.4672487103420961e-05,3.882900733766529e-06,1.57287166736339e-05
785.7142857142858,3.5000000000000004,1953.8378675893102,-1.348423491881478e-05,-2.4666492921824097,0.004715990639721215,1.4074418877451157e-06,1.2619562505258822e-05,3.444310436815005e-06,1.3600029384593968e-05
785.7142857142858,3.6,1954.6234595331719,-2.620603245932219e-05,-2.3188709408486825,0.005455355344219017,2.734214535872663e-06,1.1858891817733542e-05,3.9827703065347555e-06,1.341022605708475e-05
785.7142857142858,3.7,1955.385862767625,-2.4827581917202255e-05,-2.198527676182493,0.005384976418372392,2.5893967566509044e-06,1.1239190934888399e-05,3.929911199348698e-06,1.280284314141841e-05
785.7142857142858,3.8000000000000003,1956.1262807253163,-1.3306208397170866e-05,-2.079798856448178,0.004382555895904263,1.3872515292864353e-06,1.062832211626936e-05,3.1971886789067965e-06,1.1633130649560656e-05
785.7142857142858,3.9000000000000004,1956.8459006944431,-1.31645178824556e-05,-1.9698226734135456,0.005090975072090489,1.3719798132405524e-06,1.0062715522855182e-05,3.712688905834799e-06,1.1432790128611117e-05
785.7142857142858,4.0,1957.5458224368358,-2.482910207097578e-05,-1.8709005172695465,0.004554253642265851,2.5867268056400294e-06,9.554053149425818e-06,3.3201270512962123e-06,1.0955253279708682e-05
785.7142857142858,4.1,1958.2270351740558,-1.3296908301094861e-05,-1.7779914355742217,0.004020313315697879,1.3848097818255328e-06,9.076522983913043e-06,2.929893121249584e-06,1.0073207781696588e-05
785.7142857142858,4.2,1958.89046799692,-1.384743038304352e-05,-1.6914916998985061,0.004359911526285034,1.441660595664258e-06,8.632098868596823e-06,3.1763452585482116e-06,9.837166998344848e-06
785.7142857142858,4.3,1959.5369859027853,-1.3302135696835664e-05,-1.6096202736889607,0.004269123905709196,1.3844375181363507e-06,8.21164696159753e-06,3.109213287600233e-06,9.417124168190476e-06
785.7142857142858,4.3999999999999995,1960.1674076059137,-1.35064812829569e-05,-1.5403291752363655,0.004159342976191739,1.4052575791464972e-06,7.855686356619678e-06,3.0283191464360374e-06,9.05693053427437e-06
785.7142857142858,4.5,1960.7824260172897,-1.3453664783855873e-05,-1.4654092655973725,0.0040777362592507435,1.3993278295528848e-06,7.4713068393259915e-06,2.9680038011888963e-06,8.683123711525939e-06
785.7142857142858,4.6,1961.3827903360097,-1.347470055106898e-05,-1.4020358574953204,0.00398810842645503,1.4010911906865296e-06,7.1460648028914735e-06,2.90190907655949e-06,8.358914479104356e-06
785.7142857142858,4.7,1961.9691342961548,-1.347314808638204e-05,-1.3409494059942515,0.0038982106988839876,1.400515394442832e-06,6.832716747009546e-06,2.8356763146999817e-06,8.045469646853252e-06
785.7142857142858,4.8,1962.54206876224,-1.3677269323284252e-05,-1.5395104684785108,0.0038319438100757014,1.4213227432382637e-06,7.842243267268531e-06,2.78668470599899e-06,8.891128224514721e-06
785.7142857142858,4.9,1963.0996081236403,1.15859893728839e-05,-0.7197289161695152,0.0037594288631055423,1.2036598875703891e-06,3.6652607869224377e-06,2.7331952492358766e-06,5.461103029790628e-06
785.7142857142858,5.0,1963.649950195879,nan,nan,nan,nan,nan,nan,nan
800.0,0.1,1841.8908686569066,nan,nan,nan,nan,nan,nan,nan
800.0,0.2,1864.6056841399447,1.1573743581266185e-05,-960.101034270974,0.08178623897804303,1.2653329366726897e-06,0.005113122805360983,6.215698662300091e-05,0.005113878509090934
800.0,0.30000000000000004,1877.7194892802731,-1.2689631220132485e-05,-390.9966386659789,0.0535748706522327,1.3777190879478301e-06,0.002072138453412272,4.05195284834027e-05,0.002072931096924527
800.0,0.4,1886.9233280339417,-1.2598026768000651e-05,-212.93620921835551,0.040827171503701735,1.3611554880278247e-06,0.00112426851124359,3.076388656615322e-05,0.001125110826341766
800.0,0.5,1893.9978046954268,-2.4073215297244162e-05,-134.01786837960114,0.03305076163014748,2.5913612969380154e-06,0.0007054566703959175,2.4829698567705647e-05,0.0007063348050474306
800.0,0.6,1899.7321026731158,-2.4191371327424378e-05,-92.0634237699005,0.027459963969477044,2.596285351783084e-06,0.000483387826081421,2.057785918521965e-05,0.00048426999460904395
800.0,0.7000000000000001,1904.5457664131059,-2.428376818295422e-05,-67.1004147757685,0.02332466709565325,2.5996702623436804e-06,0.0003515524789774193,1.74413301120666e-05,0.00035242630967735356
800.0,0.8,1908.6884260053382,-1.2719948800531726e-05,-51.04762779967586,0.019916865583144282,1.3587872758352e-06,0.0002669407397007514,1.4865058737258129e-05,0.00026777069435875454
800.0,0.9,1912.3206093195738,-2.9581879292936754e-05,-40.50066427305409,0.018192121027055926,3.1540847444255275e-06,0.00021143123950885723,1.3555110445129331e-05,0.00021232192380718972
800.0,1.0,1915.5477859910789,-2.6176564207730765e-05,-32.014390699578136,0.01750113051647873,2.786341393005877e-06,0.0001668759169441602,1.3020661823282698e-05,0.00016791191328474945
800.0,1.1,1918.4548187555881,-1.289371774739722e-05,-26.61632178210311,0.01598448558524411,1.3703991316090806e-06,0.0001385476108461035,1.187609097260537e-05,0.0001395686266269123
800.0,1.2000000000000002,1921.0956883022764,-1.2956228702614697e-05,-22.27972746848081,0.014282654145119984,1.3751669205703842e-06,0.00011582827180726293,1.059845037587487e-05,0.00011680211442716426
800.0,1.3000000000000003,1923.5137605742798,-1.3038200137384609e-05,-18.91687377885773,0.013246926638873908,1.382143240152499e-06,9.823157647917165e-05,9.818613622970515e-06,9.921775690104071e-05
800.0,1.4000000000000001,1925.7426641084946,-1.3053288415903824e-05,-16.25691241129061,0.012319671541536088,1.3821555849883796e-06,8.432843929965603e-05,9.121634196455501e-06,8.532059803825087e-05
800.0,1.5000000000000002,1927.8089985185966,-1.4055710466004728e-05,-14.117481335665612,0.011554720751951214,1.4867169238808645e-06,7.315764856156836e-05,8.546798536531416e-06,7.416432700913432e-05
800.0,1.6,1929.7341581153419,-1.3932007433777489e-05,-12.37190691761043,0.010441060616062718,1.4721757861341955e-06,6.405218172682337e-05,7.715909448964884e-06,6.499169025929804e-05
800.0,1.7000000000000002,1931.535598642911,-2.6766191060346534e-05,-10.92711579972274,0.010308451554902835,2.8257324492987733e-06,5.652265077361637e-05,7.611305505340139e-06,5.7607801184756714e-05
800.0,1.8000000000000003,1933.227768012483,-1.3279989203397252e-05,-9.722040012047726,0.010232222276630414,1.4007653871795402e-06,5.024770448846504e-05,7.548851209504878e-06,5.138836696370607e-05
800.0,1.9000000000000001,1934.8227169819345,-1.3344980644296826e-05,-8.702589273570991,0.009259798401643596,1.4064710836862843e-06,4.494371515655713e-05,6.826172426172507e-06,4.5990313686326e-05
800.0,2.0,1936.3306400586503,-1.3322586822687315e-05,-7.846953412490619,0.00881547761420052,1.4030276882266093e-06,4.0494968589777315e-05,6.493877087859676e-06,4.154698360946844e-05
800.0,2.1,1937.7600936012411,-1.2344283290167384e-05,-7.064824569783921,0.008854145415523366,1.299050568172386e-06,3.6433168558144474e-05,6.517842882100986e-06,3.760356173604231e-05
800.0,2.2,1939.1188988981341,-2.541336910780959e-05,-6.466210735061394,0.00806703083012508,2.6725229366112317e-06,3.33238882382714e-05,5.934489750105353e-06,3.4468249786604e-05
800.0,2.3000000000000003,1940.4130420876766,-1.246888372706964e-05,-5.863924894651972,0.00729759414032856,1.3103858732760898e-06,3.0200753409502915e-05,5.365072443083492e-06,3.1166819251851017e-05
800.0,2.4000000000000004,1941.6485460282724,-1.3445022584369343e-05,-5.400795805508095,0.007421675348768989,1.4120802550411777e-06,2.7798601466540616e-05,5.453008504921293e-06,2.8882984915893288e-05
800.0,2.5000000000000004,1942.8300420108133,-1.3495078718051461e-05,-4.958619487274517,0.007142711314804731,1.4164837753883553e-06,2.5507801131020018e-05,5.245015760213907e-06,2.6602156406490604e-05
800.0,2.6,1943.9619517984813,-1.3410914873998098e-05,-4.5744006383301885,0.006878458530860602,1.406837919360879e-06,2.3518187529582253e-05,5.048176976742073e-06,2.461813395009799e-05
800.0,2.7,1945.048117579766,-1.3546895294598488e-05,-4.234096097707151,0.006632764042012698,1.420316664299645e-06,2.175691705750208e-05,4.865273327916465e-06,2.2863125516529514e-05
800.0,2.8000000000000003,1946.0919424000738,-1.353073062180103e-05,-3.9285468376874624,0.006419944410805558,1.4178683358743642e-06,2.017643642472479e-05,4.706759771046528e-06,2.1293334931464363e-05
800.0,2.9000000000000004,1947.0964817520046,-1.380671107722266e-05,-3.6575875223206813,0.006199588699803374,1.446048842046413e-06,1.8775495499027313e-05,4.5429700819506875e-06,1.9896920435549235e-05
800.0,3.0000000000000004,1948.0644452287122,-1.3197901490116254e-05,-3.4052515290568404,0.005992801463304434,1.3816048247576743e-06,1.747180298147286e-05,4.38935573034322e-06,1.859316053741782e-05
800.0,3.1,1948.9983561901292,-1.3643557399041145e-05,-3.1881023399591863,0.005817367840256796,1.4275800538946329e-06,1.6350077997008335e-05,4.25890974086814e-06,1.7482553008077993e-05
800.0,3.2,1949.9003861281467,-1.3860733909473327e-05,-2.9878767493528353,0.005584722079817086,1.4496397753276536e-06,1.5316376933880224e-05,4.086784473749875e-06,1.6434612028541358e-05
800.0,3.3000000000000003,1950.7725372986706,-4.007579140375133e-05,-2.805313815406407,0.005477869611070221,4.1895196968065665e-06,1.437430776424264e-05,4.006870143126299e-06,1.6008835550371876e-05
800.0,3.4000000000000004,1951.6166353310405,-1.3564564672628893e-05,-2.6329559219448124,0.005382563089722228,1.4174292732192206e-06,1.348550259519434e-05,3.935524011492135e-06,1.4657577715285508e-05
800.0,3.5000000000000004,1952.4344038041909,-1.3647341073738078e-05,-2.7519398858430573,0.00518704000207322,1.4254875974627586e-06,1.4089213351815429e-05,3.791040729444968e-06,1.5142058228263276e-05
800.0,3.6,1953.2246528784829,1.2434320771626532e-05,-1.8073725101885425,0.0050461989750488125,1.298263597333206e-06,9.249618443996544e-06,3.686666563313415e-06,1.0696913126027896e-05
800.0,3.7,1953.996828227673,-1.3760372412116357e-05,-2.4827550748341305,0.0049094613616489395,1.436156065792612e-06,1.2701176477637257e-05,3.585410768228366e-06,1.3751100643775927e-05
800.0,3.8000000000000003,1954.7441760261147,-1.3779924878781474e-05,-2.0945973216385023,0.004789746266709473,1.4376523616131285e-06,1.0711474492958286e-05,3.4966957103262756e-06,1.188512902358978e-05
800.0,3.9000000000000004,1955.47057785134,-1.4022106064317103e-05,-1.9892101345021724,0.0046710913835738685,1.4623810172403873e-06,1.0168865319693007e-05,3.408853889567189e-06,1.1348345686066974e-05
800.0,4.0,1956.1770875752204,-1.4013774483441937e-05,-1.8886324110781056,0.004557427856542519,1.460989542841171e-06,9.6513182566265e-06,3.3247479003646153e-06,1.0834681893666332e-05
800.0,4.1,1956.86471097499,-1.3800837645931113e-05,-1.7994051237792514,0.004451516578376415,1.4382895487453556e-06,9.19220208153214e-06,3.246383348928823e-06,1.0375127258504281e-05
800.0,4.2,1957.5343403235217,-1.2921754816375157e-05,-1.6851611666652386,0.00433761006370901,1.3462175975387626e-06,8.605720827815555e-06,3.162270398506273e-06,9.79135541856997e-06
800.0,4.3,1958.1871180603869,-1.442005120231899e-05,-1.6383577138640246,0.004248849591851924,1.50181783425444e-06,8.363988402442264e-06,3.0965646646632466e-06,9.559769047856513e-06
800.0,4.3999999999999995,1958.8235122201133,-1.3830384704465376e-05,-1.5479830025469707,0.004172557663326872,1.4399420578850261e-06,7.900111794814494e-06,3.0400092242783944e-06,9.108705268479637e-06
800.0,4.5,1959.4444265498144,-1.3898510875515074e-05,-1.4792011347708465,0.004075015043559917,1.4465810960386633e-06,7.546749932673993e-06,2.9680336193992823e-06,8.755825406293809e-06
800.0,4.6,1960.0505488681677,-1.3938359475696432e-05,-1.4143750429411737,0.0040113023924845965,1.4502845504309138e-06,7.213834358631071e-06,2.920755423259738e-06,8.43826735272041e-06
800.0,4.7,1960.6425274360915,-1.322959652416104e-05,-1.3561635046471563,0.003904353998012768,1.3761264694720214e-06,6.914894053833939e-06,2.842052997165786e-06,8.115664748689878e-06
800.0,4.8,1961.220944368969,-1.3563778327875314e-05,-1.285457254061839,0.004247625230908627,1.4104757651604534e-06,6.552482900929704e-06,3.09104847204116e-06,8.002101934123127e-06
800.0,4.9,1961.7865067293058,-2.6649654200105067e-05,-1.248647404713665,0.00375042765057856,2.770468149599062e-06,6.363054670942058e-06,2.7284668461435035e-06,7.940593250781012e-06
800.0,5.0,1962.3395826155954,nan,nan,nan,nan,nan,nan,nan
814.2857142857143,0.1,1839.6579596393235,nan,nan,nan,nan,nan,nan,nan
814.2857142857143,0.2,1862.520453332302,-2.6189242638702156e-05,-966.2590157764041,0.08186587616108344,2.866420198712831e-06,0.005151402298528511,6.228366501298753e-05,0.0051521560892023146
814.2857142857143,0.30000000000000004,1875.7203568675163,-1.3777442292962421e-05,-393.1558624603894,0.05315873172424406,1.4974137154047606e-06,0.0020857199944462374,4.0245962404563905e-05,0.002086496971591473
814.2857142857143,0.4,1884.9887017781268,-1.3669362273117274e-05,-214.28869348401346,0.040425720640985235,1.478420309176309e-06,0.0011325357530852446,3.0491603181350397e-05,0.0011333573547086155
814.2857142857143,0.5,1892.1141597538972,-1.3634482371912798e-05,-134.88935591947208,0.032639013790497995,1.4691397296982631e-06,0.000710732995327902,2.454407255225361e-05,0.0007115815989851181
814.2857142857143,0.6,1897.8907241704728,-1.3604957223878972e-05,-92.67315605477505,0.026941233120618347,1.4615333806895344e-06,0.00048705093141862506,2.02082179201618e-05,0.00048789085871595353
814.2857142857143,0.7000000000000001,1902.7405570265007,-2.794839325424622e-05,-67.55299205267418,0.023268311907008874,2.9948105348491742e-06,0.0003542527958171153,1.7415333549755736e-05,0.0003551205428015689
814.2857142857143,0.8,1906.9148599620019,-2.665432503281412e-05,-51.73982578794493,0.02080915264538704,2.8499455939734633e-06,0.00027080807298387045,1.554517625188321e-05,0.00027171389289568933
814.2857142857143,0.9,1910.5717646396236,2.333755598533574e-06,-40.384500487516554,0.019131668571640156,2.4905690522857367e-07,0.0002110146131165717,1.4267957866789732e-05,0.00021197730591140045
814.2857142857143,1.0,1913.82482431237,1.3109621622743378e-05,-32.020380580456724,0.017521933761048564,1.396693417830402e-06,0.00016705492254744081,1.304765361145786e-05,0.00016807670995519885
814.2857142857143,1.1,1916.757680179312,-1.3771915099050619e-05,-27.079045004438736,0.015495212802511567,1.4650305499488873e-06,0.00014107932913875207,1.1522600578456567e-05,0.0001420248713181389
814.2857142857143,1.2000000000000002,1919.4197455962096,-1.3810351798883874e-05,-22.43961749327354,0.013762024330344508,1.4670998221437312e-06,0.00011676005368568417,1.0220896341165425e-05,0.00011766051148369907
814.2857142857143,1.3000000000000003,1921.8574148381745,-2.820506752277655e-05,-19.05242199384247,0.013241341443580273,2.9925110738066807e-06,9.901968110936111e-05,9.82280883879914e-06,0.00010003413175758363
814.2857142857143,1.4000000000000001,1924.1045598602009,-1.386967755381649e-05,-16.39568657733434,0.012862700786894271,1.4698466686693877e-06,8.511987782197382e-05,9.531694712775314e-06,8.619315783664181e-05
814.2857142857143,1.5000000000000002,1926.187748016454,-1.1982738324127254e-05,-14.195848300209942,0.011570285151890408,1.2685161251563188e-06,7.362499326792699e-05,8.565417531167996e-06,7.462560902149179e-05
814.2857142857143,1.6,1928.128977689705,-1.255515533764539e-05,-12.732460824304324,0.010887578205250752,1.3277873476737797e-06,6.597325204842637e-05,8.052496242516143e-06,6.696206684800963e-05
814.2857142857143,1.7000000000000002,1929.9428827547129,1.3230234767479503e-05,-10.46809816739369,0.010284006093706926,1.3978763392336907e-06,5.419246110796366e-05,7.599434231088134e-06,5.5265538090777793e-05
814.2857142857143,1.8000000000000003,1931.6521068380468,-1.3891646481511105e-05,-10.07253955872329,0.009740228838734315,1.4664748464173883e-06,5.210130248313749e-05,7.1916731722419725e-06,5.310495828966683e-05
814.2857142857143,1.9000000000000001,1933.2606055257936,-1.3966791909660986e-05,-8.76731091602778,0.009252170398201547,1.4731921797441824e-06,4.5314218831547135e-05,6.8259965574602045e-06,4.635447315542177e-05
814.2857142857143,2.0,1934.78143110438,-1.406263295859846e-05,-7.898534699370428,0.008838877931975735,1.4821461966354003e-06,4.0793511865604875e-05,6.516270262736386e-06,4.1847711095727706e-05
814.2857142857143,2.1,1936.2232713359729,-1.4312280366084469e-05,-7.135781866600153,0.008419426285081502,1.5073452868309172e-06,3.6828059817976216e-05,6.202689191810386e-06,3.788831991776052e-05
814.2857142857143,2.2,1937.5937537488996,-1.4143986325848363e-05,-6.498039423377121,0.008051066619418637,1.4885770146647096e-06,3.351406425087624e-05,5.927358501802386e-06,3.4578541348041664e-05
814.2857142857143,2.3000000000000003,1938.8992557675926,-1.4634677828962612e-05,-5.928537842601144,0.007723857857257602,1.539192367761509e-06,3.0557182061422455e-05,5.682842384527232e-06,3.1633840800867854e-05
814.2857142857143,2.4000000000000004,1940.1454724078596,-1.4176948775275395e-05,-5.433328446110862,0.007400741522513957,1.4901022422493998e-06,2.798755419803659e-05,5.441797615175442e-06,2.906458183510388e-05
814.2857142857143,2.5000000000000004,1941.3373557636655,-1.4194629973121681e-05,-4.9949714410558945,0.007136164009688176,1.491053358853005e-06,2.571441285526265e-05,5.244197297384682e-06,2.680405714062029e-05
814.2857142857143,2.6,1942.4792894050609,-1.4394381028910192e-05,-4.614426258399361,0.00687539204720338,1.5111554928801229e-06,2.3741950124647035e-05,5.049740697974876e-06,2.4838750952462498e-05
814.2857142857143,2.7,1943.5750787838722,-1.4228674938976854e-05,-4.264962772117541,0.006624372065448372,1.492925129096198e-06,2.1932021408856576e-05,4.8627654525177505e-06,2.303335329933595e-05
814.2857142857143,2.8000000000000003,1944.6282185349623,-1.4509540624908386e-05,-3.959914343977288,0.00588149429196392,1.5215780278732969e-06,2.0352741327480076e-05,4.315212307941374e-06,2.1302380002324614e-05
814.2857142857143,2.9000000000000004,1945.6417591426127,-2.9045462483918564e-05,-3.6831313935181234,0.006208435743536714,3.0443511456338387e-06,1.892066397827149e-05,4.552823671239928e-06,2.0216725898111877e-05
814.2857142857143,3.0000000000000004,1946.618468436328,-1.4594652532059644e-05,-3.440521107609128,0.006524654336982397,1.5289537900257566e-06,1.7665795882503698e-05,4.782423103392514e-06,1.897791309217227e-05
814.2857142857143,3.1,1947.560772518967,-1.4316735699117107e-05,-3.2113850832729436,0.005805792264294498,1.4991201949752466e-06,1.648156500489614e-05,4.253544954396999e-06,1.7608936246342425e-05
814.2857142857143,3.2,1948.4709627507734,-1.4255936239646888e-05,-3.2940173007091285,0.0056380781526058875,1.492063268197062e-06,1.6898044582612053e-05,4.128824456396575e-06,1.7940583778008015e-05
814.2857142857143,3.3000000000000003,1949.3482128095727,1.3609468343679525e-05,-2.2569637322476406,0.0054823681109496675,1.4237654395957034e-06,1.1572968843812745e-05,4.013059892208452e-06,1.2968038220322759e-05
814.2857142857143,3.4000000000000004,1950.2028932310495,-1.442614747986683e-05,-2.9418805102523033,0.005326600558248631,1.5085502333226796e-06,1.5078616384612695e-05,3.8974059021394705e-06,1.612513384170288e-05
814.2857142857143,3.5000000000000004,1951.0281548474238,-1.4385932867594436e-05,-2.5032623520246484,0.005617693176094465,1.503714880835733e-06,1.2825217487100013e-05,4.108731657683267e-06,1.4160180567491369e-05
814.2857142857143,3.6,1951.8283838402779,-2.8366744051527384e-05,-2.362738467877534,0.005044278635881485,2.963884072708034e-06,1.2100442667541823e-05,3.687883333725614e-06,1.3505787223011523e-05
814.2857142857143,3.7,1952.6049854484531,-1.4326671025901322e-05,-2.2327959282392835,0.004432394198829572,1.4963230089279212e-06,1.143054416559843e-05,3.239294323150897e-06,1.240493361097667e-05
814.2857142857143,3.8000000000000003,1953.359259097346,-1.5510378960061664e-05,-2.113939230071082,0.004779273372071204,1.6193338750199615e-06,1.0818010638907348e-05,3.491504022614956e-06,1.2001366466455916e-05
814.2857142857143,3.9000000000000004,1954.0923933539382,-1.4358178423572116e-05,-2.0034850901538444,0.00417146545937044,1.4984835506071803e-06,1.024902527425117e-05,3.0463685564970856e-06,1.1218230465974028e-05
814.2857142857143,4.0,1954.8054927596288,-2.9266055233097214e-05,-1.9021886874043044,0.004561397639582767,3.053232946659525e-06,9.727379725956423e-06,3.3299605770980533e-06,1.1230379452608433e-05
814.2857142857143,4.1,1955.4995702784454,-1.4468292916831178e-05,-1.8072239958200949,0.005002045381002065,1.5088998353383674e-06,9.238557205199882e-06,3.6503978339078583e-06,1.0690113499791906e-05
814.2857142857143,4.2,1956.1755755573038,-1.494326842664579e-05,-1.727348576605436,0.004343789920977771,1.5579019764112007e-06,8.82726028523238e-06,3.1689587351447494e-06,1.0021585784767159e-05
814.2857142857143,4.3,1956.834307350396,-1.3676043356917961e-05,-1.624483666614651,0.004237516436273838,1.4253128471595817e-06,8.298865515746305e-06,3.0904238545214987e-06,9.487050372055183e-06
814.2857142857143,4.3999999999999995,1957.4767943068223,-1.4351966894741981e-05,-1.5690611700392763,0.004161590620827839,1.4952714307283116e-06,8.01316731928968e-06,3.0340893458222e-06,9.211844736823782e-06
814.2857142857143,4.5,1958.103590651548,-1.4504660873694792e-05,-1.492415910661293,0.004065666292825655,1.5107011110260506e-06,7.619360437883884e-06,2.963237201913255e-06,8.82600820070154e-06
814.2857142857143,4.6,1958.7154628371673,-1.4505757144070248e-05,-1.4114364416172973,0.003983076552032118,1.5103480890021536e-06,7.203730504829775e-06,2.902165632144462e-06,8.427337376002483e-06
814.2857142857143,4.7,1959.3132206583703,-1.5963898757718218e-05,-1.392662190141891,0.0039096513078618516,1.6616688031569287e-06,7.105792566103756e-06,2.8478260800368025e-06,8.335085960453913e-06
814.2857142857143,4.8,1959.8970518576718,-1.4732013616117018e-05,-1.2916426941046664,0.0038219727667979002,1.532990660576313e-06,6.588440699314e-06,2.783157635500525e-06,7.82620879237713e-06
814.2857142857143,4.9,1960.4679666300324,-1.4462110076874541e-05,-1.2517095935891118,0.003716576971226006,1.504471065517474e-06,6.3829309813068e-06,2.7056457099556294e-06,7.592514637108583e-06
814.2857142857143,5.0,1961.026364306457,nan,nan,nan,nan,nan,nan,nan
828.5714285714286,0.1,1837.4219871018413,nan,nan,nan,nan,nan,nan,nan
828.5714285714286,0.2,1860.4298777812635,-1.5568415614166062e-05,-971.9355728843082,0.08141887750743425,1.7058753210875754e-06,0.005187201909742919,6.200960699052258e-05,0.005187943421546676
828.5714285714286,0.30000000000000004,1873.7184127318426,-3.0137411743476187e-05,-395.5661825879815,0.05363193297413889,3.279002741548093e-06,0.0021006660071292253,4.06458919534314e-05,0.0021014548775628284
828.5714285714286,0.4,1883.0512858565419,-1.4838660982695746e-05,-215.64267162964367,0.04095067736470243,1.6065338518353988e-06,0.001140829054344961,3.091830763079838e-05,0.001141667813193549
828.5714285714286,0.5,1890.2277322649447,-1.5581583400444306e-05,-135.76095274001997,0.03264661465112228,1.6806147574605709e-06,0.0007160211935151571,2.457360707664512e-05,0.0007168660253899244
828.5714285714286,0.6,1896.0465691459474,-1.4690241934454224e-05,-93.57621407798432,0.027483916536010622,1.57965288510604e-06,0.0004922655311255053,2.0634835245191942e-05,0.0004931322756509714
828.5714285714286,0.7000000000000001,1900.9296438861702,1.3927463112872846e-05,-67.68643658974723,0.023731629482904294,1.4938134367789093e-06,0.00035528404149435665,1.7778626903875486e-05,0.00035617571614067413
828.5714285714286,0.8,1905.1358542604955,1.1332017999552604e-05,-51.86683984948103,0.02086765821121049,1.2127739854356437e-06,0.0002717215220210951,1.5603151294006623e-05,0.00027261873195143346
828.5714285714286,0.9,1908.823396236326,-1.4716529896850278e-05,-40.64001455110428,0.018596346171602825,1.571976255444815e-06,0.00021254075675274507,1.3881212365463276e-05,0.00021345121340448598
828.5714285714286,1.0,1912.1045380666455,-4.3420955857050155e-05,-32.79488888472314,0.01696125595221361,4.630214557827757e-06,0.00017124752091655942,1.2641329624803013e-05,0.00017224040970772458
828.5714285714286,1.1,1915.0577310081178,-1.4309837846644785e-05,-26.993949858979246,0.015557777295504146,1.5236016012575102e-06,0.00014075910186957244,1.1579226580026057e-05,0.00014171662957236596
828.5714285714286,1.2000000000000002,1917.7409844510003,-1.4749176631630707e-05,-22.892492804271566,0.014209739157513473,1.5682010431421255e-06,0.00011921960568122074,1.056250438307655e-05,0.00012016200161025321
828.5714285714286,1.3000000000000003,1920.19531296584,1.2659329737812201e-05,-18.601641521217967,0.01321896017512359,1.3442915490188439e-06,9.675939392915437e-05,9.814554372750504e-06,9.775908340598019e-05
828.5714285714286,1.4000000000000001,1922.4636250654676,-1.5316526393485238e-05,-16.788510758465232,0.012426340339339963,1.6245591732204404e-06,8.723279820444009e-05,9.216087470583378e-06,8.821605756105149e-05
828.5714285714286,1.5000000000000002,1924.5640520575105,-1.5781091992357708e-05,-14.324406208493198,0.011607868636428981,1.6720234162869342e-06,7.435374159572333e-05,8.600394305821942e-06,7.536052093781888e-05
828.5714285714286,1.6,1926.5212349874685,-1.5578711042576305e-05,-12.555100300005504,0.01133472889401333,1.64891914440741e-06,6.510789863939698e-05,8.390129051631863e-06,6.620080007514154e-05
828.5714285714286,1.7000000000000002,1928.3528669144264,-2.8473845798612307e-05,-11.08882076678128,0.010254231953149433,3.010964205426618e-06,5.745283861551996e-05,7.583613394128459e-06,5.852279004499488e-05
828.5714285714286,1.8000000000000003,1930.0736106337165,-1.507589583432038e-05,-9.871064904973535,0.009251677817962904,1.5927885899764359e-06,5.110051853741371e-05,6.836472309689093e-06,5.2031477756904164e-05
828.5714285714286,1.9000000000000001,1931.6956437039569,-1.495624770307133e-05,-8.832454918092479,0.009251364202538075,1.5788329006871012e-06,4.56875688749859e-05,6.830866971630234e-06,4.6724384963347456e-05
828.5714285714286,2.0,1933.2293522250163,-1.4927482835810242e-05,-7.953254891526738,0.008820773035876077,1.5745577353374683e-06,4.110881586373974e-05,6.5080843327903985e-06,4.2155952096307764e-05
828.5714285714286,2.1,1934.6835281971605,-1.5117696337438265e-05,-7.198209746115934,0.008415723685737933,1.5934340817879009e-06,3.717957331744353e-05,6.204841641822861e-06,3.823427551086015e-05
828.5714285714286,2.2,1936.0657220718435,-1.4949802250180274e-05,-6.543316796251019,0.008044971373993806,1.5746231866995291e-06,3.377400618832217e-05,5.9274953117730065e-06,3.4834370003361594e-05
828.5714285714286,2.3000000000000003,1937.382482778564,-1.4965965746455386e-05,-5.973795268982939,0.007720678162132803,1.575264271560742e-06,3.081436879798745e-05,5.684903729373362e-06,3.188484032840881e-05
828.5714285714286,2.4000000000000004,1938.6395055325947,-1.5005871264247634e-05,-5.4755633367449255,0.007388340762594228,1.5784500443611702e-06,2.8226855478298176e-05,5.436856446745605e-06,2.9297878605460736e-05
828.5714285714286,2.5000000000000004,1939.841772653258,-1.5753234880048713e-05,-5.035039106223848,0.007129624548889527,1.6560469947907755e-06,2.594052280419698e-05,5.243390744260924e-06,2.7030344207908663e-05
828.5714285714286,2.6,1940.993689382859,-1.4971543912975013e-05,-4.64699356937217,0.0069020840439975506,1.5729470794166074e-06,2.3927684652186622e-05,5.0731871233002655e-06,2.5029636643490686e-05
828.5714285714286,2.7,1942.0991361767663,-1.497181400395677e-05,-4.304943156239459,0.006633580879457671,1.5720886108589746e-06,2.2154324701965454e-05,4.873190681481708e-06,2.3254710069933564e-05
828.5714285714286,2.8000000000000003,1943.1615335391111,-1.4598537524716466e-05,-4.282201364003412,0.0063996225455582615,1.5320632211311025e-06,2.2025732810731198e-05,4.698870117926969e-06,2.3057295685608003e-05
828.5714285714286,2.9000000000000004,1944.181108887816,1.4352564641626504e-05,-3.1171093093917075,0.0061933722325477475,1.505464616524523e-06,1.6024872322589543e-05,4.545150866174857e-06,1.7331467031370537e-05
828.5714285714286,3.0000000000000004,1945.169513143427,-1.4935203925256264e-05,-3.7650334028739953,0.0059970650257412245,1.5657926041979298e-06,1.9346355241200657e-05,4.39895682432444e-06,2.0382217982413843e-05
828.5714285714286,3.1,1946.120267065009,-1.5148662857927794e-05,-3.2390987933922584,0.005812815892767278,1.5874030182678576e-06,1.6636027367338326e-05,4.261814962964582e-06,1.7765229761146724e-05
828.5714285714286,3.2,1947.0386299986574,-1.5077258620431185e-05,-3.032716931170398,0.006137608581974522,1.579182658614558e-06,1.5568948176919674e-05,4.497919972607852e-06,1.689226252947925e-05
828.5714285714286,3.3000000000000003,1947.926665762994,-2.9088014878402682e-05,-2.849450800249542,0.005474907719963087,3.0452894603499218e-06,1.4621669580717026e-05,4.010504122392244e-06,1.5976085122971593e-05
828.5714285714286,3.4000000000000004,1948.786207019328,-1.5115938327835484e-05,-2.677828967216555,0.0048239119231539025,1.5818279132571081e-06,1.3735140088608179e-05,3.5321390571637524e-06,1.4700621260311897e-05
828.5714285714286,3.5000000000000004,1949.61896998599,-1.5167895449781118e-05,-2.5407282018022666,0.005175541926655571,1.5865936427474782e-06,1.3026527423068205e-05,3.788054003624279e-06,1.4174145560135275e-05
828.5714285714286,3.6,1950.4263256706338,-1.3555576740463965e-05,-2.3462496457796074,0.005058694599563298,1.4173603866261474e-06,1.2024586705741167e-05,3.7010591618175947e-06,1.3190726808937109e-05
828.5714285714286,3.7,1951.2102188588199,-1.4823510308383465e-05,-2.2935261889870158,0.004909506169610725,1.5493180689024925e-06,1.1749795367185898e-05,3.5905224344353487e-06,1.2893478210077296e-05
828.5714285714286,3.8000000000000003,1951.971176785116,-1.3052806650057407e-05,-2.0856095370618273,0.004202123455974063,1.3637215373681009e-06,1.068058324802618e-05,3.0720315625562456e-06,1.1610742904404636e-05
828.5714285714286,3.9000000000000004,1952.7112786160417,-3.095220056143265e-05,-2.345516726336427,0.004667242726071665,3.232588001604298e-06,1.2007183351802354e-05,3.410819968211368e-06,1.3337520869450007e-05
828.5714285714286,4.0,1953.427925279704,1.458463309061246e-05,-1.3095074305510932,0.0051181795683135104,1.5226352411032678e-06,6.701224795013313e-06,3.7390369237205242e-06,8.67096454061725e-06
828.5714285714286,4.1,1954.1314768690606,-1.5252192063712774e-05,-2.1267313949238082,0.0038844114689879933,1.5917632022068627e-06,1.0879457865483255e-05,2.8367388442780714e-06,1.170429357458183e-05
828.5714285714286,4.2,1954.8137611444681,-3.1031903252232986e-05,-1.7339808726774204,0.00435949874575954,3.2374606651774045e-06,8.867296113743653e-06,3.182617622601747e-06,1.0457925310059094e-05
828.5714285714286,4.3,1955.4787056111488,-1.560459452973648e-05,-1.6502657133969476,0.004814717788656255,1.6274301388499725e-06,8.436392877492399e-06,3.513793006136053e-06,9.925458992922341e-06
828.5714285714286,4.3999999999999995,1956.1271474206956,-1.54615669174291e-05,-1.579461183268904,0.004124747121693419,1.6119842794871433e-06,8.071819482456799e-06,3.0092871062928584e-06,9.266303516013476e-06
828.5714285714286,4.5,1956.7597946184096,-1.5807594988723414e-05,-1.5025368557644467,0.00406705678136632,1.647532750064348e-06,7.676275628495772e-06,2.966271123331916e-06,8.901522366505537e-06
828.5714285714286,4.6,1957.377416447566,-1.5268842988962225e-05,-1.4382334595438804,0.003976934369740094,1.5908846716291545e-06,7.34549371148839e-06,2.8996562438369966e-06,8.5617290642011e-06
828.5714285714286,4.7,1957.980655942127,-1.4520338208876656e-05,-1.374262370427459,0.0039015568959939644,1.5124352232699315e-06,7.016661458123845e-06,2.843849733474452e-06,8.22775552235685e-06
828.5714285714286,4.8,1958.5701528129837,-1.5269230049216295e-05,-1.3174604117466513,0.0038484595632610327,1.5899658580768848e-06,6.724665197343351e-06,2.8043301240660863e-06,7.967286133665595e-06
828.5714285714286,4.9,1959.146475079723,-1.528049658875263e-05,-1.276870415927078,0.003747730569193665,1.5906756675768038e-06,6.515608928182608e-06,2.730152388862596e-06,7.738919363661705e-06
828.5714285714286,5.0,1959.7100286423029,nan,nan,nan,nan,nan,nan,nan
842.8571428571429,0.1,1835.1826701471696,nan,nan,nan,nan,nan,nan,nan
842.8571428571429,0.2,1858.3361250025487,-1.6712787761480307e-05,-977.9261753951457,0.08206687479312226,1.8333252186933607e-06,0.005224773117593193,6.256991005957615e-05,0.0052255226990891145
842.8571428571429,0.30000000000000004,1871.7103181039763,1.3921332119002745e-05,-397.3669568606737,0.05367864214987892,1.5162834331170014e-06,0.002112405861820007,4.072314709418332e-05,0.0021131913244156306
842.8571428571429,0.4,1881.1108416367972,-1.613468547222967e-05,-217.32403086054998,0.040462032203521424,1.7486475160013843e-06,0.0011508745600131635,3.057986197177735e-05,0.0011516881377222107
842.8571428571429,0.5,1888.3381248610126,-1.4316560737097478e-05,-136.59919723640994,0.03266263398843422,1.5457116829529382e-06,0.0007211447542135175,2.4609577874862553e-05,0.0007219857397488121
842.8571428571429,0.6,1894.199416112864,-1.5834563075736714e-05,-93.91342794647242,0.02797320615214859,1.7043587100815967e-06,0.0004945098264241386,2.102219995517673e-05,0.0004954056308224153
842.8571428571429,0.7000000000000001,1899.1215730852505,-3.0125497998551546e-05,-68.45688419132328,0.02419549361761143,3.2342390134240406e-06,0.00035966351273187007,1.8143058304741686e-05,0.00036059207398655133
842.8571428571429,0.8,1903.3591612157238,-2.8868627237943692e-05,-52.47248866169229,0.020354163261180256,3.0924600815195213e-06,0.00027514686382420074,1.5233141077761792e-05,0.0002760062628924189
842.8571428571429,0.9,1907.0720244595802,-1.5859363589675032e-05,-40.94973020783072,0.018164368998708377,1.6956020240537096e-06,0.00021435436414006274,1.3570962284217401e-05,0.00021521851808511714
842.8571428571429,1.0,1910.3753904013583,1.3788985777614488e-05,-32.38948812836497,0.016948325831765493,1.4717180332466313e-06,0.00016928113430886817,1.2642905565376209e-05,0.00017022912356332124
842.8571428571429,1.1,1913.3548614618528,-1.662809901242783e-05,-27.51192526036447,0.01552185761812553,1.77200380929855e-06,0.00014358598664294692,1.1562605425547474e-05,0.00014452495717412443
842.8571428571429,1.2000000000000002,1916.0592132697436,-1.588854441440619e-05,-22.777044744771043,0.01420127184611602,1.690822749716093e-06,0.00011872097882417411,1.0565347739237023e-05,0.00011966947330143538
842.8571428571429,1.3000000000000003,1918.5357946301867,-4.3834351316013506e-05,-19.281154160853472,0.013238236498807515,4.658789615022372e-06,0.0001003798301397674,9.837255790066692e-06,0.00010144632976369327
842.8571428571429,1.4000000000000001,1920.8195644490213,-1.4781457589401744e-05,-16.619880030771125,0.012411739289132135,1.569144902668501e-06,8.642965869360116e-05,9.213024689085155e-06,8.742029378503222e-05
842.8571428571429,1.5000000000000002,1922.9371354675482,-1.5802758991662833e-05,-14.439352962722293,0.011560891887842222,1.6757316297130018e-06,7.501312069207556e-05,8.572736983032542e-06,7.600499977777267e-05
842.8571428571429,1.6,1924.9103129564478,-1.5834621900739895e-05,-12.645036014600917,0.010877305321042745,1.6774045524434273e-06,6.562859640072604e-05,8.05817641993798e-06,6.663178495276588e-05
842.8571428571429,1.7000000000000002,1926.7570400852014,-1.591786522858458e-05,-11.172949800447894,0.010270905902831378,1.6846210981079169e-06,5.793619876015049e-05,7.6021570563378254e-06,5.894935672963962e-05
842.8571428571429,1.8000000000000003,1928.4920377159506,-1.5870566517901372e-05,-9.940576002918531,0.009149291296654387,1.6781179268281203e-06,5.1502169341243355e-05,6.766291667467674e-06,5.241044678772481e-05
842.8571428571429,1.9000000000000001,1930.1276295866705,-3.2302285920764045e-05,-8.899453680646728,0.009256049859038743,3.4127028606302634e-06,4.607119335455423e-05,6.839813576612959e-06,4.7199231958299004e-05
842.8571428571429,2.0,1931.674226920584,-1.5887781134392774e-05,-8.012444029986908,0.009399614248684433,1.6771958843939494e-06,4.144780579477231e-05,6.940680560699456e-06,4.2627217649374344e-05
842.8571428571429,2.1,1933.1406998141977,-1.593328332776311e-05,-7.2533293074911835,0.008411408997460516,1.6807350802659637e-06,3.749392313639609e-05,6.20655509304804e-06,3.85442835555948e-05
842.8571428571429,2.2,1934.5346394147364,-1.5986272991790447e-05,-6.592350446339878,0.00804817399518925,1.6851208381039987e-06,3.4053812792831474e-05,5.934497459277912e-06,3.511322141525293e-05
842.8571428571429,2.3000000000000003,1935.8626555108117,-1.5995340525273623e-05,-6.019537226416104,0.007721309987340422,1.6849306929614761e-06,3.107450582325682e-05,5.689785443646673e-06,3.214360310215973e-05
842.8571428571429,2.4000000000000004,1937.1304762346228,-1.5912512871909732e-05,-5.532236147746516,0.0074126633291314225,1.6751188641541825e-06,2.854105914303863e-05,5.4589602053637e-06,2.9614161701168638e-05
842.8571428571429,2.5000000000000004,1938.3429745969565,-1.452703952863887e-05,-5.043901575822928,0.007130836281913847,1.5283215293199624e-06,2.6006127788012642e-05,5.248295772358524e-06,2.7087703229541978e-05
842.8571428571429,2.6,1939.505033943532,-1.5912911698501395e-05,-4.695519269284886,0.006869710240675889,1.6731290871567516e-06,2.4195973117584863e-05,5.0532290497352254e-06,2.528467369192957e-05
842.8571428571429,2.7,1940.6201380974146,-1.6214926897737333e-05,-4.337300140969091,0.006043523649572083,1.7039134063746753e-06,2.233773653615119e-05,4.44307128597275e-06,2.3267134747523133e-05
842.8571428571429,2.8000000000000003,1941.6918692498875,-3.280752052355642e-05,-4.0212674516396865,0.00694675581158322,3.445628289868284e-06,2.069912514072758e-05,5.104430255146021e-06,2.219091148111635e-05
842.8571428571429,2.9000000000000004,1942.723387727844,-3.0219574094621786e-05,-3.7396356075760186,0.006773174641114113,3.1721633293919774e-06,1.9239604462199566e-05,4.974355040853811e-06,2.0729530052443642e-05
842.8571428571429,3.0000000000000004,1943.7175098497248,-1.6236386683158365e-05,-3.4961924402978175,0.005450005355510259,1.7034753425322948e-06,1.7978271113896564e-05,4.000637611253625e-06,1.892432992421495e-05
842.8571428571429,3.1,1944.6766700472026,-1.6036017361534523e-05,-3.260998969426509,0.005220380175057928,1.6816312227868471e-06,1.6760863342933462e-05,3.830271186953085e-06,1.769452961514231e-05
842.8571428571429,3.2,1945.6032202549861,-3.2682532083845256e-05,-3.058807592151424,0.0056372770382552085,3.4256662421288407e-06,1.5714404710926388e-05,4.134269042740749e-06,1.7113213189134752e-05
842.8571428571429,3.3000000000000003,1946.4991823868481,-1.61059485652004e-05,-2.8708596476690214,0.006065609293312948,1.6873983689344113e-06,1.4742267272925656e-05,4.4464375322922565e-06,1.611593531443372e-05
842.8571428571429,3.4000000000000004,1947.3664359222334,-1.6104208322644827e-05,-2.699982193007599,0.0053219731409967636,1.6864718742530453e-06,1.3858807730059133e-05,3.899643412326435e-06,1.5010835305471686e-05
842.8571428571429,3.5000000000000004,1948.2066896356887,-1.6080353894221862e-05,-2.5442292386969707,0.005202875343832149,1.6832544855651395e-06,1.3053879792077683e-05,3.81079713947242e-06,1.422256914082725e-05
842.8571428571429,3.6,1949.021501056757,-1.6899234229072155e-05,-2.3885414824007962,0.0050328444166041235,1.7682407516057783e-06,1.2250109032275746e-05,3.684778640720159e-06,1.3429334827924211e-05
842.8571428571429,3.7,1949.8124270630012,-1.714854415847642e-05,-2.292243445117492,0.004916783689719753,1.793606273511527e-06,1.1751596648447394e-05,3.5984018530274036e-06,1.2931126750748446e-05
842.8571428571429,3.8000000000000003,1950.5804306347943,-1.719823375642593e-05,-2.4587104066995376,0.0047870382340534,1.798102177687418e-06,1.260021708006298e-05,3.5021183743530673e-06,1.365753667840866e-05
842.8571428571429,3.9000000000000004,1951.3238471025204,1.535775988079424e-05,-1.392931473469616,0.005160035675203292,1.6050691900481652e-06,7.1357244652378446e-06,3.7736122436916657e-06,9.054010684780258e-06
842.8571428571429,4.0,1952.0533342555118,-3.103747092141024e-05,-2.2550641085217644,0.004554406022242576,3.2425960830657932e-06,1.1548084740763104e-05,3.3295069418327347e-06,1.2885803175944602e-05
842.8571428571429,4.1,1952.760270767418,-1.6127907906911808e-05,-2.1593589171743583,0.003894284101272662,1.6843338413412797e-06,1.1054103078381723e-05,2.8459299358323577e-06,1.18839728102983e-05
842.8571428571429,4.2,1953.4456136901524,1.485549912540593e-05,-1.1037352113817176,0.003750035677205689,1.5509070867262557e-06,5.648247072775613e-06,2.739581775657977e-06,7.02272200772682e-06
842.8571428571429,4.3,1954.119919260773,-3.2840471360395937e-05,-1.9879718644688178,0.004266411538407057,3.4273638434897013e-06,1.0169827885449123e-05,3.1157860235886783e-06,1.1601226970665654e-05
842.8571428571429,4.3999999999999995,1954.774345112749,-1.6067412216375506e-05,-1.599841924735301,0.004751367776998452,1.6763039774543024e-06,8.181607214586675e-06,3.4688306002212194e-06,9.685776329477574e-06
842.8571428571429,4.5,1955.4127725454775,-1.5092092552868072e-05,-1.4946010647236105,0.0040707771587392486,1.5740403583573515e-06,7.640968114430454e-06,2.9710141192956027e-06,8.860916801865836e-06
842.8571428571429,4.6,1956.0362539675589,-1.6155965578400375e-05,-1.4607498084842516,0.0039830143427366255,1.6844660639390423e-06,7.465583756919319e-06,2.9060657327515145e-06,8.686932878656601e-06
842.8571428571429,4.7,1956.6451278915554,-1.6209110088811958e-05,-1.3864216654155823,0.0039007831800745426,1.6894863801329213e-06,7.083554229152568e-06,2.845212050282167e-06,8.319949997935177e-06
842.8571428571429,4.8,1957.2401375988977,-1.6177242563890124e-05,-1.328224551821222,0.0038430974719858586,1.6856572992913018e-06,6.784195107454412e-06,2.8023117799146045e-06,8.035710697278665e-06
842.8571428571429,4.9,1957.8218650607218,-1.5599090264640856e-05,-1.272687161053909,0.0037395088583082286,1.6249360880384557e-06,6.498637138153164e-06,2.725992842711515e-06,7.728827589008704e-06
842.8571428571429,5.0,1958.3908656509354,nan,nan,nan,nan,nan,nan,nan
857.1428571428572,0.1,1832.9396853640499,nan,nan,nan,nan,nan,nan,nan
857.1428571428572,0.2,1856.2389614508213,-3.553767564731065e-05,-983.3172973295175,0.08272964160194082,3.902731464571909e-06,0.00525921074914916,6.314289190231492e-05,0.00525997024562635
857.1428571428572,0.30000000000000004,1869.7050645642976,-3.2955265190526045e-05,-400.4063053674826,0.054345024642532304,3.593272024813152e-06,0.0021307647647843342,4.1271225369037375e-05,0.0021315670344929827
857.1428571428572,0.4,1879.167104624099,-1.7457068142266527e-05,-218.35489739091824,0.03998132529879969,1.8939165566179682e-06,0.0011574937431934643,3.0246796506578593e-05,0.001158285409495329
857.1428571428572,0.5,1886.4455957099913,-1.8177165666634232e-05,-137.50552595879523,0.03267437698880259,1.9644922683139277e-06,0.0007266393443664141,2.464243258419095e-05,0.0007274772126867323
857.1428571428572,0.6,1892.3490315362956,-1.742838652844514e-05,-94.51131390851513,0.02744317377669746,1.8777397706798618e-06,0.0004981339143503953,2.0643509358392597e-05,0.0004989922158610828
857.1428571428572,0.7000000000000001,1897.3073542235147,-1.7209134917811773e-05,-68.91002963609479,0.02314212810523487,1.8493120189605536e-06,0.00036238366881224634,1.7369387597011377e-05,0.0003632199535099328
857.1428571428572,0.8,1901.576576614373,-3.3888556712781836e-05,-52.83829272109414,0.020866820866871204,3.633592714988652e-06,0.00027732015818056474,1.5631157981029934e-05,0.00027822354201067833
857.1428571428572,0.9,1905.3174160780202,-1.712085636734175e-05,-40.91987268661796,0.0198099531828234,1.8321554063254597e-06,0.00021439181048246773,1.4813807412151329e-05,0.00021542075799576955
857.1428571428572,1.0,1908.6490568148013,-3.0469812573119308e-05,-33.20991255889111,0.016934090882898552,3.255029942177239e-06,0.00017372393956836723,1.2643529379415693e-05,0.00017467203573959535
857.1428571428572,1.1,1911.6485984259934,-1.675069951286334e-05,-27.394050878319828,0.014941964035722328,1.78665765223193e-06,0.00014309663641031223,1.1140398355303696e-05,0.0001439724155820867
857.1428571428572,1.2000000000000002,1914.3741995284024,-1.702930268838829e-05,-23.247012226079274,0.014331960586451947,1.8138102786806616e-06,0.00012127606254268926,1.0671799539275019e-05,0.00012222498870688542
857.1428571428572,1.3000000000000003,1916.8673305085506,1.4114837520128293e-05,-18.797428012157976,0.013262484462376285,1.5014466208047578e-06,9.794548503297224e-05,9.863709598490033e-06,9.894522683983298e-05
857.1428571428572,1.4000000000000001,1919.1724872085772,-1.745744653346721e-05,-17.065008387339727,0.01229227191215046,1.8548041973559687e-06,8.881979008137869e-05,9.132065797699383e-06,8.977296174337643e-05
857.1428571428572,1.5000000000000002,1921.3069938247304,-1.7261841359709272e-05,-14.53410709464151,0.011535415279416844,1.8320020464065004e-06,7.556874183850509e-05,8.56100389403132e-06,7.6554376425518e-05
857.1428571428572,1.6,1923.2961593699372,-1.7117627258039667e-05,-12.73602030917118,0.010879197547143353,1.8148343299183702e-06,6.615571575227137e-05,8.066253532903194e-06,6.71565428119593e-05
857.1428571428572,1.7000000000000002,1925.1579647120523,-1.7093752791970494e-05,-11.254414710879244,0.00965428456629525,1.810566099085796e-06,5.840662466549952e-05,7.151616301741199e-06,5.9303483758294976e-05
857.1428571428572,1.8000000000000003,1926.9072259070585,-3.434708006388978e-05,-10.346393592976709,0.009732903746345304,3.634761274205727e-06,5.364847877498788e-05,7.203745491194401e-06,5.472804274405031e-05
857.1428571428572,1.9000000000000001,1928.553023166135,1.5631816491554692e-05,-8.296121337298244,0.009247735807980466,1.6528267778917227e-06,4.298250438026016e-05,6.8391714141770455e-06,4.408827565716075e-05
857.1428571428572,2.0,1930.1158592118386,-3.456265887703016e-05,-8.407551678237722,0.008812788370727279,3.651549393864288e-06,4.3526481137983834e-05,6.512561487985632e-06,4.463983968945991e-05
857.1428571428572,2.1,1931.5946197407598,-1.7168310684246554e-05,-7.3086016743900455,0.009031320193838614,1.8124582833897122e-06,3.7809625255202895e-05,6.669245268774966e-06,3.9010388768609564e-05
857.1428571428572,2.2,1933.000294252937,-1.7106653521045722e-05,-6.640487726417631,0.008047264236671485,1.804647851051889e-06,3.4329483046248837e-05,5.9384852194693e-06,3.538787042890124e-05
857.1428571428572,2.3000000000000003,1934.33956388785,-1.713172672523344e-05,-6.063403771872799,0.007730106139638341,1.8060531052132753e-06,3.132541207499454e-05,5.700704679623447e-06,3.239659453053091e-05
857.1428571428572,2.4000000000000004,1935.6181994850444,-1.6934121376584718e-05,-5.562324352831637,0.006816691499221864,1.7840528454212036e-06,2.8718535721114332e-05,5.023946144102261e-06,2.963810399195359e-05
857.1428571428572,2.5000000000000004,1936.8412118387105,-3.528723895933585e-05,-5.109322117118608,0.007116520473795166,3.715275074132522e-06,2.6363712585157515e-05,5.241779547762374e-06,2.763695199916125e-05
857.1428571428572,2.6,1938.0131309712053,-1.7334565177316128e-05,-4.721925439184814,0.007460781476487458,1.8240047335812024e-06,2.4350643693629014e-05,5.492192440388824e-06,2.56243867666473e-05
857.1428571428572,2.7,1939.1378308493083,-1.704935698751344e-05,-4.702117909914704,0.006625697181635817,1.7929632602431314e-06,2.4235028978865197e-05,4.8747599132234e-06,2.526020418132358e-05
857.1428571428572,2.8000000000000003,1940.2155095483122,1.5860902545523477e-05,-3.3688939463218044,0.005782441976253952,1.6670610502643787e-06,1.7354165929505914e-05,4.252088303888649e-06,1.8441981388730056e-05
857.1428571428572,2.9000000000000004,1941.2594993078528,-3.564549717984851e-05,-4.129605967341376,0.006189003974981236,3.7445327045255403e-06,2.1261835720266023e-05,4.548723878428584e-06,2.2527071740801426e-05
857.1428571428572,3.0000000000000004,1942.26219300772,-1.7067009946595157e-05,-3.5086334795551,0.006617316387286113,1.7919596015145522e-06,1.805567966733528e-05,4.861121270336927e-06,1.940308448347141e-05
857.1428571428572,3.1,1943.2298003727917,-1.7144345023211848e-05,-3.6267131055410564,0.005812852223743906,1.799191596729305e-06,1.8654385327386465e-05,4.268123386566003e-06,1.9689005480984967e-05
857.1428571428572,3.2,1944.161140606808,1.5968352817299112e-05,-2.406875840051725,0.005620966941080499,1.6749805303608675e-06,1.2374247739054498e-05,4.125330668326097e-06,1.3782752741402821e-05
857.1428571428572,3.3000000000000003,1945.0684120824237,-1.753109654043785e-05,-3.230530602763792,0.005473683643083407,1.8380561556588092e-06,1.6601359725408304e-05,4.015447692485539e-06,1.7641746951646795e-05
857.1428571428572,3.4000000000000004,1945.9433782520118,-1.718388915032849e-05,-2.721684108882982,0.0053344044835341746,1.8008506711616678e-06,1.3980360144056723e-05,3.911585908292554e-06,1.5142474749302338e-05
857.1428571428572,3.5000000000000004,1946.791127580511,-1.720861362036887e-05,-2.5649289442299046,0.0051754630082598415,1.8026639483500146e-06,1.3169601170581691e-05,3.793451523864455e-06,1.4334173894253083e-05
857.1428571428572,3.6,1947.613227619568,-1.7156408639925778e-05,-2.419209433196556,0.005016082016101111,1.7964439508752108e-06,1.2416319066539886e-05,3.675138875982492e-06,1.357959798912596e-05
857.1428571428572,3.7,1948.411135564293,-1.6609770570198656e-05,-2.2868868169325647,0.004908447596056933,1.7385000982196415e-06,1.1732521226988181e-05,3.5948622698347517e-06,1.2904282483400651e-05
857.1428571428572,3.8000000000000003,1949.1861746408488,-1.7090819735130955e-05,-2.166389169497051,0.005366267051408615,1.7881458975724348e-06,1.1110032460702122e-05,3.9286640191016035e-06,1.254986410200633e-05
857.1428571428572,3.9000000000000004,1949.9395498257095,-3.289766772352327e-05,-2.051595698958408,0.004661825159985257,3.4406435146394233e-06,1.0517376928265434e-05,3.411664072739236e-06,1.2071957121216084e-05
857.1428571428572,4.0,1950.6724090535806,-1.7201476996251606e-05,-1.949502545335235,0.003990580020257541,1.7983655711835154e-06,9.990349279232365e-06,2.9193694104230914e-06,1.0958404672109211e-05
857.1428571428572,4.1,1951.3857732559984,-1.719912799139822e-05,-1.8639488064081884,0.005014514599338329,1.7974690356200764e-06,9.548524296750072e-06,3.667157270499417e-06,1.101368676115282e-05
857.1428571428572,4.2,1952.080497970352,-3.172799309722908e-05,-2.0791911320884533,0.003716728271609783,3.314707400456256e-06,1.0647478757812848e-05,2.717137144067383e-06,1.1794988663328872e-05
857.1428571428572,4.3,1952.754430773385,-1.4191718945994598e-06,-1.0099835332994187,0.0036808260183647705,1.482134818904865e-07,5.170339358684766e-06,2.6899897149381443e-06,6.420783881515161e-06
857.1428571428572,4.3999999999999995,1953.4182637410847,-1.720147631663169e-05,-1.942625512742779,0.004802395149812357,1.7958622075831854e-06,9.941469852099358e-06,3.5084993798016006e-06,1.1255091278393188e-05
857.1428571428572,4.5,1954.0626704536571,-1.773878426333797e-05,-1.528281451010116,0.0040556450344297465,1.8513533840887518e-06,7.818529015296635e-06,2.9619996095992664e-06,9.061114097634168e-06
857.1428571428572,4.6,1954.6917943517194,-1.7536622435272896e-05,-1.4626390448711388,0.003963807426032419,1.829670861443117e-06,7.4803576859576895e-06,2.8940260839690747e-06,8.720907092755147e-06
857.1428571428572,4.7,1955.306291859333,-1.715956039511186e-05,-1.3968460209071052,0.003914547741754861,1.7897732456047716e-06,7.141679787483652e-06,2.8571921003572964e-06,8.398450562712355e-06
857.1428571428572,4.8,1955.9068209067375,-1.712993772273423e-05,-1.3278400230319674,0.0038202380109794393,1.7861403874486069e-06,6.786833869511056e-06,2.7875277982241273e-06,8.049349905909296e-06
857.1428571428572,4.9,1956.4940715539117,-1.8409645127462704e-05,-1.3256842981718362,0.0037433524093103206,1.9190052482428127e-06,6.773828267077992e-06,2.7306327826632686e-06,8.029946532957676e-06
857.1428571428572,5.0,1957.0680653581041,nan,nan,nan,nan,nan,nan,nan
871.4285714285714,0.1,1830.6926966943336,nan,nan,nan,nan,nan,nan,nan
871.4285714285714,0.2,1854.1345453122271,1.4569400486448121e-05,-988.3308469826486,0.08232124912205453,1.6018126436300471e-06,0.005291719794203093,6.289857512231905e-05,0.005292467610450669
871.4285714285714,0.30000000000000004,1867.6930854602942,-1.938654038390271e-05,-403.18206639283284,0.05378844445033908,2.116075357566271e-06,0.0021477616277587024,4.0890793979935424e-05,0.002148541040220607
871.4285714285714,0.4,1877.219804944433,-1.9095452400006274e-05,-219.71674952480947,0.04052830843547214,2.0738076419348766e-06,0.001165884823957854,3.0691361368126444e-05,0.0011666943227506637
871.4285714285714,0.5,1884.5493569333237,-1.8849112080965848e-05,-138.38187760643447,0.03269139760671466,2.039156377629996e-06,0.0007319875006696606,2.467937774835655e-05,0.0007328219447228917
871.4285714285714,0.6,1890.49509014615,-1.8647556712289792e-05,-95.12000655479368,0.02748455535983113,2.0110580846415352e-06,0.0005018228819924739,2.0694406958704568e-05,0.0005026795860233408
871.4285714285714,0.7000000000000001,1895.4896232934284,-1.8658458502045528e-05,-69.70804596669494,0.023128230307332853,2.006975129996913e-06,0.0003669255720707443,1.7375229279118243e-05,0.00036775290695468236
871.4285714285714,0.8,1899.7870759810398,-2.5765248692096094e-06,-52.52150245109987,0.020872921262446206,2.765186573846532e-07,0.00027591208781697294,1.5650126690035298e-05,0.00027679849999036695
871.4285714285714,0.9,1903.5593136441403,-1.8575925976415442e-05,-41.504640809307595,0.019326898910861708,1.9896975009617153e-06,0.00021765316259351737,1.4465653331273623e-05,0.0002186215184644609
871.4285714285714,1.0,1906.9165048991476,-1.9520788623799513e-05,-33.47792741255943,0.016950234949803196,2.087253494190609e-06,0.00017528271253432087,1.2666878932037744e-05,0.0001762080746852884
871.4285714285714,1.1,1909.9389168800294,-1.8494048957563812e-05,-27.56184417455642,0.015458390053629508,1.9743668939641575e-06,0.00014410022527180507,1.153557876394699e-05,0.0001450341759822677
871.4285714285714,1.2000000000000002,1912.6857104191656,-1.8501370007129503e-05,-23.07569923016217,0.01485749903588954,1.9723363375370982e-06,0.00012048704146556851,1.1072753072101384e-05,0.00012151637335332821
871.4285714285714,1.3000000000000003,1915.2017469660002,-3.46445094063029e-05,-19.59362888921987,0.013230599681435256,3.6884702084347437e-06,0.00010218203728727363,9.848440832567273e-06,0.00010319281530378675
871.4285714285714,1.4000000000000001,1917.5218472239426,-1.8966000028399345e-05,-16.861812473962342,0.011752954045846314,2.0168131194520807e-06,8.783688462041081e-05,8.73880874070282e-06,8.872496487117547e-05
871.4285714285714,1.5000000000000002,1919.6733293571453,-1.8368730782981425e-05,-14.629910023950284,0.011565089755504238,1.9511304440176112e-06,7.613089249644665e-05,8.590230221740711e-06,7.711876433683376e-05
871.4285714285714,1.6,1921.6785123901086,-1.847493397337987e-05,-12.829460514672062,0.010883252817535554,1.9603817488410264e-06,6.66966000002744e-05,8.075962757360662e-06,6.769580413226764e-05
871.4285714285714,1.7000000000000002,1923.5554008179251,-1.8423271779738593e-05,-11.688475575147093,0.010275977910919214,1.9530092867898665e-06,6.0709406614046874e-05,7.618409566791653e-06,6.168895059375488e-05
871.4285714285714,1.8000000000000003,1925.3154044899902,1.616193248194124e-05,-9.380124982476444,0.010303188533509915,1.7117344952559733e-06,4.867781274522403e-05,7.632064343241582e-06,4.988944077578043e-05
871.4285714285714,1.9000000000000001,1926.9816069122305,-3.518086702265468e-05,-9.73714352301158,0.008592002141000425,3.7228786006342014e-06,5.0489441871264714e-05,6.359353359165672e-06,5.1419124028325706e-05
871.4285714285714,2.0,1928.5504378992407,-1.983031380359537e-06,-7.423295580338161,0.008236264286449572,2.0967667809915127e-07,3.846177390756841e-05,6.0913877671518e-06,3.941525118892257e-05
871.4285714285714,2.1,1930.0450359304475,-1.8523414206629264e-05,-7.717602429647739,0.009067260433300821,1.9570817680705483e-06,3.995729970278326e-05,6.701100475225681e-06,4.1112351717496004e-05
871.4285714285714,2.2,1931.4624579373578,-1.843271003140219e-05,-6.69039501399311,0.008051908427563606,1.9460822476919797e-06,3.461480803931356e-05,5.946591043183446e-06,3.567486596727516e-05
871.4285714285714,2.3000000000000003,1932.8129759941282,-1.842996082066295e-05,-6.102725857067525,0.007712913647202417,1.9444447935775724e-06,3.155327063508057e-05,5.692469759978175e-06,3.2622050476057464e-05
871.4285714285714,2.4000000000000004,1934.102466792328,-1.9086631964069078e-05,-5.9709987401902245,0.007414721827666429,2.0123963569425066e-06,3.0852577109616194e-05,5.468935547769242e-06,3.1870829381325436e-05
871.4285714285714,2.5000000000000004,1935.3322476031258,1.647040060988731e-05,-4.433808140765904,0.00712962683520573,1.7354578301877259e-06,2.2895779175684077e-05,5.255475842956178e-06,2.4134385648154388e-05
871.4285714285714,2.6,1936.517690332516,-1.8319210043841873e-05,-5.108892131374886,0.006869303459149026,1.929096472523926e-06,2.6366406428976965e-05,5.060646283007705e-06,2.7388484492241288e-05
871.4285714285714,2.7,1937.6520441405924,-1.8328865847411203e-05,-4.401118304508599,0.007219394076508937,1.9289938070984347e-06,2.2700892777461387e-05,5.31560543586185e-06,2.399089144448682e-05
871.4285714285714,2.8000000000000003,1938.7423867656237,-3.489116471023412e-05,-4.439309405461244,0.006377841393185693,3.670028316024106e-06,2.2885535098827703e-05,4.693448760206366e-06,2.4109619389975005e-05
871.4285714285714,2.9000000000000004,1939.7883362966004,1.6938458019012636e-05,-3.089272511624585,0.005600601605942759,1.7807141025596773e-06,1.5917493356636428e-05,4.119350861003594e-06,1.704334593047157e-05
871.4285714285714,3.0000000000000004,1940.8033931024609,-1.8438518551192852e-05,-3.9018055863607506,0.006013870661610102,1.937412458100724e-06,2.0093969079888898e-05,4.421115711920426e-06,2.113323658819714e-05
871.4285714285714,3.1,1941.7794318524577,-1.845917445655234e-05,-3.31507963110198,0.005743739434257125,1.9386170692720856e-06,1.706409401541636e-05,4.2205051204643e-06,1.8181497948518218e-05
871.4285714285714,3.2,1942.7223198061436,-5.340903942071697e-05,-3.1143756634264714,0.00563945832600439,5.606430318841568e-06,1.6023467179886555e-05,4.14194636399644e-06,1.7958145804881254e-05
871.4285714285714,3.3000000000000003,1943.6340640031951,-1.755466416145739e-05,-2.899453460963741,0.005499143764996009,1.8418809850039284e-06,1.4910919980670875e-05,4.037075154435772e-06,1.607246128749465e-05
871.4285714285714,3.4000000000000004,1944.516813665637,-1.9543914039536526e-05,-2.7509764708838698,0.005314820042104887,2.049676229121581e-06,1.4141132879157285e-05,3.900058898247592e-06,1.5316452936950177e-05
871.4285714285714,3.5000000000000004,1945.3720535633702,-1.8425511441546426e-05,-2.5840586609774614,0.005214197299767422,1.931541809588887e-06,1.3277446983511744e-05,3.824606025338123e-06,1.446639812324617e-05
871.4285714285714,3.6,1946.2014528744935,-1.848683438772698e-05,-2.4397869127824374,0.004378571251430687,1.937152249189297e-06,1.2530964688758277e-05,3.2103603154303147e-06,1.3468127619577475e-05
871.4285714285714,3.7,1947.006454316489,-3.687465590248853e-05,-2.302503397618238,0.004905211113157295,3.862347038947812e-06,1.1821116509875709e-05,3.595061640871084e-06,1.343523191436048e-05
871.4285714285714,3.8000000000000003,1947.7884307245083,-1.8643044813711662e-05,-2.186839336854973,0.0054138685345947145,1.9519443923346627e-06,1.122291435588258e-05,3.966327011139995e-06,1.2697534936704822e-05
871.4285714285714,3.9000000000000004,1948.548538739159,-1.9253917219953133e-05,-2.0673407669846706,0.0046650912810378056,2.0151244491482503e-06,1.0605620078986493e-05,3.416471204922463e-06,1.1827275882192197e-05
871.4285714285714,4.0,1949.28797334614,-1.844093616311968e-05,-1.9642234662796905,0.004564251873841843,1.929312344990965e-06,1.0072900738197806e-05,3.3413996909972676e-06,1.1292275200158456e-05
871.4285714285714,4.1,1950.0077657184581,-1.888964505171773e-05,-1.8650940856559823,0.004467957811198177,1.975534338327696e-06,9.56110918866401e-06,3.269740607406648e-06,1.0802775204497927e-05
871.4285714285714,4.2,1950.7089071499197,-1.9218010130066455e-05,-2.1395922301735477,0.004957065871013812,2.0091604253845653e-06,1.0964459731063882e-05,3.626427655868766e-06,1.227021018139268e-05
871.4285714285714,4.3,1951.3886526590795,5.985163479635965e-08,-0.972630418959852,0.004227163690160298,6.255071889074272e-09,4.982588038868079e-06,3.0914041215588725e-06,6.628708892128085e-06
871.4285714285714,4.3999999999999995,1952.0586718640498,-1.8447072100389073e-05,-1.974286723702789,0.003559588069475696,1.927241421766048e-06,1.0110501749484363e-05,2.602335068586177e-06,1.0930727365664373e-05
871.4285714285714,4.5,1952.708948201783,-1.8419134245891677e-05,-1.5468706174033284,0.004066451098486825,1.9236880402023063e-06,7.919090599306201e-06,2.971934435785475e-06,9.169370762339819e-06
871.4285714285714,4.6,1953.3437558333421,-1.7809356188149672e-05,-1.460958889174435,0.003981871836720077,1.8594043817444353e-06,7.476897853086708e-06,2.9092057657945513e-06,8.734319809567746e-06
871.4285714285714,4.7,1953.9639538760096,-1.849255461486339e-05,-1.4143609757411466,0.0039029557249193676,1.930127649790595e-06,7.236174553629021e-06,2.8506731384137623e-06,8.505309494616986e-06
871.4285714285714,4.8,1954.5700083089196,-1.8540617372082146e-05,-1.3541765162244699,0.0037990639261124685,1.9345499607880606e-06,6.926158320322215e-06,2.7739589192060164e-06,8.191693890755376e-06
871.4285714285714,4.9,1955.1625209766673,-1.783534425878772e-05,-1.2906698261758718,0.0031140787740639568,1.860402353466829e-06,6.599386536665871e-06,2.273137067480833e-06,7.572800263589579e-06
871.4285714285714,5.0,1955.7421269461533,nan,nan,nan,nan,nan,nan,nan
885.7142857142858,0.1,1828.4413635813899,nan,nan,nan,nan,nan,nan,nan
885.7142857142858,0.2,1852.033102520671,-5.8471951696674365e-05,-994.769154047435,0.0824669249546162,6.435914479258438e-06,0.0053319469238842804,6.30777581763518e-05,0.0053326969750087366
885.7142857142858,0.30000000000000004,1865.6771499194779,-2.0999625343506548e-05,-405.25890846197393,0.0539361600399616,2.294615672440215e-06,0.002161071254979795,4.104562342512996e-05,0.0021618519192501936
885.7142857142858,0.4,1875.268608233665,-2.067106230078937e-05,-221.07951487635086,0.03987536748465461,2.247251031502465e-06,0.0011743000580881214,3.022728509751583e-05,0.0011750800202929574
885.7142857142858,0.5,1882.6492713990885,-3.981940026933449e-05,-139.25914323265258,0.03267158582004869,4.312122783271329e-06,0.0007373524818782844,2.4688608963820544e-05,0.0007381912568976285
885.7142857142858,0.6,1888.6373431321856,-2.1673688015152975e-05,-95.73303506144838,0.028190368067186014,2.3397054342011286e-06,0.0005055428448327258,2.124620144937615e-05,0.0005064403660206591
885.7142857142858,0.7000000000000001,1893.6680845146682,-2.024729804231813e-05,-70.17763708458914,0.023754526359215343,2.179965318992277e-06,0.0003697457648951764,1.7862547906058386e-05,0.00037061411756988364
885.7142857142858,0.8,1897.9970495263049,-2.0208430405523383e-05,-52.85943329824931,0.020884945410671218,2.1708587886804485e-06,0.00027794460512283473,1.567360475037789e-05,0.0002788355069149391
885.7142857142858,0.9,1901.797420204959,-1.9993154417647953e-05,-41.78217345322536,0.01803751376647825,2.1434769939620225e-06,0.0002193082760149254,1.351285006084597e-05,0.00022014974143931253
885.7142857142858,1.0,1905.179969149081,-3.936695069367038e-05,-33.70570548431714,0.016948023712501488,4.213121838054313e-06,0.00017663376876847777,1.267656375418602e-05,0.00017759118559828988
885.7142857142858,1.1,1908.2254610383598,-2.0136946080947408e-05,-27.75074075070733,0.01618490131428417,2.1516818137616614e-06,0.00014521630524564244,1.2088388314861975e-05,0.00014623495925367866
885.7142857142858,1.2000000000000002,1910.9934455201314,-2.004405401200986e-05,-23.23368864954318,0.014278674477549208,2.138680309824999e-06,0.00012141800578383955,1.0650630633985621e-05,0.00012236738923338732
885.7142857142858,1.3000000000000003,1913.5290931154077,-2.0193573265737565e-05,-19.740408362667946,0.01323000885187185,2.1518032800980355e-06,0.00010303640541949808,9.856478387922075e-06,0.00010399726646191507
885.7142857142858,1.4000000000000001,1915.8673366270573,-1.959596721851542e-05,-16.96639697145201,0.01234315527887589,2.0855965678619127e-06,8.845713903699995e-05,9.18545811944348e-06,8.943019871040833e-05
885.7142857142858,1.5000000000000002,1918.0359161689923,-1.994371736423093e-05,-14.740069533581842,0.011579918345682932,2.1202286548547554e-06,7.676891261122706e-05,8.608484919393483e-06,7.775714332634613e-05
885.7142857142858,1.6,1920.0570950155916,-1.967183274853144e-05,-12.919678977641523,0.010821766223494938,2.0891422361823526e-06,6.722175489332562e-05,8.037026657506461e-06,6.820789134116585e-05
885.7142857142858,1.7000000000000002,1921.9490770724144,-2.1610801000611018e-05,-11.417770274761095,0.010878552155281801,2.2928206534991114e-06,5.935234562140415e-05,8.071814496999993e-06,6.048360385972121e-05
885.7142857142858,1.8000000000000003,1923.7268814264896,-3.7436620361700126e-05,-10.167489101900172,0.009794455983990251,3.968246754070112e-06,5.280706971161711e-05,7.261138314417876e-06,5.3942393838899955e-05
885.7142857142858,1.9000000000000001,1925.4030108895458,-1.909771714424553e-05,-9.452846624094489,0.009255611214717878,2.022589774994932e-06,4.905512252555522e-05,6.8560829291632255e-06,5.004505631586676e-05
885.7142857142858,2.0,1926.984611886361,-7.106024353106486e-07,-7.454105165470535,0.008805437800072017,7.519684334696933e-08,3.865251416093099e-05,6.517566493561887e-06,3.973637944657542e-05
885.7142857142858,2.1,1928.4916718315217,-1.9818311578842465e-05,-7.787193246099376,0.007787944571452958,2.0955746151733764e-06,4.034980608856646e-05,5.760212970412537e-06,4.121720989200617e-05
885.7142857142858,2.2,1929.9208598442212,-2.00817679160082e-05,-6.742097300843851,0.008055806440034988,2.121874005894724e-06,3.49099464107027e-05,5.95416890163234e-06,3.597375379791991e-05
885.7142857142858,2.3000000000000003,1931.2826268839124,-1.9802620615610092e-05,-6.155505500510116,0.00770959915273011,2.090916812043975e-06,3.1851185763989115e-05,5.694482719726198e-06,3.291996711082123e-05
885.7142857142858,2.4000000000000004,1932.5828388685984,-1.9520651828565884e-05,-5.640617949643455,0.008028602650887255,2.059770133188834e-06,2.916816750446086e-05,5.926337646993194e-06,3.0418211722292302e-05
885.7142857142858,2.5000000000000004,1933.826644673788,-3.751431899597724e-05,-5.1939399445700465,0.007146139369666574,3.955901359081146e-06,2.684181011618534e-05,5.271715605315319e-06,2.8137410981161356e-05
885.7142857142858,2.6,1935.018511079532,-1.9825722783889456e-05,-4.786063826622921,0.006248274379009902,2.0893513622219517e-06,2.4719329007654286e-05,4.606661078659986e-06,2.5648650418506603e-05
885.7142857142858,2.7,1936.1625168470096,-2.010386678257421e-05,-4.437927741128077,0.006623822300048235,2.11742349098964e-06,2.2908245827193127e-05,4.880794555469288e-06,2.401906576252922e-05
885.7142857142858,2.8000000000000003,1937.262143337076,-1.992977785839687e-05,-4.1139713627217125,0.007024291984231471,2.0979071956743464e-06,2.1224410960743807e-05,5.173091644511281e-06,2.2547695881336278e-05
885.7142857142858,2.9000000000000004,1938.320630113515,-3.727057409971626e-05,-3.8286655722231435,0.00618982927663865,3.921169887385054e-06,1.974209748247667e-05,4.556161270001498e-06,2.1133934733737358e-05
885.7142857142858,3.0000000000000004,1939.340830234232,-1.9884049237953173e-05,-3.573420128577708,0.0046803334321111854,2.0908708458863994e-06,1.84166033172961e-05,3.4433316717764716e-06,1.91639266499467e-05
885.7142857142858,3.1,1940.3252961536632,-3.9211984050120965e-05,-3.7162871578630066,0.005809450161598309,4.1211919300639304e-06,1.91435615966124e-05,4.27195097928208e-06,2.0492908623875124e-05
885.7142857142858,3.2,1941.2725992015157,1.69263719971241e-05,-2.3768909924456234,0.006340894712189996,1.7781036419094806e-06,1.2238161489688267e-05,4.660558890780679e-06,1.4013417411821085e-05
885.7142857142858,3.3000000000000003,1942.1961333394438,-2.0476275532018942e-05,-3.34069519951754,0.00543464298409049,2.150009520115861e-06,1.719272719582853e-05,3.992650326803929e-06,1.8223471750218887e-05
885.7142857142858,3.4000000000000004,1943.0862605253767,-1.8744775249410873e-05,-2.716847353781304,0.005305007620324889,1.9673084386465243e-06,1.3975917307380016e-05,3.895698152375543e-06,1.5150890906621251e-05
885.7142857142858,3.5000000000000004,1943.9492192377718,-1.988017606176984e-05,-2.627264409238705,0.0052123644104142405,2.085554164656929e-06,1.3509273190794855e-05,3.826034998084308e-06,1.4701261372085676e-05
885.7142857142858,3.6,1944.7859053060745,-1.9853175803109505e-05,-2.8343745672373184,0.005036639704246683,2.081834090331509e-06,1.4568168931892463e-05,3.695519119386375e-06,1.5616635435692404e-05
885.7142857142858,3.7,1945.5942476287048,1.6994885078020182e-05,-1.5707846190480266,0.004902778331501169,1.7813725710997141e-06,8.07025896798647e-06,3.595857196048977e-06,9.703749069106583e-06
885.7142857142858,3.8000000000000003,1946.3868821051447,-1.9765083263496332e-05,-2.591829983703064,0.004781738233378976,2.0709079067882294e-06,1.3310865593706666e-05,3.505714373188244e-06,1.4354367591255256e-05
885.7142857142858,3.9000000000000004,1947.1535982817475,-1.8325502038555918e-05,-2.054027601070629,0.004672445065563127,1.9193252315056276e-06,1.0544832071418246e-05,3.4242870286502057e-06,1.1761325438396348e-05
885.7142857142858,4.0,1947.8997741823396,-1.9761285947379317e-05,-2.004693161620707,0.004552317024013066,2.068917242916281e-06,1.0287727153676446e-05,3.3350175053832702e-06,1.1504887312310089e-05
885.7142857142858,4.1,1948.6259031513155,-1.902395000199706e-05,-1.863783368776239,0.004442604593418766,1.990986315117223e-06,9.561131893799661e-06,3.253472605439062e-06,1.0795806481514108e-05
885.7142857142858,4.2,1949.3333942866036,-1.969410207825606e-05,-1.799866249825754,0.004978032443011673,2.0603814803095308e-06,9.229975002072034e-06,3.644314990198174e-06,1.077031447446375e-05
885.7142857142858,4.3,1950.0228867593935,-3.7386382672571064e-05,-1.7063953760498405,0.004247230909822976,3.9099714987137426e-06,8.74762636012322e-06,3.1082430132720422e-06,1.0541878073483176e-05
885.7142857142858,4.3999999999999995,1950.6953152784229,-1.990315795737845e-05,-1.6276854532407012,0.0035280219001606397,2.080812953749396e-06,8.34132385075002e-06,2.5810458289675223e-06,9.339757024357951e-06
885.7142857142858,4.5,1951.3514669429198,-1.9791249532704593e-05,-1.553585493934406,0.004078918367690677,2.0684242373129695e-06,7.958974360919111e-06,2.9831033181725675e-06,9.24237320805949e-06
885.7142857142858,4.6,1951.9920827524775,-2.0191790331909967e-05,-1.485666008670705,0.003977402121330444,2.109599769532864e-06,7.608585647376813e-06,2.907936463823128e-06,8.902425270472416e-06
885.7142857142858,4.7,1952.6178419019484,-1.9842981194642585e-05,-1.4189139781365154,0.003884587289445564,2.0724988252079164e-06,7.2644512184967335e-06,2.8391975677018456e-06,8.555091381352687e-06
885.7142857142858,4.8,1953.229411911638,-1.9974845341243988e-05,-1.3651388079779279,0.0038221557516351385,2.0856244759226712e-06,6.986998219568092e-06,2.792720525150181e-06,8.292559884499214e-06
885.7142857142858,4.9,1953.8273305332477,-1.98536204360835e-05,-1.6798056001107395,0.0037520196073103323,2.0723388614497947e-06,8.594956694780343e-06,2.740661939318601e-06,9.653513592111615e-06
885.7142857142858,5.0,1954.4084510988564,nan,nan,nan,nan,nan,nan,nan
900.0,0.1,1826.1853004037064,nan,nan,nan,nan,nan,nan,nan
900.0,0.2,1849.9197266777483,1.5220447822957812e-05,-999.7224210953843,0.08262775604570155,1.6771913186607252e-06,0.005364305016003339,6.326906640784761e-05,0.005365051450565739
900.0,0.30000000000000004,1863.6569287408363,-2.3051959417261996e-05,-408.0937865170426,0.05392969393824389,2.5215946467104323e-06,0.0021784600036732077,4.1083405104479414e-05,0.0021792361135024793
900.0,0.4,1873.313192938754,-2.2761492421022948e-05,-222.8397680036323,0.04060578561739023,2.4770864901738004e-06,0.001184850869731174,3.081204027162825e-05,0.0011856544535030432
900.0,0.5,1880.7410594566352,1.6219523225163376e-05,-139.37530579310075,0.03202487707963543,1.7582174390802388e-06,0.0007386958859420109,2.4223721174339364e-05,0.0007394919070356887
900.0,0.6,1886.7751729165855,-3.986671143823064e-05,-96.68727422690607,0.026801065693820205,4.307901455199135e-06,0.0005110746726582153,2.021855731664302e-05,0.000511892038585855
900.0,0.7000000000000001,1891.8424136342667,-4.225304545609566e-05,-70.6755449848515,0.0244465756518082,4.553633538928246e-06,0.0003727214267300858,1.8400281239267074e-05,0.0003736564441053918
900.0,0.8,1896.2028989020994,-2.195458885526025e-05,-53.193763974968526,0.021614091508399734,2.3606613819165016e-06,0.00027996254521003025,1.62358373480707e-05,0.0002809124494774561
900.0,0.9,1900.0314465301824,-2.2091098344367337e-05,-42.459483082120634,0.018730671538969554,2.3705928766755526e-06,0.00022306763390616348,1.4044921021544758e-05,0.00022396273935653668
900.0,1.0,1903.4353993274442,1.661234906264328e-05,-33.14565088487597,0.016956838122740698,1.7795039701267706e-06,0.0001738553035164272,1.2694545249321129e-05,0.00017478883303387218
900.0,1.1,1906.5078956158573,-2.1700503194369984e-05,-28.33019064407835,0.015505340570240386,2.320833786008772e-06,0.00014838021171503782,1.1591084512006757e-05,0.00014930097112340123
900.0,1.2000000000000002,1909.2970899978295,-2.1738248452243196e-05,-23.3966252387745,0.01428011725257648,2.3215031142841937e-06,0.00012237673912852536,1.0661017685635112e-05,0.00012332384300137435
900.0,1.3000000000000003,1911.852318127414,-2.160347830881622e-05,-19.871940380994598,0.013244930102814583,2.3040533536232453e-06,0.00010381281343092821,9.876116345100448e-06,0.00010477349017010444
900.0,1.4000000000000001,1914.2088268531886,-2.1768540219341075e-05,-17.090274452471018,0.01233048572792655,2.318824035206012e-06,8.917931590520065e-05,9.183863275358828e-06,9.014995296475085e-05
900.0,1.5000000000000002,1916.3944328344385,-2.220808163690438e-05,-14.837583435837583,0.011540835027051348,2.3629701197694284e-06,7.734225681398163e-05,8.586675481839273e-06,7.832541291641972e-05
900.0,1.6,1918.43166298133,-2.2787007611009385e-05,-13.055016886892188,0.010901178064187894,2.4220163705573343e-06,6.79828996528479e-05,8.102770102520076e-06,6.898442269945457e-05
900.0,1.7000000000000002,1920.3383429593525,-1.8317466461121534e-05,-11.43047009904876,0.01030333793931391,1.9450351240042355e-06,5.9467704202431026e-05,7.651322202300014e-06,6.047542035925225e-05
900.0,1.8000000000000003,1922.1307182363846,-2.112821804494163e-05,-10.25761398502709,0.009751175235908254,2.2414206898560304e-06,5.3318975925212435e-05,7.23497899308672e-06,5.433808059255599e-05
900.0,1.9000000000000001,1923.8205173735664,-2.204241126378295e-05,-9.167565817188004,0.009899761444108894,2.3363686734055424e-06,4.761336377801247e-05,7.339195269900269e-06,4.878748408408527e-05
900.0,2.0,1925.4186408525763,-3.981802954838263e-05,-8.250115237387943,0.008795358045500738,4.2170178366431965e-06,4.281472074598038e-05,6.51534947824026e-06,4.3997535267763136e-05
900.0,2.1,1926.9342631792124,-2.160404995718184e-05,-7.472207474665991,0.007759701790359944,2.2862374007519924e-06,3.874872284380033e-05,5.743908210224512e-06,3.965697122238686e-05
900.0,2.2,1928.3751634311018,-2.1237661938289446e-05,-6.782726044070841,0.008050098965242117,2.2458002357929485e-06,3.514824325812028e-05,5.954665163364807e-06,3.6212686965298033e-05
900.0,2.3000000000000003,1929.7482364225505,-2.17795502146146e-05,-6.208227562592582,0.007717918326164867,2.3014788743890284e-06,3.214933791436591e-05,5.705109963235376e-06,3.3226093552004566e-05
900.0,2.4000000000000004,1931.0592271383732,-2.156584116955858e-05,-5.683209321432513,0.007419797042501845,2.2773627018217364e-06,2.941142654867217e-05,5.481210060845424e-06,3.050091342838462e-05
900.0,2.5000000000000004,1932.3133857609816,-2.1114408869038952e-05,-5.225862291649718,0.007129536589957301,2.2282571430928983e-06,2.7027778524097816e-05,5.263542551686188e-06,2.812251237407942e-05
900.0,2.6,1933.5152857606736,-2.1725648046094675e-05,-4.829903689437741,0.006886661239326489,2.291350546935698e-06,2.4965014543742423e-05,5.08123021654876e-06,2.6079494617905263e-05
900.0,2.7,1934.6688867234711,-2.0650028993577532e-05,-4.465507934423839,0.0066274333463127305,2.176620812908419e-06,2.3068287378878144e-05,4.887186773285614e-06,2.417959366638841e-05
900.0,2.8000000000000003,1935.7778326069244,-2.1520483676181382e-05,-4.146079956012726,0.006381402359659208,2.2670837084305037e-06,2.140635557286446e-05,4.703189422636209e-06,2.253023987762515e-05
900.0,2.9000000000000004,1936.8453176908176,-2.1484231164458858e-05,-3.8593377939832854,0.006191195907575778,2.262028739838446e-06,1.991531635680644e-05,4.56060401780066e-06,2.105551751028448e-05
900.0,3.0000000000000004,1937.874209396771,-2.152794663038551e-05,-3.994309358017744,0.005990283782796271,2.2654390747119985e-06,2.0601295875461194e-05,4.410367827549992e-06,2.1643666387608695e-05
900.0,3.1,1938.8631580091442,1.7135788605128276e-05,-2.5773662997380593,0.006467037460424765,1.8023265079647479e-06,1.3286582700458539e-05,4.759055965279672e-06,1.500262937150567e-05
900.0,3.2,1939.82633295852,-3.9925923498321985e-05,-3.548406394452285,0.005636252431690993,4.197322754192409e-06,1.8283648266894434e-05,4.145713736071346e-06,1.9654088557174928e-05
900.0,3.3000000000000003,1940.7540238439512,-2.1329903766945815e-05,-2.983280860280501,0.004854717447454962,2.241298656900468e-06,1.5364653613032273e-05,3.569224269717281e-06,1.6327116220967107e-05
900.0,3.4000000000000004,1941.6518819207797,-2.0492691277581824e-05,-2.74122642229031,0.005330691001677226,2.1523398000113753e-06,1.4111685529447096e-05,3.917423759929728e-06,1.5312238664755834e-05
900.0,3.5000000000000004,1942.5223277333853,-2.1206868559329477e-05,-2.64674768666282,0.005136028491062919,2.2263608103630514e-06,1.3619396808502026e-05,3.772746161231854e-06,1.4795670957396118e-05
900.0,3.6,1943.3663060691242,-2.1521696465720222e-05,-2.4775120049071115,0.005684549168000788,2.25844034564645e-06,1.2743187278555978e-05,4.173935308255069e-06,1.4224375090885055e-05
900.0,3.7,1944.185509284814,-3.994046471400457e-05,-2.3412705184910005,0.004909804058200964,4.189524746843092e-06,1.203749629231595e-05,3.603603097573202e-06,1.3726811179644355e-05
900.0,3.8000000000000003,1944.981299795319,-2.141306865773916e-05,-2.2172379863377496,0.0041519129748394355,2.245192901761155e-06,1.1395258292350465e-05,3.04614091821244e-06,1.2387524034395128e-05
900.0,3.9000000000000004,1945.7549179259606,-2.2255184836535617e-05,-2.0993953562538077,0.004664972562221694,2.3325712262472675e-06,1.0785446810987365e-05,3.4212471328289867e-06,1.2048925899263192e-05
900.0,4.0,1946.5075421030397,-2.1626096067416283e-05,-2.0008134721820166,0.004540412663175177,2.265768009138399e-06,1.0275124328206361e-05,3.328655230358132e-06,1.1527002035070276e-05
900.0,4.1,1947.240158145397,-2.1890058976555365e-05,-1.8911968972361133,0.0044471609168169855,2.292568813532964e-06,9.708632909210591e-06,3.2591074685555764e-06,1.098894843530446e-05
900.0,4.2,1947.9538622187818,-2.1565702881389398e-05,-1.8075306473974702,0.00433072191297015,2.2577789239359237e-06,9.275812072714836e-06,3.1726528093414707e-06,1.0548445713702858e-05
900.0,4.3,1948.6494909856926,-2.165232114714402e-05,-1.7222928778437558,0.004244304395916745,2.2660457374328116e-06,8.835316421880625e-06,3.108272187192576e-06,1.0125240320024049e-05
900.0,4.3999999999999995,1949.327896823825,-2.1438589391641497e-05,-1.6356008417687915,0.004159567512465403,2.242903999695265e-06,8.387739867970681e-06,3.045191706459419e-06,9.691810125191903e-06
900.0,4.5,1949.9899466535398,-2.1564177142477118e-05,-1.5707585178915904,0.004062605065996651,2.2552843773198555e-06,8.052544325313049e-06,2.97323005258741e-06,9.36001985173815e-06
900.0,4.6,1950.6362888980757,-2.160672946454272e-05,-1.4950802723205923,0.003978732876493043,2.2589930893567196e-06,7.662097247775696e-06,2.9109147664754323e-06,8.986525110825806e-06
900.0,4.7,1951.2676803398883,-2.1475184335986366e-05,-1.4332766393863492,0.00390308279756937,2.2445204518589143e-06,7.3430393236714035e-06,2.8546736670830374e-06,8.675045939870991e-06
900.0,4.8,1951.884739015307,-2.1305800227742137e-05,-1.3709360170423677,0.003823147675882412,2.226119711765982e-06,7.021482103967996e-06,2.7953542524580488e-06,8.359714749973618e-06
900.0,4.9,1952.4880883305555,-2.14367712156218e-05,-1.313988122115006,0.004416789559462588,2.2391186775446707e-06,6.727780056841274e-06,3.228444579797657e-06,8.433408904767414e-06
900.0,5.0,1953.0782977645827,nan,nan,nan,nan,nan,nan,nan
914.2857142857143,0.1,1823.9240581366175,nan,nan,nan,nan,nan,nan,nan
914.2857142857143,0.2,1847.809457048667,-4.519583929595688e-05,-1006.2852880035277,0.08144889632624203,4.9859680610081886e-06,0.005405393151483745,6.243400509285812e-05,0.005406116535182049
914.2857142857143,0.30000000000000004,1861.632003080681,-4.645340707920701e-05,-410.1416671387141,0.05331079270612238,5.08692721971479e-06,0.0021916850434511863,4.065432068782234e-05,0.0021924449261263882
914.2857142857143,0.4,1871.353132441308,-2.454313355137859e-05,-223.81041809724132,0.041347451425195934,2.673766877032408e-06,0.001191218389051213,3.140665614401227e-05,0.0011920491414129605
914.2857142857143,0.5,1878.8361576209625,-6.495824710307269e-05,-141.43161631905056,0.03283341150448111,7.048702986739737e-06,0.0007503382203652396,2.4859810671201683e-05,0.0007511944818273668
914.2857142857143,0.6,1884.9048666374265,1.520104936150803e-05,-96.54559705265909,0.02761996127105705,1.6442101932795997e-06,0.0005108210702757909,2.0856434577065873e-05,0.0005116745557396801
914.2857142857143,0.7000000000000001,1890.008119683364,1.644339774081802e-05,-70.71049797452814,0.023660224439254317,1.7738239893159212e-06,0.00037325981142624946,1.7825265770385923e-05,0.00037411430536277835
914.2857142857143,0.8,1894.404267749556,-2.472890717297108e-05,-53.945134775972285,0.020899757901298707,2.6614850934506926e-06,0.0002841818684876718,1.5713843608419984e-05,0.0002850618663412327
914.2857142857143,0.9,1898.2609644679885,-2.3719890369739035e-05,-42.344140529462486,0.019460014704390013,2.5477441238397225e-06,0.00022266534803022146,1.460518230148196e-05,0.00022363579971386346
914.2857142857143,1.0,1901.6942197811263,-4.287423645910172e-05,-34.157357503067935,0.016975254636071222,4.596869522558276e-06,0.00017932386771565487,1.2719781450463098e-05,0.0001802824628803484
914.2857142857143,1.1,1904.7859015192334,-2.3594823146481788e-05,-28.12851590481386,0.014068758833155932,2.5257015934564305e-06,0.00014745528670219977,1.0526505806663808e-05,0.00014822636538066558
914.2857142857143,1.2000000000000002,1907.5962980982924,-4.474792758257996e-05,-23.55604110553031,0.014282863036606848,4.783032544665032e-06,0.0001233190088728792,1.0672419547698387e-05,0.00012433123673364138
914.2857142857143,1.3000000000000003,1910.1711342662961,-2.361496607918528e-05,-20.00959142083047,0.013997113585963922,2.5207913743082335e-06,0.0001046228050652715,1.0446026719168722e-05,0.00010569070288967599
914.2857142857143,1.4000000000000001,1912.5458745200915,-2.3656498287300593e-05,-17.219753556082647,0.012349605617032472,2.5221160437669013e-06,8.993219893044222e-05,9.205982566190207e-06,9.090468471878034e-05
914.2857142857143,1.5000000000000002,1914.748417238326,-2.2475005856131275e-05,-14.93794192087989,0.011565809932574217,2.3934195437117695e-06,7.793160268937292e-05,8.612548435677042e-06,7.891397300833525e-05
914.2857142857143,1.6,1916.8015805373518,-2.193873354099199e-05,-13.087324854836877,0.010933418299077862,2.3338295784944453e-06,6.820848510540178e-05,8.133550556831881e-06,6.92109347588685e-05
914.2857142857143,1.7000000000000002,1918.7238705878292,-2.5462894454994996e-05,-11.591747326065159,0.010294017729512465,2.7060382830453883e-06,6.035701529470261e-05,7.650748970435377e-06,6.137882255380521e-05
914.2857142857143,1.8000000000000003,1920.530243165046,-2.385848898150019e-05,-10.30903359539934,0.009689126116404627,2.533167665332958e-06,5.3630495250155874e-05,7.194854516167494e-06,5.464594058313309e-05
914.2857142857143,1.9000000000000001,1922.2335254063087,-2.3475324998435127e-05,-9.22639572590924,0.009245967133557546,2.4902960590536035e-06,4.7958114683274776e-05,6.86007925562725e-06,4.899289451770377e-05
914.2857142857143,2.0,1923.8445436903123,-2.3474918173496946e-05,-8.311643720003302,0.008814429591507182,2.4881859589366497e-06,4.316901771015336e-05,6.5347544616318726e-06,4.421720469651399e-05
914.2857142857143,2.1,1925.372445537116,-2.3379683016855806e-05,-7.521458265932777,0.008419524951369798,2.4761425296983366e-06,3.903550009749935e-05,6.23731990318225e-06,4.009625754155267e-05
914.2857142857143,2.2,1926.8251328012602,-2.3580237275314205e-05,-6.841891038220637,0.008046983087541551,2.495517165306317e-06,3.548313286991681e-05,5.957093214589772e-06,3.6554811493442724e-05
914.2857142857143,2.3000000000000003,1928.2094011550223,-2.329142733503889e-05,-6.245529271177474,0.007682058257262273,2.463198269929158e-06,3.236811731866644e-05,5.683082520057637e-06,3.3441848309139636e-05
914.2857142857143,2.4000000000000004,1929.5312142160726,-2.425613997331769e-05,-5.72094919821211,0.007418661223658776,2.563480486795619e-06,2.9630006163856e-05,5.484662860830904e-06,3.073551286167651e-05
914.2857142857143,2.5000000000000004,1930.7958177851408,-2.3988371608220434e-05,-5.279471811741131,0.0064036010309564545,2.5335362672375143e-06,2.7326350781199896e-05,4.731279623267096e-06,2.8247447084323867e-05
914.2857142857143,2.6,1932.0076266360916,-4.442252874880529e-05,-4.839317874098014,0.006868777726907641,4.688777099616822e-06,2.5033055886868815e-05,5.071947803164622e-06,2.6459172828360325e-05
914.2857142857143,2.7,1933.1710423083014,-2.49534898314096e-05,-4.532803918232275,0.007385235109194358,2.6322586671718785e-06,2.343395228804168e-05,5.450179092127243e-06,2.4809026780622356e-05
914.2857142857143,2.8000000000000003,1934.2891299413288,-2.3409243758033e-05,-4.1596843208481,0.006402099938213726,2.467946788541896e-06,2.1493015460699584e-05,4.7220379299546134e-06,2.264146106965727e-05
914.2857142857143,2.9000000000000004,1935.3656207311478,-2.3539755461001762e-05,-3.891642015287288,0.0061931829229877194,2.4803383537424666e-06,2.009727119400193e-05,4.5655203690701846e-06,2.125418406514574e-05
914.2857142857143,3.0000000000000004,1936.403195100814,-2.3346144372294504e-05,-3.625250613958996,0.0066890012301769304,2.4586318536821087e-06,1.871189306216386e-05,4.928514941158539e-06,2.011865630732436e-05
914.2857142857143,3.1,1937.4045169643405,-4.259568670393042e-05,-3.392025999551151,0.005810573528555099,4.483553803478586e-06,1.749935586178572e-05,4.279155914873736e-06,1.905130076854857e-05
914.2857142857143,3.2,1938.3719185678715,-2.332915759670871e-05,-3.175886452891063,0.00418781035774032,2.4543705226929104e-06,1.637639390603353e-05,3.0826092085043894e-06,1.7123526829860375e-05
914.2857142857143,3.3000000000000003,1939.3075613068736,-4.468637240247522e-05,-2.988291158635547,0.005510602287608892,4.69903332683911e-06,1.5401869093902158e-05,4.0544286314139635e-06,1.7093135138028416e-05
914.2857142857143,3.4000000000000004,1940.2133211342893,-2.4397614293138787e-05,-2.7972665065362885,0.005319740573776246,2.5643654272659006e-06,1.4410794498929865e-05,3.9122481541699855e-06,1.5647950005497742e-05
914.2857142857143,3.5000000000000004,1941.0911082966397,-4.5116019591319e-05,-2.658080976834753,0.005141223717623691,4.739894520413251e-06,1.3687744258844732e-05,3.7793211130365975e-06,1.5439801783412533e-05
914.2857142857143,3.6,1941.9423146492218,-2.322314276129876e-05,-2.4901176128196307,0.005794309878109518,2.438766626373931e-06,1.2817365832494604e-05,4.257610963884529e-06,1.4369653850441036e-05
914.2857142857143,3.7,1942.7686198256756,-2.330912355359945e-05,-2.357753064779899,0.0049040619966433515,2.4467644511353164e-06,1.2131034283085381e-05,3.6019898253442853e-06,1.3382724328794189e-05
914.2857142857143,3.8000000000000003,1943.5713474714817,-2.3492548292892962e-05,-2.237942157034922,0.0047324122920485955,2.4650096179839966e-06,1.1509965825571253e-05,3.4745326486683973e-06,1.2755404343880949e-05
914.2857142857143,3.9000000000000004,1944.3516956957174,-2.4740422549211902e-05,-2.114738520663195,0.004661735880250719,2.5949135627788737e-06,1.0872071738586441e-05,3.4213187167398713e-06,1.2179752206440527e-05
914.2857142857143,4.0,1945.1108965347464,-2.337014797840314e-05,-2.0151593271975794,0.004606031762472187,2.4502437579169022e-06,1.0356190782168845e-05,3.379164787371309e-06,1.1665842931837804e-05
914.2857142857143,4.1,1945.8499457805035,-2.3268213628875882e-05,-1.9066039154040477,0.00444771047952486,2.438638606767386e-06,9.79468493277375e-06,3.2618185865909966e-06,1.109782556045924e-05
914.2857142857143,4.2,1946.5699289871066,-2.341515340860954e-05,-1.8235822768247085,0.0043407197867509255,2.453139588741563e-06,9.364806662331022e-06,3.182218400729597e-06,1.0675697895902388e-05
914.2857142857143,4.3,1947.2716763709413,-2.32260109924255e-05,-1.7320607873671174,0.004257812795003703,2.4324550234811516e-06,8.891682849367047e-06,3.120352259391008e-06,1.0220178950505707e-05
914.2857142857143,4.3999999999999995,1947.9561031469025,-2.316403172392259e-05,-1.6504411181813337,0.004157522824937134,2.4251196634224676e-06,8.469777117460875e-06,3.0458199702677826e-06,9.806751163558001e-06
914.2857142857143,4.5,1948.6240255116818,-2.3371406247883925e-05,-1.5862369412616315,0.0040635156715325155,2.445999658947751e-06,8.137569393352597e-06,2.9759634950618484e-06,9.48238722111067e-06
914.2857142857143,4.6,1949.2760855070485,-2.2970394696017164e-05,-1.500941526774113,0.003986066291201952,2.403234103112363e-06,7.697478923527964e-06,2.9182979215905895e-06,9.058677687766544e-06
914.2857142857143,4.7,1949.9131360871474,-2.3255063442525196e-05,-1.4468670765609202,0.003901144001548575,2.432229756388098e-06,7.417793292435011e-06,2.855221288407952e-06,8.788855222877977e-06
914.2857142857143,4.8,1950.5357179964808,-2.3325610221400013e-05,-1.3828629219460706,0.0038239174096190726,2.438836946393539e-06,7.087445047271622e-06,2.797834818684862e-06,8.475586250784068e-06
914.2857142857143,4.9,1951.1444712765947,-2.3271924018263262e-05,-1.3228575526682105,0.0037478815821316417,2.4324718173753505e-06,6.777836983369199e-06,2.74137322196988e-06,8.178401286297931e-06
914.2857142857143,5.0,1951.739995981182,nan,nan,nan,nan,nan,nan,nan
928.5714285714286,0.1,1821.6605465315154,nan,nan,nan,nan,nan,nan,nan
928.5714285714286,0.2,1845.689963778913,-2.800567541214608e-05,-1012.1783892943765,0.08235237814269002,3.0930916279599533e-06,0.005442996865852507,6.319522563797398e-05,0.005443731415305397
928.5714285714286,0.30000000000000004,1859.5975971333667,1.5756071972327864e-05,-411.71673467240447,0.054093888628807485,1.727261288477349e-06,0.0022024144841312665,4.1294709382096225e-05,0.002203189290412573
928.5714285714286,0.4,1869.3880631410964,-2.673169532154137e-05,-226.05301486594266,0.04070250737149197,2.9152424148227705e-06,0.001204384075310488,3.0948115867515604e-05,0.0012051825883455732
928.5714285714286,0.5,1876.9179990001667,1.620247849248246e-05,-141.02722459977028,0.03354279209821699,1.759934335072025e-06,0.0007489346995006767,2.542211825868326e-05,0.0007497992062402771
928.5714285714286,0.6,1883.0376626132393,-4.661322160982314e-05,-98.014469839336,0.027696140335723398,5.046887266157989e-06,0.0005190957225742047,2.0934256500415278e-05,0.0005199637741769741
928.5714285714286,0.7000000000000001,1888.1771815279185,-6.306615254075048e-05,-71.6110561334517,0.022236672483268202,6.809834963999831e-06,0.00037837384452017107,1.676868845625776e-05,0.0003791774227117136
928.5714285714286,0.8,1892.6005898812632,-4.654271984295525e-05,-53.835662276628675,0.02079456273489769,5.013984826453129e-06,0.0002838706557824146,1.5649333125825826e-05,0.00028477621479460705
928.5714285714286,0.9,1896.4856416118416,-2.5848329089421926e-05,-42.640295178694025,0.019552900912401593,2.7789483641419495e-06,0.00022442918665750502,1.4688331751021469e-05,0.00022540558235548632
928.5714285714286,1.0,1899.9442903906331,-2.579657673250043e-05,-34.384701684484746,0.016975623864300366,2.7683775034214373e-06,0.00018068120861970547,1.2731557502274975e-05,0.0001815972141172503
928.5714285714286,1.1,1903.0590921525798,-2.5963057922263064e-05,-28.751994588992595,0.015513322750439335,2.781721161005734e-06,0.0001508589125862849,1.1617704262468024e-05,0.00015177645266639444
928.5714285714286,1.2000000000000002,1905.8863739686365,1.652490407491316e-05,-22.852476034745447,0.013503275114607055,1.7678947093813908e-06,0.00011974144133090409,1.0098777368592541e-05,0.00012060310457192468
928.5714285714286,1.3000000000000003,1908.4851310243457,-4.777137680555376e-05,-20.579374985391038,0.013246710131625155,5.10386760519586e-06,0.00010769590716672327,9.894597493697168e-06,0.00010872103754158806
928.5714285714286,1.4000000000000001,1910.878094330201,-2.5577821941851684e-05,-17.324272973178264,0.01316157109824872,2.729327296743774e-06,9.055612754451113e-05,9.819694460533037e-06,9.165541043466537e-05
928.5714285714286,1.5000000000000002,1913.0978149063246,-2.6176303554552793e-05,-15.051468163392197,0.011602542746771865,2.789976332211969e-06,7.85908905067639e-05,8.647249269363773e-06,7.958556325385578e-05
928.5714285714286,1.6,1915.1670208008143,-2.6267067890626126e-05,-13.202498807049777,0.010083621238231904,2.796651544196342e-06,6.886688159825947e-05,7.507684361617342e-06,6.973664237598259e-05
928.5714285714286,1.7000000000000002,1917.1042017072334,-4.698273265937593e-05,-11.64835993292854,0.01025776580533489,4.997234325692841e-06,6.070253160460761e-05,7.630159016047883e-06,6.185635252207022e-05
928.5714285714286,1.8000000000000003,1918.9248990143233,-2.5362366327090087e-05,-10.385376501494646,0.009740739025187399,2.69508545694521e-06,5.407242939368579e-05,7.2391524133947726e-06,5.509901779055677e-05
928.5714285714286,1.9000000000000001,1920.6417425563982,-4.752514067001817e-05,-9.293037005204495,0.008466763861110853,5.045697191215925e-06,4.83441868584132e-05,6.287086440592938e-06,4.941330159956518e-05
928.5714285714286,2.0,1922.265655728421,-4.7563628763600774e-05,-8.37123693054309,0.008816267497354606,5.045554769389041e-06,4.351393828084853e-05,6.541418977173643e-06,4.477165143380636e-05
928.5714285714286,2.1,1923.8058565311385,-4.7569321287869625e-05,-7.576745575875064,0.00920419550537304,5.042154194700871e-06,3.9354191542397946e-05,6.8241017298987564e-06,4.083273735275288e-05
928.5714285714286,2.2,1925.2702898780972,-2.5487534149692723e-05,-6.891069007906479,0.008839916758512348,2.6995379565180515e-06,3.5766810014860216e-05,6.549315911744797e-06,3.704509794347228e-05
928.5714285714286,2.3000000000000003,1926.6658125349768,-2.545543418250421e-05,-6.308413073202245,0.0077208967284946115,2.694202488975591e-06,3.272001450068871e-05,5.7163379312105125e-06,3.381140509745896e-05
928.5714285714286,2.4000000000000004,1927.9982510611244,-2.3724154257183756e-05,-5.73353640145342,0.00740428834159275,2.509243747106829e-06,2.9718631571324392e-05,5.478339385382383e-06,3.081424624256413e-05
928.5714285714286,2.5000000000000004,1929.2733542232575,-2.5160930607171425e-05,-5.7555696074587095,0.0071316968710846175,2.6594649470870815e-06,2.9814020891899467e-05,5.273342737783482e-06,3.084744532060427e-05
928.5714285714286,2.6,1930.490901689316,1.6828918041892413e-05,-4.034381118799501,0.006836373634979512,1.7776705549314413e-06,2.0885477725898734e-05,5.051931689556733e-06,2.2145142131690585e-05
928.5714285714286,2.7,1931.6681053441864,-2.5103126957969863e-05,-4.965912000898242,0.005841961324699698,2.6500951142752168e-06,2.5692897235199197e-05,4.3145871556122645e-06,2.6540145009022852e-05
928.5714285714286,2.8000000000000003,1932.795649879048,-4.739603291473037e-05,-4.20746741581297,0.0064456593382203695,5.000627687345678e-06,2.1756598029041123e-05,4.757801146332021e-06,2.3315856805204496e-05
928.5714285714286,2.9000000000000004,1933.8811197397513,-2.5297198128191698e-05,-3.9173314857407595,0.0069805624951754935,2.667554616165468e-06,2.0245366584658276e-05,5.149873828547265e-06,2.168024715443382e-05
928.5714285714286,3.0000000000000004,1934.9274162855972,-2.5412504279211165e-05,-3.6529909192950063,0.005999070355318284,2.6782776315519895e-06,1.88693669997128e-05,4.423495678138385e-06,2.0058933423054677e-05
928.5714285714286,3.1,1935.9371829222503,-2.555933138130516e-05,-3.420643425101843,0.0058108890333869595,2.6923598206483285e-06,1.7660286645559563e-05,4.282599210284106e-06,1.8863081344229606e-05
928.5714285714286,3.2,1936.9127431246523,-2.5420656919504868e-05,-3.6324225095540887,0.005635317099768147,2.676415768073475e-06,1.8744581881003266e-05,4.151199716997795e-06,1.982391155746094e-05
928.5714285714286,3.3000000000000003,1937.8519791019587,1.7061543094018838e-05,-2.1433836423966564,0.0054802858306914025,1.79545918330844e-06,1.1055379876112205e-05,4.035112877976524e-06,1.2570177793495893e-05
928.5714285714286,3.4000000000000004,1938.7697812428412,-2.52010610167645e-05,-3.6901874766499523,0.005313386031548364,2.650777427857242e-06,1.9025010595099323e-05,3.9104560528853446e-06,1.9989021541805748e-05
928.5714285714286,3.5000000000000004,1939.6506815089572,1.731326310048191e-05,-1.7997962643903516,0.0051746449080667415,1.8202746821085223e-06,9.274844965807366e-06,3.8066784028041893e-06,1.0877396286926356e-05
928.5714285714286,3.6,1940.5135838124293,-2.543973921619912e-05,-2.951271335473393,0.004261184347944893,2.673500378639117e-06,1.5202183720413355e-05,3.1333665518522048e-06,1.6058952831374674e-05
928.5714285714286,3.7,1941.3469734025466,-4.74211477818472e-05,-2.376224263048243,0.004901326592494117,4.981439973263437e-06,1.2234977664162504e-05,3.6025922800537633e-06,1.4158628638480075e-05
928.5714285714286,3.8000000000000003,1942.1566007500335,-2.524692500078348e-05,-2.280369787263225,0.005570015344375181,2.6510133936335352e-06,1.1736676213142128e-05,4.092451378674905e-06,1.3351919604274018e-05
928.5714285714286,3.9000000000000004,1942.9434243996477,-2.2536963321090326e-05,-2.07665007635569,0.003878448281034254,2.3655084004566054e-06,1.068395300876591e-05,2.8484958936522664e-06,1.1660632041122666e-05
928.5714285714286,4.0,1943.7094815484984,-4.730137809333434e-05,-2.0553896765250097,0.00455834839805789,4.962875116902088e-06,1.0570518179086586e-05,3.34657165988605e-06,1.2600201099580549e-05
928.5714285714286,4.1,1944.4549848005838,-2.5344306445026662e-05,-1.9270899974344498,0.005236967025598462,2.6581224564496743e-06,9.906994682250087e-06,3.843366402476781e-06,1.160849211719542e-05
928.5714285714286,4.2,1945.181217152695,-2.5157189373067042e-05,-1.832775085927096,0.00434550353878649,2.637521623941497e-06,9.418702563459043e-06,3.1879795067094983e-06,1.0770093080659444e-05
928.5714285714286,4.3,1945.8891217539467,-2.5252564024481245e-05,-1.7444238631696858,0.004253848962775921,2.6465667617559305e-06,8.96148238271835e-06,3.119642726990959e-06,1.033328716374116e-05
928.5714285714286,4.3999999999999995,1946.5795821165668,-2.55192983601319e-05,-1.6707784107666155,0.004152465349653769,2.673581845649806e-06,8.580179995060803e-06,3.044247263188984e-06,9.965059529771864e-06
928.5714285714286,4.5,1947.2533346950793,-2.5248778076957054e-05,-1.589299322267834,0.004073177454483813,2.644333532266262e-06,8.158992704259192e-06,2.985120978110842e-06,9.559474686714607e-06
928.5714285714286,4.6,1947.911194280369,-2.544240546540098e-05,-1.5207962567046704,0.003988283302766151,2.663721001147746e-06,7.80474329668745e-06,2.921949429405543e-06,9.22415331806394e-06
928.5714285714286,4.7,1948.5538459030918,-2.5303044558518226e-05,-1.4560876776613438,0.003107222536254996,2.6482649657706395e-06,7.470250212581985e-06,2.2757283020003346e-06,8.554286888838835e-06
928.5714285714286,4.8,1949.1819366490379,-4.7316990968238375e-05,-1.3922544598699458,0.0030348813306943626,4.95070594192813e-06,7.1405130844528925e-06,2.222052145271509e-06,9.239667088445172e-06
928.5714285714286,4.9,1949.7961048503853,-4.737919419267206e-05,-1.3361187235659597,0.004535775252566056,4.955667531016071e-06,6.850496508880784e-06,3.3199498629835404e-06,9.67119833741422e-06
928.5714285714286,5.0,1950.396911864497,nan,nan,nan,nan,nan,nan,nan
942.8571428571429,0.1,1819.387876748923,nan,nan,nan,nan,nan,nan,nan
942.8571428571429,0.2,1843.5647550651972,-3.0444130399405404e-05,-1017.5226670526852,0.08390347928614691,3.3662684191512345e-06,0.005477718930406033,6.445594114054334e-05,0.005478478360730132
942.8571428571429,0.30000000000000004,1857.5664067109446,-5.1237338974988294e-05,-415.05199638320386,0.054184539480172614,5.623044365583786e-06,0.002222598791379065,4.1407392342930935e-05,0.002223377194798242
942.8571428571429,0.4,1867.41753839286,-2.917988665178658e-05,-226.55230671407475,0.04075622360451805,3.185576620469943e-06,0.0012082769411647944,3.1020628822835285e-05,0.0012090772817624543
942.8571428571429,0.5,1875.0031470076347,-5.017969097041266e-05,-142.78099357265998,0.03285333942593526,5.456153792932414e-06,0.0007590046662410402,2.4924271547451297e-05,0.0007598422807492533
942.8571428571429,0.6,1881.1609456866827,-2.8603035187393323e-05,-98.53716366333173,0.026211711355938416,3.099966737667491e-06,0.0005223740675317151,1.983145559822623e-05,0.0005231355937858676
942.8571428571429,0.7000000000000001,1886.3333727290974,-1.247507137115919e-05,-71.83862727954418,0.02377700450959993,1.3483548884058915e-06,0.0003799402659795258,1.7947341600247237e-05,0.00038078949291508795
942.8571428571429,0.8,1890.7874134987167,1.4455759783027151e-05,-53.64106818431082,0.021557874163983123,1.5587837568758892e-06,0.0002831103889541218,1.6238964543506805e-05,0.0002840445917095507
942.8571428571429,0.9,1894.7050435864928,-2.8320174808095577e-05,-43.357728162550295,0.018769026851015277,3.047546148013054e-06,0.00022841627446363588,1.4112464053321052e-05,0.00022930679287950424
942.8571428571429,1.0,1898.1890963926435,-2.8238857046244483e-05,-34.61649961175225,0.01616027100832867,3.0332637011525614e-06,0.00018206494674175534,1.2131048129649232e-05,0.00018289661062525643
942.8571428571429,1.1,1901.3269842026766,-5.103532594246196e-05,-28.50497443262156,0.016277247806476686,5.472963337958027e-06,0.00014969686213072344,1.2200733196748381e-05,0.0001507873324936811
942.8571428571429,1.2000000000000002,1904.1798222683835,-4.917043628461221e-05,-24.328181226769626,0.015125206829543466,5.2651527668627445e-06,0.00012758714465689583,1.1321774519837006e-05,0.00012869563501500012
942.8571428571429,1.3000000000000003,1906.7893785218228,1.6187080959048235e-05,-19.384059861295096,0.012505226039940004,1.7309466321263673e-06,0.00010152947905083261,9.348900215818108e-06,0.00010240134356085068
942.8571428571429,1.4000000000000001,1909.205094176649,-2.7829264835031642e-05,-17.89393599183313,0.012363363662240095,2.972163331569525e-06,9.361485833424094e-05,9.232119733396506e-06,9.456764523531853e-05
942.8571428571429,1.5000000000000002,1911.441870471557,-2.775780050019424e-05,-15.154632828830469,0.011576346116936526,2.9610912734302478e-06,7.919737758279059e-05,8.635088809640327e-06,8.018804271848414e-05
942.8571428571429,1.6,1913.5271004381766,-2.787352452164672e-05,-13.738589094623418,0.010901983372525598,2.9702236569394326e-06,7.172419108885965e-05,8.123847387576295e-06,7.269921326037e-05
942.8571428571429,1.7000000000000002,1915.47494451385,1.596276836485233e-05,-10.84097190507691,0.010285821433507186,1.6992857386993457e-06,5.654248476175066e-05,7.657428712735825e-06,5.759524792928505e-05
942.8571428571429,1.8000000000000003,1917.3143788704726,-2.7992668496358454e-05,-11.355252890757582,0.00969686808765005,2.9770782024805533e-06,5.917151986496782e-05,7.212520893253547e-06,6.011798959567097e-05
942.8571428571429,1.9000000000000001,1919.0402606981877,1.52767901244488e-05,-8.90816223859474,0.009257031715043244,1.623265912228876e-06,4.6380322959676526e-05,6.879554333232433e-06,4.741756937795838e-05
942.8571428571429,2.0,1920.6770609035168,1.6336093850259223e-05,-8.430160843749944,0.008852894715806773,1.734357940693264e-06,4.385616068634884e-05,6.5739442512960376e-06,4.4864287731464e-05
942.8571428571429,2.1,1922.2295595004084,1.6346532858960948e-05,-7.18126799474703,0.008418069581529157,1.7340768054885386e-06,3.7330299674050145e-05,6.246298896899423e-06,3.8400400986715435e-05
942.8571428571429,2.2,1923.7102454173526,-2.775152663127759e-05,-7.390240593326778,0.008056813590593495,2.941704805450789e-06,3.8388526423459226e-05,5.9739128737142615e-06,3.94171010878844e-05
942.8571428571429,2.3000000000000003,1925.1170289283634,-2.7694242948132375e-05,-6.336619733224324,0.007753237770754143,2.933506308760939e-06,3.2892550405512904e-05,5.744846475936481e-06,3.400782047569216e-05
942.8571428571429,2.4000000000000004,1926.460446242042,-2.8609357340519672e-05,-5.810777814394895,0.007415048528878291,3.0283452549786487e-06,3.014286400050227e-05,5.490630162199555e-06,3.127390548512032e-05
942.8571428571429,2.5000000000000004,1927.7457557775767,-2.7687461279470005e-05,-5.345409750134421,0.007859647333867773,2.928824103418766e-06,2.77111031204029e-05,5.816172254417645e-06,2.9054069700551164e-05
942.8571428571429,2.6,1928.97761121561,-4.877981668166746e-05,-4.942136070621927,0.006871879436801013,5.156752937918707e-06,2.5604799367152313e-05,5.082120782986291e-06,2.708973522942923e-05
942.8571428571429,2.7,1930.1600452929372,-2.675110247766955e-05,-4.998221327582541,0.005876309502701818,2.826266403533843e-06,2.5880188189724285e-05,4.343308544557168e-06,2.674884260572287e-05
942.8571428571429,2.8000000000000003,1931.2924971569885,1.640688325901467e-05,-3.349296618057451,0.006406341033363109,1.7323836187531893e-06,1.7332391982809343e-05,4.732408661799695e-06,1.8660234412590627e-05
942.8571428571429,2.9000000000000004,1932.3914560548592,-2.7657943843451027e-05,-4.3963707712464375,0.006193383080523066,2.9187307729431465e-06,2.273851840280062e-05,4.572621195278479e-06,2.381967543167723e-05
942.8571428571429,3.0000000000000004,1933.4464512450174,-2.7617668986772547e-05,-3.6813745093468233,0.00599416840476579,2.91290460275355e-06,1.9030456525987114e-05,4.4232311857186365e-06,2.024285644509826e-05
942.8571428571429,3.1,1934.4646326900822,-2.7533065205807393e-05,-3.44343428812408,0.004993706594126481,2.9024665411212496e-06,1.7791403398181405e-05,3.683111997874196e-06,1.8764034077908696e-05
942.8571428571429,3.2,1935.4483797922658,-5.049062464577225e-05,-3.2248049835288835,0.0063983212759126246,5.3199139444759904e-06,1.6653610748276946e-05,4.716799355245565e-06,1.8712044988377017e-05
942.8571428571429,3.3000000000000003,1936.399878844614,-4.8789822749086e-05,-3.027961924613009,0.006331845659195781,5.138218393801811e-06,1.562963376233747e-05,4.6655842722350105e-06,1.772631075576235e-05
942.8571428571429,3.4000000000000004,1937.3210982777161,-2.6866545350390002e-05,-2.8529670543548487,0.005322249986954832,2.82806576206292e-06,1.4719568460192825e-05,3.919888431232053e-06,1.5981073250425634e-05
942.8571428571429,3.5000000000000004,1938.2137880402747,-4.879335200416796e-05,-2.6816610710056916,0.005136900733845098,5.133824886385924e-06,1.382955597273935e-05,3.7816945374642856e-06,1.569124607915447e-05
942.8571428571429,3.6,1939.0796611921232,-2.76847040291614e-05,-2.9885149815754626,0.00428613674857843,2.9115692077186507e-06,1.5405386222936532e-05,3.1540227387778468e-06,1.630027235363365e-05
942.8571428571429,3.7,1939.915649194156,1.6639726095900207e-05,-1.4935601277102248,0.0049118948078444215,1.7492300526779208e-06,7.69584110241645e-06,3.612990105908566e-06,9.401764252608147e-06
942.8571428571429,3.8000000000000003,1940.7367015949117,-2.7581608214768526e-05,-2.7200272358868456,0.00483273316070836,2.8982727929834483e-06,1.4009706057268067e-05,3.5533224635353958e-06,1.5163246685763974e-05
942.8571428571429,3.9000000000000004,1941.5305537233085,-2.8888359507527675e-05,-2.5992631922918004,0.004668052630478316,3.0343567902840545e-06,1.3382409080914381e-05,3.4308864973258753e-06,1.4554661049119237e-05
942.8571428571429,4.0,1942.2984132197823,1.658176666221609e-05,-1.1421203029840397,0.004505366562710835,1.7410184211280343e-06,5.877962230940476e-06,3.310047286792725e-06,7.71326203448824e-06
942.8571428571429,4.1,1943.0548515132264,-2.7564507773308866e-05,-2.3918608667372605,0.004422340782116409,2.8930521887251535e-06,1.230515694349377e-05,3.2478360540542874e-06,1.3449294272887712e-05
942.8571428571429,4.2,1943.787371198003,-2.837195687554871e-05,-1.847733032241194,0.004357369563211934,2.976686814403727e-06,9.502348619359067e-06,3.1989559899078598e-06,1.0937181196524767e-05
942.8571428571429,4.3,1944.5014135524573,-2.732400150994184e-05,-1.760284075385243,0.0042740070527543155,2.865696085364492e-06,9.049383190561102e-06,3.1366425586559772e-06,1.0477623932210347e-05
942.8571428571429,4.3999999999999995,1945.1978530661577,-2.7445421369088797e-05,-1.6801513233758667,0.004147695112385465,2.8774094074102127e-06,8.634414710531953e-06,3.042890530166725e-06,1.0067321781311058e-05
942.8571428571429,4.5,1945.8774910666243,-2.746135410097853e-05,-1.6018341047356441,0.004072089047565443,2.878083647328362e-06,8.229130614858546e-06,2.9864144140820274e-06,9.687068610405054e-06
942.8571428571429,4.6,1946.5411107260436,-2.7552789657534084e-05,-1.5338553071387648,0.003987255065646879,2.886691299873802e-06,7.877278469021133e-06,2.9232339035362283e-06,9.35281217863581e-06
942.8571428571429,4.7,1947.1893918323915,-2.7435878258756964e-05,-1.9174165913454995,0.0039040014770137096,2.8734945354936862e-06,9.843918170781929e-06,2.8612747031457014e-06,1.102422249649769e-05
942.8571428571429,4.8,1947.818498772826,1.663160618654731e-05,-0.9536512389104244,0.0038216612485257448,1.7413486552355996e-06,4.894439571803035e-06,2.8000446076085568e-06,6.532100234252214e-06
942.8571428571429,4.9,1948.4380692008713,1.6670109074675586e-05,-0.8944155660628892,0.0037470941359799797,1.7448301737814034e-06,4.588985222073751e-06,2.7445652678517143e-06,6.2584738333514845e-06
942.8571428571429,5.0,1949.048695473256,nan,nan,nan,nan,nan,nan,nan
957.1428571428572,0.1,1817.1082606338168,nan,nan,nan,nan,nan,nan,nan
957.1428571428572,0.2,1841.433333263645,-3.307816429924064e-05,-1023.364620474126,0.08339452811607093,3.6617351014157837e-06,0.00551523020714527,6.413501005154328e-05,0.005515977179534034
957.1428571428572,0.30000000000000004,1855.5247596887318,-3.351959159967923e-05,-417.5127548103546,0.05427743577186563,3.6826317243961925e-06,0.002238144983960889,4.152215150905133e-05,0.0022389182006356525
957.1428571428572,0.4,1865.4410585657151,-3.174131187945481e-05,-227.93031808550944,0.04086976414043877,3.468864684908169e-06,0.0012168757066311046,3.113881565300977e-05,0.0012176772027477959
957.1428571428572,0.5,1873.0780542618434,-3.139810459847471e-05,-143.6658551965365,0.03202855232169101,3.4174750367190767e-06,0.0007644735120327281,2.432278580425813e-05,0.0007652546148530173
957.1428571428572,0.6,1879.2783914060062,-5.5412202262687126e-05,-99.17105528256796,0.02757239848498331,6.011507272995629e-06,0.0005262496071103621,2.088132525368308e-05,0.0005271117971476297
957.1428571428572,0.7000000000000001,1884.4870179973434,-3.100348458447119e-05,-71.8457317452703,0.02545069198480975,3.3542542603584443e-06,0.0003803419767554577,1.9229095321506237e-05,0.00038132766293262724
957.1428571428572,0.8,1888.9771872712279,-5.1607747927232655e-05,-54.86906114801967,0.02100089094384999,5.5702684391411684e-06,0.0002898648639029452,1.5834270816178884e-05,0.00029078190363314774
957.1428571428572,0.9,1892.9186659336322,-3.0753911311262565e-05,-43.20052334328465,0.017987855580776122,3.3125517093623504e-06,0.00022779942169495813,1.353760623364703e-05,0.00022862651440386155
957.1428571428572,1.0,1896.4281393626036,-3.078592666465742e-05,-35.315191144286466,0.016999102643876548,3.3099137427354994e-06,0.00018591008650346575,1.2772359804580777e-05,0.00018681483383999734
957.1428571428572,1.1,1899.5844608801322,1.5448525618444384e-05,-27.754661244534866,0.015538481953603885,1.6581894416319355e-06,0.00014588802938459686,1.1657423895946836e-05,0.00014682594380328336
957.1428571428572,1.2000000000000002,1902.4632357852154,-3.0539791306728185e-05,-24.508118508879303,0.015097200118646022,3.27312074094775e-06,0.0001286449950619811,1.1310860540686635e-05,0.00012967698024793638
957.1428571428572,1.3000000000000003,1905.0969295052098,-5.255806918819423e-05,-20.420864391030587,0.013264379545108802,5.625234066142277e-06,0.00010705416310323028,9.925132555777919e-06,0.00010811685163993375
957.1428571428572,1.4000000000000001,1907.526414581294,-3.062466461158241e-05,-17.563847783367233,0.01158124075807337,3.273577874083487e-06,9.196789882265939e-05,8.655575620674733e-06,9.283667758274764e-05
957.1428571428572,1.5000000000000002,1909.7802611795444,-3.0512629045620123e-05,-15.261617664805268,0.01158745826210748,3.2577852606269076e-06,7.982512374249775e-05,8.650785138721113e-06,8.082286627150804e-05
957.1428571428572,1.6,1911.8814916011468,-3.0269264860180593e-05,-13.377699445300093,0.01083005234388566,3.228279855800854e-06,6.989945303704366e-05,8.077110793184906e-06,7.090017463473563e-05
957.1428571428572,1.7000000000000002,1913.8489450282962,-7.624726671258495e-05,-11.825251831260173,0.01028346473884199,8.123659732853903e-06,6.172815825050259e-05,7.662104908056845e-06,6.319632166272354e-05
957.1428571428572,1.8000000000000003,1915.698145937133,-3.021610833609433e-05,-10.545029372224233,0.01060791981269063,3.216244967236272e-06,5.499530072428924e-05,7.896744779848026e-06,5.620982556173249e-05
957.1428571428572,1.9000000000000001,1917.4418965522475,-5.0051840171045175e-05,-9.384719204535939,0.009200544450663987,5.322796748245736e-06,4.890187746441649e-05,6.8432300239671746e-06,5.0133675100572785e-05
957.1428571428572,2.0,1919.0917999753167,-7.61265140853312e-05,-8.510490159346771,0.008811160369708663,8.088826382615432e-06,4.4310316409542096e-05,6.5483187970525965e-06,4.5984717142736626e-05
957.1428571428572,2.1,1920.6565984967924,-5.229014459630441e-05,-7.685963852372877,0.008484834465690486,5.551604400283998e-06,3.998639906055316e-05,6.3009448136581665e-06,4.134170088828701e-05
957.1428571428572,2.2,1922.1445373797444,-3.0169476847277148e-05,-6.988282726229043,0.007270212480841568,3.200604719940691e-06,3.6329895112735314e-05,5.39500595221224e-06,3.7260130540894066e-05
957.1428571428572,2.3000000000000003,1923.562593435434,-3.0274199862265086e-05,-6.384671251930739,0.007724566811486969,3.2093675565248146e-06,3.316855690965194e-05,5.728171303235219e-06,3.429398052924315e-05
957.1428571428572,2.4000000000000004,1924.9168027786045,-3.011443299751594e-05,-5.850529218082555,0.00741758810580109,3.19020443141873e-06,3.0373228277455755e-05,5.496863061480046e-06,3.1514146146484905e-05
957.1428571428572,2.5000000000000004,1926.212506829594,-3.0209873377089063e-05,-5.384520330835584,0.007136490426358936,3.1981812241374876e-06,2.7935916028515437e-05,5.285176076743156e-06,2.9094843869989192e-05
957.1428571428572,2.6,1927.4543656772753,-3.0192367066615623e-05,-4.969869193746489,0.006890857769155903,3.194286718927971e-06,2.5768688700486e-05,5.100137965953778e-06,2.6949055633339006e-05
957.1428571428572,2.7,1928.646525833019,-3.061483887295257e-05,-4.599321031150793,0.007419317006622354,3.2369990850444324e-06,2.383323891919626e-05,5.488047155351852e-06,2.527328161546895e-05
957.1428571428572,2.8000000000000003,1929.7926927784513,-5.2174856897522725e-05,-4.271183225182539,0.00639107635328742,5.51336992959939e-06,2.2120212057216518e-05,4.72477201631018e-06,2.3756009148193502e-05
957.1428571428572,2.9000000000000004,1930.8961478916317,-3.0135408549290368e-05,-3.9753059351369293,0.004559234519769009,3.1826281150932565e-06,2.0576545290261354e-05,3.368695402401497e-06,2.1359296693231283e-05
957.1428571428572,3.0000000000000004,1931.9598499454607,-5.3906464352849136e-05,-3.7088534274744225,0.006002006794739148,5.690004628056458e-06,1.9187167099070323e-05,4.4323867576386944e-06,2.097178196275968e-05
957.1428571428572,3.1,1932.986463465015,-3.0040812267679977e-05,-3.9364733801448883,0.006663735869307178,3.1692375814008667e-06,2.035432723417736e-05,4.91856190525762e-06,2.17422907356847e-05
957.1428571428572,3.2,1933.973712250768,1.5727311011210096e-05,-2.3139555934903906,0.005637428527484192,1.6583523187297387e-06,1.195881111941771e-05,4.15899082258911e-06,1.3429732131643798e-05
957.1428571428572,3.3000000000000003,1934.9378214805859,-3.0089051680397496e-05,-3.4998366251556936,0.0054729456608868104,3.171154294629349e-06,1.8078911141468398e-05,4.0357242835054706e-06,1.922179462501896e-05
957.1428571428572,3.4000000000000004,1935.8669323441522,-3.194596823682336e-05,-2.9106463066000283,0.005285900913298749,3.365258015436712e-06,1.5028376679603418e-05,3.896003147636931e-06,1.6356489482382907e-05
957.1428571428572,3.5000000000000004,1936.7669367446526,-3.1103296487685874e-05,-2.6852512933601242,0.005177757975769739,3.2749800704478593e-06,1.385835950192197e-05,3.8145916623636896e-06,1.5227666979793419e-05
957.1428571428572,3.6,1937.6400886322194,-2.9983806784162007e-05,-2.55196715522743,0.0050169938716521775,3.1556951290509284e-06,1.316473211453077e-05,3.6945596605385854e-06,1.4510965700649682e-05
957.1428571428572,3.7,1938.487720848234,-7.60723751416891e-05,-2.4179524094279254,0.004913227614360951,8.002912149897415e-06,1.2468099201501668e-05,3.6166145496068745e-06,1.5673541468931596e-05
957.1428571428572,3.8000000000000003,1939.3111735401542,-3.0049584016092048e-05,-2.2838768678184347,0.004848130100310757,3.159917654728537e-06,1.1771882850134606e-05,3.567237265475505e-06,1.3191386160610744e-05
957.1428571428572,3.9000000000000004,1940.1117874633962,-3.011317522939411e-05,-2.167246155931934,0.005456821354329125,3.16530994240448e-06,1.1166245083422176e-05,4.013522857535759e-06,1.2919788997907767e-05
957.1428571428572,4.0,1940.890728925079,-5.212743462525402e-05,-2.0577570642444694,0.004554939079258704,5.477145989478683e-06,1.059798638105071e-05,3.348879123224349e-06,1.2835358440142391e-05
957.1428571428572,4.1,1941.6490928161193,-3.004899650027259e-05,-1.9721659129118048,0.0036614705712452195,3.1560860263856538e-06,1.0153307073178355e-05,2.690969352996792e-06,1.1293057851872378e-05
957.1428571428572,4.2,1942.3877350480304,-2.8478076991882553e-05,-1.824825581252298,0.004351791575430754,2.9899630656314935e-06,9.391271406850453e-06,3.1971409557376e-06,1.0843397915444993e-05
957.1428571428572,4.3,1943.108129024129,-3.0445686421512655e-05,-1.80000908810598,0.00425178827493369,3.1953720109639877e-06,9.260208579444589e-06,3.1225529271128015e-06,1.074534963547081e-05
957.1428571428572,4.3999999999999995,1943.8105229093467,-3.0026738277320002e-05,-1.6873714374696644,0.004156676563769681,3.150273768409928e-06,8.677679975099227e-06,3.051635780811092e-06,1.019074660874378e-05
957.1428571428572,4.5,1944.4960430801896,-3.0056853191717927e-05,-1.615909761176226,0.004069197447381614,3.1523318913652716e-06,8.307312877999217e-06,2.9863942654552554e-06,9.837974640330105e-06
957.1428571428572,4.6,1945.1654041534207,-3.0000334794021947e-05,-1.5426623788926006,0.003983518993271675,3.1453316198489034e-06,7.928086376201108e-06,2.92254130123639e-06,9.477877394342677e-06
957.1428571428572,4.7,1945.819338602863,-3.018693906044522e-05,-1.4817950346923678,0.004695140501735298,3.163842117307717e-06,7.612775041811769e-06,3.443515696217773e-06,9.574959085065518e-06
957.1428571428572,4.8,1946.4584551019582,-5.203283794589885e-05,-1.4135986619749017,0.004586858762939985,5.45171253187162e-06,7.260082624701791e-06,3.3630298438564386e-06,1.0249385772279286e-05
957.1428571428572,4.9,1947.0834356144337,-5.286739599027903e-05,-1.3573843000585837,0.002953742909835456,5.537391543697933e-06,6.96918362461178e-06,2.1649703971669007e-06,9.413098275434734e-06
957.1428571428572,5.0,1947.6948422839087,nan,nan,nan,nan,nan,nan,nan
971.4285714285714,0.1,1814.8212018108545,nan,nan,nan,nan,nan,nan,nan
971.4285714285714,0.2,1839.2951608163173,-3.5862708748641166e-05,-1029.2847888240656,0.08356781830516415,3.974577857680187e-06,0.005553266607240242,6.43389946458233e-05,0.005554013397609225
971.4285714285714,0.30000000000000004,1853.4762719335395,-3.241273550117971e-05,-419.92821309422646,0.05437486510134024,3.5649451430344907e-06,0.0022534888918991323,4.1640757481731976e-05,0.002254261031937951
971.4285714285714,0.4,1863.4581009198193,-3.447153994313798e-05,-229.33761664958178,0.04088592199173038,3.7712304655017208e-06,0.0012256528821392224,3.118314255793481e-05,0.0012264517872444
971.4285714285714,0.5,1871.1465537396034,-3.408180266621916e-05,-145.04780467643738,0.03293501321348346,3.7133903288523214e-06,0.0007726057313967161,2.5036215545054955e-05,0.0007734255165382288
971.4285714285714,0.6,1877.384528512623,1.4580255410282934e-05,-98.81672618053015,0.02759907733149022,1.5833536650219031e-06,0.0005248853921852564,2.0922008458620157e-05,0.0005257210694029526
971.4285714285714,0.7000000000000001,1882.6343360238375,-3.372941497802917e-05,-72.77146847673065,0.02384450616211212,3.6527468809331457e-06,0.0003856143950984781,1.8032817156884875e-05,0.0003864740214505609
971.4285714285714,0.8,1887.1564288502846,-3.419740196070511e-05,-55.25097043910135,0.021015490237948607,3.694624621018042e-06,0.00029215911625834833,1.586023184812725e-05,0.00029304213583118384
971.4285714285714,0.9,1891.1260119723406,-3.357020801647654e-05,-43.46956040094482,0.01876863096568969,3.619311798125411e-06,0.00022943187571262472,1.4138331632221498e-05,0.00023032991523810076
971.4285714285714,1.0,1894.6608994903872,-3.315751244570042e-05,-35.069669051586054,0.017837903690082164,3.568202313696468e-06,0.00018478678386607073,1.3414891562891259e-05,0.00018579237387633988
971.4285714285714,1.1,1897.845090317918,-5.6286215652426177e-05,-28.88644538722928,0.015547231605415853,6.047102944234004e-06,0.00015197469961473727,1.1674512519929339e-05,0.0001529884481330658
971.4285714285714,1.2000000000000002,1900.7404166915765,-3.315865755289455e-05,-24.198871320709255,0.013492660419620967,3.5570059082826145e-06,0.00012713539311232677,1.0117715730030195e-05,0.00012798748695104855
971.4285714285714,1.3000000000000003,1903.3937543520278,-3.320673241848912e-05,-20.560695809376735,0.013265110861499358,3.5572385121625676e-06,0.00010788250738906554,9.93441465801673e-06,0.00010885161705541644
971.4285714285714,1.4000000000000001,1905.8414850543854,-3.305330738910474e-05,-17.679093636343165,0.012371884159426833,3.5362933299315005e-06,9.265226412436045e-05,9.25453078923147e-06,9.363888133752579e-05
971.4285714285714,1.5000000000000002,1908.1124248203796,-3.311415732316622e-05,-15.365922324872368,0.011595974123474666,3.538622441446806e-06,8.044018099881547e-05,8.664594218847859e-06,8.144504253703775e-05
971.4285714285714,1.6,1910.229705363125,-3.317026302222534e-05,-13.960102980422558,0.01090247893915262,3.5407223004381865e-06,7.300517240355362e-05,8.138035111671204e-06,7.399153426601582e-05
971.4285714285714,1.7000000000000002,1912.2073848760663,1.4648425011273521e-05,-10.931793793588438,0.010290860611019075,1.5620221751891887e-06,5.711264987217622e-05,7.67408449785878e-06,5.8155634589075943e-05
971.4285714285714,1.8000000000000003,1914.0757464510716,-3.301633512535322e-05,-11.079028102903974,0.009787035279504157,3.517269978515608e-06,5.7828768297777004e-05,7.291735408442007e-06,5.884621008589423e-05
971.4285714285714,1.9000000000000001,1915.833317745048,-3.453176845948751e-05,-9.988601519034999,0.009259237875488683,3.675365443031905e-06,5.2092038519519695e-05,6.892574226746044e-06,5.3123478304807605e-05
971.4285714285714,2.0,1917.4910030238339,1.4537486518975146e-05,-7.572226752427012,0.00878767352350565,1.5459573030860074e-06,3.945773238665139e-05,6.53621231880757e-06,4.055547770687243e-05
971.4285714285714,2.1,1919.0729660350955,-3.2951095727912654e-05,-8.225674031223205,0.0084296952013915,3.501257548654369e-06,4.282927769323398e-05,6.265096865550871e-06,4.387606078051709e-05
971.4285714285714,2.2,1920.572672306045,-3.296345011945054e-05,-7.039904262478556,0.008063170316239624,3.4998589270636896e-06,3.662797612822474e-05,5.988271334031746e-06,3.775680647114003e-05
971.4285714285714,2.3000000000000003,1922.0019795343696,-3.276422107080638e-05,-6.427325017989459,0.007730093035189615,3.476141484324632e-06,3.341704923103404e-05,5.736866151477504e-06,3.4563072858302576e-05
971.4285714285714,2.4000000000000004,1923.3670135125144,-3.286375970553767e-05,-5.895488932878833,0.006539310596082262,3.4842491509984513e-06,3.063111837299429e-05,4.849865862149113e-06,3.158239703835509e-05
971.4285714285714,2.5000000000000004,1924.6730926013304,-5.742031782810962e-05,-5.421325877046001,0.007133833524079595,6.083665311210113e-06,2.8149206194729176e-05,5.287383675672195e-06,2.9754018976933692e-05
971.4285714285714,2.6,1925.924958431376,-3.286021890025954e-05,-5.00658146211208,0.007759030491530442,3.4792871063100385e-06,2.597951297270771e-05,5.747206201420128e-06,2.7442691036239637e-05
971.4285714285714,2.7,1927.1267584468003,-3.2706516105759e-05,-4.631799228968702,0.006633971389260299,3.460872231304261e-06,2.402033857782097e-05,4.91094303555101e-06,2.524260337190721e-05
971.4285714285714,2.8000000000000003,1928.282240469935,-3.286740635548999e-05,-4.303284804291251,0.006403244388229726,3.4758313549433963e-06,2.2303807652144917e-05,4.737433441551775e-06,2.3546290379126643e-05
971.4285714285714,2.9000000000000004,1929.3946896450268,-3.284524145103664e-05,-4.489149347023157,0.006196838067074853,3.4715023423350637e-06,2.32542716297086e-05,4.582199682025917e-06,2.438863639880313e-05
971.4285714285714,3.0000000000000004,1930.4622473266484,1.4717100424400105e-05,-2.7641546335871676,0.0059999856283866415,1.55463369625172e-06,1.4310906225612643e-05,4.4342824963127196e-06,1.570174020425796e-05
971.4285714285714,3.1,1931.502163461934,-3.29964303905172e-05,-3.9825232641305766,0.006633822133426295,3.483710575887179e-06,2.0608117041705917e-05,4.9002159140044935e-06,2.2019422321871295e-05
971.4285714285714,3.2,1932.5022543645784,-5.5754259544323826e-05,-3.27217734570695,0.005640887249637674,5.883441043221758e-06,1.6923862190263683e-05,4.1646869822716415e-06,1.886057330159157e-05
971.4285714285714,3.3000000000000003,1933.4696234937658,-3.285134675750218e-05,-3.074579771919161,0.003747916777609818,3.4648950507323338e-06,1.5894178262529867e-05,2.7657721384152628e-06,1.6731090562092316e-05
971.4285714285714,3.4000000000000004,1934.406246825234,-5.638178902804618e-05,-2.9132319199561603,0.004448830982050824,5.943842195192019e-06,1.5053021445563514e-05,3.2814856093028673e-06,1.683624097861704e-05
971.4285714285714,3.5000000000000004,1935.3137378375025,-5.527506002515572e-05,-2.6831921697066714,0.006090102053786952,5.824461519304109e-06,1.3858072174796958e-05,4.490073178278247e-06,1.6318456749470015e-05
971.4285714285714,3.6,1936.194396928074,-3.279831629622553e-05,-3.078849085227375,0.0059135001096706245,3.4544774219293585e-06,1.5894572658150155e-05,4.357962760699298e-06,1.7394094776421045e-05
971.4285714285714,3.7,1937.0442675277932,1.479619329336403e-05,-1.4625210282247278,0.004911227532500109,1.5577252576243748e-06,7.547017337641851e-06,3.617799674373783e-06,9.24991500721524e-06
971.4285714285714,3.8000000000000003,1937.8795129172302,-3.278854135639908e-05,-2.7882649148295964,0.004791160867074497,3.450472076696764e-06,1.4382234438369207e-05,3.527897499834798e-06,1.560918148177407e-05
971.4285714285714,3.9000000000000004,1938.6868756575188,-3.275814514954622e-05,-2.183201939624268,0.004669306712935397,3.44585079478647e-06,1.1256679561123403e-05,3.4367922222136423e-06,1.2736161274068427e-05
971.4285714285714,4.0,1939.4724063784113,-3.27611007062615e-05,-2.073542855691812,0.003681177683711214,3.4447786369447293e-06,1.068705854060666e-05,2.708432374264559e-06,1.1863849795063712e-05
971.4285714285714,4.1,1940.2372016707468,-5.7287642953997486e-05,-1.9709917471800504,0.003602538291056591,6.021353574213857e-06,1.0154609654785248e-05,2.6495653674474653e-06,1.2386007806372068e-05
971.4285714285714,4.2,1940.9822870456105,-5.806056218491456e-05,-1.8741330065495272,0.004340739446348609,6.100272417112919e-06,9.651978554048388e-06,3.1913079150365586e-06,1.2277740263906412e-05
971.4285714285714,4.3,1941.7086310904087,-5.720041264705749e-05,-1.7910288442180895,0.005101397288211731,6.0076706113637645e-06,9.220619385154456e-06,3.749187652726231e-06,1.2215758025240992e-05
971.4285714285714,4.3999999999999995,1942.4170648467648,-3.2722848527691933e-05,-1.7037561037795965,0.0050476109095370725,3.435588126457339e-06,8.768198677215772e-06,3.7083504250734695e-06,1.077906765764406e-05
971.4285714285714,4.5,1943.108461042083,-3.264308419536523e-05,-1.6282173908393813,0.004069746493769346,3.426005386397558e-06,8.376536419627871e-06,2.9889096064085013e-06,9.98854526783251e-06
971.4285714285714,4.6,1943.783575063493,-3.2733878712133486e-05,-1.5564311376692783,0.003978615111969931,3.4343523673488994e-06,8.00450842629074e-06,2.9209987594859618e-06,9.64009330014557e-06
971.4285714285714,4.7,1944.443124773526,-3.265030700308675e-05,-1.4881998988357734,0.003907236920667858,3.4244330023968293e-06,7.651068011355989e-06,2.8676527952060133e-06,9.311951901186194e-06
971.4285714285714,4.8,1945.0877924845709,-3.276267583014491e-05,-1.444743210731758,0.00382964402924131,3.4350902049685504e-06,7.4252445691232804e-06,2.8098025701948718e-06,9.095278038329178e-06
971.4285714285714,4.9,1945.7180127635083,-3.117186261681585e-05,-1.3365326531584285,0.0037487603099123153,3.2672480795201204e-06,6.866920360558984e-06,2.7495949339905225e-06,8.541080133884715e-06
971.4285714285714,5.0,1946.3348677159142,nan,nan,nan,nan,nan,nan,nan
985.7142857142858,0.1,1812.527139889137,nan,nan,nan,nan,nan,nan,nan
985.7142857142858,0.2,1837.149669448837,-6.523528077216277e-05,-1035.1029674169465,0.08375341292079956,7.238274144458188e-06,0.005590856281442933,6.45531505073886e-05,0.0055916062603551895
985.7142857142858,0.30000000000000004,1851.4211693343673,-3.926276140871328e-05,-422.4560954125763,0.05541487209063692,4.323124375581496e-06,0.002269478018649246,4.2482362736005726e-05,0.0022702772229011466
985.7142857142858,0.4,1861.468108265772,-3.7506253877359134e-05,-230.69494497449335,0.040896683340378125,4.107598406539649e-06,0.001234185456678163,3.122354752311282e-05,0.001234981956823828
985.7142857142858,0.5,1869.2080977474316,-3.729237648153689e-05,-145.44460475226512,0.033843090210041296,4.0673933651291105e-06,0.0007755003885837462,2.575246093400696e-05,0.0007763657481307655
985.7142857142858,0.6,1875.4936411815686,-6.113189332716054e-05,-100.4414119451212,0.027631379201977793,6.645360291353761e-06,0.0005340427440900811,2.0967108750038462e-05,0.0005349065830846894
985.7142857142858,0.7000000000000001,1880.7747704962544,-3.6740311796074864e-05,-72.72084432236169,0.02297407272208717,3.9827292385208765e-06,0.0003857197137842642,1.739130015241555e-05,0.00038652357544655006
985.7142857142858,0.8,1885.3286913677166,-3.6726372276871236e-05,-55.61052909902172,0.021034178240932996,3.971678182637089e-06,0.00029434049061667427,1.588938329241023e-05,0.0002952237179612729
985.7142857142858,0.9,1889.3265069481886,-3.637625467406456e-05,-43.74297497643055,0.018810650322814135,3.925558316414937e-06,0.00023109133009111113,1.4183201654316148e-05,0.00023199340350472995
985.7142857142858,1.0,1892.8868927788963,-3.658971979239145e-05,-35.30458366863058,0.017031638333457985,3.941227559801211e-06,0.00018619635595325802,1.2820283398822697e-05,0.0001871185067752593
985.7142857142858,1.1,1896.0942327729176,-3.6235677023592e-05,-29.074224197142932,0.015560826339907415,3.8965435930415605e-06,0.00015310193986153088,1.1695311847393913e-05,0.00015404203218521845
985.7142857142858,1.2000000000000002,1899.0108305249676,-3.620792211943358e-05,-24.362596233868313,0.014319773203470738,3.887628103352905e-06,0.00012811065753525803,1.0747549641437779e-05,0.00012906771041967268
985.7142857142858,1.3000000000000003,1901.6838023146788,-3.6156002309735456e-05,-20.69641498496821,0.01327236411320883,3.876641900661596e-06,0.00010869110653358898,9.948634401347304e-06,0.0001096664745709704
985.7142857142858,1.4000000000000001,1904.1498099545404,-3.611018123535819e-05,-17.798712447756767,0.012375174681460526,3.866756390655191e-06,9.336109556412603e-05,9.26508351580973e-06,9.435533644171062e-05
985.7142857142858,1.5000000000000002,1906.4378304699244,-3.6156442788114914e-05,-15.470130163816972,0.011591601751899822,3.867102262499074e-06,8.105608306182885e-05,8.668816649458778e-06,8.20691162706081e-05
985.7142857142858,1.6,1908.5711496836702,-3.6115652006333265e-05,-13.56546990875813,0.01176170152064629,3.8584580718689995e-06,7.100225758918912e-05,8.78692911484044e-06,7.218468347227406e-05
985.7142857142858,1.7000000000000002,1910.5688141983285,-5.9860792840731916e-05,-11.98697755530702,0.00939328285380157,6.388683796258327e-06,6.267875662143089e-05,7.0106815418936345e-06,6.377884542401843e-05
985.7142857142858,1.8000000000000003,1912.4466089374337,-6.140175710529555e-05,-10.671203837614483,0.008894325501432836,6.546747620123885e-06,5.5747075602891365e-05,6.632194549532351e-06,5.69084207456311e-05
985.7142857142858,1.9000000000000001,1914.2176916381627,-3.567647315596791e-05,-9.56014325572596,0.011025414108866021,3.8003895336483297e-06,4.98991456878757e-05,8.214167137815005e-06,5.137424242286428e-05
985.7142857142858,2.0,1915.8931729063345,-5.950264421505843e-05,-8.604531452147056,0.008806319675829859,6.332961541636187e-06,4.4874104267692805e-05,6.555486374105312e-06,4.6257328488767804e-05
985.7142857142858,2.1,1917.4826088599848,-3.673505362246492e-05,-7.7964816007806785,0.007576564312000759,3.906547510988845e-06,4.062796066984386e-05,5.635643711342708e-06,4.158621480404758e-05
985.7142857142858,2.2,1918.9940799976273,-3.588937247957351e-05,-7.087207769336599,0.007187580849199552,3.8136342540638076e-06,3.69041855295726e-05,5.342331980428653e-06,3.786216763212463e-05
985.7142857142858,2.3000000000000003,1920.4346790575764,-6.143843335669324e-05,-6.476076083708903,0.007729101460779478,6.5236435344972145e-06,3.3697786671582374e-05,5.740752252600389e-06,3.527054329578912e-05
985.7142857142858,2.4000000000000004,1921.8105173566885,-3.6016826976970195e-05,-6.439571494365736,0.008328310461683945,3.821617403648512e-06,3.3484987580110504e-05,6.181614124273843e-06,3.481772334864627e-05
985.7142857142858,2.5000000000000004,1923.1219599408569,1.3309659637457132e-05,-4.455750667125357,0.007139808025158349,1.4112822999970285e-06,2.3154107750416007e-05,5.296014107701093e-06,2.4376216981026762e-05
985.7142857142858,2.6,1924.388845018354,-3.585308175204322e-05,-5.541383447484804,0.00688201722387021,3.7991903202501466e-06,2.877743320194091e-05,5.101612093685659e-06,2.9910322644373678e-05
985.7142857142858,2.7,1925.6003162613763,-3.5960513579379993e-05,-4.670697692995417,0.0066349395757924895,3.8081980285704355e-06,2.4241137335314247e-05,4.915507133418919e-06,2.5504108145390197e-05
985.7142857142858,2.8000000000000003,1926.7650805274686,-3.5818785073911426e-05,-4.3316505639268135,0.006404323537555004,3.7909160724062114e-06,2.2468389608871734e-05,4.7419191491409295e-06,2.375228769441087e-05
985.7142857142858,2.9000000000000004,1927.8865282879217,-3.579157205299457e-05,-4.032785065624011,0.0070509269973626975,3.78585185239557e-06,2.0906442207011303e-05,5.2177932344050106e-06,2.2491392408594803e-05
985.7142857142858,3.0000000000000004,1928.9676481977185,-5.948880180574186e-05,-3.763861404809176,0.005997039608354273,6.288945465731186e-06,1.9501760105378275e-05,4.435511180143156e-06,2.1429349060039466e-05
985.7142857142858,3.1,1930.0111294934673,-3.572287167442032e-05,-3.5192731142160474,0.004060988291041669,3.7744622358095347e-06,1.8224949378060626e-05,3.0020207382644363e-06,1.9089777422179763e-05
985.7142857142858,3.2,1931.0194180580738,-6.105678942378752e-05,-3.298547221584158,0.005646988663687583,6.447893782280649e-06,1.70732724343053e-05,4.17235759196133e-06,1.9180435385933692e-05
985.7142857142858,3.3000000000000003,1931.9947211504646,-3.569711571403791e-05,-3.596942409649272,0.006382422529077306,3.7679028247477323e-06,1.860871766774547e-05,4.713460001007837e-06,2.0122496746100022e-05
985.7142857142858,3.4000000000000004,1932.9340548187588,1.333690110102454e-05,-2.4130181195687324,0.005365491504255717,1.4070552944587343e-06,1.2477798407527636e-05,3.960591873743024e-06,1.3749466668976005e-05
985.7142857142858,3.5000000000000004,1933.8492583058573,1.2393092175352664e-05,-2.2450102965422043,0.005180231838977536,1.3068694937245415e-06,1.1603667481129414e-05,3.822101339762447e-06,1.2867397724057333e-05
985.7142857142858,3.6,1934.7420116899905,-3.572293764545979e-05,-3.0931235486832516,0.005847709428070405,3.765322040708164e-06,1.5980147872248493e-05,4.312689571204795e-06,1.7514033195250255e-05
985.7142857142858,3.7,1935.6038338386368,-5.952030022797324e-05,-2.449523202926684,0.004910154338324448,6.270894398313408e-06,1.2649613386503918e-05,3.6196812809310875e-06,1.5018023189949583e-05
985.7142857142858,3.8000000000000003,1936.4411607552538,-3.576276202220474e-05,-2.3209155974200253,0.003942271670325683,3.766241818970176e-06,1.1980432435306336e-05,2.9049645626675845e-06,1.3213363576190917e-05
985.7142857142858,3.9000000000000004,1937.2552785158966,-3.573485929402982e-05,-2.1998383715526866,0.0046599339545480255,3.7617361106236422e-06,1.1350797580825422e-05,3.432401762770074e-06,1.2905581273579906e-05
985.7142857142858,4.0,1938.047397892824,-3.605263990718872e-05,-2.5898100081803928,0.004556836406607092,3.7936510926963994e-06,1.3357704848852486e-05,3.35513940746389e-06,1.4674262786566422e-05
985.7142857142858,4.1,1938.8136191696694,1.3313082751506061e-05,-1.485049764778523,0.004462106833943837,1.4003213943290438e-06,7.656612552166523e-06,3.2841300905986517e-06,9.063974662661e-06
985.7142857142858,4.2,1939.5649899488672,1.3314740772307248e-05,-1.8901124977901413,0.0034463219469671475,1.3999581826688192e-06,9.741354287897634e-06,2.5355591401636437e-06,1.0474348981301788e-05
985.7142857142858,4.3,1940.297459603087,-1.1817837538114887e-05,-1.3000605476463531,0.004253977137221911,1.2421037536680857e-06,6.697832092321497e-06,3.1286330345901878e-06,8.122836068890355e-06
985.7142857142858,4.3999999999999995,1941.0169286518303,-3.575073711263035e-05,-2.2180550514576676,0.005065088134068676,3.7561803438292792e-06,1.1423179744304529e-05,3.7238478122040177e-06,1.3127528758413444e-05
985.7142857142858,4.5,1941.714217150059,-3.588580370292225e-05,-1.6440058133412092,0.0040713534829933465,3.769029653049831e-06,8.463807607757252e-06,2.992215458569805e-06,1.0185692438303185e-05
985.7142857142858,4.6,1942.3950655901544,-3.5694711229916766e-05,-1.5666414020415684,0.0039848936471059936,3.7476574235601378e-06,8.062752577865477e-06,2.927678952201011e-06,9.807931657111169e-06
985.7142857142858,4.7,1943.0602476162294,-3.5702781911391e-05,-1.4986035494302994,0.0038936887866555044,3.747233297750223e-06,7.710014392109988e-06,2.8597231311908133e-06,9.47850790411902e-06
985.7142857142858,4.8,1943.71044360681,-3.604526186425123e-05,-1.4411289423378546,0.003855242757606449,3.7819248668807118e-06,7.411894658247012e-06,2.830569289894785e-06,9.23381736517851e-06
985.7142857142858,4.9,1944.3462283079673,-3.646446190343799e-05,-1.3760732878836277,0.003765853617551331,3.8246687702189e-06,7.0750424140505864e-06,2.7640623262992456e-06,8.942281445461e-06
985.7142857142858,5.0,1944.9682522762457,nan,nan,nan,nan,nan,nan,nan
1000.0,0.1,1810.2243928730834,nan,nan,nan,nan,nan,nan,nan
1000.0,0.2,1834.99086475875,nan,nan,nan,nan,nan,nan,nan
1000.0,0.30000000000000004,1849.3580539267443,nan,nan,nan,nan,nan,nan,nan
1000.0,0.4,1859.4704612741984,nan,nan,nan,nan,nan,nan,nan
1000.0,0.5,1867.2620310661819,nan,nan,nan,nan,nan,nan,nan
1000.0,0.6,1873.5902779539167,nan,nan,nan,nan,nan,nan,nan
1000.0,0.7000000000000001,1878.9077069458558,nan,nan,nan,nan,nan,nan,nan
1000.0,0.8,1883.493458707133,nan,nan,nan,nan,nan,nan,nan
1000.0,0.9,1887.5195781985929,nan,nan,nan,nan,nan,nan,nan
1000.0,1.0,1891.1054187776517,nan,nan,nan,nan,nan,nan,nan
1000.0,1.1,1894.33598019179,nan,nan,nan,nan,nan,nan,nan
1000.0,1.2000000000000002,1897.2738549864976,nan,nan,nan,nan,nan,nan,nan
1000.0,1.3000000000000003,1899.9664715013482,nan,nan,nan,nan,nan,nan,nan
1000.0,1.4000000000000001,1902.4507654299534,nan,nan,nan,nan,nan,nan,nan
1000.0,1.5000000000000002,1904.755857253594,nan,nan,nan,nan,nan,nan,nan
1000.0,1.6,1906.9052234629896,nan,nan,nan,nan,nan,nan,nan
1000.0,1.7000000000000002,1908.9180270322558,nan,nan,nan,nan,nan,nan,nan
1000.0,1.8000000000000003,1910.804940452958,nan,nan,nan,nan,nan,nan,nan
1000.0,1.9000000000000001,1912.5947846183885,nan,nan,nan,nan,nan,nan,nan
1000.0,2.0,1914.2831993920565,nan,nan,nan,nan,nan,nan,nan
1000.0,2.1,1915.8847547351552,nan,nan,nan,nan,nan,nan,nan
1000.0,2.2,1917.408163327479,nan,nan,nan,nan,nan,nan,nan
1000.0,2.3000000000000003,1918.8548401249961,nan,nan,nan,nan,nan,nan,nan
1000.0,2.4000000000000004,1920.24667082801,nan,nan,nan,nan,nan,nan,nan
1000.0,2.5000000000000004,1921.5735435374522,nan,nan,nan,nan,nan,nan,nan
1000.0,2.6,1922.8454146498725,nan,nan,nan,nan,nan,nan,nan
1000.0,2.7,1924.06653519563,nan,nan,nan,nan,nan,nan,nan
1000.0,2.8000000000000003,1925.2406106288647,nan,nan,nan,nan,nan,nan,nan
1000.0,2.9000000000000004,1926.3710625283568,nan,nan,nan,nan,nan,nan,nan
1000.0,3.0000000000000004,1927.4609084969916,nan,nan,nan,nan,nan,nan,nan
1000.0,3.1,1928.512805143026,nan,nan,nan,nan,nan,nan,nan
1000.0,3.2,1929.524121182299,nan,nan,nan,nan,nan,nan,nan
1000.0,3.3000000000000003,1930.5125336815074,nan,nan,nan,nan,nan,nan,nan
1000.0,3.4000000000000004,1931.464584628835,nan,nan,nan,nan,nan,nan,nan
1000.0,3.5000000000000004,1932.387307976697,nan,nan,nan,nan,nan,nan,nan
1000.0,3.6,1933.2823360564691,nan,nan,nan,nan,nan,nan,nan
1000.0,3.7,1934.1512531494338,nan,nan,nan,nan,nan,nan,nan
1000.0,3.8000000000000003,1934.9955100704158,nan,nan,nan,nan,nan,nan,nan
1000.0,3.9000000000000004,1935.816388545847,nan,nan,nan,nan,nan,nan,nan
1000.0,4.0,1936.6150317256229,nan,nan,nan,nan,nan,nan,nan
1000.0,4.1,1937.3927536242556,nan,nan,nan,nan,nan,nan,nan
1000.0,4.2,1938.150410146159,nan,nan,nan,nan,nan,nan,nan
1000.0,4.3,1938.883876312186,nan,nan,nan,nan,nan,nan,nan
1000.0,4.3999999999999995,1939.6094963880973,nan,nan,nan,nan,nan,nan,nan
1000.0,4.5,1940.3126496246264,nan,nan,nan,nan,nan,nan,nan
1000.0,4.6,1940.9992714818711,nan,nan,nan,nan,nan,nan,nan
1000.0,4.7,1941.67008417691,nan,nan,nan,nan,nan,nan,nan
1000.0,4.8,1942.3257385531585,nan,nan,nan,nan,nan,nan,nan
1000.0,4.9,1942.9670021255072,nan,nan,nan,nan,nan,nan,nan
1000.0,5.0,1943.5943329480308,nan,nan,nan,nan,nan,nan,nan
