T1_K,P1_atm,cj_speed_m_s,x10_T_m,x50_T_m,x90_T_m,ho2_peak,ho2_peak_x_m,source_file
300.0,0.1,1920.62258153982,0.001980885176003544,0.0032817428561155563,0.015956024085897157,0.00013922068723763462,0.0017444527101731601,znd_T0300.00_P00.10.npz
300.0,0.2,1937.9976387438476,0.0009117667362350163,0.0013702561930556399,0.007460354630619886,0.000262756185810189,0.0007911246596701573,znd_T0300.00_P00.20.npz
300.0,0.3,1947.819051656995,0.000584606890535893,0.0008222728656115145,0.0039218385362161665,0.0003801276960322649,0.0005085520051161759,znd_T0300.00_P00.30.npz
300.0,0.4,1954.6163834610904,0.00043008333816995633,0.000582308323493161,0.002463283268481263,0.0004929469848602509,0.00037472459604629923,znd_T0300.00_P00.40.npz
300.0,0.5,1959.7839025110939,0.00034119766504376486,0.0004508611912054675,0.0017269726663935298,0.0006018975891615638,0.0002984595230097181,znd_T0300.00_P00.50.npz
300.0,0.6,1963.9346480027305,0.000283901665613958,0.0003688614559681582,0.001298721798962673,0.0007076517055456469,0.00025112865000673733,znd_T0300.00_P00.60.npz
300.0,0.7,1967.3920978770213,0.00024417166104516826,0.0003132665073991784,0.0010251585254340187,0.0008104506067556755,0.00021692491154105074,znd_T0300.00_P00.70.npz
300.0,0.8,1970.3474046713634,0.0002151538783581935,0.0002733501582908853,0.0008387127081678489,0.0009105544485541016,0.00019263405783528491,znd_T0300.00_P00.80.npz
300.0,0.9,1972.9229348984773,0.00019317276403735633,0.00024344967298421436,0.0007049399081328665,0.0010082104816352517,0.00017303745675418972,znd_T0300.00_P00.90.npz
300.0,1.0,1975.2015032109978,0.0001760184979340697,0.00022033604771559825,0.0006053258154195549,0.0011035072224944498,0.00015821596777811648,znd_T0300.00_P01.00.npz
300.0,1.1,1977.241781105265,0.00016232737030384562,0.00020202272269563456,0.0005290838403681085,0.001196749203787713,0.00014764086174255114,znd_T0300.00_P01.10.npz
300.0,1.2,1979.0867609578754,0.0001512270559417013,0.00018723503023434623,0.0004691619483586571,0.0012879788772462803,0.00013803720405653798,znd_T0300.00_P01.20.npz
300.0,1.3,1980.7689368159631,0.00014210975507488732,0.00017511261019814893,0.000421151392784751,0.001377310218981534,0.00012998593019576693,znd_T0300.00_P01.30.npz
300.0,1.4,1982.313385481907,0.00013452487904280728,0.0001650495509308581,0.00038201828394400413,0.0014646580878371707,0.00012329005654050285,znd_T0300.00_P01.40.npz
300.0,1.5,1983.739879724588,0.00012817137847017296,0.00015661903234516858,0.00034971294286270947,0.0015500461042077386,0.00011767847108412418,znd_T0300.00_P01.50.npz
300.0,1.6,1985.064290109255,0.00012282402268301898,0.00014950557949241757,0.00032271508451760315,0.001633694363186842,0.00011383915646750396,znd_T0300.00_P01.60.npz
300.0,1.7,1986.2994891166074,0.00011830342130819925,0.0001434759907755884,0.000299975673980296,0.0017158962960454286,0.00010979825573696437,znd_T0300.00_P01.70.npz
300.0,1.8,1987.4561389271514,0.00011448547249212901,0.0001383461462166824,0.00028059925159945153,0.0017962232687621193,0.00010636934513210692,znd_T0300.00_P01.80.npz
300.0,1.9,1988.5431043106823,0.00011126288390191148,0.00013397399899288726,0.0002640031847606568,0.0018748334846337721,0.00010397492673589849,znd_T0300.00_P01.90.npz
300.0,2.0,1989.5678613188618,0.00010855665723123472,0.0001302578166858525,0.00024971868744089323,0.0019514989379971397,0.00010119593413950346,znd_T0300.00_P02.00.npz
300.0,2.1,1990.5367290478682,0.00010629068714942089,0.00012710369691166577,0.00023733777718829179,0.002027145160765231,0.00010002973030323428,znd_T0300.00_P02.10.npz
300.0,2.2,1991.4551739244014,0.00010441756420136183,0.00012444279136974523,0.00022655566701676173,0.0021007854209181896,9.865269988157995e-05,znd_T0300.00_P02.20.npz
300.0,2.3,1992.3278793876616,0.00010290134758700114,0.00012221768924893078,0.00021720112987963242,0.002173418422605847,9.714123473748429e-05,znd_T0300.00_P02.30.npz
300.0,2.4,1993.158929916039,0.00010169499839197966,0.00012038201467804035,0.00020902608015136736,0.0022438906843870554,9.605644227474031e-05,znd_T0300.00_P02.40.npz
300.0,2.5,1993.9518834469877,0.00010077486869372203,0.00011889428680498694,0.00020189812485955582,0.0023132508081828928,9.580995511730362e-05,znd_T0300.00_P02.50.npz
300.0,2.6,1994.7098779219255,0.00010012135241840079,0.00011772354960827667,0.00019564581751973633,0.002380445002531094,9.500383229504141e-05,znd_T0300.00_P02.60.npz
300.0,2.7,1995.4356800521214,9.970094121416911e-05,0.00011683684584046613,0.00019021276012669196,0.0024469010130520764,9.499001256016891e-05,znd_T0300.00_P02.70.npz
300.0,2.8,1996.1317436505992,9.950346407887258e-05,0.000116209448839732,0.0001854811167125349,0.0025117743265084184,9.520172211655449e-05,znd_T0300.00_P02.80.npz
300.0,2.9,1996.8002909209308,9.949394817480146e-05,0.0001158174688458313,0.00018135033977124187,0.0025748624598702407,9.533118741769107e-05,znd_T0300.00_P02.90.npz
300.0,3.0,1997.4432328235062,9.966975380659752e-05,0.00011564068892918838,0.00017777540635065798,0.0026367816034196722,9.599651938408326e-05,znd_T0300.00_P03.00.npz
300.0,3.1,1998.0623601191162,0.00010000999632439481,0.00011565528898178494,0.0001746851732898051,0.0026970375615191465,9.665564561460431e-05,znd_T0300.00_P03.10.npz
300.0,3.2,1998.659285031,0.00010049305016330083,0.00011584258861195848,0.0001720457587004585,0.002756200585491768,9.724355426681162e-05,znd_T0300.00_P03.20.npz
300.0,3.3,1999.2354136659644,0.00010110341939574399,0.00011617847576843622,0.00016977585057286954,0.0028138853117466644,9.797899872983121e-05,znd_T0300.00_P03.30.npz
300.0,3.4,1999.7920699379788,0.00010181846734494389,0.00011664522416071404,0.00016783339537182327,0.0028702204958043816,9.886897414972594e-05,znd_T0300.00_P03.40.npz
300.0,3.5,2000.3304453502506,0.00010262420894325756,0.00011721949771799387,0.00016620721251806633,0.002925272044603389,9.985537079916232e-05,znd_T0300.00_P03.50.npz
300.0,3.6,2000.8516094102297,0.00010350335908951522,0.00011788229019562501,0.00016482452494539989,0.002979089042553874,0.00010092823926556968,znd_T0300.00_P03.60.npz
300.0,3.7,2001.3565552503726,0.00010443211029473124,0.0001186143925084728,0.0001636666901293945,0.003031358769009248,0.00010232896514573356,znd_T0300.00_P03.70.npz
300.0,3.8,2001.846215261547,0.00010539724678027221,0.00011939615100152393,0.00016268526419779613,0.0030830666995486067,0.00010333742556242676,znd_T0300.00_P03.80.npz
300.0,3.9,2002.3214169581768,0.00010638153335567802,0.00012021023264718308,0.00016185476896215145,0.003133196414388715,0.00010426316636909396,znd_T0300.00_P03.90.npz
300.0,4.0,2002.7829343266942,0.00010737118518363625,0.00012104102459259509,0.00016116491328327213,0.0031824014710079744,0.00010568671489915744,znd_T0300.00_P04.00.npz
300.0,4.1,2003.2314604773155,0.0001083510821092372,0.0001218748818149044,0.00016057345428793882,0.0032305199260374254,0.0001066665087503808,znd_T0300.00_P04.10.npz
300.0,4.2,2003.6677139169399,0.00010931251271966994,0.00012269913584839326,0.00016005326402966045,0.0032775275944499816,0.00010783108829493268,znd_T0300.00_P04.20.npz
300.0,4.3,2004.0922287955793,0.0001102432533616558,0.00012350327938387095,0.0001596195164870795,0.003323403143134938,0.00010903562710974394,znd_T0300.00_P04.30.npz
300.0,4.4,2004.5056547168613,0.00011113624580961341,0.00012427854213298457,0.00015921233376335947,0.003368396751310783,0.00011006492392172887,znd_T0300.00_P04.40.npz
300.0,4.5,2004.9084359214305,0.00011198659345375658,0.0001250191712996183,0.00015885997893763383,0.003412009406300816,0.00011077153937578038,znd_T0300.00_P04.50.npz
300.0,4.6,2005.3011634065706,0.00011279013943362743,0.0001257187230395542,0.00015851528233441417,0.0034550173082721993,0.00011171421824427059,znd_T0300.00_P04.60.npz
300.0,4.7,2005.6841763071861,0.00011354143523608121,0.00012637410186610565,0.00015819908893250514,0.0034974933915520793,0.00011297600834892105,znd_T0300.00_P04.70.npz
300.0,4.8,2006.0580382031044,0.00011423944815810838,0.00012698326517588773,0.00015788309673552778,0.0035389450839080107,0.00011368238110647113,znd_T0300.00_P04.80.npz
300.0,4.9,2006.4230398489308,0.00011488352889894353,0.00012754330343434165,0.00015757506889429274,0.003579206052417327,0.00011459570399131244,znd_T0300.00_P04.90.npz
300.0,5.0,2006.7796128805885,0.00011547148541071213,0.0001280529812160589,0.00015726047671007926,0.003618970724012926,0.0001151880335659629,znd_T0300.00_P05.00.npz
314.285714286,0.1,1918.2241621611151,0.0020349400851534826,0.0034329894796404654,0.01643640241849959,0.00013073320492865424,0.00178638397243163,znd_T0314.29_P00.10.npz
314.285714286,0.2,1935.7754216598262,0.000934700533188314,0.0014334537276675236,0.007976402762099093,0.00024682542595894276,0.0008082884360621908,znd_T0314.29_P00.20.npz
314.285714286,0.3,1945.7060239865455,0.0005976263515612448,0.000854763831404567,0.004208925462937466,0.000357239813032648,0.0005182630429866552,znd_T0314.29_P00.30.npz
314.285714286,0.4,1952.583439125029,0.00043839988586820075,0.0006020046236628841,0.0026386396675813226,0.0004634725473030922,0.00038057916411599215,znd_T0314.29_P00.40.npz
314.285714286,0.5,1957.8144680730527,0.00034677816225681297,0.0004639552118615024,0.0018459830543822058,0.0005662802389965972,0.0003038037176684767,znd_T0314.29_P00.50.npz
314.285714286,0.6,1962.0179569123377,0.0002877035415497375,0.0003780190924689345,0.00138472707527566,0.00066608843380038,0.00025364093880279713,znd_T0314.29_P00.60.npz
314.285714286,0.7,1965.5205394042846,0.0002466955954398483,0.00031982711326198287,0.0010904716304714038,0.0007632476856709979,0.00021865479065209806,znd_T0314.29_P00.70.npz
314.285714286,0.8,1968.515383332526,0.00021672308521436897,0.00027804827544926656,0.0008898673040369216,0.0008580008589117693,0.00019291869532151647,znd_T0314.29_P00.80.npz
314.285714286,0.9,1971.1260519211482,0.0001939627654651695,0.0002467528633070941,0.000746001871760035,0.000950510646205914,0.00017391304100568473,znd_T0314.29_P00.90.npz
314.285714286,1.0,1973.4362669294774,0.0001761512819804523,0.0002225362811641287,0.0006391083831593275,0.0010409589426586968,0.00015798944363649284,znd_T0314.29_P01.00.npz
314.285714286,1.1,1975.5053373880278,0.00016190760818457768,0.00020331885811885562,0.0005569331081041669,0.0011294108610427644,0.00014568090036059047,znd_T0314.29_P01.10.npz
314.285714286,1.2,1977.3767385460387,0.00015030577263419487,0.00018776051937985892,0.0004925872436158689,0.001216003463980745,0.00013684055130368862,znd_T0314.29_P01.20.npz
314.285714286,1.3,1979.0833173863416,0.00014072383778502247,0.00017495828545612867,0.0004408661994586663,0.0013009472774496284,0.00012856547207548753,znd_T0314.29_P01.30.npz
314.285714286,1.4,1980.6504480605638,0.0001327052605929513,0.00016429000842285482,0.00039874248913453127,0.0013843254842107434,0.00012149827590770606,znd_T0314.29_P01.40.npz
314.285714286,1.5,1982.0981260540204,0.00012594204899930305,0.00015530181147662054,0.000363871657362814,0.0014660237959380827,0.00011552922815747943,znd_T0314.29_P01.50.npz
314.285714286,1.6,1983.4423966056158,0.00012019454234581086,0.00014766653050890473,0.00033466747844923284,0.0015460677666236909,0.00011044869943926677,znd_T0314.29_P01.60.npz
314.285714286,1.7,1984.6963163716705,0.0001152836306938426,0.00014113046555518064,0.0003100579454153746,0.001624467599381651,0.00010609984748691909,znd_T0314.29_P01.70.npz
314.285714286,1.8,1985.8706521883134,0.00011106692783406234,0.00013551452226410234,0.0002890046686838502,0.0017013083584288347,0.00010317621789233132,znd_T0314.29_P01.80.npz
314.285714286,1.9,1986.9743761208947,0.00010744318189477484,0.0001306647047659477,0.0002709024508037556,0.0017770947923089941,9.99102499843365e-05,znd_T0314.29_P01.90.npz
314.285714286,2.0,1988.0150482956958,0.00010432244802152168,0.0001264684496154789,0.0002552227609543746,0.0018512744266293798,9.707732163707676e-05,znd_T0314.29_P02.00.npz
314.285714286,2.1,1988.9990986526213,0.00010163753071796684,0.00012283487115974964,0.00024161555936847231,0.0019238878451104057,9.509726082449816e-05,znd_T0314.29_P02.10.npz
314.285714286,2.2,1989.932033107887,9.933675814241033e-05,0.00011968700230459051,0.00022968504661057603,0.0019953014025508404,9.294992149042526e-05,znd_T0314.29_P02.20.npz
314.285714286,2.3,1990.8186006438293,9.737710326232091e-05,0.00011696405859818918,0.00021926095690195688,0.002065043083941435,9.168771932138789e-05,znd_T0314.29_P02.30.npz
314.285714286,2.4,1991.6629359434455,9.571431097381586e-05,0.00011462171541873777,0.0002100380178503639,0.002133421422266429,9.045868836693795e-05,znd_T0314.29_P02.40.npz
314.285714286,2.5,1992.4686471495831,9.432099000210321e-05,0.00011261397394875566,0.00020190951340387555,0.002200964024809311,8.882838177374109e-05,znd_T0314.29_P02.50.npz
314.285714286,2.6,1993.2389086597927,9.316919854982025e-05,0.00011090786509001503,0.0001946897997492459,0.0022669910360657796,8.803035809959435e-05,znd_T0314.29_P02.60.npz
314.285714286,2.7,1993.9765332842344,9.22383074441345e-05,0.00010947274389797311,0.00018831369741580218,0.002331475906136308,8.77520334260907e-05,znd_T0314.29_P02.70.npz
314.285714286,2.8,1994.6839825167926,9.15069549527329e-05,0.00010828605845279551,0.0001826615010382654,0.002394955350381732,8.689785045412465e-05,znd_T0314.29_P02.80.npz
314.285714286,2.9,1995.3635138476163,9.09674797985182e-05,0.00010732515028396295,0.0001776634639283777,0.0024570442250824716,8.688108177411611e-05,znd_T0314.29_P02.90.npz
314.285714286,3.0,1996.0170959549305,9.05935680310248e-05,0.00010656811829869422,0.00017321773499229804,0.002517753446116232,8.678664477663557e-05,znd_T0314.29_P03.00.npz
314.285714286,3.1,1996.6465201543497,9.037777314272136e-05,0.00010599915182011101,0.00016931055283726698,0.002577458369399619,8.668868371801086e-05,znd_T0314.29_P03.10.npz
314.285714286,3.2,1997.2534019964016,9.030436847273822e-05,0.0001056013130147326,0.00016582341769317077,0.0026357669877752473,8.663316040825568e-05,znd_T0314.29_P03.20.npz
314.285714286,3.3,1997.839194212824,9.036520075642771e-05,0.0001053620123170717,0.0001627716711501011,0.002692742094424086,8.717014266798496e-05,znd_T0314.29_P03.30.npz
314.285714286,3.4,1998.4052241092288,9.054099308461617e-05,0.00010526457589151426,0.00016006859217385303,0.0027483760864423354,8.708501694504432e-05,znd_T0314.29_P03.40.npz
314.285714286,3.5,1998.9526703620877,9.082569674371978e-05,0.00010529546504713439,0.00015771023259098044,0.0028035991966419817,8.790818586093232e-05,znd_T0314.29_P03.50.npz
314.285714286,3.6,1999.4827143108894,9.120675023774527e-05,0.00010544063324598487,0.00015564099581931722,0.002857133993836208,8.825064643994917e-05,znd_T0314.29_P03.60.npz
314.285714286,3.7,1999.996282858733,9.167363159808884e-05,0.00010568642801615616,0.00015383641012296778,0.0029095492597226258,8.918693330052068e-05,znd_T0314.29_P03.70.npz
314.285714286,3.8,2000.4943260713314,9.220802853062691e-05,0.0001060202322596865,0.00015226231859097984,0.002961083030319087,8.962137087050647e-05,znd_T0314.29_P03.80.npz
314.285714286,3.9,2000.977694729168,9.280578120187344e-05,0.0001064271725010182,0.00015089728317450995,0.0030113623829719593,9.035340202851561e-05,znd_T0314.29_P03.90.npz
314.285714286,4.0,2001.4471716360324,9.345080418211875e-05,0.00010689516899595922,0.0001497088379941506,0.0030606454561483065,9.115721120864463e-05,znd_T0314.29_P04.00.npz
314.285714286,4.1,2001.9034836500966,9.413306197801063e-05,0.000107413446828325,0.00014867806061421773,0.003108685255868048,9.231524430966408e-05,znd_T0314.29_P04.10.npz
314.285714286,4.2,2002.3472927641117,9.483882744017499e-05,0.0001079676471919294,0.0001477891634972743,0.0031560518407471178,9.313744405002113e-05,znd_T0314.29_P04.20.npz
314.285714286,4.3,2002.779194017294,9.555982565426345e-05,0.00010854633881516458,0.0001470090127761341,0.0032024758617863504,9.395233723989954e-05,znd_T0314.29_P04.30.npz
314.285714286,4.4,2003.1998633449143,9.628962186025936e-05,0.00010914258969834355,0.0001463432220429385,0.0032478030039845823,9.459051425979692e-05,znd_T0314.29_P04.40.npz
314.285714286,4.5,2003.6097312763527,9.701808745021208e-05,0.00010974465801467303,0.0001457464553637057,0.0032921321658646945,9.573315161489086e-05,znd_T0314.29_P04.50.npz
314.285714286,4.6,2004.0093359853045,9.773587029042097e-05,0.00011034433426482002,0.0001452262662867144,0.0033358971545178885,9.642297249493281e-05,znd_T0314.29_P04.60.npz
314.285714286,4.7,2004.3991458617845,9.84340362037335e-05,0.0001109361844300218,0.00014475819861710924,0.0033783023379073116,9.742357918164086e-05,znd_T0314.29_P04.70.npz
314.285714286,4.8,2004.7795913945974,9.911355535551601e-05,0.00011151306152747355,0.00014433252482038325,0.0034203362249518887,9.812955997646806e-05,znd_T0314.29_P04.80.npz
314.285714286,4.9,2005.1510839983953,9.976873207396561e-05,0.000112069938533798,0.0001439476953275048,0.0034613111357136334,9.891885087945993e-05,znd_T0314.29_P04.90.npz
314.285714286,5.0,2005.5140056550015,0.00010039185671338107,0.00011260407416010657,0.0001435918380501863,0.00350151660737096,9.957503021021541e-05,znd_T0314.29_P05.00.npz
328.571428571,0.1,1915.8512268428492,0.002086960548035663,0.0035838990666469633,0.01687524299836609,0.00012298734658804322,0.001826653784013518,znd_T0328.57_P00.10.npz
328.571428571,0.2,1933.5756833001574,0.000956942343711962,0.001498064636142008,0.00849499949831634,0.00023231270900514025,0.0008338918919078088,znd_T0328.57_P00.20.npz
328.571428571,0.3,1943.613590389609,0.0006103831191132294,0.0008880768663995435,0.0045037689462008815,0.0003363475153239353,0.0005277736873493597,znd_T0328.57_P00.30.npz
328.571428571,0.4,1950.569697964486,0.00044661738759613814,0.0006222839496664337,0.0028194176732776388,0.00043654313760709137,0.00038985928289790925,znd_T0328.57_P00.40.npz
328.571428571,0.5,1955.8631538036993,0.00035240424505814767,0.0004774971905553076,0.001968500180772308,0.000533660893232471,0.000307722308360099,znd_T0328.57_P00.50.npz
328.571428571,0.6,1960.1184686505978,0.000291618021671686,0.00038758432235153073,0.0014734714099756965,0.0006279717542092218,0.0002553398375105297,znd_T0328.57_P00.60.npz
328.571428571,0.7,1963.6654388039826,0.00024940999742176315,0.00032676676356807,0.0011582974089838207,0.0007199771744978807,0.0002204839941636466,znd_T0328.57_P00.70.npz
328.571428571,0.8,1966.699131147407,0.0002185304665430457,0.0002831499579609359,0.0009429588168803249,0.0008097422819088112,0.000194123298603582,znd_T0328.57_P00.80.npz
328.571428571,0.9,1969.3443584066752,0.00019504439078593205,0.00025048043870795476,0.0007889199336137484,0.0008974954185895536,0.00017391194379643582,znd_T0328.57_P00.90.npz
328.571428571,1.0,1971.6856867313304,0.00017663469045451485,0.00022519189806593877,0.0006742997061368837,0.0009833350748917765,0.00015862160148818043,znd_T0328.57_P01.00.npz
328.571428571,1.1,1973.783079186564,0.00016188307674540933,0.0002051083087316672,0.0005863916823562138,0.0010674632850012657,0.00014537549757163404,znd_T0328.57_P01.10.npz
328.571428571,1.2,1975.6804598190179,0.00014984625983051783,0.00018882500160980064,0.0005172828472454011,0.0011498695780315143,0.0001349663820208831,znd_T0328.57_P01.20.npz
328.571428571,1.3,1977.4110494535328,0.0001398673932156646,0.00017540009788166925,0.00046182013945010234,0.001230641238926201,0.00012630408281269059,znd_T0328.57_P01.30.npz
328.571428571,1.4,1979.000491248212,0.00013147987690225905,0.00016418566942675458,0.0004166110994014811,0.001309962751358702,0.00012010247347330755,znd_T0328.57_P01.40.npz
328.571428571,1.5,1980.469013117668,0.00012437003285862446,0.00015470460345614795,0.00037924584319669417,0.0013878475699288526,0.0001139879914718842,znd_T0328.57_P01.50.npz
328.571428571,1.6,1981.8328383288526,0.00011829589683683618,0.00014661134384923538,0.00034795870493860054,0.0014644635809733125,0.00010862213114355185,znd_T0328.57_P01.60.npz
328.571428571,1.7,1983.105156560684,0.0001130710122700211,0.0001396516106105438,0.00032141956222300007,0.0015396718929969583,0.00010399446438608076,znd_T0328.57_P01.70.npz
328.571428571,1.8,1984.296912095232,0.00010854499905069429,0.0001336325835912349,0.0002987116902541411,0.0016134835521680485,9.997671188356235e-05,znd_T0328.57_P01.80.npz
328.571428571,1.9,1985.417133420673,0.00010460846449110946,0.00012839216536795494,0.0002791993917625231,0.0016858892046074847,9.64705353743434e-05,znd_T0328.57_P01.90.npz
328.571428571,2.0,1986.473488840099,0.000101175240303463,0.00012381545150093543,0.0002622326477908659,0.0017568498860067144,9.339330794967374e-05,znd_T0328.57_P02.00.npz
328.571428571,2.1,1987.4724789230866,9.818342042374544e-05,0.00011980389898605116,0.00024742299195036957,0.0018270765092941981,9.141715123080305e-05,znd_T0328.57_P02.10.npz
328.571428571,2.2,1988.4196761861965,9.555972144367327e-05,0.00011628167290303499,0.0002344352898552212,0.0018958440942833537,8.919499436591957e-05,znd_T0328.57_P02.20.npz
328.571428571,2.3,1989.3198950752571,9.32760097871125e-05,0.00011318357444459879,0.0002229998868511682,0.00196335151547559,8.731713234127672e-05,znd_T0328.57_P02.30.npz
328.571428571,2.4,1990.1773137892199,9.128105770972778e-05,0.00011045964240249857,0.00021285694715313615,0.0020298064782155916,8.542746052896721e-05,znd_T0328.57_P02.40.npz
328.571428571,2.5,1990.995586447228,8.954499087162119e-05,0.00010806902283093607,0.0002038450708160014,0.002095007111459924,8.406768518915974e-05,znd_T0328.57_P02.50.npz
328.571428571,2.6,1991.7779304098485,8.804525097237952e-05,0.0001059712184985817,0.00019582739734168384,0.0021587308362265288,8.260561297451724e-05,znd_T0328.57_P02.60.npz
328.571428571,2.7,1992.5271475992793,8.674649434714709e-05,0.00010413914269762551,0.00018865786703462908,0.00222188840819344,8.176549007818746e-05,znd_T0328.57_P02.70.npz
328.571428571,2.8,1993.2458760315656,8.565022185360405e-05,0.00010254450562035713,0.00018225760800161684,0.0022831333816281216,8.132684503117092e-05,znd_T0328.57_P02.80.npz
328.571428571,2.9,1993.936192603841,8.471933113146934e-05,0.00010116527636570716,0.0001764920061187928,0.002343687505534275,7.997511863594131e-05,znd_T0328.57_P02.90.npz
328.571428571,3.0,1994.6002887496345,8.395217556915946e-05,9.998377904426811e-05,0.0001713441866111633,0.0024038240027541642,7.977351316597943e-05,znd_T0328.57_P03.00.npz
328.571428571,3.1,1995.2398509210866,8.332772095353678e-05,9.898465669964623e-05,0.00016671343535578498,0.002461694166199902,7.96584650512506e-05,znd_T0328.57_P03.10.npz
328.571428571,3.2,1995.85654984354,8.284639201663446e-05,9.814933924891691e-05,0.00016256232861692736,0.0025195284597008144,7.897652439371793e-05,znd_T0328.57_P03.20.npz
328.571428571,3.3,1996.4518657411118,8.248561835479092e-05,9.746595073943433e-05,0.00015882646633920953,0.002575425851021908,7.864895981873992e-05,znd_T0328.57_P03.30.npz
328.571428571,3.4,1997.0271473357368,8.224031340253954e-05,9.69205020336728e-05,0.00015547363566474005,0.002630791446961867,7.864120192836191e-05,znd_T0328.57_P03.40.npz
328.571428571,3.5,1997.5835864679134,8.210117915160469e-05,9.650663567240279e-05,0.00015246652180682266,0.0026852134513271307,7.886040008090395e-05,znd_T0328.57_P03.50.npz
328.571428571,3.6,1998.1223282734802,8.20614119045568e-05,9.621051154850659e-05,0.0001497933535860564,0.00273799047956356,7.878292491117519e-05,znd_T0328.57_P03.60.npz
328.571428571,3.7,1998.644340599043,8.211292013331316e-05,9.60217561733894e-05,0.00014737518300467868,0.0027903926590825663,7.929859289812961e-05,znd_T0328.57_P03.70.npz
328.571428571,3.8,1999.150692921652,8.224745920784085e-05,9.593370239035872e-05,0.00014522837037621582,0.0028410886055781023,7.973849507399226e-05,znd_T0328.57_P03.80.npz
328.571428571,3.9,1999.6421249395346,8.245544096579462e-05,9.59329339161426e-05,0.00014332132197282632,0.002891679128007104,7.991195627296754e-05,znd_T0328.57_P03.90.npz
328.571428571,4.0,2000.119439319629,8.272600511163812e-05,9.601449931204221e-05,0.00014161830383127894,0.0029407045030290773,8.013102170257302e-05,znd_T0328.57_P04.00.npz
328.571428571,4.1,2000.5834052685868,8.30588084137739e-05,9.616561304617891e-05,0.00014008859481499586,0.002988861684522389,8.091072428157976e-05,znd_T0328.57_P04.10.npz
328.571428571,4.2,2001.0346384120603,8.34440386339954e-05,9.638012351332422e-05,0.00013874132086664717,0.0030363815394992156,8.120630507086344e-05,znd_T0328.57_P04.20.npz
328.571428571,4.3,2001.4739191233132,8.38676234051817e-05,9.664813720162612e-05,0.00013755368351763795,0.003082516103980529,8.200149663928302e-05,znd_T0328.57_P04.30.npz
328.571428571,4.4,2001.9016830417156,8.432986455180299e-05,9.696160220885442e-05,0.00013649610493904042,0.0031282144601353303,8.252594989057725e-05,znd_T0328.57_P04.40.npz
328.571428571,4.5,2002.3185194061768,8.481775451112224e-05,9.73121910011676e-05,0.0001355640668319888,0.0031729714846295306,8.300959545513941e-05,znd_T0328.57_P04.50.npz
328.571428571,4.6,2002.7249424462868,8.533053703117197e-05,9.769246001648707e-05,0.00013472415307242894,0.003216248447795832,8.344654880804563e-05,znd_T0328.57_P04.60.npz
328.571428571,4.7,2003.1214175496932,8.585738597790692e-05,9.809537376753195e-05,0.00013398968132211883,0.003259723948062937,8.437565229908373e-05,znd_T0328.57_P04.70.npz
328.571428571,4.8,2003.5083923304267,8.638973857294614e-05,9.851380460161503e-05,0.00013333334898140475,0.003301699113450575,8.483004766885329e-05,znd_T0328.57_P04.80.npz
328.571428571,4.9,2003.8862766178784,8.692586703527677e-05,9.894253283658584e-05,0.00013273112811812386,0.0033430708192543203,8.577194992620341e-05,znd_T0328.57_P04.90.npz
328.571428571,5.0,2004.2554645903313,8.746023027626199e-05,9.937468855615379e-05,0.0001322012045311317,0.003383794310439257,8.638176107882928e-05,znd_T0328.57_P05.00.npz
342.857142857,0.1,1913.5005886371398,0.0021370122027499533,0.0037343316519113674,0.017276560450613716,0.00011590598600780199,0.0018695500477677383,znd_T0342.86_P00.10.npz
342.857142857,0.2,1931.3954906358772,0.0009785333736291066,0.0015641884899834637,0.009014895408540263,0.0002190569474535485,0.0008510471813650908,znd_T0342.86_P00.20.npz
342.857142857,0.3,1941.5389816131765,0.0006228061403971919,0.0009223309605841297,0.004806476420806821,0.0003172162179486639,0.0005370984478962423,znd_T0342.86_P00.30.npz
342.857142857,0.4,1948.5725156363424,0.00045471581049577495,0.0006430791400801712,0.0030060207601480733,0.000411914091500555,0.00039571577149025817,znd_T0342.86_P00.40.npz
342.857142857,0.5,1953.9273736454084,0.00035799929767919137,0.0004914517932884003,0.0020943172415133866,0.000503729208965966,0.0003115842908265173,znd_T0342.86_P00.50.npz
342.857142857,0.6,1958.2337103926254,0.00029561522574419606,0.00039749715140239525,0.0015653689699285241,0.0005929977360478316,0.00025799402022490893,znd_T0342.86_P00.60.npz
342.857142857,0.7,1961.8243717217476,0.0002522566474623905,0.00033404858953401425,0.0012279396897349071,0.000680119892248248,0.0002232489544558047,znd_T0342.86_P00.70.npz
342.857142857,0.8,1964.8962961650311,0.00022049622662565123,0.00028858902123802047,0.000997880319096817,0.0007653296127827412,0.00019544328915110722,znd_T0342.86_P00.80.npz
342.857142857,0.9,1967.5755279072723,0.0001963344814013197,0.00025455312071730825,0.0008333416820384493,0.0008486297367556862,0.00017477155449102089,znd_T0342.86_P00.90.npz
342.857142857,1.0,1969.9475152838193,0.00017738741704287326,0.0002282219208744844,0.0007108401864924128,0.000930228461475381,0.00015845178649670743,znd_T0342.86_P01.00.npz
342.857142857,1.1,1972.0727716948911,0.0001621776732576285,0.00020729995540642835,0.0006169393634519434,0.0010101452016597684,0.00014587518574087465,znd_T0342.86_P01.10.npz
342.857142857,1.2,1973.995751714142,0.0001497370231872519,0.00019032770483204013,0.0005431438444508213,0.0010886943181415856,0.00013462854176156912,znd_T0342.86_P01.20.npz
342.857142857,1.3,1975.7499604578397,0.00013940592880542027,0.00017631788955037742,0.0004839367144637011,0.0011657190402020485,0.00012570074185182053,znd_T0342.86_P01.30.npz
342.857142857,1.4,1977.3613764390807,0.00013069841587607148,0.00016459263300961296,0.0004356426974968102,0.001241342539779945,0.00011815763067946052,znd_T0342.86_P01.40.npz
342.857142857,1.5,1978.8504658380436,0.00012329578262638602,0.00015465690809448563,0.00039574622720775683,0.0013156037699950066,0.00011171968508770097,znd_T0342.86_P01.50.npz
342.857142857,1.6,1980.2335451937017,0.00011694598744273919,0.00014615946063402326,0.0003622204458189136,0.0013885822917299505,0.00010716469291194555,znd_T0342.86_P01.60.npz
342.857142857,1.7,1981.5239942868654,0.00011145384507451498,0.00013882766741846257,0.00033377746650827553,0.0014605028451746779,0.00010159363704194636,znd_T0342.86_P01.70.npz
342.857142857,1.8,1982.732915974512,0.00010667210718516732,0.00013245523565577735,0.00030948152988660325,0.0015312233342900299,9.820341854267469e-05,znd_T0342.86_P01.80.npz
342.857142857,1.9,1983.869390589109,0.00010248651535134925,0.0001268853776599973,0.0002885710893190864,0.001600847551257644,9.447655552932193e-05,znd_T0342.86_P01.90.npz
342.857142857,2.0,1984.9411983608425,9.881176121953284e-05,0.00012198818472456732,0.00027033100440982126,0.0016692681869433683,9.118272065142354e-05,znd_T0342.86_P02.00.npz
342.857142857,2.1,1985.9549137718507,9.55735822561246e-05,0.00011767226670389666,0.0002544296030553461,0.001736449904572699,8.825918783375222e-05,znd_T0342.86_P02.10.npz
342.857142857,2.2,1986.9161719877436,9.270939587202056e-05,0.00011384766115732328,0.00024042654635501737,0.0018023315643739735,8.565300437038463e-05,znd_T0342.86_P02.20.npz
342.857142857,2.3,1987.8298452249169,9.017766186895298e-05,0.00011045494721024833,0.00022803943697455192,0.0018677071019214926,8.401453529650248e-05,znd_T0342.86_P02.30.npz
342.857142857,2.4,1988.700163092548,8.793419455945477e-05,0.0001074388221839394,0.00021704250168228914,0.0019317736007089315,8.210099017731228e-05,znd_T0342.86_P02.40.npz
342.857142857,2.5,1989.5308233634282,8.594653755039323e-05,0.00010475008692144308,0.00020723558697996014,0.0019947384969912422,8.047276735893114e-05,znd_T0342.86_P02.50.npz
342.857142857,2.6,1990.3250792010128,8.418632729304562e-05,0.00010235774937218026,0.00019846744146006495,0.002056828716367755,7.880159385660519e-05,znd_T0342.86_P02.60.npz
342.857142857,2.7,1991.0857549178854,8.26314586659674e-05,0.00010022510048602323,0.00019059454449123415,0.0021175188969050165,7.731580456123616e-05,znd_T0342.86_P02.70.npz
342.857142857,2.8,1991.8155543368732,8.125997978094654e-05,9.832651211336963e-05,0.0001835122149957354,0.0021776276346884824,7.626689042639197e-05,znd_T0342.86_P02.80.npz
342.857142857,2.9,1992.5165524933952,8.005842590513471e-05,9.664046858805991e-05,0.00017711491720502688,0.0022367986395007825,7.54873290398381e-05,znd_T0342.86_P02.90.npz
342.857142857,3.0,1993.1909947731062,7.900253784827368e-05,9.514601673508296e-05,0.0001713386779101149,0.002294469054713319,7.44101618370381e-05,znd_T0342.86_P03.00.npz
342.857142857,3.1,1993.8405549939016,7.809086949915835e-05,9.382722707663441e-05,0.0001661229205511376,0.0023517201344140887,7.410929292768474e-05,znd_T0342.86_P03.10.npz
342.857142857,3.2,1994.4669430463925,7.730494115962867e-05,9.266758612926836e-05,0.0001613832030973312,0.0024076180266848074,7.35967713222351e-05,znd_T0342.86_P03.20.npz
342.857142857,3.3,1995.0716526022559,7.663894388137194e-05,9.165537431089555e-05,0.00015710375975517635,0.0024627750636700583,7.310841035375491e-05,znd_T0342.86_P03.30.npz
342.857142857,3.4,1995.6560408871421,7.608606723640759e-05,9.077673547130454e-05,0.00015319548091687602,0.002517271431067835,7.241309906308793e-05,znd_T0342.86_P03.40.npz
342.857142857,3.5,1996.2213570379395,7.563182446779065e-05,9.002566109641607e-05,0.00014967291128024026,0.0025706054291499965,7.225267483582787e-05,znd_T0342.86_P03.50.npz
342.857142857,3.6,1996.7687097033324,7.527029397338333e-05,8.938708803683667e-05,0.0001464602825545432,0.002622427969643058,7.175346178997345e-05,znd_T0342.86_P03.60.npz
342.857142857,3.7,1997.2991327528148,7.499526124580125e-05,8.885598890174017e-05,0.0001435472726470399,0.0026743024955137437,7.202456957960324e-05,znd_T0342.86_P03.70.npz
342.857142857,3.8,1997.8135941462747,7.480483158079385e-05,8.842389630865551e-05,0.0001408950303921923,0.0027245087352620327,7.209160697307397e-05,znd_T0342.86_P03.80.npz
342.857142857,3.9,1998.3129589394816,7.469010652577254e-05,8.808406702445976e-05,0.0001384918536904602,0.0027742021582587333,7.164803455338858e-05,znd_T0342.86_P03.90.npz
342.857142857,4.0,1998.7980301554219,7.464342747674156e-05,8.782865946939366e-05,0.00013631879874092693,0.0028231259237639183,7.216532037206537e-05,znd_T0342.86_P04.00.npz
342.857142857,4.1,1999.2694856581095,7.466179017546451e-05,8.764944271728314e-05,0.00013434309500022444,0.0028714195017010267,7.21498795938961e-05,znd_T0342.86_P04.10.npz
342.857142857,4.2,1999.7282113781102,7.473858915656705e-05,8.754286712752562e-05,0.00013255883341477275,0.002918343623058352,7.218816698098986e-05,znd_T0342.86_P04.20.npz
342.857142857,4.3,2000.1746557325598,7.486973314659975e-05,8.749973339441994e-05,0.00013093481231155136,0.0029646092111568173,7.27151933150088e-05,znd_T0342.86_P04.30.npz
342.857142857,4.4,2000.6093735191232,7.504779836070231e-05,8.751699205079304e-05,0.00012947478915673296,0.003010156509548508,7.297324943988599e-05,znd_T0342.86_P04.40.npz
342.857142857,4.5,2001.0331605482968,7.52692272286028e-05,8.75849112011456e-05,0.00012815988261619308,0.00305451775208841,7.303136049155842e-05,znd_T0342.86_P04.50.npz
342.857142857,4.6,2001.4463109142396,7.552856305983208e-05,8.770107251889198e-05,0.00012697476107293188,0.003098730973132754,7.354205142079427e-05,znd_T0342.86_P04.60.npz
342.857142857,4.7,2001.8493692428754,7.582107782906428e-05,8.785831311596885e-05,0.0001258984701351099,0.003141829322404305,7.404078670340887e-05,znd_T0342.86_P04.70.npz
342.857142857,4.8,2002.2427894052892,7.614264380211609e-05,8.805109883126282e-05,0.00012492705919785855,0.0031840179576825326,7.430919964643481e-05,znd_T0342.86_P04.80.npz
342.857142857,4.9,2002.6269866109344,7.64837893424756e-05,8.82737143652549e-05,0.0001240559240828856,0.0032254309901304013,7.504742048498032e-05,znd_T0342.86_P04.90.npz
342.857142857,5.0,2003.0023589463883,7.684399542597698e-05,8.852167464383597e-05,0.00012326277242949375,0.0032666419082598786,7.534903071265461e-05,znd_T0342.86_P05.00.npz
357.142857143,0.1,1911.1694527261673,0.0021851642845152008,0.0038842015642079103,0.017644085246149157,0.00010940546621965673,0.0019107747964875544,znd_T0357.14_P00.10.npz
357.142857143,0.2,1929.2322928308054,0.0009995171869054023,0.0016319840890857648,0.009533823877537272,0.0002068870864949219,0.0008672348598677797,znd_T0357.14_P00.20.npz
357.142857143,0.3,1939.4797992554397,0.0006349482856390782,0.0009574679690995949,0.00511599214208836,0.0002996730235139115,0.0005519116946441338,znd_T0357.14_P00.30.npz
357.142857143,0.4,1946.5895955422577,0.00046268285362318593,0.0006645180692338579,0.0031976125093644476,0.0003892686617517706,0.0004015010015117402,znd_T0357.14_P00.40.npz
357.142857143,0.5,1952.004949377794,0.0003635585055524274,0.000505846548632751,0.0022243050547918974,0.0004761840337385882,0.0003153895100259223,znd_T0357.14_P00.50.npz
357.142857143,0.6,1956.361548318237,0.00029962054882329433,0.0004077537144378671,0.0016593128513827712,0.0005608241302292597,0.0002634187549407756,znd_T0357.14_P00.60.npz
357.142857143,0.7,1959.995229391761,0.00025516454401255744,0.0003416467472870565,0.0012996007739871048,0.0006434824681950303,0.00022522180643360731,znd_T0357.14_P00.70.npz
357.142857143,0.8,1963.104858852206,0.00022259418975453823,0.0002943355152645839,0.0010547654803958583,0.0007242842589676782,0.00019580596050817746,znd_T0357.14_P00.80.npz
357.142857143,0.9,1965.8175941294708,0.00019780899945138225,0.0002589446659088805,0.0008790719283481667,0.0008034987953256914,0.00017575150412788568,znd_T0357.14_P00.90.npz
357.142857143,1.0,1968.2197802204714,0.00017834626580549124,0.00023156980082270241,0.0007486984966071882,0.0008810891369207132,0.00015908486164072872,znd_T0357.14_P01.00.npz
357.142857143,1.1,1970.3725204890516,0.00016271756994248212,0.00020982942220893925,0.0006485843914200133,0.0009572291005948624,0.00014561378847300884,znd_T0357.14_P01.10.npz
357.142857143,1.2,1972.3207232344294,0.0001499067758078502,0.00019218551327432248,0.0005699854592343207,0.0010318301616915912,0.00013508130097622008,znd_T0357.14_P01.20.npz
357.142857143,1.3,1974.0982680012025,0.00013925167166496923,0.00017761492413150828,0.0005070831741121573,0.0011053265157883107,0.00012579935536730067,znd_T0357.14_P01.30.npz
357.142857143,1.4,1975.7313538086376,0.00013026029211405657,0.0001654041253299913,0.00045564926228445053,0.0011776127820112947,0.00011752020474412871,znd_T0357.14_P01.40.npz
357.142857143,1.5,1977.240649940147,0.0001225973702594474,0.00015504926346742714,0.0004130748673805709,0.0012485794738747423,0.00011087461968879276,znd_T0357.14_P01.50.npz
357.142857143,1.6,1978.642737659105,0.00011600650425580149,0.00014617739555679784,0.000377368758428821,0.0013183607938724176,0.00010513517796076987,znd_T0357.14_P01.60.npz
357.142857143,1.7,1979.9511147840203,0.00011029246904470258,0.00013850187979595242,0.0003471446615936773,0.0013869843171101074,0.00010014370721465723,znd_T0357.14_P01.70.npz
357.142857143,1.8,1981.1768635114547,0.00010529774277517037,0.00013182168290811071,0.0003212224518500543,0.0014547576463679855,9.5990708350766e-05,znd_T0357.14_P01.80.npz
357.142857143,1.9,1982.3294286821597,0.00010090439161461699,0.0001259573772858729,0.000298853156902541,0.001521233130566441,9.213778758603841e-05,znd_T0357.14_P01.90.npz
357.142857143,2.0,1983.416478585092,9.702948233646585e-05,0.00012079309385463218,0.0002794067774276545,0.0015868752589112789,8.948845195948356e-05,znd_T0357.14_P02.00.npz
357.142857143,2.1,1984.4447172711132,9.35967934500532e-05,0.00011621250577183684,0.00026237038000338336,0.0016515811049261568,8.644037790179458e-05,znd_T0357.14_P02.10.npz
357.142857143,2.2,1985.4198638789053,9.054473789829227e-05,0.00011213965621325084,0.0002473728305809526,0.0017152748499776203,8.372407201564075e-05,znd_T0357.14_P02.20.npz
357.142857143,2.3,1986.346800577221,8.782270552730681e-05,0.00010850084816030114,0.00023409696881844505,0.0017779590736809229,8.129720820009738e-05,znd_T0357.14_P02.30.npz
357.142857143,2.4,1987.2298483512002,8.538669020024641e-05,0.00010524573931260379,0.00022226205563920137,0.0018396308336286636,7.912098231189632e-05,znd_T0357.14_P02.40.npz
357.142857143,2.5,1988.072730720289,8.320625660304468e-05,0.00010232400577105917,0.0002117267541640128,0.001900149698868781,7.769104988993345e-05,znd_T0357.14_P02.50.npz
357.142857143,2.6,1988.878745634544,8.124895426168784e-05,9.969470015548455e-05,0.0002022273018611968,0.001959863529933095,7.6095603585683e-05,znd_T0357.14_P02.60.npz
357.142857143,2.7,1989.6507982523158,7.949339108877e-05,9.733064860172848e-05,0.0001937364798779804,0.002019246380739369,7.44413103087727e-05,znd_T0357.14_P02.70.npz
357.142857143,2.8,1990.3914000898321,7.792237212627815e-05,9.519953331034118e-05,0.00018600645865669423,0.0020774873588735817,7.295127059806383e-05,znd_T0357.14_P02.80.npz
357.142857143,2.9,1991.103068874851,7.651589451383706e-05,9.327743009557188e-05,0.00017907401020904846,0.0021345339260790603,7.160510222499182e-05,znd_T0357.14_P02.90.npz
357.142857143,3.0,1991.7875846329116,7.525109106443621e-05,9.154592045804495e-05,0.0001727238350169658,0.002191024790663725,7.064260240967036e-05,znd_T0357.14_P03.00.npz
357.142857143,3.1,1992.4470908178787,7.412565751351754e-05,8.998733120877849e-05,0.00016700381825787835,0.002245970971923631,6.95177692404723e-05,znd_T0357.14_P03.10.npz
357.142857143,3.2,1993.083040619323,7.312798742599025e-05,8.858706343620739e-05,0.00016176359614512604,0.0023011260419986447,6.887478687665654e-05,znd_T0357.14_P03.20.npz
357.142857143,3.3,1993.6969466487712,7.223461947678813e-05,8.732818854565659e-05,0.0001569773719781721,0.002354973227791906,6.848549000260353e-05,znd_T0357.14_P03.30.npz
357.142857143,3.4,1994.2904145251257,7.14557277833251e-05,8.620175357607862e-05,0.0001526110236711127,0.002407570472625162,6.7445454934902e-05,znd_T0357.14_P03.40.npz
357.142857143,3.5,1994.8644668484612,7.076744374341735e-05,8.519563085241521e-05,0.00014861357297186805,0.002460001348665343,6.699741376160574e-05,znd_T0357.14_P03.50.npz
357.142857143,3.6,1995.4202409463862,7.016856554394109e-05,8.430280549379079e-05,0.00014497878651546865,0.002511487751448494,6.692437181002931e-05,znd_T0357.14_P03.60.npz
357.142857143,3.7,1995.9589460501277,6.966028400229905e-05,8.35142556806933e-05,0.00014161181883848333,0.0025617371562117373,6.664848861692794e-05,znd_T0357.14_P03.70.npz
357.142857143,3.8,1996.481548041142,6.922256063407638e-05,8.282049464197596e-05,0.00013855895717954523,0.0026113833803483224,6.583726846532618e-05,znd_T0357.14_P03.80.npz
357.142857143,3.9,1996.9887589013892,6.885803586397361e-05,8.221643190826724e-05,0.00013574231556869143,0.002660981178689581,6.582981225154702e-05,znd_T0357.14_P03.90.npz
357.142857143,4.0,1997.4814835341183,6.856742905686858e-05,8.169517073756974e-05,0.0001331528562524885,0.002708846730374947,6.552559878348256e-05,znd_T0357.14_P04.00.npz
357.142857143,4.1,1997.9604683412363,6.833059598874645e-05,8.125186435965232e-05,0.00013078523763505908,0.0027561577152290994,6.539567265094543e-05,znd_T0357.14_P04.10.npz
357.142857143,4.2,1998.4264108820705,6.815900467622757e-05,8.087987031300562e-05,0.00012861708153915963,0.0028030636643463103,6.541627186529312e-05,znd_T0357.14_P04.20.npz
357.142857143,4.3,1998.8799596722913,6.804179316085891e-05,8.057561098914721e-05,0.00012661375174592915,0.002848537680061472,6.580571629632104e-05,znd_T0357.14_P04.30.npz
357.142857143,4.4,1999.3217105270908,6.797469960317254e-05,8.033254980041868e-05,0.00012479031770748833,0.0028939014317199653,6.540799489295531e-05,znd_T0357.14_P04.40.npz
357.142857143,4.5,1999.7522246366004,6.795539755531028e-05,8.01474284212838e-05,0.00012313193610394597,0.0029387044819376316,6.577366326627748e-05,znd_T0357.14_P04.50.npz
357.142857143,4.6,2000.1720252823516,6.798273192645395e-05,8.001547106474723e-05,0.00012159756905176389,0.0029824689348339766,6.58451313859039e-05,znd_T0357.14_P04.60.npz
357.142857143,4.7,2000.581588312945,6.804408586555334e-05,7.993292817885122e-05,0.00012019672152334706,0.0030254632268902643,6.600730315406498e-05,znd_T0357.14_P04.70.npz
357.142857143,4.8,2000.9813780223178,6.814634085822788e-05,7.989370844143823e-05,0.00011891089881577343,0.003067360372183489,6.637965352042592e-05,znd_T0357.14_P04.80.npz
357.142857143,4.9,2001.3718127632371,6.82781933659864e-05,7.989515340736273e-05,0.00011773356220956973,0.003109329063845335,6.648248146022774e-05,znd_T0357.14_P04.90.npz
357.142857143,5.0,2001.7531986879037,6.84395216444047e-05,7.9933076424629e-05,0.00011665937184757387,0.0031502017998999636,6.661331696539441e-05,znd_T0357.14_P05.00.npz
371.428571429,0.1,1908.8553364500513,0.0022315877613262227,0.004033479353911697,0.01798148594059989,0.00010341602912041063,0.0019659887792885344,znd_T0371.43_P00.10.npz
371.428571429,0.2,1927.083868815806,0.0010199263453283527,0.0017011246088223524,0.01005043024144033,0.00019568555182103734,0.0008838990597503693,znd_T0371.43_P00.20.npz
371.428571429,0.3,1937.433949787342,0.0006468402343545389,0.0009936037361474197,0.005432726463537634,0.00028352688826957333,0.0005588013861039119,znd_T0371.43_P00.30.npz
371.428571429,0.4,1944.6189393261882,0.0004705258821770255,0.0006865011909900034,0.003394153752818926,0.00036839272027664366,0.0004072148492209065,znd_T0371.43_P00.40.npz
371.428571429,0.5,1950.0939228591258,0.0003690767104035834,0.0005206543011539004,0.002357835823655381,0.00045081162342429506,0.0003221681068163739,znd_T0371.43_P00.50.npz
371.428571429,0.6,1954.5001054778954,0.00030362543298549795,0.00041836279399701525,0.0017563565875695554,0.0005311504631704534,0.0002661575593723389,znd_T0371.43_P00.60.npz
371.428571429,0.7,1958.1762574345516,0.0002581355596951508,0.00034954699405875524,0.0013735265184298454,0.0006096420484172915,0.0002271638221833682,znd_T0371.43_P00.70.npz
371.428571429,0.8,1961.3230124737765,0.0002247900005811312,0.0003003570588720384,0.0011130114759115286,0.0006864070535990239,0.00019724460065870201,znd_T0371.43_P00.80.npz
371.428571429,0.9,1964.0687752111714,0.00019940366517825171,0.00026361416419136684,0.0009263522637623381,0.0007617082878822848,0.00017587715041008875,znd_T0371.43_P00.90.npz
371.428571429,1.0,1966.5007953359734,0.00017946051497834517,0.00023520538179092876,0.0007878363934690396,0.000835593776700607,0.00015963552707565643,znd_T0371.43_P01.00.npz
371.428571429,1.1,1968.680598744342,0.0001634273135963224,0.00021264379450322443,0.0006815919016503261,0.0009081067562722681,0.0001458695920086916,znd_T0371.43_P01.10.npz
371.428571429,1.2,1970.6537407404833,0.00015028697057536207,0.00019434103223507914,0.0005980399808120972,0.0009793636436333313,0.00013451884270078315,znd_T0371.43_P01.20.npz
371.428571429,1.3,1972.4542862290741,0.0001393324161132263,0.00017922487137169018,0.0005310571831631109,0.0010493764291949256,0.00012535554699113154,znd_T0371.43_P01.30.npz
371.428571429,1.4,1974.1087560470964,0.00013009135403622,0.00016655004554001654,0.0004765542295705115,0.001118300499480653,0.0001173741236379456,znd_T0371.43_P01.40.npz
371.428571429,1.5,1975.638033767149,0.00012219312408490705,0.00015579742418640966,0.0004313317544816372,0.0011861436407606268,0.00011026198417240805,znd_T0371.43_P01.50.npz
371.428571429,1.6,1977.0588716045766,0.00011538880893009973,0.00014656830030435806,0.00039337034296637967,0.0012528935462413826,0.00010435757806761528,znd_T0371.43_P01.60.npz
371.428571429,1.7,1978.3848442433994,0.00010947689223078935,0.0001385833759084841,0.00036124234225224186,0.001318608430907613,9.920968582142144e-05,znd_T0371.43_P01.70.npz
371.428571429,1.8,1979.627341136315,0.00010429755084159461,0.00013161215291230378,0.00033364714566936536,0.0013833117433972699,9.469123041700928e-05,znd_T0371.43_P01.80.npz
371.428571429,1.9,1980.7957572113492,9.97316736708274e-05,0.00012548925602013148,0.00030992796140961077,0.0014470245969861132,9.070307459471592e-05,znd_T0371.43_P01.90.npz
371.428571429,2.0,1981.8978585288637,9.569011645426213e-05,0.00012007637917541572,0.00028923724885869013,0.0015100817312195278,8.736649468252268e-05,znd_T0371.43_P02.00.npz
371.428571429,2.1,1982.94044239242,9.209393639067675e-05,0.00011527109727855845,0.0002711108262740234,0.0015719649533403888,8.420786224397864e-05,znd_T0371.43_P02.10.npz
371.428571429,2.2,1983.9292738661345,8.888357839628402e-05,0.0001109774991755704,0.0002551342071731245,0.001633127901726749,8.208719946702919e-05,znd_T0371.43_P02.20.npz
371.428571429,2.3,1984.8693359978815,8.600755561636061e-05,0.00010713360310535566,0.0002409747945427028,0.0016935091795937788,7.952906845226598e-05,znd_T0371.43_P02.30.npz
371.428571429,2.4,1985.7649650760843,8.34163345398468e-05,0.00010367467196959531,0.00022833796618698082,0.0017530211456577472,7.722308788735442e-05,znd_T0371.43_P02.40.npz
371.428571429,2.5,1986.619824868847,8.108087049280322e-05,0.00010055925016364893,0.00021706971284597704,0.001811663528120891,7.51374207181768e-05,znd_T0371.43_P02.50.npz
371.428571429,2.6,1987.4375395142085,7.897868057423278e-05,9.774053617912765e-05,0.00020689843594699395,0.0018692722028131536,7.311466914710751e-05,znd_T0371.43_P02.60.npz
371.428571429,2.7,1988.2207777316203,7.707071064570396e-05,9.518764564832904e-05,0.00019779955081189414,0.0019259526805859959,7.203008772178086e-05,znd_T0371.43_P02.70.npz
371.428571429,2.8,1988.9722550916817,7.534410910950606e-05,9.286961713853019e-05,0.0001895370787042013,0.001982091851918913,6.991232585433946e-05,znd_T0371.43_P02.80.npz
371.428571429,2.9,1989.6942650008925,7.378255300874881e-05,9.076337782985567e-05,0.00018200104769823763,0.0020378621230440663,6.910587093299899e-05,znd_T0371.43_P02.90.npz
371.428571429,3.0,1990.388928420678,7.23634092658959e-05,8.884563060251025e-05,0.00017519610382527804,0.002092681680966712,6.775794929525283e-05,znd_T0371.43_P03.00.npz
371.428571429,3.1,1991.0581285396609,7.107648694769814e-05,8.710237173905854e-05,0.00016896249584430386,0.002146451254748042,6.651961888526661e-05,znd_T0371.43_P03.10.npz
371.428571429,3.2,1991.7035173340737,6.99150160254209e-05,8.551473471455457e-05,0.0001632636950291744,0.0021990761511602253,6.600476337411986e-05,znd_T0371.43_P03.20.npz
371.428571429,3.3,1992.3266648470171,6.886004345316586e-05,8.406920612132353e-05,0.00015806321459386948,0.00225166830046319,6.458015093056359e-05,znd_T0371.43_P03.30.npz
371.428571429,3.4,1992.9289536059052,6.79085639585617e-05,8.275305427718247e-05,0.00015329009691464375,0.002303327379570385,6.428850987256017e-05,znd_T0371.43_P03.40.npz
371.428571429,3.5,1993.5116484479588,6.70540896347027e-05,8.155660934677073e-05,0.00014889803646938877,0.0023546627278667564,6.333453709786176e-05,znd_T0371.43_P03.50.npz
371.428571429,3.6,1994.075805664684,6.62801972386881e-05,8.04694778090697e-05,0.00014485709092312824,0.002404819985101421,6.266619621642826e-05,znd_T0371.43_P03.60.npz
371.428571429,3.7,1994.6227926667373,6.559040740957056e-05,7.94848162673675e-05,0.00014113165804844688,0.0024538902276372066,6.196936793965192e-05,znd_T0371.43_P03.70.npz
371.428571429,3.8,1995.153273049868,6.497593660651317e-05,7.859361274316579e-05,0.0001376854314228722,0.00250271920305727,6.193746232912251e-05,znd_T0371.43_P03.80.npz
371.428571429,3.9,1995.6682428176014,6.44308250349536e-05,7.779124809369452e-05,0.00013453183127113666,0.002550812432587406,6.111234491309198e-05,znd_T0371.43_P03.90.npz
371.428571429,4.0,1996.1685291345245,6.395249140074285e-05,7.706880472143924e-05,0.00013159175245961913,0.0025981570425964383,6.116501184032278e-05,znd_T0371.43_P04.00.npz
371.428571429,4.1,1996.6548947939955,6.353195808701741e-05,7.642179027380034e-05,0.0001288837733117181,0.002645117004507868,6.077700356291007e-05,znd_T0371.43_P04.10.npz
371.428571429,4.2,1997.1280400887504,6.316458815771149e-05,7.58449518250554e-05,0.0001263798120862148,0.0026906621266651245,6.065219199962089e-05,znd_T0371.43_P04.20.npz
371.428571429,4.3,1997.5886258689998,6.285548078104741e-05,7.533579843195519e-05,0.0001240728954983475,0.002736535315915455,6.016540891780765e-05,znd_T0371.43_P04.30.npz
371.428571429,4.4,1998.0372518726508,6.25955068803582e-05,7.488639698133648e-05,0.00012193389659728536,0.002780554321101403,6.031193865071752e-05,znd_T0371.43_P04.40.npz
371.428571429,4.5,1998.4743746370293,6.238542864067853e-05,7.449433681009725e-05,0.00011995588492748359,0.002825097816374598,5.986649321153084e-05,znd_T0371.43_P04.50.npz
371.428571429,4.6,1998.9008593188107,6.221425758092519e-05,7.415852766940438e-05,0.00011811084579340102,0.0028681198839082215,6.0081722474769154e-05,znd_T0371.43_P04.60.npz
371.428571429,4.7,1999.3168591537483,6.208835378769076e-05,7.387185656612388e-05,0.00011641830227863064,0.0029112261223394266,5.9872589041029324e-05,znd_T0371.43_P04.70.npz
371.428571429,4.8,1999.7229461979225,6.199877402694527e-05,7.363151091913269e-05,0.00011483745704909232,0.002952776870156736,5.967942745966498e-05,znd_T0371.43_P04.80.npz
371.428571429,4.9,2000.1195491811168,6.194628142046216e-05,7.343619331840964e-05,0.00011339365047232272,0.002994685889431033,5.990476001207957e-05,znd_T0371.43_P04.90.npz
371.428571429,5.0,2000.5070766691497,6.192259522004546e-05,7.328100689753053e-05,0.00011204753643325772,0.003035291811753663,5.986794259457964e-05,znd_T0371.43_P05.00.npz
385.714285714,0.1,1906.5561525949065,0.002276328841374703,0.004182438074464296,0.018292021863910032,9.789584831945846e-05,0.0019961522921807195,znd_T0385.71_P00.10.npz
385.714285714,0.2,1924.9482455590478,0.0010397996371884141,0.0017719662001451054,0.010563132437602202,0.00018534930544456202,0.0009080822293174956,znd_T0385.71_P00.20.npz
385.714285714,0.3,1935.3995467491216,0.0006584160226652947,0.0010306752462116904,0.005755647117265311,0.0002686127573621968,0.0005680423546077563,znd_T0385.71_P00.30.npz
385.714285714,0.4,1942.6587980724726,0.00047822586108288445,0.0007091119076358946,0.0035957716182308114,0.00034910263348276517,0.0004129166604940956,znd_T0385.71_P00.40.npz
385.714285714,0.5,1948.1926864170578,0.00037453100706940344,0.000535880524533276,0.002494978260520093,0.0004273627157543289,0.0003261165140020111,znd_T0385.71_P00.50.npz
385.714285714,0.6,1952.6477589262067,0.00030763605588784266,0.00042930041641729846,0.0018561150173252638,0.0005036746936410208,0.0002674958334769711,znd_T0385.71_P00.60.npz
385.714285714,0.7,1956.3657595319507,0.00026113074241827615,0.0003577214252447481,0.001449463835174181,0.0005782958800096657,0.0002291991321031982,znd_T0385.71_P00.70.npz
385.714285714,0.8,1959.5492515375743,0.00022706220883063162,0.00030666164664355496,0.0011728470279308417,0.0006513380746624935,0.00020032717002888237,znd_T0385.71_P00.80.npz
385.714285714,0.9,1962.3276968017371,0.0002010935174149642,0.00026853544792732894,0.0009750305434878546,0.0007229355217234773,0.00017833838795624046,znd_T0385.71_P00.90.npz
385.714285714,1.0,1964.7890735374458,0.00018069741274850094,0.0002390821172802136,0.000828114256365084,0.0007933679693806103,0.00016032269103474482,znd_T0385.71_P01.00.npz
385.714285714,1.1,1966.9957146742659,0.00016428896724803797,0.00021571497178063728,0.0007154074791056837,0.0008624776227316353,0.00014630474323128212,znd_T0385.71_P01.10.npz
385.714285714,1.2,1968.9933848482933,0.0001508363256215166,0.00019675623082585447,0.0006270264102228905,0.0009304387264218345,0.00013473348038825072,znd_T0385.71_P01.20.npz
385.714285714,1.3,1970.81664778425,0.0001396069760557626,0.00018110317424053392,0.0005559601242343549,0.000997306848231578,0.0001250400655834648,znd_T0385.71_P01.30.npz
385.714285714,1.4,1972.492157170964,0.00013012675599866137,0.00016797723941208343,0.0004982154950521996,0.0010630802106939882,0.0001171112048750175,znd_T0385.71_P01.40.npz
385.714285714,1.5,1974.0412514219913,0.00012202720108183253,0.00015683497991056936,0.00045026083848614707,0.001127903601002722,0.0001101183622463323,znd_T0385.71_P01.50.npz
385.714285714,1.6,1975.4806123852445,0.00011502393978358771,0.00014727063568494036,0.0004101191015557162,0.001191793634988505,0.00010379468795035137,znd_T0385.71_P01.60.npz
385.714285714,1.7,1976.824014743145,0.00010893569551042867,0.0001389853429149511,0.0003760803024745738,0.001254712342280493,9.851350010409774e-05,znd_T0385.71_P01.70.npz
385.714285714,1.8,1978.0831027978174,0.00010359733270593196,0.00013174716172442287,0.00034684922421721845,0.00131672271274649,9.386969419290541e-05,znd_T0385.71_P01.80.npz
385.714285714,1.9,1979.267086898587,9.887820440130755e-05,0.00012538255745026818,0.0003216952415342928,0.0013778460460820104,8.976059200852316e-05,znd_T0385.71_P01.90.npz
385.714285714,2.0,1980.384064463173,9.469126463981494e-05,0.00011974778897597164,0.0002997078676470367,0.0014380995649417208,8.610468760174792e-05,znd_T0385.71_P02.00.npz
385.714285714,2.1,1981.440825015544,9.09581193449897e-05,0.00011473290868518905,0.00028051721931694566,0.0014975077829965072,8.284242357326593e-05,znd_T0385.71_P02.10.npz
385.714285714,2.2,1982.4431962527146,8.761262639466369e-05,0.00011024634922444132,0.0002635313765215472,0.001556400571541443,8.010321819709383e-05,znd_T0385.71_P02.20.npz
385.714285714,2.3,1983.3962153647617,8.46067729375879e-05,0.0001062205904556586,0.0002485249658477872,0.0016142330647883135,7.745838248320994e-05,znd_T0385.71_P02.30.npz
385.714285714,2.4,1984.3042570678958,8.189378249703353e-05,0.00010258823634508687,0.00023512946491834982,0.0016713537072649027,7.572540647953918e-05,znd_T0385.71_P02.40.npz
385.714285714,2.5,1985.1711510193434,7.943323235794667e-05,9.930342227361197e-05,0.0002231200560809294,0.0017279105100062794,7.353330632291675e-05,znd_T0385.71_P02.50.npz
385.714285714,2.6,1986.000258869314,7.720208607031187e-05,9.6322550573134e-05,0.00021234338093507473,0.0017837134864331155,7.153477163791764e-05,znd_T0385.71_P02.60.npz
385.714285714,2.7,1986.7945715993426,7.51760635095019e-05,9.36109631961331e-05,0.00020260268009925886,0.0018383630580584625,6.936636316838015e-05,znd_T0385.71_P02.70.npz
385.714285714,2.8,1987.5567059809066,7.332901149383189e-05,9.114001771495927e-05,0.00019377260013811253,0.0018928326423986964,6.78899745091945e-05,znd_T0385.71_P02.80.npz
385.714285714,2.9,1988.289021948646,7.164365149035898e-05,8.8882139120575e-05,0.0001857366921063548,0.0019460692045112221,6.697490214447387e-05,znd_T0385.71_P02.90.npz
385.714285714,3.0,1988.993649365657,7.01044972636933e-05,8.681617081598313e-05,0.00017844310227747317,0.0019992529662923773,6.554383842292773e-05,znd_T0385.71_P03.00.npz
385.714285714,3.1,1989.6724823423776,6.869760231958112e-05,8.492433381320864e-05,0.00017179188771609898,0.002051412877278841,6.43598838704636e-05,znd_T0385.71_P03.10.npz
385.714285714,3.2,1990.3272275974023,6.74109969912774e-05,8.318834261362884e-05,0.00016566840063389273,0.0021031580535993107,6.313266731086742e-05,znd_T0385.71_P03.20.npz
385.714285714,3.3,1990.9594409358183,6.62327072683826e-05,8.159465121052464e-05,0.0001600754068170444,0.0021539992826265274,6.20013070651452e-05,znd_T0385.71_P03.30.npz
385.714285714,3.4,1991.5705283155585,6.515530604845659e-05,8.013075726051876e-05,0.00015489102118449512,0.0022038931654069704,6.0960562357964326e-05,znd_T0385.71_P03.40.npz
385.714285714,3.5,1992.1617731652286,6.417051849146197e-05,7.878564311475809e-05,0.00015013447951341236,0.002253366356977381,6.059340033392396e-05,znd_T0385.71_P03.50.npz
385.714285714,3.6,1992.7343583253903,6.327271414724126e-05,7.754989470302513e-05,0.00014575813112784885,0.00230224331293203,5.938009109251354e-05,znd_T0385.71_P03.60.npz
385.714285714,3.7,1993.289316587658,6.244943797018904e-05,7.641510436416376e-05,0.00014170434461093092,0.0023502216371668085,5.923293241073221e-05,znd_T0385.71_P03.70.npz
385.714285714,3.8,1993.8272415591596,6.16998238602408e-05,7.537335656667432e-05,0.00013795754528903487,0.0023981715633666664,5.854664349871156e-05,znd_T0385.71_P03.80.npz
385.714285714,3.9,1994.3503174584525,6.101491259348844e-05,7.441716949111888e-05,0.000134467470626662,0.0024455008515718787,5.7676708532307025e-05,znd_T0385.71_P03.90.npz
385.714285714,4.0,1994.857959612616,6.039610966287101e-05,7.354078903945127e-05,0.00013123144370262755,0.002491789879858382,5.714686017033701e-05,znd_T0385.71_P04.00.npz
385.714285714,4.1,1995.351754529911,5.98346501173556e-05,7.273914991446445e-05,0.00012823618416564389,0.0025372029845325958,5.7079067645583674e-05,znd_T0385.71_P04.10.npz
385.714285714,4.2,1995.8320290945162,5.932919346487809e-05,7.20069673555069e-05,0.0001254474488135747,0.0025826209170209183,5.6623165540191984e-05,znd_T0385.71_P04.20.npz
385.714285714,4.3,1996.2995702966964,5.88766351234347e-05,7.133809675682888e-05,0.00012285947474388638,0.0026274686668708953,5.6105549487620185e-05,znd_T0385.71_P04.30.npz
385.714285714,4.4,1996.7521879966018,5.847442581379083e-05,7.073295602605128e-05,0.00012042905160495503,0.0026712572482880813,5.5936610133028554e-05,znd_T0385.71_P04.40.npz
385.714285714,4.5,1997.1961770707908,5.8111020931863806e-05,7.018208114913406e-05,0.00011818367578913706,0.0027140922657062955,5.5796234482619505e-05,znd_T0385.71_P04.50.npz
385.714285714,4.6,1997.6290237836804,5.779448085585032e-05,6.968427944255314e-05,0.00011609422164961966,0.0027575505280526213,5.533194732277898e-05,znd_T0385.71_P04.60.npz
385.714285714,4.7,1998.0513716623368,5.751527616184965e-05,6.923718233211138e-05,0.00011414145960451629,0.0027994346341545327,5.500610571799505e-05,znd_T0385.71_P04.70.npz
385.714285714,4.8,1998.4636675746438,5.7276725448943625e-05,6.883642323244679e-05,0.00011232262593525946,0.0028405999665513633,5.524317204104755e-05,znd_T0385.71_P04.80.npz
385.714285714,4.9,1998.8663589306004,5.707095809203904e-05,6.847863055980738e-05,0.00011061253930631019,0.002882346866281592,5.493802658423407e-05,znd_T0385.71_P04.90.npz
385.714285714,5.0,1999.259850016999,5.6903164559739425e-05,6.816379161205396e-05,0.00010903089700052356,0.002922600306066612,5.468206592591861e-05,znd_T0385.71_P05.00.npz
400.0,0.1,1904.2699958091657,0.00231944012211986,0.004330941306096843,0.01857851638385855,9.277483772043687e-05,0.002034443778191825,znd_T0400.00_P00.10.npz
400.0,0.2,1922.8237624725189,0.0010591117299759442,0.0018443526581303443,0.011070449918526055,0.00017578369749697713,0.0009166906085426909,znd_T0400.00_P00.20.npz
400.0,0.3,1933.3750931803772,0.0006697615416638644,0.0010688352675160807,0.006084365234053487,0.00025482876065863793,0.0005830385778963054,znd_T0400.00_P00.30.npz
400.0,0.4,1940.7076380461472,0.00048576246367279335,0.0007323864506257295,0.0038025026478814366,0.00033124700457561404,0.00042291993372870173,znd_T0400.00_P00.40.npz
400.0,0.5,1946.2996918200786,0.00037990428892949754,0.0005515533562240072,0.0026355481971721915,0.00040562749821479915,0.0003301051852369455,znd_T0400.00_P00.50.npz
400.0,0.6,1950.8030890893017,0.00031162774436907937,0.0004405702859089855,0.001958269758208648,0.0004781740367142903,0.00027033879386769967,znd_T0400.00_P00.60.npz
400.0,0.7,1954.5625407679731,0.0002641659701795739,0.00036619913840356,0.0015274568899078717,0.0005492082740664347,0.00023080417255667582,znd_T0400.00_P00.70.npz
400.0,0.8,1957.7822192386304,0.00022938773745238882,0.00031319381861881474,0.0012346759476904543,0.0006187708096120325,0.00020168035897320018,znd_T0400.00_P00.80.npz
400.0,0.9,1960.5929160566898,0.00020286340574323712,0.00027367807650252775,0.0010252167150825026,0.0006869858416355357,0.00017939598112075538,znd_T0400.00_P00.90.npz
400.0,1.0,1963.0832704220459,0.0001820294748097691,0.0002431889623715517,0.0008694827646196732,0.0007540051789663031,0.00016019337053180756,znd_T0400.00_P01.00.npz
400.0,1.1,1965.3164567397678,0.0001652679208291649,0.0002190047049504199,0.0007502498332831029,0.0008200231231433741,0.00014681817011835205,znd_T0400.00_P01.10.npz
400.0,1.2,1967.3384210296163,0.0001515144337285676,0.00019939077824949252,0.0006567161690893233,0.0008848821083927588,0.00013504606187309957,znd_T0400.00_P01.20.npz
400.0,1.3,1969.1840339744472,0.0001400320334559831,0.0001832056959937393,0.0005817081694404432,0.0009487403799635574,0.00012516965858839677,znd_T0400.00_P01.30.npz
400.0,1.4,1970.8806017712295,0.0001303290202908361,0.00016963510519467552,0.0005205814734096004,0.0010116016545054503,0.0001169776729608129,znd_T0400.00_P01.40.npz
400.0,1.5,1972.4491271384495,0.00012203785984599552,0.000158114178740047,0.00046997729898348364,0.0010735744862548442,0.00010984258468255913,znd_T0400.00_P01.50.npz
400.0,1.6,1973.906798037558,0.00011486147264766994,0.00014822401278405064,0.0004274191003069515,0.0011346731135756592,0.00010365932762923214,znd_T0400.00_P01.60.npz
400.0,1.7,1975.267548235265,0.0001086081235960495,0.0001396550680012623,0.0003914447797897392,0.0011949327017090855,9.824883517342739e-05,znd_T0400.00_P01.70.npz
400.0,1.8,1976.542856457657,0.00010312832850777704,0.0001321635850196181,0.00036067603784034044,0.0012543842544562645,9.325224529832346e-05,znd_T0400.00_P01.80.npz
400.0,1.9,1977.742313002977,9.827558162098506e-05,0.00012556583937987483,0.00033406533736641034,0.0013130068878089685,8.904241802879946e-05,znd_T0400.00_P01.90.npz
400.0,2.0,1978.8739940986848,9.396095218742376e-05,0.00011972667224382247,0.0003108044974301788,0.0013708501643744833,8.529299927537284e-05,znd_T0400.00_P02.00.npz
400.0,2.1,1979.9446464611092,9.0107183998752e-05,0.00011452096005989166,0.0002905091946365125,0.0014279282855024866,8.193292706905508e-05,znd_T0400.00_P02.10.npz
400.0,2.2,1980.9605351157352,8.66490422780568e-05,0.00010985730587861435,0.000272536035141974,0.0014842575131641363,7.891146085130425e-05,znd_T0400.00_P02.20.npz
400.0,2.3,1981.9262432945043,8.353338953143788e-05,0.00010566250786800441,0.00025663259447308433,0.0015398457904103899,7.61806549956457e-05,znd_T0400.00_P02.30.npz
400.0,2.4,1982.8467068109153,8.070920624122709e-05,0.00010187568718692391,0.00024246841027605792,0.0015946942642585807,7.370121263879124e-05,znd_T0400.00_P02.40.npz
400.0,2.5,1983.7254072122512,7.815072131739712e-05,9.844264151697571e-05,0.0002297857229044401,0.0016492144582851479,7.161455966103324e-05,znd_T0400.00_P02.50.npz
400.0,2.6,1984.565885149568,7.581766265968161e-05,9.532237926950313e-05,0.00021835391816856265,0.0017027582017366688,7.016477268550275e-05,znd_T0400.00_P02.60.npz
400.0,2.7,1985.3711140528092,7.369338778755955e-05,9.247529535569814e-05,0.00020802230592546281,0.001756084330183984,6.80181294634403e-05,znd_T0400.00_P02.70.npz
400.0,2.8,1986.1438057388707,7.17497111127398e-05,8.987244264961421e-05,0.00019864632006870623,0.0018082824417021757,6.61862589851236e-05,znd_T0400.00_P02.80.npz
400.0,2.9,1986.886327259023,6.996342680328872e-05,8.748650492054583e-05,0.00019012134295800178,0.0018597708036142116,6.456518746993869e-05,znd_T0400.00_P02.90.npz
400.0,3.0,1987.6008187463617,6.832793310997973e-05,8.529540411219687e-05,0.00018236760394931817,0.0019110627906656127,6.363917937165729e-05,znd_T0400.00_P03.00.npz
400.0,3.1,1988.2891963511654,6.682490823813671e-05,8.32786963934781e-05,0.00017525786956942038,0.0019613247901463823,6.189182324407116e-05,znd_T0400.00_P03.10.npz
400.0,3.2,1988.9531924598434,6.543997067127618e-05,8.142189421202672e-05,0.000168763675395262,0.0020113138630625345,6.1207191104509e-05,znd_T0400.00_P03.20.npz
400.0,3.3,1989.5943873248207,6.416387918792852e-05,7.970918123591257e-05,0.0001627806503724522,0.002060810255606165,6.002260412872437e-05,znd_T0400.00_P03.30.npz
400.0,3.4,1990.2141718406708,6.298793915560096e-05,7.812575367404838e-05,0.00015725068229300665,0.0021096064845817844,5.892039663808423e-05,znd_T0400.00_P03.40.npz
400.0,3.5,1990.8138780009842,6.19091386081837e-05,7.666233920835863e-05,0.00015215708819044907,0.00215768719435868,5.804839455283924e-05,znd_T0400.00_P03.50.npz
400.0,3.6,1991.3946763843494,6.0908538710891834e-05,7.530904956665715e-05,0.00014743824645167486,0.0022052503741442696,5.7133666076475215e-05,znd_T0400.00_P03.60.npz
400.0,3.7,1991.9576571657676,5.9985426688459504e-05,7.405483522298524e-05,0.00014309089205965202,0.0022521881206375043,5.631589795922161e-05,znd_T0400.00_P03.70.npz
400.0,3.8,1992.5038103760512,5.9131981105699524e-05,7.289489497160657e-05,0.00013902997793798888,0.002298579711316464,5.5603963156178005e-05,znd_T0400.00_P03.80.npz
400.0,4.0,1993.5464553581862,5.762536910178627e-05,7.082598314831492e-05,0.00013175649004605575,0.002389650590687676,5.4492059174352036e-05,znd_T0400.00_P04.00.npz
400.0,4.1,1994.0473200753222,5.695573596311015e-05,6.990378190116886e-05,0.00012851827751113667,0.0024342117503353463,5.3714174948699646e-05,znd_T0400.00_P04.10.npz
400.0,4.2,1994.5346213327473,5.634483986811117e-05,6.90505720286456e-05,0.00012546836120332216,0.0024785053667500403,5.32610033721489e-05,znd_T0400.00_P04.20.npz
400.0,4.3,1995.0088686914505,5.5780903959248314e-05,6.826105541966227e-05,0.00012262888345934285,0.002521682616147073,5.2688471737790975e-05,znd_T0400.00_P04.30.npz
400.0,4.4,1995.4711633613051,5.526510823303445e-05,6.753043175796954e-05,0.00011996767441518701,0.0025648519551840546,5.270753169077603e-05,znd_T0400.00_P04.40.npz
400.0,4.5,1995.9216135833935,5.4793064282678866e-05,6.685693253710869e-05,0.00011748270460640313,0.0026078584306486806,5.220523400939965e-05,znd_T0400.00_P04.50.npz
400.0,4.6,1996.3607485397633,5.436302111062656e-05,6.62358636627088e-05,0.00011515923735151976,0.0026498062656468415,5.1907984728396165e-05,znd_T0400.00_P04.60.npz
400.0,4.7,1996.7895647305036,5.397162803739349e-05,6.56635433240687e-05,0.00011298505455225974,0.0026912534031151548,5.1368662625604675e-05,znd_T0400.00_P04.70.npz
400.0,4.8,1997.2080371444827,5.3619365751539166e-05,6.51367746469606e-05,0.00011096262725620946,0.0027323805024259988,5.131486461943451e-05,znd_T0400.00_P04.80.npz
400.0,4.9,1997.6167728759642,5.329869086585564e-05,6.46543084208923e-05,0.00010903670603066929,0.002772170425029801,5.076739492834623e-05,znd_T0400.00_P04.90.npz
400.0,5.0,1998.016201507183,5.3010432036223334e-05,6.42134909238831e-05,0.00010725331112781894,0.0028128907033470366,5.083871758720686e-05,znd_T0400.00_P05.00.npz
414.285714286,0.1,1901.9951998079387,0.0023610177173617273,0.004478695734615251,0.018843708486729276,8.802749099072936e-05,0.002065074894355081,znd_T0414.29_P00.10.npz
414.285714286,0.2,1920.708858576704,0.0010779565582071837,0.0019183528368612373,0.01157117669288313,0.00016691720390496395,0.0009345883972779142,znd_T0414.29_P00.20.npz
414.285714286,0.3,1931.3590913375206,0.0006808496537671065,0.0011080673953350803,0.006418981725087763,0.00024204128880280025,0.0005922891275641199,znd_T0414.29_P00.30.npz
414.285714286,0.4,1938.7641240612031,0.0004931820425018592,0.0007563161469032904,0.0040139375649839385,0.00031470843317148216,0.0004269858820961031,znd_T0414.29_P00.40.npz
414.285714286,0.5,1944.4136776808623,0.0003852180965569824,0.0005677258637912087,0.0027793968153277805,0.00038542139690115023,0.00033293282212904147,znd_T0414.29_P00.50.npz
414.285714286,0.6,1948.964853094439,0.00031559153584514706,0.0004521885224784738,0.002063473702640239,0.00045452176962527946,0.0002749263359760902,znd_T0414.29_P00.60.npz
414.285714286,0.7,1952.7652344534101,0.00026720402364605126,0.0003749461247508035,0.0016072616409789375,0.0005221350605518631,0.00023268774276542008,znd_T0414.29_P00.70.npz
414.285714286,0.8,1956.020749293696,0.00023172724849663138,0.00031997796512789973,0.0012978444843811667,0.0005884522531168179,0.0002030932337134091,znd_T0414.29_P00.80.npz
414.285714286,0.9,1958.86333330054,0.00020468587279324056,0.0002790525873680121,0.0010764289045836536,0.000653519135914531,0.00018044233390368352,znd_T0414.29_P00.90.npz
414.285714286,1.0,1961.3825200387028,0.0001834456570854012,0.00024750058400503324,0.0009122016191912355,0.0007174479422398675,0.00016249264139075006,znd_T0414.29_P01.00.npz
414.285714286,1.1,1963.64178862904,0.00016633866769067904,0.00022249506221312573,0.0007862346907651544,0.0007803551307051099,0.00014656429488318017,znd_T0414.29_P01.10.npz
414.285714286,1.2,1965.6877721733313,0.00015230317644311038,0.00020223637722690442,0.0006874875500970711,0.0008423954904877318,0.00013541883421813137,znd_T0414.29_P01.20.npz
414.285714286,1.3,1967.5556966789634,0.00014058966811384424,0.0001855152401792712,0.0006082441274159817,0.0009034131726759647,0.00012538499449886992,znd_T0414.29_P01.30.npz
414.285714286,1.4,1969.2728150451926,0.00013067038952167763,0.00017150245309072322,0.0005437228240438285,0.0009635334481795166,0.00011694837565955662,znd_T0414.29_P01.40.npz
414.285714286,1.5,1970.8606398248198,0.0001221875681753693,0.00015961308506430309,0.0004903325145737846,0.0010228115903845054,0.00010969110189422833,znd_T0414.29_P01.50.npz
414.285714286,1.6,1972.3364324032566,0.00011485909409148476,0.00014939965110413421,0.00044553111030591554,0.0010812829512453004,0.00010339781498031545,znd_T0414.29_P01.60.npz
414.285714286,1.7,1973.7142508192244,0.00010845961554270883,0.00014054961635777017,0.0004075745922018513,0.0011389785889311592,9.78959984660649e-05,znd_T0414.29_P01.70.npz
414.285714286,1.8,1975.0056992908094,0.00010283922543525508,0.00013281026019266393,0.0003750043447727528,0.001195930342887831,9.304293359219037e-05,znd_T0414.29_P01.80.npz
414.285714286,1.9,1976.2204625396812,9.78716441218863e-05,0.0001259977283371256,0.00034694715143599846,0.0012522035965829047,8.850705972904534e-05,znd_T0414.29_P01.90.npz
414.285714286,2.0,1977.3666965262423,9.34438598567879e-05,0.00011995684062742554,0.000322412588070324,0.0013077161799603515,8.467344370407048e-05,znd_T0414.29_P02.00.npz
414.285714286,2.1,1978.451350092478,8.948333009267997e-05,0.00011457177626742213,0.0003009989527777636,0.001362536651355568,8.123040034266823e-05,znd_T0414.29_P02.10.npz
414.285714286,2.2,1979.4803663380728,8.592412981133262e-05,0.00010974362259627804,0.0002821001943161782,0.0014166791514977513,7.812600857893048e-05,znd_T0414.29_P02.20.npz
414.285714286,2.3,1980.4588897438307,8.27119726975001e-05,0.00010539628810092451,0.0002653274569570982,0.0014701510758073164,7.53115631755501e-05,znd_T0414.29_P02.30.npz
414.285714286,2.4,1981.3913922077236,7.979868932762457e-05,0.00010146790704143637,0.0002503314547583131,0.0015227721269652217,7.335498343042522e-05,znd_T0414.29_P02.40.npz
414.285714286,2.5,1982.28177841419,7.715196544966078e-05,9.790216952077758e-05,0.00023694442756401303,0.0015751512961749837,7.099588931292058e-05,znd_T0414.29_P02.50.npz
414.285714286,2.6,1983.1335011665244,7.47339777778743e-05,9.465328822624871e-05,0.0002248699790910286,0.001626822128611404,6.889559235848875e-05,znd_T0414.29_P02.60.npz
414.285714286,2.7,1983.9495637101961,7.252581457463768e-05,9.168544165241218e-05,0.00021396025498490742,0.0016780236782978522,6.689410667051827e-05,znd_T0414.29_P02.70.npz
414.285714286,2.8,1984.7327054170282,7.049688378934489e-05,8.896568586393983e-05,0.00020403746206145782,0.0017285839085504184,6.506050113982849e-05,znd_T0414.29_P02.80.npz
414.285714286,2.9,1985.4853220548337,6.863152562751463e-05,8.646844270767626e-05,0.00019504842875469472,0.0017784879227038712,6.331392541822818e-05,znd_T0414.29_P02.90.npz
414.285714286,3.0,1986.2095782177526,6.69164334876565e-05,8.416898384090478e-05,0.00018683525786339296,0.0018277464591366817,6.176857446485148e-05,znd_T0414.29_P03.00.npz
414.285714286,3.1,1986.907397540984,6.533383729655294e-05,8.204807854305739e-05,0.00017930750889796616,0.0018763808996762874,6.034028258196837e-05,znd_T0414.29_P03.10.npz
414.285714286,3.2,1987.580557981326,6.387169855264224e-05,8.008759286518133e-05,0.0001723751037585326,0.0019244718820665622,5.95596967133477e-05,znd_T0414.29_P03.20.npz
414.285714286,3.3,1988.23062643673,6.251890571514466e-05,7.827392408180661e-05,0.00016605054950804846,0.0019723498383488083,5.832775313715542e-05,znd_T0414.29_P03.30.npz
414.285714286,3.4,1988.8590491191053,6.126692387468149e-05,7.659390880146242e-05,0.00016016674323765423,0.002019431283401446,5.6862517873413734e-05,znd_T0414.29_P03.40.npz
414.285714286,3.5,1989.4690478590735,6.010398994378572e-05,7.503175670520407e-05,0.000154777582303136,0.0020658998657521795,5.5828923857457375e-05,znd_T0414.29_P03.50.npz
414.285714286,3.6,1990.053273449494,5.902679038154959e-05,7.358229724689501e-05,0.00014973228757980827,0.0021119346658645954,5.4898218070983196e-05,znd_T0414.29_P03.60.npz
414.285714286,3.7,1990.6239501640441,5.802485092325458e-05,7.22351279621893e-05,0.00014509963680906906,0.0021576194985456205,5.407516390209731e-05,znd_T0414.29_P03.70.npz
414.285714286,3.8,1991.1779729718523,5.709665109463365e-05,7.097764702512628e-05,0.0001407738830157334,0.0022028235929962754,5.3725521464963825e-05,znd_T0414.29_P03.80.npz
414.285714286,3.9,1991.71570772816,5.623061121608414e-05,6.980940781691172e-05,0.00013673460785291162,0.0022475173054785718,5.262856892167149e-05,znd_T0414.29_P03.90.npz
414.285714286,4.0,1992.2382068903212,5.5426774156932665e-05,6.871832783146983e-05,0.00013300548117254927,0.002291351347357989,5.189147061964965e-05,znd_T0414.29_P04.00.npz
414.285714286,4.1,1992.74621745384,5.4682591811206916e-05,6.770173520120677e-05,0.00012949153496182446,0.0023353832993713588,5.1573557102547385e-05,znd_T0414.29_P04.10.npz
414.285714286,4.2,1993.2403165685964,5.398596405314697e-05,6.675173234810635e-05,0.00012622898596009158,0.0023783209215098777,5.1057921450208734e-05,znd_T0414.29_P04.20.npz
414.285714286,4.3,1993.7217428912759,5.3339213241507736e-05,6.586804521379351e-05,0.00012316261485366485,0.002421120215089046,5.0307965863222353e-05,znd_T0414.29_P04.30.npz
414.285714286,4.4,1994.1905532982032,5.274165496279396e-05,6.504221966998156e-05,0.00012028059901904015,0.002462814035832302,5.0082687320628756e-05,znd_T0414.29_P04.40.npz
414.285714286,4.5,1994.647527471148,5.2183576148057247e-05,6.427269896499341e-05,0.00011760995477923734,0.0025043208972396224,4.964974531821325e-05,znd_T0414.29_P04.50.npz
414.285714286,4.6,1995.0932052708622,5.166718312504917e-05,6.355430596472238e-05,0.00011507040449155441,0.002546114890488939,4.904868568427506e-05,znd_T0414.29_P04.60.npz
414.285714286,4.7,1995.5281141376888,5.11922978314028e-05,6.288494124076482e-05,0.00011271343630618654,0.0025864931662356538,4.8457767301656946e-05,znd_T0414.29_P04.70.npz
414.285714286,4.8,1995.9526906515405,5.074870005925749e-05,6.226038241388809e-05,0.00011047895057120787,0.0026268715061307196,4.83893199072145e-05,znd_T0414.29_P04.80.npz
414.285714286,4.9,1996.3674318353235,5.033939743960137e-05,6.167962541355141e-05,0.00010837817303469622,0.0026668047623753357,4.7876106048898436e-05,znd_T0414.29_P04.90.npz
414.285714286,5.0,1996.7727066487514,4.9964723227570135e-05,6.113922334178415e-05,0.00010640480703551061,0.002706156578259544,4.769170586789292e-05,znd_T0414.29_P05.00.npz
428.571428571,0.1,1899.7302923992145,0.002401074204766836,0.004626107541128896,0.019089944635628152,8.360446973232207e-05,0.0020855108817231325,znd_T0428.57_P00.10.npz
428.571428571,0.2,1918.6022282022766,0.001096311064938004,0.001993973155914461,0.01206416229589731,0.0001586646894314113,0.0009500400788861286,znd_T0428.57_P00.20.npz
428.571428571,0.3,1929.3503226581745,0.0006917155583268649,0.0011484755216949567,0.0067585997052891835,0.00023014795286176924,0.0006018038095858993,znd_T0428.57_P00.30.npz
428.571428571,0.4,1936.8270887166457,0.0005004805562176873,0.0007809433660437359,0.004230169360348144,0.00029929026168434944,0.0004356832045582848,znd_T0428.57_P00.40.npz
428.571428571,0.5,1942.5334151456232,0.0003904664801011484,0.0005843316148261292,0.002926842409028412,0.00036663580889422447,0.00034007039400594646,znd_T0428.57_P00.50.npz
428.571428571,0.6,1947.1319677115578,0.00031954482851690114,0.00046418271875019613,0.00217048921955055,0.0004324747882830417,0.0002779446063994959,znd_T0428.57_P00.60.npz
428.571428571,0.7,1950.9728421134548,0.00027023681734358255,0.0003839865543400413,0.001689542125682442,0.0004969295128305427,0.00023510209052092807,znd_T0428.57_P00.70.npz
428.571428571,0.8,1954.2638159015507,0.00023409816887138144,0.0003269872504824511,0.0013626223737541543,0.0005601387338316997,0.00020393918939229768,znd_T0428.57_P00.80.npz
428.571428571,0.9,1957.137960939131,0.0002065480010089168,0.00028462640026822043,0.001128858127014834,0.0006222718594269846,0.00018070285302927415,znd_T0428.57_P00.90.npz
428.571428571,1.0,1959.6855889184967,0.00018490411187163249,0.00025199898754540425,0.0009556898984714905,0.0006833445000538181,0.0001633055440828776,znd_T0428.57_P01.00.npz
428.571428571,1.1,1961.970755174416,0.00016748430159708866,0.00022616786555293018,0.0008230673890059678,0.0007434115168350621,0.0001485658095552692,znd_T0428.57_P01.10.npz
428.571428571,1.2,1964.040514938347,0.00015317636322853063,0.00020525729127061627,0.0007190621423019012,0.0008026462224993315,0.00013521048109725622,znd_T0428.57_P01.20.npz
428.571428571,1.3,1965.9304346185108,0.00014122656253589955,0.00018800322523593798,0.0006355296687431667,0.0008609986845036373,0.0001258748230314805,znd_T0428.57_P01.30.npz
428.571428571,1.4,1967.667985290629,0.00013112221259290612,0.00017354996152237848,0.0005676621664243848,0.0009185723060454886,0.00011701963468851255,znd_T0428.57_P01.40.npz
428.571428571,1.5,1969.2747526339656,0.0001224658671502551,0.00016128601850756748,0.0005113505920358413,0.0009753055790056786,0.00010965564108478241,znd_T0428.57_P01.50.npz
428.571428571,1.6,1970.768645078869,0.00011498442835302992,0.00015075712477829775,0.0004641813887606135,0.0010312894420930491,0.00010326331465077358,znd_T0428.57_P01.60.npz
428.571428571,1.7,1972.1633591434404,0.00010845879974911722,0.00014163647859065663,0.0004240590316252976,0.0010865571470181517,9.766719890342483e-05,znd_T0428.57_P01.70.npz
428.571428571,1.8,1973.4707920864116,0.00010271542634949619,0.0001336583468627529,0.00038988268059853394,0.0011411382735348075,9.272804393939826e-05,znd_T0428.57_P01.80.npz
428.571428571,1.9,1974.7007068404675,9.762696702753085e-05,0.00012663289683432073,0.00036033502138998395,0.0011950552643211114,8.834315614385939e-05,znd_T0428.57_P01.90.npz
428.571428571,2.0,1975.861179460833,9.310125144424883e-05,0.000120402547396979,0.00033459240685129624,0.0012483357987390566,8.441890509520034e-05,znd_T0428.57_P02.00.npz
428.571428571,2.1,1976.9597490890708,8.904329344458747e-05,0.00011484532636263535,0.00031198078526928336,0.0013010173005991673,8.05566197897445e-05,znd_T0428.57_P02.10.npz
428.571428571,2.2,1978.0018918193198,8.53925621020369e-05,0.00010986260294744463,0.0002921338845099628,0.0013530190717020226,7.737784268517784e-05,znd_T0428.57_P02.20.npz
428.571428571,2.3,1978.992977923132,8.20935635694927e-05,0.00010536951983183716,0.0002743929857957065,0.0014044048328067196,7.44939167078448e-05,znd_T0428.57_P02.30.npz
428.571428571,2.4,1979.9375333059968,7.910066003495849e-05,0.00010130764545101428,0.0002586731066983114,0.0014551787664224256,7.186590022918928e-05,znd_T0428.57_P02.40.npz
428.571428571,2.5,1980.83930126905,7.637688669443585e-05,9.761739711790557e-05,0.00024450130082933025,0.0015053962933984743,6.949052662708408e-05,znd_T0428.57_P02.50.npz
428.571428571,2.6,1981.7023424161573,7.388786106707606e-05,9.425109618178566e-05,0.00023181050531214344,0.001555069809839179,6.795648150889893e-05,znd_T0428.57_P02.60.npz
428.571428571,2.7,1982.5291487196153,7.160426514835286e-05,9.117082494921035e-05,0.00022032350692349144,0.0016043862220125953,6.590742724130279e-05,znd_T0428.57_P02.70.npz
428.571428571,2.8,1983.322645169682,6.950869400389039e-05,8.834977073575452e-05,0.00020987250012820366,0.0016529675194283647,6.412693858948527e-05,znd_T0428.57_P02.80.npz
428.571428571,2.9,1984.0852636425393,6.757576723982132e-05,8.575172085581764e-05,0.0002004203630878433,0.0017012056269272954,6.239633068574871e-05,znd_T0428.57_P02.90.npz
428.571428571,3.0,1984.8191901942394,6.579230703252905e-05,8.335544977332379e-05,0.00019175177454255915,0.0017489007571423862,6.0801522009465563e-05,znd_T0428.57_P03.00.npz
428.571428571,3.1,1985.526382048324,6.41438110513197e-05,8.114485186903784e-05,0.00018378158254096273,0.0017960618808537992,5.9330166330369965e-05,znd_T0428.57_P03.10.npz
428.571428571,3.3,1986.864581807071,6.120294563791082e-05,7.719610637043305e-05,0.00016979228062668518,0.0018888309675922023,5.6722949179897634e-05,znd_T0428.57_P03.30.npz
428.571428571,3.4,1987.501536934661,5.9886041846148565e-05,7.543077452676423e-05,0.000163589058971879,0.0019344646467774162,5.557607160336858e-05,znd_T0428.57_P03.40.npz
428.571428571,3.5,1988.1178718248775,5.865989754397062e-05,7.37861662010225e-05,0.00015786048925501555,0.001979621648082657,5.4531610846322096e-05,znd_T0428.57_P03.50.npz
428.571428571,3.6,1988.7148564764618,5.7519062045374124e-05,7.225458987060663e-05,0.00015254207636056645,0.002024296643028313,5.3592089039851946e-05,znd_T0428.57_P03.60.npz
428.571428571,3.7,1989.2933718766187,5.6457844799958475e-05,7.082519645869644e-05,0.00014762332333777931,0.0020684316493386565,5.275242790490723e-05,znd_T0428.57_P03.70.npz
428.571428571,3.8,1989.8550738198435,5.546585689830545e-05,6.949106472776875e-05,0.0001430370967441379,0.0021122653611782695,5.184032457591486e-05,znd_T0428.57_P03.80.npz
428.571428571,3.9,1990.4002731358776,5.4539688345961117e-05,6.824259735923665e-05,0.0001387759146942637,0.0021553095662805843,5.117717894587722e-05,znd_T0428.57_P03.90.npz
428.571428571,4.0,1990.9298106301387,5.366800420632066e-05,6.707561672130539e-05,0.00013478123315940744,0.002198401246754419,5.021375568155719e-05,znd_T0428.57_P04.00.npz
428.571428571,4.1,1991.4451503696116,5.285902017874773e-05,6.598148686282903e-05,0.00013106088905231257,0.002240416549778327,4.9381581743462335e-05,znd_T0428.57_P04.10.npz
428.571428571,4.2,1991.9463692603888,5.2102663074948223e-05,6.495550667024995e-05,0.00012756736057895833,0.0022821480821185354,4.869734017957664e-05,znd_T0428.57_P04.20.npz
428.571428571,4.3,1992.4343727013377,5.139066296927723e-05,6.39934390795729e-05,0.0001243109113568722,0.0023242791218275466,4.83955069678633e-05,znd_T0428.57_P04.30.npz
428.571428571,4.4,1992.9097961509524,5.072689441050389e-05,6.30915659229566e-05,0.00012122755933754957,0.0023653976386337565,4.776205926136891e-05,znd_T0428.57_P04.40.npz
428.571428571,4.5,1993.3730101133679,5.010590670440578e-05,6.224524298812714e-05,0.0001183450315080937,0.002405507663696878,4.705187854789118e-05,znd_T0428.57_P04.50.npz
428.571428571,4.6,1993.8252450771747,4.952713696299419e-05,6.1450129411761e-05,0.00011563345487318607,0.0024461880683655578,4.6860068217840904e-05,znd_T0428.57_P04.60.npz
428.571428571,4.7,1994.266333560864,4.8980160948836034e-05,6.0704489623044095e-05,0.00011309140794982523,0.002485648911272355,4.6500805273848185e-05,znd_T0428.57_P04.70.npz
428.571428571,4.8,1994.6969879850963,4.8474485644733375e-05,6.000319837918329e-05,0.00011068932816819906,0.0025254729851255193,4.591038852300402e-05,znd_T0428.57_P04.80.npz
428.571428571,4.9,1995.117654182187,4.79956948827267e-05,5.9344808973131945e-05,0.0001084201670469742,0.0025640980508286923,4.535812803057524e-05,znd_T0428.57_P04.90.npz
428.571428571,5.0,1995.5287647886946,4.7550211343801906e-05,5.872703963136786e-05,0.00010628533248854047,0.0026029046116892293,4.5070502350527096e-05,znd_T0428.57_P05.00.npz
442.857142857,0.1,1897.473970295667,0.0024397566340920844,0.004773006704535819,0.019319310252949747,7.94934736761166e-05,0.0021295866597931547,znd_T0442.86_P00.10.npz
442.857142857,0.2,1916.5026977198324,0.0011142838660157602,0.0020714866807778082,0.012548488033127211,0.0001509707773916595,0.0009632682836049611,znd_T0442.86_P00.20.npz
442.857142857,0.3,1927.347699136976,0.0007023643681665912,0.0011900053263024183,0.00710312990352345,0.00021907226569969692,0.0006073858045394539,znd_T0442.86_P00.30.npz
442.857142857,0.4,1934.8954785936107,0.00050762886743852,0.000806309980850656,0.004450689117272583,0.00028494798924336227,0.000441552252199228,znd_T0442.86_P00.40.npz
442.857142857,0.5,1940.658237233169,0.00039564975246386404,0.0006014274850199314,0.003077296924365051,0.0003491368577585488,0.0003441446011024141,znd_T0442.86_P00.50.npz
442.857142857,0.6,1945.303482565757,0.00032342904513253673,0.00047650087677138237,0.002280304851061911,0.0004118810871874784,0.0002795745034965607,znd_T0442.86_P00.60.npz
442.857142857,0.7,1949.1843051094995,0.00027324643797631813,0.0003932536045049552,0.0017734568307809543,0.0004733923197038332,0.00023871555101134736,znd_T0442.86_P00.70.npz
442.857142857,0.8,1952.51053844158,0.00023646993963391172,0.000334230720256243,0.0014285496092159582,0.0005337589340177943,0.00020587878341971636,znd_T0442.86_P00.80.npz
442.857142857,0.9,1955.415926072956,0.00020844149294219506,0.0002904142477195375,0.0011826658781842803,0.0005931088644328031,0.00018253168147983897,znd_T0442.86_P00.90.npz
442.857142857,1.0,1957.991718853659,0.0001864130366068224,0.00025669267421936983,0.0010003908915569661,0.0006514535116861108,0.00016340790857658071,znd_T0442.86_P01.00.npz
442.857142857,1.1,1960.3025339191836,0.00016868251091118743,0.0002300284909296849,0.0008608931933603183,0.0007088858684010166,0.0001492105290595218,znd_T0442.86_P01.10.npz
442.857142857,1.2,1962.3958548920587,0.00015411239114022826,0.00020844267328994626,0.000751344337410552,0.0007654596959578339,0.00013687170032880428,znd_T0442.86_P01.20.npz
442.857142857,1.3,1964.3075194972967,0.0001419505628152044,0.00019065841519033786,0.0006636444485284462,0.0008212968957165163,0.00012531414746528495,znd_T0442.86_P01.30.npz
442.857142857,1.4,1966.0653290906394,0.00013165932619140132,0.0001757617708104944,0.0005919824066911117,0.0008764406461855467,0.0001172609778757177,znd_T0442.86_P01.40.npz
442.857142857,1.5,1967.6911850063616,0.00012284302861334913,0.000163125380178748,0.0005327794892925752,0.0009307813829937939,0.00010972237127650007,znd_T0442.86_P01.50.npz
442.857142857,1.6,1969.202677626653,0.00011521628616787916,0.00015228939022643084,0.0004832275961695164,0.0009844205074886782,0.0001032156856077715,znd_T0442.86_P01.60.npz
442.857142857,1.7,1970.614140040523,0.00010856354770697367,0.0001428933677865171,0.0004412709984587881,0.0010374420527855005,9.738877044300164e-05,znd_T0442.86_P01.70.npz
442.857142857,1.8,1971.9374055822052,0.00010270919236166148,0.00013467914772957883,0.0004052235119418875,0.0010897847943503397,9.237464979141547e-05,znd_T0442.86_P01.80.npz
442.857142857,1.9,1973.1823385755436,9.7522177989563e-05,0.00012744320358653604,0.00037422579454532325,0.0011415138125658328,8.791345285076283e-05,znd_T0442.86_P01.90.npz
442.857142857,2.0,1974.3572692716361,9.289359661813029e-05,0.00012102847872725512,0.0003471021017175722,0.0011926492958408957,8.392213639840518e-05,znd_T0442.86_P02.00.npz
442.857142857,2.1,1975.4692725565485,8.87512288025646e-05,0.0001153043166307936,0.00032348511106631243,0.0012432112369888928,8.032588802421006e-05,znd_T0442.86_P02.10.npz
442.857142857,2.2,1976.524419467946,8.501787505697366e-05,0.0001101708140716015,0.0003025294099562792,0.0012931867282761041,7.687517050599048e-05,znd_T0442.86_P02.20.npz
442.857142857,2.3,1977.5277431542675,8.164355293193322e-05,0.00010553956941784476,0.00028394804081323806,0.0013426524478730166,7.403709516624895e-05,znd_T0442.86_P02.30.npz
442.857142857,2.4,1978.4844559270266,7.857861100190646e-05,0.0001013522583080641,0.0002673911292730435,0.00139153222014523,7.133882850980444e-05,znd_T0442.86_P02.40.npz
442.857142857,2.5,1979.397893357882,7.57850976280289e-05,9.754415818519824e-05,0.00025251301349492843,0.001439870922473713,6.887870200758586e-05,znd_T0442.86_P02.50.npz
442.857142857,2.6,1980.2717790083889,7.323010846246816e-05,9.406863525900265e-05,0.0002391824611498491,0.0014876788629661559,6.662817847017398e-05,znd_T0442.86_P02.60.npz
442.857142857,2.7,1981.109224500206,7.088302086604926e-05,9.088683686674526e-05,0.0002270758764338324,0.0015349681337654575,6.456448869876453e-05,znd_T0442.86_P02.70.npz
442.857142857,2.8,1981.9129818700878,6.872447805839845e-05,8.79689836473405e-05,0.00021613527605817011,0.0015817512824366756,6.266783351344133e-05,znd_T0442.86_P02.80.npz
442.857142857,2.9,1982.6862095695335,6.673417546412109e-05,8.528070997435394e-05,0.00020612303820772039,0.001628071839253936,6.154741368371929e-05,znd_T0442.86_P02.90.npz
442.857142857,3.0,1983.4261183059148,6.489775167522964e-05,8.280069184839659e-05,0.00019704418939983195,0.0016739038580818448,5.998409642390312e-05,znd_T0442.86_P03.00.npz
442.857142857,3.1,1984.1425387684935,6.319343530492659e-05,8.050423613111762e-05,0.0001886564751379145,0.0017194246778642044,5.848327119683889e-05,znd_T0442.86_P03.10.npz
442.857142857,3.2,1984.8337126418087,6.161269935529433e-05,7.837665365853962e-05,0.0001810331149375944,0.0017646485748173465,5.660867727082342e-05,znd_T0442.86_P03.20.npz
442.857142857,3.3,1985.5012614072361,6.014484241227132e-05,7.639804365643865e-05,0.00017394404831209823,0.0018092038068734317,5.534602574752966e-05,znd_T0442.86_P03.30.npz
442.857142857,3.4,1986.1466571213448,5.8775796101814244e-05,7.455759039823381e-05,0.00016741900741294288,0.001853346573600166,5.4182059928312574e-05,znd_T0442.86_P03.40.npz
442.857142857,3.5,1986.7712376643294,5.7496806937735185e-05,7.284227981261315e-05,0.0001613955388766737,0.0018970613334691813,5.3100512061788564e-05,znd_T0442.86_P03.50.npz
442.857142857,3.6,1987.3762275647155,5.63070293396574e-05,7.124070304776065e-05,0.00015578284496183862,0.001940021185733219,5.1988839165020036e-05,znd_T0442.86_P03.60.npz
442.857142857,3.7,1987.9627457473737,5.5189773840614095e-05,6.974189208198473e-05,0.0001505883454086991,0.0019831873817284774,5.114246696911419e-05,znd_T0442.86_P03.70.npz
442.857142857,3.8,1988.5318317094438,5.4146351026828244e-05,6.834068132101533e-05,0.00014572384033732032,0.0020254349747218757,5.0193536082125535e-05,znd_T0442.86_P03.80.npz
442.857142857,3.9,1989.084422026415,5.317069826467234e-05,6.702646201804184e-05,0.00014122313152469513,0.002067456720347409,4.9733995227797546e-05,znd_T0442.86_P03.90.npz
442.857142857,4.0,1989.6211360966524,5.225350460834588e-05,6.579319207695949e-05,0.000137011601693075,0.002109305783077893,4.883317032922518e-05,znd_T0442.86_P04.00.npz
442.857142857,4.1,1990.1435470699194,5.139062741406494e-05,6.463474821762287e-05,0.00013307870757747335,0.0021504926810379833,4.796190095119766e-05,znd_T0442.86_P04.10.npz
442.857142857,4.2,1990.6516343270162,5.0581954169272506e-05,6.354454970160578e-05,0.0001293638420714937,0.002191235496630639,4.724877794723964e-05,znd_T0442.86_P04.20.npz
442.857142857,4.3,1991.1460941950968,4.9820900308999756e-05,6.252130793251909e-05,0.00012591486041071194,0.0022311056673195665,4.6915151544115934e-05,znd_T0442.86_P04.30.npz
442.857142857,4.4,1991.6283409006817,4.910413968365775e-05,6.155551632801824e-05,0.00012265373642583735,0.002271634207627139,4.614502068940252e-05,znd_T0442.86_P04.40.npz
442.857142857,4.5,1992.0981975136451,4.843263911558159e-05,6.0645524821296806e-05,0.00011960450736841791,0.002311167037990329,4.540701780083309e-05,znd_T0442.86_P04.50.npz
442.857142857,4.6,1992.5564817176312,4.7801713602550516e-05,5.9789759053927236e-05,0.00011670457910532774,0.002349946829655752,4.517526698793168e-05,znd_T0442.86_P04.60.npz
442.857142857,4.7,1993.0037135457226,4.7204046515609545e-05,5.8980414172267284e-05,0.0001139892612298381,0.0023893258615436345,4.444091339863863e-05,znd_T0442.86_P04.70.npz
442.857142857,4.8,1993.4403830502038,4.6641667706026926e-05,5.821856665706102e-05,0.00011143536108036108,0.00242736837487966,4.382293325763646e-05,znd_T0442.86_P04.80.npz
442.857142857,4.9,1993.8669458480063,4.611415492323122e-05,5.749909332997953e-05,0.00010901493350521129,0.002465551640419305,4.369205795707148e-05,znd_T0442.86_P04.90.npz
442.857142857,5.0,1994.2838317565636,4.561928393837845e-05,5.681904146534104e-05,0.00010671171504031159,0.002503555734002974,4.314187307871513e-05,znd_T0442.86_P05.00.npz
457.142857143,0.1,1895.2249872588122,0.002477065826673633,0.004919305254063548,0.019533660447410246,7.565286550289133e-05,0.0021573269253802032,znd_T0457.14_P00.10.npz
457.142857143,0.2,1914.4092370846445,0.0011317740401095783,0.002150431277431581,0.01302338424697184,0.00014378033560215166,0.0009744834634603715,znd_T0457.14_P00.20.npz
457.142857143,0.3,1925.3502675983775,0.0007127969463338457,0.0012327254149454665,0.007451649218874168,0.00020871068795354973,0.0006137456378683181,znd_T0457.14_P00.30.npz
457.142857143,0.4,1932.9683872708524,0.0005146528433321502,0.0008323993739366994,0.0046760983178108706,0.0002715524696554185,0.0004438264761954902,znd_T0457.14_P00.40.npz
457.142857143,0.5,1938.7869626226195,0.00040071245371514093,0.000619009187922729,0.003231568823963214,0.00033279847036175257,0.0003466637738365998,znd_T0457.14_P00.50.npz
457.142857143,0.6,1943.478571759885,0.0003272703077179739,0.0004891943267383023,0.0023924727804670136,0.0003926662731195439,0.0002853963534942953,znd_T0457.14_P00.60.npz
457.142857143,0.7,1947.399265643831,0.0002762421723584893,0.00040286633445082184,0.0018587838763401447,0.0004514168442125471,0.00023980313040497837,znd_T0457.14_P00.70.npz
457.142857143,0.8,1950.7601347330033,0.00023885792763527676,0.0003417393666643408,0.0014965864656532667,0.0005090378629278564,0.0002072984212622307,znd_T0457.14_P00.80.npz
457.142857143,0.9,1953.6964832954527,0.00021035066343835936,0.00029640482898564684,0.0012377701791504762,0.0005657819311714847,0.0001836253251664606,znd_T0457.14_P00.90.npz
457.142857143,1.0,1956.3001838188266,0.00018795947542508574,0.00026157253665890905,0.001046296628594493,0.0006215977205265331,0.0001649483409716835,znd_T0457.14_P01.00.npz
457.142857143,1.1,1958.6364118569352,0.00016991717378641175,0.00023404674539283913,0.0008994633994184953,0.0006765447789259313,0.00014986734146659532,znd_T0457.14_P01.10.npz
457.142857143,1.2,1960.7530554988602,0.00015511212533160713,0.00021179116969859206,0.0007845209153946354,0.0007307241356317646,0.00013722132820006238,znd_T0457.14_P01.20.npz
457.142857143,1.3,1962.6863095419112,0.0001427371513644933,0.00019346130623222314,0.0006921759016315812,0.0007841790977087563,0.00012657558432797156,znd_T0457.14_P01.30.npz
457.142857143,1.4,1964.4641867726443,0.00013226758743983358,0.0001781254039416671,0.0006171016295568254,0.0008369504064538604,0.00011723566107586156,znd_T0457.14_P01.40.npz
457.142857143,1.5,1966.1088005355803,0.0001233078505326651,0.0001651226926168238,0.000555103793597877,0.0008890271927942058,0.00010966053695702556,znd_T0457.14_P01.50.npz
457.142857143,1.6,1967.6379019963424,0.00011553834742260868,0.00015396580782472727,0.0005030448935336589,0.0009404552476944312,0.00010308063945865374,znd_T0457.14_P01.60.npz
457.142857143,1.7,1969.0659611125066,0.00010876094205226693,0.0001442985478162598,0.0004589219628346919,0.000991263587460061,9.731348940270522e-05,znd_T0457.14_P01.70.npz
457.142857143,1.8,1970.404919807455,0.00010280181974963848,0.00013584735685004748,0.0004210778548563843,0.0010414785747140491,9.221788015094026e-05,znd_T0457.14_P01.80.npz
457.142857143,1.9,1971.6647399386795,9.752011292053081e-05,0.00012840812383988184,0.00038855744723138294,0.0010911238295822278,8.768339157339003e-05,znd_T0457.14_P01.90.npz
457.142857143,2.0,1972.8538174289113,9.280431949162829e-05,0.00012181001284377097,0.00036009791560681577,0.0011401011785808447,8.38157009300042e-05,znd_T0457.14_P02.00.npz
457.142857143,2.1,1973.9793271179385,8.858005475800811e-05,0.00011592044566599453,0.0003352370425245604,0.001188671834465608,8.01453294770998e-05,znd_T0457.14_P02.10.npz
457.142857143,2.2,1975.0473733444237,8.477575410262068e-05,0.0001106411471152455,0.00031328529325854365,0.0012367269097829589,7.683092533393378e-05,znd_T0457.14_P02.20.npz
457.142857143,2.3,1976.0632626683941,8.132904145323881e-05,0.00010587992450674862,0.0002937979334382511,0.0012842737397854903,7.382864310910098e-05,znd_T0457.14_P02.30.npz
457.142857143,2.4,1977.0315996627817,7.819817751669804e-05,0.00010156795188519908,0.0002764338749374711,0.0013313307680330108,7.109393535753679e-05,znd_T0457.14_P02.40.npz
457.142857143,2.5,1977.9564083143769,7.534190875060536e-05,9.764952843008441e-05,0.0002609226674653364,0.0013779598673665553,6.841476910508513e-05,znd_T0457.14_P02.50.npz
457.142857143,2.6,1978.8412641974453,7.272457351179543e-05,9.406900725073186e-05,0.00024689652924968566,0.0014240372609334471,6.613614797155632e-05,znd_T0457.14_P02.60.npz
457.142857143,2.7,1979.6863403513,7.032339956853459e-05,9.079392129319884e-05,0.00023417485393534206,0.0014696539101081137,6.404333783498095e-05,znd_T0457.14_P02.70.npz
457.142857143,2.8,1980.5002045760375,6.811225101690265e-05,8.778502689623162e-05,0.00022268609912689684,0.0015148136857732015,6.211836874622076e-05,znd_T0457.14_P02.80.npz
457.142857143,2.9,1981.282507593268,6.607129953070312e-05,8.501172000055054e-05,0.0002122111491162646,0.0015595303606856616,6.034343499468461e-05,znd_T0457.14_P02.90.npz
457.142857143,3.0,1982.0354683013009,6.418491775390183e-05,8.244890303000061e-05,0.00020268350180436355,0.0016038134079368212,5.870313717531132e-05,znd_T0457.14_P03.00.npz
457.142857143,3.1,1982.7610948073414,6.243482588682093e-05,8.007779097178956e-05,0.00019391787338428508,0.001647669640785721,5.71824661596208e-05,znd_T0457.14_P03.10.npz
457.142857143,3.2,1983.4612042621045,6.0804476829268963e-05,7.787668877148588e-05,0.00018586828762104217,0.0016910992835560323,5.5764816177205705e-05,znd_T0457.14_P03.20.npz
457.142857143,3.3,1984.137394125177,5.9290861033537895e-05,7.582925748311803e-05,0.000178419266789314,0.0017340857577219089,5.442929914253122e-05,znd_T0457.14_P03.30.npz
457.142857143,3.4,1984.7909114546248,5.787543077809385e-05,7.392338008556891e-05,0.00017158571518779435,0.0017768405916866615,5.329595170559982e-05,znd_T0457.14_P03.40.npz
457.142857143,3.5,1985.4239369687334,5.65541017787299e-05,7.214188245836567e-05,0.00016522359574612999,0.0018190581525857413,5.214126705799324e-05,znd_T0457.14_P03.50.npz
457.142857143,3.6,1986.036887893603,5.531839708230156e-05,7.047841161500936e-05,0.00015936771958322755,0.0018608475077923703,5.1042500794375346e-05,znd_T0457.14_P03.60.npz
457.142857143,3.7,1986.6311277025245,5.4160748920205334e-05,6.892109839019783e-05,0.00015389146473170713,0.0019021769115220293,4.999274060366207e-05,znd_T0457.14_P03.70.npz
457.142857143,3.8,1987.207738997328,5.3074525488976017e-05,6.745835762735357e-05,0.00014880423496035152,0.0019433930208597738,4.9123588253577276e-05,znd_T0457.14_P03.80.npz
457.142857143,3.9,1987.7676670477626,5.205415054431311e-05,6.60863699483069e-05,0.0001440295635452152,0.0019838466435093197,4.8155813903716236e-05,znd_T0457.14_P03.90.npz
457.142857143,4.0,1988.3117923896084,5.109495541698752e-05,6.479717849994434e-05,0.00013961162833635708,0.002024285236457971,4.76771416038255e-05,znd_T0457.14_P04.00.npz
457.142857143,4.1,1988.840637394594,5.019329150339232e-05,6.358384873016006e-05,0.0001354599463069417,0.0020644466469129197,4.677834882714073e-05,znd_T0457.14_P04.10.npz
457.142857143,4.2,1989.3558430757255,4.93421565371302e-05,6.244141091156182e-05,0.0001315564950013616,0.0021038592244600677,4.588597429454498e-05,znd_T0457.14_P04.20.npz
457.142857143,4.3,1989.8572169926863,4.854055786669956e-05,6.136126270316675e-05,0.00012790175159731009,0.002142959397911903,4.549452395327453e-05,znd_T0457.14_P04.30.npz
457.142857143,4.4,1990.3457177050327,4.778568566254424e-05,6.0345010950071415e-05,0.0001244697959988809,0.0021815843323063347,4.489634494379655e-05,znd_T0457.14_P04.40.npz
457.142857143,4.5,1990.8219429608992,4.707094715862971e-05,5.938281596554673e-05,0.00012123883776166686,0.0022205796554963728,4.413974985083343e-05,znd_T0457.14_P04.50.npz
457.142857143,4.6,1991.2861508730193,4.63978152653457e-05,5.8475117232339205e-05,0.00011818762487196554,0.002258754681574397,4.343168485757675e-05,znd_T0457.14_P04.60.npz
457.142857143,4.7,1991.739785652927,4.576339209368606e-05,5.7615288648695735e-05,0.00011531504643988249,0.002296101127038989,4.275502975419255e-05,znd_T0457.14_P04.70.npz
457.142857143,4.8,1992.182119985865,4.5160623418594086e-05,5.6801777445647106e-05,0.00011259128757935228,0.0023340424296814837,4.2488103609665915e-05,znd_T0457.14_P04.80.npz
457.142857143,4.9,1992.6145320783974,4.4588860248877e-05,5.6031331390569594e-05,0.00011004831661428354,0.002371139424253135,4.1882622254211526e-05,znd_T0457.14_P04.90.npz
457.142857143,5.0,1993.0374594157113,4.4049018312347174e-05,5.5300828517553896e-05,0.00010761967254871382,0.002407474667840218,4.1310808902982766e-05,znd_T0457.14_P05.00.npz
471.428571429,0.1,1892.9826094691934,0.002513076943201882,0.0050652735939744065,0.019734692372789454,7.205627742289515e-05,0.0021710248415753954,znd_T0471.43_P00.10.npz
471.428571429,0.2,1912.3209432791211,0.0011488330833017955,0.002230879021793353,0.013488016000588198,0.00013706348825130775,0.0009942165026807885,znd_T0471.43_P00.20.npz
471.428571429,0.3,1923.3570018848625,0.0007229802614137035,0.0012766612416475896,0.007804378013831089,0.00019904742236051304,0.0006271356153254702,znd_T0471.43_P00.30.npz
471.428571429,0.4,1931.0450483771708,0.0005215148281546679,0.0008592545163683699,0.0049056429524967395,0.00025902775410506523,0.00044983507271268043,znd_T0471.43_P00.40.npz
471.428571429,0.5,1936.9189392807173,0.00040571679092242285,0.000637133369591776,0.0033890490090800894,0.0003175008270755522,0.00035214631425375443,znd_T0471.43_P00.50.npz
471.428571429,0.6,1941.6565093070706,0.0003310779657208186,0.0005022665868803052,0.0025070895351592044,0.0003747082087822538,0.00028791380745168987,znd_T0471.43_P00.60.npz
471.428571429,0.7,1945.6165997536534,0.0002792286831821556,0.0004127466352708428,0.0019467237209664463,0.0004308179708651017,0.00024187863721557957,znd_T0471.43_P00.70.npz
471.428571429,0.8,1949.0119367728314,0.0002412289255396195,0.0003494642579362952,0.001565899453348026,0.0004859412289143982,0.0002108137039939152,znd_T0471.43_P00.80.npz
471.428571429,0.9,1951.97897758424,0.0002122742290854538,0.0003025895856696109,0.0012943978441660496,0.0005401347301197216,0.00018451995098799556,znd_T0471.43_P00.90.npz
471.428571429,1.0,1954.6103472406926,0.00018951903232368979,0.0002666293377884775,0.001093153015788912,0.0005935744305263725,0.00016564267694986836,znd_T0471.43_P01.00.npz
471.428571429,1.1,1956.9717741970921,0.00017119652203875354,0.00023823365243050187,0.0009391800298445133,0.0006462040862458855,0.00015039790787060983,znd_T0471.43_P01.10.npz
471.428571429,1.2,1959.1115542964549,0.00015614499749561328,0.00021530058059583335,0.0008181643385994358,0.0006980745270587467,0.00013779090242192808,znd_T0471.43_P01.20.npz
471.428571429,1.3,1961.0662021370058,0.00014357576718334968,0.0001964172523207569,0.0007215099967704898,0.0007492792188446689,0.0001269801299298292,znd_T0471.43_P01.30.npz
471.428571429,1.4,1962.8639912198378,0.000132939625974059,0.00018062990100220117,0.0006428161785587434,0.0007998008750355905,0.00011798831199956061,znd_T0471.43_P01.40.npz
471.428571429,1.5,1964.5271894379773,0.00012382702192928748,0.00016724856621040763,0.0005777858541729932,0.0008496976595142429,0.00011024009054885829,znd_T0471.43_P01.50.npz
471.428571429,1.6,1966.073755598851,0.0001159323024863941,0.0001557714881966122,0.000523172025846164,0.000899057159862825,0.00010290416316356126,znd_T0471.43_P01.60.npz
471.428571429,1.7,1967.5182937869367,0.00010904918756016814,0.00014583507616605727,0.00047692790091645714,0.0009477481931344343,9.75721525114003e-05,znd_T0471.43_P01.70.npz
471.428571429,1.8,1968.8728033801663,0.00010298043165735208,0.00013715368855976568,0.0004373945774804681,0.0009959520815292669,9.233766359002231e-05,znd_T0471.43_P01.80.npz
471.428571429,1.9,1970.1471071251444,9.760708666411621e-05,0.00012950943224136795,0.0004031956966386562,0.001043604013449432,8.772665139223665e-05,znd_T0471.43_P01.90.npz
471.428571429,2.0,1971.3505205308259,9.280694881127218e-05,0.00012272806435965374,0.00037355640935061556,0.0010907428343266622,8.360558987810049e-05,znd_T0471.43_P02.00.npz
471.428571429,2.1,1972.4894014297038,8.85049569195599e-05,0.00011668244092388298,0.00034747437999909064,0.0011375198419178148,7.952797368361472e-05,znd_T0471.43_P02.10.npz
471.428571429,2.2,1973.5702501137434,8.463540877398111e-05,0.0001112563499814005,0.0003245260088067479,0.0011836933795500576,7.618908172427773e-05,znd_T0471.43_P02.20.npz
471.428571429,2.3,1974.598404014227,8.11200271219636e-05,0.00010636313714139728,0.00030405410013006624,0.0012293980225190175,7.316834479158542e-05,znd_T0471.43_P02.30.npz
471.428571429,2.4,1975.5784697871798,7.792690308187069e-05,0.00010193410644421204,0.00028593829967754885,0.001274645997886612,7.042278545401692e-05,znd_T0471.43_P02.40.npz
471.428571429,2.5,1976.5116407607734,7.501704940723606e-05,9.790575879537487e-05,0.00026957376881468287,0.0013194523464474315,6.791859173980808e-05,znd_T0471.43_P02.50.npz
471.428571429,2.6,1977.4072579989577,7.235052763849097e-05,9.422789944650834e-05,0.0002549261458418937,0.0013638199559508858,6.562396811137953e-05,znd_T0471.43_P02.60.npz
471.428571429,2.7,1978.2656402833627,6.989589013806572e-05,9.08580354558507e-05,0.0002416071449786574,0.001407761716307015,6.351399528703078e-05,znd_T0471.43_P02.70.npz
471.428571429,2.8,1979.0896052518003,6.763884768977323e-05,8.776171150924612e-05,0.0002296042208016032,0.0014510421082646106,6.133948024294752e-05,znd_T0471.43_P02.80.npz
471.428571429,2.9,1979.8816623966572,6.555066071658181e-05,8.490840381583386e-05,0.00021862998227051083,0.0014941332309411426,5.9538087353010416e-05,znd_T0471.43_P02.90.npz
471.428571429,3.0,1980.644055501474,6.361939985028963e-05,8.227177792492478e-05,0.00020864239512978624,0.0015371202126808583,5.810750238943944e-05,znd_T0471.43_P03.00.npz
471.428571429,3.1,1981.37881992195,6.182336268963205e-05,7.982925383906493e-05,0.00019946819177546596,0.0015794153516222645,5.667299721868777e-05,znd_T0471.43_P03.10.npz
471.428571429,3.2,1982.0877836620928,6.01534435062378e-05,7.756036157271091e-05,0.00019103030255682716,0.0016213529302914558,5.522788506978755e-05,znd_T0471.43_P03.20.npz
471.428571429,3.3,1982.7725644392751,5.859788089679555e-05,7.544893663115167e-05,0.00018321809478233153,0.001662920919075444,5.386964412146972e-05,znd_T0471.43_P03.30.npz
471.428571429,3.4,1983.4347177144048,5.71457815668342e-05,7.348138105415344e-05,0.00017605207598118649,0.0017041238759207373,5.258681078941273e-05,znd_T0471.43_P03.40.npz
471.428571429,3.5,1984.07555647297,5.578766732140956e-05,7.164220973767341e-05,0.00016940653422691987,0.0017449549545739775,5.137359256941103e-05,znd_T0471.43_P03.50.npz
471.428571429,3.6,1984.6963739533705,5.4515638929013025e-05,6.992040436034034e-05,0.00016323987554545466,0.0017853987227906382,5.022236821749048e-05,znd_T0471.43_P03.60.npz
471.428571429,3.7,1985.2983030135147,5.3321542318280235e-05,6.830787113659578e-05,0.00015751713058194242,0.0018254268610823046,4.912761124885463e-05,znd_T0471.43_P03.70.npz
471.428571429,3.8,1985.8823866632536,5.219974357928224e-05,6.679469743326623e-05,0.00015217187576063417,0.001864998978345208,4.808490360520102e-05,znd_T0471.43_P03.80.npz
471.428571429,3.9,1986.4495994099402,5.114459727549505e-05,6.53706855501985e-05,0.00014717437159720027,0.0019040594153358367,4.708961224597875e-05,znd_T0471.43_P03.90.npz
471.428571429,4.0,1987.0004958006748,5.015052815854993e-05,6.403243333647556e-05,0.00014251904907140424,0.0019433177278513501,4.671149577236132e-05,znd_T0471.43_P04.00.npz
471.428571429,4.1,1987.5369047298057,4.921366115889058e-05,6.277128910178094e-05,0.00013816874116603535,0.001982413627399249,4.575473414695602e-05,znd_T0471.43_P04.10.npz
471.428571429,4.2,1988.05824423013,4.832879242700581e-05,6.158054525446318e-05,0.00013405727994784735,0.0020208219126541375,4.4876619452662175e-05,znd_T0471.43_P04.20.npz
471.428571429,4.3,1988.5665745041313,4.749318850383421e-05,6.0455774964490695e-05,0.0001302239061533203,0.0020586089556720614,4.404082413786731e-05,znd_T0471.43_P04.30.npz
471.428571429,4.4,1989.0615390793164,4.670418292774149e-05,5.9391666453184714e-05,0.00012661517908172192,0.0020964061357642574,4.3665421649053654e-05,znd_T0471.43_P04.40.npz
471.428571429,4.5,1989.5440849666813,4.595891615736631e-05,5.838610494539233e-05,0.000123214847680313,0.002134036305663041,4.290173665409291e-05,znd_T0471.43_P04.50.npz
471.428571429,4.6,1990.0147822340873,4.524727904989459e-05,5.743349824642024e-05,0.00012002180084074593,0.002171023704124235,4.236254853840825e-05,znd_T0471.43_P04.60.npz
471.428571429,4.7,1990.474170402343,4.457829473163286e-05,5.652992573388483e-05,0.00011699438738435612,0.0022078884214535347,4.167001076983785e-05,znd_T0471.43_P04.70.npz
471.428571429,4.8,1990.9227425937609,4.394499848459636e-05,5.5674007571669e-05,0.00011412900948294015,0.0022441032663661855,4.101743956795399e-05,znd_T0471.43_P04.80.npz
471.428571429,4.9,1991.3609638710823,4.334168052472781e-05,5.4859713426523523e-05,0.0001114129724183111,0.0022804924014841648,4.061550281962192e-05,znd_T0471.43_P04.90.npz
471.428571429,5.0,1991.7892760507036,4.276986283026918e-05,5.408694333960247e-05,0.000108866354121974,0.002316320775116257,4.016926646590194e-05,znd_T0471.43_P05.00.npz
485.714285714,0.1,1890.745628764399,0.002547875156639526,0.005210680801635057,0.019923896619529795,6.869440035368361e-05,0.002198375160000056,znd_T0485.71_P00.10.npz
485.714285714,0.2,1910.2369751900646,0.0011655318025154953,0.002313122134325568,0.013941898085225562,0.00013076141061915236,0.001007516955218997,znd_T0485.71_P00.20.npz
485.714285714,0.3,1921.367682531885,0.0007329637897839066,0.0013217336213727224,0.008160342172920802,0.00018998385639722057,0.0006337693323301314,znd_T0485.71_P00.30.npz
485.714285714,0.4,1929.1247472221248,0.0005282928132015027,0.0008868776776395795,0.005139501421391093,0.0002472928762784106,0.0004557964156278378,znd_T0485.71_P00.40.npz
485.714285714,0.5,1935.053511774524,0.0004106518192718005,0.0006558035928020433,0.0035493354851866806,0.00030315042423423864,0.00035721793584659526,znd_T0485.71_P00.50.npz
485.714285714,0.6,1939.836674059012,0.00033485167036444396,0.0005157006245098622,0.0026238088008910055,0.0003578626000316179,0.00029030077165217327,znd_T0485.71_P00.60.npz
485.714285714,0.7,1943.8358066089768,0.0002821942125487275,0.00042293013779903945,0.0020357300196795903,0.0004114964625357721,0.00024391504740654357,znd_T0485.71_P00.70.npz
485.714285714,0.8,1947.2653532141012,0.00024362373604224605,0.00035743695400855036,0.0016363395950978485,0.00046426525472691095,0.0002119744280825737,znd_T0485.71_P00.80.npz
485.714285714,0.9,1950.2628491584153,0.0002142010687196444,0.00030899479399922725,0.0013519636503720258,0.0005161346495712728,0.00018751275171103194,znd_T0485.71_P00.90.npz
485.714285714,1.0,1952.9216640543402,0.0001910988730753233,0.0002718619664516585,0.0011408422532722742,0.0005672501689252944,0.00016651138644267264,znd_T0485.71_P01.00.npz
485.714285714,1.1,1955.3080865616732,0.00017249899082112907,0.00024257647187864062,0.000979584523690981,0.0006176767409227957,0.0001510501454673192,znd_T0485.71_P01.10.npz
485.714285714,1.2,1957.470818535383,0.00015722348378532843,0.00021894130788030836,0.00085275575061218,0.0006673942890059636,0.00013831830667753394,znd_T0485.71_P01.20.npz
485.714285714,1.3,1959.4463967421743,0.0001444567337874665,0.0001995049633931846,0.0007515409899623701,0.0007164015589826763,0.0001278260157924279,znd_T0485.71_P01.30.npz
485.714285714,1.4,1961.2642257867262,0.00013366167883144562,0.00018325890418134625,0.0006691937623373821,0.0007648333410282147,0.00011752853234236892,znd_T0485.71_P01.40.npz
485.714285714,1.5,1962.945881406833,0.00012440029228319611,0.00016950093792488045,0.0006010995786380815,0.0008127465528137348,0.00010975770112651843,znd_T0485.71_P01.50.npz
485.714285714,1.6,1964.509779213436,0.00011638822761698885,0.00015770732824548614,0.0005439671725521798,0.0008600867181615856,0.0001029806100208535,znd_T0485.71_P01.60.npz
485.714285714,1.7,1965.9706470456624,0.0001093895778704595,0.00014749387057395608,0.0004955330676103681,0.0009068058411564355,9.686873451826385e-05,znd_T0485.71_P01.70.npz
485.714285714,1.8,1967.3406032423802,0.00010322729132231778,0.00013857504608993603,0.00045410994400239005,0.0009532164107874004,9.196455756909154e-05,znd_T0485.71_P01.80.npz
485.714285714,1.9,1968.6298430301256,9.776208877221983e-05,0.00013072997676255718,0.00041839046591283087,0.0009990029839595472,8.728031226269159e-05,znd_T0485.71_P01.90.npz
485.714285714,2.0,1969.846908967391,9.28931129062842e-05,0.00012376921351733584,0.0003872863936530253,0.0010443120951661676,8.310081102755206e-05,znd_T0485.71_P02.00.npz
485.714285714,2.1,1970.9990864389438,8.852157523253198e-05,0.00011756077212921219,0.00036000812921406543,0.0010891587298145035,7.934987681925092e-05,znd_T0485.71_P02.10.npz
485.714285714,2.2,1972.0926224392197,8.45751293942933e-05,0.00011199156568683291,0.00033601977070053313,0.0011335563757714062,7.596475838154679e-05,znd_T0485.71_P02.20.npz
485.714285714,2.4,1974.1216767614535,7.776010712563261e-05,0.00010242716263165059,0.00029562488056089127,0.001221056907315476,7.00983088353977e-05,znd_T0485.71_P02.40.npz
485.714285714,2.5,1975.0688569908339,7.479264265912082e-05,9.829370833467592e-05,0.0002786033394814882,0.0012641778535832338,6.753788917732987e-05,znd_T0485.71_P02.50.npz
485.714285714,2.6,1975.975247878487,7.207654913734696e-05,9.451717048710199e-05,0.000263205278527825,0.001306891451634412,6.51821906438062e-05,znd_T0485.71_P02.60.npz
485.714285714,2.7,1976.8440139482789,6.958238568169428e-05,9.105744995977976e-05,0.0002493802989155068,0.0013490566222442882,6.2860159156563e-05,znd_T0485.71_P02.70.npz
485.714285714,2.8,1977.6780096582443,6.727828357135138e-05,8.788119448848975e-05,0.00023676780539814282,0.0013910179269978288,6.090075416693012e-05,znd_T0485.71_P02.80.npz
485.714285714,2.9,1978.4797480755306,6.514716362374883e-05,8.494893430599601e-05,0.00022532961684392807,0.0014325919511003666,5.9082250690665974e-05,znd_T0485.71_P02.90.npz
485.714285714,3.0,1979.2511555201033,6.317375276634419e-05,8.224073276983916e-05,0.00021480615195230017,0.0014737848386424009,5.738850928726131e-05,znd_T0485.71_P03.00.npz
485.714285714,3.1,1979.9949837247395,6.134715133536571e-05,7.97310575446376e-05,0.00020525035300137312,0.0015146494356452452,5.614629880318327e-05,znd_T0485.71_P03.10.npz
485.714285714,3.2,1980.7130850858916,5.963791582920396e-05,7.739810099109963e-05,0.00019641902975995002,0.0015551256232356888,5.466162876091057e-05,znd_T0485.71_P03.20.npz
485.714285714,3.3,1981.4064077097069,5.804899536476923e-05,7.522599540805249e-05,0.00018827967858405133,0.001595318926730849,5.306669370535822e-05,znd_T0485.71_P03.30.npz
485.714285714,3.4,1982.0768468678568,5.6558673080299e-05,7.320050297334273e-05,0.0001807811861090161,0.0016350551125033225,5.196541476463875e-05,znd_T0485.71_P03.40.npz
485.714285714,3.5,1982.7257354277401,5.516702541355046e-05,7.130793301721003e-05,0.00017382918356807387,0.0016745387360937065,5.071381983625755e-05,znd_T0485.71_P03.50.npz
485.714285714,3.6,1983.3543666056405,5.386198467372172e-05,6.953519189985873e-05,0.0001673571918626214,0.0017136683220576408,4.9527312673303056e-05,znd_T0485.71_P03.60.npz
485.714285714,3.7,1983.9639297243746,5.2636266058603394e-05,6.787206998125165e-05,0.00016137442836793495,0.0017524202995789385,4.840193437062223e-05,znd_T0485.71_P03.70.npz
485.714285714,3.8,1984.5554393559794,5.14851382109243e-05,6.630925987972773e-05,0.00015580723690682813,0.0017907628063105574,4.733120537654012e-05,znd_T0485.71_P03.80.npz
485.714285714,3.9,1985.1298879992023,5.039993151978598e-05,6.483930045851742e-05,0.0001505894708530329,0.0018286518211381448,4.6310500892973354e-05,znd_T0485.71_P03.90.npz
485.714285714,4.0,1985.6881748056296,4.937454824791975e-05,6.345707311504532e-05,0.00014568504728250378,0.0018664674482442181,4.5430246695945956e-05,znd_T0485.71_P04.00.npz
485.714285714,4.1,1986.2307511037206,4.8412032905511374e-05,6.215073626901566e-05,0.0001411335505866849,0.001904226368390911,4.49277106366804e-05,znd_T0485.71_P04.10.npz
485.714285714,4.2,1986.75953071668,4.749511706461455e-05,6.0917695186655515e-05,0.0001368573957069707,0.001941565609047581,4.403471802843725e-05,znd_T0485.71_P04.20.npz
485.714285714,4.3,1987.2740999071452,4.663134856394721e-05,5.975186516845094e-05,0.00013283642669302808,0.0019783969446423365,4.318540229233295e-05,znd_T0485.71_P04.30.npz
485.714285714,4.4,1987.7754843746325,4.5813853950848236e-05,5.864848996779577e-05,0.00012903373501165115,0.0020146953159526615,4.2378933340548965e-05,znd_T0485.71_P04.40.npz
485.714285714,4.5,1988.2643242419863,4.5039682378830064e-05,5.7603381322041275e-05,0.0001254824262626729,0.0020511634200415666,4.202290045056386e-05,znd_T0485.71_P04.50.npz
485.714285714,4.6,1988.741153393066,4.4305941245721836e-05,5.661221627342374e-05,0.0001221093468577266,0.0020873591541811375,4.129306008537154e-05,znd_T0485.71_P04.60.npz
485.714285714,4.7,1989.2065542391965,4.3607585788659724e-05,5.567141491249805e-05,0.0001189438075798476,0.0021230458674167565,4.059282580391579e-05,znd_T0485.71_P04.70.npz
485.714285714,4.8,1989.661019472788,4.294105000651274e-05,5.477736456663155e-05,0.00011594782405412941,0.0021585125260711667,4.0109115663569446e-05,znd_T0485.71_P04.80.npz
485.714285714,4.9,1990.1050141647943,4.2312137203975304e-05,5.392727930094061e-05,0.00011310667004772133,0.002193610648467644,3.947526626102394e-05,znd_T0485.71_P04.90.npz
485.714285714,5.0,1990.5389825142292,4.171438210544892e-05,5.3118427736265056e-05,0.00011040515355041649,0.0022282019754400304,3.887498552230423e-05,znd_T0485.71_P05.00.npz
500.0,0.1,1888.513345411427,0.002581402653564352,0.005355634408938525,0.020102581204919853,6.553913640808452e-05,0.002238993396862846,znd_T0500.00_P00.10.npz
500.0,0.2,1908.1566515267607,0.0011818490636747916,0.0023966118510519944,0.014384565349186248,0.0001248587412203048,0.0010163238445052966,znd_T0500.00_P00.20.npz
500.0,0.3,1919.3811454390345,0.0007427987885666932,0.001368246110890527,0.008519309417339244,0.00018146865432944366,0.0006387151409517092,znd_T0500.00_P00.30.npz
500.0,0.4,1927.206619052861,0.0005349821480165392,0.0009154118906282688,0.005377713786647477,0.00023626375843915448,0.0004601124706102106,znd_T0500.00_P00.40.npz
500.0,0.5,1933.1901033122786,0.00041554068667421385,0.0006749722603745818,0.0037134344877624644,0.00028971862743169347,0.00035959837861403653,znd_T0500.00_P00.50.npz
500.0,0.6,1938.0185051171122,0.0003385908494683469,0.0005295803842375119,0.002743304369486996,0.00034202453011270023,0.00029215584474822607,znd_T0500.00_P00.60.npz
500.0,0.7,1942.0564036871492,0.000285123293313257,0.0004334277205954394,0.002127331950515849,0.00039338702146222645,0.0002478273829697949,znd_T0500.00_P00.70.npz
500.0,0.8,1945.519597981653,0.0002459745685497917,0.0003656499895804898,0.0017089348178040867,0.0004438748392713008,0.00021337571113459186,znd_T0500.00_P00.80.npz
500.0,0.9,1948.547608601532,0.00021614884627371697,0.0003155957424277451,0.0014105252462146946,0.0004935776949161109,0.00018858937025537757,znd_T0500.00_P00.90.npz
500.0,1.0,1951.2336777464366,0.00019270588994600542,0.00027727076732666004,0.0011895530033416914,0.0005425241481170952,0.00016765510769203707,znd_T0500.00_P01.00.npz
500.0,1.1,1953.6448926348924,0.0001738136780829668,0.00024707869365468964,0.0010207198178063639,0.000590848868617765,0.0001519575198515945,znd_T0500.00_P01.10.npz
500.0,1.2,1955.830411420811,0.00015832098761032608,0.00022272531058066547,0.0008883328243554423,0.0006385138633597633,0.00013901783084374552,znd_T0500.00_P01.20.npz
500.0,1.3,1957.827350456027,0.00014536944109868667,0.00020272734697260612,0.0007825288623681142,0.000685557801197776,0.0001281667193367713,znd_T0500.00_P01.30.npz
500.0,1.4,1959.664483344518,0.00013440768295287938,0.000186017790066653,0.0006960806304122752,0.0007320137797300607,0.00011895074600282485,znd_T0500.00_P01.40.npz
500.0,1.5,1961.364107900171,0.00012501754975801428,0.00017186906762065658,0.0006249427145044248,0.0007779547602938226,0.00011090757869320241,znd_T0500.00_P01.50.npz
500.0,1.6,1962.9452027791792,0.00011688657446403044,0.0001597530909378889,0.0005651075481153008,0.0008233786229296934,0.0001039335439336163,znd_T0500.00_P01.60.npz
500.0,1.7,1964.4226444869912,0.00010978560905775878,0.00014926625933900782,0.0005146308332612683,0.0008683043321478509,9.783766447435147e-05,znd_T0500.00_P01.70.npz
500.0,1.8,1965.8079373671403,0.00010353493922181469,0.0001401122455331266,0.0004712407935897531,0.0009127520252350599,9.246611538041906e-05,znd_T0500.00_P01.80.npz
500.0,1.9,1967.1117234300389,9.798883154767279e-05,0.00013205708212714256,0.0004338750631367079,0.0009568101220038158,8.71832752847071e-05,znd_T0500.00_P01.90.npz
500.0,2.0,1968.3426288884914,9.303846956408565e-05,0.00012492138978653742,0.000401462665170092,0.0010003572351148689,8.2943331243549e-05,znd_T0500.00_P02.00.npz
500.0,2.1,1969.5080018330716,8.860228087701117e-05,0.000118553172732756,0.0003729273023541911,0.001043471357861979,7.913159119837633e-05,znd_T0500.00_P02.10.npz
500.0,2.2,1970.6111428848799,8.460261515374256e-05,0.00011284556558530382,0.00034777560098995174,0.0010861669477691405,7.568600534427971e-05,znd_T0500.00_P02.20.npz
500.0,2.3,1971.6634028755268,8.096966612076085e-05,0.00010769370634410299,0.00032560732447564845,0.001128327339660566,7.241684938083546e-05,znd_T0500.00_P02.30.npz
500.0,2.4,1972.6666307689377,7.766984832780106e-05,0.00010303486961178139,0.0003057257822362871,0.001170270990404678,6.963663308625418e-05,znd_T0500.00_P02.40.npz
500.0,2.5,1973.6249822254053,7.465671622338289e-05,9.879688224704848e-05,0.00028785859414794243,0.0012118208420509645,6.709009858231544e-05,znd_T0500.00_P02.50.npz
500.0,2.6,1974.542067196525,7.18940077503996e-05,9.492603559060356e-05,0.00027186223363310596,0.001252986852477954,6.474848919573432e-05,znd_T0500.00_P02.60.npz
500.0,2.7,1975.4211649996585,6.935083591022806e-05,9.137924699439071e-05,0.00025737739251569376,0.0012937207982174016,6.29551643077937e-05,znd_T0500.00_P02.70.npz
500.0,2.8,1976.2650964484312,6.701257411650186e-05,8.811879170255897e-05,0.0002441749929173342,0.0013341157668737631,6.0939638718961395e-05,znd_T0500.00_P02.80.npz
500.0,2.9,1977.0764544831472,6.484299288446665e-05,8.511272193893852e-05,0.0002322626834986719,0.0013741705315086434,5.906616229462006e-05,znd_T0500.00_P02.90.npz
500.0,3.0,1977.8575373767449,6.283349027093091e-05,8.233531692136071e-05,0.00022127580357323066,0.0014138900492960509,5.7322762554872895e-05,znd_T0500.00_P03.00.npz
500.0,3.1,1978.6099546029345,6.096774603568202e-05,7.975722369399666e-05,0.00021130608649029165,0.0014532849205466467,5.569488943464047e-05,znd_T0500.00_P03.10.npz
500.0,3.2,1979.3368532366585,5.9230978232915076e-05,7.736575494363207e-05,0.00020207070438651818,0.0014923607108045156,5.417002733695288e-05,znd_T0500.00_P03.20.npz
500.0,3.3,1980.0386371872905,5.7608141305834324e-05,7.513735774941052e-05,0.0001935862170036042,0.0015311208878650685,5.27401739780518e-05,znd_T0500.00_P03.30.npz
500.0,3.4,1980.717286974302,5.608832535930608e-05,7.305571143408143e-05,0.00018575868584567033,0.001569567802309553,5.1395851980678646e-05,znd_T0500.00_P03.40.npz
500.0,3.5,1981.3741864214494,5.4666540455569425e-05,7.111183699807193e-05,0.00017846893433382717,0.0016073803048329992,4.980937604478998e-05,znd_T0500.00_P03.50.npz
500.0,3.6,1982.0106274831282,5.333165728865556e-05,6.928996315513177e-05,0.00017175891769952953,0.0016455101688850852,4.8945677961153166e-05,znd_T0500.00_P03.60.npz
500.0,3.7,1982.6277280481304,5.207812341300351e-05,6.75809602358704e-05,0.00016547110619219768,0.001683008854955744,4.7796523240682344e-05,znd_T0500.00_P03.70.npz
500.0,3.8,1983.2266159103153,5.0898293805627444e-05,6.5974437867995e-05,0.0001596591089613161,0.0017201395761129285,4.6702688025018524e-05,znd_T0500.00_P03.80.npz
500.0,3.9,1983.8082516576974,4.978930409941715e-05,6.446153830502296e-05,0.00015421920170676743,0.001757057281156983,4.57604830601393e-05,znd_T0500.00_P03.90.npz
500.0,4.0,1984.3735501436847,4.8739710826908004e-05,6.303526639704232e-05,0.00014911081523937567,0.001793487893418,4.476363353282574e-05,znd_T0500.00_P04.00.npz
500.0,4.1,1984.9233541536944,4.774724468540796e-05,6.169046660233134e-05,0.00014432690427319456,0.0018294613143493323,4.381581252345717e-05,znd_T0500.00_P04.10.npz
500.0,4.2,1985.458003317625,4.680945262088016e-05,6.041951385035533e-05,0.00013986905436638082,0.0018657729346904205,4.342100274680768e-05,znd_T0500.00_P04.20.npz
500.0,4.3,1985.9795307409406,4.591976667021215e-05,5.921475344592353e-05,0.00013566754373987297,0.0019018036063131246,4.2473820156424706e-05,znd_T0500.00_P04.30.npz
500.0,4.4,1986.487291623055,4.507804439185854e-05,5.807524860674971e-05,0.00013171592346574866,0.0019371855740631398,4.165769408788563e-05,znd_T0500.00_P04.40.npz
500.0,4.5,1986.9823583280977,4.427963916908821e-05,5.69947676925534e-05,0.00012798938709970864,0.0019721243466335396,4.088293413291231e-05,znd_T0500.00_P04.50.npz
500.0,4.6,1987.4653147679614,4.352166735068551e-05,5.596929403229335e-05,0.00012446291362121488,0.002007169482377449,4.054788316056301e-05,znd_T0500.00_P04.60.npz
500.0,4.7,1987.9367081798032,4.280155218352574e-05,5.499622255919832e-05,0.00012115077427914017,0.0020420339465385432,3.984394042006767e-05,znd_T0500.00_P04.70.npz
500.0,4.8,1988.3970100700299,4.211495290192841e-05,5.406960858646676e-05,0.0001180102808011765,0.0020764886741783833,3.91746421562978e-05,znd_T0500.00_P04.80.npz
500.0,4.9,1988.8467566851996,4.146053274566145e-05,5.3187760244204244e-05,0.00011503412772925268,0.0021105329920021293,3.853724989798514e-05,znd_T0500.00_P04.90.npz
500.0,5.0,1989.286332944001,4.083729875297967e-05,5.2347754228063656e-05,0.00011221469991568018,0.002144162111471116,3.792923200929241e-05,znd_T0500.00_P05.00.npz
514.285714286,0.1,1886.285009805347,0.0026138888287982848,0.005500253005609493,0.02027184925255764,6.257747684682007e-05,0.0022612166360559266,znd_T0514.29_P00.10.npz
514.285714286,0.2,1906.079335443681,0.001197883810914434,0.0024821222053835724,0.014815831883794203,0.00011930336450376165,0.001026786010026957,znd_T0514.29_P00.20.npz
514.285714286,0.3,1917.3969778798119,0.0007524483715690948,0.0014160572187123825,0.008880902918255565,0.00017346240914228465,0.0006450390896338899,znd_T0514.29_P00.30.npz
514.285714286,0.4,1925.290911688267,0.0005415425556789185,0.000944812736249149,0.0056198132318966,0.0002259212612988372,0.00046766029795533456,znd_T0514.29_P00.40.npz
514.285714286,0.5,1931.328203360026,0.0004203446001603817,0.0006947826851494804,0.0038801502831564494,0.0002770699122881005,0.0003627443439149212,znd_T0514.29_P00.50.npz
514.285714286,0.6,1936.201203773125,0.000342257697278722,0.0005438480931331896,0.0028647305304504715,0.00032713395143753587,0.00029775987428056714,znd_T0514.29_P00.60.npz
514.285714286,0.7,1940.277922181968,0.000288031839506408,0.0004442065087724063,0.0022202324408123115,0.00037633415167412636,0.00025017663058611524,znd_T0514.29_P00.70.npz
514.285714286,0.8,1943.7751369068028,0.00024833184796510993,0.00037410670012978414,0.001782431673741685,0.00042466873243985373,0.0002145831805969028,znd_T0514.29_P00.80.npz
514.285714286,0.9,1946.832835177918,0.00021807385451246166,0.00032240036140905793,0.0014704975552376157,0.00047232993283908425,0.00018994479724237517,znd_T0514.29_P00.90.npz
514.285714286,1.0,1949.5459378631501,0.00019429556891280294,0.0002828660823360942,0.0012392096259972202,0.0005192428455434914,0.00017011997013462903,znd_T0514.29_P01.00.npz
514.285714286,1.1,1951.9818072967028,0.0001751595891478025,0.00025172812111399416,0.0010626035387191408,0.0005655522989094354,0.00015253555806683913,znd_T0514.29_P01.10.npz
514.285714286,1.2,1954.189565417921,0.00015943467032114223,0.0002266668729180772,0.0009242570159269458,0.0006112989459489029,0.00013947562760723817,znd_T0514.29_P01.20.npz
514.285714286,1.3,1956.207828797372,0.0001463222803388345,0.0002060687317273562,0.0008137768189323056,0.0006564569874225194,0.00012864520822382646,znd_T0514.29_P01.30.npz
514.285714286,1.4,1958.064391983008,0.00013519934531245177,0.0001888918137188942,0.0007235833354851417,0.0007010793518211918,0.0001191541753390824,znd_T0514.29_P01.40.npz
514.285714286,1.5,1959.7825647243678,0.00012568442114508255,0.00017436301840206028,0.0006492616615367759,0.0007451949941537266,0.00011101549493533529,znd_T0514.29_P01.50.npz
514.285714286,1.6,1961.3807682946756,0.00011743132823666081,0.00016191424430815848,0.0005867913647244401,0.000788826480129176,0.00010396245925993463,znd_T0514.29_P01.60.npz
514.285714286,1.7,1962.8739433055705,0.00011023425987963744,0.00015115062214647918,0.0005341075091780019,0.0008319941904269802,9.779246021991227e-05,znd_T0514.29_P01.70.npz
514.285714286,1.8,1964.2744819903046,0.00010388774756572726,0.00014175733611208676,0.0004889040073274242,0.0008747164551666807,9.234938089060141e-05,znd_T0514.29_P01.80.npz
514.285714286,1.9,1965.5927207009336,9.826817122440274e-05,0.00013349360919631494,0.0004498355903253886,0.000916866583306158,8.699666345095264e-05,znd_T0514.29_P01.90.npz
514.285714286,2.0,1966.8373786892819,9.325231400995174e-05,0.0001261734924558343,0.0004159095531938657,0.0009588844846359647,8.3037430478249e-05,znd_T0514.29_P02.00.npz
514.285714286,2.1,1968.0128330528933,8.874129796549917e-05,0.00011964385949223408,0.000386243553712834,0.0010003675108345587,7.923243563902398e-05,znd_T0514.29_P02.10.npz
514.285714286,2.2,1969.1309048571736,8.468014447066793e-05,0.00011379343100431038,0.0003599645249444614,0.001041452867105636,7.578888479706012e-05,znd_T0514.29_P02.20.npz
514.285714286,2.3,1970.1955838290696,8.099731162194652e-05,0.00010851793728756067,0.00033676323689375924,0.001082156055627884,7.256408649253382e-05,znd_T0514.29_P02.30.npz
514.285714286,2.4,1971.2098720457332,7.765255774164358e-05,0.0001037427888660671,0.00031600458698038166,0.0011223763653861645,6.999361832532966e-05,znd_T0514.29_P02.40.npz
514.285714286,2.5,1972.1796996339922,7.458915041000264e-05,9.93971193200004e-05,0.00029742413704750384,0.0011623273155778968,6.737059266244818e-05,znd_T0514.29_P02.50.npz
514.285714286,2.6,1973.1074329555902,7.178370869790155e-05,9.543455444482284e-05,0.00028072058647115976,0.0012019334128793042,6.495810773125904e-05,znd_T0514.29_P02.60.npz
514.285714286,2.7,1973.9963209270202,6.92058231080504e-05,9.179953082796919e-05,0.00026563651511851737,0.0012412049407305422,6.273196057507632e-05,znd_T0514.29_P02.70.npz
514.285714286,2.8,1974.8506033724912,6.682445353079165e-05,8.846247699509609e-05,0.00025188184546002417,0.0012801498433809664,6.0670919406877366e-05,znd_T0514.29_P02.80.npz
514.285714286,2.9,1975.6715198608808,6.461866415945594e-05,8.538282410208978e-05,0.00023942611674223236,0.001318778198833495,5.875758702856061e-05,znd_T0514.29_P02.90.npz
514.285714286,3.0,1976.4618328043036,6.257809373882285e-05,8.253546893663272e-05,0.0002280265785739065,0.0013570968105039282,5.69765075325536e-05,znd_T0514.29_P03.00.npz
514.285714286,3.1,1977.2236273078224,6.067717129735006e-05,7.989827271294981e-05,0.0002175673405410972,0.0013951148496791504,5.531254373579636e-05,znd_T0514.29_P03.10.npz
514.285714286,3.2,1977.958781209714,5.890933659350617e-05,7.744444045438423e-05,0.00020798398366582145,0.0014328309068318973,5.375800700133163e-05,znd_T0514.29_P03.20.npz
514.285714286,3.3,1978.6685330754349,5.725887345073666e-05,7.516046812883296e-05,0.00019913515095110792,0.0014702531891552404,5.230042518495643e-05,znd_T0514.29_P03.30.npz
514.285714286,3.4,1979.3558291447362,5.5711281195179326e-05,7.302806690786325e-05,0.00019093421377088175,0.001507298517767544,5.063282927276699e-05,znd_T0514.29_P03.40.npz
514.285714286,3.5,1980.0206776270054,5.426324977921816e-05,7.103491277606568e-05,0.0001833994540231328,0.0015440018597291938,4.934102180488137e-05,znd_T0514.29_P03.50.npz
514.285714286,3.6,1980.6648343762179,5.290374675069386e-05,6.916633877650618e-05,0.00017637287429166098,0.0015804857634135543,4.860040347663758e-05,znd_T0514.29_P03.60.npz
514.285714286,3.7,1981.2890007688522,5.162516363110568e-05,6.741140375498659e-05,0.0001698213658125101,0.0016170064292126336,4.729198237280733e-05,znd_T0514.29_P03.70.npz
514.285714286,3.8,1981.8956973851891,5.0423157525759846e-05,6.576444379316005e-05,0.00016374009857931173,0.0016526990455965884,4.6034519812773324e-05,znd_T0514.29_P03.80.npz
514.285714286,3.9,1982.4844757531312,4.9287113127791325e-05,6.421186392442827e-05,0.0001580636104631341,0.0016886503947201115,4.522767561762297e-05,znd_T0514.29_P03.90.npz
514.285714286,4.0,1983.0567451492702,4.821473916769256e-05,6.274759073731414e-05,0.00015275070022457025,0.0017239876589262631,4.4216659847177445e-05,znd_T0514.29_P04.00.npz
514.285714286,4.1,1983.6133457872656,4.720076164451354e-05,6.136464865047528e-05,0.00014776115883229746,0.0017589333528973236,4.3256749113594954e-05,znd_T0514.29_P04.10.npz
514.285714286,4.2,1984.1550913191115,4.624355664452066e-05,6.005581250897027e-05,0.00014307891676835688,0.0017935862604946606,4.2846346609257906e-05,znd_T0514.29_P04.20.npz
514.285714286,4.3,1984.6826573220837,4.533390245441631e-05,5.881915393199528e-05,0.000138710136453821,0.0018284991912244886,4.197479957377419e-05,znd_T0514.29_P04.30.npz
514.285714286,4.4,1985.1967815044877,4.4470864078449694e-05,5.764692895770744e-05,0.00013458998501590948,0.0018630498581187736,4.114752218298105e-05,znd_T0514.29_P04.40.npz
514.285714286,4.5,1985.6975425996438,4.3649431052698786e-05,5.653374553991054e-05,0.00013070113845544575,0.0018971722677646162,4.028248316964442e-05,znd_T0514.29_P04.50.npz
514.285714286,4.6,1986.186563725698,4.287068001301721e-05,5.547645482479214e-05,0.0001270315667637614,0.0019308654135311513,3.9539466061009944e-05,znd_T0514.29_P04.60.npz
514.285714286,4.7,1986.6643825340675,4.212977063615294e-05,5.447118783362905e-05,0.0001235606285570582,0.0019643362539324685,3.922287439384439e-05,znd_T0514.29_P04.70.npz
514.285714286,4.8,1987.1305257234897,4.1424510010913556e-05,5.3516705765667785e-05,0.0001202720498968435,0.0019979465904416856,3.8545818358865995e-05,znd_T0514.29_P04.80.npz
514.285714286,4.9,1987.585955213688,4.075241264522072e-05,5.260590027810108e-05,0.0001171635440978455,0.0020312195355684224,3.790294834825026e-05,znd_T0514.29_P04.90.npz
514.285714286,5.0,1988.0311578259755,4.011004213558926e-05,5.173767562769014e-05,0.00011421343410295947,0.0020641656717389207,3.7288819758038665e-05,znd_T0514.29_P05.00.npz
528.571428571,0.1,1884.0599950574097,0.0026451343825601944,0.005644309920621501,0.020432835214293562,5.979149917746691e-05,0.002270373203519496,znd_T0528.57_P00.10.npz
528.571428571,0.2,1904.004469462853,0.001213541603460713,0.0025694039748610765,0.015235430934369189,0.00011407138158086527,0.0010389175011203218,znd_T0528.57_P00.20.npz
528.571428571,0.3,1915.4146789290642,0.0007619430238558339,0.001465210902645763,0.00924446285875007,0.00016593184008538596,0.0006562802325653347,znd_T0528.57_P00.30.npz
528.571428571,0.4,1923.376385422288,0.0005479964973310843,0.0009750776578992947,0.005865583820811114,0.000216170210674836,0.0004719624766284631,znd_T0528.57_P00.40.npz
528.571428571,0.5,1929.467383698371,0.0004250674456961719,0.0007151895142469166,0.0040505451686342515,0.00026516615040925753,0.00036692337062953527,znd_T0528.57_P00.50.npz
528.571428571,0.6,1934.3853608430347,0.00034590053310694797,0.0005585522005499662,0.002989010537522784,0.0003131310902734836,0.0003005754107309654,znd_T0528.57_P00.60.npz
528.571428571,0.7,1938.4999698318943,0.00029092213722243273,0.0004553452976724326,0.002315112380582198,0.00036027871066450647,0.0002516204707201375,znd_T0528.57_P00.70.npz
528.571428571,0.8,1942.03066637854,0.00025067725428159517,0.000382829943513507,0.0018578214872794069,0.00040662806581875114,0.00021811825162246456,znd_T0528.57_P00.80.npz
528.571428571,0.9,1945.1181731512015,0.00022000602227329315,0.00032941528393263457,0.001531854761037886,0.00045230142087750305,0.00019084974120985309,znd_T0528.57_P00.90.npz
528.571428571,1.0,1947.8581496236486,0.00019590110318756335,0.00028863068246207313,0.0012902293818719114,0.0004973319718140777,0.00017084778346053125,znd_T0528.57_P01.00.npz
528.571428571,1.1,1950.3184931110247,0.00017651812410537874,0.0002565554311024587,0.001105812843626203,0.0005417522148109971,0.00015368584941419111,znd_T0528.57_P01.10.npz
528.571428571,1.2,1952.5491280614733,0.0001605741607829522,0.0002307315166995137,0.0009611791130276846,0.0005856262817506946,0.00014013912815460507,znd_T0528.57_P01.20.npz
528.571428571,1.3,1954.5877650645946,0.0001472748593032988,0.00020955609349112387,0.0008457718814445365,0.0006289744461831519,0.00012882629548852817,znd_T0528.57_P01.30.npz
528.571428571,1.4,1956.4636967949814,0.00013601207815869823,0.0001918881467943181,0.0007517999123674313,0.0006718233312596705,0.00011923871148601604,znd_T0528.57_P01.40.npz
528.571428571,1.5,1958.199948495542,0.0001263697385408639,0.00017695640166167766,0.000674010374121826,0.0007141983316625042,0.00011103604443454598,znd_T0528.57_P01.50.npz
528.571428571,1.6,1959.815114275106,0.00011801620634508845,0.00016417958977242307,0.0006088768313603165,0.0007560342526764554,0.00010467726254504465,znd_T0528.57_P01.60.npz
528.571428571,1.7,1961.3238250779157,0.00011071313712119112,0.00015312993946517187,0.0005538044373097777,0.000797559198770292,9.752894957583599e-05,znd_T0528.57_P01.70.npz
528.571428571,1.8,1962.7399699813543,0.00010428229052661713,0.00014349180763642373,0.0005067562507973029,0.0008386643077268472,9.215970227218959e-05,znd_T0528.57_P01.80.npz
528.571428571,1.9,1964.0725697046053,9.858339979682115e-05,0.00013502229941832994,0.000466131469339845,0.0008793671606242365,8.744581856828397e-05,znd_T0528.57_P01.90.npz
528.571428571,2.0,1965.3277584869793,9.349742406755964e-05,0.0001275177963853471,0.0004307269987629757,0.0009196550162118868,8.313807213160996e-05,znd_T0528.57_P02.00.npz
528.571428571,2.1,1966.5186528174418,8.893599287230061e-05,0.00012082654953457447,0.00039969607887264404,0.0009595619665768022,7.926206780966334e-05,znd_T0528.57_P02.10.npz
528.571428571,2.2,1967.650129866782,8.481862040679186e-05,0.00011483305156186033,0.00037248929904604004,0.0009991016161846648,7.575665004353086e-05,znd_T0528.57_P02.20.npz
528.571428571,2.3,1968.7262895751276,8.108128422894746e-05,0.00010943155360050795,0.00034816575560111477,0.0010382868628365034,7.257172828546215e-05,znd_T0528.57_P02.30.npz
528.571428571,2.4,1969.7524504775413,7.768305724886027e-05,0.00010453757937203261,0.00032661710450897647,0.0010771279743358821,6.966527815272337e-05,znd_T0528.57_P02.40.npz
528.571428571,2.5,1970.7328226332704,7.458090837078832e-05,0.00010009496958807047,0.0003072131177246747,0.0011156348371532136,6.700260352625734e-05,znd_T0528.57_P02.50.npz
528.571428571,2.6,1971.670626371446,7.17354531590206e-05,9.603156133306319e-05,0.00028980011730017163,0.001153603858396936,6.48184166229192e-05,znd_T0528.57_P02.60.npz
528.571428571,2.7,1972.5706532192783,6.911773409333665e-05,9.231663010476089e-05,0.0002741337686994951,0.0011914570618083394,6.255223871369335e-05,znd_T0528.57_P02.70.npz
528.571428571,2.8,1973.4343208202436,6.670418118401025e-05,8.889605927610786e-05,0.00025979571501502213,0.001229008589908221,6.0454491796858e-05,znd_T0528.57_P02.80.npz
528.571428571,2.9,1974.2647382047153,6.446860791759528e-05,8.574751117497097e-05,0.0002468227786119493,0.0012662642833151953,5.8507609879205054e-05,znd_T0528.57_P02.90.npz
528.571428571,3.0,1975.0642570735795,6.239298926266604e-05,8.283319682353932e-05,0.00023491611174845394,0.0013032308778506945,5.6695764607628146e-05,znd_T0528.57_P03.00.npz
528.571428571,3.1,1975.834938941094,6.046414293714281e-05,8.013159323843605e-05,0.0002240651742222278,0.0013399143107908826,5.500520083819007e-05,znd_T0528.57_P03.10.npz
528.571428571,3.2,1976.5781991965525,5.8666737221630765e-05,7.762309218833986e-05,0.0002140647844770334,0.0013763200500511153,5.342403877016229e-05,znd_T0528.57_P03.20.npz
528.571428571,3.3,1977.297307151677,5.6987123017011245e-05,7.528352254713901e-05,0.00020485985314475935,0.001412503695257779,5.1644831726020286e-05,znd_T0528.57_P03.30.npz
528.571428571,3.4,1977.992268132035,5.541606409669698e-05,7.309980672791843e-05,0.00019635933762407676,0.0014482786248586864,5.025927576390796e-05,znd_T0528.57_P03.40.npz
528.571428571,3.5,1978.6650361362156,5.394329571045496e-05,7.105980472889001e-05,0.0001884770645790898,0.0014837543796824251,4.895106069940598e-05,znd_T0528.57_P03.50.npz
528.571428571,3.6,1979.3168615202571,5.2560184626418115e-05,6.914668409551021e-05,0.00018112768825821363,0.0015189223046776896,4.771336797642294e-05,znd_T0528.57_P03.60.npz
528.571428571,3.7,1979.9489895348624,5.125908667811574e-05,6.7350711860034e-05,0.00017433051760914288,0.0015540228366723427,4.7009321206229315e-05,znd_T0528.57_P03.70.npz
528.571428571,3.8,1980.5624967125054,5.0034878250553265e-05,6.566094715405806e-05,0.0001680170715026389,0.001588887288932543,4.562056510401166e-05,znd_T0528.57_P03.80.npz
528.571428571,3.9,1981.1583852747356,4.887819263896588e-05,6.407042671719809e-05,0.00016209636707534465,0.001623215601698923,4.454842904092428e-05,znd_T0528.57_P03.90.npz
528.571428571,4.0,1981.7375806205291,4.778533298467128e-05,6.25699127373459e-05,0.00015656538287870577,0.0016575007443381167,4.3999307566209924e-05,znd_T0528.57_P04.00.npz
528.571428571,4.1,1982.3009546955805,4.6751268966739214e-05,6.115239902869955e-05,0.00015137550065469425,0.0016917087666511077,4.2808238673118745e-05,znd_T0528.57_P04.10.npz
528.571428571,4.2,1982.8492930005048,4.577202585731574e-05,5.981148914710185e-05,0.000146501007593104,0.0017253025667373094,4.188904425558514e-05,znd_T0528.57_P04.20.npz
528.571428571,4.3,1983.38277016934,4.4843566075147265e-05,5.854150696419657e-05,0.00014193659504833572,0.0017585578206431843,4.101770619054362e-05,znd_T0528.57_P04.30.npz
528.571428571,4.4,1983.9037311496616,4.39643757896984e-05,5.733603584816101e-05,0.00013765750249613323,0.0017920819870707327,4.067041968223666e-05,znd_T0528.57_P04.40.npz
528.571428571,4.5,1984.411182889626,4.312684554818953e-05,5.619414451263412e-05,0.00013359843539792324,0.0018253236559519208,3.987792013524875e-05,znd_T0528.57_P04.50.npz
528.571428571,4.6,1984.906247224891,4.2330204597007945e-05,5.510895952433518e-05,0.00012976847547199207,0.0018582579432107644,3.912515919731997e-05,znd_T0528.57_P04.60.npz
528.571428571,4.7,1985.3894817490652,4.157173499275843e-05,5.4076519218132175e-05,0.00012614027708875532,0.0018908888859895283,3.8409646904098124e-05,znd_T0528.57_P04.70.npz
528.571428571,4.8,1985.861426316254,4.084734294501474e-05,5.30915500060057e-05,0.00012273378900627094,0.0019230399522240503,3.765439248445084e-05,znd_T0528.57_P04.80.npz
528.571428571,4.9,1986.3225289463344,4.0157866706675276e-05,5.215463512646766e-05,0.00011950221758848789,0.0019549789166885285,3.7008372710538724e-05,znd_T0528.57_P04.90.npz
528.571428571,5.0,1986.7732633098158,3.9499789912438366e-05,5.12612718664201e-05,0.00011643228983481129,0.00198707671198088,3.6762232934350714e-05,znd_T0528.57_P05.00.npz
542.857142857,0.1,1881.8377300033524,0.0026753002404992805,0.005787893288980998,0.020586381650165148,5.7169140912597686e-05,0.0022939891759063526,znd_T0542.86_P00.10.npz
542.857142857,0.2,1901.9315520657572,0.001228961168121237,0.0026579476959875076,0.01564331618526391,0.0001091435109198431,0.0010440753311653005,znd_T0542.86_P00.20.npz
542.857142857,0.3,1913.4338143684556,0.0007712932689671743,0.0015159181191149364,0.009609899389407916,0.00015882577727262547,0.0006634408381951467,znd_T0542.86_P00.30.npz
542.857142857,0.4,1921.4628524012012,0.0005543669180619982,0.0010061386191700919,0.006115515783230893,0.00020697699611517444,0.00047744351200517803,znd_T0542.86_P00.40.npz
542.857142857,0.5,1927.607250658235,0.00042975994236129684,0.0007362110349964317,0.004223748656231338,0.0002539300550289855,0.0003691669624164521,znd_T0542.86_P00.50.npz
542.857142857,0.6,1932.569580059961,0.0003494979055696702,0.0005737048741476444,0.0031154732195949587,0.0002999466518864348,0.0003023553506387491,znd_T0542.86_P00.60.npz
542.857142857,0.7,1936.7222220164151,0.00029379851028746144,0.0004667990236829475,0.0024116514769928566,0.0003451136926897313,0.00025299848525704564,znd_T0542.86_P00.70.npz
542.857142857,0.8,1940.2861758460242,0.00025299249492637387,0.0003918239046730374,0.0019342331861696674,0.0003896040176825305,0.0002192117288146361,znd_T0542.86_P00.80.npz
542.857142857,0.9,1943.4033148458957,0.0002219187556414211,0.0003366702972336763,0.0015941615998208668,0.0004333770018659868,0.00019172061766215215,znd_T0542.86_P00.90.npz
542.857142857,1.0,1946.170002618289,0.0001975172261266035,0.0002945763592409758,0.0013420304446196162,0.000476616543118195,0.00017140950549780269,znd_T0542.86_P01.00.npz
542.857142857,1.1,1948.654683782208,0.00017786588228374794,0.00026153175026278095,0.0011497402265319213,0.0005192675577204296,0.00015543920728914505,znd_T0542.86_P01.10.npz
542.857142857,1.2,1950.9076307631265,0.00016173944831655382,0.00023495516383448807,0.0009989130668021358,0.0005613940233193523,0.00014165273457494287,znd_T0542.86_P01.20.npz
542.857142857,1.3,1952.9664439424967,0.00014825734980968553,0.00021315633296842677,0.0008782445372073144,0.0006030437564966609,0.00012965292631584118,znd_T0542.86_P01.30.npz
542.857142857,1.4,1954.862086276881,0.00013685963612118342,0.00019499907545178217,0.0007805109874662403,0.0006442125027370424,0.00012019039308159158,znd_T0542.86_P01.40.npz
542.857142857,1.5,1956.6163242916798,0.0001270804301678536,0.00017966301207810194,0.0006993547182168038,0.0006849132111376583,0.00011142077909261154,znd_T0542.86_P01.50.npz
542.857142857,1.6,1958.2483657684918,0.00011862182428472242,0.00016653984505801702,0.0006316036177531577,0.0007252296154874259,0.00010433801853243671,znd_T0542.86_P01.60.npz
542.857142857,1.7,1959.7734543645904,0.00011122637375007071,0.0001552020395611024,0.0005740280253455804,0.000765129152976007,9.812789301847783e-05,znd_T0542.86_P01.70.npz
542.857142857,1.8,1961.20490697822,0.00010471738127933442,0.00014532036117090072,0.0005250746932651669,0.0008046309498039085,9.261888279012484e-05,znd_T0542.86_P01.80.npz
542.857142857,1.9,1962.5478971167977,9.895059222414503e-05,0.00013663820727648804,0.0004826818649301918,0.000843757171285438,8.772328106846287e-05,znd_T0542.86_P01.90.npz
542.857142857,2.0,1963.8196411121503,9.379247860519004e-05,0.00012894981666604257,0.00044585146391152815,0.0008825148176597301,8.33439441547333e-05,znd_T0542.86_P02.00.npz
542.857142857,2.1,1965.0239686526677,8.916675859280422e-05,0.00012209738904501424,0.00041363921323470104,0.0009209195008247357,7.94043859705958e-05,znd_T0542.86_P02.10.npz
542.857142857,2.2,1966.1667842999625,8.499997712924491e-05,0.00011595764141047901,0.00038517588769780266,0.0009589836076703512,7.584150834101447e-05,znd_T0542.86_P02.20.npz
542.857142857,2.3,1967.2553411545668,8.121272404261797e-05,0.0001104249268093666,0.0003599078447276765,0.000996715968851195,7.260517371617462e-05,znd_T0542.86_P02.30.npz
542.857142857,2.4,1968.2928629230946,7.776785818169098e-05,0.00010542166997117234,0.0003375253908077712,0.0010341282070576638,6.965258497457246e-05,znd_T0542.86_P02.40.npz
542.857142857,2.5,1969.2841529253328,7.462248886402041e-05,0.00010087120713896842,0.0003173166626863151,0.0010712289428294185,6.694809303327375e-05,znd_T0542.86_P02.50.npz
542.857142857,2.6,1970.2329737556213,7.174011295607424e-05,9.671511320990438e-05,0.0002991756485352367,0.0011080265779191119,6.446174398998605e-05,znd_T0542.86_P02.60.npz
542.857142857,2.7,1971.1426299875343,6.908988699259064e-05,9.291416901023196e-05,0.0002828198323834483,0.001144528714063579,6.216833732818243e-05,znd_T0542.86_P02.70.npz
542.857142857,2.8,1972.0160736385692,6.663835900435375e-05,8.94189650202097e-05,0.00026796960374053614,0.0011807422894318934,6.0046125105242986e-05,znd_T0542.86_P02.80.npz
542.857142857,2.9,1972.8559516760438,6.437324583323673e-05,8.619226873431652e-05,0.00025441761235924,0.0012164278655387082,5.831777404269421e-05,znd_T0542.86_P02.90.npz
542.857142857,3.0,1973.6645872204854,6.227058460413119e-05,8.321515436273727e-05,0.0002420720898278664,0.0012520940037437389,5.647841572991502e-05,znd_T0542.86_P03.00.npz
542.857142857,3.1,1974.4441355140739,6.0312557931834753e-05,8.045261107327778e-05,0.000230747868740862,0.0012874963486970432,5.476197130117826e-05,znd_T0542.86_P03.10.npz
542.857142857,3.2,1975.1964996071367,5.84889978757997e-05,7.788277794172189e-05,0.00022032803320845,0.001322781206898052,5.283456158209363e-05,znd_T0542.86_P03.20.npz
542.857142857,3.3,1975.9234318856772,5.678460607952074e-05,7.54938171622516e-05,0.00021076753989468194,0.0013576106977089013,5.134742583391478e-05,znd_T0542.86_P03.30.npz
542.857142857,3.4,1976.6264637913769,5.518954172516176e-05,7.326171430317042e-05,0.00020188765338120785,0.0013921706717655695,4.9947583601537174e-05,znd_T0542.86_P03.40.npz
542.857142857,3.5,1977.3070749122983,5.369390131471676e-05,7.117391577961798e-05,0.000193692046847868,0.0014264594032555441,4.8627165479702194e-05,znd_T0542.86_P03.50.npz
542.857142857,3.6,1977.9665640244687,5.228894336442439e-05,6.921495334396877e-05,0.00018610558373474137,0.001460473212649368,4.737937961127623e-05,znd_T0542.86_P03.60.npz
542.857142857,3.7,1978.606132149012,5.0968308632123436e-05,6.737954715466627e-05,0.0001790471507303795,0.0014945348946895992,4.643116851277608e-05,znd_T0542.86_P03.70.npz
542.857142857,3.8,1979.226890324961,4.9722442845898674e-05,6.5649675679822e-05,0.0001724671551030461,0.0015281164028736409,4.529211757319555e-05,znd_T0542.86_P03.80.npz
542.857142857,3.9,1979.8298453512716,4.854653875874394e-05,6.402269854608257e-05,0.00016629738062691612,0.0015614062148237987,4.421240244841519e-05,znd_T0542.86_P03.90.npz
542.857142857,4.0,1980.4159416996108,4.7435122151395744e-05,6.248744546611105e-05,0.00016051967274123707,0.001594395980430284,4.3188411343859643e-05,znd_T0542.86_P04.00.npz
542.857142857,4.1,1980.986036683975,4.6383282680423766e-05,6.103670804834523e-05,0.00015514370167454532,0.0016272253993932326,4.267518571279425e-05,znd_T0542.86_P04.10.npz
542.857142857,4.2,1981.5409453289822,4.538658804716369e-05,5.9664010303659716e-05,0.00015007669865984175,0.0016600828750084299,4.1743250117364764e-05,znd_T0542.86_P04.20.npz
542.857142857,4.3,1982.0813973953996,4.4440911786151905e-05,5.836365365973633e-05,0.0001453331555449272,0.0016925635657788851,4.065162899384376e-05,znd_T0542.86_P04.30.npz
542.857142857,4.4,1982.6080997408455,4.354288956277811e-05,5.713009336562893e-05,0.00014087693743059507,0.0017246287691828083,3.981742973626375e-05,znd_T0542.86_P04.40.npz
542.857142857,4.5,1983.1216815822381,4.2689113960387985e-05,5.5958562788717235e-05,0.00013666447948561746,0.0017564399299961923,3.9494131217649375e-05,znd_T0542.86_P04.50.npz
542.857142857,4.6,1983.6227542572717,4.187658706288256e-05,5.4844748779039286e-05,0.00013267724792930644,0.0017884557362935548,3.8733910986357656e-05,znd_T0542.86_P04.60.npz
542.857142857,4.7,1984.1118870541166,4.110538378890736e-05,5.3787152116188615e-05,0.00012890789447343476,0.0018202110745506373,3.801038123804987e-05,znd_T0542.86_P04.70.npz
542.857142857,4.8,1984.5895774326295,4.036710414667579e-05,5.2778892042191336e-05,0.00012535931717675577,0.0018517071072054624,3.732195736230644e-05,znd_T0542.86_P04.80.npz
542.857142857,4.9,1985.056314839162,3.9662290087662754e-05,5.18174780557051e-05,0.00012200375507671654,0.0018829494270625102,3.666600474229526e-05,znd_T0542.86_P04.90.npz
542.857142857,5.0,1985.5125931036207,3.8989136375336265e-05,5.089988932659668e-05,0.00011881242617026549,0.0019139420089764048,3.60401031578177e-05,znd_T0542.86_P05.00.npz
557.142857143,0.1,1879.6176952934022,0.0027044089208227424,0.005931188770388225,0.020733361427371772,5.4696391988989044e-05,0.0023204223685706882,znd_T0557.14_P00.10.npz
557.142857143,0.2,1899.8601527879346,0.0012440688697858036,0.0027482870017934784,0.016039402947585015,0.00010449508621897216,0.0010548607105840397,znd_T0557.14_P00.20.npz
557.142857143,0.3,1911.4539529924557,0.0007805032359164724,0.001567921188702348,0.00997647803767071,0.000152127296061888,0.0006646064889480314,znd_T0557.14_P00.30.npz
557.142857143,0.4,1919.549991276113,0.0005606614431954312,0.0010383264692130122,0.006368870469901351,0.00019829772640542981,0.00048040698706397386,znd_T0557.14_P00.40.npz
557.142857143,0.5,1925.7475024482235,0.0004343631075599311,0.0007578586447535377,0.0043998760551938855,0.00024334146761660432,0.00037503151221623444,znd_T0557.14_P00.50.npz
557.142857143,0.6,1930.753925889336,0.0003530646885813628,0.0005892985409061435,0.003244221341528767,0.00028747836709053015,0.00030406212619002817,znd_T0557.14_P00.60.npz
557.142857143,0.7,1934.9443418640337,0.0002966225793972605,0.00047861193019653844,0.002509931870198579,0.0003308300546060988,0.0002571780952824353,znd_T0557.14_P00.70.npz
557.142857143,0.8,1938.5414143972305,0.00025531296958126786,0.0004010670594528803,0.0020121002577355844,0.00037351031230372793,0.0002206117970230258,znd_T0557.14_P00.80.npz
557.142857143,0.9,1941.6879950569153,0.00022385316929871612,0.00034413689256210673,0.0016575657361747695,0.0004155716753911568,0.0001942799255445572,znd_T0557.14_P00.90.npz
557.142857143,1.0,1944.4812384840604,0.00019912258484870333,0.00030072757764169916,0.0013944622303074074,0.0004570549358280787,0.00017261245873554276,znd_T0557.14_P01.00.npz
557.142857143,1.1,1946.9895464736246,0.00017923100458024376,0.00026666711507379354,0.0011940252034777091,0.0004980290923577889,0.00015618758088780375,znd_T0557.14_P01.10.npz
557.142857143,1.2,1949.2652767089132,0.00016290009954561318,0.0002393050453663456,0.0010373208322041136,0.0005385037975283563,0.00014216175469366972,znd_T0557.14_P01.20.npz
557.142857143,1.3,1951.3451379123915,0.00014926331189523833,0.00021688868139947692,0.0009117290591291368,0.0005784346890891119,0.00013120238045940573,znd_T0557.14_P01.30.npz
557.142857143,1.4,1953.2593906050201,0.00013770729632003035,0.00019822224065081914,0.0008095253245311426,0.0006180207144162929,0.00012006860031513201,znd_T0557.14_P01.40.npz
557.142857143,1.5,1955.0315017462015,0.00012781041409555349,0.00018247138155022595,0.0007252893798140509,0.0006571443651902638,0.00011159440585832033,znd_T0557.14_P01.50.npz
557.142857143,1.6,1956.6803471823011,0.00011925443671440869,0.00016900511771218273,0.0006544217380155502,0.000695989052969538,0.00010476202405624494,znd_T0557.14_P01.60.npz
557.142857143,1.7,1958.2212379178163,0.00011176908440218872,0.0001573710795626159,0.0005949188413102982,0.0007343660614019676,9.848093400128525e-05,znd_T0557.14_P01.70.npz
557.142857143,1.8,1959.6637518054895,0.00010517769962527378,0.00014724345289825303,0.0005438135122312765,0.0007723711672336786,9.293589507043001e-05,znd_T0557.14_P01.80.npz
557.142857143,1.9,1961.0246650065133,9.933366403281565e-05,0.00013834098082262012,0.0004997220827360604,0.0008100145192247248,8.80044068981206e-05,znd_T0557.14_P01.90.npz
557.142857143,2.0,1962.3099123242453,9.411963904085372e-05,0.0001304592087246347,0.0004613296727993492,0.0008472859591656295,8.314155679331032e-05,znd_T0557.14_P02.00.npz
557.142857143,2.1,1963.5271211928052,8.9434794358112e-05,0.0001234448846947612,0.0004277968835931537,0.0008842918792888376,7.957139834058005e-05,znd_T0557.14_P02.10.npz
557.142857143,2.2,1964.6827763822437,8.521203072182256e-05,0.00011716164964517511,0.00039815993578571626,0.0009209477511352715,7.595751375726104e-05,znd_T0557.14_P02.20.npz
557.142857143,2.3,1965.7825867040285,8.13865679378917e-05,0.00011149866641862572,0.00037198398971250335,0.0009572944944017565,7.267538473763337e-05,znd_T0557.14_P02.30.npz
557.142857143,2.4,1966.831398832663,7.789485463731764e-05,0.00010637505462101435,0.00034859785502746585,0.0009933421272378452,6.968023634423884e-05,znd_T0557.14_P02.40.npz
557.142857143,2.5,1967.8335564433432,7.470858149872023e-05,0.00010172299212306298,0.000327570984321046,0.0010290985052840154,6.69374845661947e-05,znd_T0557.14_P02.50.npz
557.142857143,2.6,1968.792831594726,7.17881457549139e-05,9.74763761235735e-05,0.00030880922162462236,0.0010645718907695031,6.441592774920291e-05,znd_T0557.14_P02.60.npz
557.142857143,2.7,1969.7125821208476,6.910247195371277e-05,9.358435255489668e-05,0.00029173015850070705,0.001099769460751008,6.208983027956229e-05,znd_T0557.14_P02.70.npz
557.142857143,2.8,1970.595739710641,6.662503005503545e-05,9.001260266199562e-05,0.0002763076462323063,0.0011346976702134865,5.993730253602812e-05,znd_T0557.14_P02.80.npz
557.142857143,2.9,1971.4449677114471,6.43264445981661e-05,8.671456606091735e-05,0.0002622138449526139,0.0011693621602377963,5.793957260962156e-05,znd_T0557.14_P02.90.npz
557.142857143,3.0,1972.262755246433,6.219346479688016e-05,8.367215323596574e-05,0.00024941242652881906,0.0012037675652941929,5.60806634527795e-05,znd_T0557.14_P03.00.npz
557.142857143,3.1,1973.0510990647783,6.021231557888545e-05,8.08497310638023e-05,0.00023761900106860544,0.0012378466157113581,5.4140552688240755e-05,znd_T0557.14_P03.10.npz
557.142857143,3.2,1973.8119994770361,5.8366961591193326e-05,7.822492636393843e-05,0.00022681210478230142,0.0012717803955246013,5.2599391781557496e-05,znd_T0557.14_P03.20.npz
557.142857143,3.3,1974.5472044771984,5.663876466939831e-05,7.577886870539042e-05,0.00021688589309318252,0.0013054157655298523,5.1098458837758706e-05,znd_T0557.14_P03.30.npz
557.142857143,3.4,1975.2583129897637,5.5021125607160944e-05,7.350014562685084e-05,0.00020765846283094392,0.0013388029768482516,4.96869225944862e-05,znd_T0557.14_P03.40.npz
557.142857143,3.5,1975.94672936654,5.350403999038241e-05,7.136601317346213e-05,0.00019911680748714588,0.0013719430568743763,4.835688519595852e-05,znd_T0557.14_P03.50.npz
557.142857143,3.6,1976.6138450269023,5.207869836655268e-05,6.936549957200342e-05,0.0001912528700790722,0.0014048356912068991,4.710137533749516e-05,znd_T0557.14_P03.60.npz
557.142857143,3.7,1977.2608075017756,5.073826219524409e-05,6.748789921468729e-05,0.00018391456980356474,0.001437684141973205,4.6175809244889724e-05,znd_T0557.14_P03.70.npz
557.142857143,3.8,1977.8887790395827,4.9473948049910914e-05,6.572235007424943e-05,0.00017707049158783517,0.0014701935691855297,4.5031038798605824e-05,znd_T0557.14_P03.80.npz
557.142857143,3.9,1978.4987679942892,4.828031689598602e-05,6.405830056825971e-05,0.00017065131797190764,0.0015024511328399913,4.3943673338056545e-05,znd_T0557.14_P03.90.npz
557.142857143,4.0,1979.09174086295,4.715184009469139e-05,6.248762306574357e-05,0.00016468767128283813,0.0015344517703647523,4.29141943694206e-05,znd_T0557.14_P04.00.npz
557.142857143,4.1,1979.6678448568184,4.6083695570000786e-05,6.100520905281019e-05,0.00015908908754501804,0.0015661925422965173,4.193731445269477e-05,znd_T0557.14_P04.10.npz
557.142857143,4.2,1980.2299644762595,4.507096225065146e-05,5.96017791757578e-05,0.00015381639317452758,0.001597667662679649,4.100933410646014e-05,znd_T0557.14_P04.20.npz
557.142857143,4.3,1980.776812727387,4.411002403345005e-05,5.827203416202472e-05,0.00014888725134277458,0.001629107021770217,4.0567051445508606e-05,znd_T0557.14_P04.30.npz
557.142857143,4.4,1981.3097736454395,4.319708044355697e-05,5.701039621155745e-05,0.00014425580526686443,0.001660463084656297,3.9720640533087514e-05,znd_T0557.14_P04.40.npz
557.142857143,4.5,1981.8294491635172,4.23285825923478e-05,5.581241648512229e-05,0.00013987931068953175,0.0016915118722270516,3.871407309523161e-05,znd_T0557.14_P04.50.npz
557.142857143,4.6,1982.3365175597153,4.1501909549469156e-05,5.4672944945606166e-05,0.00013573966580892563,0.001722190029488684,3.795203348760988e-05,znd_T0557.14_P04.60.npz
557.142857143,4.7,1982.8307863292514,4.071426008457733e-05,5.3588501807095e-05,0.0001318153743578699,0.0017526248859758794,3.722661623732698e-05,znd_T0557.14_P04.70.npz
557.142857143,4.8,1983.3149024229904,3.996270151848027e-05,5.25567581702021e-05,0.00012813917254550416,0.0017830438032678,3.697888192121295e-05,znd_T0557.14_P04.80.npz
557.142857143,4.9,1983.7872748923564,3.924531785719783e-05,5.157276574829631e-05,0.0001246511372484964,0.001813436191611504,3.6312427711815774e-05,znd_T0557.14_P04.90.npz
557.142857143,5.0,1984.2490632280624,3.856086327194363e-05,5.0633488193155194e-05,0.00012133191971812018,0.0018436058704194662,3.5675554962953365e-05,znd_T0557.14_P05.00.npz
571.428571429,0.1,1877.3994282955073,0.0027324793081980586,0.006073916713872588,0.020874495617823213,5.236099402607638e-05,0.0023433171918463918,znd_T0571.43_P00.10.npz
571.428571429,0.2,1897.7893895097618,0.0012589269452848038,0.0028403038986094804,0.016423711120271686,0.00010009796191093278,0.0010686888644992145,znd_T0571.43_P00.20.npz
571.428571429,0.3,1909.4747899035806,0.0007895822987051023,0.0016212381447011706,0.010344037732804854,0.00014578976789180367,0.0006754293614075383,znd_T0571.43_P00.30.npz
571.428571429,0.4,1917.6374792141123,0.000566864604321413,0.0010714456495982505,0.006625658159029925,0.00019008470786217708,0.0004833076468952344,znd_T0571.43_P00.40.npz
571.428571429,0.5,1923.887832239045,0.0004389339113774955,0.0007801619462780659,0.004579120206016619,0.0002333324150298121,0.00037717564525029237,znd_T0571.43_P00.50.npz
571.428571429,0.6,1928.9381163876583,0.000356583098297238,0.000605390268683032,0.0033753323400598427,0.00027569721381394527,0.00030700807937026866,znd_T0571.43_P00.60.npz
571.428571429,0.7,1933.1661373446407,0.0002994269084349664,0.0004907716493187019,0.002609655183880279,0.00031731168566136045,0.00025945692501054524,znd_T0571.43_P00.70.npz
571.428571429,0.8,1936.7961112071926,0.00025760081505555855,0.00041063681733290977,0.0020914590641479564,0.00035830477934937723,0.0002227462913760327,znd_T0571.43_P00.80.npz
571.428571429,0.9,1939.9719859882289,0.00022575155650801846,0.0003518108679001799,0.00172183210136717,0.00039869178639382664,0.00019603601267523114,znd_T0571.43_P00.90.npz
571.428571429,1.0,1942.791671106186,0.00020072560203714593,0.00030704518864265985,0.0014480493266567371,0.0004385427571416944,0.00017478972279849538,znd_T0571.43_P01.00.npz
571.428571429,1.1,1945.3245746620605,0.00018059840984986045,0.00027196068149813827,0.0012395667693025079,0.00047791662268431275,0.00015668176337927268,znd_T0571.43_P01.10.npz
571.428571429,1.2,1947.6218589739776,0.0001640668607842386,0.0002437938873307603,0.0010762475859932867,0.0005168277535903793,0.00014296204006104007,znd_T0571.43_P01.20.npz
571.428571429,1.3,1949.7221544432352,0.0001502608609966112,0.00022074457248759808,0.0009455904393185348,0.0005552813808866764,0.00013146191769783562,znd_T0571.43_P01.30.npz
571.428571429,1.4,1951.6554238021993,0.00013857830898232303,0.00020157058553640003,0.0008390893472970965,0.0005933030485052997,0.00012169119632871984,znd_T0571.43_P01.40.npz
571.428571429,1.5,1953.4453174453379,0.0001285661029102368,0.0001853877294848983,0.0007513544996566266,0.0006309732574199411,0.00011230334424353121,znd_T0571.43_P01.50.npz
571.428571429,1.6,1955.1108395171495,0.00011990664174996166,0.0001715675969179491,0.0006781838296457484,0.000668278395436003,0.00010507742131317754,znd_T0571.43_P01.60.npz
571.428571429,1.7,1956.6643247169889,0.00011232921660442351,0.00015963772538260805,0.0006159167448440397,0.0007051872118518858,9.853239891195655e-05,znd_T0571.43_P01.70.npz
571.428571429,1.8,1958.1247136048648,0.00010566047819000691,0.0001492503625078851,0.0005627924528588005,0.0007417961143677322,9.322097699077537e-05,znd_T0571.43_P01.80.npz
571.428571429,1.9,1959.4997463632587,9.974852956738611e-05,0.00014012708023887192,0.000516977988556285,0.000778035464134362,8.823425722580718e-05,znd_T0571.43_P01.90.npz
571.428571429,2.0,1960.7984276424252,9.447445615342045e-05,0.00013205466921137533,0.0004770499227121782,0.0008139498779600776,8.377164425262517e-05,znd_T0571.43_P02.00.npz
571.428571429,2.1,1962.0284326426702,8.973835802634055e-05,0.00012487371249268758,0.0004421418050504407,0.0008495512129938604,7.975561163705891e-05,znd_T0571.43_P02.10.npz
571.428571429,2.2,1963.1963466113373,8.54618470143213e-05,0.00011843844743554438,0.0004114702685820717,0.0008848992182225353,7.571447609474386e-05,znd_T0571.43_P02.20.npz
571.428571429,2.3,1964.3078650560556,8.15890099704048e-05,0.00011264656444992268,0.0003842372653813705,0.0009198744161769741,7.279251732505194e-05,znd_T0571.43_P02.30.npz
571.428571429,2.4,1965.3679382917508,7.806123549726174e-05,0.00010740697331483824,0.0003599414334430081,0.0009546256388562575,6.974298485518548e-05,znd_T0571.43_P02.40.npz
571.428571429,2.5,1966.3809077100857,7.483533050064113e-05,0.000102645507869187,0.00033813249903931285,0.0009890978039378494,6.696178071765404e-05,znd_T0571.43_P02.50.npz
571.428571429,2.6,1967.3498926977163,7.187602334970982e-05,9.83055115435921e-05,0.0003186132455485143,0.0010233061747872637,6.440485447456286e-05,znd_T0571.43_P02.60.npz
571.428571429,2.7,1968.2803533701253,6.915639233698689e-05,9.432879651988974e-05,0.00030084126771290636,0.0010572547807650556,6.204638489031567e-05,znd_T0571.43_P02.70.npz
571.428571429,2.8,1969.1732129794764,6.664742489650912e-05,9.067579826629446e-05,0.00028484392960103,0.0010909518866978655,5.9864187119728507e-05,znd_T0571.43_P02.80.npz
571.428571429,2.9,1970.0318326780118,6.432049756552586e-05,8.730690396425205e-05,0.00027024945110402444,0.001124382403634083,5.7868649149038873e-05,znd_T0571.43_P02.90.npz
571.428571429,3.0,1970.8586238294574,6.216315082423234e-05,8.419707821380923e-05,0.000256913219230383,0.001157572287025003,5.6011248300686947e-05,znd_T0571.43_P03.00.npz
571.428571429,3.1,1971.6550264137584,6.015809287619547e-05,8.131404866294012e-05,0.0002446858984068047,0.001190522171268016,5.397922815737025e-05,znd_T0571.43_P03.10.npz
571.428571429,3.2,1972.425142664624,5.828656712248707e-05,7.863128717315984e-05,0.0002334878215143107,0.0012232221199470785,5.235152007121179e-05,znd_T0571.43_P03.20.npz
571.428571429,3.3,1973.1685909607588,5.6537367047310566e-05,7.613537962465127e-05,0.000223164441958442,0.001255679869453164,5.082217083211218e-05,znd_T0571.43_P03.30.npz
571.428571429,3.4,1973.8876934822802,5.490289408719107e-05,7.380577958057645e-05,0.00021358996619736065,0.0012880040468246073,4.945959273689581e-05,znd_T0571.43_P03.40.npz
571.428571429,3.5,1974.583182056474,5.336570921184673e-05,7.162788202043477e-05,0.0002047138659562342,0.001320030427231014,4.8119865610582864e-05,znd_T0571.43_P03.50.npz
571.428571429,3.6,1975.2585836586172,5.192093669380529e-05,6.958668929472782e-05,0.00019654107017126875,0.001351827960025261,4.68557022752131e-05,znd_T0571.43_P03.60.npz
571.428571429,3.7,1975.9129364192088,5.056136474491772e-05,6.766781580192927e-05,0.00018891277074938487,0.0013832726235180875,4.5605278241388596e-05,znd_T0571.43_P03.70.npz
571.428571429,3.8,1976.5480906580149,4.927986390285073e-05,6.5863381817491e-05,0.00018181713176504104,0.0014149789828720425,4.479663697962817e-05,znd_T0571.43_P03.80.npz
571.428571429,3.9,1977.1650832648002,4.806970995072866e-05,6.416543017226115e-05,0.0001751479555608242,0.0014462010460854103,4.37042563102755e-05,znd_T0571.43_P03.90.npz
571.428571429,4.0,1977.7641241946467,4.6925544942279895e-05,6.256269964575621e-05,0.00016895824306746362,0.0014771966570745914,4.2667312124188484e-05,znd_T0571.43_P04.00.npz
571.428571429,4.1,1978.3483332450658,4.5841852360004216e-05,6.104723887578147e-05,0.00016315291757342809,0.0015079554998574044,4.167970349488328e-05,znd_T0571.43_P04.10.npz
571.428571429,4.2,1978.9162877104297,4.481456633202425e-05,5.961369389706718e-05,0.00015770599606684018,0.0015384794304256467,4.0742607703253466e-05,znd_T0571.43_P04.20.npz
571.428571429,4.3,1979.4694935026778,4.3839438315166245e-05,5.825589507099182e-05,0.000152589380536014,0.0015687626366686117,3.98508265770509e-05,znd_T0571.43_P04.30.npz
571.428571429,4.4,1980.008663962363,4.291275306715714e-05,5.6967472566997244e-05,0.00014775996525243386,0.001598907519826875,3.9431279825419816e-05,znd_T0571.43_P04.40.npz
571.428571429,4.5,1980.5344393922667,4.2031145193353405e-05,5.574349250993391e-05,0.00014323097923926544,0.0016290863160757089,3.861381462481399e-05,znd_T0571.43_P04.50.npz
571.428571429,4.6,1981.0474647673223,4.119154667894538e-05,5.457940660769704e-05,0.0001389331860168095,0.0016590433811892286,3.783434961751987e-05,znd_T0571.43_P04.60.npz
571.428571429,4.7,1981.5482676932425,4.039104006768048e-05,5.3471617553727804e-05,0.0001348782192070055,0.0016885796554047745,3.689595791365399e-05,znd_T0571.43_P04.70.npz
571.428571429,4.8,1982.0374027605199,3.9627312755670156e-05,5.241553517533638e-05,0.00013103215500594894,0.0017178881437987712,3.6189966312499136e-05,znd_T0571.43_P04.80.npz
571.428571429,4.9,1982.5145861907686,3.889806106638773e-05,5.1408852162059673e-05,0.0001274209403548242,0.001747113846613709,3.594892214362707e-05,znd_T0571.43_P04.90.npz
571.428571429,5.0,1982.9826263328762,3.8200719090713055e-05,5.0448471419033586e-05,0.00012398678171510313,0.0017764135417028966,3.529715111995583e-05,znd_T0571.43_P05.00.npz
585.714285714,0.1,1875.182519810422,0.002759536513056397,0.006216327468588197,0.02101045677728494,5.015377871474463e-05,0.0023652508313512254,znd_T0585.71_P00.10.npz
585.714285714,0.2,1895.7203724938372,0.0012735731211235644,0.00293386756852749,0.016796452291988458,9.594577100002208e-05,0.0010768707439817666,znd_T0585.71_P00.20.npz
585.714285714,0.3,1907.4960055904546,0.0007985605169843696,0.0016764360057784857,0.010712118329533603,0.00013980289653400417,0.0006801790367248541,znd_T0585.71_P00.30.npz
585.714285714,0.4,1915.725006454189,0.0005729927394882865,0.0011053965080888451,0.006886096343997659,0.00018233556697827615,0.0004909439050535706,znd_T0585.71_P00.40.npz
585.714285714,0.5,1922.027953260433,0.00044343408613847356,0.0008031532317350444,0.004761329994337132,0.00022384818256052422,0.00037918802733424785,znd_T0585.71_P00.50.npz
585.714285714,0.6,1927.1219190244717,0.00036006682733683015,0.0006219538420207843,0.003508738434998345,0.0002645470743175831,0.00031005069364217286,znd_T0585.71_P00.60.npz
585.714285714,0.7,1931.3873282970494,0.000302226503474222,0.0005033323584674054,0.002712119622727336,0.0003045348724047346,0.0002603898916667234,znd_T0585.71_P00.70.npz
585.714285714,0.8,1935.0500779235965,0.00025987959279234724,0.0004204483996794795,0.0021722693369478825,0.00034386540541971207,0.00022586643425556138,znd_T0585.71_P00.80.npz
585.714285714,0.9,1938.2551339899874,0.0002276465609683593,0.0003597231116627154,0.0017877347521133983,0.00038272516071706096,0.00019670146479771908,znd_T0585.71_P00.90.npz
585.714285714,1.0,1941.1010866297715,0.00020233360139545594,0.0003135700901997974,0.0015026081520199508,0.00042103024032963214,0.00017586832504335075,znd_T0585.71_P01.00.npz
585.714285714,1.1,1943.6579586077826,0.00018196798074660201,0.0002774205725289283,0.0012857987581366523,0.00045884484036844077,0.00015724981148380375,znd_T0585.71_P01.10.npz
585.714285714,1.2,1945.9772248074416,0.00016523991863676664,0.00024844395136414593,0.0011159751316188208,0.0004962947871229492,0.0001437142940476219,znd_T0585.71_P01.20.npz
585.714285714,1.3,1948.0978529275671,0.00015127550762455513,0.00022473218095139696,0.0009798493722341605,0.0005332847899216359,0.00013211359493829188,znd_T0585.71_P01.30.npz
585.714285714,1.4,1950.0500208855813,0.00013946318766192,0.000205022184442189,0.00086940977631562,0.0005698661362481325,0.0001222526325067175,znd_T0585.71_P01.40.npz
585.714285714,1.5,1951.8576536014787,0.00012932998065849914,0.00018840597184205987,0.0007782301912844908,0.0006060605589202472,0.0001137730492289749,znd_T0585.71_P01.50.npz
585.714285714,1.6,1953.5358950696573,0.00012057025569304377,0.00017422069489860415,0.0007017704563571723,0.0006419676251284105,0.00010523634860375328,znd_T0585.71_P01.60.npz
585.714285714,1.7,1955.1087459552691,0.00011291107054224168,0.00016198711499248425,0.0006372389086935187,0.000677572206443403,9.907506222880738e-05,znd_T0585.71_P01.70.npz
585.714285714,1.8,1956.5839465041172,0.00010616582536415861,0.00015134008276112662,0.0005821704336800908,0.0007127987490120527,9.342745603872951e-05,znd_T0585.71_P01.80.npz
585.714285714,1.9,1957.9730304435702,0.0001001865165629024,0.00014198673306850738,0.0005345962700750032,0.0007476970098335109,8.847102540762274e-05,znd_T0585.71_P01.90.npz
585.714285714,2.0,1959.2850985910993,9.485219862595923e-05,0.00013372591323384595,0.0004930940435374067,0.000782293529306911,8.396086117689226e-05,znd_T0585.71_P02.00.npz
585.714285714,2.1,1960.5278398383323,9.006403843658597e-05,0.00012637187380059296,0.00045699551570809734,0.0008165964149698872,7.990035284864022e-05,znd_T0585.71_P02.10.npz
585.714285714,2.2,1961.7079412083783,8.573804973071724e-05,0.00011978860463726431,0.00042493056463574616,0.0008506163215932978,7.622609144822146e-05,znd_T0585.71_P02.20.npz
585.714285714,2.3,1962.831130965572,8.181898094866463e-05,0.00011386181251028532,0.0003967185216854857,0.0008844316747233483,7.250367548526276e-05,znd_T0585.71_P02.30.npz
585.714285714,2.4,1963.9024060665151,7.825458360502883e-05,0.0001085025303821189,0.0003714978322084234,0.0009178571213120908,6.98181016167021e-05,znd_T0585.71_P02.40.npz
585.714285714,2.5,1964.925367119084,7.499238633750505e-05,0.00010363629270754552,0.00034891745562283164,0.0009510921781511342,6.7015823470605e-05,znd_T0585.71_P02.50.npz
585.714285714,2.6,1965.9061716171423,7.200008607360219e-05,9.919586381015313e-05,0.00032859949495353427,0.0009841027519464924,6.440271991087211e-05,znd_T0585.71_P02.60.npz
585.714285714,2.7,1966.845947287004,6.925106139689547e-05,9.51328471727946e-05,0.00031024336453199913,0.0010168917187140028,6.194594399897027e-05,znd_T0585.71_P02.70.npz
585.714285714,2.8,1967.7484151523288,6.671018958780928e-05,9.14035718973812e-05,0.0002935740975028753,0.0010493898982800163,5.977312198019343e-05,znd_T0585.71_P02.80.npz
585.714285714,2.9,1968.6163527012247,6.435634329880483e-05,8.796235420710365e-05,0.00027844997029875915,0.0010816575888378552,5.775276595659741e-05,znd_T0585.71_P02.90.npz
585.714285714,3.0,1969.4521548010348,6.217454335785467e-05,8.478338561392869e-05,0.00026462869859160453,0.0011137352095722485,5.573818088945974e-05,znd_T0585.71_P03.00.npz
585.714285714,3.1,1970.258003909222,6.014282162432041e-05,8.183812470111602e-05,0.0002519035201221943,0.0011454634093130747,5.382283245588333e-05,znd_T0585.71_P03.10.npz
585.714285714,3.2,1971.0358603493273,5.8248566191527685e-05,7.910481419893761e-05,0.0002402874098104819,0.0011770414356617456,5.218140266853349e-05,znd_T0585.71_P03.20.npz
585.714285714,3.3,1971.7875227571485,5.647861705576214e-05,7.655659881747856e-05,0.0002295870520433543,0.0012083907813365531,5.063863369358398e-05,znd_T0585.71_P03.30.npz
585.714285714,3.4,1972.5145996589054,5.482135762617541e-05,7.417608757713486e-05,0.00021966043277574918,0.0012395102033862637,4.9185416414724796e-05,znd_T0585.71_P03.40.npz
585.714285714,3.5,1973.2185687993137,5.32661451174135e-05,7.195126121106424e-05,0.0002104937055101926,0.001270500420644035,4.829477261850291e-05,znd_T0585.71_P03.50.npz
585.714285714,3.6,1973.9007831367483,5.1806862153546856e-05,6.986937054633708e-05,0.00020199316355317757,0.0013012038994314344,4.6582155899471544e-05,znd_T0585.71_P03.60.npz
585.714285714,3.7,1974.5624755035153,5.043037448939606e-05,6.791149863553462e-05,0.0001940769273387239,0.0013317635667823525,4.5861979594045224e-05,znd_T0585.71_P03.70.npz
585.714285714,3.8,1975.204783492246,4.913246396142717e-05,6.606883431262264e-05,0.00018667210487569328,0.0013622144472400985,4.469353555638535e-05,znd_T0585.71_P03.80.npz
585.714285714,3.9,1975.8287501173227,4.7906970054350755e-05,6.433731298292556e-05,0.00017982220524310355,0.0013925551830627969,4.340057311643274e-05,znd_T0585.71_P03.90.npz
585.714285714,4.0,1976.4353340487353,4.674792270199853e-05,6.269877878797373e-05,0.00017338332489190192,0.0014225015322087463,4.235137989245663e-05,znd_T0585.71_P04.00.npz
585.714285714,4.1,1977.0254402693129,4.5650205326847035e-05,6.115473894865348e-05,0.00016737964451439896,0.0014522185951808513,4.135135397877053e-05,znd_T0585.71_P04.10.npz
585.714285714,4.2,1977.5998974780944,4.4609738517027954e-05,5.969186561044206e-05,0.00016170572088661751,0.0014817992125326104,4.043795476805577e-05,znd_T0585.71_P04.20.npz
585.714285714,4.3,1978.1594261507385,4.362144145520727e-05,5.830626139986203e-05,0.00015641478096126997,0.0015110801408438734,3.9531663069043104e-05,znd_T0585.71_P04.30.npz
585.714285714,4.4,1978.704786313305,4.268207328133263e-05,5.698998278244915e-05,0.0001513935907872963,0.0015404449753254842,3.909513785729456e-05,znd_T0585.71_P04.40.npz
585.714285714,4.5,1979.2366431860967,4.1788204181398684e-05,5.574164443951384e-05,0.00014670036644041083,0.0015696503112110967,3.8262642055125436e-05,znd_T0585.71_P04.50.npz
585.714285714,4.6,1979.7555637239382,4.0936712125858745e-05,5.455432012729612e-05,0.0001422600884532968,0.001598637717053109,3.746795624394443e-05,znd_T0585.71_P04.60.npz
585.714285714,4.7,1980.2621879732835,4.012665334513034e-05,5.3423742603089684e-05,0.00013804180107369082,0.0016272439821394253,3.683663365205859e-05,znd_T0585.71_P04.70.npz
585.714285714,4.8,1980.7570103555308,3.935027204027153e-05,5.234637912372089e-05,0.0001340763094768241,0.0016555760785103223,3.623168081871732e-05,znd_T0585.71_P04.80.npz
585.714285714,4.9,1981.2405316512984,3.860991695850505e-05,5.131853861021151e-05,0.00013031394711125998,0.001684144162055379,3.553722518829973e-05,znd_T0585.71_P04.90.npz
585.714285714,5.0,1981.713266046432,3.7901996744668304e-05,5.0336990816721794e-05,0.00012673395914468102,0.0017125014600476527,3.487333273174188e-05,znd_T0585.71_P05.00.npz
600.0,0.1,1872.9665816304705,0.0027855939504969106,0.006358224448963735,0.02114180828377562,4.8068308875233056e-05,0.002383859224786686,znd_T0600.00_P00.10.npz
600.0,0.2,1893.6513380420365,0.001287995501469683,0.003029030480090889,0.017157787517516378,9.20176877409464e-05,0.0010827600194621885,znd_T0600.00_P00.20.npz
600.0,0.3,1905.5173267262662,0.0008074190732629912,0.0017326327323873394,0.011080173746726313,0.00013412442660387254,0.0006863254285290017,znd_T0600.00_P00.30.npz
600.0,0.4,1913.8124253247474,0.000579062086710069,0.0011405338208570798,0.0071496734605153815,0.0001749849622320582,0.0004949768741095734,znd_T0600.00_P00.40.npz
600.0,0.5,1920.1676660216983,0.00044791712377811833,0.0008268579206418994,0.004946468479824432,0.00021487585845388695,0.0003845495328830742,znd_T0600.00_P00.50.npz
600.0,0.6,1925.3051343393417,0.00036351502917241824,0.0006390014666825383,0.0036444189350183197,0.0002539636225812746,0.00031068132495989394,znd_T0600.00_P00.60.npz
600.0,0.7,1929.6077865049192,0.0003049843862781727,0.0005162178330745907,0.0028157596298741205,0.0002924158540339103,0.00026297518207442366,znd_T0600.00_P00.70.npz
600.0,0.8,1933.3031414019845,0.0002621492954468528,0.00043058367140177907,0.002253805257088699,0.0003302545422390705,0.0002253780269058097,znd_T0600.00_P00.80.npz
600.0,0.9,1936.537206788762,0.00022952961133056705,0.0003678943430549818,0.0018544931200108524,0.00036757865313079285,0.00019773122513562616,znd_T0600.00_P00.90.npz
600.0,1.0,1939.4093357808947,0.00020392941428523065,0.0003202951092554227,0.001558599402990263,0.00040443382580797826,0.00017675974225113975,znd_T0600.00_P01.00.npz
600.0,1.1,1941.990035195326,0.0001833220768996744,0.00028304529707686663,0.0013326197576235667,0.0004408002344458446,0.0001597723462833659,znd_T0600.00_P01.10.npz
600.0,1.2,1944.331207909237,0.0001664220426123253,0.00025322015011097293,0.0011561630084017983,0.0004767785849010581,0.00014385544513021461,znd_T0600.00_P01.20.npz
600.0,1.3,1946.4720977043025,0.00015230410307665054,0.00022883830179693492,0.001015021639636419,0.0005124244142013155,0.00013273316209800912,znd_T0600.00_P01.30.npz
600.0,1.4,1948.4431561858262,0.00014034762183422994,0.00020858999154890913,0.0009003881454459305,0.0005476377238254981,0.00012278872114015744,znd_T0600.00_P01.40.npz
600.0,1.5,1950.265201094184,0.00013010908528536476,0.00019152961442525472,0.0008055392543192902,0.0005824866284731723,0.00011423762219721877,znd_T0600.00_P01.50.npz
600.0,1.6,1951.9636797801904,0.00012125060977391129,0.00017697892858556865,0.0007261399993592518,0.0006170325777749794,0.00010561170443177558,znd_T0600.00_P01.60.npz
600.0,1.7,1953.551394700987,0.00011350513727745693,0.00016443384923859057,0.0006592821749003024,0.0006512946740113443,9.917179856678326e-05,znd_T0600.00_P01.70.npz
600.0,1.8,1955.0413574578342,0.00010668689825647872,0.00015351491309453547,0.0006019512237814578,0.0006852429831998535,9.348124176120262e-05,znd_T0600.00_P01.80.npz
600.0,1.9,1956.4444359137658,0.00010064446138787227,0.00014393008456090682,0.0005525006529807367,0.0007188992357401319,8.86145099819959e-05,znd_T0600.00_P01.90.npz
600.0,2.0,1957.7697993503543,9.525232958654614e-05,0.0001354738120006197,0.0005095740235867107,0.0007522449365020965,8.407030244773808e-05,znd_T0600.00_P02.00.npz
600.0,2.1,1959.0252491762758,9.04101590098072e-05,0.00012793617614863877,0.00047190976789944446,0.0007853009064563308,8.002924973278095e-05,znd_T0600.00_P02.10.npz
600.0,2.2,1960.2174855808096,8.604049813234287e-05,0.00012120612630477719,0.0004387466421202044,0.0008181026130661343,7.631177426409264e-05,znd_T0600.00_P02.20.npz
600.0,2.3,1961.3522993913725,8.207700049711455e-05,0.00011514302274244925,0.00040949121610203666,0.00085064876623376,7.293081195787921e-05,znd_T0600.00_P02.30.npz
600.0,2.4,1962.4347248201418,7.846993453513661e-05,0.00010966474582636527,0.00038336477274525735,0.0008830014333381529,6.95645637794921e-05,znd_T0600.00_P02.40.npz
600.0,2.5,1963.4691687620739,7.517810217209711e-05,0.00010468574764962451,0.00035993300837112893,0.0009150669728283592,6.678199685026533e-05,znd_T0600.00_P02.50.npz
600.0,2.6,1964.4586718271937,7.214819494297889e-05,0.00010015068261886965,0.00033881798315070445,0.0009468940220330748,6.422062093038388e-05,znd_T0600.00_P02.60.npz
600.0,2.7,1965.4092227977794,6.93653453781042e-05,9.599964583283789e-05,0.00031971955758280934,0.000978487920169821,6.185285749485717e-05,znd_T0600.00_P02.70.npz
600.0,2.8,1966.3213111272612,6.67978549620713e-05,9.218792206101236e-05,0.0003025308897544105,0.0010098577227131375,5.9659187329581656e-05,znd_T0600.00_P02.80.npz
600.0,2.9,1967.1985213670241,6.442014378629497e-05,8.867777968900664e-05,0.0002867987737193483,0.0010410010814034855,5.7491555930161086e-05,znd_T0600.00_P02.90.npz
600.0,3.0,1968.043296914565,6.221354658794779e-05,8.543033214114719e-05,0.0002725043435856863,0.0010719172263724647,5.555346075122091e-05,znd_T0600.00_P03.00.npz
600.0,3.1,1968.857838103324,6.0160885049362276e-05,8.24257173526628e-05,0.000259350550904568,0.0011026100369817345,5.374682016918916e-05,znd_T0600.00_P03.10.npz
600.0,3.2,1969.644124062218,5.824851690453638e-05,7.963061305504939e-05,0.00024725061777920173,0.0011331186459251302,5.2094879861170704e-05,znd_T0600.00_P03.20.npz
600.0,3.3,1970.4039578734491,5.6458219300666216e-05,7.703104211147094e-05,0.000236154181373826,0.0011634026518693773,5.0530263048524226e-05,znd_T0600.00_P03.30.npz
600.0,3.4,1971.1389812485004,5.478175176166758e-05,7.460512907105763e-05,0.00022591184564372022,0.0011936334525266827,4.933516081134412e-05,znd_T0600.00_P03.40.npz
600.0,3.5,1971.8506711828356,5.320865268301335e-05,7.233422427208792e-05,0.000216361747262983,0.0012235729305083464,4.7912342500556316e-05,znd_T0600.00_P03.50.npz
600.0,3.6,1972.5403991371397,5.173092716347752e-05,7.02093468283552e-05,0.00020758336248427158,0.0012531805692745325,4.682775422768983e-05,znd_T0600.00_P03.60.npz
600.0,3.7,1973.2094025405386,5.0339315730285985e-05,6.821270493648821e-05,0.00019934567746498485,0.0012827862936930854,4.557919570979637e-05,znd_T0600.00_P03.70.npz
600.0,3.8,1973.8588345168498,4.902623663367502e-05,6.63354797959971e-05,0.00019174138044000772,0.0013121777117800584,4.4212004806909925e-05,znd_T0600.00_P03.80.npz
600.0,3.9,1974.4897471232428,4.77859467234107e-05,6.456583178538664e-05,0.0001846173686231057,0.001341294050902841,4.3092380434126604e-05,znd_T0600.00_P03.90.npz
600.0,4.0,1975.1031120917316,4.661283038267114e-05,6.289546402198879e-05,0.0001779683248415875,0.0013701876509798242,4.202770734811825e-05,znd_T0600.00_P04.00.npz
600.0,4.1,1975.699804899709,4.5501792231438e-05,6.132080316648857e-05,0.0001717183921372049,0.0013991059662617404,4.142861028179538e-05,znd_T0600.00_P04.10.npz
600.0,4.2,1976.2807303320456,4.444803357286583e-05,5.9827810441880626e-05,0.00016587635312651546,0.0014278620893216482,4.045466027355701e-05,znd_T0600.00_P04.20.npz
600.0,4.3,1976.8465859920736,4.344684670596484e-05,5.841372275481812e-05,0.0001603424799868886,0.0014563335326773503,3.959991735494227e-05,znd_T0600.00_P04.30.npz
600.0,4.4,1977.3981197378428,4.2495578698057416e-05,5.707200803487152e-05,0.00015517734348568152,0.0014847249191775472,3.8715109030249494e-05,znd_T0600.00_P04.40.npz
600.0,4.5,1977.9360186918848,4.159028334889685e-05,5.579922747686226e-05,0.00015030382018374225,0.0015129003085521224,3.787266082575788e-05,znd_T0600.00_P04.50.npz
600.0,4.6,1978.4608409781888,4.07266229235037e-05,5.458865987704875e-05,0.00014568953290437962,0.0015408712223543622,3.719430385493685e-05,znd_T0600.00_P04.60.npz
600.0,4.7,1978.9732345514458,3.99049402426564e-05,5.343521594637988e-05,0.00014132728742256723,0.0015685897206183972,3.654932050247368e-05,znd_T0600.00_P04.70.npz
600.0,4.8,1979.4737397507731,3.911978159325366e-05,5.2335510231668086e-05,0.00013721859470978756,0.0015963596861443452,3.581663201502576e-05,znd_T0600.00_P04.80.npz
600.0,4.9,1979.9628183875072,3.8369608706397954e-05,5.128650617855756e-05,0.0001333359220828685,0.0016239277999453886,3.511736292720436e-05,znd_T0600.00_P04.90.npz
600.0,5.0,1980.4409911212526,3.7652193104010346e-05,5.0286279202852454e-05,0.0001296444834149639,0.0016512962500137688,3.444913954052518e-05,znd_T0600.00_P05.00.npz
614.285714286,0.1,1870.7512791994498,0.0028107334630966194,0.00649976839828335,0.021269113553707805,4.609678593424434e-05,0.002378470917481306,znd_T0614.29_P00.10.npz
614.285714286,0.2,1891.582487974816,0.001302208267401953,0.003125744519138717,0.017507937307441237,8.829213371379557e-05,0.001091680925910197,znd_T0614.29_P00.20.npz
614.285714286,0.3,1903.5385117670546,0.0008161986584357749,0.0017905361193027857,0.011447871778904193,0.00012875437382959404,0.0006885701697796108,znd_T0614.29_P00.30.npz
614.285714286,0.4,1911.8994434091815,0.0005850696826637383,0.0011767362292545572,0.007416203802047636,0.00016800823862236683,0.0004996152767575144,znd_T0614.29_P00.40.npz
614.285714286,0.5,1918.306832089065,0.00045233308408189387,0.0008512973535864081,0.005134667376558741,0.00020636559258993155,0.000385578440978969,znd_T0614.29_P00.50.npz
614.285714286,0.6,1923.487577886745,0.00036694051476094986,0.000656631817545419,0.00378211631892491,0.0002439514377614478,0.00031594473295319756,znd_T0614.29_P00.60.npz
614.285714286,0.7,1927.8273203872377,0.00030771279670975326,0.0005295098012715843,0.002921131648411642,0.0002809259919350224,0.00026443664698265257,znd_T0614.29_P00.70.npz
614.285714286,0.8,1931.5551334046304,0.0002643870767212966,0.0004410032439945357,0.0023377104316597715,0.0003173145673087236,0.0002285751462231567,znd_T0614.29_P00.80.npz
614.285714286,0.9,1934.818130555755,0.0002314209998804219,0.00037628875366459467,0.0019224484038447508,0.0003532312722732386,0.0001996572777935626,znd_T0614.29_P00.90.npz
614.285714286,1.0,1937.716316591239,0.00020552069772343057,0.00032720433882868635,0.0016152278906700398,0.00038865779758247553,0.00017842449076931085,znd_T0614.29_P01.00.npz
614.285714286,1.1,1940.3207647233191,0.00018469587860169318,0.00028886014290096775,0.0013805799577356799,0.0004236707592202533,0.0001591481071798606,znd_T0614.29_P01.10.npz
614.285714286,1.2,1942.683739427532,0.00016759580467774242,0.00025815510814846147,0.001197014258251559,0.00045834422169648844,0.00014515904797332655,znd_T0614.29_P01.20.npz
614.285714286,1.3,1944.8448020027229,0.00015332058897998908,0.00023308039248855791,0.001050764014689251,0.0004926198383513026,0.00013341797546454018,znd_T0614.29_P01.30.npz
614.285714286,1.4,1946.8345983465379,0.0001412500305120747,0.0002122814938887905,0.0009317403937516558,0.0005264756468925605,0.00012371241677073126,znd_T0614.29_P01.40.npz
614.285714286,1.5,1948.6740837171565,0.00013089635008023195,0.0001947641324162609,0.0008332446841347942,0.0005601039218754545,0.00011466687128691594,znd_T0614.29_P01.50.npz
614.285714286,1.6,1950.3889830852602,0.00012194229489391787,0.00017982654480441044,0.0007510390200604441,0.0005933454443286775,0.00010716541428376869,znd_T0614.29_P01.60.npz
614.285714286,1.7,1951.992224710233,0.00011412458712102116,0.00016695146372140246,0.0006813934720038445,0.0006263483714555805,9.945433056034838e-05,znd_T0614.29_P01.70.npz
614.285714286,1.8,1953.4959734734107,0.00010722562818718431,0.00015576492049456316,0.0006219366489736903,0.0006590636278728182,9.370641631869841e-05,znd_T0614.29_P01.80.npz
614.285714286,1.9,1954.9138901356948,0.00010111645216140733,0.00014595972973757576,0.000570726664686721,0.0006914941001284009,8.858794304492191e-05,znd_T0614.29_P01.90.npz
614.285714286,2.0,1956.2525081831711,9.566707616151021e-05,0.0001372871037031092,0.0005262787897798773,0.0007236699887313134,8.419073600360822e-05,znd_T0614.29_P02.00.npz
614.285714286,2.1,1957.5196910213476,9.077777531982518e-05,0.00012957812174969183,0.0004873107845330138,0.0007554708049937792,7.962539349169441e-05,znd_T0614.29_P02.10.npz
614.285714286,2.2,1958.7249326463125,8.635880794989544e-05,0.00012268546423499654,0.00045294787480292545,0.0007871377440520428,7.593798365900163e-05,znd_T0614.29_P02.20.npz
614.285714286,2.3,1959.8713209269615,8.235314404482188e-05,0.00011648799058870644,0.00042238222985185837,0.0008185568817508692,7.258470328585929e-05,znd_T0614.29_P02.30.npz
614.285714286,2.4,1960.9648496917018,7.870874657734249e-05,0.000110884397656597,0.000395407722690655,0.0008497355750034974,6.952178370888917e-05,znd_T0614.29_P02.40.npz
614.285714286,2.5,1962.0099780679743,7.538329347800155e-05,0.000105799567706941,0.0003711145097653464,0.0008806813016140378,6.671278761150253e-05,znd_T0614.29_P02.50.npz
614.285714286,2.6,1963.0106074541402,7.232512203521112e-05,0.00010116357473152537,0.00034927023188793365,0.0009113892863420704,6.409158181173256e-05,znd_T0614.29_P02.60.npz
614.285714286,2.7,1963.9702085249953,6.951575504016284e-05,9.692115143673174e-05,0.0003295121575594362,0.0009418558393843356,6.163237342675361e-05,znd_T0614.29_P02.70.npz
614.285714286,2.8,1964.8918552984053,6.69201247729844e-05,9.302944395849968e-05,0.0003115615429840496,0.0009720930885092195,5.935824400781129e-05,znd_T0614.29_P02.80.npz
614.285714286,2.9,1965.7773546126605,6.451821645098625e-05,8.944559433902802e-05,0.00029537586379108197,0.0010021235386304028,5.7262789681245194e-05,znd_T0614.29_P02.90.npz
614.285714286,3.0,1966.6320248981935,6.2286185975917e-05,8.613133153763601e-05,0.0002804493396663626,0.0010319924655627696,5.590198063911974e-05,znd_T0614.29_P03.00.npz
614.285714286,3.1,1967.4552232978463,6.02107564444378e-05,8.306451700429691e-05,0.0002668669852543713,0.001061821408032689,5.391419775721764e-05,znd_T0614.29_P03.10.npz
614.285714286,3.2,1968.2499109494024,5.827543257830051e-05,8.02150440766561e-05,0.000254390892363742,0.0010913179158094804,5.2172146988417946e-05,znd_T0614.29_P03.20.npz
614.285714286,3.3,1969.0179079898694,5.6466560247730665e-05,7.756125708598489e-05,0.0002428284673307609,0.0011205919352057405,5.053968993745616e-05,znd_T0614.29_P03.30.npz
614.285714286,3.4,1969.7608237402837,5.477231802657383e-05,7.508633347934046e-05,0.0002322443527198932,0.0011496387801983021,4.9006748406720004e-05,znd_T0614.29_P03.40.npz
614.285714286,3.5,1970.4802074601334,5.317981184198226e-05,7.277061632055382e-05,0.0002224162805000426,0.0011786384704961356,4.786558099268818e-05,znd_T0614.29_P03.50.npz
614.285714286,3.6,1971.177434666864,5.1685078106564135e-05,7.06016870559197e-05,0.00021324838354013878,0.0012074016569132973,4.653105763188342e-05,znd_T0614.29_P03.60.npz
614.285714286,3.7,1971.8537095308843,5.027885741853877e-05,6.856348588263016e-05,0.00020480961913696346,0.0012357792645153354,4.508688380099584e-05,znd_T0614.29_P03.70.npz
614.285714286,3.8,1972.5102415391905,4.895188436935762e-05,6.665043379184638e-05,0.00019689393776319296,0.0012642238060123396,4.433838562644688e-05,znd_T0614.29_P03.80.npz
614.285714286,3.9,1973.1480914089957,4.769788363660148e-05,6.484597568986426e-05,0.00018951214969893784,0.0012925399384896004,4.3190655397028774e-05,znd_T0614.29_P03.90.npz
614.285714286,4.0,1973.768194890871,4.6511653269559727e-05,6.314632873869845e-05,0.00018259813070502608,0.0013206578974437912,4.2102434424818544e-05,znd_T0614.29_P04.00.npz
614.285714286,4.1,1974.3714946496814,4.538797992923887e-05,6.153749188875137e-05,0.00017615285430729082,0.001348573112879121,4.106844444959025e-05,znd_T0614.29_P04.10.npz
614.285714286,4.2,1974.9588385417917,4.432403134072875e-05,6.001640708609821e-05,0.0001701023084043888,0.001376312048204372,4.016011652643745e-05,znd_T0614.29_P04.20.npz
614.285714286,4.3,1975.529981724927,4.3312035644011636e-05,5.857810225899273e-05,0.0001643905650101109,0.0014038706534283594,3.922566625717234e-05,znd_T0614.29_P04.30.npz
614.285714286,4.4,1976.08868517419,4.2349391299078254e-05,5.721039854962779e-05,0.0001590595620635036,0.0014312199093228764,3.833684170619352e-05,znd_T0614.29_P04.40.npz
614.285714286,4.5,1976.6325603945713,4.143431481077894e-05,5.591244538000937e-05,0.00015400476073787505,0.001458567827117109,3.761444965765971e-05,znd_T0614.29_P04.50.npz
614.285714286,4.6,1977.1632920820264,4.0561079795066564e-05,5.467778229918084e-05,0.00014925996956672492,0.0014856261399277904,3.680963232249785e-05,znd_T0614.29_P04.60.npz
614.285714286,4.7,1977.6814484989702,3.972815136363938e-05,5.350128051845198e-05,0.00014473441526231543,0.0015126569132262852,3.61632123890698e-05,znd_T0614.29_P04.70.npz
614.285714286,4.8,1978.1875841785243,3.893299889685946e-05,5.238182354517543e-05,0.00014048670515068898,0.001539439427438132,3.543050923175058e-05,znd_T0614.29_P04.80.npz
614.285714286,4.9,1978.6822106614873,3.8173179602903515e-05,5.131359140096787e-05,0.00013645007493250842,0.001566038213227959,3.473116301752249e-05,znd_T0614.29_P04.90.npz
614.285714286,5.0,1979.1658163986867,3.7445621659697e-05,5.0293001646657306e-05,0.00013261135973487062,0.0015924574601010372,3.406354387352569e-05,znd_T0614.29_P05.00.npz
628.571428571,0.1,1868.5363062182998,0.002834903901703833,0.006640854117330405,0.021392829680868652,4.42324282353293e-05,0.002404067459583612,znd_T0628.57_P00.10.npz
628.571428571,0.2,1889.5135695491008,0.0013162339316876632,0.003224012141892971,0.017847090102770972,8.476036634793157e-05,0.0010992105022104267,znd_T0628.57_P00.20.npz
628.571428571,0.3,1901.5593450830625,0.0008249038200189426,0.0018501591643522003,0.011815097743938222,0.00012365071271912422,0.0006944254657008832,znd_T0628.57_P00.30.npz
628.571428571,0.4,1909.9858669119117,0.0005910265251661865,0.0012139625540844503,0.007686076518328821,0.00016140466712712066,0.0005020557324342424,znd_T0628.57_P00.40.npz
628.571428571,0.5,1916.4452152517888,0.00045670467103201164,0.0008763438284173101,0.005325333828559992,0.00019828600278477896,0.000388238412349458,znd_T0628.57_P00.50.npz
628.571428571,0.6,1921.6690983730855,0.00037032256626716426,0.0006747357654396042,0.0039222790237201394,0.00023444849835137514,0.00031788565014681324,znd_T0628.57_P00.60.npz
628.571428571,0.7,1926.0448967491673,0.000310427784238365,0.0005432363604181069,0.0030278887530632717,0.0002700141381155592,0.0002659051773617102,znd_T0628.57_P00.70.npz
628.571428571,0.8,1929.8059678768034,0.0002666221725867735,0.0004517484787400715,0.0024223866816261426,0.0003050408076053588,0.00022974328478261605,znd_T0628.57_P00.80.npz
628.571428571,0.9,1933.0977590704836,0.0002332830601584872,0.00038496502947902303,0.001991019406434676,0.00033959247363031693,0.0002005929046598545,znd_T0628.57_P00.90.npz
628.571428571,1.0,1936.0219200071779,0.00020711083434766378,0.0003343518358140945,0.0016726720026686505,0.00037371302216038883,0.00017921462523831874,znd_T0628.57_P01.00.npz
628.571428571,1.1,1938.650013973772,0.00018605903635068437,0.00029482601165877804,0.0014291734067281153,0.0004074258728534307,0.00016036633061720668,znd_T0628.57_P01.10.npz
628.571428571,1.2,1941.034713029631,0.00016877791465621844,0.0002632384128414779,0.0012385691921547356,0.000440778236215384,0.00014573107376694073,znd_T0628.57_P01.20.npz
628.571428571,1.3,1943.2158891386825,0.00015436326060513415,0.00023746143676383878,0.0010868544288220343,0.00047380359523404024,0.00013390692147359119,znd_T0628.57_P01.30.npz
628.571428571,1.4,1945.2211371279013,0.00014214766375631602,0.0002160826768275595,0.0009632228588798058,0.0005064768173806454,0.0001238447862093423,znd_T0628.57_P01.40.npz
628.571428571,1.5,1947.0811284792567,0.00013169224703691353,0.00019809681739070878,0.0008614444155450814,0.0005388335796932952,0.00011503796971507568,znd_T0628.57_P01.50.npz
628.571428571,1.6,1948.8124703655228,0.00012264308064638182,0.00018276798346295687,0.0007760858202004039,0.0005708790428124263,0.00010746778759293215,znd_T0628.57_P01.60.npz
628.571428571,1.7,1950.431167859402,0.00011474203587456159,0.00016957739220117696,0.0007040924008171823,0.0006026364310343672,0.00010081742810450345,znd_T0628.57_P01.70.npz
628.571428571,1.8,1951.9504441029085,0.00010778486825156907,0.0001581026092711921,0.0006424235337190363,0.0006342108233839965,9.417041438651488e-05,znd_T0628.57_P01.80.npz
628.571428571,1.9,1953.381342946618,0.00010161082948009073,0.0001480496381288273,0.0005893705331447761,0.0006654742766021558,8.902215242681567e-05,znd_T0628.57_P01.90.npz
628.571428571,2.0,1954.7331717501038,9.609835897045056e-05,0.00013917529125267365,0.0005432789660597123,0.0006964445840650463,8.468828158516853e-05,znd_T0628.57_P02.00.npz
628.571428571,2.1,1956.0128619773607,9.115587930679585e-05,0.00013128504127909242,0.0005026799545042071,0.0007271782413502503,8.052869145303616e-05,znd_T0628.57_P02.10.npz
628.571428571,2.2,1957.2302555868373,8.669826785366126e-05,0.00012423052837303746,0.0004672456860165213,0.0007576706111666698,7.676393718149475e-05,znd_T0628.57_P02.20.npz
628.571428571,2.3,1958.3871408963585,8.26546227603014e-05,0.0001178955788827228,0.0004357098892272955,0.0007879860182288484,7.265964238439605e-05,znd_T0628.57_P02.30.npz
628.571428571,2.4,1959.492762879445,7.897460131437609e-05,0.00011216448749917034,0.000407570966221428,0.0008180092029943463,6.945379069757123e-05,znd_T0628.57_P02.40.npz
628.571428571,2.5,1960.5485391205882,7.561172212085984e-05,0.00010696754620873171,0.0003824665431720626,0.0008478960272756472,6.72160056633439e-05,znd_T0628.57_P02.50.npz
628.571428571,2.6,1961.5583569995842,7.252216459923591e-05,0.00010223150312837433,0.0003597669195933804,0.0008775617258017422,6.452477177190483e-05,znd_T0628.57_P02.60.npz
628.571428571,2.7,1962.528880257794,6.967996687543022e-05,9.790111763901238e-05,0.00033944853349738896,0.0009070201638263457,6.204949474333041e-05,znd_T0628.57_P02.70.npz
628.571428571,2.8,1963.46005913512,6.705894794058828e-05,9.392548971443376e-05,0.00032084741353387633,0.000936281075658913,5.975745420364672e-05,znd_T0628.57_P02.80.npz
628.571428571,2.9,1964.355699972972,6.463790359839394e-05,9.026539658348837e-05,0.00030410679930720826,0.0009653575030907253,5.7478717790818503e-05,znd_T0628.57_P02.90.npz
628.571428571,3.0,1965.2183253079904,6.238472180581823e-05,8.688552020744383e-05,0.0002886342189978649,0.0009941804165118312,5.546125366228238e-05,znd_T0628.57_P03.00.npz
628.571428571,3.1,1966.0501179781397,6.0288193794570285e-05,8.375178418730283e-05,0.0002745877604543798,0.00102277429032964,5.3575631372904975e-05,znd_T0628.57_P03.10.npz
628.571428571,3.2,1966.853203650689,5.833255026423816e-05,8.084632597638917e-05,0.00026169501824035415,0.001051242734531264,5.237043716318218e-05,znd_T0628.57_P03.20.npz
628.571428571,3.3,1967.6293090163354,5.650539973428324e-05,7.813981195200642e-05,0.0002497488005028944,0.0010796368928523942,5.0708332964977865e-05,znd_T0628.57_P03.30.npz
628.571428571,3.4,1968.3801266746862,5.479183341185126e-05,7.561339913092762e-05,0.00023876323043567677,0.0011078140554264945,4.900476191828232e-05,znd_T0628.57_P03.40.npz
628.571428571,3.5,1969.1071792078278,5.318546207534707e-05,7.325231737549613e-05,0.00022855785558791345,0.001135701025753222,4.7878853620809615e-05,znd_T0628.57_P03.50.npz
628.571428571,3.6,1969.8118646895027,5.167644345487839e-05,7.104269698368037e-05,0.00021910885460068238,0.0011635508962932186,4.65192442799081e-05,znd_T0628.57_P03.60.npz
628.571428571,3.7,1970.4954196719102,5.0254170635456635e-05,6.896630454012874e-05,0.00021030816032980678,0.001191220323177624,4.522991135637408e-05,znd_T0628.57_P03.70.npz
628.571428571,3.8,1971.1590109205047,4.891277222141569e-05,6.701298945481821e-05,0.0002021612829102269,0.0012186987164073163,4.4010457967491756e-05,znd_T0628.57_P03.80.npz
628.571428571,3.9,1971.8037376463815,4.76453200395351e-05,6.517701447595959e-05,0.00019454276945450396,0.0012459810829753184,4.285484197819167e-05,znd_T0628.57_P03.90.npz
628.571428571,4.0,1972.4305882760966,4.644174627318341e-05,6.34414765295925e-05,0.00018739993237611475,0.0012730644784139764,4.1760447666058486e-05,znd_T0628.57_P04.00.npz
628.571428571,4.1,1973.0404194207429,4.530740826213198e-05,6.180363879110506e-05,0.0001807343752567993,0.0013000808157861208,4.079789810994667e-05,znd_T0628.57_P04.10.npz
628.571428571,4.2,1973.6342196943006,4.4230147917105276e-05,6.0255747733917404e-05,0.00017446015961868124,0.0013268219396141915,3.981252423262635e-05,znd_T0628.57_P04.20.npz
628.571428571,4.3,1974.2126387676228,4.320558408970505e-05,5.878786701582642e-05,0.00016857701228711137,0.0013536360336948822,3.899959538074956e-05,znd_T0628.57_P04.30.npz
628.571428571,4.4,1974.7764524730665,4.2232860312467436e-05,5.739545674277663e-05,0.00016303283872811877,0.0013800952268603357,3.8111544393093574e-05,znd_T0628.57_P04.40.npz
628.571428571,4.5,1975.3262916332965,4.1306959594997505e-05,5.60722221732288e-05,0.0001577893829901506,0.00140637421757779,3.726741551030169e-05,znd_T0628.57_P04.50.npz
628.571428571,4.6,1975.8629221388499,4.042572246596901e-05,5.481370139469608e-05,0.00015290460412972884,0.0014328179864826196,3.658614510403478e-05,znd_T0628.57_P04.60.npz
628.571428571,4.7,1976.3868464272562,3.958400927093025e-05,5.361500752021297e-05,0.00014823969372792302,0.0014588440123326056,3.581960705194059e-05,znd_T0628.57_P04.70.npz
628.571428571,4.8,1976.898633137698,3.878035910888245e-05,5.247514112213829e-05,0.0001438131120337557,0.0014847005701485452,3.5088075370617686e-05,znd_T0628.57_P04.80.npz
628.571428571,4.9,1977.3987598819178,3.801198275167238e-05,5.138641811654557e-05,0.0001396526341228119,0.0015104602364897585,3.481606442659723e-05,znd_T0628.57_P04.90.npz
628.571428571,5.0,1977.886655322441,3.727691392049795e-05,5.0346576978410235e-05,0.00013572385012237178,0.0015362762648730198,3.414347994364464e-05,znd_T0628.57_P05.00.npz
642.857142857,0.1,1866.3213701870975,0.002858174655234172,0.006781512216307623,0.02151339696188897,4.245908100250578e-05,0.0024106869164095468,znd_T0642.86_P00.10.npz
642.857142857,0.2,1887.4434619709225,0.0013301289046003047,0.003323918144288967,0.018175708751740672,8.140745637452915e-05,0.0011073590944176489,znd_T0642.86_P00.20.npz
642.857142857,0.3,1899.5796235984096,0.0008335218239696708,0.001911107570928111,0.012181174713598622,0.00011880262581958847,0.0007000267588219779,znd_T0642.86_P00.30.npz
642.857142857,0.4,1908.071524588496,0.0005969152247314199,0.0012522485027009179,0.007958575224717417,0.0001551265519285504,0.000504298156150647,znd_T0642.86_P00.40.npz
642.857142857,0.5,1914.582673848732,0.0004610451828588321,0.0009023330550642146,0.00551920463348713,0.00019060969255239814,0.00039071826070967213,znd_T0642.86_P00.50.npz
642.857142857,0.6,1919.8495663913548,0.00037368450391701987,0.0006933647506095384,0.004064650086930163,0.00022541580980426403,0.0003199000628714648,znd_T0642.86_P00.60.npz
642.857142857,0.7,1924.263086738571,0.00031312609584526515,0.0005572990665515553,0.0031371420872048656,0.0002596432266061725,0.0002673776635680073,znd_T0642.86_P00.70.npz
642.857142857,0.8,1928.0555058048649,0.00026885309945280726,0.00046280660801937943,0.002508707671344195,0.00029336630447900465,0.0002313371852241381,znd_T0642.86_P00.80.npz
642.857142857,0.9,1931.3760203544716,0.00023514102262271966,0.00039386058942881554,0.002061604223387622,0.00032662487250423474,0.00020152986431456945,znd_T0642.86_P00.90.npz
642.857142857,1.0,1934.3260332194993,0.00020869922513356992,0.0003416843060167759,0.0017306280548803799,0.00035949872001382973,0.00018000208309951342,znd_T0642.86_P01.00.npz
642.857142857,1.1,1936.9776995267528,0.0001874163809415873,0.0003010058291997664,0.0014787372651230985,0.00039195237338025265,0.00016259546281403213,znd_T0642.86_P01.10.npz
642.857142857,1.2,1939.3840523242122,0.00016996084484279382,0.00026848213735266614,0.0012810847414641544,0.00042410484813754535,0.00014680413196203779,znd_T0642.86_P01.20.npz
642.857142857,1.3,1941.5852266574964,0.00015539212629574217,0.0002419707457244218,0.0011239105236558928,0.00045585125553540497,0.00013548251152628257,znd_T0642.86_P01.30.npz
642.857142857,1.4,1943.6089527887766,0.00014306362360383515,0.00022000781043432212,0.0009956942093484991,0.00048735552413005617,0.00012360124616620175,znd_T0642.86_P01.40.npz
642.857142857,1.5,1945.4852672406505,0.0001324955417413986,0.00020153990586007373,0.0008902621865272186,0.0005185751533015844,0.00011561533018706325,znd_T0642.86_P01.50.npz
642.857142857,1.6,1947.2329526747535,0.0001233548853375014,0.00018581254460744683,0.000801681177677065,0.0005494615888319531,0.00010797910929399198,znd_T0642.86_P01.60.npz
642.857142857,1.7,1948.8670670631757,0.0001153706400995118,0.00017227822070603162,0.0007270947293961891,0.0005800677689943477,0.00010129626609969778,znd_T0642.86_P01.70.npz
642.857142857,1.8,1950.4020139738318,0.00010834147572334464,0.00016052618980212167,0.0006631073958703506,0.0006104804116654935,9.424802620570843e-05,znd_T0642.86_P01.80.npz
642.857142857,1.9,1951.8467523897198,0.00010211503325993792,0.00015021873296254215,0.0006081347644940197,0.0006406871722154125,8.935208531965703e-05,znd_T0642.86_P01.90.npz
642.857142857,2.0,1953.2117720386168,9.655274877119554e-05,0.00014113129309794103,0.0005605534740745013,0.0006705913538847341,8.464194928453079e-05,znd_T0642.86_P02.00.npz
642.857142857,2.1,1954.5050046776903,9.156070349209326e-05,0.00013306277847094968,0.00051863829709049,0.0007002402927452104,8.06399000656821e-05,znd_T0642.86_P02.10.npz
642.857142857,2.2,1955.732265227605,8.70549549280729e-05,0.0001258443866668474,0.0004817217045429754,0.0007297100867540296,7.669444770177715e-05,znd_T0642.86_P02.20.npz
642.857142857,2.3,1956.9027990732557,8.296529979817584e-05,0.00011936163851887178,0.0004491575809424407,0.0007589504797161743,7.312830552620215e-05,znd_T0642.86_P02.30.npz
642.857142857,2.4,1958.0184305684204,7.924943692663712e-05,0.00011350479102159243,0.00041999672432858383,0.0007879773983808934,6.992601580898195e-05,znd_T0642.86_P02.40.npz
642.857142857,2.5,1959.0847915612565,7.585533974120645e-05,0.00010819081479064497,0.00039406544959714497,0.0008167993181961722,6.699576912314799e-05,znd_T0642.86_P02.50.npz
642.857142857,2.6,1960.1058630423142,7.274255077162595e-05,0.00010335255800850518,0.000370683126433128,0.0008454207861484658,6.430232231580803e-05,znd_T0642.86_P02.60.npz
642.857142857,2.7,1961.0840399509325,6.987199893072406e-05,9.893194267928633e-05,0.00034948909412514277,0.0008738165301755192,6.210169063582176e-05,znd_T0642.86_P02.70.npz
642.857142857,2.8,1962.0258556498286,6.722328650347923e-05,9.486941833592626e-05,0.00033038039921428047,0.0009019862025179576,5.9936908000006906e-05,znd_T0642.86_P02.80.npz
642.857142857,2.9,1962.9306935478617,6.477272986069313e-05,9.113588653033044e-05,0.0003129554638640373,0.0009301178015297715,5.772397591153416e-05,znd_T0642.86_P02.90.npz
642.857142857,3.0,1963.802197333443,6.249788073659135e-05,8.768424330715276e-05,0.00029705679057414426,0.0009580391852379131,5.567166957084928e-05,znd_T0642.86_P03.00.npz
642.857142857,3.1,1964.6426450731863,6.038099335364761e-05,8.44912979605753e-05,0.0002824193371785698,0.000985752562387542,5.376412284446343e-05,znd_T0642.86_P03.10.npz
642.857142857,3.2,1965.4540190736745,5.8403926026595726e-05,8.152223882766666e-05,0.0002690544593452216,0.00101318441546868,5.1885803772957557e-05,znd_T0642.86_P03.20.npz
642.857142857,3.3,1966.238216603375,5.6560877641207186e-05,7.876425544543894e-05,0.0002567518204494937,0.0010406308086628425,5.0610888950003565e-05,znd_T0642.86_P03.30.npz
642.857142857,3.4,1966.9969002076805,5.4833776496130966e-05,7.618858322567195e-05,0.000245374067086451,0.0010677067757659784,4.926060570088665e-05,znd_T0642.86_P03.40.npz
642.857142857,3.5,1967.731590534441,5.3212653587926664e-05,7.378113266138042e-05,0.00023485546446939146,0.0010948055369506251,4.780724962890483e-05,znd_T0642.86_P03.50.npz
642.857142857,3.6,1968.4437009285532,5.1684224123917737e-05,7.15286431860189e-05,0.00022510805823745648,0.001121740345954724,4.621980737364356e-05,znd_T0642.86_P03.60.npz
642.857142857,3.7,1969.1344941619584,5.024788690957571e-05,6.941070958432344e-05,0.00021602444786948124,0.0011483999519795098,4.4922374698358286e-05,znd_T0642.86_P03.70.npz
642.857142857,3.8,1969.8051517567503,4.889305201132137e-05,6.742308696345466e-05,0.00020758758548502582,0.0011748912431772307,4.413756033132358e-05,znd_T0642.86_P03.80.npz
642.857142857,3.9,1970.4567651339382,4.761422121697571e-05,6.554976921382196e-05,0.00019966405895516798,0.001201403840161437,4.2968224701128715e-05,znd_T0642.86_P03.90.npz
642.857142857,4.0,1971.0903228023644,4.640480588039989e-05,6.378237742070765e-05,0.00019228748529803957,0.0012275848158787414,4.197707630208994e-05,znd_T0642.86_P04.00.npz
642.857142857,4.1,1971.7067507549946,4.525754974803815e-05,6.211497333455913e-05,0.0001853984417909672,0.0012537286553385653,4.060388023007584e-05,znd_T0642.86_P04.10.npz
642.857142857,4.2,1972.3069017343707,4.4168651328596114e-05,6.053745166114284e-05,0.0001789025228932098,0.00127965331991181,4.0056563443324194e-05,znd_T0642.86_P04.20.npz
642.857142857,4.3,1972.8903744537847,4.313457085325206e-05,5.9042356254372256e-05,0.0001728306393015566,0.0013055886989643242,3.911539637351659e-05,znd_T0642.86_P04.30.npz
642.857142857,4.4,1973.4614954586864,4.215086360967731e-05,5.7622713682867644e-05,0.00016710018325286587,0.0013313603614902604,3.822182205937993e-05,znd_T0642.86_P04.40.npz
642.857142857,4.5,1974.0173709604255,4.1214643680310444e-05,5.627434759627601e-05,0.00016172496672357744,0.001356976606294076,3.737244855883385e-05,znd_T0642.86_P04.50.npz
642.857142857,4.6,1974.5598240710137,4.032475160073576e-05,5.499449584044431e-05,0.000156635815042544,0.0013821587804044482,3.6727186679663545e-05,znd_T0642.86_P04.60.npz
642.857142857,4.7,1975.0894787205764,3.947349525998662e-05,5.377618308690959e-05,0.0001518387461572084,0.001407543868426134,3.59547142255503e-05,znd_T0642.86_P04.70.npz
642.857142857,4.8,1975.6068399155542,3.866048402245853e-05,5.261412684509468e-05,0.0001472756955948706,0.0014329084492743255,3.505280501197572e-05,znd_T0642.86_P04.80.npz
642.857142857,4.9,1976.112487570626,3.7884938506643173e-05,5.1504620351890313e-05,0.00014297490080884538,0.0014579514801681685,3.4385716502400946e-05,znd_T0642.86_P04.90.npz
642.857142857,5.0,1976.6068940529067,3.7142772358817505e-05,5.044596610407608e-05,0.0001388626829643183,0.001482866238090125,3.374699709477229e-05,znd_T0642.86_P05.00.npz
657.142857143,0.1,1864.1062047833411,0.002880490283295617,0.006921696847586458,0.02163120458207437,4.0781150281845793e-05,0.00243530497317492,znd_T0657.14_P00.10.npz
657.142857143,0.2,1885.3746293851661,0.0013438092995598171,0.0034251352140949737,0.01849395245157048,7.821959153681959e-05,0.001116237477782938,znd_T0657.14_P00.20.npz
657.142857143,0.3,1897.5991786797595,0.0008420805634127995,0.001973465006039122,0.012545941798132398,0.00011419186974382089,0.0007057414185877844,znd_T0657.14_P00.30.npz
657.142857143,0.4,1906.1562896047658,0.0006027874337144828,0.0012917998493644002,0.008233749638501667,0.00014915463003501586,0.0005079728240624836,znd_T0657.14_P00.40.npz
657.142857143,0.5,1912.7191006539028,0.00046536432107805993,0.0009289978998514835,0.005715597650710841,0.00018330042703195576,0.0003922888137758284,znd_T0657.14_P00.50.npz
657.142857143,0.6,1918.0288424408513,0.00037702632881531485,0.000712670909550077,0.0042091875157328216,0.00021682657809543747,0.0003217528448592464,znd_T0657.14_P00.60.npz
657.142857143,0.7,1922.4790843754379,0.0003158110487943976,0.0005718836155520556,0.003247584154027211,0.00024977979736757024,0.00026884220280848906,znd_T0657.14_P00.70.npz
657.142857143,0.8,1926.3036548265925,0.0002710579689940367,0.00047421385013990863,0.002595666204259323,0.0002822674747142157,0.00023251035337635716,znd_T0657.14_P00.80.npz
657.142857143,0.9,1929.652763789292,0.00023699468013821102,0.0004030685123705079,0.002132890161516364,0.0003142996307646384,0.00020434115654633097,znd_T0657.14_P00.90.npz
657.142857143,1.0,1932.6285944738436,0.0002102778977237326,0.0003492528217150518,0.0017895896736813497,0.0003459699834579708,0.00018079849067955872,znd_T0657.14_P01.00.npz
657.142857143,1.1,1935.3037576088857,0.00018877415794260797,0.0003073409256037851,0.001528884694958837,0.0003772547762147713,0.0001632925449225456,znd_T0657.14_P01.10.npz
657.142857143,1.2,1937.7316856632058,0.00017113563424724342,0.0002738747029776775,0.0013244155765586435,0.00040819763856482516,0.00014713337098245572,znd_T0657.14_P01.20.npz
657.142857143,1.3,1939.9495428406767,0.0001564210209858423,0.00024663336774645596,0.001161259078511002,0.0004388683208597538,0.0001349775149393428,znd_T0657.14_P01.30.npz
657.142857143,1.4,1941.9949207991592,0.0001439733048455992,0.0002240617115653518,0.0010286720044705995,0.00046923479080007897,0.000124656555735309,znd_T0657.14_P01.40.npz
657.142857143,1.5,1943.8896690288116,0.0001333100057615581,0.00020509684326832904,0.00091934964620145,0.000499314028769492,0.00011578730318630628,znd_T0657.14_P01.50.npz
657.142857143,1.6,1945.6536705929918,0.00012407740695712024,0.0001889501084560585,0.0008277799620887994,0.0005291198908577112,0.00010809676116490581,znd_T0657.14_P01.60.npz
657.142857143,1.7,1947.3031593659089,0.00011601371569156535,0.00017507366315430343,0.0007504027459001293,0.0005586205583244586,0.00010160556488089992,znd_T0657.14_P01.70.npz
657.142857143,1.8,1948.851565886663,0.00010891859389388873,0.00016302414812021578,0.0006843868066128382,0.0005879377463995137,9.461146743351417e-05,znd_T0657.14_P01.80.npz
657.142857143,1.9,1950.3100987268137,0.00010261917668462827,0.00015247169057205654,0.0006273992375286352,0.0006170647341367404,8.954210850914495e-05,znd_T0657.14_P01.90.npz
657.142857143,2.0,1951.6882414872068,9.700265054458252e-05,0.0001431624892212007,0.0005778371620278038,0.0006458977572522226,8.466015807992345e-05,znd_T0657.14_P02.00.npz
657.142857143,2.1,1952.9939930623166,9.196773857790945e-05,0.0001349022704040939,0.0005346895453403346,0.0006745095991426967,8.03142071657316e-05,znd_T0657.14_P02.10.npz
657.142857143,2.2,1954.2343357086222,8.742058447095316e-05,0.000127518450623561,0.0004965921715417859,0.0007029241051176947,7.643805873123152e-05,znd_T0657.14_P02.20.npz
657.142857143,2.3,1955.415214420559,8.32970754510923e-05,0.00012088603008254372,0.00046281750710974837,0.0007311342016085626,7.292484301376453e-05,znd_T0657.14_P02.30.npz
657.142857143,2.4,1956.5418437883884,7.954261461342715e-05,0.0001149039525369531,0.0004327312283222105,0.0007591440956405075,6.972306201626644e-05,znd_T0657.14_P02.40.npz
657.142857143,2.5,1957.6187951773684,7.611881353539407e-05,0.000109476606863012,0.00040576959701679976,0.0007870711748249309,6.709517373393821e-05,znd_T0657.14_P02.50.npz
657.142857143,2.6,1958.6487907590365,7.296793843924655e-05,0.00010453360927972246,0.0003815967347277202,0.000814691155223568,6.429066796347565e-05,znd_T0657.14_P02.60.npz
657.142857143,2.7,1959.6391488510246,7.00749526571141e-05,0.00010001418284870334,0.0003597753890469963,0.0008421791619491544,6.192582174160867e-05,znd_T0657.14_P02.70.npz
657.142857143,2.8,1960.5892954120295,6.740293917719099e-05,9.586542822815989e-05,0.00033996122504911704,0.0008694335627957487,5.953821783462552e-05,znd_T0657.14_P02.80.npz
657.142857143,2.9,1961.5033023643814,6.492984454784537e-05,9.205053708284323e-05,0.0003220202136841867,0.0008964653436788321,5.7863800024180175e-05,znd_T0657.14_P02.90.npz
657.142857143,3.0,1962.3836479600768,6.26334474820654e-05,8.85305691190257e-05,0.0003055566863234742,0.0009235127588289925,5.571012763140163e-05,znd_T0657.14_P03.00.npz
657.142857143,3.1,1963.2326557919985,6.04977659120035e-05,8.527223979927181e-05,0.00029041154018673776,0.0009500668332353265,5.4146755816275444e-05,znd_T0657.14_P03.10.npz
657.142857143,3.2,1964.051096723004,5.850757381398824e-05,8.224638724267785e-05,0.00027657828562109034,0.000976900760717955,5.198385663988766e-05,znd_T0657.14_P03.20.npz
657.142857143,3.3,1964.8446319913203,5.664363865554754e-05,7.943021375156016e-05,0.00026391488349130666,0.0010033360112590374,5.03529838182168e-05,znd_T0657.14_P03.30.npz
657.142857143,3.4,1965.611153160024,5.4898324108028165e-05,7.680669179358543e-05,0.00025216812005204045,0.0010296076700207712,4.8823731451432446e-05,znd_T0657.14_P03.40.npz
657.142857143,3.5,1966.3534722345273,5.325802824654096e-05,7.435383259865275e-05,0.00024127451429348574,0.0010558193403624378,4.7521025885815946e-05,znd_T0657.14_P03.50.npz
657.142857143,3.6,1967.0729935815734,5.171802406556436e-05,7.205363750972948e-05,0.00023114215398788976,0.001081791288337643,4.615059914297998e-05,znd_T0657.14_P03.60.npz
657.142857143,3.7,1967.7710072498774,5.026943026350949e-05,6.990104857322194e-05,0.00022183355264364547,0.0011076709990611065,4.508026642452663e-05,znd_T0657.14_P03.70.npz
657.142857143,3.8,1968.4487031301428,4.889870918400008e-05,6.787417056426822e-05,0.00021309214935917435,0.0011333943346031414,4.384291116396522e-05,znd_T0657.14_P03.80.npz
657.142857143,3.9,1969.1071908234612,4.760609424739753e-05,6.596516687225784e-05,0.00020493825695675022,0.001158823542332125,4.291394946590476e-05,znd_T0657.14_P03.90.npz
657.142857143,4.0,1969.7474216843866,4.6383728415509875e-05,6.4167011355685e-05,0.00019731938235789868,0.0011843139116982288,4.1808894903835914e-05,znd_T0657.14_P04.00.npz
657.142857143,4.1,1970.370376768094,4.522570986945737e-05,6.246558335786731e-05,0.0001902011053374757,0.0012096480764667312,4.076400167634997e-05,znd_T0657.14_P04.10.npz
657.142857143,4.2,1970.976914973046,4.412726246693963e-05,6.085915547636886e-05,0.0001834666456546128,0.0012348296069362302,3.977476659559613e-05,znd_T0657.14_P04.20.npz
657.142857143,4.3,1971.567820587709,4.308402288156444e-05,5.933502508780191e-05,0.00017721347735105448,0.0012598622090347492,3.8836047102407355e-05,znd_T0657.14_P04.30.npz
657.142857143,4.4,1972.1438444762339,4.209182481941692e-05,5.7890345552686986e-05,0.0001712751316600033,0.0012845847884906574,3.781105738539368e-05,znd_T0657.14_P04.40.npz
657.142857143,4.5,1972.7056776104587,4.114826937339823e-05,5.6520387024568576e-05,0.00016570924826325075,0.0013093562769743812,3.7005096982290216e-05,znd_T0657.14_P04.50.npz
657.142857143,4.6,1973.253971117473,4.024934326276798e-05,5.521626600635371e-05,0.00016046506802389358,0.001334000212208227,3.623629994327579e-05,znd_T0657.14_P04.60.npz
657.142857143,4.7,1973.7893234640133,3.938845458006688e-05,5.397348604303664e-05,0.0001555091786976087,0.0013585193478247615,3.550266537696671e-05,znd_T0657.14_P04.70.npz
657.142857143,4.8,1974.3123034416637,3.856955612592017e-05,5.279220518699158e-05,0.00015082252100784418,0.0013830261315826156,3.48731753215474e-05,znd_T0657.14_P04.80.npz
657.142857143,4.9,1974.8221134419632,3.7784423854339155e-05,5.166472022005189e-05,0.00014635352896395188,0.001407297131268404,3.420102644685778e-05,znd_T0657.14_P04.90.npz
657.142857143,5.0,1975.3232198592927,3.70319648825657e-05,5.058672828890519e-05,0.0001421280626396382,0.0014314439311839738,3.3556899870258626e-05,znd_T0657.14_P05.00.npz
671.428571429,0.1,1861.8905588836874,0.0029019333314747858,0.007061515979721294,0.021746568737444082,3.9186514594418096e-05,0.00244391800270696,znd_T0671.43_P00.10.npz
671.428571429,0.2,1883.3041891427913,0.0013573770871621487,0.0035280562905344506,0.018802233789533853,7.520109269970997e-05,0.0011154502284679644,znd_T0671.43_P00.20.npz
671.428571429,0.3,1895.617833822526,0.0008505896966688798,0.002037865797277316,0.012909030978024115,0.00010981713574726224,0.0007038884364181547,znd_T0671.43_P00.30.npz
671.428571429,0.4,1904.239999798877,0.0006086153160763431,0.00133234716506595,0.008511639782608193,0.000143471745532289,0.0005116418909058327,znd_T0671.43_P00.40.npz
671.428571429,0.5,1910.85432287865,0.0004696602324439893,0.000956465086126431,0.005914684487614401,0.0001763588277761438,0.00039481336794507327,znd_T0671.43_P00.50.npz
671.428571429,0.6,1916.206828415968,0.00038035085004055314,0.0007324315425436862,0.0043558997556135196,0.00020865035824209178,0.0003236412140068495,znd_T0671.43_P00.60.npz
671.428571429,0.7,1920.692476035209,0.00031848383023385177,0.0005868349174603435,0.0033597576762062716,0.00024039295490189692,0.00027032513107932857,znd_T0671.43_P00.70.npz
671.428571429,0.8,1924.5503274437415,0.00027324760149990697,0.0004858969663241261,0.0026851258620493416,0.00027169963908346256,0.00023365985238748104,znd_T0671.43_P00.80.npz
671.428571429,0.9,1927.926718799641,0.00023884456734785583,0.00041252144618059123,0.0022050489415226288,0.0003025743580135101,0.0002053049015674242,znd_T0671.43_P00.90.npz
671.428571429,1.0,1930.929511388871,0.0002118422576250271,0.00035706317924629843,0.0018500265211560786,0.00033309110593786827,0.00018210453468360096,znd_T0671.43_P01.00.npz
671.428571429,1.1,1933.6281021637221,0.00019013569892160925,0.0003138890318403558,0.0015796109227247264,0.0003632509892317031,0.00016408698169154113,znd_T0671.43_P01.10.npz
671.428571429,1.2,1936.0775557596544,0.00017232638752703356,0.0002794481161845498,0.0013677615877184838,0.0003930839267947447,0.00014925462260408415,znd_T0671.43_P01.20.npz
671.428571429,1.3,1938.315145196643,0.00015745942633978017,0.00025143135589415967,0.0011991630907159886,0.00042261212554633553,0.00013684199822380937,znd_T0671.43_P01.30.npz
671.428571429,1.4,1940.379043974594,0.000144883142713774,0.00022823733134304968,0.001062027391673518,0.000451897473532008,0.00012480871992234728,znd_T0671.43_P01.40.npz
671.428571429,1.5,1942.2910928017125,0.00013411698241767045,0.00020875359552619384,0.0009484990342214915,0.0004809219746960337,0.00011669354784444706,znd_T0671.43_P01.50.npz
671.428571429,1.6,1944.0713390495937,0.00012479787162269124,0.00019219604327964585,0.0008541215121725471,0.0005096995069635496,0.00010837746484429113,znd_T0671.43_P01.60.npz
671.428571429,1.7,1945.7361697094761,0.00011665967462693886,0.00017795170950282198,0.0007739434577826887,0.0005382077661710346,0.00010130009586620202,znd_T0671.43_P01.70.npz
671.428571429,1.8,1947.2989953972726,0.00010949306275005829,0.00016560469381373912,0.0007057813523366295,0.0005664934376135215,9.557639052798893e-05,znd_T0671.43_P01.80.npz
671.428571429,1.9,1948.7713487694525,0.00010314369282520291,0.00015479980108293486,0.0006469202136936454,0.0005945589358968506,9.01315644121092e-05,znd_T0671.43_P01.90.npz
671.428571429,2.0,1950.1612432160696,9.747687266290735e-05,0.00014527424055464283,0.0005957712833772562,0.0006224090969343592,8.531680648224268e-05,znd_T0671.43_P02.00.npz
671.428571429,2.1,1951.480818690958,9.23867653983688e-05,0.00013681015412885452,0.0005510840858034965,0.0006500508641332883,8.100104565147604e-05,znd_T0671.43_P02.10.npz
671.428571429,2.2,1952.7330912944294,8.779807927548829e-05,0.0001292555701430486,0.0005116848881620294,0.0006774757242941011,7.674539069323965e-05,znd_T0671.43_P02.20.npz
671.428571429,2.3,1953.9254012975666,8.363873155673099e-05,0.0001224762943322321,0.0004767983021288915,0.0007046819812860258,7.378397339376388e-05,znd_T0671.43_P02.30.npz
671.428571429,2.4,1955.0629504086353,7.984984813550466e-05,0.00011635982753411587,0.0004455894683216543,0.0007317956301448184,7.040673894538969e-05,znd_T0671.43_P02.40.npz
671.428571429,2.5,1956.1504738365675,7.639177174985805e-05,0.00011081138038745876,0.00041783518437564623,0.0007586023788984474,6.761823636767816e-05,znd_T0671.43_P02.50.npz
671.428571429,2.6,1957.191776269326,7.32176637641177e-05,0.00010575742090289183,0.00039274434300594563,0.0007853651189291339,6.47850540183196e-05,znd_T0671.43_P02.60.npz
671.428571429,2.7,1958.1907777611202,7.029742327767244e-05,0.00010114038851417306,0.00037018773261429585,0.0008119466752883982,6.201782493117618e-05,znd_T0671.43_P02.70.npz
671.428571429,2.8,1959.14900841211,6.76001461906837e-05,9.691249830650086e-05,0.00034978321998986427,0.0008381622346367928,6.0120347121656804e-05,znd_T0671.43_P02.80.npz
671.428571429,2.9,1960.0721215641959,6.510304759294432e-05,9.301943472522527e-05,0.00033113829550166646,0.0008643747558224183,5.79575718665418e-05,znd_T0671.43_P02.90.npz
671.428571429,3.0,1960.9625775045147,6.278502808130284e-05,8.942496559351421e-05,0.0003141161978741154,0.0008904323750969388,5.594246352134045e-05,znd_T0671.43_P03.00.npz
671.428571429,3.1,1961.820238050076,6.062981528203425e-05,8.609791616073727e-05,0.00029864829302850943,0.0009162657542381388,5.349083387402842e-05,znd_T0671.43_P03.10.npz
671.428571429,3.2,1962.648245345156,5.8618574096724966e-05,8.301251058853335e-05,0.0002843764644790761,0.0009419440983347349,5.174465781575701e-05,znd_T0671.43_P03.20.npz
671.428571429,3.3,1963.4485651928453,5.673862376906553e-05,8.013985242171763e-05,0.0002712132083345498,0.0009675582284178805,5.079058730323785e-05,znd_T0671.43_P03.30.npz
671.428571429,3.4,1964.2229604435854,5.4977960338840526e-05,7.74667679933107e-05,0.0002590203073315178,0.0009930368608471471,4.870930751420302e-05,znd_T0671.43_P03.40.npz
671.428571429,3.5,1964.9728290195503,5.3326034372164746e-05,7.496425163879592e-05,0.0002477937007731462,0.0010183754148322722,4.777046872333317e-05,znd_T0671.43_P03.50.npz
671.428571429,3.6,1965.6983539450607,5.177176153833502e-05,7.262147458674491e-05,0.00023740214556903467,0.0010436185162637785,4.611248714160068e-05,znd_T0671.43_P03.60.npz
671.428571429,3.7,1966.404900537774,5.030998238250067e-05,7.042680399178804e-05,0.00022773396486831194,0.0010686451501996134,4.504833210140832e-05,znd_T0671.43_P03.70.npz
671.428571429,3.8,1967.089649378457,4.8929269719205634e-05,6.836158928383555e-05,0.00021870083240413903,0.0010935416459269636,4.3811993806068354e-05,znd_T0671.43_P03.80.npz
671.428571429,3.9,1967.754985491822,4.7624365784768194e-05,6.641792290265107e-05,0.0002102490727521789,0.0011182886585901464,4.2646654065599206e-05,znd_T0671.43_P03.90.npz
671.428571429,4.0,1968.4019091978053,4.638951842730372e-05,6.45859109401442e-05,0.00020244319175397016,0.0011428876702395212,4.154732383107957e-05,znd_T0671.43_P04.00.npz
671.428571429,4.1,1969.0313909526205,4.522031385989913e-05,6.285337489628836e-05,0.00019506825542712746,0.0011671985115046222,4.039499380779674e-05,znd_T0671.43_P04.10.npz
671.428571429,4.2,1969.644286592722,4.4111477697519363e-05,6.121739204021108e-05,0.00018816325792681338,0.0011915504484048753,3.9446061124514875e-05,znd_T0671.43_P04.20.npz
671.428571429,4.3,1970.2414147182433,4.305850114981193e-05,5.96677360322484e-05,0.00018165209820615455,0.0012157755303668146,3.854341736909765e-05,znd_T0671.43_P04.30.npz
671.428571429,4.4,1970.8235189452444,4.2057346848060256e-05,5.819666927047499e-05,0.00017556347184316434,0.0012398756683798453,3.7683838347043375e-05,znd_T0671.43_P04.40.npz
671.428571429,4.5,1971.391306816728,4.1104354946341665e-05,5.679967443497652e-05,0.00016979956470057362,0.0012638526714983415,3.686439028010416e-05,znd_T0671.43_P04.50.npz
671.428571429,4.6,1971.9439944479966,4.019403101492874e-05,5.547336069011025e-05,0.00016438211582880537,0.0012877222895492932,3.608590021408161e-05,znd_T0671.43_P04.60.npz
671.428571429,4.7,1972.4864774619875,3.93278407408206e-05,5.4211240487922165e-05,0.00015926610321924072,0.0013114752629269876,3.534612498331002e-05,znd_T0671.43_P04.70.npz
671.428571429,4.8,1973.0150396897563,3.85006610509981e-05,5.300750414035401e-05,0.00015443240155751706,0.0013351129148072064,3.463923150639993e-05,znd_T0671.43_P04.80.npz
671.428571429,4.9,1973.5316503480376,3.770736530930334e-05,5.185808674421125e-05,0.0001498282123372985,0.0013586351758994558,3.396292729924555e-05,znd_T0671.43_P04.90.npz
671.428571429,5.0,1974.0367972726729,3.695135677060356e-05,5.076365014173006e-05,0.00014549014995266296,0.0013821778808076112,3.338510563348755e-05,znd_T0671.43_P05.00.npz
685.714285714,0.1,1859.6742020461743,0.0029225039166257834,0.0072009153530629075,0.0218598973348486,3.766911889829604e-05,0.0024679842732108865,znd_T0685.71_P00.10.npz
685.714285714,0.2,1881.231633967134,0.001370828835738737,0.0036325905883187507,0.019100923753374986,7.232255644777442e-05,0.0011266641472816852,znd_T0685.71_P00.20.npz
685.714285714,0.3,1893.63544678598,0.0008590552775936516,0.002103649527458307,0.013270302087196246,0.0001056530188015678,0.0007124863870922363,znd_T0685.71_P00.30.npz
685.714285714,0.4,1902.3225185515532,0.0006144129786360089,0.0013740495088781191,0.008791872439047338,0.00013806606896315295,0.0005136478809913891,znd_T0685.71_P00.40.npz
685.714285714,0.5,1908.9882385977319,0.0004739331352463161,0.0009847429150077788,0.006116573099368097,0.0001697484803922906,0.0003972341955786897,znd_T0685.71_P00.50.npz
685.714285714,0.6,1914.3820964540812,0.00038366290131677875,0.0007528068312794621,0.004504781118000459,0.00020086313639221232,0.00032543644650402025,znd_T0685.71_P00.60.npz
685.714285714,0.7,1918.9067920354755,0.0003211361928714308,0.000602216271243485,0.0034739780893885395,0.00023144908417250442,0.00027168000407395125,znd_T0685.71_P00.70.npz
685.714285714,0.8,1922.7954145342349,0.00027543431244225416,0.00049801977878746,0.002774932416719708,0.0002616176654157656,0.0002340361467418525,znd_T0685.71_P00.80.npz
685.714285714,0.9,1926.2015065764097,0.0002406800457731171,0.00042226207521732083,0.0022783052088967077,0.0002913845497625605,0.0002049773055094603,znd_T0685.71_P00.90.npz
685.714285714,1.0,1929.2287232828892,0.00021341650659969182,0.0003650768581068844,0.0019109022944438952,0.0003208105862325359,0.00018248842899559924,znd_T0685.71_P01.00.npz
685.714285714,1.1,1931.9506855698603,0.00019148693799459418,0.00032062171583172847,0.001631179298187853,0.0003499067234006904,0.0001643485442483421,znd_T0685.71_P01.10.npz
685.714285714,1.2,1934.4183117243294,0.00017350821669401894,0.0002851840571315926,0.0014124265832356575,0.00037867547016867063,0.0001499928957143614,znd_T0685.71_P01.20.npz
685.714285714,1.3,1936.6788702160122,0.00015850603610129672,0.000256352724712894,0.0012376280709260042,0.00040720245875987884,0.00013664055696709678,znd_T0685.71_P01.30.npz
685.714285714,1.4,1938.7612320209078,0.00014580516624625417,0.00023251862796946294,0.0010956390655249822,0.00043541465737109394,0.000126514454234012,znd_T0685.71_P01.40.npz
685.714285714,1.5,1940.6905553772285,0.0001349294930245214,0.0002125323771678415,0.0009786163893979454,0.00046342073970161244,0.00011706078998876781,znd_T0685.71_P01.50.npz
685.714285714,1.6,1942.4869926372005,0.0001255329135363237,0.00019553692489475953,0.0008809243803314685,0.0004911490910482107,0.00010841922362159805,znd_T0685.71_P01.60.npz
685.714285714,1.7,1944.1670964007676,0.00011730996185121159,0.00018093088285537918,0.000798148887955561,0.0005186573891178675,0.00010144229111562128,znd_T0685.71_P01.70.npz
685.714285714,1.8,1945.7444632718302,0.00011008003275959131,0.00016827650136811833,0.0007275730906612246,0.0005459612661581647,9.537268322323566e-05,znd_T0685.71_P01.80.npz
685.714285714,1.9,1947.2304774218464,0.00010367565786923741,0.00015719937894544415,0.0006667306455680736,0.000573076927362294,9.055883985578378e-05,znd_T0685.71_P01.90.npz
685.714285714,2.0,1948.6347483791199,9.795143750152092e-05,0.00014744608670654095,0.0006138496768084378,0.0005999678454952695,8.566631692703196e-05,znd_T0685.71_P02.00.npz
685.714285714,2.1,1949.9654566162444,9.281596045294196e-05,0.0001387820170735322,0.0005675738432308975,0.0006266751703947413,8.111910232939159e-05,znd_T0685.71_P02.10.npz
685.714285714,2.2,1951.2296336021961,8.819262737617595e-05,0.00013105624582095292,0.000526884113809393,0.0006531675364093368,7.702094514764867e-05,znd_T0685.71_P02.20.npz
685.714285714,2.3,1952.4333448493046,8.399460735509998e-05,0.00012412038241280127,0.0004909517044634449,0.0006795041133347906,7.365125492619093e-05,znd_T0685.71_P02.30.npz
685.714285714,2.4,1953.5818856275253,8.016835940105335e-05,0.00011786462296156652,0.000458791158156196,0.0007055903444924666,7.00740826200503e-05,znd_T0685.71_P02.40.npz
685.714285714,2.5,1954.6798949489012,7.667551284408861e-05,0.0001121975608901904,0.00042999508269691406,0.0007315703451149328,6.713751943914415e-05,znd_T0685.71_P02.50.npz
685.714285714,2.6,1955.731397321382,7.347405841981085e-05,0.00010703804380238417,0.00040410092801753533,0.0007574170924420262,6.48046459727271e-05,znd_T0685.71_P02.60.npz
685.714285714,2.7,1956.7400669237195,7.052740244634003e-05,0.00010231938496073185,0.00038086613316438175,0.0007830633405134208,6.227642281440064e-05,znd_T0685.71_P02.70.npz
685.714285714,2.8,1957.7090726635652,6.780747637586509e-05,9.800394305644469e-05,0.0003597452781248978,0.0008085523969117038,5.9933834084938755e-05,znd_T0685.71_P02.80.npz
685.714285714,2.9,1958.6412997881398,6.528960716771268e-05,9.402826978667494e-05,0.00034045012116064164,0.0008338404279704135,5.7893898529832484e-05,znd_T0685.71_P02.90.npz
685.714285714,3.0,1959.539306618581,6.295336122086376e-05,9.03624227403845e-05,0.00032290164775601344,0.0008590173647256067,5.5891115839254154e-05,znd_T0685.71_P03.00.npz
685.714285714,3.1,1960.405404123262,6.07781354698553e-05,8.696746278324976e-05,0.0003069040728455027,0.000884066512363887,5.3989513987550446e-05,znd_T0685.71_P03.10.npz
685.714285714,3.2,1961.2416785133232,5.8749245730655336e-05,8.382211224053151e-05,0.00029216917851337124,0.0009089679537891376,5.221484153432149e-05,znd_T0685.71_P03.20.npz
685.714285714,3.3,1962.0485356134811,5.6854331105320524e-05,8.089382284636854e-05,0.00027853038578165763,0.0009337260011017794,5.05512167244164e-05,znd_T0685.71_P03.30.npz
685.714285714,3.4,1962.8321796271614,5.5076897950971906e-05,7.816524097095204e-05,0.00026605277452207757,0.000958338594506325,4.898642124712523e-05,znd_T0685.71_P03.40.npz
685.714285714,3.5,1963.5896849442463,5.340845215039071e-05,7.56171314920717e-05,0.00025448767511853027,0.000982802543259029,4.748612290338383e-05,znd_T0685.71_P03.50.npz
685.714285714,3.6,1964.3240014192977,5.18411040286152e-05,7.322976076137218e-05,0.00024376464154806168,0.001007118483925831,4.609647284765734e-05,znd_T0685.71_P03.60.npz
685.714285714,3.7,1965.0363890147498,5.036636357747191e-05,7.099170264695909e-05,0.0002336931387255578,0.0010311334365478034,4.519605412728452e-05,znd_T0685.71_P03.70.npz
685.714285714,3.8,1965.7281217292004,4.897527279734055e-05,6.88869681296628e-05,0.00022443652914705438,0.0010551946623481765,4.399929644818043e-05,znd_T0685.71_P03.80.npz
685.714285714,3.9,1966.3987203051568,4.765989717134913e-05,6.690906985547644e-05,0.00021572598248543673,0.0010792539450550048,4.2423606454349945e-05,znd_T0685.71_P03.90.npz
685.714285714,4.0,1967.053826512535,4.6413478173370614e-05,6.504037667881992e-05,0.00020764762969248797,0.0011030838688789496,4.1365629316081696e-05,znd_T0685.71_P04.00.npz
685.714285714,4.1,1967.6882752489742,4.523358829038672e-05,6.327933389071074e-05,0.00020003930127301744,0.0011267934233906462,4.036222086438546e-05,znd_T0685.71_P04.10.npz
685.714285714,4.2,1968.309054599843,4.411415079561484e-05,6.161332650529635e-05,0.0001928928336601555,0.001150378593293021,3.9408374460716645e-05,znd_T0685.71_P04.20.npz
685.714285714,4.3,1968.9123875637629,4.3051367853959714e-05,6.003307158984978e-05,0.00018622084697264264,0.00117373904768968,3.8443041171066256e-05,znd_T0685.71_P04.30.npz
685.714285714,4.4,1969.5005632593004,4.204096201069983e-05,5.853793231997506e-05,0.00017990909374112626,0.00119708238645675,3.757817405836451e-05,znd_T0685.71_P04.40.npz
685.714285714,4.5,1970.0742841062877,4.107917352697128e-05,5.7116942231674845e-05,0.0001740085845891306,0.001220309358118212,3.675361523734228e-05,znd_T0685.71_P04.50.npz
685.714285714,4.6,1970.6342294336748,4.016263813568823e-05,5.576492478573509e-05,0.00016841794806145378,0.0012434216180020972,3.596668096637481e-05,znd_T0685.71_P04.60.npz
685.714285714,4.7,1971.18095701657,3.928830662121773e-05,5.448056696721941e-05,0.00016311518993784562,0.001266420834683064,3.5214930715181436e-05,znd_T0685.71_P04.70.npz
685.714285714,4.8,1971.7150971224946,3.845338203737664e-05,5.3257064706784915e-05,0.00015813104875220344,0.0012893084904811434,3.449611523788126e-05,znd_T0685.71_P04.80.npz
685.714285714,4.9,1972.2371684490647,3.765313547704817e-05,5.208914507882697e-05,0.0001534010492741047,0.0013120984282468137,3.381087723451272e-05,znd_T0685.71_P04.90.npz
685.714285714,5.0,1972.747677607282,3.688973741798847e-05,5.097418010264386e-05,0.0001489051938612063,0.001334788792790252,3.315896875136229e-05,znd_T0685.71_P05.00.npz
700.0,0.1,1857.4569045575138,0.002942097642888106,0.007339694994443161,0.021971367058553636,3.623226179346676e-05,0.002467213922847873,znd_T0700.00_P00.10.npz
700.0,0.2,1879.1590933009566,0.0013841684597157725,0.0037386561959544943,0.01939035396722086,6.958033964315608e-05,0.0011346448958658782,znd_T0700.00_P00.20.npz
700.0,0.3,1891.6504361784541,0.0008675049818874093,0.002171166183573845,0.013629341014397105,0.00010167955691960964,0.0007175908035990937,znd_T0700.00_P00.30.npz
700.0,0.4,1900.4037103363603,0.0006202013688796281,0.0014169816836742894,0.009074456799518196,0.00013291263100215572,0.0005169878743875045,znd_T0700.00_P00.40.npz
700.0,0.5,1907.1207126829643,0.000478180817509861,0.0010140640166938005,0.006321233300659422,0.00016344823667512406,0.00039947073959865827,znd_T0700.00_P00.50.npz
700.0,0.6,1912.5584709648708,0.00038695125285200834,0.0007737812759561203,0.004655619142682398,0.00019344074928139457,0.0003261582543342644,znd_T0700.00_P00.60.npz
700.0,0.7,1917.118312438308,0.00032377956294966107,0.0006180968742912431,0.003589656282082548,0.00022293065958440162,0.00027324972346912,znd_T0700.00_P00.70.npz
700.0,0.8,1921.038844732547,0.00027760856099179104,0.0005104391391310238,0.0028667329805277916,0.0002520313220300435,0.00023640116827554973,znd_T0700.00_P00.80.npz
700.0,0.9,1924.4733340663008,0.00024251293086259521,0.00043227038195578894,0.002352650703166649,0.00028072601759614684,0.00020788593370007108,znd_T0700.00_P00.90.npz
700.0,1.0,1927.526159126918,0.00021497360838730118,0.0003733339461004881,0.001973265021820782,0.00030911127309352933,0.00018358756581634083,znd_T0700.00_P01.00.npz
700.0,1.1,1930.271445343539,0.00019283328768141523,0.00032754304988446745,0.0016833752306449695,0.0003371769702263269,0.00016542591399725196,znd_T0700.00_P01.10.npz
700.0,1.2,1932.7603119012406,0.00017468464367366082,0.0002910775414207095,0.001457427835624985,0.0003649507971270951,0.00015000425802143264,znd_T0700.00_P01.20.npz
700.0,1.3,1935.0406685671555,0.00015953543471274056,0.00026145146387630136,0.0012769950596155822,0.00039244056528925527,0.00013691586441439194,znd_T0700.00_P01.30.npz
700.0,1.4,1937.1414481665722,0.00014672653348698396,0.00023695363799997225,0.0011301756971516038,0.0004197069203981908,0.00012657592871106216,znd_T0700.00_P01.40.npz
700.0,1.5,1939.087974959272,0.00013575074904554536,0.00021641298227451154,0.0010091987947300587,0.0004467187688643991,0.00011729851622386177,znd_T0700.00_P01.50.npz
700.0,1.6,1940.9006117124475,0.0001262603868339719,0.0001989778107005815,0.0009078759483069619,0.00047346439106014346,0.00010982063984441267,znd_T0700.00_P01.60.npz
700.0,1.7,1942.595961672172,0.00011797187246403706,0.0001840096170995377,0.0008227294430178959,0.0005000567270516444,0.00010198729206784476,znd_T0700.00_P01.70.npz
700.0,1.8,1944.1877542942823,0.0001106820529252747,0.0001710303267508233,0.0007496545978521198,0.0005264075951117837,9.645832735322783e-05,znd_T0700.00_P01.80.npz
700.0,1.9,1945.687461610117,0.00010421188361116343,0.00015968115512128111,0.0006867552741246014,0.0005525477022865384,9.105379815545084e-05,znd_T0700.00_P01.90.npz
700.0,2.0,1947.1047602787687,9.843929618819124e-05,0.00014969511851430195,0.0006323227698733326,0.000578550652744526,8.595154721921333e-05,znd_T0700.00_P02.00.npz
700.0,2.1,1948.447895557913,9.32552358226973e-05,0.00014082340405767563,0.0005844114882549836,0.0006043444177702185,8.14598710978287e-05,znd_T0700.00_P02.10.npz
700.0,2.2,1949.7239502398309,8.85857792135773e-05,0.00013292354499567176,0.0005422981313396413,0.0006299398265583424,7.757491375309952e-05,znd_T0700.00_P02.20.npz
700.0,2.3,1950.9374612657296,8.435538186941704e-05,0.0001258290489703274,0.0005052475269338749,0.00065536434768096,7.401437638687838e-05,znd_T0700.00_P02.30.npz
700.0,2.4,1952.0984944487077,8.050212739369467e-05,0.00011942878556426232,0.0004720904474373846,0.0006806374225932936,7.038465955718535e-05,znd_T0700.00_P02.40.npz
700.0,2.5,1953.2069794552356,7.69818032564855e-05,0.00011363466906601859,0.00044227953193100305,0.0007057369116413465,6.739182880745942e-05,znd_T0700.00_P02.50.npz
700.0,2.6,1954.2686559108577,7.375118988627911e-05,0.00010836419936812555,0.0004157127323172031,0.0007306749281041913,6.463501917882925e-05,znd_T0700.00_P02.60.npz
700.0,2.7,1955.2869368652484,7.077728921896359e-05,0.00010355107232543602,0.00039172770054857843,0.0007554562026343704,6.209175074383053e-05,znd_T0700.00_P02.70.npz
700.0,2.8,1956.265422654404,6.803319161527575e-05,9.914053052257662e-05,0.0003697974157286155,0.0007801241658181785,5.990449038919108e-05,znd_T0700.00_P02.80.npz
700.0,2.9,1957.206724203496,6.549306647572291e-05,9.508277906795591e-05,0.0003500074773809032,0.0008046118865745207,5.770390698535191e-05,znd_T0700.00_P02.90.npz
700.0,3.0,1958.1135315592574,6.313522624029226e-05,9.133676277618169e-05,0.00033188153777695374,0.0008289524673983506,5.566085617873652e-05,znd_T0700.00_P03.00.npz
700.0,3.1,1958.9881633315797,6.094140240738061e-05,8.787955914845813e-05,0.00031535101305948726,0.0008530341044719474,5.418788521798834e-05,znd_T0700.00_P03.10.npz
700.0,3.2,1959.8326786104847,5.889391948572854e-05,8.466649183895608e-05,0.0003001576353906733,0.0008771865424840066,5.195663663890174e-05,znd_T0700.00_P03.20.npz
700.0,3.3,1960.6490686260533,5.6978475239014254e-05,8.168271978835616e-05,0.00028610131750149675,0.0009011671874213494,5.042530466776376e-05,znd_T0700.00_P03.30.npz
700.0,3.4,1961.4389824230195,5.518707623970777e-05,7.890220843289284e-05,0.0002731934273416526,0.0009249775471952551,4.891183009676323e-05,znd_T0700.00_P03.40.npz
700.0,3.5,1962.2040583101702,5.3507491398929124e-05,7.630229331485853e-05,0.000261263832270185,0.0009485383292568995,4.77666875991667e-05,znd_T0700.00_P03.50.npz
700.0,3.6,1962.9457199158385,5.1926521144821827e-05,7.387242309983281e-05,0.00025015964146916215,0.0009720726071354351,4.641806501472899e-05,znd_T0700.00_P03.60.npz
700.0,3.7,1963.6652961217019,5.043819792975002e-05,7.158927818882321e-05,0.00023983168741305663,0.0009954840699706784,4.514526863473562e-05,znd_T0700.00_P03.70.npz
700.0,3.8,1964.3640181863047,4.90342361410846e-05,6.944857465536297e-05,0.00023022678965918747,0.0010187664110282908,4.346698425111634e-05,znd_T0700.00_P03.80.npz
700.0,3.9,1965.0429534697644,4.770855089149463e-05,6.743314749589853e-05,0.00022131832505060684,0.0010419608013837022,4.2345063745141905e-05,znd_T0700.00_P03.90.npz
700.0,4.0,1965.701533381238,4.645498249114842e-05,6.553043010768989e-05,0.00021294093744459906,0.001065038004015407,4.128224389244865e-05,znd_T0700.00_P04.00.npz
700.0,4.1,1966.345668634721,4.526423791892799e-05,6.373753270991464e-05,0.0002050833150896773,0.0010879953455169267,4.0273232096438455e-05,znd_T0700.00_P04.10.npz
700.0,4.2,1966.9712348746873,4.413481715286256e-05,6.203854780486e-05,0.00019775927639895308,0.0011108394234056265,3.931483572695837e-05,znd_T0700.00_P04.20.npz
700.0,4.3,1967.580766527918,4.306240658960867e-05,6.043456832223937e-05,0.00019085344927520888,0.0011335704522640888,3.840313754984651e-05,znd_T0700.00_P04.30.npz
700.0,4.4,1968.17500103502,4.2042875966505943e-05,5.891175776571257e-05,0.00018439406455623346,0.0011561902067447952,3.753485328568931e-05,znd_T0700.00_P04.40.npz
700.0,4.5,1968.754523356698,4.1072835647853326e-05,5.746617273815101e-05,0.00017827916126680058,0.0011788447546082596,3.682958491376977e-05,znd_T0700.00_P04.50.npz
700.0,4.6,1969.320375093702,4.014751127958951e-05,5.608979208463819e-05,0.00017251053619384493,0.0012012507560980848,3.604489713230898e-05,znd_T0700.00_P04.60.npz
700.0,4.7,1969.8711290071392,3.9265476572161506e-05,5.478300880742664e-05,0.0001670636713078744,0.0012235520061022137,3.5295451571446374e-05,znd_T0700.00_P04.70.npz
700.0,4.8,1970.4125062070525,3.842286154852887e-05,5.3538354189548155e-05,0.0001618865816939363,0.0012457446485981667,3.457823075648335e-05,znd_T0700.00_P04.80.npz
700.0,4.9,1970.9400293360186,3.761782910838916e-05,5.235041310108318e-05,0.0001570276808102424,0.0012678355581511563,3.389187804765019e-05,znd_T0700.00_P04.90.npz
700.0,5.0,1971.455885177517,3.684715560099838e-05,5.1215258270268816e-05,0.0001524206911647037,0.001289824453388336,3.323423875870561e-05,znd_T0700.00_P05.00.npz
714.285714286,0.1,1855.2384428516887,0.002960862926121036,0.007478150922868363,0.022081331369511594,3.486253175400553e-05,0.002472781251964135,znd_T0714.29_P00.10.npz
714.285714286,0.2,1877.0867754046458,0.0013974091981052228,0.003846000946591714,0.019670842095914923,6.697639791922935e-05,0.0011295101591830645,znd_T0714.29_P00.20.npz
714.285714286,0.3,1889.6653240830124,0.0008759309787387594,0.0022401715735397764,0.013985876594550486,9.790182509077925e-05,0.00071488147420138,znd_T0714.29_P00.30.npz
714.285714286,0.4,1898.4819136402134,0.0006259787827129636,0.0014615252543742905,0.009359153954072144,0.00012799988847304932,0.0005200239797638682,znd_T0714.29_P00.40.npz
714.285714286,0.5,1905.2516579682256,0.00048241938070328556,0.0010439377964010955,0.00652825653295629,0.00015744777030040578,0.00040401239722925473,znd_T0714.29_P00.50.npz
714.285714286,0.6,1910.7319199920148,0.0003902350573890219,0.0007953777581435806,0.004808925488784347,0.00018634022750427858,0.00032633276738188057,znd_T0714.29_P00.60.npz
714.285714286,0.7,1915.3281640519626,0.0003264057120947507,0.0006344613619914836,0.0037068803191313243,0.00021481227228605112,0.000275177393882723,znd_T0714.29_P00.70.npz
714.285714286,0.8,1919.280522144,0.0002797826372840649,0.0005232200051267162,0.002959892741717128,0.0002428479507684437,0.00023609051079607912,znd_T0714.29_P00.80.npz
714.285714286,0.9,1922.7417579270877,0.0002443404949010077,0.00044258401515914904,0.002428453110765573,0.0002705727367894206,0.00020797096660355707,znd_T0714.29_P00.90.npz
714.285714286,1.0,1925.82176412404,0.0002165356950219969,0.0003818279145991388,0.0020355609970914975,0.00029793523210386845,0.00018553904556204467,znd_T0714.29_P01.00.npz
714.285714286,1.1,1928.586774841876,0.00019419328183979383,0.0003346994940958378,0.0017365126456884994,0.0003250194892700292,0.00016574298924515246,znd_T0714.29_P01.10.npz
714.285714286,1.2,1931.1003734900607,0.00017586404059473793,0.0002971606386949374,0.001502810891881548,0.0003518306706836043,0.00015096649144382836,znd_T0714.29_P01.20.npz
714.285714286,1.3,1933.4004838425321,0.00016057923234373997,0.0002666867800199723,0.001316563223174908,0.00037837008316831067,0.00013762007797076494,znd_T0714.29_P01.30.npz
714.285714286,1.4,1935.517993498455,0.00014764719773729482,0.0002415291957065083,0.0011650442949220604,0.0004046825822657338,0.00012689220710483066,znd_T0714.29_P01.40.npz
714.285714286,1.5,1937.4833590219214,0.0001365765150682769,0.00022043539226839742,0.001040063728705733,0.00043076439899654217,0.0001176593972919695,znd_T0714.29_P01.50.npz
714.285714286,1.6,1939.3121397223772,0.00012699784688567495,0.00020253303666272995,0.000935748993967983,0.0004566003617917177,0.00011020103586004673,znd_T0714.29_P01.60.npz
714.285714286,1.7,1941.0227101776195,0.00011863960776055049,0.00018717604172525227,0.00084723201763639,0.0004822841602341216,0.00010258659010057325,znd_T0714.29_P01.70.npz
714.285714286,1.8,1942.6272241550705,0.00011127701233869911,0.00017387093436389584,0.0007721777515438676,0.0005076958729526339,9.598153422609269e-05,znd_T0714.29_P01.80.npz
714.285714286,1.9,1944.1422727928243,0.00010475825136721022,0.00016223839789532955,0.0007071947217471133,0.0005329932750279345,9.065926879858743e-05,znd_T0714.29_P01.90.npz
714.285714286,2.0,1945.5725744548567,9.892949163655157e-05,0.00015201034130046944,0.0006508811994065623,0.0005580964860981694,8.587770462435596e-05,znd_T0714.29_P02.00.npz
714.285714286,2.1,1946.9264127657466,9.370571169789441e-05,0.0001429335121079912,0.000601584996637401,0.000582929319290459,8.210814442863044e-05,znd_T0714.29_P02.10.npz
714.285714286,2.2,1948.2160171388305,8.899373419134229e-05,0.00013484975743836088,0.000558056333759928,0.0006076894692871069,7.802701823245174e-05,znd_T0714.29_P02.20.npz
714.285714286,2.3,1949.4424619575932,8.472247031064085e-05,0.00012758787244608364,0.0005196865532767672,0.0006322664175786491,7.438201629584669e-05,znd_T0714.29_P02.30.npz
714.285714286,2.4,1950.6128144232728,8.083518280257967e-05,0.00012105695655519236,0.00048561932730576833,0.0006566892755209261,7.105001002492356e-05,znd_T0714.29_P02.40.npz
714.285714286,2.5,1951.7317716959637,7.728324522793271e-05,0.00011513053285914497,0.0004549407221688424,0.0006809600044279572,6.799825100946584e-05,znd_T0714.29_P02.50.npz
714.285714286,2.6,1952.8034803947362,7.402868019155083e-05,0.00010974374800844985,0.0004273358643804673,0.0007050617140147667,6.461739237544346e-05,znd_T0714.29_P02.60.npz
714.285714286,2.7,1953.8316051390282,7.103110117912463e-05,0.00010482305321900644,0.0004025396804530296,0.0007290041601212655,6.204536639048065e-05,znd_T0714.29_P02.70.npz
714.285714286,2.8,1954.8194006335107,6.826423142738066e-05,0.00010032261541531255,0.0003800627151056861,0.0007528002153742978,5.967134398506277e-05,znd_T0714.29_P02.80.npz
714.285714286,2.9,1955.7697816786279,6.570590137380803e-05,9.618169670182943e-05,0.0003595890123833471,0.0007766102706061996,5.7935103583119695e-05,znd_T0714.29_P02.90.npz
714.285714286,3.0,1956.6853531580905,6.332588758107524e-05,9.235931955881981e-05,0.0003409373638949492,0.0008000983329220123,5.559769018138246e-05,znd_T0714.29_P03.00.npz
714.285714286,3.1,1957.568468703336,6.111673223449015e-05,8.883070584239205e-05,0.00032391036029243657,0.0008235298818571958,5.374814089284279e-05,znd_T0714.29_P03.10.npz
714.285714286,3.2,1958.4212687461659,5.905115747899956e-05,8.55526950960191e-05,0.0003082424792280745,0.0008468294415041112,5.201941144527198e-05,znd_T0714.29_P03.20.npz
714.285714286,3.3,1959.24561835028,5.712060674823235e-05,8.25127714626064e-05,0.00029372103645352644,0.0008699999155922937,5.0399835246070844e-05,znd_T0714.29_P03.30.npz
714.285714286,3.4,1960.043323242687,5.5313343912391204e-05,7.967344506743387e-05,0.0002804444016538732,0.0008930442101040142,4.887953418309646e-05,znd_T0714.29_P03.40.npz
714.285714286,3.5,1960.8159530226058,5.3623120040320326e-05,7.702748265626366e-05,0.00026814757956925814,0.0009159218608288601,4.772015955149382e-05,znd_T0714.29_P03.50.npz
714.285714286,3.6,1961.5649867823631,5.202736080037878e-05,7.4550740976393e-05,0.0002566773934134717,0.000938700339581833,4.63705344979977e-05,znd_T0714.29_P03.60.npz
714.285714286,3.7,1962.2899326365964,5.052562765164304e-05,7.222416377337512e-05,0.0002461118018612354,0.0009613617404696771,4.5097819122603566e-05,znd_T0714.29_P03.70.npz
714.285714286,3.8,1962.9973819116499,4.9107295263235705e-05,7.004438147080261e-05,0.0002361998850738187,0.0009839474394123112,4.385702235885932e-05,znd_T0714.29_P03.80.npz
714.285714286,3.9,1963.6831366977533,4.776976725341619e-05,6.799025649468381e-05,0.00022692628239637233,0.0010063756216559718,4.272524595123498e-05,znd_T0714.29_P03.90.npz
714.285714286,4.0,1964.349984293831,4.650479576385869e-05,6.605294740361923e-05,0.00021834760776037493,0.00102869037098269,4.165302878737576e-05,znd_T0714.29_P04.00.npz
714.285714286,4.1,1964.9989657508665,4.530675350586654e-05,6.422799878016428e-05,0.0002102983918111188,0.0010508936196990193,4.0635832528002686e-05,znd_T0714.29_P04.10.npz
714.285714286,4.2,1965.6308630254232,4.4170627963110045e-05,6.249912721308849e-05,0.00020269404289367156,0.001072987401145441,3.966959307637338e-05,znd_T0714.29_P04.20.npz
714.285714286,4.3,1966.2447845437139,4.309120336986808e-05,6.0865278400414146e-05,0.000195583471039286,0.0010949912550231593,3.832311613726887e-05,znd_T0714.29_P04.30.npz
714.285714286,4.4,1966.846851201236,4.206185816072366e-05,5.931578578689308e-05,0.00018891779254245948,0.001116919490479517,3.745782351790139e-05,znd_T0714.29_P04.40.npz
714.285714286,4.5,1967.4324212241595,4.1084296430065846e-05,5.78419882001041e-05,0.00018258279685587657,0.0011388597664653169,3.6714853025578736e-05,znd_T0714.29_P04.50.npz
714.285714286,4.6,1968.003940223278,4.015029593783286e-05,5.6446902942221496e-05,0.00017666660264028727,0.0011605766504343125,3.592601010619605e-05,znd_T0714.29_P04.60.npz
714.285714286,4.7,1968.5620337765517,3.925997863200067e-05,5.5116030101062334e-05,0.00017107620122935223,0.0011821925982686912,3.517238822141787e-05,znd_T0714.29_P04.70.npz
714.285714286,4.8,1969.1072945544518,3.840994848436675e-05,5.384834590440882e-05,0.00016575294416273413,0.001203709079988998,3.445169845495867e-05,znd_T0714.29_P04.80.npz
714.285714286,4.9,1969.6402638140069,3.759759509097283e-05,5.263891082397961e-05,0.0001607204415900957,0.001225127532019351,3.376184362297429e-05,znd_T0714.29_P04.90.npz
714.285714286,5.0,1970.1614569054684,3.6820524481573e-05,5.1487433094632616e-05,0.0001559836191320789,0.001246449339204338,3.310089849810172e-05,znd_T0714.29_P05.00.npz
728.571428571,0.1,1853.0185977787403,0.0029787148020190357,0.007616041666003443,0.022189983320147325,3.3561322044924514e-05,0.0024913611497974276,znd_T0728.57_P00.10.npz
728.571428571,0.2,1875.0116721100544,0.001410583207990273,0.003955069564885628,0.019942887186752984,6.448957214931264e-05,0.0011325560193344154,znd_T0728.57_P00.20.npz
728.571428571,0.3,1887.6804070535616,0.0008843498027064176,0.002310937732630213,0.0143396970687197,9.430037341376972e-05,0.0007190645682913888,znd_T0728.57_P00.30.npz
728.571428571,0.4,1896.5615923261669,0.0006317434341994504,0.0015065793043288137,0.009645903002002099,0.00012331122331404632,0.0005232336675542707,znd_T0728.57_P00.40.npz
728.571428571,0.5,1903.380968193458,0.0004866658879128784,0.0010750293237658352,0.0067378321120121236,0.00015170314484321936,0.00040723890041285054,znd_T0728.57_P00.50.npz
728.571428571,0.6,1908.9035307459822,0.0003935082820654655,0.0008176978646884945,0.004964160153673112,0.00017960001743922438,0.0003309291459081995,znd_T0728.57_P00.60.npz
728.571428571,0.7,1913.5362012483165,0.00032903205808467253,0.0006513372869518229,0.0038260568225312714,0.00020705595162861344,0.00027794494291632897,znd_T0728.57_P00.70.npz
728.571428571,0.8,1917.5203878583557,0.0002819490514485894,0.0005364321065112628,0.003054189636720088,0.0002341188752153602,0.00023959037890492176,znd_T0728.57_P00.80.npz
728.571428571,0.9,1921.0115560441486,0.000246155328284999,0.0004532237096920184,0.00250525914026706,0.00026084517585303277,0.00021000389955761728,znd_T0728.57_P00.90.npz
728.571428571,1.0,1924.1154139094758,0.00021809576980457535,0.000390603566894606,0.002099479554509206,0.0002872627384657644,0.00018666708037930828,znd_T0728.57_P01.00.npz
728.571428571,1.1,1926.9038451338251,0.0001955448404907439,0.00034203129563773984,0.0017910411748599951,0.00031341653391417834,0.00016746728286794435,znd_T0728.57_P01.10.npz
728.571428571,1.2,1929.438445888424,0.00017704416950402145,0.00030339886403171377,0.0015495380012594082,0.0003392873889794062,0.0001520842138037328,znd_T0728.57_P01.20.npz
728.571428571,1.3,1931.7582600554126,0.0001616177097953341,0.00027208267811172307,0.0013570636169183102,0.0003649309388541521,0.00013835130973674116,znd_T0728.57_P01.30.npz
728.571428571,1.4,1933.8957702905325,0.0001485685854502017,0.00024622753384670714,0.0012000878050072992,0.0003903387799424834,0.00012767299609523966,znd_T0728.57_P01.40.npz
728.571428571,1.5,1935.8766453960159,0.00013740363164626115,0.00022457041686297315,0.0010713090958802045,0.000415515545269085,0.00011799371470733659,znd_T0728.57_P01.50.npz
728.571428571,1.6,1937.72146489291,0.0001277427946526312,0.0002061974599869428,0.000963753919753271,0.0004405055741540108,0.00011014270348051737,znd_T0728.57_P01.60.npz
728.571428571,1.7,1939.4473017227513,0.00011930143785048149,0.00019044429009858088,0.0008723595855449447,0.0004652833292413534,0.00010327583913184398,znd_T0728.57_P01.70.npz
728.571428571,1.8,1941.0678855960443,0.00011188062457982779,0.00017679495757627598,0.0007948360167649532,0.000489887902134443,9.68139568738748e-05,znd_T0728.57_P01.80.npz
728.571428571,1.9,1942.5948778884203,0.00010530152337381345,0.00016488087942034905,0.0007276945884535916,0.0005142658072376643,9.086342661505334e-05,znd_T0728.57_P01.90.npz
728.571428571,2.0,1944.0381540375333,9.942740527954793e-05,0.000154405662398953,0.0006696019430999892,0.0005385475449547286,8.634205379228803e-05,znd_T0728.57_P02.00.npz
728.571428571,2.1,1945.4061112137329,9.416021737494792e-05,0.00014511461342446133,0.000618966851837202,0.0005626243478134698,8.188734313881666e-05,znd_T0728.57_P02.10.npz
728.571428571,2.2,1946.7058138000543,8.940959664586681e-05,0.00013684023865738652,0.0005742526763734626,0.0005865401995985344,7.785111027039313e-05,znd_T0728.57_P02.20.npz
728.571428571,2.3,1947.94358682746,8.510455612682693e-05,0.00012941723184017913,0.0005346045991899902,0.0006102997705695215,7.418666396606431e-05,znd_T0728.57_P02.30.npz
728.571428571,2.4,1949.1248193410179,8.118253623490652e-05,0.0001227319636788929,0.0004993076633879292,0.0006338609749252411,7.117904292054233e-05,znd_T0728.57_P02.40.npz
728.571428571,2.5,1950.2542328358627,7.760252181301831e-05,0.00011667496592898716,0.0004676797217456514,0.0006573330806929749,6.809237869718e-05,znd_T0728.57_P02.50.npz
728.571428571,2.6,1951.335988798305,7.43228687934405e-05,0.00011117228512990592,0.00043928103235734816,0.0006806614593949995,6.52513091578102e-05,znd_T0728.57_P02.60.npz
728.571428571,2.7,1952.3738349422151,7.129791978593998e-05,0.00010615157488524314,0.0004136604321753835,0.000703823001723919,6.273063762393193e-05,znd_T0728.57_P02.70.npz
728.571428571,2.8,1953.3709986923545,6.850557478538449e-05,0.00010154796200335685,0.0003905647692958092,0.0007268446695024744,6.039933803172506e-05,znd_T0728.57_P02.80.npz
728.571428571,2.9,1954.330427533603,6.592250496898379e-05,9.732419121065384e-05,0.0003693922922313785,0.0007497302455410512,5.8236799938711425e-05,znd_T0728.57_P02.90.npz
728.571428571,3.0,1955.2547682699887,6.35264512533492e-05,9.342275040604878e-05,0.000350163670491852,0.0007724945577576978,5.559613078543222e-05,znd_T0728.57_P03.00.npz
728.571428571,3.1,1956.1463702356941,6.129816353290203e-05,8.98236498950099e-05,0.0003325896336430238,0.0007951705065547467,5.3739032803893196e-05,znd_T0728.57_P03.10.npz
728.571428571,3.2,1957.007414296463,5.921696960621829e-05,8.648389038063616e-05,0.0003163496080268384,0.0008177861666354741,5.234702254274841e-05,znd_T0728.57_P03.20.npz
728.571428571,3.3,1957.8397368470655,5.727436450615637e-05,8.337683733688433e-05,0.0003015440839420309,0.0008402004032155152,5.068780156029362e-05,znd_T0728.57_P03.30.npz
728.571428571,3.4,1958.645199320673,5.545534195022757e-05,8.048713474501001e-05,0.0002877516291816919,0.0008624959741810913,4.9134532350545476e-05,znd_T0728.57_P03.40.npz
728.571428571,3.5,1959.4253740406637,5.37449858374688e-05,7.778732205083875e-05,0.00027513064214279006,0.0008846966485822433,4.761010375504372e-05,znd_T0728.57_P03.50.npz
728.571428571,3.6,1960.1817474941297,5.214066843706327e-05,7.526092475982234e-05,0.00026331590326086896,0.0009067596811479107,4.6260027229791285e-05,znd_T0728.57_P03.60.npz
728.571428571,3.7,1960.9156120728603,5.062556998029376e-05,7.289570105652085e-05,0.00025239203680067426,0.0009287084917109616,4.498881378316411e-05,znd_T0728.57_P03.70.npz
728.571428571,3.8,1961.6282543161801,4.9196771140442356e-05,7.067023848238523e-05,0.00024223500437616034,0.0009505464903482424,4.378625995675974e-05,znd_T0728.57_P03.80.npz
728.571428571,3.9,1962.3208161360976,4.78474978452523e-05,6.858013845587056e-05,0.000232710997781665,0.000972275103079984,4.264871074444686e-05,znd_T0728.57_P03.90.npz
728.571428571,4.0,1962.9942897929814,4.657144297419355e-05,6.661018427885173e-05,0.0002238099765259021,0.0009938963050417837,4.157111012275147e-05,znd_T0728.57_P04.00.npz
728.571428571,4.1,1963.6497330068987,4.536293309546763e-05,6.474787692134187e-05,0.00021554176793459515,0.0010154118769971144,4.05488852347424e-05,znd_T0728.57_P04.10.npz
728.571428571,4.2,1964.2879367689502,4.421689007203676e-05,6.299086691549254e-05,0.0002077473475138725,0.0010368237044764911,3.9577940960601074e-05,znd_T0728.57_P04.20.npz
728.571428571,4.3,1964.9098264178183,4.312866356241734e-05,6.132769344594757e-05,0.00020038864156335628,0.0010581334257273277,3.8654543872934034e-05,znd_T0728.57_P04.30.npz
728.571428571,4.4,1965.516142635147,4.209409560079463e-05,5.974901448314354e-05,0.00019352455163518188,0.0010793427442208486,3.777532826948086e-05,znd_T0728.57_P04.40.npz
728.571428571,4.5,1966.1076343881948,4.110610720560766e-05,5.825348285168846e-05,0.00018705754777928005,0.001100498169429992,3.660976599243394e-05,znd_T0728.57_P04.50.npz
728.571428571,4.6,1966.684935489215,4.01688027174598e-05,5.6829931606659384e-05,0.00018089087970592492,0.0011215495205144836,3.581735427518552e-05,znd_T0728.57_P04.60.npz
728.571428571,4.7,1967.2486928529436,3.92711065360553e-05,5.5474820284640056e-05,0.00017514875455535475,0.0011425052989415768,3.506037536121574e-05,znd_T0728.57_P04.70.npz
728.571428571,4.8,1967.799498424762,3.841353503263613e-05,5.418809229436605e-05,0.0001696948374529566,0.001163366873795813,3.433652554912762e-05,znd_T0728.57_P04.80.npz
728.571428571,4.9,1968.337851643363,3.759400888095164e-05,5.295987668331109e-05,0.0001645065426962959,0.0011841342075070728,3.364258235982689e-05,znd_T0728.57_P04.90.npz
728.571428571,5.0,1968.8644275663694,3.6810053649913805e-05,5.178636900975547e-05,0.0001596005977755966,0.0012048113912118848,3.297887715621645e-05,znd_T0728.57_P05.00.npz
742.857142857,0.1,1850.7971517880583,0.002995755387153503,0.0077534350835721496,0.02229752782578692,3.2321203937299554e-05,0.002490149693196117,znd_T0742.86_P00.10.npz
742.857142857,0.2,1872.9331695517428,0.0014237001700441,0.004065586418136898,0.0202067772862677,6.212997229472318e-05,0.0011412421487883811,znd_T0742.86_P00.20.npz
742.857142857,0.3,1885.6921863898583,0.0008927821130987233,0.0023832892245329897,0.014690587121420372,9.085918799079435e-05,0.0007271074376175025,znd_T0742.86_P00.30.npz
742.857142857,0.4,1894.6380022668552,0.0006375204139118626,0.0015537433696070082,0.009934384450746073,0.0001188402137800605,0.0005256876553666827,znd_T0742.86_P00.40.npz
742.857142857,0.5,1901.5066128775493,0.0004908980990856306,0.0011066261809711444,0.006949776847659194,0.0001462243006253039,0.0004044816432352147,znd_T0742.86_P00.50.npz
742.857142857,0.6,1907.0735271742112,0.0003967793481681129,0.0008405642350900686,0.005121788573729493,0.00017315045797514222,0.0003322478012124226,znd_T0742.86_P00.60.npz
742.857142857,0.7,1911.7423736489814,0.0003316565755777015,0.0006685712926856157,0.003946778815077487,0.00019964918072655897,0.00027861429327224996,znd_T0742.86_P00.70.npz
742.857142857,0.8,1915.7582961709654,0.00028410842667156314,0.0005500062600125367,0.003149392188802714,0.0002257803298669653,0.00023964474143369817,znd_T0742.86_P00.80.npz
742.857142857,0.9,1919.277713749224,0.00024797796524573114,0.0004641651155680127,0.0025829770285160218,0.00025158601932470084,0.00020998003675251818,znd_T0742.86_P00.90.npz
742.857142857,1.0,1922.4070720161828,0.00021965017738343975,0.00039960876070625236,0.0021644032502457855,0.00027707171201275034,0.0001875917219375503,znd_T0742.86_P01.00.npz
742.857142857,1.1,1925.2184678584592,0.0001968894461572075,0.00034960134700935577,0.0018453843229113234,0.0003023295274814406,0.00016822358804861106,znd_T0742.86_P01.10.npz
742.857142857,1.2,1927.7744059389013,0.00017822873117764876,0.0003098574556667407,0.0015960292032224585,0.00032730404055038845,0.00015292375887184922,znd_T0742.86_P01.20.npz
742.857142857,1.3,1930.1139300451357,0.00016266084700822573,0.000277636433261364,0.001397538130955494,0.00035208362628977736,0.00013941000472213037,znd_T0742.86_P01.30.npz
742.857142857,1.4,1932.269722933898,0.00014950674914681857,0.000251051262784716,0.0012361839246359237,0.000376603866816593,0.00012872219088585205,znd_T0742.86_P01.40.npz
742.857142857,1.5,1934.2658201597699,0.00013823625192480932,0.0002288121047689111,0.001103244171742201,0.0004009391115218251,0.00011834723547038144,znd_T0742.86_P01.50.npz
742.857142857,1.6,1936.128744634885,0.0001284833197244468,0.0002099675608741801,0.0009917643547287134,0.00042508268569234407,0.00011088393189969176,znd_T0742.86_P01.60.npz
742.857142857,1.7,1937.8696983611346,0.00011997744096671276,0.00019380597982508385,0.0008978534031407555,0.00044901959793263726,0.00010383312209135851,znd_T0742.86_P01.70.npz
742.857142857,1.8,1939.5045986542264,0.0001124961531353989,0.00017980949994670078,0.0008177366408521415,0.00047277060614045636,9.669421710255872e-05,znd_T0742.86_P01.80.npz
742.857142857,1.9,1941.04522681493,0.00010586100737337126,0.0001676118226861535,0.000748704282434989,0.0004963668319697281,9.113922082868525e-05,znd_T0742.86_P01.90.npz
742.857142857,2.0,1942.5014651147937,9.993737879931868e-05,0.00015687381463764358,0.0006890041175841319,0.0005197943606592475,8.616134406214748e-05,znd_T0742.86_P02.00.npz
742.857142857,2.1,1943.8797611025684,9.462390211853599e-05,0.000147365060225349,0.0006365170277377751,0.0005430626284688562,8.168872605841609e-05,znd_T0742.86_P02.10.npz
742.857142857,2.2,1945.193295885185,8.98364817905501e-05,0.00013889837482612745,0.0005904627654958731,0.0005662251811056602,7.787402293584668e-05,znd_T0742.86_P02.20.npz
742.857142857,2.3,1946.4423885555148,8.548987668211623e-05,0.0001313022992209516,0.0005496188335121042,0.0005892077566744739,7.429255824667592e-05,znd_T0742.86_P02.30.npz
742.857142857,2.4,1947.634483677375,8.153492189663638e-05,0.0001244608677696714,0.0005130954340717704,0.0006120423296626267,7.102721477705725e-05,znd_T0742.86_P02.40.npz
742.857142857,2.5,1948.7743310519973,7.792549576538493e-05,0.00011827564244114656,0.0004806588348356436,0.0006347329415436158,6.803886061935427e-05,znd_T0742.86_P02.50.npz
742.857142857,2.6,1949.866122538061,7.461487053749912e-05,0.00011265387437982818,0.0004513845230705806,0.0006572884111924714,6.525883756168567e-05,znd_T0742.86_P02.60.npz
742.857142857,2.7,1950.913693910975,7.156724306660642e-05,0.00010751761751002988,0.0004250542494642875,0.000679711834057363,6.267445400828511e-05,znd_T0742.86_P02.70.npz
742.857142857,2.8,1951.9201937280486,6.875467519688886e-05,0.00010282321752036964,0.00040103326562499533,0.0007020068464172924,6.028794619351536e-05,znd_T0742.86_P02.80.npz
742.857142857,2.9,1952.8886670243867,6.615154443771062e-05,9.850610939559276e-05,0.00037936287176107945,0.0007241765818428243,5.807783250896242e-05,znd_T0742.86_P02.90.npz
742.857142857,3.0,1953.821746101747,6.373586976973045e-05,9.453141231433713e-05,0.00035953990579972014,0.0007462240496438203,5.602558596730253e-05,znd_T0742.86_P03.00.npz
742.857142857,3.1,1954.7218307643025,6.148854242431809e-05,9.085358282468803e-05,0.00034138382092812843,0.0007681520598725331,5.41151340859301e-05,znd_T0742.86_P03.10.npz
742.857142857,3.2,1955.591057277435,5.9392933736945954e-05,8.744594635628987e-05,0.00032471005755890553,0.0007899632819115971,5.233249809163959e-05,znd_T0742.86_P03.20.npz
742.857142857,3.3,1956.4313861695236,5.743449703208929e-05,8.428348799866984e-05,0.00030942663236230744,0.0008116602130166434,5.0665443674754485e-05,znd_T0742.86_P03.30.npz
742.857142857,3.4,1957.2425592029563,5.5600929424796724e-05,8.13339982812478e-05,0.00029531549613569805,0.0008332467893348285,4.910304045075095e-05,znd_T0742.86_P03.40.npz
742.857142857,3.5,1958.030263823845,5.3880209393670276e-05,7.858151843232338e-05,0.00028220509308974896,0.0008547222136112703,4.7636219874087297e-05,znd_T0742.86_P03.50.npz
742.857142857,3.6,1958.7959896850225,5.225974559760558e-05,7.600904594224942e-05,0.00027009428918170817,0.000876091691002052,4.6206936921857986e-05,znd_T0742.86_P03.60.npz
742.857142857,3.7,1959.5370129724552,5.0736746649734705e-05,7.359381799135637e-05,0.00025878731923818695,0.0008973543568516744,4.4929949229514133e-05,znd_T0742.86_P03.70.npz
742.857142857,3.8,1960.2566054359493,4.9299776086333704e-05,7.133248349414636e-05,0.0002483554791600679,0.0009185114393489138,4.3722062817946394e-05,znd_T0742.86_P03.80.npz
742.857142857,3.9,1960.9559536961692,4.79388511536257e-05,6.920156727564657e-05,0.00023857432718264079,0.0009395648666020909,4.257955017749815e-05,znd_T0742.86_P03.90.npz
742.857142857,4.0,1961.636046379423,4.665183484777435e-05,6.71931761011738e-05,0.00022938742285378858,0.0009605164870726593,4.149732341088591e-05,znd_T0742.86_P04.00.npz
742.857142857,4.1,1962.2979175558821,4.543297978476931e-05,6.5301701726082e-05,0.000220861383626098,0.00098136798003632,4.0470784122587204e-05,znd_T0742.86_P04.10.npz
742.857142857,4.2,1962.9424553761605,4.427713752850665e-05,6.3511259768616e-05,0.00021280053474792687,0.0010021210199303915,3.949579717772108e-05,znd_T0742.86_P04.20.npz
742.857142857,4.3,1963.5705148493817,4.3179658119854384e-05,6.181537346555783e-05,0.0002053198673643986,0.0010227771989734938,3.856861820631388e-05,znd_T0742.86_P04.30.npz
742.857142857,4.4,1964.1828630306363,4.213632605700516e-05,6.021258358831377e-05,0.0001982470572499373,0.0010433380697070797,3.768585618668576e-05,znd_T0742.86_P04.40.npz
742.857142857,4.5,1964.7802546006792,4.114244490399144e-05,5.868762582560188e-05,0.0001915848090613391,0.0010636796703867506,3.6514626839605e-05,znd_T0742.86_P04.50.npz
742.857142857,4.6,1965.3633125969252,4.019657356876941e-05,5.724103877380542e-05,0.0001852723570229847,0.0010840886570187879,3.5719213654579754e-05,znd_T0742.86_P04.60.npz
742.857142857,4.7,1965.9327250027686,3.929327609921381e-05,5.5863930858346706e-05,0.0001792872689225749,0.0011044070949351983,3.495940965349503e-05,znd_T0742.86_P04.70.npz
742.857142857,4.8,1966.4891045696947,3.8430816299118005e-05,5.455417009627517e-05,0.0001736885886733621,0.0011246362415315318,3.4232896237892914e-05,znd_T0742.86_P04.80.npz
742.857142857,4.9,1967.0329040899567,3.760549448414894e-05,5.330354399249639e-05,0.00016837105304742862,0.0011447774327407638,3.353756607371155e-05,znd_T0742.86_P04.90.npz
742.857142857,5.0,1967.5647529312196,3.681478917612689e-05,5.211288329976329e-05,0.00016330676206899038,0.0011648317616229677,3.287145705027322e-05,znd_T0742.86_P05.00.npz
757.142857143,0.1,1848.5739100375715,0.0030119103972320992,0.007890376716259195,0.02240423072730163,3.114169206729555e-05,0.0025123670312358153,znd_T0757.14_P00.10.npz
757.142857143,0.2,1870.8544954824602,0.0014367624757310744,0.00417742351391842,0.020462864297970913,5.987433324070131e-05,0.0011490961587635072,znd_T0757.14_P00.20.npz
757.142857143,0.3,1883.7021943692432,0.0009012303890161301,0.0024574019663658603,0.015038426820402058,8.757541885630401e-05,0.0007307902142704902,znd_T0757.14_P00.30.npz
757.142857143,0.4,1892.7125442472113,0.0006433081069484472,0.001601586027875037,0.010224833139223918,0.00011457504476979319,0.0005273888649444156,znd_T0757.14_P00.40.npz
757.142857143,0.5,1899.6340388031274,0.0004951366066712206,0.0011396074999586597,0.00716434177480388,0.00014101222237678556,0.00040989945321270546,znd_T0757.14_P00.50.npz
757.142857143,0.6,1905.2394423415578,0.00040006309453463607,0.0008642698586255603,0.005281114377172446,0.00016698702338127072,0.0003336921461733357,znd_T0757.14_P00.60.npz
757.142857143,0.7,1909.946545002916,0.00033428422878420194,0.0006863865715429009,0.004068986041697633,0.00019255643742145388,0.000278586293622856,znd_T0757.14_P00.70.npz
757.142857143,0.8,1913.9942086287315,0.00028627687971247265,0.0005639600215108505,0.0032465381169996988,0.00021778477537591444,0.00023969330699818772,znd_T0757.14_P00.80.npz
757.142857143,0.9,1917.5418331576295,0.0002497971154301978,0.00047543617543515445,0.0026618394123807793,0.0002427181420455721,0.0002111038259216575,znd_T0757.14_P00.90.npz
757.142857143,1.0,1920.6933276548166,0.00022120814986537597,0.0004089011674843518,0.002229492015759455,0.0002673558608278814,0.0001871432040150101,znd_T0757.14_P01.00.npz
757.142857143,1.1,1923.5310624492608,0.0001982365756541923,0.00035735816189166544,0.0019006537687641816,0.00029171680584896435,0.00016924098226456366,znd_T0757.14_P01.10.npz
757.142857143,1.2,1926.1082271074608,0.00017940870476726867,0.0003164978665215609,0.001644107363639267,0.00031587390719036953,0.00015247077915607604,znd_T0757.14_P01.20.npz
757.142857143,1.3,1928.467377439008,0.00016370687985674183,0.0002833510322613655,0.0014390751442015803,0.0003397982153653001,0.00013985897455296621,znd_T0757.14_P01.30.npz
757.142857143,1.4,1930.6415014517922,0.00015042615877853624,0.0002560429181393107,0.0012723304304639346,0.00036349413739910084,0.00012825892696546174,znd_T0757.14_P01.40.npz
757.142857143,1.5,1932.6566511397264,0.00013906377861368108,0.00023320115047741012,0.0011352090297774176,0.0003870154633013538,0.00011897008491012356,znd_T0757.14_P01.50.npz
757.142857143,1.6,1934.5337009323919,0.00012923834890152198,0.00021383575857157215,0.0010205740391289997,0.00041034258416728704,0.00011121798673232257,znd_T0757.14_P01.60.npz
757.142857143,1.7,1936.2897871946434,0.00012065476010021878,0.00019726989496275242,0.0009239622357796194,0.0004334893777681159,0.00010402699971259653,znd_T0757.14_P01.70.npz
757.142857143,1.8,1937.939039569596,0.00011310312716193241,0.0001829308645717991,0.0008413891513501989,0.000456467448943777,9.766082440599735e-05,znd_T0757.14_P01.80.npz
757.142857143,1.9,1939.493268755461,0.00010641563041205383,0.00017041615738604327,0.0007699973151908675,0.000479266172023723,9.218442631894673e-05,znd_T0757.14_P01.90.npz
757.142857143,2.0,1940.9624448252616,0.00010045038837904499,0.0001594213766316325,0.0007083394196743152,0.0005019044554585755,8.725442106090998e-05,znd_T0757.14_P02.00.npz
757.142857143,2.1,1942.352934673193,9.50846529715411e-05,0.00014968191409537717,0.0006542149190377622,0.0005244288937215818,8.208381717709117e-05,znd_T0757.14_P02.10.npz
757.142857143,2.2,1943.6784218343726,9.025701644401622e-05,0.00014101378008985252,0.0006069185259258134,0.0005468108149734535,7.826525735724008e-05,znd_T0757.14_P02.20.npz
757.142857143,2.3,1944.9388200117787,8.587966770205899e-05,0.0001332437871631176,0.0005645909813326227,0.0005690301910601653,7.457066574335903e-05,znd_T0757.14_P02.30.npz
757.142857143,2.4,1946.1417564130943,8.189679295472334e-05,0.00012625493606998936,0.0005273069031692186,0.0005911129111671382,7.120654008623166e-05,znd_T0757.14_P02.40.npz
757.142857143,2.5,1947.292034701547,7.826462676141601e-05,0.00011992913490528339,0.0004936971290908468,0.0006130629630898029,6.812946219841044e-05,znd_T0757.14_P02.50.npz
757.142857143,2.6,1948.3938203531486,7.492488641609831e-05,0.0001141770452230849,0.00046359218965330297,0.0006348842173933306,6.530648536998397e-05,znd_T0757.14_P02.60.npz
757.142857143,2.7,1949.4510893130791,7.185229849886212e-05,0.00010894267975197063,0.00043649733557633483,0.00065658007919069,6.270811593100976e-05,znd_T0757.14_P02.70.npz
757.142857143,2.8,1950.4669485016777,6.901677034171473e-05,0.00010414090896687265,0.00041175896747712215,0.0006781539651008854,6.030919754376783e-05,znd_T0757.14_P02.80.npz
757.142857143,2.9,1951.4444501746125,6.639244406905542e-05,9.973574579809641e-05,0.00038947830429869926,0.0006996089028562341,5.808803133441241e-05,znd_T0757.14_P02.90.npz
757.142857143,3.0,1952.3862726590817,6.395717296130664e-05,9.567652124669291e-05,0.0003691159823428365,0.0007209477672497241,5.602590367877574e-05,znd_T0757.14_P03.00.npz
757.142857143,3.1,1953.2948147038824,6.169170399520714e-05,9.19261963566667e-05,0.0003503931761478845,0.0007421732606560801,5.410659021571966e-05,znd_T0757.14_P03.10.npz
757.142857143,3.2,1954.1722514346366,5.957921066419141e-05,8.845086227448738e-05,0.0003332210418085359,0.0007632879203861713,5.231597112213095e-05,znd_T0757.14_P03.20.npz
757.142857143,3.3,1955.018361414717,5.760550073524137e-05,8.521952284664253e-05,0.00031741836590697944,0.0007842956045802334,5.064213461407936e-05,znd_T0757.14_P03.30.npz
757.142857143,3.4,1955.841495998803,5.5756396416398764e-05,8.221759580494118e-05,0.0003029094550248025,0.0008051940319562691,4.907178328100217e-05,znd_T0757.14_P03.40.npz
757.142857143,3.5,1956.6367299673325,5.4021952812514194e-05,7.941218097376751e-05,0.0002894437155612904,0.0008259901169495285,4.759962473926336e-05,znd_T0757.14_P03.50.npz
757.142857143,3.6,1957.4077349119402,5.2390573915782646e-05,7.678649322632711e-05,0.00027696602770128367,0.0008466724504503585,4.616356054027883e-05,znd_T0757.14_P03.60.npz
757.142857143,3.7,1958.1558848809439,5.0854981966358756e-05,7.433131628593163e-05,0.000265322616115903,0.000867272490092126,4.487962231348882e-05,znd_T0757.14_P03.70.npz
757.142857143,3.8,1958.8824473342825,4.940704084805634e-05,7.202187986626498e-05,0.00025455852424645793,0.0008877725024298547,4.36670966469548e-05,znd_T0757.14_P03.80.npz
757.142857143,3.9,1959.5885269338173,4.8039617831654264e-05,6.985368103848006e-05,0.00024451183444419423,0.000908174270361858,4.252027337962277e-05,znd_T0757.14_P03.90.npz
757.142857143,4.0,1960.2752636715552,4.6744858643753794e-05,6.781070927895494e-05,0.00023505685765344705,0.0009284793998223717,4.143249546517293e-05,znd_T0757.14_P04.00.npz
757.142857143,4.1,1960.9435696156518,4.551574290036104e-05,6.587990475726973e-05,0.00022628617171673973,0.0009486897275468409,4.0402270804518875e-05,znd_T0757.14_P04.10.npz
757.142857143,4.2,1961.5944104613927,4.435021324044119e-05,6.405987324454851e-05,0.00021799659708472628,0.0009688065917373504,3.942382897854659e-05,znd_T0757.14_P04.20.npz
757.142857143,4.3,1962.2286309276417,4.3243564619308494e-05,6.23366475325942e-05,0.00021026936585795864,0.0009888314870290943,3.8493409793397714e-05,znd_T0757.14_P04.30.npz
757.142857143,4.4,1962.8470095822124,4.219157225559575e-05,6.070127534253981e-05,0.00020301456035550622,0.0010087658517626758,3.7607603540069756e-05,znd_T0757.14_P04.40.npz
757.142857143,4.5,1963.4502668005132,4.1192575264468305e-05,5.9151058128827486e-05,0.00019615588581978148,0.001028396846909019,3.692894172328856e-05,znd_T0757.14_P04.50.npz
757.142857143,4.6,1964.0391122572387,4.0237685169042936e-05,5.767936804881199e-05,0.0001896735151552035,0.0010481296675170528,3.611959319853328e-05,znd_T0757.14_P04.60.npz
757.142857143,4.7,1964.6141720638266,3.932692771465843e-05,5.6279949383406506e-05,0.00018353317196547449,0.0010678324216629748,3.487299826431752e-05,znd_T0757.14_P04.70.npz
757.142857143,4.8,1965.176052322382,3.845738112741998e-05,5.4945713625605626e-05,0.000177769523085875,0.0010874507421956515,3.414408898159475e-05,znd_T0757.14_P04.80.npz
757.142857143,4.9,1965.7253113971458,3.762637426592277e-05,5.367538494133012e-05,0.0001722619491567506,0.0011069856124520951,3.344648981839778e-05,znd_T0757.14_P04.90.npz
757.142857143,5.0,1966.262471597031,3.6831459782454135e-05,5.246390851261471e-05,0.00016709894758018938,0.0011264381526849393,3.2778245098287664e-05,znd_T0757.14_P05.00.npz
771.428571429,0.1,1846.3485776174625,0.0030271560547327114,0.008026753782869826,0.022510169993464575,3.0016488409607187e-05,0.002497897914343684,znd_T0771.43_P00.10.npz
771.428571429,0.2,1868.7759415052376,0.0014497694836464704,0.004290792408428673,0.02071153269178423,5.7720462427790006e-05,0.001155016797035878,znd_T0771.43_P00.20.npz
771.428571429,0.3,1881.7102046479536,0.0009097090689734153,0.002533371908490627,0.015382936857309924,8.444913331813853e-05,0.0007274192248918149,znd_T0771.43_P00.30.npz
771.428571429,0.4,1890.785063707724,0.0006491170222028564,0.0016511608830937833,0.010516779904381109,0.00011048570873625383,0.0005241629944880276,znd_T0771.43_P00.40.npz
771.428571429,0.5,1897.7575205401647,0.0004993901591970048,0.0011729078816597122,0.007381473730487235,0.00013601155142997016,0.0004122197620248615,znd_T0771.43_P00.50.npz
771.428571429,0.6,1903.407300348064,0.00040332953161586224,0.0008885839674034671,0.005442981235738516,0.00016108904320802947,0.0003356117642890559,znd_T0771.43_P00.60.npz
771.428571429,0.7,1908.1486147714625,0.00033691059860623993,0.0007048753538366482,0.0041930383579009,0.0001857922193667682,0.00028186789836100743,znd_T0771.43_P00.70.npz
771.428571429,0.8,1912.225724034503,0.0002884375967210471,0.0005783018974740971,0.0033449249989231673,0.0002101612567204226,0.00024107433136800338,znd_T0771.43_P00.80.npz
771.428571429,0.9,1915.803777576881,0.00025161534540654674,0.00048697091967557954,0.0027419831022868616,0.00023423772176519897,0.00021196366338080096,znd_T0771.43_P00.90.npz
771.428571429,1.0,1918.9805208946136,0.00022277131410435488,0.00041844855557251944,0.00229653590145569,0.0002580403041178484,0.00018841893853377284,znd_T0771.43_P01.00.npz
771.428571429,1.1,1921.8391266922556,0.0001995876257974676,0.0003653847807545886,0.001957550334456682,0.0002815854969660122,0.00016976898121361109,znd_T0771.43_P01.10.npz
771.428571429,1.2,1924.4398072604943,0.00018058618233402485,0.00032330755809560554,0.0016925428080692886,0.00030491596556516624,0.00015395275689230044,znd_T0771.43_P01.20.npz
771.428571429,1.3,1926.8163821440924,0.00016475977719163809,0.00028924808557290535,0.0014812720738330966,0.0003280125228090282,0.00014108051348104026,znd_T0771.43_P01.30.npz
771.428571429,1.4,1929.0110401031895,0.00015136401707370695,0.00026116957679111824,0.00130932749359868,0.0003509296394439577,0.00012856661117006742,znd_T0771.43_P01.40.npz
771.428571429,1.5,1931.043221854244,0.0001398976884391051,0.0002377090197387632,0.0011680173303240606,0.00037367340889729996,0.00012005354680869503,znd_T0771.43_P01.50.npz
771.428571429,1.6,1932.9363225109228,0.0001299951991542034,0.00021784273614689484,0.0010496807928255004,0.00039623412499278725,0.00011130410084677278,znd_T0771.43_P01.60.npz
771.428571429,1.7,1934.7075430258517,0.00012133289838629919,0.00020083515171557203,0.000949949280579816,0.00041856575696747343,0.00010358320023883403,znd_T0771.43_P01.70.npz
771.428571429,1.8,1936.3711052665408,0.00011372475574045551,0.00018613413168055957,0.000864746794869984,0.00044079026555745806,9.73175180739102e-05,znd_T0771.43_P01.80.npz
771.428571429,1.9,1937.9389289956002,0.00010698337543720723,0.0001733076218946655,0.0007914992546327002,0.00046285419857186334,9.172667686547501e-05,znd_T0771.43_P01.90.npz
771.428571429,2.0,1939.4210301866788,0.00010096114649036538,0.00016204665195107358,0.0007279658893733438,0.0004847653645603662,8.671477396829205e-05,znd_T0771.43_P02.00.npz
771.428571429,2.1,1940.8259975303924,9.555948269379486e-05,0.0001520792993696912,0.0006723811424673467,0.0005065304309701018,8.220303737814482e-05,znd_T0771.43_P02.10.npz
771.428571429,2.2,1942.161121261336,9.069499856977511e-05,0.00014320317540262665,0.0006234256578365623,0.0005281978070472167,7.836616891666793e-05,znd_T0771.43_P02.20.npz
771.428571429,2.3,1943.4328290256587,8.628162930454377e-05,0.000135252842424287,0.0005801930198757756,0.0005496915752585701,7.465317705637415e-05,znd_T0771.43_P02.30.npz
771.428571429,2.4,1944.6465787097516,8.226392196790085e-05,0.00012810207100411508,0.0005415476155307807,0.0005710553269992368,7.12729981974251e-05,znd_T0771.43_P02.40.npz
771.428571429,2.5,1945.807272382995,7.859912523822464e-05,0.00012163253668873031,0.0005070375013598095,0.000592292670416636,6.818177972706494e-05,znd_T0771.43_P02.50.npz
771.428571429,2.6,1946.9191592290583,7.523788779637721e-05,0.00011576423940031561,0.00047591686586057557,0.0006134075148111159,6.534635378539901e-05,znd_T0771.43_P02.60.npz
771.428571429,2.7,1947.98601351307,7.214576370432888e-05,0.00011040137156996119,0.00044808815826285873,0.0006344032979182441,6.273702941372427e-05,znd_T0771.43_P02.70.npz
771.428571429,2.8,1949.0111936937242,6.928837966643919e-05,0.00010551005599681166,0.00042276873384355555,0.0006552832072304672,6.032837389650365e-05,znd_T0771.43_P02.80.npz
771.428571429,2.9,1949.9977268988268,6.664286826092002e-05,0.00010100871144162902,0.0003996688857904453,0.0006760501860442858,5.80985288202473e-05,znd_T0771.43_P02.90.npz
771.428571429,3.0,1950.948282670788,6.418805203521711e-05,9.68633595217661e-05,0.0003787386758926568,0.0006967070078532076,5.602862636239766e-05,znd_T0771.43_P03.00.npz
771.428571429,3.1,1951.8652772450648,6.190453006397142e-05,9.303768657684034e-05,0.0003595157829152286,0.0007172562589692358,5.4102319159387935e-05,znd_T0771.43_P03.10.npz
771.428571429,3.2,1952.7509078801836,5.9775273634450015e-05,8.949225489559595e-05,0.00034186870226248254,0.0007377003582199987,5.2305383009157486e-05,znd_T0771.43_P03.20.npz
771.428571429,3.3,1953.607080973492,5.7785559771390776e-05,8.619681058594311e-05,0.00032550239978834357,0.0007580416245240125,5.0625397239082154e-05,znd_T0771.43_P03.30.npz
771.428571429,3.4,1954.43584898847,5.592236063403354e-05,8.313104680621831e-05,0.00031060876489729966,0.0007782820638392375,4.9051411069425164e-05,znd_T0771.43_P03.40.npz
771.428571429,3.5,1955.2385794897523,5.417430453833064e-05,8.027503881151071e-05,0.000296767242863589,0.000798423412966731,4.757258976051654e-05,znd_T0771.43_P03.50.npz
771.428571429,3.6,1956.0169180179712,5.253222039719219e-05,7.760147924983593e-05,0.0002839243008208908,0.0008184423180122849,4.612852727340347e-05,znd_T0771.43_P03.60.npz
771.428571429,3.7,1956.7698304541245,5.098460952271568e-05,7.509397092866213e-05,0.00027194203699293465,0.0008384049542923336,4.4840589358020493e-05,znd_T0771.43_P03.70.npz
771.428571429,3.8,1957.5056698717838,4.9524588120908936e-05,7.274650630697257e-05,0.00026087683741286057,0.0008582693390865156,4.3623566174637906e-05,znd_T0771.43_P03.80.npz
771.428571429,3.9,1958.2185369012436,4.8146194294345996e-05,7.053585966043243e-05,0.00025054678918644285,0.0008780416284952857,4.2471665857608926e-05,znd_T0771.43_P03.90.npz
771.428571429,4.0,1958.9094901347632,4.684298324728245e-05,6.845352140226753e-05,0.0002408438893481217,0.0008977246246419717,4.138222325196518e-05,znd_T0771.43_P04.00.npz
771.428571429,4.1,1959.5866457183663,4.560798568625396e-05,6.649210564885017e-05,0.00023176500062833898,0.0009173138141280808,4.0348207993396656e-05,znd_T0771.43_P04.10.npz
771.428571429,4.2,1960.2437696641177,4.4434806708274524e-05,6.463617265548774e-05,0.00022332344286427508,0.0009368160704120546,3.936656019073196e-05,znd_T0771.43_P04.20.npz
771.428571429,4.3,1960.884139023613,4.33191407117285e-05,6.288039778829785e-05,0.00021530704360769415,0.00095623094448386,3.843312123489668e-05,znd_T0771.43_P04.30.npz
771.428571429,4.4,1961.5085465669624,4.225858761639203e-05,6.122006119804208e-05,0.00020785255018929556,0.0009755597813830564,3.7544467388391544e-05,znd_T0771.43_P04.40.npz
771.428571429,4.5,1962.1176798388908,4.1249300168014865e-05,5.964253037318267e-05,0.00020080558853194797,0.0009948039126288675,3.66974946445405e-05,znd_T0771.43_P04.50.npz
771.428571429,4.6,1962.7122818649639,4.029073252439667e-05,5.814411061593662e-05,0.00019411680485966536,0.0010137996419939687,3.6052038362588815e-05,znd_T0771.43_P04.60.npz
771.428571429,4.7,1963.2929915341597,3.937262921040486e-05,5.671796326204413e-05,0.00018785138449672683,0.0010328542446502206,3.5276567228900513e-05,znd_T0771.43_P04.70.npz
771.428571429,4.8,1963.8604018760573,3.8496104157924295e-05,5.536389678711673e-05,0.00018187190621190175,0.0010518273154604214,3.453516436863732e-05,znd_T0771.43_P04.80.npz
771.428571429,4.9,1964.415074005602,3.765846124105254e-05,5.407185012229586e-05,0.00017625014791639962,0.0010707200305958326,3.3825658116970895e-05,znd_T0771.43_P04.90.npz
771.428571429,5.0,1964.9575576720374,3.685722632057277e-05,5.283755818306749e-05,0.00017093550962479247,0.0010895649844819548,3.269962774008703e-05,znd_T0771.43_P05.00.npz
785.714285714,0.1,1844.1209846811973,0.0030416021700525753,0.008162552917569291,0.022615558463593824,2.9210384334146394e-05,0.001981212597019852,znd_T0785.71_P00.10.npz
785.714285714,0.2,1866.6932769360735,0.0014627841151140177,0.004405607390190138,0.020953207650495378,5.56654876918272e-05,0.0011596938199084639,znd_T0785.71_P00.20.npz
785.714285714,0.3,1879.7160319723728,0.0009182281155844009,0.002610889096627591,0.01572391431134602,8.145563588433303e-05,0.0007289728921479712,znd_T0785.71_P00.30.npz
785.714285714,0.4,1888.8553832638856,0.0006549573965746169,0.0017014627023881049,0.01081010825154025,0.00010659295837878047,0.0005327789227906475,znd_T0785.71_P00.40.npz
785.714285714,0.5,1895.8765367358753,0.0005036639186879369,0.0012075530947820768,0.00760076558027581,0.00013123947776338916,0.00041040232401605393,znd_T0785.71_P00.50.npz
785.714285714,0.6,1901.5685441612022,0.00040662570460587156,0.0009135206773407486,0.005606443121881267,0.00015546381183108472,0.00033586565785163197,znd_T0785.71_P00.60.npz
785.714285714,0.7,1906.3460199286533,0.00033953845510760857,0.0007236900648092984,0.00431917629133369,0.00017930476908071215,0.00028043289229577037,znd_T0785.71_P00.70.npz
785.714285714,0.8,1910.459396140756,0.00029060082725354254,0.0005931411291951259,0.00344464704304429,0.0002028606573053398,0.00024209638302050856,znd_T0785.71_P00.80.npz
785.714285714,0.9,1914.063416881301,0.00025344147036340705,0.0004989405147925609,0.0028229959804320637,0.00022612361291226497,0.0002125809405823913,znd_T0785.71_P00.90.npz
785.714285714,1.0,1917.2654055138269,0.00022432545187583606,0.00042826443190535645,0.0023636823341382485,0.0002491261806253315,0.00018899115752493183,znd_T0785.71_P01.00.npz
785.714285714,1.1,1920.1493259608953,0.0002009445900979811,0.00037362672742513294,0.002013882944791541,0.00027189267154998736,0.00016961995980089645,znd_T0785.71_P01.10.npz
785.714285714,1.2,1922.7689868800364,0.00018177542388103453,0.0003303229575524999,0.001740820055210605,0.000294417918350992,0.00015324153275531014,znd_T0785.71_P01.20.npz
785.714285714,1.3,1925.1674454532142,0.00016579823699163637,0.0002952803106889827,0.001523672093199777,0.00031677416824499126,0.0001413699529632524,znd_T0785.71_P01.30.npz
785.714285714,1.4,1927.378104420377,0.00015229434221773058,0.00026644274099203155,0.0013467527407699609,0.0003389360039732833,0.00012936783483625023,znd_T0785.71_P01.40.npz
785.714285714,1.5,1929.4273805083992,0.00014074075660497202,0.00024233624433040398,0.0012009990955253996,0.0003609175510071887,0.00012004847340983834,znd_T0785.71_P01.50.npz
785.714285714,1.6,1931.3364952741556,0.0001307448215871107,0.00022194945163527962,0.0010795507479235081,0.0003827203118393345,0.00011195337718578143,znd_T0785.71_P01.60.npz
785.714285714,1.7,1933.1228520431378,0.0001220167191090145,0.00020450554913518257,0.00097675572257253,0.0004043378652393886,0.00010500492213959343,znd_T0785.71_P01.70.npz
785.714285714,1.8,1934.800718985041,0.00011434306922213964,0.00018943268763278842,0.0008890792192119479,0.0004258160819816784,9.86326180859482e-05,znd_T0785.71_P01.80.npz
785.714285714,1.9,1936.3821049726378,0.00010754477915198448,0.00017629387037956465,0.0008134081622305806,0.00044714990707701,9.294448019724152e-05,znd_T0785.71_P01.90.npz
785.714285714,2.0,1937.8771301176505,0.00010148251040164495,0.00016474484821662894,0.0007479201176835297,0.00046834467606748253,8.78446921123808e-05,znd_T0785.71_P02.00.npz
785.714285714,2.1,1939.2943966250216,9.604412885213047e-05,0.00015454287015420043,0.0006905838001368266,0.0004894044939620512,8.325423023468833e-05,znd_T0785.71_P02.10.npz
785.714285714,2.2,1940.63885764551,9.113488311496016e-05,0.00014545820409845355,0.0006402071417622016,0.0005103560214644025,7.845795761034893e-05,znd_T0785.71_P02.20.npz
785.714285714,2.3,1941.924283737612,8.66903446425137e-05,0.00013731926789338237,0.0005957468816111088,0.0005311513157219061,7.473041781660422e-05,znd_T0785.71_P02.30.npz
785.714285714,2.4,1943.1488757665252,8.2639751040827e-05,0.00013001056871821942,0.0005559382782996219,0.0005518238263986033,7.133735744385159e-05,znd_T0785.71_P02.40.npz
785.714285714,2.5,1944.3199741602634,7.894113678833476e-05,0.00012339946467981712,0.0005205420011229132,0.0005723760499437941,6.823519396818784e-05,znd_T0785.71_P02.50.npz
785.714285714,2.6,1945.441877270499,7.555345085622849e-05,0.00011739029878821471,0.0004885460045182875,0.0005928118538241161,6.539009283024431e-05,znd_T0785.71_P02.60.npz
785.714285714,2.7,1946.5183917031509,7.243721080921971e-05,0.00011192626100843333,0.0004598042770246261,0.0006131345700757287,6.277215790898273e-05,znd_T0785.71_P02.70.npz
785.714285714,2.8,1947.552904891589,6.95617567431868e-05,0.00010691483419945975,0.00043380469081224734,0.0006333472675898015,6.0355787050101016e-05,znd_T0785.71_P02.80.npz
785.714285714,2.9,1948.5483866652582,6.690087630572396e-05,0.00010232694437579251,0.00041006868892328293,0.0006534528132970878,5.811900250410666e-05,znd_T0785.71_P02.90.npz
785.714285714,3.0,1949.5077285718128,6.442775862038515e-05,9.809610398585436e-05,0.00038849761678229794,0.0006734537462675492,5.604278724668282e-05,znd_T0785.71_P03.00.npz
785.714285714,3.1,1950.4331554618223,6.212621707479857e-05,9.418545224702896e-05,0.0003687355352790821,0.0006933526481330256,5.411075153557403e-05,znd_T0785.71_P03.10.npz
785.714285714,3.2,1951.326980784314,5.9980373716459354e-05,9.056631539303787e-05,0.00035056641646724103,0.0007131499857867026,5.230480228491931e-05,znd_T0785.71_P03.20.npz
785.714285714,3.3,1952.188683054829,5.7975630238945504e-05,8.721341348723339e-05,0.00033388189111106944,0.0007328530523971038,5.0620714801456815e-05,znd_T0785.71_P03.30.npz
785.714285714,3.4,1953.0276091525268,5.609750618320014e-05,8.408605484737555e-05,0.00031841662340574377,0.000752457434857889,4.904205965013387e-05,znd_T0785.71_P03.40.npz
785.714285714,3.5,1953.8378675893102,5.433598850793605e-05,8.117005106361788e-05,0.0003042295238392478,0.000771969023106645,4.7559331376810835e-05,znd_T0785.71_P03.50.npz
785.714285714,3.6,1954.6234595331719,5.2683746240101366e-05,7.844318208794644e-05,0.00029098708876912577,0.0007913500712326264,4.610719922618244e-05,znd_T0785.71_P03.60.npz
785.714285714,3.7,1955.385862767625,5.11233985448769e-05,7.589469504047772e-05,0.00027869457799841526,0.0008106944236403637,4.481470350135136e-05,znd_T0785.71_P03.70.npz
785.714285714,3.8,1956.1262807253163,4.9652241383561066e-05,7.349785907818814e-05,0.00026725742983788227,0.0008299486678068796,4.359418254817591e-05,znd_T0785.71_P03.80.npz
785.714285714,3.9,1956.8459006944431,4.826305451280148e-05,7.124774747849401e-05,0.0002566605522977768,0.0008491143260010548,4.243986322013982e-05,znd_T0785.71_P03.90.npz
785.714285714,4.0,1957.5458224368358,4.694929663172728e-05,6.912880090701172e-05,0.00024670599673911795,0.0008681928528114134,4.134656753323143e-05,znd_T0785.71_P04.00.npz
785.714285714,4.1,1958.2270351740558,4.570512495491176e-05,6.712648179065832e-05,0.00023734114988294624,0.0008871856637391604,4.0309642412277e-05,znd_T0785.71_P04.10.npz
785.714285714,4.2,1958.89046799692,4.4525275698186724e-05,6.524098041758836e-05,0.00022866193751505437,0.0009060941111543146,3.932489164763537e-05,znd_T0785.71_P04.20.npz
785.714285714,4.3,1959.5369859027853,4.340499600770213e-05,6.345499006772474e-05,0.00022048929687153222,0.0009249194943495767,3.838852001753348e-05,znd_T0785.71_P04.30.npz
785.714285714,4.4,1960.1674076059137,4.233609108294188e-05,6.176026121222548e-05,0.00021276104247136877,0.000943663055323243,3.749708744524455e-05,znd_T0785.71_P04.40.npz
785.714285714,4.5,1960.7824260172897,4.131882628245569e-05,6.0157975030603626e-05,0.00020552475230206874,0.0009623260521665085,3.6647478802349436e-05,znd_T0785.71_P04.50.npz
785.714285714,4.6,1961.3827903360097,4.034970057498477e-05,5.8634702927254586e-05,0.00019866639930456095,0.0009809096086190673,3.583684384515144e-05,znd_T0785.71_P04.60.npz
785.714285714,4.7,1961.9691342961548,3.94254345893691e-05,5.718420436018976e-05,0.00019218697656015284,0.0009994150134975577,3.506149193485748e-05,znd_T0785.71_P04.70.npz
785.714285714,4.8,1962.54206876224,3.854566623405766e-05,5.5804486556358974e-05,0.00018610984941088275,0.0010176902891375803,3.447786237584895e-05,znd_T0785.71_P04.80.npz
785.714285714,4.9,1963.0996081236403,3.7701839219446035e-05,5.4490660571270435e-05,0.00018027108616075146,0.001036020753174612,3.376650876412945e-05,znd_T0785.71_P04.90.npz
785.714285714,5.0,1963.649950195879,3.689406472389932e-05,5.3238127249546526e-05,0.000174827395896709,0.0010542712963782783,3.308451018576178e-05,znd_T0785.71_P05.00.npz
800.0,0.1,1841.8908686569066,0.003055129870233723,0.008297782131342869,0.022720546501322457,2.9010191316622197e-05,0.0019099148701119284,znd_T0800.00_P00.10.npz
800.0,0.2,1864.6056841399447,0.001475807091170786,0.004521752097367395,0.021188212927386946,5.370504453978037e-05,0.001153659552421135,znd_T0800.00_P00.20.npz
800.0,0.3,1877.7194892802731,0.0009268037781083775,0.0026902412703295356,0.016061443869754843,7.859577181111529e-05,0.0007304427030418876,znd_T0800.00_P00.30.npz
800.0,0.4,1886.9233280339417,0.0006608290743480219,0.0017539157142358534,0.011104912121905746,0.00010287746991642975,0.000533268830884817,znd_T0800.00_P00.40.npz
800.0,0.5,1893.9978046954268,0.0005079477494493902,0.0012432712422540332,0.007822359446803642,0.00012667804921482142,0.000413606347105718,znd_T0800.00_P00.50.npz
800.0,0.6,1899.7321026731158,0.0004099169360892217,0.0009393179859737189,0.005772317156286261,0.00015007357603113048,0.00033630316781860437,znd_T0800.00_P00.60.npz
800.0,0.7,1904.5457664131059,0.0003421817392011949,0.0007430938712326379,0.004446603314435107,0.00017311386773853548,0.0002844117723637159,znd_T0800.00_P00.70.npz
800.0,0.8,1908.6884260053382,0.0002927796749366829,0.0006083374605515026,0.0035456344468423563,0.00019587022444019438,0.0002428226954287031,znd_T0800.00_P00.80.npz
800.0,0.9,1912.3206093195738,0.00025526854203405475,0.0005111931706629705,0.0029048694317496604,0.00021835541345325538,0.00021322061638813383,znd_T0800.00_P00.90.npz
800.0,1.0,1915.5477859910789,0.00022589004046017167,0.0004383867658042745,0.002432266228880885,0.00024057571499873462,0.0001904584351189067,znd_T0800.00_P01.00.npz
800.0,1.1,1918.4548187555881,0.0002022952824003566,0.00038210161617178783,0.002072159041455129,0.0002625879338808412,0.00017104601451858268,znd_T0800.00_P01.10.npz
800.0,1.2,1921.0956883022764,0.00018296514711520882,0.0003375516266079692,0.0017910110515143112,0.00028437864695399277,0.00015535100579156964,znd_T0800.00_P01.20.npz
800.0,1.3,1923.5137605742798,0.0001668484023024086,0.0003015195013940283,0.0015666650345272878,0.0003059910362207138,0.0001407565482866348,znd_T0800.00_P01.30.npz
800.0,1.4,1925.7426641084946,0.00015323013412009502,0.00027185948631643753,0.0013849323976548532,0.0003274200420321737,0.00012967327202134457,znd_T0800.00_P01.40.npz
800.0,1.5,1927.8089985185966,0.00014158255655352474,0.00024712104796137467,0.0012346871845780472,0.00034868331635322044,0.00012031292808146632,znd_T0800.00_P01.50.npz
800.0,1.6,1929.7341581153419,0.00013150415026401576,0.0002261765531665786,0.001109443712910811,0.0003697769270164081,0.00011218339367898433,znd_T0800.00_P01.60.npz
800.0,1.7,1931.535598642911,0.0001227101866823702,0.00020828859744550688,0.001003602455963074,0.0003907003809456452,0.00010519626035233901,znd_T0800.00_P01.70.npz
800.0,1.8,1933.227768012483,0.00011497047726850455,0.00019283017519551154,0.0009134761114249661,0.00041148268062833436,9.879865411395628e-05,znd_T0800.00_P01.80.npz
800.0,1.9,1934.8227169819345,0.00010811489114038826,0.00017935670549055856,0.0008354454887962625,0.0004321258261392549,9.308966436972218e-05,znd_T0800.00_P01.90.npz
800.0,2.0,1936.3306400586503,0.00010200251054363226,0.00016753773601371202,0.0007680315762645552,0.00045263515577884767,8.79725937732301e-05,znd_T0800.00_P02.00.npz
800.0,2.1,1937.7600936012411,9.652086153567099e-05,0.00015707687028647228,0.0007090882001543639,0.00047301501069463514,8.336759478259502e-05,znd_T0800.00_P02.10.npz
800.0,2.2,1939.1188988981341,9.157518851899688e-05,0.00014778093810007996,0.0006574605514832746,0.0004932455524976546,7.85531547428202e-05,znd_T0800.00_P02.20.npz
800.0,2.3,1940.4130420876766,8.7096118252657e-05,0.0001394606390532398,0.0006115045632588592,0.0005133722457741475,7.481559521064766e-05,znd_T0800.00_P02.30.npz
800.0,2.4,1941.6485460282724,8.301592575489184e-05,0.00013197918289729847,0.0005706401782564464,0.0005333810118318818,7.141288995959566e-05,znd_T0800.00_P02.40.npz
800.0,2.5,1942.8300420108133,7.929144366317763e-05,0.00012520919571524432,0.0005342082358228894,0.0005532753421076491,6.830209183251105e-05,znd_T0800.00_P02.50.npz
800.0,2.6,1943.9619517984813,7.587720941644135e-05,0.00011907483525822006,0.0005012420098975007,0.0005730590244781608,6.544916658915961e-05,znd_T0800.00_P02.60.npz
800.0,2.7,1945.048117579766,7.273680609035545e-05,0.00011348951984126225,0.0004717538658653015,0.000592735262252708,6.282409241966795e-05,znd_T0800.00_P02.70.npz
800.0,2.8,1946.0919424000738,6.983928280548805e-05,0.00010837653854467342,0.00044494652652066186,0.0006123070020402998,6.040118111900197e-05,znd_T0800.00_P02.80.npz
800.0,2.9,1947.0964817520046,6.71580128802771e-05,0.00010368354664278639,0.00042055023650570543,0.0006317748647022695,5.815394847433291e-05,znd_T0800.00_P02.90.npz
800.0,3.0,1948.0644452287122,6.467036253076272e-05,9.936830855746524e-05,0.00039826689802575156,0.0006511455420740227,5.607248560652528e-05,znd_T0800.00_P03.00.npz
800.0,3.1,1948.9983561901292,6.235592657168366e-05,9.538181993678017e-05,0.0003780518967335402,0.0006704192531953384,5.41355392590287e-05,znd_T0800.00_P03.10.npz
800.0,3.2,1949.9003861281467,6.019332284321526e-05,9.169102778463199e-05,0.00035938795767796023,0.0006895982043552935,5.2328777174234416e-05,znd_T0800.00_P03.20.npz
800.0,3.3,1950.7725372986706,5.817266354822771e-05,8.825914449487698e-05,0.0003422434058398761,0.0007086844457061338,5.063967215902991e-05,znd_T0800.00_P03.30.npz
800.0,3.4,1951.6166353310405,5.6280786786356637e-05,8.507516718511114e-05,0.00032633360321200844,0.0007276798957026535,4.9057237767530546e-05,znd_T0800.00_P03.40.npz
800.0,3.5,1952.4344038041909,5.450600040720422e-05,8.210218211384619e-05,0.0003116824757178781,0.0007465858495402235,4.7571010618224144e-05,znd_T0800.00_P03.50.npz
800.0,3.6,1953.2246528784829,5.2838443252293246e-05,7.932279694498556e-05,0.000298190771129881,0.000765405777924894,4.6173022396971234e-05,znd_T0800.00_P03.60.npz
800.0,3.7,1953.996828227673,5.127159138846558e-05,7.672110893113753e-05,0.0002855315896173805,0.0007840968220777047,4.480398359301413e-05,znd_T0800.00_P03.70.npz
800.0,3.8,1954.7441760261147,4.9789001533773204e-05,7.428316876565489e-05,0.00027374666902139563,0.0008027605351421138,4.357959127567304e-05,znd_T0800.00_P03.80.npz
800.0,3.9,1955.47057785134,4.838910824837593e-05,7.19893934869371e-05,0.0002628382780020814,0.000821340004394254,4.2421605444380204e-05,znd_T0800.00_P03.90.npz
800.0,4.0,1956.1770875752204,4.706529776785037e-05,6.982890823460625e-05,0.00025263952783089523,0.0008398366376219881,4.132483906962226e-05,znd_T0800.00_P04.00.npz
800.0,4.1,1956.86471097499,4.581167029799285e-05,6.779534500212334e-05,0.00024304116657627403,0.0008582517629950898,4.02846202612736e-05,znd_T0800.00_P04.10.npz
800.0,4.2,1957.5343403235217,4.462291881480228e-05,6.587104751201387e-05,0.00023407145858996126,0.0008765866874735561,3.929674326112155e-05,znd_T0800.00_P04.20.npz
800.0,4.3,1958.1871180603869,4.3494205187648306e-05,6.405289258538149e-05,0.0002256926573329084,0.0008948424378678409,3.8357361168628844e-05,znd_T0800.00_P04.30.npz
800.0,4.4,1958.8235122201133,4.2421240295087226e-05,6.233236765361943e-05,0.00021777255103323708,0.0009130204529507487,3.746308824525073e-05,znd_T0800.00_P04.40.npz
800.0,4.5,1959.4444265498144,4.139786197341134e-05,6.069789093740509e-05,0.00021027617383366647,0.0009311217503145345,3.661073656904328e-05,znd_T0800.00_P04.50.npz
800.0,4.6,1960.0505488681677,4.042131152806517e-05,5.9146996276032564e-05,0.00020328682308170685,0.0009491474558667933,3.579747084355986e-05,znd_T0800.00_P04.60.npz
800.0,4.7,1960.6425274360915,3.948998264763271e-05,5.767483149304513e-05,0.00019661450957022536,0.000967098652689831,3.5020689585138286e-05,znd_T0800.00_P04.70.npz
800.0,4.8,1961.220944368969,3.8600916986301585e-05,5.6271496986166315e-05,0.00019034692719887119,0.000984976401804819,3.42780178066054e-05,znd_T0800.00_P04.80.npz
800.0,4.9,1961.7865067293058,3.7751327407102065e-05,5.493242032328783e-05,0.0001844116725563845,0.0010027816132794488,3.356725930613409e-05,znd_T0800.00_P04.90.npz
800.0,5.0,1962.3395826155954,3.693872045816532e-05,5.366010750525185e-05,0.00017877459597807107,0.0010205154148653825,3.288643635646589e-05,znd_T0800.00_P05.00.npz
814.285714286,0.1,1839.6579596393235,0.0030678003651595956,0.008432429330219244,0.02282526074010963,2.9132550017037532e-05,0.0018406201839672104,znd_T0814.29_P00.10.npz
814.285714286,0.2,1862.520453332302,0.0014887913474813932,0.004639432814200942,0.021416671580302082,5.1834241315395054e-05,0.0011561954154416013,znd_T0814.29_P00.20.npz
814.285714286,0.3,1875.7203568675163,0.0009354486136770628,0.0027712776867840285,0.016395168707061942,7.586331591795502e-05,0.0007318271519847508,znd_T0814.29_P00.30.npz
814.285714286,0.4,1884.9887017781268,0.0006667545150033595,0.0018073014170899003,0.011400657374239644,9.931976754935445e-05,0.0005320593861236934,znd_T0814.29_P00.40.npz
814.285714286,0.5,1892.1141597538972,0.0005122681971853245,0.0012802098944900788,0.00804613057682667,0.00012230878771283163,0.0004142577444312567,znd_T0814.29_P00.50.npz
814.285714286,0.6,1897.8907241704728,0.0004132414790473474,0.00096573711163781,0.005940080324370871,0.00014490951690216355,0.00033903273279348216,znd_T0814.29_P00.60.npz
814.285714286,0.7,1902.7405570265007,0.00034483359661763725,0.0007631592634226362,0.004575508167995998,0.0001671789175800401,0.0002824299813303201,znd_T0814.29_P00.70.npz
814.285714286,0.8,1906.9148599620019,0.0002949590077754513,0.000624097862170816,0.003647566793909708,0.0001891766505227147,0.00024346604626590543,znd_T0814.29_P00.80.npz
814.285714286,0.9,1910.5717646396236,0.0002570986735228274,0.0005238308373443977,0.00298832311048022,0.00021091407285467995,0.0002146534913965983,znd_T0814.29_P00.90.npz
814.285714286,1.0,1913.82482431237,0.00022746112946626186,0.000448790924793648,0.0025008359677482443,0.00023241052542639982,0.00019078242675036583,znd_T0814.29_P01.00.npz
814.285714286,1.1,1916.757680179312,0.0002036538962385433,0.0003908004213337079,0.0021300217199369197,0.0002536883822427384,0.00017157750774017823,znd_T0814.29_P01.10.npz
814.285714286,1.2,1919.4197455962096,0.0001841610601417857,0.00034495504910218573,0.0018414128005750058,0.0002747641817288833,0.00015580720206489205,znd_T0814.29_P01.20.npz
814.285714286,1.3,1921.8574148381745,0.00016790834189996646,0.0003079240498355118,0.0016104158333744417,0.00029565792442207606,0.0001411308674643473,znd_T0814.29_P01.30.npz
814.285714286,1.4,1924.1045598602009,0.00015417288859783664,0.0002774419052358427,0.0014225417659709367,0.00031639191633644933,0.00013010981293130064,znd_T0814.29_P01.40.npz
814.285714286,1.5,1926.187748016454,0.00014242926959623833,0.00025202385374066604,0.0012684574914830372,0.0003369596765489702,0.00012065673096473213,znd_T0814.29_P01.50.npz
814.285714286,1.6,1928.128977689705,0.000132269396462758,0.0002305461690994091,0.001139731779354701,0.00035736839081209503,0.00011246135671636217,znd_T0814.29_P01.60.npz
814.285714286,1.7,1929.9428827547129,0.00012340924636592698,0.00021218159520980758,0.001030589802576144,0.00037762298615669383,0.00010538254242035149,znd_T0814.29_P01.70.npz
814.285714286,1.8,1931.6521068380468,0.00011560771292862277,0.00019632476360830303,0.0009380631288855283,0.0003977347649869653,9.896493321426729e-05,znd_T0814.29_P01.80.npz
814.285714286,1.9,1933.2606055257936,0.00010869444369169885,0.00018252254792948934,0.0008581367848367534,0.00041771331098802413,9.324137688789636e-05,znd_T0814.29_P01.90.npz
814.285714286,2.0,1934.78143110438,0.0001025315713679094,0.0001704017295758767,0.0007886241355269941,0.0004375631910781762,8.8112514579426e-05,znd_T0814.29_P02.00.npz
814.285714286,2.1,1936.2232713359729,9.700540699763332e-05,0.00015969960264219325,0.0007280250812182607,0.0004572889262308162,8.349736759417205e-05,znd_T0814.29_P02.10.npz
814.285714286,2.2,1937.5937537488996,9.202478032746925e-05,0.00015017036761121033,0.0006747482100772868,0.00047683879170328284,7.866793066196939e-05,znd_T0814.29_P02.20.npz
814.285714286,2.3,1938.8992557675926,8.751300043720857e-05,0.00014166158097258193,0.0006275715642990943,0.0004963229608690472,7.492201026756617e-05,znd_T0814.29_P02.30.npz
814.285714286,2.4,1940.1454724078596,8.340364411666806e-05,0.00013400279368460462,0.0005855820152881089,0.0005156949344815917,7.151148736051497e-05,znd_T0814.29_P02.40.npz
814.285714286,2.5,1941.3373557636655,7.964968683354198e-05,0.00012709302002369198,0.0005480639295310972,0.000534959476136372,6.923824486589807e-05,znd_T0814.29_P02.50.npz
814.285714286,2.6,1942.4792894050609,7.620880960682872e-05,0.00012081255149546438,0.0005142922157841638,0.0005541195255587068,6.63334786199368e-05,znd_T0814.29_P02.60.npz
814.285714286,2.7,1943.5750787838722,7.30441349236423e-05,0.0001151076518803125,0.0004837318090615541,0.0005731733859085287,6.366646345641564e-05,znd_T0814.29_P02.70.npz
814.285714286,2.8,1944.6282185349623,7.012446471430876e-05,0.00010988261186398911,0.0004561747610861614,0.0005921258675841944,6.120504385601693e-05,znd_T0814.29_P02.80.npz
814.285714286,2.9,1945.6417591426127,6.74230400677628e-05,0.00010508710666323882,0.000431204244486887,0.000610984078017289,5.8219413284346313e-05,znd_T0814.29_P02.90.npz
814.285714286,3.0,1946.618468436328,6.491679612829233e-05,0.00010067866803377493,0.00040827501222242467,0.0006297488106330276,5.613222457197235e-05,znd_T0814.29_P03.00.npz
814.285714286,3.1,1947.560772518967,6.258576684848257e-05,9.661216219967947e-05,0.00038752829655087657,0.0006484213211474293,5.4189848691161245e-05,znd_T0814.29_P03.10.npz
814.285714286,3.2,1948.4709627507734,6.041257107842965e-05,9.284680595537134e-05,0.0003683106006274792,0.000667003643085074,5.2377907350305245e-05,znd_T0814.29_P03.20.npz
814.285714286,3.3,1949.3482128095727,5.837786233045002e-05,8.935268691000099e-05,0.00035071567567600373,0.0006854993288484059,5.0684370133046484e-05,znd_T0814.29_P03.30.npz
814.285714286,3.4,1950.2028932310495,5.6471228213199994e-05,8.609519379237437e-05,0.0003343967673054086,0.0007039053564537688,4.9096679655814e-05,znd_T0814.29_P03.40.npz
814.285714286,3.5,1951.0281548474238,5.468327736490546e-05,8.3067454897505e-05,0.0003193908036394519,0.0007222282736079034,4.760669236306436e-05,znd_T0814.29_P03.50.npz
814.285714286,3.6,1951.8283838402779,5.300300063471782e-05,8.02351035940793e-05,0.00030540427677583565,0.0007404675743969242,4.6204555501154814e-05,znd_T0814.29_P03.60.npz
814.285714286,3.7,1952.6049854484531,5.142118760085249e-05,7.75817009992708e-05,0.0002924288832139692,0.000758624835005035,4.488278647071669e-05,znd_T0814.29_P03.70.npz
814.285714286,3.8,1953.359259097346,4.993400560797059e-05,7.50965566310502e-05,0.0002803543074303254,0.0007766562230881465,4.357961102721286e-05,znd_T0814.29_P03.80.npz
814.285714286,3.9,1954.0923933539382,4.8523485658578846e-05,7.275969087778033e-05,0.00026909960078244237,0.000794669489857916,4.241765694191021e-05,znd_T0814.29_P03.90.npz
814.285714286,4.0,1954.8054927596288,4.718973678880983e-05,7.056175576983005e-05,0.0002586495877224073,0.0008126038998776461,4.131708287100913e-05,znd_T0814.29_P04.00.npz
814.285714286,4.1,1955.4995702784454,4.592675215566062e-05,6.848504798599138e-05,0.00024881534653352453,0.0008304607158849435,4.027320101377433e-05,znd_T0814.29_P04.10.npz
814.285714286,4.2,1956.1755755573038,4.473061253563201e-05,6.65305211094483e-05,0.00023958974889120172,0.0008482524761318453,3.930371009495704e-05,znd_T0814.29_P04.20.npz
814.285714286,4.3,1956.834307350396,4.3592229831035787e-05,6.46787936161613e-05,0.00023092750904441694,0.0008659699800478358,3.838801988062454e-05,znd_T0814.29_P04.30.npz
814.285714286,4.4,1957.4767943068223,4.251050376193882e-05,6.29249185443464e-05,0.00022280209721139472,0.0008835919318191544,3.747583061092667e-05,znd_T0814.29_P04.40.npz
814.285714286,4.5,1958.103590651548,4.148092140661314e-05,6.126305321393783e-05,0.000215181784902212,0.0009011421014100194,3.66054786751433e-05,znd_T0814.29_P04.50.npz
814.285714286,4.6,1958.7154628371673,4.049982975036841e-05,5.9686326465655816e-05,0.00020796048147937247,0.0009186215751542168,3.577410524228477e-05,znd_T0814.29_P04.60.npz
814.285714286,4.7,1959.3132206583703,3.956395903372134e-05,5.81854394130604e-05,0.00020111249687942805,0.0009360313008971728,3.497910502831038e-05,znd_T0814.29_P04.70.npz
814.285714286,4.8,1959.8970518576718,3.8670385361588804e-05,5.675882782453796e-05,0.0001946724822613365,0.000953372605022494,3.4218188081123745e-05,znd_T0814.29_P04.80.npz
814.285714286,4.9,1960.4679666300324,3.7814981792665756e-05,5.540051924957734e-05,0.00018860593220314064,0.0009706460835637216,3.348916004880842e-05,znd_T0814.29_P04.90.npz
814.285714286,5.0,1961.026364306457,3.699387228722776e-05,5.410492015829004e-05,0.00018285153840331397,0.0009878652560382226,3.283391822556007e-05,znd_T0814.29_P05.00.npz
828.571428571,0.1,1837.4219871018413,0.0030796317672529346,0.008566461294928466,0.022929830096671128,2.9521084263650376e-05,0.0017672385434720106,znd_T0828.57_P00.10.npz
828.571428571,0.2,1860.4298777812635,0.0015018240082733017,0.004758419213550026,0.02163912971870446,5.004774818727189e-05,0.0011576124877985807,znd_T0828.57_P00.20.npz
828.571428571,0.3,1873.7184127318426,0.000944168076532383,0.0028539493974787146,0.016725062088107846,7.325217216372036e-05,0.0007330398179878454,znd_T0828.57_P00.30.npz
828.571428571,0.4,1883.0512858565419,0.0006727305644962072,0.0018618505479063884,0.011697742056168357,9.591411291215362e-05,0.0005348872714824763,znd_T0828.57_P00.40.npz
828.571428571,0.5,1890.2277322649447,0.000516626299309587,0.0013177469234340851,0.008272244807859368,0.00011812657754153304,0.0004150364703434745,znd_T0828.57_P00.50.npz
828.571428571,0.6,1896.0465691459474,0.00041657988848508264,0.0009928453046544213,0.006109981499518301,0.00013997395565997113,0.00033977718951475364,znd_T0828.57_P00.60.npz
828.571428571,0.7,1900.9296438861702,0.0003474934352591653,0.0007837573373684386,0.004706485280217417,0.00016150727883853716,0.0002837402467793507,znd_T0828.57_P00.70.npz
828.571428571,0.8,1905.1358542604955,0.00029715147689428735,0.0006401033478567405,0.003751195843052619,0.00018277297985714753,0.0002445721016076519,znd_T0828.57_P00.80.npz
828.571428571,0.9,1908.823396236326,0.0002589455092607549,0.000536758471916623,0.0030725622500857655,0.00020378788610271494,0.00021533873740649614,znd_T0828.57_P00.90.npz
828.571428571,1.0,1912.1045380666455,0.00022903157730065233,0.00045949285137677684,0.002571414399348559,0.0002245737730652934,0.0001915370370666608,znd_T0828.57_P01.00.npz
828.571428571,1.1,1915.0577310081178,0.00020502270544747007,0.00039983244715313654,0.0021899582065893594,0.00024515866948556316,0.00017209944581354558,znd_T0828.57_P01.10.npz
828.571428571,1.2,1917.7409844510003,0.00018535623899244697,0.0003525977326200914,0.0018915478259966256,0.00026554786992593585,0.0001562595310544062,znd_T0828.57_P01.20.npz
828.571428571,1.3,1920.19531296584,0.00016897776648908607,0.00031452042589238304,0.0016542895242772984,0.0002857553472308322,0.00014304097855233547,znd_T0828.57_P01.30.npz
828.571428571,1.4,1922.4636250654676,0.00015512119112257678,0.00028320681075518514,0.0014618976432809545,0.00030581544618638837,0.0001304366975287608,znd_T0828.57_P01.40.npz
828.571428571,1.5,1924.5640520575105,0.00014327618144016564,0.0002570939967313943,0.0013030146905780866,0.00032571814139321106,0.00012094485002746852,znd_T0828.57_P01.50.npz
828.571428571,1.6,1926.5212349874685,0.0001330424504134622,0.00023502798805671827,0.0011704467406105509,0.000345469646547235,0.00011271768984857626,znd_T0828.57_P01.60.npz
828.571428571,1.7,1928.3528669144264,0.00012410035246869478,0.00021617524710676537,0.0010585523799926824,0.00036507599406612355,0.00010557301888822806,znd_T0828.57_P01.70.npz
828.571428571,1.8,1930.0736106337165,0.00011624572031125621,0.00019991329495495187,0.0009630861162349232,0.00038454440271655407,9.914495330711678e-05,znd_T0828.57_P01.80.npz
828.571428571,1.9,1931.6956437039569,0.0001092832024892699,0.00018576668653670137,0.0008807358051112922,0.00040388374850136805,9.341319787332182e-05,znd_T0828.57_P01.90.npz
828.571428571,2.0,1933.2293522250163,0.00010306949615811623,0.00017335399083581837,0.000809431099716198,0.00042309955825520733,8.827749887842408e-05,znd_T0828.57_P02.00.npz
828.571428571,2.1,1934.6835281971605,9.74985408544802e-05,0.00016238422496380337,0.000747187574023668,0.0004421964758093867,8.365574104082917e-05,znd_T0828.57_P02.10.npz
828.571428571,2.2,1936.0657220718435,9.248190579494386e-05,0.00015264148270473045,0.0006921591276315864,0.0004611284004211843,7.981252655973795e-05,znd_T0828.57_P02.20.npz
828.571428571,2.3,1937.382482778564,8.793117968622199e-05,0.0001439221787796121,0.0006437035071369576,0.00047999869873848974,7.599966361339851e-05,znd_T0828.57_P02.30.npz
828.571428571,2.4,1938.6395055325947,8.379343618656933e-05,0.0001360967949925131,0.0006005610989776847,0.0004987596892735419,7.253298614584016e-05,znd_T0828.57_P02.40.npz
828.571428571,2.5,1939.841772653258,8.001531399467805e-05,0.00012902211246498013,0.0005619456793054319,0.0005174154797674489,6.936560476820944e-05,znd_T0828.57_P02.50.npz
828.571428571,2.6,1940.993689382859,7.654761846106248e-05,0.0001226130672406309,0.0005273876516867542,0.0005359697558540428,6.645911552150646e-05,znd_T0828.57_P02.60.npz
828.571428571,2.7,1942.0991361767663,7.33586949492777e-05,0.00011676677158453014,0.0004960129065170998,0.000554424838331727,6.378445427791921e-05,znd_T0828.57_P02.70.npz
828.571428571,2.8,1943.1615335391111,7.041690449677937e-05,0.00011143783733592088,0.000467719406555249,0.0005727833039197005,6.131552787568302e-05,znd_T0828.57_P02.80.npz
828.571428571,2.9,1944.181108887816,6.769587840473733e-05,0.0001065374865230249,0.0004420526201969627,0.0005910489560437669,5.9030486106939406e-05,znd_T0828.57_P02.90.npz
828.571428571,3.0,1945.169513143427,6.517037989586885e-05,0.00010204136217727624,0.0004185173073503699,0.0006092221924269719,5.6219620954540166e-05,znd_T0828.57_P03.00.npz
828.571428571,3.1,1946.120267065009,6.282225212617367e-05,9.788062073211621e-05,0.00039710530149245603,0.0006273157088592632,5.427060365250255e-05,znd_T0828.57_P03.10.npz
828.571428571,3.2,1947.0386299986574,6.0633309420201904e-05,9.404088174881451e-05,0.0003773740071604889,0.0006453231703923391,5.245219753771316e-05,znd_T0828.57_P03.20.npz
828.571428571,3.3,1947.926665762994,5.858821891209232e-05,9.047558209282638e-05,0.00035925591938679863,0.0006632464015485654,5.075183792303448e-05,znd_T0828.57_P03.30.npz
828.571428571,3.4,1948.786207019328,5.666645375213056e-05,8.715295241182914e-05,0.0003425326485422288,0.0006811266517138613,4.9595533187492674e-05,znd_T0828.57_P03.40.npz
828.571428571,3.5,1949.61896998599,5.486641247018808e-05,8.406380838633132e-05,0.00032707900311151303,0.0006988701305435498,4.809828788636988e-05,znd_T0828.57_P03.50.npz
828.571428571,3.6,1950.4263256706338,5.317531914604591e-05,8.11805787978512e-05,0.0003127578113064735,0.000716532518591073,4.6688784559262884e-05,znd_T0828.57_P03.60.npz
828.571428571,3.7,1951.2102188588199,5.158359117774213e-05,7.84748962859155e-05,0.00029946290647830026,0.0007341152335910451,4.5359402681654416e-05,znd_T0828.57_P03.70.npz
828.571428571,3.8,1951.971176785116,5.0083025880242036e-05,7.59425685542078e-05,0.00028703835016445,0.0007516204021083005,4.410359967401752e-05,znd_T0828.57_P03.80.npz
828.571428571,3.9,1952.7112786160417,4.866535977409994e-05,7.356325995146105e-05,0.00027557227476148746,0.0007690995397432736,4.285480596418523e-05,znd_T0828.57_P03.90.npz
828.571428571,4.0,1953.427925279704,4.732020007945022e-05,7.132077853736414e-05,0.0002646748851474815,0.0007864467054541342,4.174761089082979e-05,znd_T0828.57_P04.00.npz
828.571428571,4.1,1954.1314768690606,4.604872715725911e-05,6.920709837601655e-05,0.0002546359871867425,0.0008037460013000027,4.025885647701463e-05,znd_T0828.57_P04.10.npz
828.571428571,4.2,1954.8137611444681,4.48433255227298e-05,6.721524016741417e-05,0.0002452020991668616,0.0008209777539872317,3.924901544050354e-05,znd_T0828.57_P04.20.npz
828.571428571,4.3,1955.4787056111488,4.369867762639872e-05,6.532915486129836e-05,0.00023631425420350807,0.0008381385254646517,3.828815686400057e-05,znd_T0828.57_P04.30.npz
828.571428571,4.4,1956.1271474206956,4.2608971321453e-05,6.354667250650555e-05,0.0002279425297564216,0.0008552294044701209,3.7372788221359555e-05,znd_T0828.57_P04.40.npz
828.571428571,4.5,1956.7597946184096,4.157221561842552e-05,6.185465348551626e-05,0.00022007369472343624,0.000872251491919074,3.649976510271623e-05,znd_T0828.57_P04.50.npz
828.571428571,4.6,1957.377416447566,4.058448618039722e-05,6.0248434613935725e-05,0.00021268858697136097,0.0008892151595299297,3.567472966791969e-05,znd_T0828.57_P04.60.npz
828.571428571,4.7,1957.980655942127,3.964144290520764e-05,5.8720616127523614e-05,0.00020571371682794704,0.0009060996437121116,3.487500321320206e-05,znd_T0828.57_P04.70.npz
828.571428571,4.8,1958.5701528129837,3.874203743134898e-05,5.727068336479218e-05,0.00019908698618710698,0.0009229720047559345,3.416388615859145e-05,znd_T0828.57_P04.80.npz
828.571428571,4.9,1959.146475079723,3.78809326396489e-05,5.588928221233176e-05,0.0001928567826454415,0.0009397244701686275,3.342563506807945e-05,znd_T0828.57_P04.90.npz
828.571428571,5.0,1959.7100286423029,3.705702995677116e-05,5.457057617421158e-05,0.00018688150086547866,0.0009564115693307898,3.2717491670048335e-05,znd_T0828.57_P05.00.npz
842.857142857,0.1,1835.1826701471696,0.0030905790161547776,0.008699864876234156,0.023034344099975686,3.0145055805303212e-05,0.0017297949336966935,znd_T0842.86_P00.10.npz
842.857142857,0.2,1858.3361250025487,0.0015148816379523867,0.004878700960622038,0.02185582554193977,4.834465393839817e-05,0.0011682486797023703,znd_T0842.86_P00.20.npz
842.857142857,0.3,1871.7103181039763,0.0009529861450651972,0.0029385110147746676,0.017051047014244324,7.076685426622114e-05,0.0007380433715270707,znd_T0842.86_P00.30.npz
842.857142857,0.4,1881.1108416367972,0.0006787730534801135,0.0019183214635562107,0.011995601456993903,9.265598697720907e-05,0.0005356087573027647,znd_T0842.86_P00.40.npz
842.857142857,0.5,1888.3381248610126,0.0005210118543336582,0.001356275719846025,0.008500542305441386,0.00011412181042239991,0.0004153600761649122,znd_T0842.86_P00.50.npz
842.857142857,0.6,1894.199416112864,0.00041994513436798643,0.0010209855538648132,0.006282014708995096,0.0001352482363008128,0.0003402653571095992,znd_T0842.86_P00.60.npz
842.857142857,0.7,1899.1215730852505,0.0003501814499441172,0.0008049647472241627,0.0048386394626318855,0.0001560702508546997,0.0002848696134401269,znd_T0842.86_P00.70.npz
842.857142857,0.8,1903.3591612157238,0.00029935180842741404,0.0006567499977409432,0.003856172172287538,0.00017663271865790475,0.0002453653518141839,znd_T0842.86_P00.80.npz
842.857142857,0.9,1907.0720244595802,0.00026080022684831677,0.0005501525229687286,0.003157767464890563,0.00019695799267540134,0.00021600412027473657,znd_T0842.86_P00.90.npz
842.857142857,1.0,1910.3753904013583,0.00023062188996114704,0.00047049232559842895,0.002642216778992643,0.00021706569832178571,0.0001921345058427654,znd_T0842.86_P01.00.npz
842.857142857,1.1,1913.3548614618528,0.0002064004497946979,0.0004090052463137527,0.0022498132280186498,0.00023698100918028122,0.00017262741600526717,znd_T0842.86_P01.10.npz
842.857142857,1.2,1916.0592132697436,0.0001865623946456613,0.00036048122792781617,0.001943638637169473,0.0002567093060313848,0.00015672299270817492,znd_T0842.86_P01.20.npz
842.857142857,1.3,1918.5357946301867,0.00017004067295723499,0.0003212765321723922,0.0016992473906343368,0.0002762640822962165,0.00014344776665597088,znd_T0842.86_P01.30.npz
842.857142857,1.4,1920.8195644490213,0.0001560784418182745,0.0002891171928097487,0.00150111958280882,0.00029567432041339737,0.0001307747981035502,znd_T0842.86_P01.40.npz
842.857142857,1.5,1922.9371354675482,0.00014413192960825916,0.0002623023687400216,0.001337708802487653,0.0003149375271012936,0.00012124588032573633,znd_T0842.86_P01.50.npz
842.857142857,1.6,1924.9103129564478,0.00013381158042881928,0.00023965592385570848,0.001201645213035771,0.00033405667785566293,0.00011298517500887633,znd_T0842.86_P01.60.npz
842.857142857,1.7,1926.7570400852014,0.00012480338117269035,0.00022029734427180623,0.0010864317810161622,0.00035303740271273344,0.00010578016604666252,znd_T0842.86_P01.70.npz
842.857142857,1.8,1928.4920377159506,0.00011688326618956857,0.00020362465935361895,0.000988198733727628,0.00037188620962445314,9.934714172119601e-05,znd_T0842.86_P01.80.npz
842.857142857,1.9,1930.1276295866705,0.00010986928031883923,0.00018911338015412102,0.0009038177620405845,0.00039061161772883766,9.361182077014928e-05,znd_T0842.86_P01.90.npz
842.857142857,2.0,1931.674226920584,0.00010361530287143742,0.00017640027817022124,0.0008305446006113525,0.00040921776986562293,8.847305136318332e-05,znd_T0842.86_P02.00.npz
842.857142857,2.1,1933.1406998141977,9.799949078800072e-05,0.00016516378809466737,0.0007665061037527063,0.0004277103438200389,8.38407686195421e-05,znd_T0842.86_P02.10.npz
842.857142857,2.2,1934.5346394147364,9.294533550660606e-05,0.00015518418798186775,0.0007100994335850766,0.0004460474023592825,7.999637945045387e-05,znd_T0842.86_P02.20.npz
842.857142857,2.3,1935.8626555108117,8.836035425526025e-05,0.0001462623722365973,0.0006602187501091859,0.0004643203657073555,7.618257076819717e-05,znd_T0842.86_P02.30.npz
842.857142857,2.4,1937.1304762346228,8.41887158340531e-05,0.00013824353481608784,0.000615846434029044,0.0004824903817139892,7.270816487968726e-05,znd_T0842.86_P02.40.npz
842.857142857,2.5,1938.3429745969565,8.038163282404183e-05,0.00013101744420602953,0.0005762317986779265,0.0005005607029644744,6.95305623426796e-05,znd_T0842.86_P02.50.npz
842.857142857,2.6,1939.505033943532,7.689294109672004e-05,0.00012446248786150647,0.0005406671531485931,0.0005185333858165462,6.661589735502275e-05,znd_T0842.86_P02.60.npz
842.857142857,2.7,1940.6201380974146,7.368234273489644e-05,0.0001184920872998525,0.0005085725280638442,0.0005364833835094603,6.347976249780153e-05,znd_T0842.86_P02.70.npz
842.857142857,2.8,1941.6918692498875,7.072113163689148e-05,0.00011304088786237565,0.0004794497398372182,0.00055427694484015,6.1014837707672506e-05,znd_T0842.86_P02.80.npz
842.857142857,2.9,1942.723387727844,6.797643093354005e-05,0.00010803365723393505,0.0004529044949923124,0.0005719810344052972,5.874150477348124e-05,znd_T0842.86_P02.90.npz
842.857142857,3.0,1943.7175098497248,6.543198544683377e-05,0.00010344431192256283,0.00042891831423687743,0.0005895998422482539,5.6644639983393003e-05,znd_T0842.86_P03.00.npz
842.857142857,3.1,1944.6766700472026,6.306612585395212e-05,9.919435495658367e-05,0.00040681404136067197,0.0006071329846805889,5.469116431242472e-05,znd_T0842.86_P03.10.npz
842.857142857,3.2,1945.6032202549861,6.086202408891598e-05,9.527783744078327e-05,0.0003865357287382085,0.000624582326708087,5.286757543011026e-05,znd_T0842.86_P03.20.npz
842.857142857,3.3,1946.4991823868481,5.88014312454807e-05,9.163685521061111e-05,0.00036792951805208514,0.000641949693415349,5.116115870614624e-05,znd_T0842.86_P03.30.npz
842.857142857,3.4,1947.3664359222334,5.6871265784222015e-05,8.825311656995803e-05,0.00035073060947721707,0.000659236793709004,4.956117656295212e-05,znd_T0842.86_P03.40.npz
842.857142857,3.5,1948.2066896356887,5.505744132621803e-05,8.51006602043164e-05,0.00033483523300571787,0.0006764452861758773,4.80579757661446e-05,znd_T0842.86_P03.50.npz
842.857142857,3.6,1949.021501056757,5.3354616958291866e-05,8.215798201717485e-05,0.0003202306618744118,0.0006935907245806573,4.658237708543782e-05,znd_T0842.86_P03.60.npz
842.857142857,3.7,1949.8124270630012,5.175370058834573e-05,7.940046135611601e-05,0.00030656556670861056,0.0007106382399504101,4.5071164753695864e-05,znd_T0842.86_P03.70.npz
842.857142857,3.8,1950.5804306347943,5.0240641246124485e-05,7.681881987423824e-05,0.0002938039847411056,0.0007276306359306034,4.381030778469096e-05,znd_T0842.86_P03.80.npz
842.857142857,3.9,1951.3238471025204,4.88120911780458e-05,7.438937616684836e-05,0.00028201820547931963,0.0007445529605977981,4.261796110851558e-05,znd_T0842.86_P03.90.npz
842.857142857,4.0,1952.0533342555118,4.745991747431637e-05,7.210887473154288e-05,0.00027095916926021205,0.0007614007186955762,4.14871836185529e-05,znd_T0842.86_P04.00.npz
842.857142857,4.1,1952.760270767418,4.6179720648715344e-05,6.995900491507632e-05,0.0002605612630002362,0.0007781810089635398,4.0414707230927775e-05,znd_T0842.86_P04.10.npz
842.857142857,4.2,1953.4456136901524,4.496610680635835e-05,6.792904019955146e-05,0.00025088405363404685,0.0007948951544835128,3.939615976443493e-05,znd_T0842.86_P04.20.npz
842.857142857,4.3,1954.119919260773,4.381280507862501e-05,6.600787278656144e-05,0.0002417557409556999,0.0008115380604707469,3.8426189075184364e-05,znd_T0842.86_P04.30.npz
842.857142857,4.4,1954.774345112749,4.271686203704251e-05,6.418918567103241e-05,0.00023312958859424864,0.0008281170576440659,3.750269805456539e-05,znd_T0842.86_P04.40.npz
842.857142857,4.5,1955.4127725454775,4.167191710934175e-05,6.246923610075413e-05,0.00022511604662580072,0.000844515097855532,3.6474577196512106e-05,znd_T0842.86_P04.50.npz
842.857142857,4.6,1956.0362539675589,4.0677248372835926e-05,6.0833137971787985e-05,0.00021746306308093136,0.0008609509255362018,3.562888881548071e-05,znd_T0842.86_P04.60.npz
842.857142857,4.7,1956.6451278915554,3.972825714947613e-05,5.9283534151319924e-05,0.00021031160594983138,0.0008773206815572381,3.481993444490061e-05,znd_T0842.86_P04.70.npz
842.857142857,4.8,1957.2401375988977,3.882196273651818e-05,5.78074599579832e-05,0.00020354940640958773,0.0008936250167685797,3.404553332273695e-05,znd_T0842.86_P04.80.npz
842.857142857,4.9,1957.8218650607218,3.795562243891042e-05,5.6399926839177225e-05,0.0001971273672851177,0.0009098891410818663,3.374321403169863e-05,znd_T0842.86_P04.90.npz
842.857142857,5.0,1958.3908656509354,3.7126584847166664e-05,5.5057420838504397e-05,0.00019105874655594394,0.000926112555785055,3.302133192572647e-05,znd_T0842.86_P05.00.npz
857.142857143,0.1,1832.9396853640499,0.003100637293734095,0.008832558956537069,0.023138914213836015,3.095372030723832e-05,0.0016919300492283203,znd_T0857.14_P00.10.npz
857.142857143,0.2,1856.2389614508213,0.0015279818372079946,0.005000438972013327,0.022067078383298452,4.7005006438835964e-05,0.0009356528680055209,znd_T0857.14_P00.20.npz
857.142857143,0.3,1869.7050645642976,0.0009618918243126507,0.0030249788683290968,0.01737292060837733,6.838180579608942e-05,0.000739016515879797,znd_T0857.14_P00.30.npz
857.142857143,0.4,1879.167104624099,0.0006848815629503894,0.0019759255568052576,0.012294293066330321,8.953586172766179e-05,0.0005349246458730503,znd_T0857.14_P00.40.npz
857.142857143,0.5,1886.4455957099913,0.0005254570460069671,0.0013962841719631055,0.008730789518023243,0.00011029407183984397,0.0004169843124349246,znd_T0857.14_P00.50.npz
857.142857143,0.6,1892.3490315362956,0.00042334777895833726,0.0010499378288407431,0.006455980543393223,0.00013071565630904866,0.0003417620826176004,znd_T0857.14_P00.60.npz
857.142857143,0.7,1897.3073542235147,0.0003528872194421255,0.0008267115078355082,0.004972765233891272,0.00015086060754402204,0.00028601006837099187,znd_T0857.14_P00.70.npz
857.142857143,0.8,1901.576576614373,0.000301572507096098,0.0006738395640483863,0.003962821514499556,0.00017074952016518657,0.00024614395452344313,znd_T0857.14_P00.80.npz
857.142857143,0.9,1905.3174160780202,0.00026266193742267646,0.0005638369711960217,0.0032442821939490806,0.00019041108681711071,0.00021665406271767954,znd_T0857.14_P00.90.npz
857.142857143,1.0,1908.6490568148013,0.0002322120279627969,0.00048176728319029513,0.002713985494865898,0.00020985927873497703,0.0001929385240524597,znd_T0857.14_P01.00.npz
857.142857143,1.1,1911.6485984259934,0.00020778687816479084,0.00041854304442099933,0.0023106107654487992,0.00022913724946618038,0.00017318064246494498,znd_T0857.14_P01.10.npz
857.142857143,1.2,1914.3741995284024,0.0001877789620739733,0.0003685501357185219,0.0019958019718816296,0.0002482301684047456,0.0001572111468876555,znd_T0857.14_P01.20.npz
857.142857143,1.3,1916.8673305085506,0.0001711163055474896,0.0003282698363718692,0.001744623086347873,0.00026715756493216926,0.00014388387202609104,znd_T0857.14_P01.30.npz
857.142857143,1.4,1919.1724872085772,0.00015704220340841224,0.000295202651961201,0.001540806428016982,0.0002859479086900364,0.00013113531376932343,znd_T0857.14_P01.40.npz
857.142857143,1.5,1921.3069938247304,0.00014499720242821252,0.0002676455898322926,0.0013727289610538785,0.0003045956414561367,0.00012156593965366326,znd_T0857.14_P01.50.npz
857.142857143,1.6,1923.2961593699372,0.00013459029311992162,0.0002443903519460592,0.001232985296452191,0.00032310607742644176,0.00011327174284367688,znd_T0857.14_P01.60.npz
857.142857143,1.7,1925.1579647120523,0.0001255157410699181,0.00022455675606288135,0.0011145640715363406,0.00034148476265801744,0.00010600257851270045,znd_T0857.14_P01.70.npz
857.142857143,1.8,1926.9072259070585,0.0001175296375731053,0.00020744870602609,0.0010138960793788995,0.00035973772696816573,9.956803966662036e-05,znd_T0857.14_P01.80.npz
857.142857143,1.9,1928.553023166135,0.00011046025311008771,0.00019256600106909742,0.0009270098016947497,0.00037787242659912247,9.38287292277272e-05,znd_T0857.14_P01.90.npz
857.142857143,2.0,1930.1158592118386,0.00010415804600333453,0.00017952354702048325,0.0008517376011683025,0.0003958912598638213,8.868687645876869e-05,znd_T0857.14_P02.00.npz
857.142857143,2.1,1931.5946197407598,9.850270281081069e-05,0.0001680229252945721,0.0007859137053025583,0.00041379882496281274,8.411313678032177e-05,znd_T0857.14_P02.10.npz
857.142857143,2.2,1933.000294252937,9.340567172421651e-05,0.00015779541184712136,0.0007280226002551262,0.00043160588681146855,7.989687623465453e-05,znd_T0857.14_P02.20.npz
857.142857143,2.3,1934.33956388785,8.879341585061326e-05,0.0001486672408822375,0.0006769682217476245,0.0004493033028963275,7.570002035182661e-05,znd_T0857.14_P02.30.npz
857.142857143,2.4,1935.6181994850444,8.459243026514759e-05,0.00014046287240599185,0.0006314611703432998,0.0004669087306372198,7.222721665198392e-05,znd_T0857.14_P02.40.npz
857.142857143,2.5,1936.8412118387105,8.075589416162364e-05,0.00013307124693444044,0.0005907161708982187,0.0004844189462595868,6.90510242934369e-05,znd_T0857.14_P02.50.npz
857.142857143,2.6,1938.0131309712053,7.723934531269971e-05,0.00012636482308745386,0.0005540546732398278,0.0005018367351558187,6.613571905392829e-05,znd_T0857.14_P02.60.npz
857.142857143,2.7,1939.1378308493083,7.400565414427489e-05,0.0001202660437739644,0.0005210234946546714,0.00051916377843663,6.34514615703132e-05,znd_T0857.14_P02.70.npz
857.142857143,2.8,1940.2155095483122,7.102720013469473e-05,0.00011468646151372759,0.0004912275942925016,0.0005364083067120166,6.098809816087508e-05,znd_T0857.14_P02.80.npz
857.142857143,2.9,1941.2594993078528,6.8264699951119e-05,0.00010958558885031152,0.0004639548094814237,0.00055356982566432,5.872135935294105e-05,znd_T0857.14_P02.90.npz
857.142857143,3.0,1942.26219300772,6.570027863829725e-05,0.00010487971670659641,0.0004392880291296696,0.0005706509694116326,5.661666382272673e-05,znd_T0857.14_P03.00.npz
857.142857143,3.1,1943.2298003727917,6.331590723004627e-05,0.00010055800581274271,0.00041670470281385995,0.0005876498530932732,5.465711971723015e-05,znd_T0857.14_P03.10.npz
857.142857143,3.2,1944.161140606808,6.109273721175577e-05,9.654724149599553e-05,0.0003958809613892648,0.0006045609240615597,5.2775658997902866e-05,znd_T0857.14_P03.20.npz
857.142857143,3.3,1945.0684120824237,5.901626061534744e-05,9.283677531005878e-05,0.0003767809947421578,0.0006214008561172655,5.1057497380274434e-05,znd_T0857.14_P03.30.npz
857.142857143,3.4,1945.9433782520118,5.7074217536302695e-05,8.938823017527595e-05,0.0003591480474506546,0.0006380914319413276,4.984194288783652e-05,znd_T0857.14_P03.40.npz
857.142857143,3.5,1946.791127580511,5.525037300680497e-05,8.616938946346114e-05,0.0003428207093605879,0.0006547782616896949,4.774904780766587e-05,znd_T0857.14_P03.50.npz
857.142857143,3.6,1947.613227619568,5.353630214179685e-05,8.316295868676597e-05,0.00032767046465849095,0.0006713984670169062,4.632955149093241e-05,znd_T0857.14_P03.60.npz
857.142857143,3.7,1948.411135564293,5.1922656860930315e-05,8.035240823849952e-05,0.0003137170245784625,0.0006879474323126285,4.499113227998651e-05,znd_T0857.14_P03.70.npz
857.142857143,3.8,1949.1861746408488,5.040113351458069e-05,7.772424244473984e-05,0.0003006372466090525,0.0007044271173977233,4.372795965579967e-05,znd_T0857.14_P03.80.npz
857.142857143,3.9,1949.9395498257095,4.896425198452057e-05,7.525050660867192e-05,0.000288550424864998,0.000720837308575598,4.253196231584422e-05,znd_T0857.14_P03.90.npz
857.142857143,4.0,1950.6724090535806,4.7605362369706306e-05,7.292293121942812e-05,0.00027719805105342287,0.0007371798244430945,4.139869022915931e-05,znd_T0857.14_P04.00.npz
857.142857143,4.1,1951.3857732559984,4.631809883216346e-05,7.073466177441259e-05,0.0002665218043116696,0.0007534559515987494,4.032350585434676e-05,znd_T0857.14_P04.10.npz
857.142857143,4.2,1952.080497970352,4.5093911974327914e-05,6.866611573742877e-05,0.000256597539150734,0.0007696625134502015,3.9684849402163075e-05,znd_T0857.14_P04.20.npz
857.142857143,4.3,1952.754430773385,4.3933269567889455e-05,6.671278723795696e-05,0.0002471947850019792,0.0007858148763415535,3.869560939434228e-05,znd_T0857.14_P04.30.npz
857.142857143,4.4,1953.4182637410847,4.2828814173669026e-05,6.486018334348614e-05,0.0002384455015267161,0.0008019037531425347,3.774973957861555e-05,znd_T0857.14_P04.40.npz
857.142857143,4.5,1954.0626704536571,4.1777958751441495e-05,6.310720775709728e-05,0.0002302057805888728,0.0008179346099638334,3.684738488716877e-05,znd_T0857.14_P04.50.npz
857.142857143,4.6,1954.6917943517194,4.0776455377146755e-05,6.144654005515383e-05,0.00022240843760745413,0.0008339057782251796,3.598544599260447e-05,znd_T0857.14_P04.60.npz
857.142857143,4.7,1955.306291859333,3.982101720609081e-05,5.986657204551527e-05,0.00021502128168805933,0.0008498176455712996,3.5161549731489975e-05,znd_T0857.14_P04.70.npz
857.142857143,4.8,1955.9068209067375,3.8908322727148005e-05,5.836314512922326e-05,0.0002080749151506495,0.0008656706065335725,3.437350074786039e-05,znd_T0857.14_P04.80.npz
857.142857143,4.9,1956.4940715539117,3.803607230201179e-05,5.6932255440140736e-05,0.00020151329421273068,0.0008814650157187216,3.361924111515429e-05,znd_T0857.14_P04.90.npz
857.142857143,5.0,1957.0680653581041,3.720155802394297e-05,5.556611879059971e-05,0.0001952338462858874,0.0008972016229949429,3.289711020538394e-05,znd_T0857.14_P05.00.npz
871.428571429,0.1,1830.6926966943336,0.003109923882856587,0.008964573905572733,0.023243634033034796,3.191852640175171e-05,0.0016905114925685296,znd_T0871.43_P00.10.npz
871.428571429,0.2,1854.1345453122271,0.00154116384856768,0.005123401556078197,0.022273207596440636,4.64828948529868e-05,0.0009098201821851734,znd_T0871.43_P00.20.npz
871.428571429,0.3,1867.6930854602942,0.0009709135870041264,0.00311299957081362,0.017690819545817225,6.610236019134212e-05,0.0007432157492140957,znd_T0871.43_P00.30.npz
871.428571429,0.4,1877.219804944433,0.0006910806341830039,0.002035427101038351,0.012593514527232707,8.655452569871561e-05,0.0005363955138264732,znd_T0871.43_P00.40.npz
871.428571429,0.5,1884.5493569333237,0.0005299543513191178,0.0014372601496288355,0.008963283526527479,0.00010662111120181735,0.00042051141722288714,znd_T0871.43_P00.50.npz
871.428571429,0.6,1890.49509014615,0.00042678200830831487,0.0010794288269551165,0.0066319155282136884,0.00012637600447551467,0.0003396854912211908,znd_T0871.43_P00.60.npz
871.428571429,0.7,1895.4896232934284,0.00035561961506411856,0.0008489261777707207,0.005108624639868165,0.00014586636569296826,0.0002872060011494663,znd_T0871.43_P00.70.npz
871.428571429,0.8,1899.7870759810398,0.00030382163585106317,0.0006913200884053463,0.004070541384163931,0.00016510995384004485,0.0002468359231685724,znd_T0871.43_P00.80.npz
871.428571429,0.9,1903.5593136441403,0.00026454295419489545,0.0005780346926782845,0.0033316461805054215,0.0001841248857732447,0.00021540812103427147,znd_T0871.43_P00.90.npz
871.428571429,1.0,1906.9165048991476,0.0002338229597224288,0.000493408604692694,0.0027866513880132238,0.00020295526169674955,0.00019347171359764516,znd_T0871.43_P01.00.npz
871.428571429,1.1,1909.9389168800294,0.00020917601391325032,0.0004283036035219471,0.002372272422097485,0.00022160660568085327,0.00017389091445370165,znd_T0871.43_P01.10.npz
871.428571429,1.2,1912.6857104191656,0.00018899932346527849,0.00037689256607101275,0.002048503614961587,0.0002400928585986566,0.00015773834741765062,znd_T0871.43_P01.20.npz
871.428571429,1.3,1915.2017469660002,0.00017219645976864116,0.0003354468246442864,0.0017905534272847265,0.0002584257238823223,0.0001427280969318768,znd_T0871.43_P01.30.npz
871.428571429,1.4,1917.5218472239426,0.0001580052944283366,0.00030142609990474624,0.0015810488988569115,0.0002766182154987144,0.00013152068152993946,znd_T0871.43_P01.40.npz
871.428571429,1.5,1919.6733293571453,0.0001458696912732014,0.00027314239586418717,0.0014082661743564109,0.00029467338463620143,0.00012190906246084921,znd_T0871.43_P01.50.npz
871.428571429,1.6,1921.6785123901086,0.00013538038474311055,0.0002492768861997187,0.0012646179158663845,0.000312571766039349,0.00011441923378321202,znd_T0871.43_P01.60.npz
871.428571429,1.7,1923.5554008179251,0.00012623306265068494,0.00022890897104619105,0.001143543554254152,0.0003303618058532736,0.00010698588850236393,znd_T0871.43_P01.70.npz
871.428571429,1.8,1925.3154044899902,0.00011818811446675172,0.00021136245046754877,0.001039769718663731,0.0003480730183591704,9.996719273333042e-05,znd_T0871.43_P01.80.npz
871.428571429,1.9,1926.9816069122305,0.00011106315432377558,0.00019610884204893548,0.0009504914019793688,0.00036563835811404346,9.409553498034565e-05,znd_T0871.43_P01.90.npz
871.428571429,2.0,1928.5504378992407,0.00010471459291393803,0.0001827477023147661,0.0008733617369495668,0.0003830963867457595,8.885933939165452e-05,znd_T0871.43_P02.00.npz
871.428571429,2.1,1930.0450359304475,9.901700116138601e-05,0.00017095004990968506,0.0008058221766073692,0.00040044844020322367,8.415386380586209e-05,znd_T0871.43_P02.10.npz
871.428571429,2.2,1931.4624579373578,9.387855486129832e-05,0.00016049440339628183,0.0007462793159829932,0.00041766535133466276,7.951692936050509e-05,znd_T0871.43_P02.20.npz
871.428571429,2.3,1932.8129759941282,8.922933361019308e-05,0.00015113420576087376,0.0006935767897323538,0.0004348161485680699,7.649337074509386e-05,znd_T0871.43_P02.30.npz
871.428571429,2.4,1934.102466792328,8.500048074840833e-05,0.00014275336615843966,0.0006470277770363789,0.00045188029780224824,7.296795097559296e-05,znd_T0871.43_P02.40.npz
871.428571429,2.5,1935.3322476031258,8.113983690851594e-05,0.0001351764778232972,0.0006051329934220003,0.000468854278594399,6.974818827634946e-05,znd_T0871.43_P02.50.npz
871.428571429,2.6,1936.517690332516,7.759827312580215e-05,0.00012832807391601674,0.0005677051217760571,0.0004857374985838643,6.679135292619703e-05,znd_T0871.43_P02.60.npz
871.428571429,2.7,1937.6520441405924,7.433563676086818e-05,0.00012208073338461294,0.0005337887205533624,0.0005025166449152965,6.413980196105563e-05,znd_T0871.43_P02.70.npz
871.428571429,2.8,1938.7423867656237,7.133344831229568e-05,0.00011639117987525543,0.0005030986956068175,0.0005192378847044431,6.101509033553545e-05,znd_T0871.43_P02.80.npz
871.428571429,2.9,1939.7883362966004,6.855692566493084e-05,0.00011117668879901867,0.00047516322167446423,0.0005358809138312704,5.875565472856289e-05,znd_T0871.43_P02.90.npz
871.428571429,3.0,1940.8033931024609,6.59757469169434e-05,0.00010637914024909891,0.00044985498373994716,0.0005524467869804329,5.704135767319838e-05,znd_T0871.43_P03.00.npz
871.428571429,3.1,1941.7794318524577,6.357527149671831e-05,0.00010195193357809828,0.00042656029940955366,0.0005689179840414034,5.5055430712508235e-05,znd_T0871.43_P03.10.npz
871.428571429,3.2,1942.7223198061436,6.133808646547241e-05,9.786882412581462e-05,0.00040522819351835915,0.000585332224707923,5.313319905190749e-05,znd_T0871.43_P03.20.npz
871.428571429,3.3,1943.6340640031951,5.924893564024847e-05,9.407125332038396e-05,0.00038565101778744885,0.0006016568152023865,5.1396395633654066e-05,znd_T0871.43_P03.30.npz
871.428571429,3.4,1944.516813665637,5.729154000185503e-05,9.055567434399951e-05,0.000367568493853019,0.0006179087916796607,4.976888929293623e-05,znd_T0871.43_P03.40.npz
871.428571429,3.5,1945.3720535633702,5.5453840457927746e-05,8.727275452182605e-05,0.0003508569010112577,0.0006340898112075649,4.8240693860296156e-05,znd_T0871.43_P03.50.npz
871.428571429,3.6,1946.2014528744935,5.37267934486628e-05,8.420694668651996e-05,0.00033537980365080217,0.0006502013143263806,4.680293576952791e-05,znd_T0871.43_P03.60.npz
871.428571429,3.7,1947.006454316489,5.210097222496102e-05,8.134840583699003e-05,0.0003209287526719207,0.0006662441777333982,4.544906507101883e-05,znd_T0871.43_P03.70.npz
871.428571429,3.8,1947.7884307245083,5.056805554080238e-05,7.866063491001407e-05,0.00030763916227195603,0.0006822208102953228,4.416951702901033e-05,znd_T0871.43_P03.80.npz
871.428571429,3.9,1948.548538739159,4.912199964880736e-05,7.614017647462488e-05,0.0002951759046336074,0.000698164645590481,4.2881989797630466e-05,znd_T0871.43_P03.90.npz
871.428571429,4.0,1949.28797334614,4.7753004940129694e-05,7.376624050681544e-05,0.0002835241116521906,0.0007140184244264086,4.172604183870032e-05,znd_T0871.43_P04.00.npz
871.428571429,4.1,1950.0077657184581,4.645585979842931e-05,7.153742854258418e-05,0.000272591980125055,0.000729810122673245,4.062760844442084e-05,znd_T0871.43_P04.10.npz
871.428571429,4.2,1950.7089071499197,4.522592275489986e-05,6.94316166885026e-05,0.0002624231741833092,0.0007455405679998654,3.958271709008187e-05,znd_T0871.43_P04.20.npz
871.428571429,4.3,1951.3886526590795,4.405832773990569e-05,6.74390284720694e-05,0.00025284161397809315,0.0007612126578159105,3.858841204990362e-05,znd_T0871.43_P04.30.npz
871.428571429,4.4,1952.0586718640498,4.294737927261889e-05,6.555569000160333e-05,0.00024379997345951,0.0007768191665184621,3.7640140208111525e-05,znd_T0871.43_P04.40.npz
871.428571429,4.5,1952.708948201783,4.189005575261821e-05,6.377343281035478e-05,0.0002352639108985661,0.000792369985607395,3.6736117791522875e-05,znd_T0871.43_P04.50.npz
871.428571429,4.6,1953.3437558333421,4.0882639386013684e-05,6.207913768749854e-05,0.00022727888750787584,0.0008078622890502974,3.587336851288462e-05,znd_T0871.43_P04.60.npz
871.428571429,4.7,1953.9639538760096,3.9921440627419676e-05,6.047156666436767e-05,0.0002197562889769436,0.0008232966315107879,3.5049373787377606e-05,znd_T0871.43_P04.70.npz
871.428571429,4.8,1954.5700083089196,3.9003562830627366e-05,5.89406691510736e-05,0.0002126542759177632,0.0008386738487761894,3.42620286815278e-05,znd_T0871.43_P04.80.npz
871.428571429,4.9,1955.1625209766673,3.812598860642598e-05,5.748563010975253e-05,0.00020590445742879197,0.0008539961633946769,3.350854653688107e-05,znd_T0871.43_P04.90.npz
871.428571429,5.0,1955.7421269461533,3.7286573888594736e-05,5.609845846836799e-05,0.000199508883267864,0.0008692612660741436,3.278760649971293e-05,znd_T0871.43_P05.00.npz
885.714285714,0.1,1828.4413635813899,0.0031183459172651755,0.009095870469875178,0.023348559047972613,3.304152560621592e-05,0.0016471913553337196,znd_T0885.71_P00.10.npz
885.714285714,0.2,1852.033102520671,0.0015543763441096547,0.0052476829043117835,0.022474383772626873,4.6444372374959804e-05,0.0008658949278079487,znd_T0885.71_P00.20.npz
885.714285714,0.3,1865.6771499194779,0.0009800767260169342,0.0032028235638804905,0.018004499440115982,6.392337978819009e-05,0.0007441150402396448,znd_T0885.71_P00.30.npz
885.714285714,0.4,1875.268608233665,0.0006973741002930076,0.0020962192770519884,0.012893465422877181,8.369932918496604e-05,0.0005363123522102852,znd_T0885.71_P00.40.npz
885.714285714,0.5,1882.6492713990885,0.0005345132984351631,0.0014789561280832747,0.009197960909972878,0.000103104763799076,0.000421813318335822,znd_T0885.71_P00.50.npz
885.714285714,0.6,1888.6373431321856,0.00043026453350797676,0.001109861438091166,0.006809834330416967,0.00012222643485033507,0.00034129100893182237,znd_T0885.71_P00.60.npz
885.714285714,0.7,1893.6680845146682,0.000358385851325255,0.0008719905179742386,0.00524595897899986,0.00014107931603759278,0.00028771575674460455,znd_T0885.71_P00.70.npz
885.714285714,0.8,1897.9970495263049,0.0003060801086520456,0.0007091928472856175,0.00417921085717971,0.0001597024347254965,0.0002478764578347085,znd_T0885.71_P00.80.npz
885.714285714,0.9,1901.797420204959,0.00026644288883830855,0.000592433787735934,0.0034206258699289263,0.00017811932964043972,0.0002173346683218183,znd_T0885.71_P00.90.npz
885.714285714,1.0,1905.179969149081,0.00023544501941590324,0.0005053592294105948,0.002860599012910852,0.00019633114870012353,0.00019401665505086284,znd_T0885.71_P01.00.npz
885.714285714,1.1,1908.2254610383598,0.0002105788071192742,0.00043829514617796926,0.0024338919486820224,0.00021439133802161688,0.00017236542391592936,znd_T0885.71_P01.10.npz
885.714285714,1.2,1910.9934455201314,0.00019023574357277683,0.00038542645975333617,0.00210165238111815,0.00023230174284898016,0.0001578121236774637,znd_T0885.71_P01.20.npz
885.714285714,1.3,1913.5290931154077,0.0001732917804185432,0.0003428250824299753,0.001836899739398133,0.000250052872689055,0.00014328988627080208,znd_T0885.71_P01.30.npz
885.714285714,1.4,1915.8673366270573,0.00015898002830491486,0.0003078718552048232,0.0016219260602211045,0.00026765731447361704,0.00013298385878721277,znd_T0885.71_P01.40.npz
885.714285714,1.5,1918.0359161689923,0.0001467460759100611,0.0002788082145202185,0.0014451381996145685,0.00028513483059482386,0.00012316267437296053,znd_T0885.71_P01.50.npz
885.714285714,1.6,1920.0570950155916,0.0001361771669874979,0.0002542999835509856,0.0012971581922313314,0.00030248903573740704,0.00011462484774573249,znd_T0885.71_P01.60.npz
885.714285714,1.7,1921.9490770724144,0.00012695393993368364,0.00023339813095890063,0.0011721335963232875,0.00031974636870100493,0.0001063977361157869,znd_T0885.71_P01.70.npz
885.714285714,1.8,1923.7268814264896,0.00011884440217102419,0.00021538224376707845,0.001066067026368339,0.000336874982696602,0.00010000990304265118,znd_T0885.71_P01.80.npz
885.714285714,1.9,1925.4030108895458,0.00011166438128250768,0.00019974554257324583,0.000974343242172582,0.0003538912839560585,9.410874598594713e-05,znd_T0885.71_P01.90.npz
885.714285714,2.0,1926.984611886361,0.00010526569752773337,0.0001860597304976141,0.000895137229057764,0.0003708039354980781,8.884521935088757e-05,znd_T0885.71_P02.00.npz
885.714285714,2.1,1928.4916718315217,9.952756377476666e-05,0.00017397379645375897,0.0008255858043992685,0.0003876073899265053,8.460212429915117e-05,znd_T0885.71_P02.10.npz
885.714285714,2.2,1929.9208598442212,9.435449531645854e-05,0.00016326047966767684,0.0007646509119936975,0.0004043294222937012,8.0314520620125e-05,znd_T0885.71_P02.20.npz
885.714285714,2.3,1931.2826268839124,8.966982087919894e-05,0.00015368568529685513,0.000710875549327146,0.00042095791030565054,7.643018837081065e-05,znd_T0885.71_P02.30.npz
885.714285714,2.4,1932.5828388685984,8.540893683127146e-05,0.00014510314100161105,0.0006628739229398076,0.0004374956908614802,7.29007301599405e-05,znd_T0885.71_P02.40.npz
885.714285714,2.5,1933.826644673788,8.152384659110126e-05,0.00013735515800488305,0.0006199470236035859,0.000453937044942497,6.975695121540904e-05,znd_T0885.71_P02.50.npz
885.714285714,2.6,1935.018511079532,7.795359274644751e-05,0.00013034214076812397,0.0005812586896858715,0.0004702940335168935,6.685815816871467e-05,znd_T0885.71_P02.60.npz
885.714285714,2.7,1936.1625168470096,7.467179246787629e-05,0.00012396993956204436,0.0005466163714910394,0.00048656639545401406,6.418972133009509e-05,znd_T0885.71_P02.70.npz
885.714285714,2.8,1937.262143337076,7.164737450116256e-05,0.00011814603481123894,0.0005151748252426999,0.0005028014400790149,6.142458403988587e-05,znd_T0885.71_P02.80.npz
885.714285714,2.9,1938.320630113515,6.884753356790501e-05,0.00011281679898435665,0.00048652787486486404,0.0005189272095463861,5.912454943484895e-05,znd_T0885.71_P02.90.npz
885.714285714,3.0,1939.340830234232,6.624919219912761e-05,0.00010791624058816284,0.00046050428633475087,0.000534977627244895,5.6916729871876054e-05,znd_T0885.71_P03.00.npz
885.714285714,3.1,1940.3252961536632,6.383323734309986e-05,0.00010339540437202566,0.00043662435954694266,0.0005509539736040784,5.492807772045729e-05,znd_T0885.71_P03.10.npz
885.714285714,3.2,1941.2725992015157,6.158148032677485e-05,9.922536262363007e-05,0.0004146786113526006,0.0005668608146012756,5.307139433906461e-05,znd_T0885.71_P03.20.npz
885.714285714,3.3,1942.1961333394438,5.947641369084579e-05,9.535545450032487e-05,0.0003945851483018252,0.0005826937594282198,5.133375344518673e-05,znd_T0885.71_P03.30.npz
885.714285714,3.4,1943.0862605253767,5.7506537061249295e-05,9.175856258808668e-05,0.00037612266401654216,0.0005984594681532213,4.9705948187461563e-05,znd_T0885.71_P03.40.npz
885.714285714,3.5,1943.9492192377718,5.5658862025170085e-05,8.84094063995491e-05,0.0003589988420071193,0.0006141573438512642,4.817721511974325e-05,znd_T0885.71_P03.50.npz
885.714285714,3.6,1944.7859053060745,5.39227922064943e-05,8.529056888674585e-05,0.0003430698886887627,0.0006297890874561031,4.673882475605111e-05,znd_T0885.71_P03.60.npz
885.714285714,3.7,1945.5942476287048,5.2289558470826543e-05,8.236998439538462e-05,0.0003283591818062473,0.0006453590841571579,4.530790075386304e-05,znd_T0885.71_P03.70.npz
885.714285714,3.8,1946.3868821051447,5.0745959099582905e-05,7.962839001665063e-05,0.00031466602643725095,0.0006608612524545762,4.401693438626443e-05,znd_T0885.71_P03.80.npz
885.714285714,3.9,1947.1535982817475,4.928836208006975e-05,7.705929700992622e-05,0.0003018489256953026,0.0006763028556131464,4.2794427935841044e-05,znd_T0885.71_P03.90.npz
885.714285714,4.0,1947.8997741823396,4.790868555562232e-05,7.464365526079323e-05,0.0002899564429998451,0.0006916827385288263,4.16347297490507e-05,znd_T0885.71_P04.00.npz
885.714285714,4.1,1948.6259031513155,4.660304237359154e-05,7.23700664499076e-05,0.00027876057799684724,0.0007070021388833501,4.053356351377676e-05,znd_T0885.71_P04.10.npz
885.714285714,4.2,1949.3333942866036,4.5364634493223086e-05,7.022137136474487e-05,0.0002682242961298445,0.0007222617327684597,3.948691474342421e-05,znd_T0885.71_P04.20.npz
885.714285714,4.3,1950.0228867593935,4.4188603573296985e-05,6.819416035693604e-05,0.00025845608306223006,0.0007374625301929692,3.849122180716009e-05,znd_T0885.71_P04.30.npz
885.714285714,4.4,1950.6953152784229,4.307042300441196e-05,6.627835508149824e-05,0.0002492473911262781,0.0007526053630472088,3.754315620294386e-05,znd_T0885.71_P04.40.npz
885.714285714,4.5,1951.3514669429198,4.200570445009673e-05,6.445950313521131e-05,0.0002405462407002312,0.0007676910888139609,3.6639663264094e-05,znd_T0885.71_P04.50.npz
885.714285714,4.6,1951.9920827524775,4.0991398272151045e-05,6.273697968357805e-05,0.00023235034264519735,0.0007827205717316587,3.5777918124929185e-05,znd_T0885.71_P04.60.npz
885.714285714,4.7,1952.6178419019484,4.0023798263319886e-05,6.109843068284796e-05,0.0002245856166189156,0.0007976948142609535,3.495550433452816e-05,znd_T0885.71_P04.70.npz
885.714285714,4.8,1953.229411911638,3.909983441565293e-05,5.954296181723344e-05,0.000217288831447209,0.0008126144736160919,3.416966163231163e-05,znd_T0885.71_P04.80.npz
885.714285714,4.9,1953.8273305332477,3.821668766716047e-05,5.805900585400168e-05,0.0002103780796191565,0.0008274804173278893,3.341815037909929e-05,znd_T0885.71_P04.90.npz
885.714285714,5.0,1954.4084510988564,3.737222562645352e-05,5.6650562252458e-05,0.0002037871856269995,0.0008422960173523166,3.269943070818866e-05,znd_T0885.71_P05.00.npz
900.0,0.1,1826.1853004037064,0.0031258171613468655,0.009226448072792551,0.023453802328686827,3.427810390932273e-05,0.0016354283379611096,znd_T0900.00_P00.10.npz
900.0,0.2,1849.9197266777483,0.0015676975771482583,0.005373251208131634,0.022671038354542098,4.6801561516817345e-05,0.0008421861711914893,znd_T0900.00_P00.20.npz
900.0,0.3,1863.6569287408363,0.0009893791755812274,0.0032943471770054997,0.018314062795165155,6.20626360183381e-05,0.000611034990665224,znd_T0900.00_P00.30.npz
900.0,0.4,1873.313192938754,0.0007037700838042954,0.002158465722800925,0.013193758913075934,8.097045747754007e-05,0.0005371409711432563,znd_T0900.00_P00.40.npz
900.0,0.5,1880.7410594566352,0.0005391490068739152,0.00152225413577656,0.009434375052964603,9.974739730353029e-05,0.00041762632943531756,znd_T0900.00_P00.50.npz
900.0,0.6,1886.7751729165855,0.0004337911124049484,0.0011410407796565278,0.006989583455699101,0.00011823772137522746,0.0003404434537889912,znd_T0900.00_P00.60.npz
900.0,0.7,1891.8424136342667,0.0003611839276670706,0.0008957615718548214,0.005385180490143912,0.00013648534149807094,0.00028922045255264155,znd_T0900.00_P00.70.npz
900.0,0.8,1896.2028989020994,0.0003083746937582157,0.0007278461404142862,0.004289747259701253,0.0001545115460997527,0.0002490435726807827,znd_T0900.00_P00.80.npz
900.0,0.9,1900.0314465301824,0.0002683628136402802,0.0006074344981964443,0.003510401654318113,0.0001723456337386392,0.00021790773155623804,znd_T0900.00_P00.90.npz
900.0,1.0,1903.4353993274442,0.00023708501688037744,0.0005176275124733168,0.002935076385229886,0.00018999605249052026,0.00019375744014430693,znd_T0900.00_P01.00.npz
900.0,1.1,1906.5078956158573,0.0002120018858389451,0.00044859763721556776,0.002496985207692715,0.0002074784344619597,0.000174328773894415,znd_T0900.00_P01.10.npz
900.0,1.2,1909.2970899978295,0.00019147707462841538,0.00039416922860984756,0.0021562403512923357,0.00022481303849772422,0.00015814913333017137,znd_T0900.00_P01.20.npz
900.0,1.3,1911.852318127414,0.00017439232254908032,0.0003503648644253261,0.0018841851023218014,0.0002420055984503315,0.00014358663088655702,znd_T0900.00_P01.30.npz
900.0,1.4,1914.2088268531886,0.00015996768579935254,0.00031450161728295486,0.0016633595243653455,0.0002590602782468376,0.00013322537229300152,znd_T0900.00_P01.40.npz
900.0,1.5,1916.3944328344385,0.00014763063021126,0.0002846099076193577,0.0014815637856477018,0.00027599400296929256,0.00012334166354697687,znd_T0900.00_P01.50.npz
900.0,1.6,1918.43166298133,0.0001369729351317065,0.0002594444646204986,0.0013297792321753405,0.0002928129973785781,0.00011390648152045779,znd_T0900.00_P01.60.npz
900.0,1.7,1920.3383429593525,0.00012768419593809307,0.0002380062023192975,0.0012013678322625235,0.00030952184187784575,0.00010665640432710019,znd_T0900.00_P01.70.npz
900.0,1.8,1922.1307182363846,0.00011951686426924889,0.00021954484759872448,0.0010925215172401014,0.00032611050404703963,9.997509160109965e-05,znd_T0900.00_P01.80.npz
900.0,1.9,1923.8205173735664,0.00011227992284575629,0.0002034862693600774,0.0009986913824879616,0.0003425941477638185,9.405849179543676e-05,znd_T0900.00_P01.90.npz
900.0,2.0,1925.4186408525763,0.00010582897853608544,0.00018945934844584531,0.0009170358744026074,0.0003589989428532758,8.92978970863465e-05,znd_T0900.00_P02.00.npz
900.0,2.1,1926.9342631792124,0.00010004896233775408,0.0001770747761995075,0.0008460188664787599,0.0003752964487292572,8.453505258998871e-05,znd_T0900.00_P02.10.npz
900.0,2.2,1928.3751634311018,9.484005919584203e-05,0.00016611054151559977,0.0007833644911952771,0.0003915010150358591,8.024310745159163e-05,znd_T0900.00_P02.20.npz
900.0,2.3,1929.7482364225505,9.011841823505212e-05,0.00015631241016795386,0.0007281249409994391,0.00040761576823841495,7.63860343085731e-05,znd_T0900.00_P02.30.npz
900.0,2.4,1931.0592271383732,8.582627411918136e-05,0.00014751644963049266,0.000678739324527263,0.0004236454652849781,7.292712053190197e-05,znd_T0900.00_P02.40.npz
900.0,2.5,1932.3133857609816,8.190931798786612e-05,0.00013959628144252138,0.000634779448667529,0.0004395906698857729,6.97661481144469e-05,znd_T0900.00_P02.50.npz
900.0,2.6,1933.5152857606736,7.83215875541582e-05,0.0001324222201696732,0.0005952714372245259,0.00045545344356903516,6.686585244435724e-05,znd_T0900.00_P02.60.npz
900.0,2.7,1934.6688867234711,7.501665482914852e-05,0.00012589519549172887,0.0005594749207192323,0.00047123639880471564,6.386809273493532e-05,znd_T0900.00_P02.70.npz
900.0,2.8,1935.7778326069244,7.19674044812161e-05,0.00011994906140530672,0.0005273848335197809,0.000486949872640181,6.13836118958434e-05,znd_T0900.00_P02.80.npz
900.0,2.9,1936.8453176908176,6.915032579953962e-05,0.00011450324066517187,0.000498103323341078,0.0005025776856189704,5.9006879805433386e-05,znd_T0900.00_P02.90.npz
900.0,3.0,1937.874209396771,6.653642925808204e-05,0.00010949656724058268,0.00047128957429392487,0.0005181449374823859,5.686869009770572e-05,znd_T0900.00_P03.00.npz
900.0,3.1,1938.8631580091442,6.410408272380347e-05,0.00010488171577337399,0.00044677667008732267,0.0005336436073863879,5.487921685579225e-05,znd_T0900.00_P03.10.npz
900.0,3.2,1939.82633295852,6.183396409482271e-05,0.00010062020671018977,0.00042447970692152816,0.000549070306299789,5.3021344421240456e-05,znd_T0900.00_P03.20.npz
900.0,3.3,1940.7540238439512,5.971401276857527e-05,9.666803852585193e-05,0.00040370553998455417,0.0005644314276236318,5.1284409152247075e-05,znd_T0900.00_P03.30.npz
900.0,3.4,1941.6518819207797,5.772962855097406e-05,9.29998656282624e-05,0.0003847265812842287,0.0005797268175389292,4.96563525102164e-05,znd_T0900.00_P03.40.npz
900.0,3.5,1942.5223277333853,5.587008097843069e-05,8.958645171963204e-05,0.000367176516496473,0.0005949388948133399,4.8050839387915744e-05,znd_T0900.00_P03.50.npz
900.0,3.6,1943.3663060691242,5.412112024629741e-05,8.640191219006265e-05,0.00035091482224807764,0.0006101038056275325,4.660273716373839e-05,znd_T0900.00_P03.60.npz
900.0,3.7,1944.185509284814,5.2474708873790504e-05,8.342168074235594e-05,0.00033583697792956534,0.0006252058759175197,4.5235132980628364e-05,znd_T0900.00_P03.70.npz
900.0,3.8,1944.981299795319,5.092224005971115e-05,8.06321632915947e-05,0.00032176798340169865,0.0006402462750570494,4.394176452033507e-05,znd_T0900.00_P03.80.npz
900.0,3.9,1945.7549179259606,4.94562355813954e-05,7.80132900449125e-05,0.0003086745697916868,0.0006552261336261513,4.2717121445810464e-05,znd_T0900.00_P03.90.npz
900.0,4.0,1946.5075421030397,4.806963904905498e-05,7.554826697029205e-05,0.0002964292955418201,0.0006701465392478412,4.1556244846305726e-05,znd_T0900.00_P04.00.npz
900.0,4.1,1947.240158145397,4.675631878035708e-05,7.322790551621657e-05,0.00028500331887056714,0.000685008567416242,4.0454656785458704e-05,znd_T0900.00_P04.10.npz
900.0,4.2,1947.9538622187818,4.5510719401080356e-05,7.104064409168118e-05,0.0002742658176915041,0.0006998132020278489,3.940825267734796e-05,znd_T0900.00_P04.20.npz
900.0,4.3,1948.6494909856926,4.4327873703046385e-05,6.897788756597394e-05,0.00026415052179135247,0.0007145614824460892,3.841330191981894e-05,znd_T0900.00_P04.30.npz
900.0,4.4,1949.327896823825,4.320277095760056e-05,6.70218495487403e-05,0.00025469179548281913,0.0007292543864504319,3.746635564938238e-05,znd_T0900.00_P04.40.npz
900.0,4.5,1949.9899466535398,4.213104003229049e-05,6.517319394479937e-05,0.0002457546853995046,0.0007438930398632568,3.656446388404281e-05,znd_T0900.00_P04.50.npz
900.0,4.6,1950.6362888980757,4.110978579638836e-05,6.341678241820587e-05,0.00023740484474320952,0.0007584781463085181,3.570437233570116e-05,znd_T0900.00_P04.60.npz
900.0,4.7,1951.2676803398883,4.0135607687686116e-05,6.175114592512725e-05,0.00022945833864914614,0.000773010534823165,3.488336173502743e-05,znd_T0900.00_P04.70.npz
900.0,4.8,1951.884739015307,3.920560243712731e-05,6.016525988569506e-05,0.00022192191935963365,0.0007874898284780324,3.4099267985271445e-05,znd_T0900.00_P04.80.npz
900.0,4.9,1952.4880883305555,3.8316477360908286e-05,5.866020662805757e-05,0.00021484969901926324,0.0008019197173006302,3.334935300610276e-05,znd_T0900.00_P04.90.npz
900.0,5.0,1953.0782977645827,3.746588158107233e-05,5.722405933014997e-05,0.0002081757900182153,0.000816299535491328,3.263172172165145e-05,znd_T0900.00_P05.00.npz
914.285714286,0.1,1823.9240581366175,0.0031325924165450303,0.009356187883490364,0.023559383531568445,3.562781573095897e-05,0.0016239819247506867,znd_T0914.29_P00.10.npz
914.285714286,0.2,1847.809457048667,0.0015810982603324563,0.005500091883108582,0.02286323623667315,4.75054605000704e-05,0.0008228647055143574,znd_T0914.29_P00.20.npz
914.285714286,0.3,1861.632003080681,0.0009988414053157743,0.0033877513640301355,0.018619459067629077,6.12020081119719e-05,0.0005896268150640814,znd_T0914.29_P00.30.npz
914.285714286,0.4,1871.353132441308,0.0007102823349746699,0.002222036698798219,0.01349431171160077,7.835679555516929e-05,0.0005407795652433446,znd_T0914.29_P00.40.npz
914.285714286,0.5,1878.8361576209625,0.0005438500147212632,0.0015662806487262736,0.009672766457094702,9.653226905992627e-05,0.00041876939123980194,znd_T0914.29_P00.50.npz
914.285714286,0.6,1884.9048666374265,0.0004373756794159093,0.0011731698872846242,0.0071715251247646775,0.00011443040627095115,0.0003416420018714765,znd_T0914.29_P00.60.npz
914.285714286,0.7,1890.008119683364,0.00036402552971540123,0.000920031134378138,0.005525984643434452,0.0001320916538438469,0.0002876056804385743,znd_T0914.29_P00.70.npz
914.285714286,0.8,1894.404267749556,0.0003106909370857454,0.0007468418458241192,0.004401621652569305,0.00014954250320999127,0.00024921637803681785,znd_T0914.29_P00.80.npz
914.285714286,0.9,1898.2609644679885,0.0002703057202931416,0.0006226412486924986,0.0036011754839488956,0.00016680628552250557,0.0002184913374561907,znd_T0914.29_P00.90.npz
914.285714286,1.0,1901.6942197811263,0.00023873677685896014,0.0005302225792109662,0.003010655722963404,0.0001838992231174337,0.0001942267459570504,znd_T0914.29_P01.00.npz
914.285714286,1.1,1904.7859015192334,0.00021343862646627725,0.00045916136886428154,0.002561398956992091,0.00020083623147587723,0.00017455453479706478,znd_T0914.29_P01.10.npz
914.285714286,1.2,1907.5962980982924,0.00019273346339204492,0.00040320244652376384,0.0022106505370301185,0.00021762676832124612,0.00015838225136158597,znd_T0914.29_P01.20.npz
914.285714286,1.3,1910.1711342662961,0.0001755040393363217,0.0003581609875521601,0.0019315741460578003,0.000234278594710934,0.00014380222328631132,znd_T0914.29_P01.30.npz
914.285714286,1.4,1912.5458745200915,0.00016095774782085183,0.0003212506729850178,0.0017050716814886618,0.00025080743359327855,0.00013338634010242624,znd_T0914.29_P01.40.npz
914.285714286,1.5,1914.748417238326,0.0001485247535975322,0.0002905835215425393,0.0015181131738296948,0.00026720778893634886,0.00012248892045499857,znd_T0914.29_P01.50.npz
914.285714286,1.6,1916.8015805373518,0.00013778250074354326,0.00026475221497218316,0.0013626776157119524,0.00028351145384532386,0.00011421458346538385,znd_T0914.29_P01.60.npz
914.285714286,1.7,1918.7238705878292,0.00012841663454246188,0.00024272582288419268,0.001231392822236208,0.0002996879214557407,0.00010660609161841494,znd_T0914.29_P01.70.npz
914.285714286,1.8,1920.530243165046,0.00012018868414236556,0.00022379664702749762,0.0011194913083790664,0.0003157847016766782,0.00010050744935219047,znd_T0914.29_P01.80.npz
914.285714286,1.9,1922.2335254063087,0.00011289647965922672,0.00020735326937761038,0.0010229229907638023,0.0003317677721610938,9.454507957516328e-05,znd_T0914.29_P01.90.npz
914.285714286,2.0,1923.8445436903123,0.00010639829368824685,0.0001929648406119145,0.0009393169593415014,0.0003476541356734585,8.923245779651032e-05,znd_T0914.29_P02.00.npz
914.285714286,2.1,1925.372445537116,0.00010057557486329125,0.0001802810950760753,0.0008662013807021243,0.0003634410704500623,8.493540192864525e-05,znd_T0914.29_P02.10.npz
914.285714286,2.2,1926.8251328012602,9.53272548562367e-05,0.0001690280725804227,0.0008023198993123012,0.00037915463477399263,8.020671805276308e-05,znd_T0914.29_P02.20.npz
914.285714286,2.3,1928.2094011550223,9.057654079500782e-05,0.0001590004869863716,0.0007454728551128959,0.0003947819309073359,7.640759295785151e-05,znd_T0914.29_P02.30.npz
914.285714286,2.4,1929.5312142160726,8.625048374708058e-05,0.0001500115730107556,0.0006950332363701709,0.00041032653628261237,7.29477092881868e-05,znd_T0914.29_P02.40.npz
914.285714286,2.5,1930.7958177851408,8.230303607622511e-05,0.0001419006216424893,0.0006497400341476871,0.0004257906522841514,6.978455021684432e-05,znd_T0914.29_P02.50.npz
914.285714286,2.6,1932.0076266360916,7.868792779831054e-05,0.000134561907679818,0.0006093384399575542,0.0004411418238453596,6.653232110509589e-05,znd_T0914.29_P02.60.npz
914.285714286,2.7,1933.1710423083014,7.536478198994642e-05,0.00012789594034501054,0.0005728085095684902,0.00045645453920209754,6.384125789125807e-05,znd_T0914.29_P02.70.npz
914.285714286,2.8,1934.2891299413288,7.229174448538408e-05,0.0001218067060814531,0.0005397684573791999,0.00047167522889649894,6.127881734667726e-05,znd_T0914.29_P02.80.npz
914.285714286,2.9,1935.3656207311478,6.945318763105686e-05,0.00011624333774387301,0.0005096839762393499,0.00048684420704930094,5.89761589991376e-05,znd_T0914.29_P02.90.npz
914.285714286,3.0,1936.403195100814,6.682039635050844e-05,0.00011112077965019509,0.00048231852916157797,0.0005019446964839281,5.683819690618455e-05,znd_T0914.29_P03.00.npz
914.285714286,3.1,1937.4045169643405,6.437236457926631e-05,0.00010641632920534676,0.00045716963159929137,0.0005169781829361995,5.484780013731081e-05,znd_T0914.29_P03.10.npz
914.285714286,3.2,1938.3719185678715,6.209082670848045e-05,0.00010205496290367438,0.0004341469491428191,0.0005319461210432148,5.2990195297315686e-05,znd_T0914.29_P03.20.npz
914.285714286,3.3,1939.3075613068736,5.995980024907318e-05,9.803015860949931e-05,0.0004130986118216294,0.000546849885001809,5.1252536102632884e-05,znd_T0914.29_P03.30.npz
914.285714286,3.4,1940.2133211342893,5.7962258360531054e-05,9.428283709689833e-05,0.0003936743976327887,0.0005616553385539747,4.953661287769413e-05,znd_T0914.29_P03.40.npz
914.285714286,3.5,1941.0911082966397,5.608994023450879e-05,9.079198406436535e-05,0.00037548922138307925,0.0005764292997212251,4.799737144604598e-05,znd_T0914.29_P03.50.npz
914.285714286,3.6,1941.9423146492218,5.432850833680375e-05,8.754840972504446e-05,0.00035887210173436376,0.0005911416243482644,4.6546560848098484e-05,znd_T0914.29_P03.60.npz
914.285714286,3.7,1942.7686198256756,5.267047947129295e-05,8.450932802860599e-05,0.0003433206193721495,0.0006057934765735093,4.5177058272390824e-05,znd_T0914.29_P03.70.npz
914.285714286,3.8,1943.5713474714817,5.110580027777522e-05,8.166388321370194e-05,0.00032900141289157156,0.0006203860899808577,4.388259331787288e-05,znd_T0914.29_P03.80.npz
914.285714286,3.9,1944.3516956957174,4.9629709944232067e-05,7.898827173877402e-05,0.0003154859457352447,0.0006349206895194003,4.2657546734448176e-05,znd_T0914.29_P03.90.npz
914.285714286,4.0,1945.1108965347464,4.823367616490222e-05,7.648136237943968e-05,0.00030300537164029733,0.0006493983663653986,4.149682099035815e-05,znd_T0914.29_P04.00.npz
914.285714286,4.1,1945.8499457805035,4.691149619481095e-05,7.41150250559968e-05,0.00029124554725452136,0.0006638202834413077,4.039581604479352e-05,znd_T0914.29_P04.10.npz
914.285714286,4.2,1946.5699289871066,4.565757420550807e-05,7.189002441432053e-05,0.0002802975094943208,0.0006781907656296639,3.9878141086175166e-05,znd_T0914.29_P04.20.npz
914.285714286,4.3,1947.2716763709413,4.4467015293682254e-05,6.978209260704762e-05,0.0002699738673556828,0.0006925209376787225,3.8869195377316976e-05,znd_T0914.29_P04.30.npz
914.285714286,4.4,1947.9561031469025,4.333515339559137e-05,6.779501841807608e-05,0.000260289001621763,0.0007067987071582141,3.790966895193242e-05,znd_T0914.29_P04.40.npz
914.285714286,4.5,1948.6240255116818,4.2257843258942056e-05,6.590944403770649e-05,0.0002511347402349074,0.0007210256746488086,3.699530190191044e-05,znd_T0914.29_P04.50.npz
914.285714286,4.6,1949.2760855070485,4.123128106482866e-05,6.412137923609606e-05,0.00024247408344744273,0.0007352048570062145,3.612077548334773e-05,znd_T0914.29_P04.60.npz
914.285714286,4.7,1949.9131360871474,4.0252139546225385e-05,6.242721581606844e-05,0.00023440286212685126,0.0007493313798295898,3.528900193179072e-05,znd_T0914.29_P04.70.npz
914.285714286,4.8,1950.5357179964808,3.9317258549194806e-05,6.0814492260252625e-05,0.00022675505260555075,0.0007634087941727819,3.449450921503239e-05,znd_T0914.29_P04.80.npz
914.285714286,4.9,1951.1444712765947,3.8420627286874125e-05,5.928038795677418e-05,0.00021945041729054844,0.0007774377695944183,3.373493701115503e-05,znd_T0914.29_P04.90.npz
914.285714286,5.0,1951.739995981182,3.7564578808725024e-05,5.7816462105920454e-05,0.00021261118572862668,0.0007914189738346384,3.300809897546275e-05,znd_T0914.29_P05.00.npz
928.571428571,0.1,1821.6605465315154,0.003138430866903467,0.009485148296082975,0.023665411889630217,3.70871535272889e-05,0.0016132356426731562,znd_T0928.57_P00.10.npz
928.571428571,0.2,1845.689963778913,0.0015946095212241657,0.005628120580637007,0.023051322971388476,4.850030226403697e-05,0.0008031455407050009,znd_T0928.57_P00.20.npz
928.571428571,0.3,1859.5975971333667,0.0010084800146311689,0.0034828485618801923,0.01892055576235513,6.091601481558077e-05,0.0005664507509013497,znd_T0928.57_P00.30.npz
928.571428571,0.4,1869.3880631410964,0.0007169171420269789,0.002287254551053723,0.013795038891145068,7.586368505780646e-05,0.0005350345250986499,znd_T0928.57_P00.40.npz
928.571428571,0.5,1876.9179990001667,0.000548648835943958,0.0016119776300838702,0.009913263806635727,9.345294725044778e-05,0.00042054595517804867,znd_T0928.57_P00.50.npz
928.571428571,0.6,1883.0376626132393,0.00044101241634235096,0.0012062139474728504,0.007355337702110517,0.00011077874085715317,0.0003432142214439552,znd_T0928.57_P00.60.npz
928.571428571,0.7,1888.1771815279185,0.00036690009218120947,0.0009450442430361838,0.0056683321626131815,0.00012787898409005524,0.0002883577879697828,znd_T0928.57_P00.70.npz
928.571428571,0.8,1892.6005898812632,0.0003130465739000816,0.0007664120594174398,0.004514688029276964,0.0001447718057241495,0.0002498495500200408,znd_T0928.57_P00.80.npz
928.571428571,0.9,1896.4856416118416,0.00027227307675293356,0.0006384870960740931,0.003692774876092483,0.0001614929598505161,0.00021896769446204397,znd_T0928.57_P00.90.npz
928.571428571,1.0,1899.9442903906331,0.00024041311231754985,0.0005432447409486167,0.00308695515003098,0.00017805087127396226,0.0001945842977709213,znd_T0928.57_P01.00.npz
928.571428571,1.1,1903.0590921525798,0.000214886038110806,0.0004700907572630844,0.0026258949404916027,0.00019445996742222104,0.0001748043202162139,znd_T0928.57_P01.10.npz
928.571428571,1.2,1905.8863739686365,0.00019400880300353944,0.0004125378692389284,0.0022661750659821295,0.0002107300313651519,0.00015851776467543807,znd_T0928.57_P01.20.npz
928.571428571,1.3,1908.4851310243457,0.00017663403383819215,0.00036617057757857104,0.001979226548813241,0.0002268588404103967,0.00014395188367447758,znd_T0928.57_P01.30.npz
928.571428571,1.4,1910.878094330201,0.0001619660089444967,0.0003282401540995855,0.0017475836994497317,0.00024286759396453055,0.00013240288362148186,znd_T0928.57_P01.40.npz
928.571428571,1.5,1913.0978149063246,0.00014943027491306834,0.00029671116314959335,0.001555956793791361,0.00025876405133532117,0.00012255707864019657,znd_T0928.57_P01.50.npz
928.571428571,1.6,1915.1670208008143,0.00013860445520647472,0.00027020959490371964,0.0013959321456647946,0.000274561363879999,0.00011416892290794578,znd_T0928.57_P01.60.npz
928.571428571,1.7,1917.1042017072334,0.00012916362240174788,0.00024760410250622287,0.0012612288661154397,0.00029026716064626694,0.00010719949970067797,znd_T0928.57_P01.70.npz
928.571428571,1.8,1918.9248990143233,0.00012086659542710915,0.00022818633977003924,0.0011466261632951248,0.0003058539420878744,0.00010046665521199471,znd_T0928.57_P01.80.npz
928.571428571,1.9,1920.6417425563982,0.00011352225750616867,0.00021131008999885508,0.0010477953123010563,0.00032134978691638244,9.48619617039048e-05,znd_T0928.57_P01.90.npz
928.571428571,2.0,1922.265655728421,0.00010697495214023496,0.0001965702727830375,0.0009620502369430378,0.00033675189269144934,8.965530500390998e-05,znd_T0928.57_P02.00.npz
928.571428571,2.1,1923.8058565311385,0.00010110772583912797,0.00018357682712871366,0.0008872039555778358,0.00035205018871598177,8.443701111201569e-05,znd_T0928.57_P02.10.npz
928.571428571,2.2,1925.2702898780972,9.582004108943189e-05,0.0001720506012912789,0.000821317854919856,0.00036728620470268696,8.024154141935701e-05,znd_T0928.57_P02.20.npz
928.571428571,2.3,1926.6658125349768,9.103542492174646e-05,0.00016177406045625976,0.0007632221797121676,0.00038244132216535447,7.643894368139555e-05,znd_T0928.57_P02.30.npz
928.571428571,2.4,1927.9982510611244,8.668351142245444e-05,0.00015255843965320307,0.0007112208116908711,0.0003975177288636889,7.2976144386369e-05,znd_T0928.57_P02.40.npz
928.571428571,2.5,1929.2733542232575,8.27074963977891e-05,0.00014427315454107012,0.0006650223228066013,0.00041248828802485584,7.0279902892861e-05,znd_T0928.57_P02.50.npz
928.571428571,2.6,1930.490901689316,7.90643262743452e-05,0.00013676781914875316,0.000623601191260966,0.0004274078770063715,6.73169810439114e-05,znd_T0928.57_P02.60.npz
928.571428571,2.7,1931.6681053441864,7.571721078677209e-05,0.00012994246339543777,0.0005859460301364934,0.00044225218116701647,6.458736335902234e-05,znd_T0928.57_P02.70.npz
928.571428571,2.8,1932.795649879048,7.262559930529597e-05,0.00012372597957581823,0.0005522799064303168,0.0004570418022960052,6.201263043579276e-05,znd_T0928.57_P02.80.npz
928.571428571,2.9,1933.8811197397513,6.976603736264852e-05,0.0001180256611448103,0.0005214749079352395,0.0004717494943111599,5.968111599563462e-05,znd_T0928.57_P02.90.npz
928.571428571,3.0,1934.9274162855972,6.711391944096652e-05,0.00011280648632900939,0.0004933752283691839,0.0004863899886511237,5.7516603167417714e-05,znd_T0928.57_P03.00.npz
928.571428571,3.1,1935.9371829222503,6.46480679857484e-05,0.00010798632604004341,0.00046770260717794005,0.00050096486714487,5.55018316326566e-05,znd_T0928.57_P03.10.npz
928.571428571,3.2,1936.9127431246523,6.235006259708992e-05,0.00010354563745748613,0.00044403061113833714,0.0005154756464005079,5.362185254327206e-05,znd_T0928.57_P03.20.npz
928.571428571,3.3,1937.8519791019587,6.020491264429836e-05,9.942574637160695e-05,0.00042233431937345293,0.0005299326527103155,5.184909796331128e-05,znd_T0928.57_P03.30.npz
928.571428571,3.4,1938.7697812428412,5.8194003815083434e-05,9.559780983658004e-05,0.0004025586676172674,0.0005443256252946877,5.0185704966577527e-05,znd_T0928.57_P03.40.npz
928.571428571,3.5,1939.6506815089572,5.630947416833844e-05,9.204902291025426e-05,0.00038406762896968307,0.0005586646239214523,4.862212861097467e-05,znd_T0928.57_P03.50.npz
928.571428571,3.6,1940.5135838124293,5.4537221861988806e-05,8.87300852095638e-05,0.00036685086312492255,0.0005729435914809092,4.714725312287467e-05,znd_T0928.57_P03.60.npz
928.571428571,3.7,1941.3469734025466,5.2871486927096967e-05,8.563043483524927e-05,0.0003510399604496529,0.0005871689885836047,4.57561735079095e-05,znd_T0928.57_P03.70.npz
928.571428571,3.8,1942.1566007500335,5.129808124395227e-05,8.272105850742072e-05,0.00033622203768783447,0.0006013399015768393,4.444172471057237e-05,znd_T0928.57_P03.80.npz
928.571428571,3.9,1942.9434243996477,4.9811803346687114e-05,8.000496813160253e-05,0.000322547895992606,0.0006154573062110989,4.3198172574772874e-05,znd_T0928.57_P03.90.npz
928.571428571,4.0,1943.7094815484984,4.840612602660701e-05,7.744628373755543e-05,0.0003095987345544182,0.0006295216250875693,4.202014884100712e-05,znd_T0928.57_P04.00.npz
928.571428571,4.1,1944.4549848005838,4.707498067190179e-05,7.503247022053074e-05,0.00029763998924112287,0.0006435359123648888,4.090002092454672e-05,znd_T0928.57_P04.10.npz
928.571428571,4.2,1945.181217152695,4.5812567234929574e-05,7.276436763384432e-05,0.0002863469262634373,0.0006574970509022238,3.9839533118858076e-05,znd_T0928.57_P04.20.npz
928.571428571,4.3,1945.8891217539467,4.461348018200351e-05,7.061592882974371e-05,0.0002758494812489644,0.0006714073646016653,3.883211251232689e-05,znd_T0928.57_P04.30.npz
928.571428571,4.4,1946.5795821165668,4.347401493275809e-05,6.859336097581735e-05,0.00026589045838710677,0.0006852682337650331,3.787312186814843e-05,znd_T0928.57_P04.40.npz
928.571428571,4.5,1947.2533346950793,4.239006685438683e-05,6.667253144966401e-05,0.0002565709789193206,0.0006990801241654427,3.695975110038328e-05,znd_T0928.57_P04.50.npz
928.571428571,4.6,1947.911194280369,4.1357237415560746e-05,6.485010506047862e-05,0.0002477218596778854,0.0007128437249403812,3.608894622369083e-05,znd_T0928.57_P04.60.npz
928.571428571,4.7,1948.5538459030918,4.037069775063253e-05,6.312514817026676e-05,0.00023937299621621985,0.0007265597631663382,3.525790755862291e-05,znd_T0928.57_P04.70.npz
928.571428571,4.8,1949.1819366490379,3.943131823947743e-05,6.14822896454304e-05,0.000231525291979242,0.0007402293444397123,3.446139817976442e-05,znd_T0928.57_P04.80.npz
928.571428571,4.9,1949.7961048503853,3.8532668419999244e-05,5.992420572890391e-05,0.0002240933204168676,0.0007538375232851504,3.3722407114782614e-05,znd_T0928.57_P04.90.npz
928.571428571,5.0,1950.396911864497,3.767054737628707e-05,5.84370808914782e-05,0.00021708942716301257,0.0007673986842754705,3.3014538518574595e-05,znd_T0928.57_P05.00.npz
942.857142857,0.1,1819.387876748923,0.003143498114557345,0.0096132312891991,0.023771857275124524,3.865657907309597e-05,0.0015620424842918506,znd_T0942.86_P00.10.npz
942.857142857,0.2,1843.5647550651972,0.0016082668760819898,0.0057573028733225295,0.02323552678650761,4.9735882666559964e-05,0.0007831566763345794,znd_T0942.86_P00.20.npz
942.857142857,0.3,1857.5664067109446,0.0010182798761571323,0.003579740682937819,0.019217393139295574,6.113117130383544e-05,0.0005429445566951232,znd_T0942.86_P00.30.npz
942.857142857,0.4,1867.41753839286,0.0007236870570568058,0.00235416805718418,0.014095752163524105,7.454485697553438e-05,0.000435734276388405,znd_T0942.86_P00.40.npz
942.857142857,0.5,1875.0031470076347,0.0005535278934547772,0.0016586038320337863,0.010155370398899643,9.050703283291458e-05,0.0004198159771476722,znd_T0942.86_P00.50.npz
942.857142857,0.6,1881.1609456866827,0.00044471610515934825,0.001240180092643209,0.007541085280731399,0.00010727943549621853,0.00034375573521693595,znd_T0942.86_P00.60.npz
942.857142857,0.7,1886.3333727290974,0.00036983437739242605,0.000970655437406225,0.005812490412580113,0.000123841269259884,0.0002889058002401328,znd_T0942.86_P00.70.npz
942.857142857,0.8,1890.7874134987167,0.00031543616797694463,0.0007864373565373625,0.00462910329910609,0.00014021047688072663,0.00024876873570127693,znd_T0942.86_P00.80.npz
942.857142857,0.9,1894.7050435864928,0.00027426771101158383,0.0006545671330190686,0.0037861584085366593,0.00015639739128622422,0.00021931747560625857,znd_T0942.86_P00.90.npz
942.857142857,1.0,1898.1890963926435,0.00024211479625860715,0.0005565606842070181,0.0031640794838140363,0.0001724404173566133,0.0001948416888853155,znd_T0942.86_P01.00.npz
942.857142857,1.1,1901.3269842026766,0.000216356884656189,0.00048129734403031844,0.00269128527373139,0.00018834101210201225,0.00017497686034062096,znd_T0942.86_P01.10.npz
942.857142857,1.2,1904.1798222683835,0.0001952947412493779,0.0004220088660061312,0.0023224654183452817,0.0002040996819994739,0.00015761853436949152,znd_T0942.86_P01.20.npz
942.857142857,1.3,1906.7893785218228,0.000177773784863134,0.0003743995897879484,0.0020278774347929724,0.00021973232119962358,0.00014398444906408143,znd_T0942.86_P01.30.npz
942.857142857,1.4,1909.205094176649,0.00016298120466019407,0.00033541379512304424,0.0017902864491316673,0.00023524892792603781,0.00013249257855852512,znd_T0942.86_P01.40.npz
942.857142857,1.5,1911.441870471557,0.00015034466767581466,0.00030304514823113776,0.0015940511795737556,0.00025067029335492877,0.00012288676832984224,znd_T0942.86_P01.50.npz
942.857142857,1.6,1913.5271004381766,0.00013943215295107562,0.0002758126468246781,0.0014300227723986318,0.0002659926111218832,0.00011486823832834112,znd_T0942.86_P01.60.npz
942.857142857,1.7,1915.47494451385,0.00012992204714963688,0.0002526247651680597,0.0012916339415444842,0.0002812000016845085,0.0001072091573525727,znd_T0942.86_P01.70.npz
942.857142857,1.8,1917.3143788704726,0.0001215575887052825,0.00023268604174449871,0.00117404109300647,0.00029631559326290783,0.00010084256909971109,znd_T0942.86_P01.80.npz
942.857142857,1.9,1919.0402606981877,0.00011415954161192466,0.0002153847897779042,0.0010728581708551587,0.00031134034262736453,9.48885489464697e-05,znd_T0942.86_P01.90.npz
942.857142857,2.0,1920.6770609035168,0.00010756299388590734,0.00020026713724456327,0.0009849520472687058,0.00032624502830037123,8.914088030080156e-05,znd_T0942.86_P02.00.npz
942.857142857,2.1,1922.2295595004084,0.00010165406205491154,0.0001869390817010064,0.0009082380144939182,0.0003411012653330762,8.448642830141741e-05,znd_T0942.86_P02.10.npz
942.857142857,2.2,1923.7102454173526,9.63227555486496e-05,0.00017514931315429442,0.000840481226019926,0.00035587673391829515,8.028652804168718e-05,znd_T0942.86_P02.20.npz
942.857142857,2.3,1925.1170289283634,9.150044537976542e-05,0.00016462891021477464,0.0007811180739403226,0.0003705760608199013,7.647967822597982e-05,znd_T0942.86_P02.30.npz
942.857142857,2.4,1926.460446242042,8.711820929118764e-05,0.00015520018308957823,0.0007278356714351704,0.0003852001974383043,7.301197218264157e-05,znd_T0942.86_P02.40.npz
942.857142857,2.5,1927.7457557775767,8.311641890707358e-05,0.00014670573919457695,0.0006803544235353284,0.0003997434017171556,7.029896765720223e-05,znd_T0942.86_P02.50.npz
942.857142857,2.6,1928.97761121561,7.94454206956053e-05,0.00013901983732400765,0.000637772588121724,0.0004142164677900809,6.733288314892759e-05,znd_T0942.86_P02.60.npz
942.857142857,2.7,1930.1600452929372,7.607325338753192e-05,0.00013205513756151102,0.0005995574421089308,0.0004286204037239601,6.460170439565362e-05,znd_T0942.86_P02.70.npz
942.857142857,2.8,1931.2924971569885,7.296450388643015e-05,0.00012568733124055162,0.0005646697654526346,0.00044296802053741944,6.203054221939223e-05,znd_T0942.86_P02.80.npz
942.857142857,2.9,1932.3914560548592,7.008740992225e-05,0.000119874168122505,0.0005333735809818087,0.0004572382271067797,5.969632112940788e-05,znd_T0942.86_P02.90.npz
942.857142857,3.0,1933.4464512450174,6.741575610120381e-05,0.00011452992691391151,0.0005045729859100705,0.0004714458112659132,5.7529881658813425e-05,znd_T0942.86_P03.00.npz
942.857142857,3.1,1934.4646326900822,6.493190118043676e-05,0.00010961412624192494,0.0004782903232418473,0.0004855907810995102,5.55130858755757e-05,znd_T0942.86_P03.10.npz
942.857142857,3.2,1935.4483797922658,6.262197421502393e-05,0.00010507333714980353,0.0004541475833234106,0.0004996822927316951,5.3605826295673424e-05,znd_T0942.86_P03.20.npz
942.857142857,3.3,1936.399878844614,6.0458959002276783e-05,0.00010086573659625584,0.00043197204809390676,0.0005137111618612412,5.1833301398395814e-05,znd_T0942.86_P03.30.npz
942.857142857,3.4,1937.3210982777161,5.843449735800196e-05,9.696357758148748e-05,0.00041143250317957476,0.0005276832352348962,5.0168930510186506e-05,znd_T0942.86_P03.40.npz
942.857142857,3.5,1938.2137880402747,5.653775959381237e-05,9.333567732033887e-05,0.00039251354642156933,0.0005416369222290856,4.8411830595497106e-05,znd_T0942.86_P03.50.npz
942.857142857,3.6,1939.0796611921232,5.475485750208976e-05,8.99510083450478e-05,0.00037499620820459685,0.0005554993677115704,4.694706636307742e-05,znd_T0942.86_P03.60.npz
942.857142857,3.7,1939.915649194156,5.3075191141886596e-05,8.678247646610229e-05,0.00035880714867910987,0.0005693096920578617,4.5567926486863885e-05,znd_T0942.86_P03.70.npz
942.857142857,3.8,1940.7367015949117,5.14903296848241e-05,8.382371906936215e-05,0.0003436400100658498,0.0005830631323865484,4.4265278837199977e-05,znd_T0942.86_P03.80.npz
942.857142857,3.9,1941.5305537233085,4.9994646272146146e-05,8.104753057871455e-05,0.0003295488644310536,0.000596766487185458,4.3034869649416676e-05,znd_T0942.86_P03.90.npz
942.857142857,4.0,1942.2984132197823,4.8582307109833715e-05,7.843752422264447e-05,0.0003163599502663583,0.0006104182041823901,4.1883832403464305e-05,znd_T0942.86_P04.00.npz
942.857142857,4.1,1943.0548515132264,4.724141017550395e-05,7.598245408159052e-05,0.0003041135565747794,0.0006240022728989149,4.061606902342037e-05,znd_T0942.86_P04.10.npz
942.857142857,4.2,1943.787371198003,4.597253118346023e-05,7.367061321748443e-05,0.0002926034908903526,0.0006375618658362578,3.959027034589701e-05,znd_T0942.86_P04.20.npz
942.857142857,4.3,1944.5014135524573,4.47681267427762e-05,7.148171752502491e-05,0.0002817431221827366,0.000651071905320436,3.8614879314034854e-05,znd_T0942.86_P04.30.npz
942.857142857,4.4,1945.1978530661577,4.362172304875914e-05,6.941660294283424e-05,0.00027160315089637133,0.000664533095214663,3.7686143100453055e-05,znd_T0942.86_P04.40.npz
942.857142857,4.5,1945.8774910666243,4.2528921646467766e-05,6.746468023688658e-05,0.00026199693629852267,0.0006779461825569277,3.680082875596876e-05,znd_T0942.86_P04.50.npz
942.857142857,4.6,1946.5411107260436,4.148809777994608e-05,6.560785236852793e-05,0.0002529778245735279,0.0006913118719275627,3.5955990348707044e-05,znd_T0942.86_P04.60.npz
942.857142857,4.7,1947.1893918323915,4.049571297810225e-05,6.384501770431133e-05,0.00024451409570092454,0.0007046308724445699,3.514894538746244e-05,znd_T0942.86_P04.70.npz
942.857142857,4.8,1947.818498772826,3.9549077121261834e-05,6.217690315987567e-05,0.00023637786406965753,0.0007179062879189434,3.43777399488458e-05,znd_T0942.86_P04.80.npz
942.857142857,4.9,1948.4380692008713,3.864412307872608e-05,6.058569858389306e-05,0.00022876956801531117,0.0007311339472505484,3.363910981885652e-05,znd_T0942.86_P04.90.npz
942.857142857,5.0,1949.048695473256,3.777818071484756e-05,5.9073595499983846e-05,0.0002215994385311945,0.0007443143416022552,3.293102495116247e-05,znd_T0942.86_P05.00.npz
957.142857143,0.1,1817.1082606338168,0.0031476975648681367,0.009740467740958336,0.023878769560978664,4.034070707311216e-05,0.0015579267707117803,znd_T0957.14_P00.10.npz
957.142857143,0.2,1841.433333263645,0.0016220233211421506,0.005887701598001608,0.023416030043868732,5.1179015327251166e-05,0.0007820478795431932,znd_T0957.14_P00.20.npz
957.142857143,0.3,1855.5247596887318,0.0010282843771223223,0.0036783733367157087,0.019510077837656015,6.180826836265324e-05,0.0005310335789724187,znd_T0957.14_P00.30.npz
957.142857143,0.4,1865.4410585657151,0.0007306048328283669,0.0024226786194071984,0.014396456752843215,7.387607486719332e-05,0.00041879059378606924,znd_T0957.14_P00.40.npz
957.142857143,0.5,1873.0780542618434,0.0005585128124262874,0.0017061089342921684,0.01039939628776218,8.78623520924096e-05,0.0003534317031633631,znd_T0957.14_P00.50.npz
957.142857143,0.6,1879.2783914060062,0.0004484927271261808,0.0012748562438213008,0.007728860911810872,0.00010393567279203054,0.0003421588065277611,znd_T0957.14_P00.60.npz
957.142857143,0.7,1884.4870179973434,0.00037281446518377985,0.000996895283109362,0.005958368401437031,0.0001199726284545436,0.0002891961556340227,znd_T0957.14_P00.70.npz
957.142857143,0.8,1888.9771872712279,0.00031786248888909097,0.0008071726978745604,0.004744798639555677,0.00013583019814866109,0.00024900018920729456,znd_T0957.14_P00.80.npz
957.142857143,0.9,1892.9186659336322,0.00027629653150433245,0.0006711933370825538,0.0038803368410524923,0.00015151146153702933,0.00021954849003351812,znd_T0957.14_P00.90.npz
957.142857143,1.0,1896.4281393626036,0.0002438427241848389,0.0005702160850022336,0.003242615294272504,0.0001670643414318326,0.0001945805641867095,znd_T0957.14_P01.00.npz
957.142857143,1.1,1899.5844608801322,0.00021785128830857173,0.0004927887804346874,0.002757383994985487,0.00018246814967315614,0.00017518292397026756,znd_T0957.14_P01.10.npz
957.142857143,1.2,1902.4632357852154,0.00019660009750491423,0.0004317960576836168,0.0023785933235850143,0.00019774689446240594,0.00015895426358788128,znd_T0957.14_P01.20.npz
957.142857143,1.3,1905.0969295052098,0.00017892660323684057,0.00038282537614252717,0.0020776221922103482,0.00021289392000529975,0.0001440996142196692,znd_T0957.14_P01.30.npz
957.142857143,1.4,1907.526414581294,0.0001640130354916329,0.0003427738697481508,0.001833599141713394,0.0002279356282229886,0.00013259916481749937,znd_T0957.14_P01.40.npz
957.142857143,1.5,1909.7802611795444,0.00015127526941452476,0.00030952919785316984,0.00163240510380262,0.0002428837228717966,0.00012294183638884485,znd_T0957.14_P01.50.npz
957.142857143,1.6,1911.8814916011468,0.00014027412071625125,0.00028156473551364174,0.0014643665755674877,0.0002577429828755747,0.0001149236208572835,znd_T0957.14_P01.60.npz
957.142857143,1.7,1913.8489450282962,0.000130683717707668,0.0002577577679905034,0.0013223746650025084,0.00027248622088567114,0.0001072637028954023,znd_T0957.14_P01.70.npz
957.142857143,1.8,1915.698145937133,0.0001222562543979779,0.00023729637742000764,0.0012019168726454693,0.00028714761528288103,0.00010091332917850199,znd_T0957.14_P01.80.npz
957.142857143,1.9,1917.4418965522475,0.00011480070471851881,0.00021956476400835953,0.0010981620624433695,0.00030169565043446626,9.455088024152435e-05,znd_T0957.14_P01.90.npz
957.142857143,2.0,1919.0917999753167,0.00010815271874223888,0.00020407039185799821,0.001008082834033663,0.0003161771616939013,9.027285322537854e-05,znd_T0957.14_P02.00.npz
957.142857143,2.1,1920.6565984967924,0.00010219975933071685,0.0001904278936479997,0.0009294715642900398,0.00033057618437834746,8.454512439361402e-05,znd_T0957.14_P02.10.npz
957.142857143,2.2,1922.1445373797444,9.683581970193959e-05,0.0001783323289834002,0.0008601073954140599,0.0003449092799974289,8.034097006862438e-05,znd_T0957.14_P02.20.npz
957.142857143,2.3,1923.562593435434,9.197526940730365e-05,0.00016755216768067022,0.0007991663843568233,0.0003591684949781579,7.652818595540016e-05,znd_T0957.14_P02.30.npz
957.142857143,2.4,1924.9168027786045,8.755873553532044e-05,0.0001579053699768931,0.0007447412565400364,0.00037335597193682553,7.305502791814654e-05,znd_T0957.14_P02.40.npz
957.142857143,2.5,1926.212506829594,8.352913148741501e-05,0.00014922179283515584,0.0006961293808436176,0.00038747882671651856,7.033826144690453e-05,znd_T0957.14_P02.50.npz
957.142857143,2.6,1927.4543656772753,7.98323396400297e-05,0.0001413556081859723,0.0006523979062241715,0.0004015015521978414,6.680802986819773e-05,znd_T0957.14_P02.60.npz
957.142857143,2.7,1928.646525833019,7.643808057888551e-05,0.0001342237390954512,0.0006133118997078316,0.0004154871331706478,6.412353983647084e-05,znd_T0957.14_P02.70.npz
957.142857143,2.8,1929.7926927784513,7.330811217790285e-05,0.00012772025074241878,0.0005777122716572978,0.0004294084309623187,6.164185870389109e-05,znd_T0957.14_P02.80.npz
957.142857143,2.9,1930.8961478916317,7.040471490397808e-05,0.00012177091926775256,0.0005453282749606365,0.0004432670174353308,5.934093525729923e-05,znd_T0957.14_P02.90.npz
957.142857143,3.0,1931.9598499454607,6.771920319986296e-05,0.00011630861909419934,0.0005157480568966813,0.00045707384072172326,5.7436220085822556e-05,znd_T0957.14_P03.00.npz
957.142857143,3.1,1932.986463465015,6.521955018952968e-05,0.00011128343125077112,0.000488853896963348,0.0004708078222059675,5.539905378905641e-05,znd_T0957.14_P03.10.npz
957.142857143,3.2,1933.973712250768,6.28910430639303e-05,0.00010664684072175553,0.0004642254996904691,0.00048448572330124615,5.349940817077797e-05,znd_T0957.14_P03.20.npz
957.142857143,3.3,1934.9378214805859,6.071457859235378e-05,0.00010234521451961649,0.00044149836496076893,0.000498103824622121,5.1721779869686694e-05,znd_T0957.14_P03.30.npz
957.142857143,3.4,1935.8669323441522,5.867837104750278e-05,9.836121332811603e-05,0.0004205607369598212,0.0005116683678065823,5.005712811658536e-05,znd_T0957.14_P03.40.npz
957.142857143,3.5,1936.7669367446526,5.676900845625068e-05,9.465992980326496e-05,0.0004012305260554514,0.0005251790740981615,4.8494649805471225e-05,znd_T0957.14_P03.50.npz
957.142857143,3.6,1937.6400886322194,5.497399486681121e-05,9.120093881123865e-05,0.0003832709086086958,0.0005385927968013152,4.6742910280325395e-05,znd_T0957.14_P03.60.npz
957.142857143,3.7,1938.487720848234,5.3285751810743274e-05,8.79789789225562e-05,0.0003665167686233401,0.0005520079441496775,4.539173431891501e-05,znd_T0957.14_P03.70.npz
957.142857143,3.8,1939.3111735401542,5.169033469882214e-05,8.495228406372413e-05,0.0003510614708107706,0.0005653716197071072,4.411570141679899e-05,znd_T0957.14_P03.80.npz
957.142857143,3.9,1940.1117874633962,5.018448692503336e-05,8.212577067724388e-05,0.00033670941233054387,0.0005786846811971058,4.2908775752876185e-05,znd_T0957.14_P03.90.npz
957.142857143,4.0,1940.890728925079,4.876103871471622e-05,7.946141657574263e-05,0.00032324331362807124,0.0005919479801717147,4.176555319019684e-05,znd_T0957.14_P04.00.npz
957.142857143,4.1,1941.6490928161193,4.7413555972065927e-05,7.695843028422221e-05,0.00031056851420589824,0.0006051623291789304,4.0681176848825324e-05,znd_T0957.14_P04.10.npz
957.142857143,4.2,1942.3877350480304,4.613627071385335e-05,7.4602352822135e-05,0.0002988326586453497,0.0006183285817917038,3.965128476104095e-05,znd_T0957.14_P04.20.npz
957.142857143,4.3,1943.108129024129,4.492388243370998e-05,7.237178244716995e-05,0.0002876986255477551,0.0006314472465769297,3.8671850828035985e-05,znd_T0957.14_P04.30.npz
957.142857143,4.4,1943.8105229093467,4.3771754145858444e-05,7.027075370864426e-05,0.00027734092135539096,0.0006445193393872869,3.773936854958807e-05,znd_T0957.14_P04.40.npz
957.142857143,4.5,1944.4960430801896,4.267307699852288e-05,6.827525821529847e-05,0.00026749792198690984,0.0006575454177863973,3.685053964458894e-05,znd_T0957.14_P04.50.npz
957.142857143,4.6,1945.1654041534207,4.162544048360106e-05,6.638480853491223e-05,0.00025832580749544595,0.0006705261822996679,3.600240730231799e-05,znd_T0957.14_P04.60.npz
957.142857143,4.7,1945.819338602863,4.062659157898319e-05,6.459172030606041e-05,0.00024963429299663356,0.0006834622789932389,3.51922658850979e-05,znd_T0957.14_P04.70.npz
957.142857143,4.8,1946.4584551019582,3.967328271154461e-05,6.289358206287653e-05,0.00024139682844214364,0.0006963543742495587,3.441764718915402e-05,znd_T0957.14_P04.80.npz
957.142857143,4.9,1947.0834356144337,3.8762528467507614e-05,6.12744006643012e-05,0.00023356050906346863,0.0007092030559215441,3.367628520481299e-05,znd_T0957.14_P04.90.npz
957.142857143,5.0,1947.6948422839087,3.7891600833895204e-05,5.9728949352454655e-05,0.00022623632185098515,0.0007220089361779836,3.296610584584701e-05,znd_T0957.14_P05.00.npz
971.428571429,0.1,1814.8212018108545,0.0031512415456872245,0.009866767545089996,0.02398620114776955,4.212030650693863e-05,0.0015537306462748627,znd_T0971.43_P00.10.npz
971.428571429,0.2,1839.2951608163173,0.001635929505998854,0.006019225218555372,0.023593017534337086,5.283276390325597e-05,0.0007619970196653533,znd_T0971.43_P00.20.npz
971.428571429,0.3,1853.4762719335395,0.001038507800393229,0.003778692927800593,0.01979846242674399,6.28467075041308e-05,0.000515881062276836,znd_T0971.43_P00.30.npz
971.428571429,0.4,1863.4581009198193,0.0007376812645371242,0.002492760706983672,0.014696905359095404,7.379615635029364e-05,0.0004098016671827733,znd_T0971.43_P00.40.npz
971.428571429,0.5,1871.1465537396034,0.0005636069862027831,0.0017554590784831722,0.010645181491296216,8.638913256918315e-05,0.0003387708559427615,znd_T0971.43_P00.50.npz
971.428571429,0.6,1877.384528512623,0.0004523525258859923,0.0013103311682867093,0.007918540594810054,0.00010073607407400701,0.00034225369720958395,znd_T0971.43_P00.60.npz
971.428571429,0.7,1882.6343360238375,0.0003758494909571338,0.0010238975557943378,0.006105580056960286,0.00011626902691777531,0.0002892264157272804,znd_T0971.43_P00.70.npz
971.428571429,0.8,1887.1564288502846,0.00032033308157326936,0.0008280970584287302,0.004861962543425886,0.00013163378471553838,0.0002491050891924882,znd_T0971.43_P00.80.npz
971.428571429,0.9,1891.1260119723406,0.0002783567246452926,0.0006882678131415422,0.003975880090188877,0.00014682739717442842,0.00021968082671873442,znd_T0971.43_P00.90.npz
971.428571429,1.0,1894.6608994903872,0.00024559330913171833,0.0005843037775130622,0.003321758705391774,0.00016190221012579682,0.00019471684046229841,znd_T0971.43_P01.00.npz
971.428571429,1.1,1897.845090317918,0.00021936490321816876,0.0005045279868604954,0.0028244429380006896,0.0001768376243110129,0.00017484920417445632,znd_T0971.43_P01.10.npz
971.428571429,1.2,1900.7404166915765,0.00019792575051090467,0.00044183872908160667,0.0024364437107733416,0.00019164387950283704,0.00015910473392332478,znd_T0971.43_P01.20.npz
971.428571429,1.3,1903.3937543520278,0.00018010338533724473,0.00039147571020405926,0.0021277889787595034,0.00020633259074566125,0.00014423968855767564,znd_T0971.43_P01.30.npz
971.428571429,1.4,1905.8414850543854,0.00016506087297826603,0.0003503483780756341,0.0018767238202715072,0.00022091622452399836,0.0001327207003237036,znd_T0971.43_P01.40.npz
971.428571429,1.5,1908.1124248203796,0.00015221736935911218,0.0003161582680247161,0.0016709055284731594,0.00023542525241851793,0.00012383197248783608,znd_T0971.43_P01.50.npz
971.428571429,1.6,1910.229705363125,0.00014112469784601466,0.000287441790254884,0.0014988366631356895,0.0002498186735220926,0.00011504017593090188,znd_T0971.43_P01.60.npz
971.428571429,1.7,1912.2073848760663,0.00013146029840169421,0.00026302688777702304,0.0013537034969340256,0.00026411821272452585,0.00010737783898168866,znd_T0971.43_P01.70.npz
971.428571429,1.8,1914.0757464510716,0.00012296914836949094,0.00024205425160879945,0.0012300327086263256,0.0002783371743156173,0.00010102937782315542,znd_T0971.43_P01.80.npz
971.428571429,1.9,1915.833317745048,0.00011545246716899149,0.00022384788840466643,0.001123745011179116,0.00029246554594989754,9.492886807837068e-05,znd_T0971.43_P01.90.npz
971.428571429,2.0,1917.4910030238339,0.00010875864064638678,0.00020797972208032753,0.001031423591774201,0.0003065179134576001,8.965850241792068e-05,znd_T0971.43_P02.00.npz
971.428571429,2.1,1919.0729660350955,0.00010275857199573377,0.00019398736158134067,0.0009510023809429481,0.00032049078618830965,8.49100597426649e-05,znd_T0971.43_P02.10.npz
971.428571429,2.2,1920.572672306045,9.735477140987359e-05,0.00018158974551633152,0.0008800484071705246,0.0003343902744687224,8.061783466518924e-05,znd_T0971.43_P02.20.npz
971.428571429,2.3,1922.0019795343696,9.246030560923527e-05,0.00017056779693436452,0.0008174432487615072,0.00034821780014134885,7.671953933432408e-05,znd_T0971.43_P02.30.npz
971.428571429,2.4,1923.3670135125144,8.800903672012721e-05,0.00016068694323980817,0.0007617060819147063,0.0003619821114305017,7.323562504344276e-05,znd_T0971.43_P02.40.npz
971.428571429,2.5,1924.6730926013304,8.394866140173468e-05,0.00015179019273240828,0.000711930232621498,0.00037565292035069965,6.982565117730974e-05,znd_T0971.43_P02.50.npz
971.428571429,2.6,1925.924958431376,8.022701777174706e-05,0.0001437437343819006,0.0006673649748860757,0.0003892876496120439,6.690312948623134e-05,znd_T0971.43_P02.60.npz
971.428571429,2.7,1927.1267584468003,7.680722856278325e-05,0.00013644996229592902,0.0006269886781725227,0.0004028594098271114,6.42102486307207e-05,znd_T0971.43_P02.70.npz
971.428571429,2.8,1928.282240469935,7.365482413378732e-05,0.00012979690112715456,0.0005905785915361843,0.0004163697807206702,6.172114391150205e-05,znd_T0971.43_P02.80.npz
971.428571429,2.9,1929.3946896450268,7.074032375865779e-05,0.00012371918071528643,0.0005574583740478022,0.00042982027141547384,5.941368438174873e-05,znd_T0971.43_P02.90.npz
971.428571429,3.0,1930.4622473266484,6.802951955692166e-05,0.00011813999440323874,0.0005272421729873443,0.0004432138681782875,5.7269717824384247e-05,znd_T0971.43_P03.00.npz
971.428571429,3.1,1931.502163461934,6.551553103308357e-05,0.00011300548432742413,0.0004997549052853469,0.00045655357653622024,5.54400205524544e-05,znd_T0971.43_P03.10.npz
971.428571429,3.2,1932.5022543645784,6.316811384472587e-05,0.00010825646832810296,0.0004743195387149243,0.0004698279287058184,5.357051967217588e-05,znd_T0971.43_P03.20.npz
971.428571429,3.3,1933.4696234937658,6.0980683435834614e-05,0.00010387912450110056,0.00045123884219716863,0.00048304720191967115,5.1820509414367875e-05,znd_T0971.43_P03.30.npz
971.428571429,3.4,1934.406246825234,5.8931960788018564e-05,9.980132986452147e-05,0.00042975695044463196,0.0004962125676319368,5.0179055383503266e-05,znd_T0971.43_P03.40.npz
971.428571429,3.5,1935.3137378375025,5.700640406557634e-05,9.602636705173415e-05,0.0004098254996934764,0.0005093252077370497,4.863654017061948e-05,znd_T0971.43_P03.50.npz
971.428571429,3.6,1936.194396928074,5.519790060853141e-05,9.2492342049559e-05,0.00039152782668234196,0.0005223862301336436,4.685288355930504e-05,znd_T0971.43_P03.60.npz
971.428571429,3.7,1937.0442675277932,5.349746752250218e-05,8.920334611801541e-05,0.0003745148351783115,0.0005354094304316683,4.548633475261879e-05,znd_T0971.43_P03.70.npz
971.428571429,3.8,1937.8795129172302,5.189640093598947e-05,8.612395672958399e-05,0.0003587039912559487,0.0005483815716883259,4.420581986109652e-05,znd_T0971.43_P03.80.npz
971.428571429,3.9,1938.6868756575188,5.0380470516776164e-05,8.322906606784323e-05,0.0003439719352883591,0.0005613077049018488,4.299290135449817e-05,znd_T0971.43_P03.90.npz
971.428571429,4.0,1939.4724063784113,4.894752853529277e-05,8.051933504139446e-05,0.0003301353070215182,0.0005741862813298396,4.184408360820295e-05,znd_T0971.43_P04.00.npz
971.428571429,4.1,1940.2372016707468,4.7591096418245226e-05,7.796057761165538e-05,0.0003172993205928603,0.000587018082964693,4.075447390258711e-05,znd_T0971.43_P04.10.npz
971.428571429,4.2,1940.9822870456105,4.630534297052465e-05,7.556243094769857e-05,0.00030519965286047405,0.0005998038573394428,3.9719660404023524e-05,znd_T0971.43_P04.20.npz
971.428571429,4.3,1941.7086310904087,4.5085002280590585e-05,7.328895774447561e-05,0.00029384966193315065,0.0006125443164258096,3.8735653607173275e-05,znd_T0971.43_P04.30.npz
971.428571429,4.4,1942.4170648467648,4.392532455354406e-05,7.114477756464079e-05,0.0002831829020598706,0.000625240178098225,3.779884826164395e-05,znd_T0971.43_P04.40.npz
971.428571429,4.5,1943.108461042083,4.282198767990995e-05,6.911815719491298e-05,0.00027308680154037316,0.0006378920904356457,3.690595533426013e-05,znd_T0971.43_P04.50.npz
971.428571429,4.6,1943.783575063493,4.176787028563548e-05,6.719241076063249e-05,0.0002637031386436455,0.0006505007066446555,3.6053993968975346e-05,znd_T0971.43_P04.60.npz
971.428571429,4.7,1944.443124773526,4.076255227053948e-05,6.536299546925191e-05,0.0002548122109926261,0.0006630666532440448,3.5240241367044523e-05,znd_T0971.43_P04.70.npz
971.428571429,4.8,1945.0877924845709,3.9803089776579195e-05,6.363252369445343e-05,0.0002463653375049273,0.0006755905326723127,3.446220616872419e-05,znd_T0971.43_P04.80.npz
971.428571429,4.9,1945.7180127635083,3.88865057326789e-05,6.198378727355697e-05,0.00023839821429790965,0.0006880730322970698,3.37176323287104e-05,znd_T0971.43_P04.90.npz
971.428571429,5.0,1946.3348677159142,3.80099987714843e-05,6.0415328875670786e-05,0.00023087093114342895,0.0007005144761840997,3.300437520010204e-05,znd_T0971.43_P05.00.npz
985.714285714,0.1,1812.527139889137,0.0031538865461527964,0.0099921019368157,0.024094153179659832,4.399649043361166e-05,0.0015497288396065186,znd_T0985.71_P00.10.npz
985.714285714,0.2,1837.149669448837,0.0016499717964631427,0.006151828407942563,0.0237666747145447,5.4639373951022806e-05,0.0007571026562951586,znd_T0985.71_P00.20.npz
985.714285714,0.3,1851.4211693343673,0.0010489350554577469,0.0038807420814481576,0.02008262298206209,6.419367052644943e-05,0.0005145892149800847,znd_T0985.71_P00.30.npz
985.714285714,0.4,1861.468108265772,0.0007449189038251994,0.002564365610086026,0.014997155718532601,7.428619383278061e-05,0.00038906686962314853,znd_T0985.71_P00.40.npz
985.714285714,0.5,1869.2080977474316,0.0005688215232665667,0.001805707651417744,0.01089258722893139,8.562230584489608e-05,0.00033056684323224924,znd_T0985.71_P00.50.npz
985.714285714,0.6,1875.4936411815686,0.0004562854822314746,0.0013468848987214046,0.008110139733519657,9.840005450893238e-05,0.00028589967066393085,znd_T0985.71_P00.60.npz
985.714285714,0.7,1880.7747704962544,0.00037894931353831066,0.001051700164347367,0.006254932075313904,0.00011272918120078959,0.00028477951447535585,znd_T0985.71_P00.70.npz
985.714285714,0.8,1885.3286913677166,0.00032285177662289233,0.0008500708777111259,0.004980487823330653,0.00012761558103599607,0.0002490834380530774,znd_T0985.71_P00.80.npz
985.714285714,0.9,1889.3265069481886,0.00028045630626814566,0.000705751479855596,0.004072342330646408,0.00014235513227770988,0.00021838134333733748,znd_T0985.71_P00.90.npz
985.714285714,1.0,1892.8868927788963,0.0002473785424899573,0.0005986859191221968,0.0034014807412263734,0.0001569519514323279,0.00019483932296409214,znd_T0985.71_P01.00.npz
985.714285714,1.1,1896.0942327729176,0.00022090672462125866,0.0005166470267319181,0.0028918645281853493,0.00017143211849535874,0.00017500453721433948,znd_T0985.71_P01.10.npz
985.714285714,1.2,1899.0108305249676,0.0001992731810120105,0.000452189936290926,0.002494760211625432,0.0001857912490227204,0.00015897084093324546,znd_T0985.71_P01.20.npz
985.714285714,1.3,1901.6838023146788,0.00018129246974290706,0.00040040090805109187,0.0021782828063927557,0.00020003677183862929,0.0001443923538316385,znd_T0985.71_P01.30.npz
985.714285714,1.4,1904.1498099545404,0.00016612675120544336,0.00035809725945736286,0.0019211637355033013,0.00021417917539512456,0.00013436709388107244,znd_T0985.71_P01.40.npz
985.714285714,1.5,1906.4378304699244,0.00015317178263928543,0.0003230162409637873,0.0017103817998549889,0.00022824657546953922,0.00012380982410056953,znd_T0985.71_P01.50.npz
985.714285714,1.6,1908.5711496836702,0.000141992042220534,0.00029351311475114177,0.0015339385197993744,0.00024220724131456117,0.00011522036987319227,znd_T0985.71_P01.60.npz
985.714285714,1.7,1910.5688141983285,0.00013224890401053398,0.0002684655224932151,0.001385091133365928,0.00025608065676209957,0.0001077094846309471,znd_T0985.71_P01.70.npz
985.714285714,1.8,1912.4466089374337,0.00012369214619473216,0.00024693749594286845,0.0012586963544320812,0.00026987084493655417,0.00010108760613043952,znd_T0985.71_P01.80.npz
985.714285714,1.9,1914.2176916381627,0.00011611509063672012,0.00022828116627410643,0.0011497838891985721,0.00028358082563454475,9.512464564951564e-05,znd_T0985.71_P01.90.npz
985.714285714,2.0,1915.8931729063345,0.00010937013619098646,0.00021198567627009045,0.0010552507027741023,0.000297214617066462,8.985500839356548e-05,znd_T0985.71_P02.00.npz
985.714285714,2.1,1917.4826088599848,0.00010332337272627716,0.0001976497248515102,0.0009722553239816644,0.0003107746761772707,8.511045795258562e-05,znd_T0985.71_P02.10.npz
985.714285714,2.2,1918.9940799976273,9.787998240917382e-05,0.00018496997421109488,0.0009000714767399352,0.00032426355409388534,8.08156136750512e-05,znd_T0985.71_P02.20.npz
985.714285714,2.3,1920.4346790575764,9.295253401103372e-05,0.00017366266228792737,0.0008359533437268005,0.00033768375430927804,7.691456372139663e-05,znd_T0985.71_P02.30.npz
985.714285714,2.4,1921.8105173566885,8.846785827137538e-05,0.0001635439668048634,0.0007788571179208698,0.00035103772452363435,7.336881044679426e-05,znd_T0985.71_P02.40.npz
985.714285714,2.5,1923.1219599408569,8.437832002702929e-05,0.00015443581306733418,0.0007278686500771891,0.00036433149687903674,7.015986522512183e-05,znd_T0985.71_P02.50.npz
985.714285714,2.6,1924.388845018354,8.063060314233174e-05,0.00014621695260839387,0.0006822762134162393,0.0003775604429456745,6.721057885671048e-05,znd_T0985.71_P02.60.npz
985.714285714,2.7,1925.6003162613763,7.718503887879298e-05,0.0001387449422084717,0.0006409494453229507,0.00039072739514095305,6.469716860981932e-05,znd_T0985.71_P02.70.npz
985.714285714,2.8,1926.7650805274686,7.401096156439632e-05,0.00013194329911589216,0.0006036357595493096,0.0004037967899984576,6.240476742275462e-05,znd_T0985.71_P02.80.npz
985.714285714,2.9,1927.8865282879217,7.107470390776362e-05,0.00012571743882595576,0.000569747417468184,0.00041684736845841686,5.9304187165804956e-05,znd_T0985.71_P02.90.npz
985.714285714,3.0,1928.9676481977185,6.834968112254281e-05,0.00012002169293904162,0.000538957143147192,0.0004298519308794911,5.716642139193871e-05,znd_T0985.71_P03.00.npz
985.714285714,3.1,1930.0111294934673,6.581390214125111e-05,0.00011476584025935856,0.0005105799588671224,0.00044280193615845543,5.5174091178957306e-05,znd_T0985.71_P03.10.npz
985.714285714,3.2,1931.0194180580738,6.345193723185177e-05,0.00010993006856536415,0.00048466741498880676,0.00045569859751747206,5.3313029803702044e-05,znd_T0985.71_P03.20.npz
985.714285714,3.3,1931.9947211504646,6.12469106654232e-05,0.00010544418019489236,0.000460978763340775,0.0004685430678578192,5.1570843550099085e-05,znd_T0985.71_P03.30.npz
985.714285714,3.4,1932.9340548187588,5.9184903792960205e-05,0.0001012951957455296,0.0004390562366966645,0.00048133817058308595,4.9937420035741506e-05,znd_T0985.71_P03.40.npz
985.714285714,3.5,1933.8492583058573,5.725110815635939e-05,9.742384425155005e-05,0.00041865100209482353,0.0004940815261643645,4.840155772355174e-05,znd_T0985.71_P03.50.npz
985.714285714,3.6,1934.7420116899905,5.542951680262111e-05,9.383014968326418e-05,0.0003999468159673771,0.0005067819280419242,4.703294286154912e-05,znd_T0985.71_P03.60.npz
985.714285714,3.7,1935.6038338386368,5.371791198235402e-05,9.046883866769908e-05,0.00038257153042578284,0.0005194252440910735,4.565645599366337e-05,znd_T0985.71_P03.70.npz
985.714285714,3.8,1936.4411607552538,5.210471982845756e-05,8.731593768388236e-05,0.00036636210781221864,0.0005320218236366413,4.4357052092837973e-05,znd_T0985.71_P03.80.npz
985.714285714,3.9,1937.2552785158966,5.058188731341302e-05,8.437648409752538e-05,0.00035122290913623525,0.0005445725217137026,4.312851880983617e-05,znd_T0985.71_P03.90.npz
985.714285714,4.0,1938.047397892824,4.914220475334371e-05,8.160806805171019e-05,0.0003371555529952926,0.0005570781447921695,4.196528570539812e-05,znd_T0985.71_P04.00.npz
985.714285714,4.1,1938.8136191696694,4.7777264343728974e-05,7.899860446197348e-05,0.00032390962368821,0.000569541540825526,4.08629615856793e-05,znd_T0985.71_P04.10.npz
985.714285714,4.2,1939.5649899488672,4.6481867746535154e-05,7.65516365943549e-05,0.00031160469905412757,0.0005819593526145782,3.98157842084264e-05,znd_T0985.71_P04.20.npz
985.714285714,4.3,1940.297459603087,4.52522814347061e-05,7.42367370175524e-05,0.00029994751644006254,0.0005943343160139448,3.8820311687326086e-05,znd_T0985.71_P04.30.npz
985.714285714,4.4,1941.0169286518303,4.408607577838251e-05,7.204901481708726e-05,0.0002891236684854595,0.0006066650056838137,3.787170971212274e-05,znd_T0985.71_P04.40.npz
985.714285714,4.5,1941.714217150059,4.297276531435365e-05,6.997878949482047e-05,0.0002788364361763148,0.0006189562623924273,3.6968940233095045e-05,znd_T0985.71_P04.50.npz
985.714285714,4.6,1942.3950655901544,4.191238582991827e-05,6.802225344646685e-05,0.00026917227795004913,0.0006312066559738417,3.610778518924277e-05,znd_T0985.71_P04.60.npz
985.714285714,4.7,1943.0602476162294,4.090350001109325e-05,6.616369797292677e-05,0.0002600609159980163,0.0006434128888878661,3.529238907424207e-05,znd_T0985.71_P04.70.npz
985.714285714,4.8,1943.71044360681,3.9937882654136576e-05,6.439210269790216e-05,0.00025143189661788013,0.0006555810150372142,3.4510475450546155e-05,znd_T0985.71_P04.80.npz
985.714285714,4.9,1944.3462283079673,3.901542105429799e-05,6.271663298630026e-05,0.0002432259907198797,0.0006677095759542964,3.376220593525385e-05,znd_T0985.71_P04.90.npz
985.714285714,5.0,1944.9682522762457,3.813334327856191e-05,6.111829805964854e-05,0.0002355397980470074,0.0006797990977866886,3.304546705576858e-05,znd_T0985.71_P05.00.npz
1000.0,0.1,1810.2243928730834,0.003156080675215558,0.010116447781309849,0.02420266320044481,4.596943925091213e-05,0.0015461768461299907,znd_T1000.00_P00.10.npz
1000.0,0.2,1834.99086475875,0.0016641952146771687,0.006285461977777666,0.023937236039934463,5.657952035567093e-05,0.0007357783983010304,znd_T1000.00_P00.20.npz
1000.0,0.3,1849.3580539267443,0.0010595966647385664,0.003984539673004995,0.02036257924198696,6.585618969452966e-05,0.000500042517558923,znd_T1000.00_P00.30.npz
1000.0,0.4,1859.4704612741984,0.0007523353534095475,0.0026375424608784262,0.015297007578872977,7.524804379287966e-05,0.0003873541343038944,znd_T1000.00_P00.40.npz
1000.0,0.5,1867.2620310661819,0.0005741582187056539,0.0018571170724560359,0.011141676642734381,8.553667446177568e-05,0.00031476803336476613,znd_T1000.00_P00.50.npz
1000.0,0.6,1873.5902779539167,0.0004603129063119934,0.0013845581772222028,0.008303823568970147,9.703359859123915e-05,0.000273311913883895,znd_T1000.00_P00.60.npz
1000.0,0.7,1878.9077069458558,0.0003821169273893451,0.0010800814718066754,0.006405686299629134,0.00010974782274788999,0.00024702767458806394,znd_T1000.00_P00.70.npz
1000.0,0.8,1883.493458707133,0.00032542305499697326,0.0008721967117814352,0.005100532265196227,0.00012377705965228134,0.0002452255340609259,znd_T1000.00_P00.80.npz
1000.0,0.9,1887.5195781985929,0.00028259855137814703,0.0007237414386882729,0.0041696739765365665,0.0001380585140012455,0.00021838112551112368,znd_T1000.00_P00.90.npz
1000.0,1.0,1891.1054187776517,0.00024919750810128467,0.0006134639330158343,0.003482937855227015,0.00015221196612034098,0.00019258561789500242,znd_T1000.00_P01.00.npz
1000.0,1.1,1894.33598019179,0.0002224748086531057,0.0005290362492743513,0.0029602929732222825,0.0001662513165766729,0.00017487901927335032,znd_T1000.00_P01.10.npz
1000.0,1.2,1897.2738549864976,0.00020064620971434505,0.00046274934655228376,0.0025530248315109986,0.00018017872208894207,0.00015833775222260228,znd_T1000.00_P01.20.npz
1000.0,1.3,1899.9664715013482,0.00018250593647914235,0.0004095351996104822,0.0022289026597641466,0.00019399650428200194,0.00014457768043843886,znd_T1000.00_P01.30.npz
1000.0,1.4,1902.4507654299534,0.00016720610203770759,0.0003660528869994119,0.0019663338874881466,0.00020771326711578288,0.0001329542092770929,znd_T1000.00_P01.40.npz
1000.0,1.5,1904.755857253594,0.00015414670529913658,0.00033004802369695466,0.0017498233087861607,0.0002213426553028395,0.00012317999289493758,znd_T1000.00_P01.50.npz
1000.0,1.6,1906.9052234629896,0.00014287094592207888,0.00029974243452075133,0.0015689393444676537,0.00023488451688854405,0.00011580268863290457,znd_T1000.00_P01.60.npz
1000.0,1.7,1908.9180270322558,0.0001330500412742543,0.0002740391269528922,0.0014170863829601546,0.0002483543388433012,0.00010797995567342718,znd_T1000.00_P01.70.npz
1000.0,1.8,1910.804940452958,0.00012442688637443556,0.0002519499731958871,0.001287349245695499,0.00026173558791613686,0.00010133887086007832,znd_T1000.00_P01.80.npz
1000.0,1.9,1912.5947846183885,0.00011679025065717156,0.00023280822471901655,0.0011757573651473294,0.00027503845712890116,9.543942511259498e-05,znd_T1000.00_P01.90.npz
1000.0,2.0,1914.2831993920565,0.00010999078436306623,0.00021610767376846953,0.0010791900545888049,0.0002882709084828456,9.006433401019393e-05,znd_T1000.00_P02.00.npz
1000.0,2.1,1915.8847547351552,0.0001039019276974314,0.00020142342053721491,0.0009946831239199328,0.00030143110505993244,8.531997011158537e-05,znd_T1000.00_P02.10.npz
1000.0,2.2,1917.408163327479,9.841381903539698e-05,0.00018841578475971543,0.0009203451595071343,0.00031452335587593477,8.102548986062531e-05,znd_T1000.00_P02.20.npz
1000.0,2.3,1918.8548401249961,9.345053646196155e-05,0.0001768498797755062,0.0008546589735893319,0.0003275273733258438,7.753563033213472e-05,znd_T1000.00_P02.30.npz
1000.0,2.4,1920.24667082801,8.893656589367899e-05,0.00016648034592846983,0.0007960119004386512,0.0003404831133110086,7.400893080604426e-05,znd_T1000.00_P02.40.npz
1000.0,2.5,1921.5735435374522,8.481470257776779e-05,0.0001571619424753683,0.0007441523353593768,0.00035337790216070637,7.07797560968784e-05,znd_T1000.00_P02.50.npz
1000.0,2.6,1922.8454146498725,8.104038080540843e-05,0.00014874826881782792,0.0006972692554052663,0.0003662123609656936,6.781175242892306e-05,znd_T1000.00_P02.60.npz
1000.0,2.7,1924.06653519563,7.757237556601825e-05,0.00014109431885807433,0.0006550034001505332,0.00037899196932831224,6.417204342039665e-05,znd_T1000.00_P02.70.npz
1000.0,2.8,1925.2406106288647,7.437559258993939e-05,0.00013414581611499436,0.000616978483194057,0.00039172438314591065,6.167753882815721e-05,znd_T1000.00_P02.80.npz
1000.0,2.9,1926.3710625283568,7.141600527807759e-05,0.00012778330830026088,0.0005821034994142121,0.00040442005348747666,5.9450216673552935e-05,znd_T1000.00_P02.90.npz
1000.0,3.0,1927.4609084969916,6.867438391006076e-05,0.00012194982794247209,0.0005506074104355158,0.0004170453326670997,5.7304621843278305e-05,znd_T1000.00_P03.00.npz
1000.0,3.1,1928.512805143026,6.612268823888562e-05,0.000116587968384086,0.0005217564497949495,0.00042961833908866984,5.5305133391768896e-05,znd_T1000.00_P03.10.npz
1000.0,3.2,1929.524121182299,6.374459379440968e-05,0.00011163574526066985,0.0004951194566171099,0.0004421418226156653,5.3438342299255264e-05,znd_T1000.00_P03.20.npz
1000.0,3.3,1930.5125336815074,6.15227888926477e-05,0.00010706147919788814,0.00047088145313252644,0.0004546120453907304,5.168917780038946e-05,znd_T1000.00_P03.30.npz
1000.0,3.4,1931.464584628835,5.944522151860327e-05,0.00010282153478767448,0.000448308947456274,0.0004670348951180433,5.004928555693117e-05,znd_T1000.00_P03.40.npz
1000.0,3.5,1932.387307976697,5.749780667458919e-05,9.88672895083e-05,0.0004277304490367888,0.00047940974062324625,4.8508127778888846e-05,znd_T1000.00_P03.50.npz
1000.0,3.6,1933.2823360564691,5.566896982892245e-05,9.520146090842655e-05,0.0004085276924291478,0.0004917375510969628,4.70571520660272e-05,znd_T1000.00_P03.60.npz
1000.0,3.7,1934.1512531494338,5.3944252660992785e-05,9.176979828235531e-05,0.00039071987393481783,0.0005040074868927913,4.582887372632286e-05,znd_T1000.00_P03.70.npz
1000.0,3.8,1934.9955100704158,5.232069108666716e-05,8.855681790683129e-05,0.00037406606622745423,0.0005162413676308106,4.451968956794735e-05,znd_T1000.00_P03.80.npz
1000.0,3.9,1935.816388545847,5.078812612826665e-05,8.554943710008082e-05,0.0003585295024508768,0.0005284312497006597,4.3281890237766955e-05,znd_T1000.00_P03.90.npz
1000.0,4.0,1936.6150317256229,4.933891204661209e-05,8.272977809556981e-05,0.0003442174460082342,0.0005405779454363397,4.21098979984672e-05,znd_T1000.00_P04.00.npz
1000.0,4.1,1937.3927536242556,4.796393267288588e-05,8.0070203928402e-05,0.00033072576844904976,0.000552682150902805,4.099864982161232e-05,znd_T1000.00_P04.10.npz
1000.0,4.2,1938.150410146159,4.666054619799648e-05,7.756925174065182e-05,0.0003180399560692629,0.0005647446623416146,3.9943619817994164e-05,znd_T1000.00_P04.20.npz
1000.0,4.3,1938.883876312186,4.542411110986371e-05,7.52067481010043e-05,0.00030624151031193714,0.000576768301115979,3.8941305108442965e-05,znd_T1000.00_P04.30.npz
1000.0,4.4,1939.6094963880973,4.424774565585054e-05,7.297994830076056e-05,0.00029503425856854506,0.0005887473021880881,3.7986154200245846e-05,znd_T1000.00_P04.40.npz
1000.0,4.5,1940.3126496246264,4.3129161855334385e-05,7.08732778302614e-05,0.00028461086639269785,0.0006006887535589244,3.7076619481476135e-05,znd_T1000.00_P04.50.npz
1000.0,4.6,1940.9992714818711,4.206370442894716e-05,6.887813559849677e-05,0.00027474375391498294,0.000612591126714845,3.6209021610318724e-05,znd_T1000.00_P04.60.npz
1000.0,4.7,1941.67008417691,4.104776362044079e-05,6.698128852271921e-05,0.00026539152017831494,0.0006244550266090571,3.5380555250535156e-05,znd_T1000.00_P04.70.npz
1000.0,4.8,1942.3257385531585,4.007805143079327e-05,6.518185769121834e-05,0.0002565156005657032,0.0006362810442597193,3.458866810049967e-05,znd_T1000.00_P04.80.npz
1000.0,4.9,1942.9670021255072,3.9151492803062814e-05,6.347490976729825e-05,0.00024821793599100216,0.0006480696810199179,3.383100065168403e-05,znd_T1000.00_P04.90.npz
1000.0,5.0,1943.5943329480308,3.826068994276538e-05,6.184472873869793e-05,0.00024029915404913006,0.0006598219404210072,3.3104928643087145e-05,znd_T1000.00_P05.00.npz
