case_id,T_K,P_atm,phi,status,cj_speed_m_s,t_end_s,n_profile_points,x_max_m,profile_file,runtime_s,error_message
1,300.0,0.1,1.0,cached,1920.62258153982,5e-05,571,0.03540588082277351,znd_tp_profiles/znd_T0300.00_P00.10.npz,0.0,
2,300.0,0.2,1.0,cached,1937.9976387438476,5e-05,623,0.043074567542248886,znd_tp_profiles/znd_T0300.00_P00.20.npz,0.0,
3,300.0,0.30000000000000004,1.0,cached,1947.819051656995,5e-05,643,0.04609473872205614,znd_tp_profiles/znd_T0300.00_P00.30.npz,0.0,
4,300.0,0.4,1.0,cached,1954.6163834610904,5e-05,657,0.04750017985654472,znd_tp_profiles/znd_T0300.00_P00.40.npz,0.0,
5,300.0,0.5,1.0,cached,1959.7839025110939,5e-05,666,0.04828920802495649,znd_tp_profiles/znd_T0300.00_P00.50.npz,0.0,
6,300.0,0.6,1.0,cached,1963.9346480027305,5e-05,673,0.048796692749781274,znd_tp_profiles/znd_T0300.00_P00.60.npz,0.0,
7,300.0,0.7000000000000001,1.0,cached,1967.3920978770213,5e-05,679,0.049153837633721935,znd_tp_profiles/znd_T0300.00_P00.70.npz,0.0,
8,300.0,0.8,1.0,cached,1970.3474046713634,5e-05,684,0.04942133414380093,znd_tp_profiles/znd_T0300.00_P00.80.npz,0.0,
9,300.0,0.9,1.0,cached,1972.9229348984773,5e-05,704,0.04963094966346953,znd_tp_profiles/znd_T0300.00_P00.90.npz,0.0,
10,300.0,1.0,1.0,cached,1975.2015032109978,5e-05,775,0.04980090937984013,znd_tp_profiles/znd_T0300.00_P01.00.npz,0.0,
11,300.0,1.1,1.0,cached,1977.241781105265,5e-05,746,0.04994240349824656,znd_tp_profiles/znd_T0300.00_P01.10.npz,0.0,
12,300.0,1.2000000000000002,1.0,cached,1979.0867609578754,5e-05,834,0.05006267668991035,znd_tp_profiles/znd_T0300.00_P01.20.npz,0.0,
13,300.0,1.3000000000000003,1.0,cached,1980.7689368159631,5e-05,775,0.05016666243009852,znd_tp_profiles/znd_T0300.00_P01.30.npz,0.0,
14,300.0,1.4000000000000001,1.0,cached,1982.313385481907,5e-05,787,0.05025781686106537,znd_tp_profiles/znd_T0300.00_P01.40.npz,0.0,
15,300.0,1.5000000000000002,1.0,cached,1983.739879724588,5e-05,779,0.05033865196048619,znd_tp_profiles/znd_T0300.00_P01.50.npz,0.0,
16,300.0,1.6,1.0,cached,1985.064290109255,5e-05,776,0.05041102212681808,znd_tp_profiles/znd_T0300.00_P01.60.npz,0.0,
17,300.0,1.7000000000000002,1.0,cached,1986.2994891166074,5e-05,811,0.050476365224182536,znd_tp_profiles/znd_T0300.00_P01.70.npz,0.0,
18,300.0,1.8000000000000003,1.0,cached,1987.4561389271514,5e-05,757,0.050535756592635026,znd_tp_profiles/znd_T0300.00_P01.80.npz,0.0,
19,300.0,1.9000000000000001,1.0,cached,1988.5431043106823,5e-05,796,0.0505900665463285,znd_tp_profiles/znd_T0300.00_P01.90.npz,0.0,
20,300.0,2.0,1.0,cached,1989.5678613188618,5e-05,794,0.050639978150640946,znd_tp_profiles/znd_T0300.00_P02.00.npz,0.0,
21,300.0,2.1,1.0,cached,1990.5367290478682,5e-05,805,0.05068607843960703,znd_tp_profiles/znd_T0300.00_P02.10.npz,0.0,
22,300.0,2.2,1.0,cached,1991.4551739244014,5e-05,750,0.050728807572873444,znd_tp_profiles/znd_T0300.00_P02.20.npz,0.0,
23,300.0,2.3000000000000003,1.0,cached,1992.3278793876616,5e-05,848,0.05076855544386161,znd_tp_profiles/znd_T0300.00_P02.30.npz,0.0,
24,300.0,2.4000000000000004,1.0,cached,1993.158929916039,5e-05,923,0.050805628710858634,znd_tp_profiles/znd_T0300.00_P02.40.npz,0.0,
25,300.0,2.5000000000000004,1.0,cached,1993.9518834469877,5e-05,761,0.05084030839187392,znd_tp_profiles/znd_T0300.00_P02.50.npz,0.0,
26,300.0,2.6,1.0,cached,1994.7098779219255,5e-05,838,0.05087282152956999,znd_tp_profiles/znd_T0300.00_P02.60.npz,0.0,
27,300.0,2.7,1.0,cached,1995.4356800521214,5e-05,871,0.05090337653133853,znd_tp_profiles/znd_T0300.00_P02.70.npz,0.0,
28,300.0,2.8000000000000003,1.0,cached,1996.1317436505992,5e-05,852,0.050932136313713565,znd_tp_profiles/znd_T0300.00_P02.80.npz,0.0,
29,300.0,2.9000000000000004,1.0,cached,1996.8002909209308,5e-05,884,0.05095926088739662,znd_tp_profiles/znd_T0300.00_P02.90.npz,0.0,
30,300.0,3.0000000000000004,1.0,cached,1997.4432328235062,5e-05,813,0.05098489890644366,znd_tp_profiles/znd_T0300.00_P03.00.npz,0.0,
31,300.0,3.1,1.0,cached,1998.0623601191162,5e-05,1025,0.0510091526540277,znd_tp_profiles/znd_T0300.00_P03.10.npz,0.0,
32,300.0,3.2,1.0,cached,1998.659285031,5e-05,785,0.051032154928660624,znd_tp_profiles/znd_T0300.00_P03.20.npz,0.0,
33,300.0,3.3000000000000003,1.0,cached,1999.2354136659644,5e-05,895,0.05105401325390776,znd_tp_profiles/znd_T0300.00_P03.30.npz,0.0,
34,300.0,3.4000000000000004,1.0,cached,1999.7920699379788,5e-05,751,0.051074819370873145,znd_tp_profiles/znd_T0300.00_P03.40.npz,0.0,
35,300.0,3.5000000000000004,1.0,cached,2000.3304453502506,5e-05,947,0.051094662410122664,znd_tp_profiles/znd_T0300.00_P03.50.npz,0.0,
36,300.0,3.6,1.0,cached,2000.8516094102297,5e-05,889,0.05111363849184809,znd_tp_profiles/znd_T0300.00_P03.60.npz,0.0,
37,300.0,3.7,1.0,cached,2001.3565552503726,5e-05,892,0.05113181649509588,znd_tp_profiles/znd_T0300.00_P03.70.npz,0.0,
38,300.0,3.8000000000000003,1.0,cached,2001.846215261547,5e-05,946,0.051149278406610404,znd_tp_profiles/znd_T0300.00_P03.80.npz,0.0,
39,300.0,3.9000000000000004,1.0,cached,2002.3214169581768,5e-05,1039,0.051166086720983245,znd_tp_profiles/znd_T0300.00_P03.90.npz,0.0,
40,300.0,4.0,1.0,cached,2002.7829343266942,5e-05,857,0.05118230974113774,znd_tp_profiles/znd_T0300.00_P04.00.npz,0.0,
41,300.0,4.1,1.0,cached,2003.2314604773155,5e-05,830,0.05119802174611346,znd_tp_profiles/znd_T0300.00_P04.10.npz,0.0,
42,300.0,4.2,1.0,cached,2003.6677139169399,5e-05,763,0.05121322941787312,znd_tp_profiles/znd_T0300.00_P04.20.npz,0.0,
43,300.0,4.3,1.0,cached,2004.0922287955793,5e-05,776,0.05122801177576833,znd_tp_profiles/znd_T0300.00_P04.30.npz,0.0,
44,300.0,4.3999999999999995,1.0,cached,2004.5056547168613,5e-05,841,0.05124239473729523,znd_tp_profiles/znd_T0300.00_P04.40.npz,0.0,
45,300.0,4.5,1.0,cached,2004.9084359214305,5e-05,800,0.051256435127680355,znd_tp_profiles/znd_T0300.00_P04.50.npz,0.0,
46,300.0,4.6,1.0,cached,2005.3011634065706,5e-05,837,0.05127012389667785,znd_tp_profiles/znd_T0300.00_P04.60.npz,0.0,
47,300.0,4.7,1.0,cached,2005.6841763071861,5e-05,792,0.05128353135129687,znd_tp_profiles/znd_T0300.00_P04.70.npz,0.0,
48,300.0,4.8,1.0,cached,2006.0580382031044,5e-05,872,0.05129664008980364,znd_tp_profiles/znd_T0300.00_P04.80.npz,0.0,
49,300.0,4.9,1.0,cached,2006.4230398489308,5e-05,940,0.0513094979904663,znd_tp_profiles/znd_T0300.00_P04.90.npz,0.0,
50,300.0,5.0,1.0,cached,2006.7796128805885,5e-05,770,0.051322113794513124,znd_tp_profiles/znd_T0300.00_P05.00.npz,0.0,
51,314.2857142857143,0.1,1.0,ok,1918.2241621611151,5e-05,569,0.035011376697171095,znd_tp_profiles/znd_T0314.29_P00.10.npz,0.8460653750007623,
52,314.2857142857143,0.2,1.0,ok,1935.7754216598262,5e-05,620,0.042784268667170895,znd_tp_profiles/znd_T0314.29_P00.20.npz,0.977304499996535,
53,314.2857142857143,0.30000000000000004,1.0,ok,1945.7060239865455,5e-05,641,0.04592855865816333,znd_tp_profiles/znd_T0314.29_P00.30.npz,0.7997366249983315,
54,314.2857142857143,0.4,1.0,ok,1952.583439125029,5e-05,655,0.04740313955225502,znd_tp_profiles/znd_T0314.29_P00.40.npz,0.8284763749979902,
55,314.2857142857143,0.5,1.0,ok,1957.8144680730527,5e-05,665,0.04822913846345863,znd_tp_profiles/znd_T0314.29_P00.50.npz,0.811808625003323,
56,314.2857142857143,0.6,1.0,ok,1962.0179569123377,5e-05,677,0.04875858670496743,znd_tp_profiles/znd_T0314.29_P00.60.npz,0.8053090840039658,
57,314.2857142857143,0.7000000000000001,1.0,ok,1965.5205394042846,5e-05,677,0.049130074639120655,znd_tp_profiles/znd_T0314.29_P00.70.npz,0.8644644579981104,
58,314.2857142857143,0.8,1.0,ok,1968.515383332526,5e-05,683,0.04940762526183383,znd_tp_profiles/znd_T0314.29_P00.80.npz,0.8355699159947108,
59,314.2857142857143,0.9,1.0,ok,1971.1260519211482,5e-05,700,0.04962467169403136,znd_tp_profiles/znd_T0314.29_P00.90.npz,0.8814106249992619,
60,314.2857142857143,1.0,1.0,ok,1973.4362669294774,5e-05,716,0.04980035866877906,znd_tp_profiles/znd_T0314.29_P01.00.npz,0.825001750003139,
61,314.2857142857143,1.1,1.0,ok,1975.5053373880278,5e-05,714,0.04994642508028768,znd_tp_profiles/znd_T0314.29_P01.10.npz,0.8116675420023967,
62,314.2857142857143,1.2000000000000002,1.0,ok,1977.3767385460387,5e-05,769,0.05007048108735369,znd_tp_profiles/znd_T0314.29_P01.20.npz,0.8263910000023316,
63,314.2857142857143,1.3000000000000003,1.0,ok,1979.0833173863416,5e-05,728,0.05017763626134875,znd_tp_profiles/znd_T0314.29_P01.30.npz,0.8901370000021416,
64,314.2857142857143,1.4000000000000001,1.0,ok,1980.6504480605638,5e-05,822,0.05027154245807816,znd_tp_profiles/znd_T0314.29_P01.40.npz,0.9317527919993154,
65,314.2857142857143,1.5000000000000002,1.0,ok,1982.0981260540204,5e-05,723,0.050354797978890115,znd_tp_profiles/znd_T0314.29_P01.50.npz,0.8540837499967893,
66,314.2857142857143,1.6,1.0,ok,1983.4423966056158,5e-05,750,0.05042934672819918,znd_tp_profiles/znd_T0314.29_P01.60.npz,0.8261545419954928,
67,314.2857142857143,1.7000000000000002,1.0,ok,1984.6963163716705,5e-05,785,0.050496662596586035,znd_tp_profiles/znd_T0314.29_P01.70.npz,0.8416938750015106,
68,314.2857142857143,1.8000000000000003,1.0,ok,1985.8706521883134,5e-05,715,0.05055788469169941,znd_tp_profiles/znd_T0314.29_P01.80.npz,0.8091303749970393,
69,314.2857142857143,1.9000000000000001,1.0,ok,1986.9743761208947,5e-05,805,0.0506139092823178,znd_tp_profiles/znd_T0314.29_P01.90.npz,0.9062662500000442,
70,314.2857142857143,2.0,1.0,ok,1988.0150482956958,5e-05,874,0.05066547179502588,znd_tp_profiles/znd_T0314.29_P02.00.npz,0.8751807909939089,
71,314.2857142857143,2.1,1.0,ok,1988.9990986526213,5e-05,853,0.05071313712270585,znd_tp_profiles/znd_T0314.29_P02.10.npz,0.8862309579999419,
72,314.2857142857143,2.2,1.0,ok,1989.932033107887,5e-05,781,0.050757378975124556,znd_tp_profiles/znd_T0314.29_P02.20.npz,0.95306349999737,
73,314.2857142857143,2.3000000000000003,1.0,ok,1990.8186006438293,5e-05,829,0.05079859360757711,znd_tp_profiles/znd_T0314.29_P02.30.npz,0.8849230830019224,
74,314.2857142857143,2.4000000000000004,1.0,ok,1991.6629359434455,5e-05,854,0.05083713945004416,znd_tp_profiles/znd_T0314.29_P02.40.npz,0.868843125004787,
75,314.2857142857143,2.5000000000000004,1.0,ok,1992.4686471495831,5e-05,839,0.05087326046970357,znd_tp_profiles/znd_T0314.29_P02.50.npz,0.8586992909986293,
76,314.2857142857143,2.6,1.0,ok,1993.2389086597927,5e-05,743,0.0509072116687894,znd_tp_profiles/znd_T0314.29_P02.60.npz,0.8584817500013742,
77,314.2857142857143,2.7,1.0,ok,1993.9765332842344,5e-05,774,0.05093918997585631,znd_tp_profiles/znd_T0314.29_P02.70.npz,0.8309815410029842,
78,314.2857142857143,2.8000000000000003,1.0,ok,1994.6839825167926,5e-05,827,0.05096938254644998,znd_tp_profiles/znd_T0314.29_P02.80.npz,0.8702659999980824,
79,314.2857142857143,2.9000000000000004,1.0,ok,1995.3635138476163,5e-05,769,0.050997939929088264,znd_tp_profiles/znd_T0314.29_P02.90.npz,0.8699968750006519,
80,314.2857142857143,3.0000000000000004,1.0,ok,1996.0170959549305,5e-05,765,0.05102498667962749,znd_tp_profiles/znd_T0314.29_P03.00.npz,0.8824115410025115,
81,314.2857142857143,3.1,1.0,ok,1996.6465201543497,5e-05,746,0.05105066308432623,znd_tp_profiles/znd_T0314.29_P03.10.npz,0.9766791250003735,
82,314.2857142857143,3.2,1.0,ok,1997.2534019964016,5e-05,912,0.05107506003957934,znd_tp_profiles/znd_T0314.29_P03.20.npz,1.1096011670015287,
83,314.2857142857143,3.3000000000000003,1.0,ok,1997.839194212824,5e-05,933,0.05109827759136706,znd_tp_profiles/znd_T0314.29_P03.30.npz,1.091674958996009,
84,314.2857142857143,3.4000000000000004,1.0,ok,1998.4052241092288,5e-05,865,0.05112040882497858,znd_tp_profiles/znd_T0314.29_P03.40.npz,0.9348288330002106,
85,314.2857142857143,3.5000000000000004,1.0,ok,1998.9526703620877,5e-05,996,0.051141536344940966,znd_tp_profiles/znd_T0314.29_P03.50.npz,0.9813298329972895,
86,314.2857142857143,3.6,1.0,ok,1999.4827143108894,5e-05,981,0.05116172926046785,znd_tp_profiles/znd_T0314.29_P03.60.npz,1.0962676659983117,
87,314.2857142857143,3.7,1.0,ok,1999.996282858733,5e-05,770,0.0511810780169961,znd_tp_profiles/znd_T0314.29_P03.70.npz,0.9331733750004787,
88,314.2857142857143,3.8000000000000003,1.0,ok,2000.4943260713314,5e-05,830,0.05119961841882895,znd_tp_profiles/znd_T0314.29_P03.80.npz,0.8758618749998277,
89,314.2857142857143,3.9000000000000004,1.0,ok,2000.977694729168,5e-05,837,0.051217434760468986,znd_tp_profiles/znd_T0314.29_P03.90.npz,0.9193245839996962,
90,314.2857142857143,4.0,1.0,ok,2001.4471716360324,5e-05,796,0.051234567382910844,znd_tp_profiles/znd_T0314.29_P04.00.npz,0.890155875000346,
91,314.2857142857143,4.1,1.0,ok,2001.9034836500966,5e-05,824,0.05125109401038461,znd_tp_profiles/znd_T0314.29_P04.10.npz,0.9018846249964554,
92,314.2857142857143,4.2,1.0,ok,2002.3472927641117,5e-05,866,0.051267047572128514,znd_tp_profiles/znd_T0314.29_P04.20.npz,0.9288166670012288,
93,314.2857142857143,4.3,1.0,ok,2002.779194017294,5e-05,898,0.05128247406883223,znd_tp_profiles/znd_T0314.29_P04.30.npz,0.8971259159952751,
94,314.2857142857143,4.3999999999999995,1.0,ok,2003.1998633449143,5e-05,808,0.051297419710171224,znd_tp_profiles/znd_T0314.29_P04.40.npz,0.844051958003547,
95,314.2857142857143,4.5,1.0,ok,2003.6097312763527,5e-05,781,0.051311935685853245,znd_tp_profiles/znd_T0314.29_P04.50.npz,0.8783113749959739,
96,314.2857142857143,4.6,1.0,ok,2004.0093359853045,5e-05,824,0.05132603041423058,znd_tp_profiles/znd_T0314.29_P04.60.npz,0.8937608330015792,
97,314.2857142857143,4.7,1.0,ok,2004.3991458617845,5e-05,880,0.051339761356023694,znd_tp_profiles/znd_T0314.29_P04.70.npz,0.9705742079968331,
98,314.2857142857143,4.8,1.0,ok,2004.7795913945974,5e-05,768,0.05135314871416554,znd_tp_profiles/znd_T0314.29_P04.80.npz,0.8735191669984488,
99,314.2857142857143,4.9,1.0,ok,2005.1510839983953,5e-05,784,0.05136621851453402,znd_tp_profiles/znd_T0314.29_P04.90.npz,0.9346820840000873,
100,314.2857142857143,5.0,1.0,ok,2005.5140056550015,5e-05,852,0.05137899504094797,znd_tp_profiles/znd_T0314.29_P05.00.npz,1.1113352079992183,
101,328.57142857142856,0.1,1.0,ok,1915.8512268428492,5e-05,567,0.03463991603762172,znd_tp_profiles/znd_T0328.57_P00.10.npz,0.8966898329963442,
102,328.57142857142856,0.2,1.0,ok,1933.5756833001574,5e-05,619,0.042500063394256396,znd_tp_profiles/znd_T0328.57_P00.20.npz,0.8837579579994781,
103,328.57142857142856,0.30000000000000004,1.0,ok,1943.613590389609,5e-05,640,0.045762531754637834,znd_tp_profiles/znd_T0328.57_P00.30.npz,0.8589949999950477,
104,328.57142857142856,0.4,1.0,ok,1950.569697964486,5e-05,655,0.04730594175267243,znd_tp_profiles/znd_T0328.57_P00.40.npz,0.8790359590057051,
105,328.57142857142856,0.5,1.0,ok,1955.8631538036993,5e-05,664,0.048169145245255035,znd_tp_profiles/znd_T0328.57_P00.50.npz,0.8810867079955642,
106,328.57142857142856,0.6,1.0,ok,1960.1184686505978,5e-05,670,0.04872066622413214,znd_tp_profiles/znd_T0328.57_P00.60.npz,0.9313364999979967,
107,328.57142857142856,0.7000000000000001,1.0,ok,1963.6654388039826,5e-05,673,0.04910654467152905,znd_tp_profiles/znd_T0328.57_P00.70.npz,0.8496142079966376,
108,328.57142857142856,0.8,1.0,ok,1966.699131147407,5e-05,681,0.049394119039952555,znd_tp_profiles/znd_T0328.57_P00.80.npz,0.9268101249981555,
109,328.57142857142856,0.9,1.0,ok,1969.3443584066752,5e-05,690,0.04961855564710916,znd_tp_profiles/znd_T0328.57_P00.90.npz,0.8353872920051799,
110,328.57142857142856,1.0,1.0,ok,1971.6856867313304,5e-05,732,0.049799910774274245,znd_tp_profiles/znd_T0328.57_P01.00.npz,0.84630041699711,
111,328.57142857142856,1.1,1.0,ok,1973.783079186564,5e-05,737,0.049950471104295985,znd_tp_profiles/znd_T0328.57_P01.10.npz,0.8612107920052949,
112,328.57142857142856,1.2000000000000002,1.0,ok,1975.6804598190179,5e-05,776,0.0500781898160388,znd_tp_profiles/znd_T0328.57_P01.20.npz,0.9567897079978138,
113,328.57142857142856,1.3000000000000003,1.0,ok,1977.4110494535328,5e-05,751,0.050188440319391896,znd_tp_profiles/znd_T0328.57_P01.30.npz,0.9163492919979035,
114,328.57142857142856,1.4000000000000001,1.0,ok,1979.000491248212,5e-05,704,0.050284977542052446,znd_tp_profiles/znd_T0328.57_P01.40.npz,0.8658036249980796,
115,328.57142857142856,1.5000000000000002,1.0,ok,1980.469013117668,5e-05,763,0.050370528882016596,znd_tp_profiles/znd_T0328.57_P01.50.npz,0.9318933329996071,
116,328.57142857142856,1.6,1.0,ok,1981.8328383288526,5e-05,784,0.05044711169000172,znd_tp_profiles/znd_T0328.57_P01.60.npz,0.8899973340012366,
117,328.57142857142856,1.7000000000000002,1.0,ok,1983.105156560684,5e-05,828,0.050516262221937405,znd_tp_profiles/znd_T0328.57_P01.70.npz,0.8844605830017827,
118,328.57142857142856,1.8000000000000003,1.0,ok,1984.296912095232,5e-05,811,0.05057915597225571,znd_tp_profiles/znd_T0328.57_P01.80.npz,0.9164118330008932,
119,328.57142857142856,1.9000000000000001,1.0,ok,1985.417133420673,5e-05,811,0.0506367258711419,znd_tp_profiles/znd_T0328.57_P01.90.npz,0.9302201669997885,
120,328.57142857142856,2.0,1.0,ok,1986.473488840099,5e-05,769,0.05068973109422734,znd_tp_profiles/znd_T0328.57_P02.00.npz,0.8696136250000563,
121,328.57142857142856,2.1,1.0,ok,1987.4724789230866,5e-05,778,0.05073876073961677,znd_tp_profiles/znd_T0328.57_P02.10.npz,0.8698918750014855,
122,328.57142857142856,2.2,1.0,ok,1988.4196761861965,5e-05,829,0.050784315369959865,znd_tp_profiles/znd_T0328.57_P02.20.npz,0.9113155000013649,
123,328.57142857142856,2.3000000000000003,1.0,ok,1989.3198950752571,5e-05,747,0.050826799330227886,znd_tp_profiles/znd_T0328.57_P02.30.npz,0.8504162919998635,
124,328.57142857142856,2.4000000000000004,1.0,ok,1990.1773137892199,5e-05,799,0.0508665455333587,znd_tp_profiles/znd_T0328.57_P02.40.npz,0.920048667001538,
125,328.57142857142856,2.5000000000000004,1.0,ok,1990.995586447228,5e-05,868,0.05090386220741824,znd_tp_profiles/znd_T0328.57_P02.50.npz,0.8855638750028447,
126,328.57142857142856,2.6,1.0,ok,1991.7779304098485,5e-05,768,0.05093897642673231,znd_tp_profiles/znd_T0328.57_P02.60.npz,0.9207604999974137,
127,328.57142857142856,2.7,1.0,ok,1992.5271475992793,5e-05,849,0.05097211623438383,znd_tp_profiles/znd_T0328.57_P02.70.npz,0.9069047499942826,
128,328.57142857142856,2.8000000000000003,1.0,ok,1993.2458760315656,5e-05,854,0.05100344065997089,znd_tp_profiles/znd_T0328.57_P02.80.npz,0.9036198750036419,
129,328.57142857142856,2.9000000000000004,1.0,ok,1993.936192603841,5e-05,814,0.05103313404465838,znd_tp_profiles/znd_T0328.57_P02.90.npz,0.8575332500040531,
130,328.57142857142856,3.0000000000000004,1.0,ok,1994.6002887496345,5e-05,835,0.051061303765240255,znd_tp_profiles/znd_T0328.57_P03.00.npz,1.0067939590007882,
131,328.57142857142856,3.1,1.0,ok,1995.2398509210866,5e-05,828,0.051088097298985675,znd_tp_profiles/znd_T0328.57_P03.10.npz,0.9497119579973514,
132,328.57142857142856,3.2,1.0,ok,1995.85654984354,5e-05,821,0.05111361553362444,znd_tp_profiles/znd_T0328.57_P03.20.npz,0.9369836249970831,
133,328.57142857142856,3.3000000000000003,1.0,ok,1996.4518657411118,5e-05,809,0.051137941195292955,znd_tp_profiles/znd_T0328.57_P03.30.npz,0.854378000003635,
134,328.57142857142856,3.4000000000000004,1.0,ok,1997.0271473357368,5e-05,876,0.05116117401143984,znd_tp_profiles/znd_T0328.57_P03.40.npz,0.8905144589953125,
135,328.57142857142856,3.5000000000000004,1.0,ok,1997.5835864679134,5e-05,903,0.05118339064168024,znd_tp_profiles/znd_T0328.57_P03.50.npz,0.9202202079977724,
136,328.57142857142856,3.6,1.0,ok,1998.1223282734802,5e-05,902,0.051204658808592346,znd_tp_profiles/znd_T0328.57_P03.60.npz,1.0076235419983277,
137,328.57142857142856,3.7,1.0,ok,1998.644340599043,5e-05,809,0.051225060395039636,znd_tp_profiles/znd_T0328.57_P03.70.npz,0.8932830409976305,
138,328.57142857142856,3.8000000000000003,1.0,ok,1999.150692921652,5e-05,808,0.05124462025133299,znd_tp_profiles/znd_T0328.57_P03.80.npz,0.9104673330002697,
139,328.57142857142856,3.9000000000000004,1.0,ok,1999.6421249395346,5e-05,905,0.05126341077667557,znd_tp_profiles/znd_T0328.57_P03.90.npz,0.8829296670010081,
140,328.57142857142856,4.0,1.0,ok,2000.119439319629,5e-05,799,0.05128149710368949,znd_tp_profiles/znd_T0328.57_P04.00.npz,0.8780062909936532,
141,328.57142857142856,4.1,1.0,ok,2000.5834052685868,5e-05,780,0.051298901261184485,znd_tp_profiles/znd_T0328.57_P04.10.npz,0.8432980829966255,
142,328.57142857142856,4.2,1.0,ok,2001.0346384120603,5e-05,923,0.05131570716096789,znd_tp_profiles/znd_T0328.57_P04.20.npz,0.8905614169998444,
143,328.57142857142856,4.3,1.0,ok,2001.4739191233132,5e-05,764,0.05133191358320072,znd_tp_profiles/znd_T0328.57_P04.30.npz,0.9300172500006738,
144,328.57142857142856,4.3999999999999995,1.0,ok,2001.9016830417156,5e-05,769,0.051347589038180055,znd_tp_profiles/znd_T0328.57_P04.40.npz,0.878316916001495,
145,328.57142857142856,4.5,1.0,ok,2002.3185194061768,5e-05,753,0.05136276630004721,znd_tp_profiles/znd_T0328.57_P04.50.npz,0.9127591249998659,
146,328.57142857142856,4.6,1.0,ok,2002.7249424462868,5e-05,800,0.05137747510700878,znd_tp_profiles/znd_T0328.57_P04.60.npz,0.8789444590001949,
147,328.57142857142856,4.7,1.0,ok,2003.1214175496932,5e-05,938,0.05139174482381605,znd_tp_profiles/znd_T0328.57_P04.70.npz,1.0587554590019863,
148,328.57142857142856,4.8,1.0,ok,2003.5083923304267,5e-05,807,0.05140561857654756,znd_tp_profiles/znd_T0328.57_P04.80.npz,1.03253562500322,
149,328.57142857142856,4.9,1.0,ok,2003.8862766178784,5e-05,857,0.05141911700985015,znd_tp_profiles/znd_T0328.57_P04.90.npz,0.8604082500023651,
150,328.57142857142856,5.0,1.0,ok,2004.2554645903313,5e-05,832,0.051432271722584966,znd_tp_profiles/znd_T0328.57_P05.00.npz,0.8589434590030578,
151,342.8571428571429,0.1,1.0,ok,1913.5005886371398,5e-05,564,0.03429001988538695,znd_tp_profiles/znd_T0342.86_P00.10.npz,0.8170038749958621,
152,342.8571428571429,0.2,1.0,ok,1931.3954906358772,5e-05,617,0.04222222821214283,znd_tp_profiles/znd_T0342.86_P00.20.npz,0.816334959003143,
153,342.8571428571429,0.30000000000000004,1.0,ok,1941.5389816131765,5e-05,641,0.045596854254395865,znd_tp_profiles/znd_T0342.86_P00.30.npz,0.8536877500009723,
154,342.8571428571429,0.4,1.0,ok,1948.5725156363424,5e-05,653,0.04720860653482676,znd_tp_profiles/znd_T0342.86_P00.40.npz,0.8709014170017326,
155,342.8571428571429,0.5,1.0,ok,1953.9273736454084,5e-05,662,0.04810922839662581,znd_tp_profiles/znd_T0342.86_P00.50.npz,0.8586674160032999,
156,342.8571428571429,0.6,1.0,ok,1958.2337103926254,5e-05,669,0.048682952234671714,znd_tp_profiles/znd_T0342.86_P00.60.npz,0.8354818329971749,
157,342.8571428571429,0.7000000000000001,1.0,ok,1961.8243717217476,5e-05,672,0.049083250631639486,znd_tp_profiles/znd_T0342.86_P00.70.npz,0.8655985840014182,
158,342.8571428571429,0.8,1.0,ok,1964.8962961650311,5e-05,681,0.049380863777049935,znd_tp_profiles/znd_T0342.86_P00.80.npz,0.8864709589979611,
159,342.8571428571429,0.9,1.0,ok,1967.5755279072723,5e-05,684,0.04961265388192618,znd_tp_profiles/znd_T0342.86_P00.90.npz,0.8292350829942734,
160,342.8571428571429,1.0,1.0,ok,1969.9475152838193,5e-05,699,0.049799632951536894,znd_tp_profiles/znd_T0342.86_P01.00.npz,0.8676196250016801,
161,342.8571428571429,1.1,1.0,ok,1972.0727716948911,5e-05,740,0.04995464372012575,znd_tp_profiles/znd_T0342.86_P01.10.npz,0.9157563750050031,
162,342.8571428571429,1.2000000000000002,1.0,ok,1973.995751714142,5e-05,741,0.050085974928471874,znd_tp_profiles/znd_T0342.86_P01.20.npz,0.9670848750029108,
163,342.8571428571429,1.3000000000000003,1.0,ok,1975.7499604578397,5e-05,782,0.05019922621182269,znd_tp_profiles/znd_T0342.86_P01.30.npz,0.8605383329995675,
164,342.8571428571429,1.4000000000000001,1.0,ok,1977.3613764390807,5e-05,763,0.0502983247099155,znd_tp_profiles/znd_T0342.86_P01.40.npz,0.8547209999960614,
165,342.8571428571429,1.5000000000000002,1.0,ok,1978.8504658380436,5e-05,731,0.05038607410417175,znd_tp_profiles/znd_T0342.86_P01.50.npz,0.8861154999976861,
166,342.8571428571429,1.6,1.0,ok,1980.2335451937017,5e-05,799,0.05046460580159212,znd_tp_profiles/znd_T0342.86_P01.60.npz,0.962608083995292,
167,342.8571428571429,1.7000000000000002,1.0,ok,1981.5239942868654,5e-05,896,0.05053548725671148,znd_tp_profiles/znd_T0342.86_P01.70.npz,0.8907987080019666,
168,342.8571428571429,1.8000000000000003,1.0,ok,1982.732915974512,5e-05,788,0.050599940466377856,znd_tp_profiles/znd_T0342.86_P01.80.npz,0.9003521249978803,
169,342.8571428571429,1.9000000000000001,1.0,ok,1983.869390589109,5e-05,825,0.05065894685282937,znd_tp_profiles/znd_T0342.86_P01.90.npz,1.1244596670003375,
170,342.8571428571429,2.0,1.0,ok,1984.9411983608425,5e-05,842,0.050713270443900844,znd_tp_profiles/znd_T0342.86_P02.00.npz,0.8764051249963813,
171,342.8571428571429,2.1,1.0,ok,1985.9549137718507,5e-05,804,0.05076353529258764,znd_tp_profiles/znd_T0342.86_P02.10.npz,0.9015652500020224,
172,342.8571428571429,2.2,1.0,ok,1986.9161719877436,5e-05,804,0.050810251227189136,znd_tp_profiles/znd_T0342.86_P02.20.npz,0.8660044580028625,
173,342.8571428571429,2.3000000000000003,1.0,ok,1987.8298452249169,5e-05,811,0.05085383657986139,znd_tp_profiles/znd_T0342.86_P02.30.npz,0.9202027089995681,
174,342.8571428571429,2.4000000000000004,1.0,ok,1988.700163092548,5e-05,901,0.050894641852772836,znd_tp_profiles/znd_T0342.86_P02.40.npz,0.9127317080055946,
175,342.8571428571429,2.5000000000000004,1.0,ok,1989.5308233634282,5e-05,783,0.05093298017438838,znd_tp_profiles/znd_T0342.86_P02.50.npz,0.8567989169969223,
176,342.8571428571429,2.6,1.0,ok,1990.3250792010128,5e-05,781,0.050969088214338806,znd_tp_profiles/znd_T0342.86_P02.60.npz,0.8872394999998505,
177,342.8571428571429,2.7,1.0,ok,1991.0857549178854,5e-05,848,0.05100319357208238,znd_tp_profiles/znd_T0342.86_P02.70.npz,0.8727859999999055,
178,342.8571428571429,2.8000000000000003,1.0,ok,1991.8155543368732,5e-05,824,0.0510354639386756,znd_tp_profiles/znd_T0342.86_P02.80.npz,0.8610197079979116,
179,342.8571428571429,2.9000000000000004,1.0,ok,1992.5165524933952,5e-05,821,0.05106608873374736,znd_tp_profiles/znd_T0342.86_P02.90.npz,0.8582966670001042,
180,342.8571428571429,3.0000000000000004,1.0,ok,1993.1909947731062,5e-05,836,0.05109517365136898,znd_tp_profiles/znd_T0342.86_P03.00.npz,0.9358934159972705,
181,342.8571428571429,3.1,1.0,ok,1993.8405549939016,5e-05,872,0.05112286720535505,znd_tp_profiles/znd_T0342.86_P03.10.npz,0.8865226659982,
182,342.8571428571429,3.2,1.0,ok,1994.4669430463925,5e-05,741,0.05114928837774652,znd_tp_profiles/znd_T0342.86_P03.20.npz,0.8256898749968968,
183,342.8571428571429,3.3000000000000003,1.0,ok,1995.0716526022559,5e-05,850,0.05117451546176921,znd_tp_profiles/znd_T0342.86_P03.30.npz,0.9022269170018262,
184,342.8571428571429,3.4000000000000004,1.0,ok,1995.6560408871421,5e-05,1219,0.05119864566191682,znd_tp_profiles/znd_T0342.86_P03.40.npz,1.0251191659990582,
185,342.8571428571429,3.5000000000000004,1.0,ok,1996.2213570379395,5e-05,876,0.05122174320885715,znd_tp_profiles/znd_T0342.86_P03.50.npz,0.8776280829988536,
186,342.8571428571429,3.6,1.0,ok,1996.7687097033324,5e-05,778,0.05124389106197412,znd_tp_profiles/znd_T0342.86_P03.60.npz,0.8412104590024683,
187,342.8571428571429,3.7,1.0,ok,1997.2991327528148,5e-05,865,0.05126514929603059,znd_tp_profiles/znd_T0342.86_P03.70.npz,0.9492414999986067,
188,342.8571428571429,3.8000000000000003,1.0,ok,1997.8135941462747,5e-05,884,0.05128557928452716,znd_tp_profiles/znd_T0342.86_P03.80.npz,0.9139926659991033,
189,342.8571428571429,3.9000000000000004,1.0,ok,1998.3129589394816,5e-05,870,0.051305222781007735,znd_tp_profiles/znd_T0342.86_P03.90.npz,0.8726012500046636,
190,342.8571428571429,4.0,1.0,ok,1998.7980301554219,5e-05,942,0.05132413744007268,znd_tp_profiles/znd_T0342.86_P04.00.npz,0.9039907499973197,
191,342.8571428571429,4.1,1.0,ok,1999.2694856581095,5e-05,876,0.05134239366618046,znd_tp_profiles/znd_T0342.86_P04.10.npz,0.8768235419993289,
192,342.8571428571429,4.2,1.0,ok,1999.7282113781102,5e-05,754,0.0513599612128491,znd_tp_profiles/znd_T0342.86_P04.20.npz,0.8423582079994958,
193,342.8571428571429,4.3,1.0,ok,2000.1746557325598,5e-05,978,0.05137694578189817,znd_tp_profiles/znd_T0342.86_P04.30.npz,0.9154199170006905,
194,342.8571428571429,4.3999999999999995,1.0,ok,2000.6093735191232,5e-05,813,0.05139337433492948,znd_tp_profiles/znd_T0342.86_P04.40.npz,0.8575917499983916,
195,342.8571428571429,4.5,1.0,ok,2001.0331605482968,5e-05,850,0.05140924342222406,znd_tp_profiles/znd_T0342.86_P04.50.npz,0.8784821660010493,
196,342.8571428571429,4.6,1.0,ok,2001.4463109142396,5e-05,750,0.05142462229587833,znd_tp_profiles/znd_T0342.86_P04.60.npz,1.0421103749977192,
197,342.8571428571429,4.7,1.0,ok,2001.8493692428754,5e-05,867,0.051439531199880324,znd_tp_profiles/znd_T0342.86_P04.70.npz,0.9087780420013587,
198,342.8571428571429,4.8,1.0,ok,2002.2427894052892,5e-05,775,0.05145400165067103,znd_tp_profiles/znd_T0342.86_P04.80.npz,0.9799577919984586,
199,342.8571428571429,4.9,1.0,ok,2002.6269866109344,5e-05,930,0.05146805355346616,znd_tp_profiles/znd_T0342.86_P04.90.npz,1.049234209000133,
200,342.8571428571429,5.0,1.0,ok,2003.0023589463883,5e-05,857,0.05148172213465342,znd_tp_profiles/znd_T0342.86_P05.00.npz,1.053877124999417,
201,357.14285714285717,0.1,1.0,ok,1911.1694527261673,5e-05,559,0.033960258895742675,znd_tp_profiles/znd_T0357.14_P00.10.npz,0.9191483329996117,
202,357.14285714285717,0.2,1.0,ok,1929.2322928308054,5e-05,614,0.041950957435199054,znd_tp_profiles/znd_T0357.14_P00.20.npz,0.8906309169979068,
203,357.14285714285717,0.30000000000000004,1.0,ok,1939.4797992554397,5e-05,636,0.045431726176296865,znd_tp_profiles/znd_T0357.14_P00.30.npz,0.9416340419993503,
204,357.14285714285717,0.4,1.0,ok,1946.5895955422577,5e-05,650,0.04711114451165456,znd_tp_profiles/znd_T0357.14_P00.40.npz,0.8901981250019162,
205,357.14285714285717,0.5,1.0,ok,1952.004949377794,5e-05,663,0.048049373836538956,znd_tp_profiles/znd_T0357.14_P00.50.npz,0.945386375002272,
206,357.14285714285717,0.6,1.0,ok,1956.361548318237,5e-05,667,0.04864543786243074,znd_tp_profiles/znd_T0357.14_P00.60.npz,0.9064824579982087,
207,357.14285714285717,0.7000000000000001,1.0,ok,1959.995229391761,5e-05,671,0.04906021461898836,znd_tp_profiles/znd_T0357.14_P00.70.npz,0.8389244580030208,
208,357.14285714285717,0.8,1.0,ok,1963.104858852206,5e-05,679,0.04936786760809799,znd_tp_profiles/znd_T0357.14_P00.80.npz,0.8226041669986444,
209,357.14285714285717,0.9,1.0,ok,1965.8175941294708,5e-05,686,0.04960700920195601,znd_tp_profiles/znd_T0357.14_P00.90.npz,0.847170458000619,
210,357.14285714285717,1.0,1.0,ok,1968.2197802204714,5e-05,701,0.04979958127607729,znd_tp_profiles/znd_T0357.14_P01.00.npz,0.8354797089996282,
211,357.14285714285717,1.1,1.0,ok,1970.3725204890516,5e-05,714,0.04995899620215988,znd_tp_profiles/znd_T0357.14_P01.10.npz,0.8303498749955907,
212,357.14285714285717,1.2000000000000002,1.0,ok,1972.3207232344294,5e-05,709,0.05009389198875784,znd_tp_profiles/znd_T0357.14_P01.20.npz,0.8344827920009266,
213,357.14285714285717,1.3000000000000003,1.0,ok,1974.0982680012025,5e-05,734,0.05021010116309161,znd_tp_profiles/znd_T0357.14_P01.30.npz,0.8622412080003414,
214,357.14285714285717,1.4000000000000001,1.0,ok,1975.7313538086376,5e-05,720,0.05031168560491929,znd_tp_profiles/znd_T0357.14_P01.40.npz,0.9979086669991375,
215,357.14285714285717,1.5000000000000002,1.0,ok,1977.240649940147,5e-05,1092,0.05040159722337659,znd_tp_profiles/znd_T0357.14_P01.50.npz,0.9779057499981718,
216,357.14285714285717,1.6,1.0,ok,1978.642737659105,5e-05,867,0.05048199876867357,znd_tp_profiles/znd_T0357.14_P01.60.npz,0.9458901249963674,
217,357.14285714285717,1.7000000000000002,1.0,ok,1979.9511147840203,5e-05,775,0.050554540016989835,znd_tp_profiles/znd_T0357.14_P01.70.npz,0.9154334999984712,
218,357.14285714285717,1.8000000000000003,1.0,ok,1981.1768635114547,5e-05,804,0.050620498176620336,znd_tp_profiles/znd_T0357.14_P01.80.npz,0.8648799579968909,
219,357.14285714285717,1.9000000000000001,1.0,ok,1982.3294286821597,5e-05,782,0.050680849079757714,znd_tp_profiles/znd_T0357.14_P01.90.npz,0.8987145409992081,
220,357.14285714285717,2.0,1.0,ok,1983.416478585092,5e-05,825,0.05073640890403738,znd_tp_profiles/znd_T0357.14_P02.00.npz,0.8889971669996157,
221,357.14285714285717,2.1,1.0,ok,1984.4447172711132,5e-05,728,0.0507878165364474,znd_tp_profiles/znd_T0357.14_P02.10.npz,0.8430221669987077,
222,357.14285714285717,2.2,1.0,ok,1985.4198638789053,5e-05,730,0.05083559474455009,znd_tp_profiles/znd_T0357.14_P02.20.npz,0.8316173329949379,
223,357.14285714285717,2.3000000000000003,1.0,ok,1986.346800577221,5e-05,733,0.050880185640338825,znd_tp_profiles/znd_T0357.14_P02.30.npz,0.8800877910034615,
224,357.14285714285717,2.4000000000000004,1.0,ok,1987.2298483512002,5e-05,834,0.050921946382979005,znd_tp_profiles/znd_T0357.14_P02.40.npz,0.8671953750017565,
225,357.14285714285717,2.5000000000000004,1.0,ok,1988.072730720289,5e-05,1014,0.05096118345089975,znd_tp_profiles/znd_T0357.14_P02.50.npz,0.944966208000551,
226,357.14285714285717,2.6,1.0,ok,1988.878745634544,5e-05,866,0.05099815877474321,znd_tp_profiles/znd_T0357.14_P02.60.npz,0.895332749998488,
227,357.14285714285717,2.7,1.0,ok,1989.6507982523158,5e-05,804,0.051033104257181106,znd_tp_profiles/znd_T0357.14_P02.70.npz,0.8455631249962607,
228,357.14285714285717,2.8000000000000003,1.0,ok,1990.3914000898321,5e-05,954,0.05106620143806627,znd_tp_profiles/znd_T0357.14_P02.80.npz,0.925208291002491,
229,357.14285714285717,2.9000000000000004,1.0,ok,1991.103068874851,5e-05,935,0.051097592471370114,znd_tp_profiles/znd_T0357.14_P02.90.npz,0.8956697920002625,
230,357.14285714285717,3.0000000000000004,1.0,ok,1991.7875846329116,5e-05,883,0.05112748104881882,znd_tp_profiles/znd_T0357.14_P03.00.npz,0.8994046250008978,
231,357.14285714285717,3.1,1.0,ok,1992.4470908178787,5e-05,2248,0.05115592820437181,znd_tp_profiles/znd_T0357.14_P03.10.npz,1.3700520000056713,
232,357.14285714285717,3.2,1.0,ok,1993.083040619323,5e-05,842,0.051183093647202436,znd_tp_profiles/znd_T0357.14_P03.20.npz,0.9890076669980772,
233,357.14285714285717,3.3000000000000003,1.0,ok,1993.6969466487712,5e-05,876,0.05120907357185239,znd_tp_profiles/znd_T0357.14_P03.30.npz,0.9523586249997607,
234,357.14285714285717,3.4000000000000004,1.0,ok,1994.2904145251257,5e-05,854,0.05123392590798445,znd_tp_profiles/znd_T0357.14_P03.40.npz,0.9221784580004169,
235,357.14285714285717,3.5000000000000004,1.0,ok,1994.8644668484612,5e-05,880,0.051257747959967334,znd_tp_profiles/znd_T0357.14_P03.50.npz,0.9301945000042906,
236,357.14285714285717,3.6,1.0,ok,1995.4202409463862,5e-05,776,0.05128063112980436,znd_tp_profiles/znd_T0357.14_P03.60.npz,0.9047022919985466,
237,357.14285714285717,3.7,1.0,ok,1995.9589460501277,5e-05,876,0.051302602982766676,znd_tp_profiles/znd_T0357.14_P03.70.npz,0.9357384999966598,
238,357.14285714285717,3.8000000000000003,1.0,ok,1996.481548041142,5e-05,874,0.05132372720540894,znd_tp_profiles/znd_T0357.14_P03.80.npz,0.9945701670003473,
239,357.14285714285717,3.9000000000000004,1.0,ok,1996.9887589013892,5e-05,822,0.05134407527340964,znd_tp_profiles/znd_T0357.14_P03.90.npz,0.9853815000024042,
240,357.14285714285717,4.0,1.0,ok,1997.4814835341183,5e-05,852,0.05136369230986308,znd_tp_profiles/znd_T0357.14_P04.00.npz,0.9971137499960605,
241,357.14285714285717,4.1,1.0,ok,1997.9604683412363,5e-05,789,0.05138261135626037,znd_tp_profiles/znd_T0357.14_P04.10.npz,0.9694942919959431,
242,357.14285714285717,4.2,1.0,ok,1998.4264108820705,5e-05,826,0.051400884776865816,znd_tp_profiles/znd_T0357.14_P04.20.npz,1.0751880829993752,
243,357.14285714285717,4.3,1.0,ok,1998.8799596722913,5e-05,775,0.05141853400707936,znd_tp_profiles/znd_T0357.14_P04.30.npz,0.9832859579983051,
244,357.14285714285717,4.3999999999999995,1.0,ok,1999.3217105270908,5e-05,881,0.0514356157769956,znd_tp_profiles/znd_T0357.14_P04.40.npz,0.9406632919999538,
245,357.14285714285717,4.5,1.0,ok,1999.7522246366004,5e-05,769,0.051452144332812824,znd_tp_profiles/znd_T0357.14_P04.50.npz,0.9740227919974132,
246,357.14285714285717,4.6,1.0,ok,2000.1720252823516,5e-05,880,0.05146815753370949,znd_tp_profiles/znd_T0357.14_P04.60.npz,0.9826578330030316,
247,357.14285714285717,4.7,1.0,ok,2000.581588312945,5e-05,874,0.051483676575335695,znd_tp_profiles/znd_T0357.14_P04.70.npz,0.9906041669964907,
248,357.14285714285717,4.8,1.0,ok,2000.9813780223178,5e-05,950,0.051498740380708674,znd_tp_profiles/znd_T0357.14_P04.80.npz,1.0632136249987525,
249,357.14285714285717,4.9,1.0,ok,2001.3718127632371,5e-05,904,0.05151335242417287,znd_tp_profiles/znd_T0357.14_P04.90.npz,0.9295689170030528,
250,357.14285714285717,5.0,1.0,ok,2001.7531986879037,5e-05,775,0.05152758181084587,znd_tp_profiles/znd_T0357.14_P05.00.npz,0.8390793750004377,
251,371.42857142857144,0.1,1.0,ok,1908.8553364500513,5e-05,557,0.03364938295841285,znd_tp_profiles/znd_T0371.43_P00.10.npz,0.8490014999988489,
252,371.42857142857144,0.2,1.0,ok,1927.083868815806,5e-05,612,0.041686374808235595,znd_tp_profiles/znd_T0371.43_P00.20.npz,0.8693049170033191,
253,371.42857142857144,0.30000000000000004,1.0,ok,1937.433949787342,5e-05,636,0.04526733173890403,znd_tp_profiles/znd_T0371.43_P00.30.npz,0.8226538750022883,
254,371.42857142857144,0.4,1.0,ok,1944.6189393261882,5e-05,649,0.04701359648521883,znd_tp_profiles/znd_T0371.43_P00.40.npz,0.8681421660003252,
255,371.42857142857144,0.5,1.0,ok,1950.0939228591258,5e-05,659,0.04798958964323086,znd_tp_profiles/znd_T0371.43_P00.50.npz,0.8853648750009597,
256,371.42857142857144,0.6,1.0,ok,1954.5001054778954,5e-05,666,0.04860811512213068,znd_tp_profiles/znd_T0371.43_P00.60.npz,0.8867134579995763,
257,371.42857142857144,0.7000000000000001,1.0,ok,1958.1762574345516,5e-05,670,0.049037413100573884,znd_tp_profiles/znd_T0371.43_P00.70.npz,0.9127085000000079,
258,371.42857142857144,0.8,1.0,ok,1961.3230124737765,5e-05,675,0.049355147153641914,znd_tp_profiles/znd_T0371.43_P00.80.npz,0.8849615419967449,
259,371.42857142857144,0.9,1.0,ok,1964.0687752111714,5e-05,682,0.04960163824097002,znd_tp_profiles/znd_T0371.43_P00.90.npz,0.8414435410013539,
260,371.42857142857144,1.0,1.0,ok,1966.5007953359734,5e-05,689,0.049799772707594434,znd_tp_profiles/znd_T0371.43_P01.00.npz,0.8209793339992757,
261,371.42857142857144,1.1,1.0,ok,1968.680598744342,5e-05,699,0.04996358698216095,znd_tp_profiles/znd_T0371.43_P01.10.npz,0.8539066250014002,
262,371.42857142857144,1.2000000000000002,1.0,ok,1970.6537407404833,5e-05,744,0.050102019138293666,znd_tp_profiles/znd_T0371.43_P01.20.npz,0.904146667002351,
263,371.42857142857144,1.3000000000000003,1.0,ok,1972.4542862290741,5e-05,747,0.05022113224364733,znd_tp_profiles/znd_T0371.43_P01.30.npz,0.9059467920014868,
264,371.42857142857144,1.4000000000000001,1.0,ok,1974.1087560470964,5e-05,783,0.05032517642272043,znd_tp_profiles/znd_T0371.43_P01.40.npz,0.9605464159976691,
265,371.42857142857144,1.5000000000000002,1.0,ok,1975.638033767149,5e-05,723,0.05041718692731847,znd_tp_profiles/znd_T0371.43_P01.50.npz,0.8666007919964613,
266,371.42857142857144,1.6,1.0,ok,1977.0588716045766,5e-05,775,0.05049941830509556,znd_tp_profiles/znd_T0371.43_P01.60.npz,0.8899437500003842,
267,371.42857142857144,1.7000000000000002,1.0,ok,1978.3848442433994,5e-05,779,0.050573583220578,znd_tp_profiles/znd_T0371.43_P01.70.npz,0.8672917919975589,
268,371.42857142857144,1.8000000000000003,1.0,ok,1979.627341136315,5e-05,720,0.050640969418036176,znd_tp_profiles/znd_T0371.43_P01.80.npz,0.831349833002605,
269,371.42857142857144,1.9000000000000001,1.0,ok,1980.7957572113492,5e-05,791,0.05070260809857307,znd_tp_profiles/znd_T0371.43_P01.90.npz,0.8997766249958659,
270,371.42857142857144,2.0,1.0,ok,1981.8978585288637,5e-05,770,0.0507593458416312,znd_tp_profiles/znd_T0371.43_P02.00.npz,0.8532617090022541,
271,371.42857142857144,2.1,1.0,ok,1982.94044239242,5e-05,752,0.05081182939886341,znd_tp_profiles/znd_T0371.43_P02.10.npz,0.8862743749996298,
272,371.42857142857144,2.2,1.0,ok,1983.9292738661345,5e-05,866,0.050860614843857066,znd_tp_profiles/znd_T0371.43_P02.20.npz,0.9296107499976642,
273,371.42857142857144,2.3000000000000003,1.0,ok,1984.8693359978815,5e-05,768,0.05090613862047649,znd_tp_profiles/znd_T0371.43_P02.30.npz,0.9211008330021286,
274,371.42857142857144,2.4000000000000004,1.0,ok,1985.7649650760843,5e-05,832,0.05094877306743803,znd_tp_profiles/znd_T0371.43_P02.40.npz,0.9801040420061327,
275,371.42857142857144,2.5000000000000004,1.0,ok,1986.619824868847,5e-05,843,0.05098885936700747,znd_tp_profiles/znd_T0371.43_P02.50.npz,0.89058845800173,
276,371.42857142857144,2.6,1.0,ok,1987.4375395142085,5e-05,820,0.051026597983844256,znd_tp_profiles/znd_T0371.43_P02.60.npz,1.1064463329967111,
277,371.42857142857144,2.7,1.0,ok,1988.2207777316203,5e-05,983,0.051062300065613936,znd_tp_profiles/znd_T0371.43_P02.70.npz,0.9611301670011017,
278,371.42857142857144,2.8000000000000003,1.0,ok,1988.9722550916817,5e-05,817,0.05109609981349861,znd_tp_profiles/znd_T0371.43_P02.80.npz,0.8974288329991396,
279,371.42857142857144,2.9000000000000004,1.0,ok,1989.6942650008925,5e-05,817,0.051128210055863876,znd_tp_profiles/znd_T0371.43_P02.90.npz,0.8878958330024034,
280,371.42857142857144,3.0000000000000004,1.0,ok,1990.388928420678,5e-05,800,0.05115876367419358,znd_tp_profiles/znd_T0371.43_P03.00.npz,0.9234219589998247,
281,371.42857142857144,3.1,1.0,ok,1991.0581285396609,5e-05,791,0.051187879410097926,znd_tp_profiles/znd_T0371.43_P03.10.npz,0.9088902500006952,
282,371.42857142857144,3.2,1.0,ok,1991.7035173340737,5e-05,840,0.05121569670545751,znd_tp_profiles/znd_T0371.43_P03.20.npz,0.9503322919990751,
283,371.42857142857144,3.3000000000000003,1.0,ok,1992.3266648470171,5e-05,750,0.051242289006473055,znd_tp_profiles/znd_T0371.43_P03.30.npz,0.8886553749980521,
284,371.42857142857144,3.4000000000000004,1.0,ok,1992.9289536059052,5e-05,822,0.05126777350505716,znd_tp_profiles/znd_T0371.43_P03.40.npz,0.8674359580036253,
285,371.42857142857144,3.5000000000000004,1.0,ok,1993.5116484479588,5e-05,954,0.05129220545353176,znd_tp_profiles/znd_T0371.43_P03.50.npz,0.9403599590004887,
286,371.42857142857144,3.6,1.0,ok,1994.075805664684,5e-05,816,0.05131569497762788,znd_tp_profiles/znd_T0371.43_P03.60.npz,0.8733245830007945,
287,371.42857142857144,3.7,1.0,ok,1994.6227926667373,5e-05,861,0.051338239890200386,znd_tp_profiles/znd_T0371.43_P03.70.npz,0.9141854999979842,
288,371.42857142857144,3.8000000000000003,1.0,ok,1995.153273049868,5e-05,1107,0.05135997555148295,znd_tp_profiles/znd_T0371.43_P03.80.npz,0.9508721250022063,
289,371.42857142857144,3.9000000000000004,1.0,ok,1995.6682428176014,5e-05,879,0.05138090393132669,znd_tp_profiles/znd_T0371.43_P03.90.npz,0.9475639580050483,
290,371.42857142857144,4.0,1.0,ok,1996.1685291345245,5e-05,922,0.051401108088326306,znd_tp_profiles/znd_T0371.43_P04.00.npz,1.0227429579972522,
291,371.42857142857144,4.1,1.0,ok,1996.6548947939955,5e-05,937,0.05142060163695315,znd_tp_profiles/znd_T0371.43_P04.10.npz,0.9054137499988428,
292,371.42857142857144,4.2,1.0,ok,1997.1280400887504,5e-05,768,0.05143943342302384,znd_tp_profiles/znd_T0371.43_P04.20.npz,0.8587812920013675,
293,371.42857142857144,4.3,1.0,ok,1997.5886258689998,5e-05,909,0.05145765756377105,znd_tp_profiles/znd_T0371.43_P04.30.npz,0.8846147500007646,
294,371.42857142857144,4.3999999999999995,1.0,ok,1998.0372518726508,5e-05,836,0.05147528825033144,znd_tp_profiles/znd_T0371.43_P04.40.npz,0.8693480410001939,
295,371.42857142857144,4.5,1.0,ok,1998.4743746370293,5e-05,889,0.05149239409954092,znd_tp_profiles/znd_T0371.43_P04.50.npz,0.8993702499938081,
296,371.42857142857144,4.6,1.0,ok,1998.9008593188107,5e-05,904,0.051508934453171985,znd_tp_profiles/znd_T0371.43_P04.60.npz,1.0238233749987558,
297,371.42857142857144,4.7,1.0,ok,1999.3168591537483,5e-05,838,0.05152499427274102,znd_tp_profiles/znd_T0371.43_P04.70.npz,0.9379461249991436,
298,371.42857142857144,4.8,1.0,ok,1999.7229461979225,5e-05,838,0.05154058229137164,znd_tp_profiles/znd_T0371.43_P04.80.npz,0.9541584999969928,
299,371.42857142857144,4.9,1.0,ok,2000.1195491811168,5e-05,795,0.051555724453170804,znd_tp_profiles/znd_T0371.43_P04.90.npz,0.9247456669982057,
300,371.42857142857144,5.0,1.0,ok,2000.5070766691497,5e-05,869,0.05157044485319635,znd_tp_profiles/znd_T0371.43_P05.00.npz,1.0132952499989187,
301,385.7142857142857,0.1,1.0,ok,1906.5561525949065,5e-05,555,0.03335622805695932,znd_tp_profiles/znd_T0385.71_P00.10.npz,0.8792975000033039,
302,385.7142857142857,0.2,1.0,ok,1924.9482455590478,5e-05,610,0.04142855072411087,znd_tp_profiles/znd_T0385.71_P00.20.npz,0.8439379170013126,
303,385.7142857142857,0.30000000000000004,1.0,ok,1935.3995467491216,5e-05,632,0.04510385416878664,znd_tp_profiles/znd_T0385.71_P00.30.npz,0.8461792500020238,
304,385.7142857142857,0.4,1.0,ok,1942.6587980724726,5e-05,648,0.04691598667631897,znd_tp_profiles/znd_T0385.71_P00.40.npz,0.9342312090011546,
305,385.7142857142857,0.5,1.0,ok,1948.1926864170578,5e-05,658,0.04792984336716073,znd_tp_profiles/znd_T0385.71_P00.50.npz,1.049032625000109,
306,385.7142857142857,0.6,1.0,ok,1952.6477589262067,5e-05,666,0.0485709609884695,znd_tp_profiles/znd_T0385.71_P00.60.npz,0.9287695000020904,
307,385.7142857142857,0.7000000000000001,1.0,ok,1956.3657595319507,5e-05,671,0.04901488280822115,znd_tp_profiles/znd_T0385.71_P00.70.npz,0.8748413329958566,
308,385.7142857142857,0.8,1.0,ok,1959.5492515375743,5e-05,672,0.04934270270351144,znd_tp_profiles/znd_T0385.71_P00.80.npz,0.9078740420009126,
309,385.7142857142857,0.9,1.0,ok,1962.3276968017371,5e-05,679,0.04959652494362242,znd_tp_profiles/znd_T0385.71_P00.90.npz,0.918626167003822,
310,385.7142857142857,1.0,1.0,ok,1964.7890735374458,5e-05,690,0.04980024962307546,znd_tp_profiles/znd_T0385.71_P01.00.npz,0.9422822909982642,
311,385.7142857142857,1.1,1.0,ok,1966.9957146742659,5e-05,703,0.04996840940510093,znd_tp_profiles/znd_T0385.71_P01.10.npz,0.8748714169996674,
312,385.7142857142857,1.2000000000000002,1.0,ok,1968.9933848482933,5e-05,744,0.050110351066153296,znd_tp_profiles/znd_T0385.71_P01.20.npz,0.9210865419954644,
313,385.7142857142857,1.3000000000000003,1.0,ok,1970.81664778425,5e-05,735,0.050232372079676166,znd_tp_profiles/znd_T0385.71_P01.30.npz,0.9593152080051368,
314,385.7142857142857,1.4000000000000001,1.0,ok,1972.492157170964,5e-05,740,0.050338862577466954,znd_tp_profiles/znd_T0385.71_P01.40.npz,0.9047709579972434,
315,385.7142857142857,1.5000000000000002,1.0,ok,1974.0412514219913,5e-05,756,0.0504329216039797,znd_tp_profiles/znd_T0385.71_P01.50.npz,0.9195857079976122,
316,385.7142857142857,1.6,1.0,ok,1975.4806123852445,5e-05,751,0.05051694419370401,znd_tp_profiles/znd_T0385.71_P01.60.npz,1.0753603749981266,
317,385.7142857142857,1.7000000000000002,1.0,ok,1976.824014743145,5e-05,774,0.05059268223088625,znd_tp_profiles/znd_T0385.71_P01.70.npz,0.8720041250053328,
318,385.7142857142857,1.8000000000000003,1.0,ok,1978.0831027978174,5e-05,786,0.050661447166764184,znd_tp_profiles/znd_T0385.71_P01.80.npz,0.8809497920010472,
319,385.7142857142857,1.9000000000000001,1.0,ok,1979.267086898587,5e-05,768,0.050724350884258196,znd_tp_profiles/znd_T0385.71_P01.90.npz,0.8473773329969845,
320,385.7142857142857,2.0,1.0,ok,1980.384064463173,5e-05,758,0.05078222038500817,znd_tp_profiles/znd_T0385.71_P02.00.npz,0.9293649169994751,
321,385.7142857142857,2.1,1.0,ok,1981.440825015544,5e-05,761,0.05083574275377338,znd_tp_profiles/znd_T0385.71_P02.10.npz,0.8530474580038572,
322,385.7142857142857,2.2,1.0,ok,1982.4431962527146,5e-05,2448,0.05088547678356936,znd_tp_profiles/znd_T0385.71_P02.20.npz,1.3492165839998052,
323,385.7142857142857,2.3000000000000003,1.0,ok,1983.3962153647617,5e-05,816,0.05093188145517126,znd_tp_profiles/znd_T0385.71_P02.30.npz,0.8842432500023278,
324,385.7142857142857,2.4000000000000004,1.0,ok,1984.3042570678958,5e-05,731,0.05097534464784513,znd_tp_profiles/znd_T0385.71_P02.40.npz,0.9062610000037239,
325,385.7142857142857,2.5000000000000004,1.0,ok,1985.1711510193434,5e-05,805,0.05101618197777381,znd_tp_profiles/znd_T0385.71_P02.50.npz,0.9243686249974417,
326,385.7142857142857,2.6,1.0,ok,1986.000258869314,5e-05,802,0.05105467866450032,znd_tp_profiles/znd_T0385.71_P02.60.npz,0.8880759589956142,
327,385.7142857142857,2.7,1.0,ok,1986.7945715993426,5e-05,725,0.05109105535531823,znd_tp_profiles/znd_T0385.71_P02.70.npz,0.8852469160046894,
328,385.7142857142857,2.8000000000000003,1.0,ok,1987.5567059809066,5e-05,755,0.051125526093205725,znd_tp_profiles/znd_T0385.71_P02.80.npz,0.869406791003712,
329,385.7142857142857,2.9000000000000004,1.0,ok,1988.289021948646,5e-05,1219,0.051158265530658345,znd_tp_profiles/znd_T0385.71_P02.90.npz,0.9678128340019612,
330,385.7142857142857,3.0000000000000004,1.0,ok,1988.993649365657,5e-05,841,0.0511894305552092,znd_tp_profiles/znd_T0385.71_P03.00.npz,0.9371832079996238,
331,385.7142857142857,3.1,1.0,ok,1989.6724823423776,5e-05,871,0.051219135845441875,znd_tp_profiles/znd_T0385.71_P03.10.npz,0.9079297499993118,
332,385.7142857142857,3.2,1.0,ok,1990.3272275974023,5e-05,743,0.051247519785929126,znd_tp_profiles/znd_T0385.71_P03.20.npz,0.9306425410031807,
333,385.7142857142857,3.3000000000000003,1.0,ok,1990.9594409358183,5e-05,827,0.051274679602437215,znd_tp_profiles/znd_T0385.71_P03.30.npz,0.9347760000018752,
334,385.7142857142857,3.4000000000000004,1.0,ok,1991.5705283155585,5e-05,841,0.051300690928218436,znd_tp_profiles/znd_T0385.71_P03.40.npz,0.8849543329997687,
335,385.7142857142857,3.5000000000000004,1.0,ok,1992.1617731652286,5e-05,756,0.05132566005077503,znd_tp_profiles/znd_T0385.71_P03.50.npz,0.8733632090006722,
336,385.7142857142857,3.6,1.0,ok,1992.7343583253903,5e-05,747,0.05134964918274371,znd_tp_profiles/znd_T0385.71_P03.60.npz,0.8292744579957798,
337,385.7142857142857,3.7,1.0,ok,1993.289316587658,5e-05,908,0.05137273309944211,znd_tp_profiles/znd_T0385.71_P03.70.npz,0.8940782500067144,
338,385.7142857142857,3.8000000000000003,1.0,ok,1993.8272415591596,5e-05,799,0.05139505518673354,znd_tp_profiles/znd_T0385.71_P03.80.npz,0.8509517909988062,
339,385.7142857142857,3.9000000000000004,1.0,ok,1994.3503174584525,5e-05,788,0.05141639545662203,znd_tp_profiles/znd_T0385.71_P03.90.npz,0.8437298330027261,
340,385.7142857142857,4.0,1.0,ok,1994.857959612616,5e-05,782,0.05143709990474721,znd_tp_profiles/znd_T0385.71_P04.00.npz,0.8500808750031865,
341,385.7142857142857,4.1,1.0,ok,1995.351754529911,5e-05,1004,0.05145705455517186,znd_tp_profiles/znd_T0385.71_P04.10.npz,1.0243781249955646,
342,385.7142857142857,4.2,1.0,ok,1995.8320290945162,5e-05,822,0.051476377476033314,znd_tp_profiles/znd_T0385.71_P04.20.npz,1.019251958001405,
343,385.7142857142857,4.3,1.0,ok,1996.2995702966964,5e-05,931,0.05149507053388022,znd_tp_profiles/znd_T0385.71_P04.30.npz,1.002776499997708,
344,385.7142857142857,4.3999999999999995,1.0,ok,1996.7521879966018,5e-05,910,0.0515137504332781,znd_tp_profiles/znd_T0385.71_P04.40.npz,0.9584203330014134,
345,385.7142857142857,4.5,1.0,ok,1997.1961770707908,5e-05,879,0.0515312796714866,znd_tp_profiles/znd_T0385.71_P04.50.npz,0.9161801250011194,
346,385.7142857142857,4.6,1.0,ok,1997.6290237836804,5e-05,860,0.05154831375154497,znd_tp_profiles/znd_T0385.71_P04.60.npz,0.9146444580037496,
347,385.7142857142857,4.7,1.0,ok,1998.0513716623368,5e-05,820,0.051564834126808914,znd_tp_profiles/znd_T0385.71_P04.70.npz,0.9231737499940209,
348,385.7142857142857,4.8,1.0,ok,1998.4636675746438,5e-05,929,0.051580892602600396,znd_tp_profiles/znd_T0385.71_P04.80.npz,1.1860020410022116,
349,385.7142857142857,4.9,1.0,ok,1998.8663589306004,5e-05,857,0.051596484924376594,znd_tp_profiles/znd_T0385.71_P04.90.npz,0.9032688339939341,
350,385.7142857142857,5.0,1.0,ok,1999.259850016999,5e-05,890,0.05161164616932618,znd_tp_profiles/znd_T0385.71_P05.00.npz,0.9098309170003631,
351,400.0,0.1,1.0,cached,1904.2699958091657,5e-05,552,0.03307966303355574,znd_tp_profiles/znd_T0400.00_P00.10.npz,0.0,
352,400.0,0.2,1.0,cached,1922.8237624725189,5e-05,610,0.041177504460724414,znd_tp_profiles/znd_T0400.00_P00.20.npz,0.0,
353,400.0,0.30000000000000004,1.0,cached,1933.3750931803772,5e-05,632,0.044941456731174556,znd_tp_profiles/znd_T0400.00_P00.30.npz,0.0,
354,400.0,0.4,1.0,cached,1940.7076380461472,5e-05,645,0.046818350186397004,znd_tp_profiles/znd_T0400.00_P00.40.npz,0.0,
355,400.0,0.5,1.0,cached,1946.2996918200786,5e-05,656,0.04787014427712152,znd_tp_profiles/znd_T0400.00_P00.50.npz,0.0,
356,400.0,0.6,1.0,cached,1950.8030890893017,5e-05,662,0.04853397095125869,znd_tp_profiles/znd_T0400.00_P00.60.npz,0.0,
357,400.0,0.7000000000000001,1.0,cached,1954.5625407679731,5e-05,668,0.04899255312308273,znd_tp_profiles/znd_T0400.00_P00.70.npz,0.0,
358,400.0,0.8,1.0,cached,1957.7822192386304,5e-05,676,0.04933051431734514,znd_tp_profiles/znd_T0400.00_P00.80.npz,0.0,
359,400.0,0.9,1.0,cached,1960.5929160566898,5e-05,679,0.04959170976125225,znd_tp_profiles/znd_T0400.00_P00.90.npz,0.0,
360,400.0,1.0,1.0,cached,1963.0832704220459,5e-05,681,0.049801014742882954,znd_tp_profiles/znd_T0400.00_P01.00.npz,0.0,
361,400.0,1.1,1.0,cached,1965.3164567397678,5e-05,697,0.04997351578938052,znd_tp_profiles/znd_T0400.00_P01.10.npz,0.0,
362,400.0,1.2000000000000002,1.0,cached,1967.3384210296163,5e-05,726,0.05011895432097255,znd_tp_profiles/znd_T0400.00_P01.20.npz,0.0,
363,400.0,1.3000000000000003,1.0,cached,1969.1840339744472,5e-05,765,0.05024385944209076,znd_tp_profiles/znd_T0400.00_P01.30.npz,0.0,
364,400.0,1.4000000000000001,1.0,cached,1970.8806017712295,5e-05,756,0.050352721233843115,znd_tp_profiles/znd_T0400.00_P01.40.npz,0.0,
365,400.0,1.5000000000000002,1.0,cached,1972.4491271384495,5e-05,804,0.05044884247059889,znd_tp_profiles/znd_T0400.00_P01.50.npz,0.0,
366,400.0,1.6,1.0,cached,1973.906798037558,5e-05,778,0.050534635499666296,znd_tp_profiles/znd_T0400.00_P01.60.npz,0.0,
367,400.0,1.7000000000000002,1.0,cached,1975.267548235265,5e-05,778,0.05061189239639833,znd_tp_profiles/znd_T0400.00_P01.70.npz,0.0,
368,400.0,1.8000000000000003,1.0,cached,1976.542856457657,5e-05,819,0.05068203773390607,znd_tp_profiles/znd_T0400.00_P01.80.npz,0.0,
369,400.0,1.9000000000000001,1.0,cached,1977.742313002977,5e-05,797,0.0507461553832466,znd_tp_profiles/znd_T0400.00_P01.90.npz,0.0,
370,400.0,2.0,1.0,cached,1978.8739940986848,5e-05,767,0.050805131618163725,znd_tp_profiles/znd_T0400.00_P02.00.npz,0.0,
371,400.0,2.1,1.0,cached,1979.9446464611092,5e-05,726,0.05085967799529682,znd_tp_profiles/znd_T0400.00_P02.10.npz,0.0,
372,400.0,2.2,1.0,cached,1980.9605351157352,5e-05,791,0.050910303955675196,znd_tp_profiles/znd_T0400.00_P02.20.npz,0.0,
373,400.0,2.3000000000000003,1.0,cached,1981.9262432945043,5e-05,773,0.05095758164302913,znd_tp_profiles/znd_T0400.00_P02.30.npz,0.0,
374,400.0,2.4000000000000004,1.0,cached,1982.8467068109153,5e-05,865,0.0510018022893352,znd_tp_profiles/znd_T0400.00_P02.40.npz,0.0,
375,400.0,2.5000000000000004,1.0,cached,1983.7254072122512,5e-05,805,0.051043369119221214,znd_tp_profiles/znd_T0400.00_P02.50.npz,0.0,
376,400.0,2.6,1.0,cached,1984.565885149568,5e-05,769,0.05108255294331034,znd_tp_profiles/znd_T0400.00_P02.60.npz,0.0,
377,400.0,2.7,1.0,cached,1985.3711140528092,5e-05,792,0.05111958824480706,znd_tp_profiles/znd_T0400.00_P02.70.npz,0.0,
378,400.0,2.8000000000000003,1.0,cached,1986.1438057388707,5e-05,773,0.051154675125239434,znd_tp_profiles/znd_T0400.00_P02.80.npz,0.0,
379,400.0,2.9000000000000004,1.0,cached,1986.886327259023,5e-05,825,0.05118800128550154,znd_tp_profiles/znd_T0400.00_P02.90.npz,0.0,
380,400.0,3.0000000000000004,1.0,cached,1987.6008187463617,5e-05,796,0.05121972551019216,znd_tp_profiles/znd_T0400.00_P03.00.npz,0.0,
381,400.0,3.1,1.0,cached,1988.2891963511654,5e-05,783,0.05124997029863867,znd_tp_profiles/znd_T0400.00_P03.10.npz,0.0,
382,400.0,3.2,1.0,cached,1988.9531924598434,5e-05,799,0.05127886950247487,znd_tp_profiles/znd_T0400.00_P03.20.npz,0.0,
383,400.0,3.3000000000000003,1.0,cached,1989.5943873248207,5e-05,771,0.05130653467216611,znd_tp_profiles/znd_T0400.00_P03.30.npz,0.0,
384,400.0,3.4000000000000004,1.0,cached,1990.2141718406708,5e-05,798,0.051333044442694466,znd_tp_profiles/znd_T0400.00_P03.40.npz,0.0,
385,400.0,3.5000000000000004,1.0,cached,1990.8138780009842,5e-05,1051,0.05135847717040173,znd_tp_profiles/znd_T0400.00_P03.50.npz,0.0,
386,400.0,3.6,1.0,cached,1991.3946763843494,5e-05,803,0.05138293233622284,znd_tp_profiles/znd_T0400.00_P03.60.npz,0.0,
387,400.0,3.7,1.0,cached,1991.9576571657676,5e-05,1301,0.05140646574378503,znd_tp_profiles/znd_T0400.00_P03.70.npz,0.0,
388,400.0,3.8000000000000003,1.0,cached,1992.5038103760512,5e-05,768,0.05142912889019524,znd_tp_profiles/znd_T0400.00_P03.80.npz,0.0,
389,400.0,3.9000000000000004,1.0,timeout,,,0,,znd_tp_profiles/znd_T0400.00_P03.90.npz,40.014488583001366,Timed out after 20.0 s (attempt 2/2).
390,400.0,4.0,1.0,cached,1993.5464553581862,5e-05,825,0.05147267445245799,znd_tp_profiles/znd_T0400.00_P04.00.npz,0.0,
391,400.0,4.1,1.0,cached,1994.0473200753222,5e-05,733,0.05149307846307123,znd_tp_profiles/znd_T0400.00_P04.10.npz,0.0,
392,400.0,4.2,1.0,cached,1994.5346213327473,5e-05,856,0.051512819520337524,znd_tp_profiles/znd_T0400.00_P04.20.npz,0.0,
393,400.0,4.3,1.0,cached,1995.0088686914505,5e-05,771,0.05153196330567114,znd_tp_profiles/znd_T0400.00_P04.30.npz,0.0,
394,400.0,4.3999999999999995,1.0,cached,1995.4711633613051,5e-05,742,0.051550447652413886,znd_tp_profiles/znd_T0400.00_P04.40.npz,0.0,
395,400.0,4.5,1.0,cached,1995.9216135833935,5e-05,782,0.05156839936481579,znd_tp_profiles/znd_T0400.00_P04.50.npz,0.0,
396,400.0,4.6,1.0,cached,1996.3607485397633,5e-05,836,0.05158584979870349,znd_tp_profiles/znd_T0400.00_P04.60.npz,0.0,
397,400.0,4.7,1.0,cached,1996.7895647305036,5e-05,965,0.05160273312815993,znd_tp_profiles/znd_T0400.00_P04.70.npz,0.0,
398,400.0,4.8,1.0,cached,1997.2080371444827,5e-05,877,0.05161917052408364,znd_tp_profiles/znd_T0400.00_P04.80.npz,0.0,
399,400.0,4.9,1.0,cached,1997.6167728759642,5e-05,773,0.05163515070744332,znd_tp_profiles/znd_T0400.00_P04.90.npz,0.0,
400,400.0,5.0,1.0,cached,1998.016201507183,5e-05,825,0.05165069288358775,znd_tp_profiles/znd_T0400.00_P05.00.npz,0.0,
401,414.2857142857143,0.1,1.0,ok,1901.9951998079387,5e-05,552,0.03281866328198223,znd_tp_profiles/znd_T0414.29_P00.10.npz,1.0519055830009165,
402,414.2857142857143,0.2,1.0,ok,1920.708858576704,5e-05,609,0.04093338946419282,znd_tp_profiles/znd_T0414.29_P00.20.npz,0.8645959580026101,
403,414.2857142857143,0.30000000000000004,1.0,ok,1931.3590913375206,5e-05,630,0.0447803068523098,znd_tp_profiles/znd_T0414.29_P00.30.npz,0.8324053750038729,
404,414.2857142857143,0.4,1.0,ok,1938.7641240612031,5e-05,643,0.04672070742533092,znd_tp_profiles/znd_T0414.29_P00.40.npz,0.9990892499990878,
405,414.2857142857143,0.5,1.0,ok,1944.4136776808623,5e-05,652,0.04781046864773347,znd_tp_profiles/znd_T0414.29_P00.50.npz,0.828971625000122,
406,414.2857142857143,0.6,1.0,ok,1948.964853094439,5e-05,659,0.04849714764057811,znd_tp_profiles/znd_T0414.29_P00.60.npz,0.8237201659940183,
407,414.2857142857143,0.7000000000000001,1.0,ok,1952.7652344534101,5e-05,666,0.04897046900846509,znd_tp_profiles/znd_T0414.29_P00.70.npz,0.8502596670005005,
408,414.2857142857143,0.8,1.0,ok,1956.020749293696,5e-05,671,0.04931859813029568,znd_tp_profiles/znd_T0414.29_P00.80.npz,0.8375147500046296,
409,414.2857142857143,0.9,1.0,ok,1958.86333330054,5e-05,678,0.04958716867402178,znd_tp_profiles/znd_T0414.29_P00.90.npz,0.8304474579999805,
410,414.2857142857143,1.0,1.0,ok,1961.3825200387028,5e-05,682,0.04980204070025356,znd_tp_profiles/znd_T0414.29_P01.00.npz,0.8592912919993978,
411,414.2857142857143,1.1,1.0,ok,1963.64178862904,5e-05,693,0.04997889586259898,znd_tp_profiles/znd_T0414.29_P01.10.npz,1.055021542000759,
412,414.2857142857143,1.2000000000000002,1.0,ok,1965.6877721733313,5e-05,712,0.05012781982418816,znd_tp_profiles/znd_T0414.29_P01.20.npz,0.9173289579994162,
413,414.2857142857143,1.3000000000000003,1.0,ok,1967.5556966789634,5e-05,755,0.05025555988341201,znd_tp_profiles/znd_T0414.29_P01.30.npz,0.8788648750050925,
414,414.2857142857143,1.4000000000000001,1.0,ok,1969.2728150451926,5e-05,745,0.05036681562648825,znd_tp_profiles/znd_T0414.29_P01.40.npz,0.8443276670004707,
415,414.2857142857143,1.5000000000000002,1.0,ok,1970.8606398248198,5e-05,748,0.05046497894778523,znd_tp_profiles/znd_T0414.29_P01.50.npz,0.8885590830032015,
416,414.2857142857143,1.6,1.0,ok,1972.3364324032566,5e-05,772,0.050552511327016575,znd_tp_profiles/znd_T0414.29_P01.60.npz,0.8982794160037884,
417,414.2857142857143,1.7000000000000002,1.0,ok,1973.7142508192244,5e-05,714,0.05063129648975806,znd_tp_profiles/znd_T0414.29_P01.70.npz,0.8385570419995929,
418,414.2857142857143,1.8000000000000003,1.0,ok,1975.0056992908094,5e-05,746,0.05070278293163982,znd_tp_profiles/znd_T0414.29_P01.80.npz,0.9549152079998748,
419,414.2857142857143,1.9000000000000001,1.0,ok,1976.2204625396812,5e-05,807,0.05076809107628024,znd_tp_profiles/znd_T0414.29_P01.90.npz,0.9257185839960584,
420,414.2857142857143,2.0,1.0,ok,1977.3666965262423,5e-05,772,0.050828138170674594,znd_tp_profiles/znd_T0414.29_P02.00.npz,0.8956079999989015,
421,414.2857142857143,2.1,1.0,ok,1978.451350092478,5e-05,786,0.05088363528332307,znd_tp_profiles/znd_T0414.29_P02.10.npz,0.8570777499990072,
422,414.2857142857143,2.2,1.0,ok,1979.4803663380728,5e-05,786,0.05093517495063143,znd_tp_profiles/znd_T0414.29_P02.20.npz,0.9743495420043473,
423,414.2857142857143,2.3000000000000003,1.0,ok,1980.4588897438307,5e-05,822,0.05098324184531979,znd_tp_profiles/znd_T0414.29_P02.30.npz,0.9809172919995035,
424,414.2857142857143,2.4000000000000004,1.0,ok,1981.3913922077236,5e-05,726,0.05102824558608973,znd_tp_profiles/znd_T0414.29_P02.40.npz,0.8519192500025383,
425,414.2857142857143,2.5000000000000004,1.0,ok,1982.28177841419,5e-05,825,0.05107051817552096,znd_tp_profiles/znd_T0414.29_P02.50.npz,0.8704688750003697,
426,414.2857142857143,2.6,1.0,ok,1983.1335011665244,5e-05,801,0.05111035522274863,znd_tp_profiles/znd_T0414.29_P02.60.npz,0.8634622919998947,
427,414.2857142857143,2.7,1.0,ok,1983.9495637101961,5e-05,792,0.05114801327330039,znd_tp_profiles/znd_T0414.29_P02.70.npz,0.880411833000835,
428,414.2857142857143,2.8000000000000003,1.0,ok,1984.7327054170282,5e-05,737,0.051183683136125174,znd_tp_profiles/znd_T0414.29_P02.80.npz,0.8359837089956272,
429,414.2857142857143,2.9000000000000004,1.0,ok,1985.4853220548337,5e-05,860,0.0512175692964807,znd_tp_profiles/znd_T0414.29_P02.90.npz,0.8908554580048076,
430,414.2857142857143,3.0000000000000004,1.0,ok,1986.2095782177526,5e-05,820,0.05124981567729032,znd_tp_profiles/znd_T0414.29_P03.00.npz,0.8712157909976668,
431,414.2857142857143,3.1,1.0,ok,1986.907397540984,5e-05,817,0.05128056506944762,znd_tp_profiles/znd_T0414.29_P03.10.npz,0.8646668750006938,
432,414.2857142857143,3.2,1.0,ok,1987.580557981326,5e-05,982,0.05130994591743663,znd_tp_profiles/znd_T0414.29_P03.20.npz,0.9459223750018282,
433,414.2857142857143,3.3000000000000003,1.0,ok,1988.23062643673,5e-05,882,0.05133806541504912,znd_tp_profiles/znd_T0414.29_P03.30.npz,0.9039252500006114,
434,414.2857142857143,3.4000000000000004,1.0,ok,1988.8590491191053,5e-05,827,0.05136501882161478,znd_tp_profiles/znd_T0414.29_P03.40.npz,0.9636289589980152,
435,414.2857142857143,3.5000000000000004,1.0,ok,1989.4690478590735,5e-05,753,0.05139050028034012,znd_tp_profiles/znd_T0414.29_P03.50.npz,0.8452414159983164,
436,414.2857142857143,3.6,1.0,ok,1990.053273449494,5e-05,801,0.05141634204761193,znd_tp_profiles/znd_T0414.29_P03.60.npz,0.855238708005345,
437,414.2857142857143,3.7,1.0,ok,1990.6239501640441,5e-05,768,0.051440331194149286,znd_tp_profiles/znd_T0414.29_P03.70.npz,0.8503993330014055,
438,414.2857142857143,3.8000000000000003,1.0,ok,1991.1779729718523,5e-05,767,0.051463364185778605,znd_tp_profiles/znd_T0414.29_P03.80.npz,0.874821334000444,
439,414.2857142857143,3.9000000000000004,1.0,ok,1991.71570772816,5e-05,786,0.05148562959086252,znd_tp_profiles/znd_T0414.29_P03.90.npz,0.8720911669952329,
440,414.2857142857143,4.0,1.0,ok,1992.2382068903212,5e-05,825,0.05150711825178779,znd_tp_profiles/znd_T0414.29_P04.00.npz,0.8601118329970632,
441,414.2857142857143,4.1,1.0,ok,1992.74621745384,5e-05,778,0.05152790080691484,znd_tp_profiles/znd_T0414.29_P04.10.npz,0.8784936250012834,
442,414.2857142857143,4.2,1.0,ok,1993.2403165685964,5e-05,839,0.05154804624298757,znd_tp_profiles/znd_T0414.29_P04.20.npz,0.8713558750023367,
443,414.2857142857143,4.3,1.0,ok,1993.7217428912759,5e-05,831,0.05156747112658957,znd_tp_profiles/znd_T0414.29_P04.30.npz,0.905904625004041,
444,414.2857142857143,4.3999999999999995,1.0,ok,1994.1905532982032,5e-05,769,0.05158634773087963,znd_tp_profiles/znd_T0414.29_P04.40.npz,0.8689969159968314,
445,414.2857142857143,4.5,1.0,ok,1994.647527471148,5e-05,860,0.051604649417006855,znd_tp_profiles/znd_T0414.29_P04.50.npz,0.8819403750021593,
446,414.2857142857143,4.6,1.0,ok,1995.0932052708622,5e-05,872,0.051622415018515944,znd_tp_profiles/znd_T0414.29_P04.60.npz,0.8909138750022976,
447,414.2857142857143,4.7,1.0,ok,1995.5281141376888,5e-05,751,0.05163966707648132,znd_tp_profiles/znd_T0414.29_P04.70.npz,0.8449264999944717,
448,414.2857142857143,4.8,1.0,ok,1995.9526906515405,5e-05,824,0.05165644102656776,znd_tp_profiles/znd_T0414.29_P04.80.npz,0.89250070900016,
449,414.2857142857143,4.9,1.0,ok,1996.3674318353235,5e-05,882,0.05167276017220164,znd_tp_profiles/znd_T0414.29_P04.90.npz,0.8882626660051756,
450,414.2857142857143,5.0,1.0,ok,1996.7727066487514,5e-05,807,0.051688635146311813,znd_tp_profiles/znd_T0414.29_P05.00.npz,0.8644479580034385,
451,428.57142857142856,0.1,1.0,ok,1899.7302923992145,5e-05,550,0.03257254634852038,znd_tp_profiles/znd_T0428.57_P00.10.npz,0.8199174169931212,
452,428.57142857142856,0.2,1.0,ok,1918.6022282022766,5e-05,606,0.040695649411809524,znd_tp_profiles/znd_T0428.57_P00.20.npz,0.8497520840028301,
453,428.57142857142856,0.30000000000000004,1.0,ok,1929.3503226581745,5e-05,628,0.0446203792135162,znd_tp_profiles/znd_T0428.57_P00.30.npz,0.8457757920041331,
454,428.57142857142856,0.4,1.0,ok,1936.8270887166457,5e-05,642,0.046623282450548975,znd_tp_profiles/znd_T0428.57_P00.40.npz,0.8213441249972675,
455,428.57142857142856,0.5,1.0,ok,1942.5334151456232,5e-05,651,0.04775135927187954,znd_tp_profiles/znd_T0428.57_P00.50.npz,0.8172937909985194,
456,428.57142857142856,0.6,1.0,ok,1947.1319677115578,5e-05,658,0.04846044495858944,znd_tp_profiles/znd_T0428.57_P00.60.npz,0.9135655830032192,
457,428.57142857142856,0.7000000000000001,1.0,ok,1950.9728421134548,5e-05,663,0.04894858777341341,znd_tp_profiles/znd_T0428.57_P00.70.npz,0.8461241249970044,
458,428.57142857142856,0.8,1.0,ok,1954.2638159015507,5e-05,670,0.0493069363367011,znd_tp_profiles/znd_T0428.57_P00.80.npz,0.8221602080011507,
459,428.57142857142856,0.9,1.0,ok,1957.137960939131,5e-05,673,0.04958289869156387,znd_tp_profiles/znd_T0428.57_P00.90.npz,0.836138792001293,
460,428.57142857142856,1.0,1.0,ok,1959.6855889184967,5e-05,681,0.049803352423526896,znd_tp_profiles/znd_T0428.57_P01.00.npz,0.8804900000031921,
461,428.57142857142856,1.1,1.0,ok,1961.970755174416,5e-05,694,0.04998456389324839,znd_tp_profiles/znd_T0428.57_P01.10.npz,0.8498543749956298,
462,428.57142857142856,1.2000000000000002,1.0,ok,1964.040514938347,5e-05,737,0.05013695342373282,znd_tp_profiles/znd_T0428.57_P01.20.npz,0.8847014579951065,
463,428.57142857142856,1.3000000000000003,1.0,ok,1965.9304346185108,5e-05,713,0.050267538165974734,znd_tp_profiles/znd_T0428.57_P01.30.npz,0.8418527500034543,
464,428.57142857142856,1.4000000000000001,1.0,ok,1967.667985290629,5e-05,751,0.0503811693213135,znd_tp_profiles/znd_T0428.57_P01.40.npz,0.8811287080025068,
465,428.57142857142856,1.5000000000000002,1.0,ok,1969.2747526339656,5e-05,714,0.05048137120065225,znd_tp_profiles/znd_T0428.57_P01.50.npz,0.8302088749987888,
466,428.57142857142856,1.6,1.0,ok,1970.768645078869,5e-05,732,0.05057058603340071,znd_tp_profiles/znd_T0428.57_P01.60.npz,0.8359654579980997,
467,428.57142857142856,1.7000000000000002,1.0,ok,1972.1633591434404,5e-05,833,0.05065089653566397,znd_tp_profiles/znd_T0428.57_P01.70.npz,0.894207916004234,
468,428.57142857142856,1.8000000000000003,1.0,ok,1973.4707920864116,5e-05,780,0.05072369386264018,znd_tp_profiles/znd_T0428.57_P01.80.npz,0.890286500005459,
469,428.57142857142856,1.9000000000000001,1.0,ok,1974.7007068404675,5e-05,798,0.050790195104148145,znd_tp_profiles/znd_T0428.57_P01.90.npz,0.9259769580021384,
470,428.57142857142856,2.0,1.0,ok,1975.861179460833,5e-05,758,0.0508513259488726,znd_tp_profiles/znd_T0428.57_P02.00.npz,0.8560478330036858,
471,428.57142857142856,2.1,1.0,ok,1976.9597490890708,5e-05,862,0.05090773731443881,znd_tp_profiles/znd_T0428.57_P02.10.npz,0.8994046669977251,
472,428.57142857142856,2.2,1.0,ok,1978.0018918193198,5e-05,723,0.05096014535919509,znd_tp_profiles/znd_T0428.57_P02.20.npz,0.8584160829996108,
473,428.57142857142856,2.3000000000000003,1.0,ok,1978.992977923132,5e-05,788,0.05100901072321239,znd_tp_profiles/znd_T0428.57_P02.30.npz,0.8954761669956497,
474,428.57142857142856,2.4000000000000004,1.0,ok,1979.9375333059968,5e-05,752,0.05105474175140794,znd_tp_profiles/znd_T0428.57_P02.40.npz,0.9297413750027772,
475,428.57142857142856,2.5000000000000004,1.0,ok,1980.83930126905,5e-05,829,0.05109773775391498,znd_tp_profiles/znd_T0428.57_P02.50.npz,1.4604859169994597,
476,428.57142857142856,2.6,1.0,ok,1981.7023424161573,5e-05,927,0.05113817847921705,znd_tp_profiles/znd_T0428.57_P02.60.npz,0.9953593339960207,
477,428.57142857142856,2.7,1.0,ok,1982.5291487196153,5e-05,817,0.05117642215453662,znd_tp_profiles/znd_T0428.57_P02.70.npz,0.8937902079997002,
478,428.57142857142856,2.8000000000000003,1.0,ok,1983.322645169682,5e-05,857,0.05121265896950426,znd_tp_profiles/znd_T0428.57_P02.80.npz,0.9700416250052513,
479,428.57142857142856,2.9000000000000004,1.0,ok,1984.0852636425393,5e-05,823,0.0512470640994781,znd_tp_profiles/znd_T0428.57_P02.90.npz,0.8780616250005551,
480,428.57142857142856,3.0000000000000004,1.0,ok,1984.8191901942394,5e-05,864,0.051279818590853274,znd_tp_profiles/znd_T0428.57_P03.00.npz,0.9046957499958808,
481,428.57142857142856,3.1,1.0,ok,1985.526382048324,5e-05,808,0.05131104823626939,znd_tp_profiles/znd_T0428.57_P03.10.npz,0.8659772500031977,
482,428.57142857142856,3.2,1.0,timeout,,,0,,znd_tp_profiles/znd_T0428.57_P03.20.npz,40.016244250000454,Timed out after 20.0 s (attempt 2/2).
483,428.57142857142856,3.3000000000000003,1.0,ok,1986.864581807071,5e-05,747,0.051370031046047364,znd_tp_profiles/znd_T0428.57_P03.30.npz,1.077915416994074,
484,428.57142857142856,3.4000000000000004,1.0,ok,1987.501536934661,5e-05,733,0.05139741099770979,znd_tp_profiles/znd_T0428.57_P03.40.npz,0.8550077500040061,
485,428.57142857142856,3.5000000000000004,1.0,ok,1988.1178718248775,5e-05,776,0.05142369574622054,znd_tp_profiles/znd_T0428.57_P03.50.npz,0.9306187080001109,
486,428.57142857142856,3.6,1.0,ok,1988.7148564764618,5e-05,734,0.05144896883023957,znd_tp_profiles/znd_T0428.57_P03.60.npz,0.9392798749977374,
487,428.57142857142856,3.7,1.0,ok,1989.2933718766187,5e-05,770,0.0514733408364066,znd_tp_profiles/znd_T0428.57_P03.70.npz,0.8518566250058939,
488,428.57142857142856,3.8000000000000003,1.0,ok,1989.8550738198435,5e-05,915,0.05149673586775674,znd_tp_profiles/znd_T0428.57_P03.80.npz,0.9003662079994683,
489,428.57142857142856,3.9000000000000004,1.0,ok,1990.4002731358776,5e-05,852,0.051519348563139146,znd_tp_profiles/znd_T0428.57_P03.90.npz,0.8780565840061172,
490,428.57142857142856,4.0,1.0,ok,1990.9298106301387,5e-05,924,0.05154123725976957,znd_tp_profiles/znd_T0428.57_P04.00.npz,0.887387333001243,
491,428.57142857142856,4.1,1.0,ok,1991.4451503696116,5e-05,858,0.05156231174226994,znd_tp_profiles/znd_T0428.57_P04.10.npz,1.005651833002048,
492,428.57142857142856,4.2,1.0,ok,1991.9463692603888,5e-05,821,0.051582740371819855,znd_tp_profiles/znd_T0428.57_P04.20.npz,0.913722459001292,
493,428.57142857142856,4.3,1.0,ok,1992.4343727013377,5e-05,763,0.05160253446895817,znd_tp_profiles/znd_T0428.57_P04.30.npz,0.8641932500031544,
494,428.57142857142856,4.3999999999999995,1.0,ok,1992.9097961509524,5e-05,782,0.051621720174026615,znd_tp_profiles/znd_T0428.57_P04.40.npz,1.0096312919995398,
495,428.57142857142856,4.5,1.0,ok,1993.3730101133679,5e-05,901,0.05164037908835516,znd_tp_profiles/znd_T0428.57_P04.50.npz,0.8930689999979222,
496,428.57142857142856,4.6,1.0,ok,1993.8252450771747,5e-05,886,0.051658411281607065,znd_tp_profiles/znd_T0428.57_P04.60.npz,1.0982224580002367,
497,428.57142857142856,4.7,1.0,ok,1994.266333560864,5e-05,819,0.051675967670803465,znd_tp_profiles/znd_T0428.57_P04.70.npz,0.8665293340018252,
498,428.57142857142856,4.8,1.0,ok,1994.6969879850963,5e-05,863,0.05169303507897306,znd_tp_profiles/znd_T0428.57_P04.80.npz,0.9094550000008894,
499,428.57142857142856,4.9,1.0,ok,1995.117654182187,5e-05,889,0.05170964444119506,znd_tp_profiles/znd_T0428.57_P04.90.npz,0.8842189999995753,
500,428.57142857142856,5.0,1.0,ok,1995.5287647886946,5e-05,818,0.05172580428696813,znd_tp_profiles/znd_T0428.57_P05.00.npz,1.002155333000701,
501,442.8571428571429,0.1,1.0,ok,1897.473970295667,5e-05,551,0.0323402195698967,znd_tp_profiles/znd_T0442.86_P00.10.npz,0.8597917919978499,
502,442.8571428571429,0.2,1.0,ok,1916.5026977198324,5e-05,605,0.04046463470257466,znd_tp_profiles/znd_T0442.86_P00.20.npz,0.84904312499566,
503,442.8571428571429,0.30000000000000004,1.0,ok,1927.347699136976,5e-05,627,0.04446225617123886,znd_tp_profiles/znd_T0442.86_P00.30.npz,0.8491823750009644,
504,442.8571428571429,0.4,1.0,ok,1934.8954785936107,5e-05,642,0.04652564644991246,znd_tp_profiles/znd_T0442.86_P00.40.npz,0.8422415000022738,
505,442.8571428571429,0.5,1.0,ok,1940.658237233169,5e-05,648,0.04769121375936007,znd_tp_profiles/znd_T0442.86_P00.50.npz,0.858427874998597,
506,442.8571428571429,0.6,1.0,ok,1945.303482565757,5e-05,658,0.04842338983820917,znd_tp_profiles/znd_T0442.86_P00.60.npz,0.8222157499985769,
507,442.8571428571429,0.7000000000000001,1.0,ok,1949.1843051094995,5e-05,665,0.048926647691034546,znd_tp_profiles/znd_T0442.86_P00.70.npz,0.8427952909987653,
508,442.8571428571429,0.8,1.0,ok,1952.51053844158,5e-05,669,0.04929539664460795,znd_tp_profiles/znd_T0442.86_P00.80.npz,0.9454530000002705,
509,442.8571428571429,0.9,1.0,ok,1955.415926072956,5e-05,679,0.04957895611875757,znd_tp_profiles/znd_T0442.86_P00.90.npz,0.9774887500025216,
510,442.8571428571429,1.0,1.0,ok,1957.991718853659,5e-05,677,0.04980518408223737,znd_tp_profiles/znd_T0442.86_P01.00.npz,0.8684129160028533,
511,442.8571428571429,1.1,1.0,ok,1960.3025339191836,5e-05,689,0.049990903367236494,znd_tp_profiles/znd_T0442.86_P01.10.npz,0.9354282909989706,
512,442.8571428571429,1.2000000000000002,1.0,ok,1962.3958548920587,5e-05,706,0.05014693584217089,znd_tp_profiles/znd_T0442.86_P01.20.npz,0.9238193750061328,
513,442.8571428571429,1.3000000000000003,1.0,ok,1964.3075194972967,5e-05,735,0.0502804990009082,znd_tp_profiles/znd_T0442.86_P01.30.npz,0.9503064579985221,
514,442.8571428571429,1.4000000000000001,1.0,ok,1966.0653290906394,5e-05,738,0.05039662888429142,znd_tp_profiles/znd_T0442.86_P01.40.npz,0.9865280419980991,
515,442.8571428571429,1.5000000000000002,1.0,ok,1967.6911850063616,5e-05,739,0.050497937346218685,znd_tp_profiles/znd_T0442.86_P01.50.npz,0.8943447909987299,
516,442.8571428571429,1.6,1.0,ok,1969.202677626653,5e-05,750,0.05058891147064167,znd_tp_profiles/znd_T0442.86_P01.60.npz,1.1607487079963903,
517,442.8571428571429,1.7000000000000002,1.0,ok,1970.614140040523,5e-05,826,0.05067070180623157,znd_tp_profiles/znd_T0442.86_P01.70.npz,0.933370416998514,
518,442.8571428571429,1.8000000000000003,1.0,ok,1971.9374055822052,5e-05,832,0.05074481306667839,znd_tp_profiles/znd_T0442.86_P01.80.npz,0.9108803749986691,
519,442.8571428571429,1.9000000000000001,1.0,ok,1973.1823385755436,5e-05,717,0.050812467347332704,znd_tp_profiles/znd_T0442.86_P01.90.npz,0.9037392910031485,
520,442.8571428571429,2.0,1.0,ok,1974.3572692716361,5e-05,801,0.050874609912159585,znd_tp_profiles/znd_T0442.86_P02.00.npz,0.9301966249986435,
521,442.8571428571429,2.1,1.0,ok,1975.4692725565485,5e-05,734,0.050931997598066006,znd_tp_profiles/znd_T0442.86_P02.10.npz,0.8582634999984293,
522,442.8571428571429,2.2,1.0,ok,1976.524419467946,5e-05,825,0.050985264472180394,znd_tp_profiles/znd_T0442.86_P02.20.npz,0.8795079580013407,
523,442.8571428571429,2.3000000000000003,1.0,ok,1977.5277431542675,5e-05,818,0.0510349456718715,znd_tp_profiles/znd_T0442.86_P02.30.npz,0.873662209000031,
524,442.8571428571429,2.4000000000000004,1.0,ok,1978.4844559270266,5e-05,792,0.051081354785498675,znd_tp_profiles/znd_T0442.86_P02.40.npz,0.917070124996826,
525,442.8571428571429,2.5000000000000004,1.0,ok,1979.397893357882,5e-05,820,0.05112497452455029,znd_tp_profiles/znd_T0442.86_P02.50.npz,0.8885090420008055,
526,442.8571428571429,2.6,1.0,ok,1980.2717790083889,5e-05,727,0.05116606400218662,znd_tp_profiles/znd_T0442.86_P02.60.npz,0.820705000005546,
527,442.8571428571429,2.7,1.0,ok,1981.109224500206,5e-05,791,0.05120488603853178,znd_tp_profiles/znd_T0442.86_P02.70.npz,0.8621316249991651,
528,442.8571428571429,2.8000000000000003,1.0,ok,1981.9129818700878,5e-05,833,0.05124166160750257,znd_tp_profiles/znd_T0442.86_P02.80.npz,0.9009999170011724,
529,442.8571428571429,2.9000000000000004,1.0,ok,1982.6862095695335,5e-05,724,0.051276444165165816,znd_tp_profiles/znd_T0442.86_P02.90.npz,0.8186487920029322,
530,442.8571428571429,3.0000000000000004,1.0,ok,1983.4261183059148,5e-05,862,0.05131040169345083,znd_tp_profiles/znd_T0442.86_P03.00.npz,1.0811789169965778,
531,442.8571428571429,3.1,1.0,ok,1984.1425387684935,5e-05,832,0.051342113400722436,znd_tp_profiles/znd_T0442.86_P03.10.npz,0.883001415997569,
532,442.8571428571429,3.2,1.0,ok,1984.8337126418087,5e-05,883,0.05137238275549192,znd_tp_profiles/znd_T0442.86_P03.20.npz,0.899913542001741,
533,442.8571428571429,3.3000000000000003,1.0,ok,1985.5012614072361,5e-05,868,0.0514013675693615,znd_tp_profiles/znd_T0442.86_P03.30.npz,1.0897127499993076,
534,442.8571428571429,3.4000000000000004,1.0,ok,1986.1466571213448,5e-05,791,0.05142914818677294,znd_tp_profiles/znd_T0442.86_P03.40.npz,0.8463965829942026,
535,442.8571428571429,3.5000000000000004,1.0,ok,1986.7712376643294,5e-05,851,0.05145581454922849,znd_tp_profiles/znd_T0442.86_P03.50.npz,0.9629777919981279,
536,442.8571428571429,3.6,1.0,ok,1987.3762275647155,5e-05,831,0.05148146108194769,znd_tp_profiles/znd_T0442.86_P03.60.npz,1.0109791670038248,
537,442.8571428571429,3.7,1.0,ok,1987.9627457473737,5e-05,734,0.05150613377428935,znd_tp_profiles/znd_T0442.86_P03.70.npz,0.8805126669976744,
538,442.8571428571429,3.8000000000000003,1.0,ok,1988.5318317094438,5e-05,766,0.05152991726776016,znd_tp_profiles/znd_T0442.86_P03.80.npz,0.9515114160021767,
539,442.8571428571429,3.9000000000000004,1.0,ok,1989.084422026415,5e-05,852,0.05155287356136903,znd_tp_profiles/znd_T0442.86_P03.90.npz,0.8850289170004544,
540,442.8571428571429,4.0,1.0,ok,1989.6211360966524,5e-05,866,0.05157508712323739,znd_tp_profiles/znd_T0442.86_P04.00.npz,0.8907209580065683,
541,442.8571428571429,4.1,1.0,ok,1990.1435470699194,5e-05,742,0.05159646676252485,znd_tp_profiles/znd_T0442.86_P04.10.npz,0.847860000001674,
542,442.8571428571429,4.2,1.0,ok,1990.6516343270162,5e-05,909,0.05161720116819028,znd_tp_profiles/znd_T0442.86_P04.20.npz,0.8789850839966675,
543,442.8571428571429,4.3,1.0,ok,1991.1460941950968,5e-05,784,0.051637348818378025,znd_tp_profiles/znd_T0442.86_P04.30.npz,0.8406264579971321,
544,442.8571428571429,4.3999999999999995,1.0,ok,1991.6283409006817,5e-05,832,0.05165676926645147,znd_tp_profiles/znd_T0442.86_P04.40.npz,1.0003557079980965,
545,442.8571428571429,4.5,1.0,ok,1992.0981975136451,5e-05,826,0.05167566858540926,znd_tp_profiles/znd_T0442.86_P04.50.npz,0.8723140000001877,
546,442.8571428571429,4.6,1.0,ok,1992.5564817176312,5e-05,888,0.05169402347283956,znd_tp_profiles/znd_T0442.86_P04.60.npz,0.8901731669975561,
547,442.8571428571429,4.7,1.0,ok,1993.0037135457226,5e-05,843,0.051711843859918,znd_tp_profiles/znd_T0442.86_P04.70.npz,0.9518153329991037,
548,442.8571428571429,4.8,1.0,ok,1993.4403830502038,5e-05,1135,0.05172918410291543,znd_tp_profiles/znd_T0442.86_P04.80.npz,0.9304598750022706,
549,442.8571428571429,4.9,1.0,ok,1993.8669458480063,5e-05,821,0.05174605349360423,znd_tp_profiles/znd_T0442.86_P04.90.npz,0.9537620000046445,
550,442.8571428571429,5.0,1.0,ok,1994.2838317565636,5e-05,842,0.051762484903069964,znd_tp_profiles/znd_T0442.86_P05.00.npz,0.8567539580035373,
551,457.1428571428571,0.1,1.0,ok,1895.2249872588122,5e-05,549,0.03212100776934063,znd_tp_profiles/znd_T0457.14_P00.10.npz,0.8154217500050436,
552,457.1428571428571,0.2,1.0,ok,1914.4092370846445,5e-05,601,0.04024029150027698,znd_tp_profiles/znd_T0457.14_P00.20.npz,0.8501127499985159,
553,457.1428571428571,0.30000000000000004,1.0,ok,1925.3502675983775,5e-05,626,0.044305693375378576,znd_tp_profiles/znd_T0457.14_P00.30.npz,0.8174362499994459,
554,457.1428571428571,0.4,1.0,ok,1932.9683872708524,5e-05,640,0.046428347869289205,znd_tp_profiles/znd_T0457.14_P00.40.npz,0.915451833003317,
555,457.1428571428571,0.5,1.0,ok,1938.7869626226195,5e-05,647,0.04763167382477486,znd_tp_profiles/znd_T0457.14_P00.50.npz,0.9126239159959368,
556,457.1428571428571,0.6,1.0,ok,1943.478571759885,5e-05,656,0.04838750833345202,znd_tp_profiles/znd_T0457.14_P00.60.npz,0.8173979589992086,
557,457.1428571428571,0.7000000000000001,1.0,ok,1947.399265643831,5e-05,663,0.04890548749417649,znd_tp_profiles/znd_T0457.14_P00.70.npz,0.8123349590023281,
558,457.1428571428571,0.8,1.0,ok,1950.7601347330033,5e-05,668,0.049284340715391894,znd_tp_profiles/znd_T0457.14_P00.80.npz,0.8858206250006333,
559,457.1428571428571,0.9,1.0,ok,1953.6964832954527,5e-05,674,0.04957515670274893,znd_tp_profiles/znd_T0457.14_P00.90.npz,0.8210549160066876,
560,457.1428571428571,1.0,1.0,ok,1956.3001838188266,5e-05,679,0.049806794399681165,znd_tp_profiles/znd_T0457.14_P01.00.npz,0.8253823330014711,
561,457.1428571428571,1.1,1.0,ok,1958.6364118569352,5e-05,682,0.04999670187757997,znd_tp_profiles/znd_T0457.14_P01.10.npz,0.9010174159993767,
562,457.1428571428571,1.2000000000000002,1.0,ok,1960.7530554988602,5e-05,699,0.05015604391779195,znd_tp_profiles/znd_T0457.14_P01.20.npz,0.8728680419953889,
563,457.1428571428571,1.3000000000000003,1.0,ok,1962.6863095419112,5e-05,697,0.05029146082931489,znd_tp_profiles/znd_T0457.14_P01.30.npz,0.8254801250004675,
564,457.1428571428571,1.4000000000000001,1.0,ok,1964.4641867726443,5e-05,713,0.05040991873114969,znd_tp_profiles/znd_T0457.14_P01.40.npz,0.8463620840047952,
565,457.1428571428571,1.5000000000000002,1.0,ok,1966.1088005355803,5e-05,754,0.050514166317472686,znd_tp_profiles/znd_T0457.14_P01.50.npz,0.8729905000000144,
566,457.1428571428571,1.6,1.0,ok,1967.6379019963424,5e-05,736,0.05060694945037055,znd_tp_profiles/znd_T0457.14_P01.60.npz,0.8395842080062721,
567,457.1428571428571,1.7000000000000002,1.0,ok,1969.0659611125066,5e-05,790,0.0506903221455316,znd_tp_profiles/znd_T0457.14_P01.70.npz,0.898372791998554,
568,457.1428571428571,1.8000000000000003,1.0,ok,1970.404919807455,5e-05,762,0.050765837101137135,znd_tp_profiles/znd_T0457.14_P01.80.npz,0.8554466249988764,
569,457.1428571428571,1.9000000000000001,1.0,ok,1971.6647399386795,5e-05,781,0.05083471889944239,znd_tp_profiles/znd_T0457.14_P01.90.npz,0.908767082997656,
570,457.1428571428571,2.0,1.0,ok,1972.8538174289113,5e-05,771,0.050897973445441703,znd_tp_profiles/znd_T0457.14_P02.00.npz,0.8457569170059287,
571,457.1428571428571,2.1,1.0,ok,1973.9793271179385,5e-05,787,0.050956372718644095,znd_tp_profiles/znd_T0457.14_P02.10.npz,0.87492475000181,
572,457.1428571428571,2.2,1.0,ok,1975.0473733444237,5e-05,778,0.05101004614097635,znd_tp_profiles/znd_T0457.14_P02.20.npz,0.8648444580030628,
573,457.1428571428571,2.3000000000000003,1.0,ok,1976.0632626683941,5e-05,795,0.05106103680105991,znd_tp_profiles/znd_T0457.14_P02.30.npz,0.8734345420016325,
574,457.1428571428571,2.4000000000000004,1.0,ok,1977.0315996627817,5e-05,864,0.05110826067913728,znd_tp_profiles/znd_T0457.14_P02.40.npz,0.87310024999897,
575,457.1428571428571,2.5000000000000004,1.0,ok,1977.9564083143769,5e-05,746,0.051152604812742496,znd_tp_profiles/znd_T0457.14_P02.50.npz,0.872342208000191,
576,457.1428571428571,2.6,1.0,ok,1978.8412641974453,5e-05,776,0.051194363425867036,znd_tp_profiles/znd_T0457.14_P02.60.npz,0.8592605410012766,
577,457.1428571428571,2.7,1.0,ok,1979.6863403513,5e-05,745,0.051234403304971574,znd_tp_profiles/znd_T0457.14_P02.70.npz,0.8428360420002718,
578,457.1428571428571,2.8000000000000003,1.0,ok,1980.5002045760375,5e-05,792,0.051271780207286156,znd_tp_profiles/znd_T0457.14_P02.80.npz,0.9185000419965945,
579,457.1428571428571,2.9000000000000004,1.0,ok,1981.282507593268,5e-05,887,0.05130727983281089,znd_tp_profiles/znd_T0457.14_P02.90.npz,0.8868297500011977,
580,457.1428571428571,3.0000000000000004,1.0,ok,1982.0354683013009,5e-05,842,0.05134103102011498,znd_tp_profiles/znd_T0457.14_P03.00.npz,0.9288341670035152,
581,457.1428571428571,3.1,1.0,ok,1982.7610948073414,5e-05,809,0.051373226347139665,znd_tp_profiles/znd_T0457.14_P03.10.npz,0.8886107079961221,
582,457.1428571428571,3.2,1.0,ok,1983.4612042621045,5e-05,813,0.05140399475847477,znd_tp_profiles/znd_T0457.14_P03.20.npz,0.8575302499957616,
583,457.1428571428571,3.3000000000000003,1.0,ok,1984.137394125177,5e-05,758,0.051433436032770466,znd_tp_profiles/znd_T0457.14_P03.30.npz,0.9071125830014353,
584,457.1428571428571,3.4000000000000004,1.0,ok,1984.7909114546248,5e-05,802,0.05146170767996877,znd_tp_profiles/znd_T0457.14_P03.40.npz,0.8600285420034197,
585,457.1428571428571,3.5000000000000004,1.0,ok,1985.4239369687334,5e-05,837,0.05148873818567052,znd_tp_profiles/znd_T0457.14_P03.50.npz,0.881971834001888,
586,457.1428571428571,3.6,1.0,ok,1986.036887893603,5e-05,761,0.05151477211443066,znd_tp_profiles/znd_T0457.14_P03.60.npz,0.8558104580006329,
587,457.1428571428571,3.7,1.0,ok,1986.6311277025245,5e-05,749,0.05153982461211806,znd_tp_profiles/znd_T0457.14_P03.70.npz,0.8325876669987338,
588,457.1428571428571,3.8000000000000003,1.0,ok,1987.207738997328,5e-05,785,0.0515639898134961,znd_tp_profiles/znd_T0457.14_P03.80.npz,0.9603156669982127,
589,457.1428571428571,3.9000000000000004,1.0,ok,1987.7676670477626,5e-05,830,0.05158628806457241,znd_tp_profiles/znd_T0457.14_P03.90.npz,0.9451380839964258,
590,457.1428571428571,4.0,1.0,ok,1988.3117923896084,5e-05,840,0.051608757925590214,znd_tp_profiles/znd_T0457.14_P04.00.npz,0.9208013329989626,
591,457.1428571428571,4.1,1.0,ok,1988.840637394594,5e-05,754,0.05163055133583229,znd_tp_profiles/znd_T0457.14_P04.10.npz,0.8447666249994654,
592,457.1428571428571,4.2,1.0,ok,1989.3558430757255,5e-05,819,0.051651509968076055,znd_tp_profiles/znd_T0457.14_P04.20.npz,0.8530436669971095,
593,457.1428571428571,4.3,1.0,ok,1989.8572169926863,5e-05,822,0.0516718802011916,znd_tp_profiles/znd_T0457.14_P04.30.npz,0.8754108330031158,
594,457.1428571428571,4.3999999999999995,1.0,ok,1990.3457177050327,5e-05,741,0.051691628070441455,znd_tp_profiles/znd_T0457.14_P04.40.npz,0.9047090000021853,
595,457.1428571428571,4.5,1.0,ok,1990.8219429608992,5e-05,752,0.05171078806227377,znd_tp_profiles/znd_T0457.14_P04.50.npz,0.9549200839974219,
596,457.1428571428571,4.6,1.0,ok,1991.2861508730193,5e-05,878,0.05172945661048101,znd_tp_profiles/znd_T0457.14_P04.60.npz,0.8741382500011241,
597,457.1428571428571,4.7,1.0,ok,1991.739785652927,5e-05,864,0.05174748644095948,znd_tp_profiles/znd_T0457.14_P04.70.npz,0.9257290000023204,
598,457.1428571428571,4.8,1.0,ok,1992.182119985865,5e-05,836,0.05176512761077205,znd_tp_profiles/znd_T0457.14_P04.80.npz,0.8530202499969164,
599,457.1428571428571,4.9,1.0,ok,1992.6145320783974,5e-05,857,0.051782245815392695,znd_tp_profiles/znd_T0457.14_P04.90.npz,0.8721022499958053,
600,457.1428571428571,5.0,1.0,ok,1993.0374594157113,5e-05,772,0.05179884444037997,znd_tp_profiles/znd_T0457.14_P05.00.npz,0.9164615410045371,
601,471.42857142857144,0.1,1.0,ok,1892.9826094691934,5e-05,545,0.03191421514921681,znd_tp_profiles/znd_T0471.43_P00.10.npz,1.2172357910021674,
602,471.42857142857144,0.2,1.0,ok,1912.3209432791211,5e-05,603,0.040022419428505616,znd_tp_profiles/znd_T0471.43_P00.20.npz,0.8111295420021634,
603,471.42857142857144,0.30000000000000004,1.0,ok,1923.3570018848625,5e-05,625,0.044150916461029185,znd_tp_profiles/znd_T0471.43_P00.30.npz,0.8088403749934514,
604,471.42857142857144,0.4,1.0,ok,1931.0450483771708,5e-05,639,0.04633127182538684,znd_tp_profiles/znd_T0471.43_P00.40.npz,1.033046332995582,
605,471.42857142857144,0.5,1.0,ok,1936.9189392807173,5e-05,647,0.04757214924724197,znd_tp_profiles/znd_T0471.43_P00.50.npz,0.8841345840046415,
606,471.42857142857144,0.6,1.0,ok,1941.6565093070706,5e-05,654,0.048351213137227705,znd_tp_profiles/znd_T0471.43_P00.60.npz,0.8141877079979167,
607,471.42857142857144,0.7000000000000001,1.0,ok,1945.6165997536534,5e-05,661,0.048884213820396955,znd_tp_profiles/znd_T0471.43_P00.70.npz,0.8116112080024322,
608,471.42857142857144,0.8,1.0,ok,1949.0119367728314,5e-05,664,0.04927339963738345,znd_tp_profiles/znd_T0471.43_P00.80.npz,0.8408067080017645,
609,471.42857142857144,0.9,1.0,ok,1951.97897758424,5e-05,672,0.049571660520038655,znd_tp_profiles/znd_T0471.43_P00.90.npz,0.8174952500048676,
610,471.42857142857144,1.0,1.0,ok,1954.6103472406926,5e-05,677,0.04980891029867892,znd_tp_profiles/znd_T0471.43_P01.00.npz,0.8461549170024227,
611,471.42857142857144,1.1,1.0,ok,1956.9717741970921,5e-05,684,0.050003168779092465,znd_tp_profiles/znd_T0471.43_P01.10.npz,0.8336878329937463,
612,471.42857142857144,1.2000000000000002,1.0,ok,1959.1115542964549,5e-05,698,0.05016598013203187,znd_tp_profiles/znd_T0471.43_P01.20.npz,0.8434313329998986,
613,471.42857142857144,1.3000000000000003,1.0,ok,1961.0662021370058,5e-05,705,0.050305063419012364,znd_tp_profiles/znd_T0471.43_P01.30.npz,0.8358983750003972,
614,471.42857142857144,1.4000000000000001,1.0,ok,1962.8639912198378,5e-05,716,0.050425758813668356,znd_tp_profiles/znd_T0471.43_P01.40.npz,0.8307859579945216,
615,471.42857142857144,1.5000000000000002,1.0,ok,1964.5271894379773,5e-05,723,0.05053189715252864,znd_tp_profiles/znd_T0471.43_P01.50.npz,0.8283629580037086,
616,471.42857142857144,1.6,1.0,ok,1966.073755598851,5e-05,740,0.05062626437041448,znd_tp_profiles/znd_T0471.43_P01.60.npz,0.8350067089995719,
617,471.42857142857144,1.7000000000000002,1.0,ok,1967.5182937869367,5e-05,762,0.050710999690918246,znd_tp_profiles/znd_T0471.43_P01.70.npz,0.8430284159985604,
618,471.42857142857144,1.8000000000000003,1.0,ok,1968.8728033801663,5e-05,765,0.050787707795444205,znd_tp_profiles/znd_T0471.43_P01.80.npz,0.8683141669971519,
619,471.42857142857144,1.9000000000000001,1.0,ok,1970.1471071251444,5e-05,711,0.05085770574077314,znd_tp_profiles/znd_T0471.43_P01.90.npz,0.8335793750011362,
620,471.42857142857144,2.0,1.0,ok,1971.3505205308259,5e-05,736,0.050921844180266185,znd_tp_profiles/znd_T0471.43_P02.00.npz,0.9060357500056853,
621,471.42857142857144,2.1,1.0,ok,1972.4894014297038,5e-05,801,0.050981065678304543,znd_tp_profiles/znd_T0471.43_P02.10.npz,0.8783105840047938,
622,471.42857142857144,2.2,1.0,ok,1973.5702501137434,5e-05,717,0.05103599472203309,znd_tp_profiles/znd_T0471.43_P02.20.npz,0.8954491249969578,
623,471.42857142857144,2.3000000000000003,1.0,ok,1974.598404014227,5e-05,707,0.05108715676418334,znd_tp_profiles/znd_T0471.43_P02.30.npz,0.8211724580032751,
624,471.42857142857144,2.4000000000000004,1.0,ok,1975.5784697871798,5e-05,723,0.05113500506645775,znd_tp_profiles/znd_T0471.43_P02.40.npz,0.9437393340049312,
625,471.42857142857144,2.5000000000000004,1.0,ok,1976.5116407607734,5e-05,820,0.05118051481639613,znd_tp_profiles/znd_T0471.43_P02.50.npz,0.9242728749959497,
626,471.42857142857144,2.6,1.0,ok,1977.4072579989577,5e-05,770,0.05122282014443514,znd_tp_profiles/znd_T0471.43_P02.60.npz,0.9560852499998873,
627,471.42857142857144,2.7,1.0,ok,1978.2656402833627,5e-05,817,0.05126276859635574,znd_tp_profiles/znd_T0471.43_P02.70.npz,1.0294901669985848,
628,471.42857142857144,2.8000000000000003,1.0,ok,1979.0896052518003,5e-05,844,0.0513005984555433,znd_tp_profiles/znd_T0471.43_P02.80.npz,1.0410647500029881,
629,471.42857142857144,2.9000000000000004,1.0,ok,1979.8816623966572,5e-05,724,0.051336506590892624,znd_tp_profiles/znd_T0471.43_P02.90.npz,0.830741665995447,
630,471.42857142857144,3.0000000000000004,1.0,ok,1980.644055501474,5e-05,878,0.05137067399304356,znd_tp_profiles/znd_T0471.43_P03.00.npz,0.8840149579991703,
631,471.42857142857144,3.1,1.0,ok,1981.37881992195,5e-05,831,0.05140225776263064,znd_tp_profiles/znd_T0471.43_P03.10.npz,1.0838231669986271,
632,471.42857142857144,3.2,1.0,ok,1982.0877836620928,5e-05,998,0.05143341326891906,znd_tp_profiles/znd_T0471.43_P03.20.npz,0.9023685829961323,
633,471.42857142857144,3.3000000000000003,1.0,ok,1982.7725644392751,5e-05,841,0.05146323151257882,znd_tp_profiles/znd_T0471.43_P03.30.npz,0.9066058329990483,
634,471.42857142857144,3.4000000000000004,1.0,ok,1983.4347177144048,5e-05,733,0.051491806560884534,znd_tp_profiles/znd_T0471.43_P03.40.npz,0.8238922499949695,
635,471.42857142857144,3.5000000000000004,1.0,ok,1984.07555647297,5e-05,887,0.0515192442884119,znd_tp_profiles/znd_T0471.43_P03.50.npz,0.8920584579973365,
636,471.42857142857144,3.6,1.0,ok,1984.6963739533705,5e-05,861,0.05154561335101121,znd_tp_profiles/znd_T0471.43_P03.60.npz,0.9088276249967748,
637,471.42857142857144,3.7,1.0,ok,1985.2983030135147,5e-05,779,0.051570995294838544,znd_tp_profiles/znd_T0471.43_P03.70.npz,0.8568910829999368,
638,471.42857142857144,3.8000000000000003,1.0,ok,1985.8823866632536,5e-05,828,0.05159545894789509,znd_tp_profiles/znd_T0471.43_P03.80.npz,0.8850324580052984,
639,471.42857142857144,3.9000000000000004,1.0,ok,1986.4495994099402,5e-05,746,0.05161905641467029,znd_tp_profiles/znd_T0471.43_P03.90.npz,0.9083513329969719,
640,471.42857142857144,4.0,1.0,ok,1987.0004958006748,5e-05,739,0.051641923657789954,znd_tp_profiles/znd_T0471.43_P04.00.npz,0.8337935829986236,
641,471.42857142857144,4.1,1.0,ok,1987.5369047298057,5e-05,824,0.05166389685728027,znd_tp_profiles/znd_T0471.43_P04.10.npz,0.8612351669944474,
642,471.42857142857144,4.2,1.0,ok,1988.05824423013,5e-05,750,0.051685305539954395,znd_tp_profiles/znd_T0471.43_P04.20.npz,0.8273049170020386,
643,471.42857142857144,4.3,1.0,ok,1988.5665745041313,5e-05,783,0.05170590620513448,znd_tp_profiles/znd_T0471.43_P04.30.npz,0.9306829590059351,
644,471.42857142857144,4.3999999999999995,1.0,ok,1989.0615390793164,5e-05,840,0.05172594672050377,znd_tp_profiles/znd_T0471.43_P04.40.npz,0.9047126250006841,
645,471.42857142857144,4.5,1.0,ok,1989.5440849666813,5e-05,839,0.051745394158903606,znd_tp_profiles/znd_T0471.43_P04.50.npz,1.0205786250007804,
646,471.42857142857144,4.6,1.0,ok,1990.0147822340873,5e-05,821,0.05176428295273575,znd_tp_profiles/znd_T0471.43_P04.60.npz,1.02363987499848,
647,471.42857142857144,4.7,1.0,ok,1990.474170402343,5e-05,769,0.051782635543128966,znd_tp_profiles/znd_T0471.43_P04.70.npz,1.0854447919991799,
648,471.42857142857144,4.8,1.0,ok,1990.9227425937609,5e-05,757,0.051800484552748126,znd_tp_profiles/znd_T0471.43_P04.80.npz,1.1935741670022253,
649,471.42857142857144,4.9,1.0,ok,1991.3609638710823,5e-05,810,0.051817856659692185,znd_tp_profiles/znd_T0471.43_P04.90.npz,0.9158478749959613,
650,471.42857142857144,5.0,1.0,ok,1991.7892760507036,5e-05,835,0.05183476763281588,znd_tp_profiles/znd_T0471.43_P05.00.npz,0.9471972089959309,
651,485.7142857142857,0.1,1.0,ok,1890.745628764399,5e-05,547,0.031719175868106075,znd_tp_profiles/znd_T0485.71_P00.10.npz,0.9019571250028093,
652,485.7142857142857,0.2,1.0,ok,1910.2369751900646,5e-05,599,0.03981090450818933,znd_tp_profiles/znd_T0485.71_P00.20.npz,0.8526494589968934,
653,485.7142857142857,0.30000000000000004,1.0,ok,1921.367682531885,5e-05,623,0.043998013406638226,znd_tp_profiles/znd_T0485.71_P00.30.npz,0.8122034580010222,
654,485.7142857142857,0.4,1.0,ok,1929.1247472221248,5e-05,637,0.04623445305598086,znd_tp_profiles/znd_T0485.71_P00.40.npz,0.8246148750040447,
655,485.7142857142857,0.5,1.0,ok,1935.053511774524,5e-05,646,0.047512676057828496,znd_tp_profiles/znd_T0485.71_P00.50.npz,1.0153802080021705,
656,485.7142857142857,0.6,1.0,ok,1939.836674059012,5e-05,653,0.04831503636123974,znd_tp_profiles/znd_T0485.71_P00.60.npz,0.8377106249972712,
657,485.7142857142857,0.7000000000000001,1.0,ok,1943.8358066089768,5e-05,659,0.04886313246174405,znd_tp_profiles/znd_T0485.71_P00.70.npz,0.8259826249995967,
658,485.7142857142857,0.8,1.0,ok,1947.2653532141012,5e-05,665,0.04926266358006551,znd_tp_profiles/znd_T0485.71_P00.80.npz,0.8183591660053935,
659,485.7142857142857,0.9,1.0,ok,1950.2628491584153,5e-05,670,0.0495684156397089,znd_tp_profiles/znd_T0485.71_P00.90.npz,0.8267830000040703,
660,485.7142857142857,1.0,1.0,ok,1952.9216640543402,5e-05,673,0.04981128769050261,znd_tp_profiles/znd_T0485.71_P01.00.npz,0.8292443750033271,
661,485.7142857142857,1.1,1.0,ok,1955.3080865616732,5e-05,678,0.05000990697235423,znd_tp_profiles/znd_T0485.71_P01.10.npz,0.8735088749963325,
662,485.7142857142857,1.2000000000000002,1.0,ok,1957.470818535383,5e-05,690,0.050176184174161136,znd_tp_profiles/znd_T0485.71_P01.20.npz,0.8403460839981562,
663,485.7142857142857,1.3000000000000003,1.0,ok,1959.4463967421743,5e-05,710,0.05031816293201398,znd_tp_profiles/znd_T0485.71_P01.30.npz,0.8365779170053429,
664,485.7142857142857,1.4000000000000001,1.0,ok,1961.2642257867262,5e-05,725,0.05044114221210564,znd_tp_profiles/znd_T0485.71_P01.40.npz,0.8357958330016118,
665,485.7142857142857,1.5000000000000002,1.0,ok,1962.945881406833,5e-05,740,0.050549249193316916,znd_tp_profiles/znd_T0485.71_P01.50.npz,0.8834652910009027,
666,485.7142857142857,1.6,1.0,ok,1964.509779213436,5e-05,746,0.05064532380898881,znd_tp_profiles/znd_T0485.71_P01.60.npz,0.8471154169965303,
667,485.7142857142857,1.7000000000000002,1.0,ok,1965.9706470456624,5e-05,736,0.05073151103486068,znd_tp_profiles/znd_T0485.71_P01.70.npz,0.9351355410035467,
668,485.7142857142857,1.8000000000000003,1.0,ok,1967.3406032423802,5e-05,822,0.05080950001840991,znd_tp_profiles/znd_T0485.71_P01.80.npz,1.0395791670016479,
669,485.7142857142857,1.9000000000000001,1.0,ok,1968.6298430301256,5e-05,778,0.05088057766237045,znd_tp_profiles/znd_T0485.71_P01.90.npz,1.0041039999996428,
670,485.7142857142857,2.0,1.0,ok,1969.846908967391,5e-05,893,0.05094576891480117,znd_tp_profiles/znd_T0485.71_P02.00.npz,1.1054727500013541,
671,485.7142857142857,2.1,1.0,ok,1970.9990864389438,5e-05,756,0.051005904685692986,znd_tp_profiles/znd_T0485.71_P02.10.npz,0.9847122499995749,
672,485.7142857142857,2.2,1.0,ok,1972.0926224392197,5e-05,756,0.051061652214335854,znd_tp_profiles/znd_T0485.71_P02.20.npz,0.9649756250000792,
673,485.7142857142857,2.3000000000000003,1.0,timeout,,,0,,znd_tp_profiles/znd_T0485.71_P02.30.npz,40.01593516700086,Timed out after 20.0 s (attempt 2/2).
674,485.7142857142857,2.4000000000000004,1.0,ok,1974.1216767614535,5e-05,759,0.05116270232337166,znd_tp_profiles/znd_T0485.71_P02.40.npz,1.0727170839963946,
675,485.7142857142857,2.5000000000000004,1.0,ok,1975.0688569908339,5e-05,744,0.051208267423345166,znd_tp_profiles/znd_T0485.71_P02.50.npz,0.9066146249970188,
676,485.7142857142857,2.6,1.0,ok,1975.975247878487,5e-05,746,0.0512511581798522,znd_tp_profiles/znd_T0485.71_P02.60.npz,0.841542499998468,
677,485.7142857142857,2.7,1.0,ok,1976.8440139482789,5e-05,726,0.05129164908119578,znd_tp_profiles/znd_T0485.71_P02.70.npz,0.8327248330024304,
678,485.7142857142857,2.8000000000000003,1.0,ok,1977.6780096582443,5e-05,828,0.05132998648613043,znd_tp_profiles/znd_T0485.71_P02.80.npz,1.0080102080028155,
679,485.7142857142857,2.9000000000000004,1.0,ok,1978.4797480755306,5e-05,795,0.05136637116903071,znd_tp_profiles/znd_T0485.71_P02.90.npz,0.9439622499994584,
680,485.7142857142857,3.0000000000000004,1.0,ok,1979.2511555201033,5e-05,864,0.05140105558982739,znd_tp_profiles/znd_T0485.71_P03.00.npz,0.8931347499965341,
681,485.7142857142857,3.1,1.0,ok,1979.9949837247395,5e-05,770,0.05143404171860814,znd_tp_profiles/znd_T0485.71_P03.10.npz,0.8421219160009059,
682,485.7142857142857,3.2,1.0,ok,1980.7130850858916,5e-05,815,0.0514654769216268,znd_tp_profiles/znd_T0485.71_P03.20.npz,0.9443145830009598,
683,485.7142857142857,3.3000000000000003,1.0,ok,1981.4064077097069,5e-05,790,0.05149561916818584,znd_tp_profiles/znd_T0485.71_P03.30.npz,0.8621493750033551,
684,485.7142857142857,3.4000000000000004,1.0,ok,1982.0768468678568,5e-05,782,0.05152450780268994,znd_tp_profiles/znd_T0485.71_P03.40.npz,0.8609356669985573,
685,485.7142857142857,3.5000000000000004,1.0,ok,1982.7257354277401,5e-05,822,0.051552240034229015,znd_tp_profiles/znd_T0485.71_P03.50.npz,0.9488743749971036,
686,485.7142857142857,3.6,1.0,ok,1983.3543666056405,5e-05,733,0.051578900116433804,znd_tp_profiles/znd_T0485.71_P03.60.npz,0.834910999998101,
687,485.7142857142857,3.7,1.0,ok,1983.9639297243746,5e-05,870,0.05160454489708302,znd_tp_profiles/znd_T0485.71_P03.70.npz,0.934590417004074,
688,485.7142857142857,3.8000000000000003,1.0,ok,1984.5554393559794,5e-05,757,0.05162927140320203,znd_tp_profiles/znd_T0485.71_P03.80.npz,0.8813738329990883,
689,485.7142857142857,3.9000000000000004,1.0,ok,1985.1298879992023,5e-05,797,0.05165312437644236,znd_tp_profiles/znd_T0485.71_P03.90.npz,0.8913605420020758,
690,485.7142857142857,4.0,1.0,ok,1985.6881748056296,5e-05,853,0.051676158812376104,znd_tp_profiles/znd_T0485.71_P04.00.npz,0.9834899170018616,
691,485.7142857142857,4.1,1.0,ok,1986.2307511037206,5e-05,791,0.051698514074941554,znd_tp_profiles/znd_T0485.71_P04.10.npz,0.8579989580030087,
692,485.7142857142857,4.2,1.0,ok,1986.75953071668,5e-05,750,0.051719991107765644,znd_tp_profiles/znd_T0485.71_P04.20.npz,0.8600052910041995,
693,485.7142857142857,4.3,1.0,ok,1987.2740999071452,5e-05,810,0.05174087757517591,znd_tp_profiles/znd_T0485.71_P04.30.npz,0.8914020839947625,
694,485.7142857142857,4.3999999999999995,1.0,ok,1987.7754843746325,5e-05,798,0.051761126024604684,znd_tp_profiles/znd_T0485.71_P04.40.npz,0.8668187500006752,
695,485.7142857142857,4.5,1.0,ok,1988.2643242419863,5e-05,855,0.05178077338113823,znd_tp_profiles/znd_T0485.71_P04.50.npz,0.886971749998338,
696,485.7142857142857,4.6,1.0,ok,1988.741153393066,5e-05,739,0.051799858029670666,znd_tp_profiles/znd_T0485.71_P04.60.npz,0.8349817500056815,
697,485.7142857142857,4.7,1.0,ok,1989.2065542391965,5e-05,813,0.05181840748508908,znd_tp_profiles/znd_T0485.71_P04.70.npz,0.8603950420001638,
698,485.7142857142857,4.8,1.0,ok,1989.661019472788,5e-05,773,0.05183643590158615,znd_tp_profiles/znd_T0485.71_P04.80.npz,0.9116632500008564,
699,485.7142857142857,4.9,1.0,ok,1990.1050141647943,5e-05,854,0.05185399169911202,znd_tp_profiles/znd_T0485.71_P04.90.npz,1.0528895000024932,
700,485.7142857142857,5.0,1.0,ok,1990.5389825142292,5e-05,793,0.05187108526090008,znd_tp_profiles/znd_T0485.71_P05.00.npz,0.8698129580006935,
701,500.0,0.1,1.0,cached,1888.513345411427,5e-05,545,0.031535322446794314,znd_tp_profiles/znd_T0500.00_P00.10.npz,0.0,
702,500.0,0.2,1.0,cached,1908.1566515267607,5e-05,599,0.03960567426197725,znd_tp_profiles/znd_T0500.00_P00.20.npz,0.0,
703,500.0,0.30000000000000004,1.0,cached,1919.3811454390345,5e-05,623,0.04384706435899272,znd_tp_profiles/znd_T0500.00_P00.30.npz,0.0,
704,500.0,0.4,1.0,cached,1927.206619052861,5e-05,637,0.04613798491792537,znd_tp_profiles/znd_T0500.00_P00.40.npz,0.0,
705,500.0,0.5,1.0,cached,1933.1901033122786,5e-05,646,0.04745326885528079,znd_tp_profiles/znd_T0500.00_P00.50.npz,0.0,
706,500.0,0.6,1.0,cached,1938.0185051171122,5e-05,653,0.048278958531066035,znd_tp_profiles/znd_T0500.00_P00.60.npz,0.0,
707,500.0,0.7000000000000001,1.0,cached,1942.0564036871492,5e-05,658,0.04884222308153617,znd_tp_profiles/znd_T0500.00_P00.70.npz,0.0,
708,500.0,0.8,1.0,cached,1945.519597981653,5e-05,664,0.049252208661026135,znd_tp_profiles/znd_T0500.00_P00.80.npz,0.0,
709,500.0,0.9,1.0,cached,1948.547608601532,5e-05,667,0.049565410965453346,znd_tp_profiles/znd_T0500.00_P00.90.npz,0.0,
710,500.0,1.0,1.0,cached,1951.2336777464366,5e-05,671,0.04981390627064673,znd_tp_profiles/znd_T0500.00_P01.00.npz,0.0,
711,500.0,1.1,1.0,cached,1953.6448926348924,5e-05,675,0.05001688696524051,znd_tp_profiles/znd_T0500.00_P01.10.npz,0.0,
712,500.0,1.2000000000000002,1.0,cached,1955.830411420811,5e-05,686,0.05018665408748135,znd_tp_profiles/znd_T0500.00_P01.20.npz,0.0,
713,500.0,1.3000000000000003,1.0,cached,1957.827350456027,5e-05,697,0.05033139862119513,znd_tp_profiles/znd_T0500.00_P01.30.npz,0.0,
714,500.0,1.4000000000000001,1.0,cached,1959.664483344518,5e-05,699,0.05045677763001116,znd_tp_profiles/znd_T0500.00_P01.40.npz,0.0,
715,500.0,1.5000000000000002,1.0,cached,1961.364107900171,5e-05,740,0.05056691826327215,znd_tp_profiles/znd_T0500.00_P01.50.npz,0.0,
716,500.0,1.6,1.0,cached,1962.9452027791792,5e-05,753,0.05066467927774226,znd_tp_profiles/znd_T0500.00_P01.60.npz,0.0,
717,500.0,1.7000000000000002,1.0,cached,1964.4226444869912,5e-05,737,0.05075225495290845,znd_tp_profiles/znd_T0500.00_P01.70.npz,0.0,
718,500.0,1.8000000000000003,1.0,cached,1965.8079373671403,5e-05,779,0.05083152560103287,znd_tp_profiles/znd_T0500.00_P01.80.npz,0.0,
719,500.0,1.9000000000000001,1.0,cached,1967.1117234300389,5e-05,768,0.05090372914105532,znd_tp_profiles/znd_T0500.00_P01.90.npz,0.0,
720,500.0,2.0,1.0,cached,1968.3426288884914,5e-05,762,0.0509699250887203,znd_tp_profiles/znd_T0500.00_P02.00.npz,0.0,
721,500.0,2.1,1.0,cached,1969.5080018330716,5e-05,772,0.051030956520083305,znd_tp_profiles/znd_T0500.00_P02.10.npz,0.0,
722,500.0,2.2,1.0,cached,1970.6111428848799,5e-05,733,0.0510881209272499,znd_tp_profiles/znd_T0500.00_P02.20.npz,0.0,
723,500.0,2.3000000000000003,1.0,cached,1971.6634028755268,5e-05,759,0.051140789574776996,znd_tp_profiles/znd_T0500.00_P02.30.npz,0.0,
724,500.0,2.4000000000000004,1.0,cached,1972.6666307689377,5e-05,721,0.05119002178488603,znd_tp_profiles/znd_T0500.00_P02.40.npz,0.0,
725,500.0,2.5000000000000004,1.0,cached,1973.6249822254053,5e-05,791,0.05123620430434814,znd_tp_profiles/znd_T0500.00_P02.50.npz,0.0,
726,500.0,2.6,1.0,cached,1974.542067196525,5e-05,764,0.0512796696160961,znd_tp_profiles/znd_T0500.00_P02.60.npz,0.0,
727,500.0,2.7,1.0,cached,1975.4211649996585,5e-05,757,0.05132069291767925,znd_tp_profiles/znd_T0500.00_P02.70.npz,0.0,
728,500.0,2.8000000000000003,1.0,cached,1976.2650964484312,5e-05,723,0.05135953172803381,znd_tp_profiles/znd_T0500.00_P02.80.npz,0.0,
729,500.0,2.9000000000000004,1.0,cached,1977.0764544831472,5e-05,769,0.05139638130522856,znd_tp_profiles/znd_T0500.00_P02.90.npz,0.0,
730,500.0,3.0000000000000004,1.0,cached,1977.8575373767449,5e-05,841,0.05143142511422142,znd_tp_profiles/znd_T0500.00_P03.00.npz,0.0,
731,500.0,3.1,1.0,cached,1978.6099546029345,5e-05,770,0.05146491372405992,znd_tp_profiles/znd_T0500.00_P03.10.npz,0.0,
732,500.0,3.2,1.0,cached,1979.3368532366585,5e-05,826,0.05149672500284037,znd_tp_profiles/znd_T0500.00_P03.20.npz,0.0,
733,500.0,3.3000000000000003,1.0,cached,1980.0386371872905,5e-05,871,0.05152724256749342,znd_tp_profiles/znd_T0500.00_P03.30.npz,0.0,
734,500.0,3.4000000000000004,1.0,cached,1980.717286974302,5e-05,847,0.05155648358072963,znd_tp_profiles/znd_T0500.00_P03.40.npz,0.0,
735,500.0,3.5000000000000004,1.0,cached,1981.3741864214494,5e-05,781,0.0515845472887294,znd_tp_profiles/znd_T0500.00_P03.50.npz,0.0,
736,500.0,3.6,1.0,cached,1982.0106274831282,5e-05,849,0.05161151367388925,znd_tp_profiles/znd_T0500.00_P03.60.npz,0.0,
737,500.0,3.7,1.0,cached,1982.6277280481304,5e-05,736,0.05163747904701845,znd_tp_profiles/znd_T0500.00_P03.70.npz,0.0,
738,500.0,3.8000000000000003,1.0,cached,1983.2266159103153,5e-05,875,0.05166248682083026,znd_tp_profiles/znd_T0500.00_P03.80.npz,0.0,
739,500.0,3.9000000000000004,1.0,cached,1983.8082516576974,5e-05,836,0.05168662607606765,znd_tp_profiles/znd_T0500.00_P03.90.npz,0.0,
740,500.0,4.0,1.0,cached,1984.3735501436847,5e-05,813,0.05170993491209827,znd_tp_profiles/znd_T0500.00_P04.00.npz,0.0,
741,500.0,4.1,1.0,cached,1984.9233541536944,5e-05,780,0.051732467118426405,znd_tp_profiles/znd_T0500.00_P04.10.npz,0.0,
742,500.0,4.2,1.0,cached,1985.458003317625,5e-05,743,0.05175436738458328,znd_tp_profiles/znd_T0500.00_P04.20.npz,0.0,
743,500.0,4.3,1.0,cached,1985.9795307409406,5e-05,730,0.05177540200665043,znd_tp_profiles/znd_T0500.00_P04.30.npz,0.0,
744,500.0,4.3999999999999995,1.0,cached,1986.487291623055,5e-05,816,0.051795887951009804,znd_tp_profiles/znd_T0500.00_P04.40.npz,0.0,
745,500.0,4.5,1.0,cached,1986.9823583280977,5e-05,776,0.051815768690115914,znd_tp_profiles/znd_T0500.00_P04.50.npz,0.0,
746,500.0,4.6,1.0,cached,1987.4653147679614,5e-05,857,0.051835068798346484,znd_tp_profiles/znd_T0500.00_P04.60.npz,0.0,
747,500.0,4.7,1.0,cached,1987.9367081798032,5e-05,761,0.05185382951225138,znd_tp_profiles/znd_T0500.00_P04.70.npz,0.0,
748,500.0,4.8,1.0,cached,1988.3970100700299,5e-05,828,0.05187208181831297,znd_tp_profiles/znd_T0500.00_P04.80.npz,0.0,
749,500.0,4.9,1.0,cached,1988.8467566851996,5e-05,816,0.05188983413683403,znd_tp_profiles/znd_T0500.00_P04.90.npz,0.0,
750,500.0,5.0,1.0,cached,1989.286332944001,5e-05,839,0.0519071281269759,znd_tp_profiles/znd_T0500.00_P05.00.npz,0.0,
751,514.2857142857143,0.1,1.0,ok,1886.285009805347,5e-05,545,0.031362022174892555,znd_tp_profiles/znd_T0514.29_P00.10.npz,0.8163435000024037,
752,514.2857142857143,0.2,1.0,ok,1906.079335443681,5e-05,596,0.0394064826817056,znd_tp_profiles/znd_T0514.29_P00.20.npz,0.813252707994252,
753,514.2857142857143,0.30000000000000004,1.0,ok,1917.3969778798119,5e-05,622,0.0436981643806369,znd_tp_profiles/znd_T0514.29_P00.30.npz,0.8629841670044698,
754,514.2857142857143,0.4,1.0,ok,1925.290911688267,5e-05,636,0.04604183454284321,znd_tp_profiles/znd_T0514.29_P00.40.npz,0.8680449169987696,
755,514.2857142857143,0.5,1.0,ok,1931.328203360026,5e-05,646,0.04739393948876493,znd_tp_profiles/znd_T0514.29_P00.50.npz,0.8211518329990213,
756,514.2857142857143,0.6,1.0,ok,1936.201203773125,5e-05,651,0.04824305596795741,znd_tp_profiles/znd_T0514.29_P00.60.npz,0.8176292499992996,
757,514.2857142857143,0.7000000000000001,1.0,ok,1940.277922181968,5e-05,655,0.04882148795152064,znd_tp_profiles/znd_T0514.29_P00.70.npz,0.846761583998159,
758,514.2857142857143,0.8,1.0,ok,1943.7751369068028,5e-05,662,0.04924185706171238,znd_tp_profiles/znd_T0514.29_P00.80.npz,0.8288524579984369,
759,514.2857142857143,0.9,1.0,ok,1946.832835177918,5e-05,667,0.049562643069184176,znd_tp_profiles/znd_T0514.29_P00.90.npz,0.8391665420058416,
760,514.2857142857143,1.0,1.0,ok,1949.5459378631501,5e-05,669,0.04981679313431866,znd_tp_profiles/znd_T0514.29_P01.00.npz,0.8244102079988807,
761,514.2857142857143,1.1,1.0,ok,1951.9818072967028,5e-05,673,0.05002415026835084,znd_tp_profiles/znd_T0514.29_P01.10.npz,0.8271355830001994,
762,514.2857142857143,1.2000000000000002,1.0,ok,1954.189565417921,5e-05,678,0.05019744959768494,znd_tp_profiles/znd_T0514.29_P01.20.npz,0.8173095409947564,
763,514.2857142857143,1.3000000000000003,1.0,ok,1956.207828797372,5e-05,695,0.050344949421202156,znd_tp_profiles/znd_T0514.29_P01.30.npz,0.8258638749975944,
764,514.2857142857143,1.4000000000000001,1.0,ok,1958.064391983008,5e-05,710,0.05047267343506305,znd_tp_profiles/znd_T0514.29_P01.40.npz,0.8432672089984408,
765,514.2857142857143,1.5000000000000002,1.0,ok,1959.7825647243678,5e-05,740,0.050584725516529365,znd_tp_profiles/znd_T0514.29_P01.50.npz,0.8394650420013932,
766,514.2857142857143,1.6,1.0,ok,1961.3807682946756,5e-05,752,0.0506841561081363,znd_tp_profiles/znd_T0514.29_P01.60.npz,0.8754838340028073,
767,514.2857142857143,1.7000000000000002,1.0,ok,1962.8739433055705,5e-05,762,0.05077325334727488,znd_tp_profiles/znd_T0514.29_P01.70.npz,0.9595271250000224,
768,514.2857142857143,1.8000000000000003,1.0,ok,1964.2744819903046,5e-05,784,0.05085379123970285,znd_tp_profiles/znd_T0514.29_P01.80.npz,0.9804546660016058,
769,514.2857142857143,1.9000000000000001,1.0,ok,1965.5927207009336,5e-05,771,0.05092711202160571,znd_tp_profiles/znd_T0514.29_P01.90.npz,0.9512035000007018,
770,514.2857142857143,2.0,1.0,ok,1966.8373786892819,5e-05,726,0.05099431118384895,znd_tp_profiles/znd_T0514.29_P02.00.npz,0.8365307499989285,
771,514.2857142857143,2.1,1.0,ok,1968.0128330528933,5e-05,772,0.051056827415802385,znd_tp_profiles/znd_T0514.29_P02.10.npz,0.8494496249986696,
772,514.2857142857143,2.2,1.0,ok,1969.1309048571736,5e-05,827,0.05111431498437327,znd_tp_profiles/znd_T0514.29_P02.20.npz,0.8783833330016932,
773,514.2857142857143,2.3000000000000003,1.0,ok,1970.1955838290696,5e-05,780,0.05116763832964574,znd_tp_profiles/znd_T0514.29_P02.30.npz,0.9139123330023722,
774,514.2857142857143,2.4000000000000004,1.0,ok,1971.2098720457332,5e-05,808,0.05121763322759286,znd_tp_profiles/znd_T0514.29_P02.40.npz,0.859526125001139,
775,514.2857142857143,2.5000000000000004,1.0,ok,1972.1796996339922,5e-05,840,0.05126434138892752,znd_tp_profiles/znd_T0514.29_P02.50.npz,0.9848475420003524,
776,514.2857142857143,2.6,1.0,ok,1973.1074329555902,5e-05,726,0.05130837291722235,znd_tp_profiles/znd_T0514.29_P02.60.npz,0.8782381669952883,
777,514.2857142857143,2.7,1.0,ok,1973.9963209270202,5e-05,795,0.05135001914373707,znd_tp_profiles/znd_T0514.29_P02.70.npz,0.861538916004065,
778,514.2857142857143,2.8000000000000003,1.0,ok,1974.8506033724912,5e-05,783,0.05138925306650323,znd_tp_profiles/znd_T0514.29_P02.80.npz,0.9687202909990447,
779,514.2857142857143,2.9000000000000004,1.0,ok,1975.6715198608808,5e-05,17561,0.051426561812689904,znd_tp_profiles/znd_T0514.29_P02.90.npz,6.337821125001938,
780,514.2857142857143,3.0000000000000004,1.0,ok,1976.4618328043036,5e-05,804,0.051462040604948696,znd_tp_profiles/znd_T0514.29_P03.00.npz,1.243777791998582,
781,514.2857142857143,3.1,1.0,ok,1977.2236273078224,5e-05,795,0.05149584859095596,znd_tp_profiles/znd_T0514.29_P03.10.npz,0.8830531249986961,
782,514.2857142857143,3.2,1.0,ok,1977.958781209714,5e-05,837,0.05152812795849737,znd_tp_profiles/znd_T0514.29_P03.20.npz,0.8924247499962803,
783,514.2857142857143,3.3000000000000003,1.0,ok,1978.6685330754349,5e-05,817,0.05155909817705549,znd_tp_profiles/znd_T0514.29_P03.30.npz,0.8681559579999885,
784,514.2857142857143,3.4000000000000004,1.0,ok,1979.3558291447362,5e-05,822,0.05158859121540264,znd_tp_profiles/znd_T0514.29_P03.40.npz,1.077172833000077,
785,514.2857142857143,3.5000000000000004,1.0,ok,1980.0206776270054,5e-05,835,0.05161698227617315,znd_tp_profiles/znd_T0514.29_P03.50.npz,0.9354280420011492,
786,514.2857142857143,3.6,1.0,ok,1980.6648343762179,5e-05,836,0.0516442658347642,znd_tp_profiles/znd_T0514.29_P03.60.npz,1.0050757919962052,
787,514.2857142857143,3.7,1.0,ok,1981.2890007688522,5e-05,739,0.05167061455032127,znd_tp_profiles/znd_T0514.29_P03.70.npz,0.9311216249989229,
788,514.2857142857143,3.8000000000000003,1.0,ok,1981.8956973851891,5e-05,783,0.05169582438790575,znd_tp_profiles/znd_T0514.29_P03.80.npz,0.9243810000043595,
789,514.2857142857143,3.9000000000000004,1.0,ok,1982.4844757531312,5e-05,809,0.05172022823637217,znd_tp_profiles/znd_T0514.29_P03.90.npz,0.961131458003365,
790,514.2857142857143,4.0,1.0,ok,1983.0567451492702,5e-05,732,0.05174380002869626,znd_tp_profiles/znd_T0514.29_P04.00.npz,0.9529347500065342,
791,514.2857142857143,4.1,1.0,ok,1983.6133457872656,5e-05,759,0.05176659045783967,znd_tp_profiles/znd_T0514.29_P04.10.npz,0.8610592499971972,
792,514.2857142857143,4.2,1.0,ok,1984.1550913191115,5e-05,819,0.05178863732406726,znd_tp_profiles/znd_T0514.29_P04.20.npz,0.8740577080025105,
793,514.2857142857143,4.3,1.0,ok,1984.6826573220837,5e-05,732,0.05181000481660811,znd_tp_profiles/znd_T0514.29_P04.30.npz,0.8691552079981193,
794,514.2857142857143,4.3999999999999995,1.0,ok,1985.1967815044877,5e-05,775,0.0518307156703699,znd_tp_profiles/znd_T0514.29_P04.40.npz,0.8508680000013555,
795,514.2857142857143,4.5,1.0,ok,1985.6975425996438,5e-05,782,0.05185091503005439,znd_tp_profiles/znd_T0514.29_P04.50.npz,0.8563301670001238,
796,514.2857142857143,4.6,1.0,ok,1986.186563725698,5e-05,798,0.051870433345314985,znd_tp_profiles/znd_T0514.29_P04.60.npz,0.8569798749958863,
797,514.2857142857143,4.7,1.0,ok,1986.6643825340675,5e-05,771,0.05188930415575551,znd_tp_profiles/znd_T0514.29_P04.70.npz,0.880518916004803,
798,514.2857142857143,4.8,1.0,ok,1987.1305257234897,5e-05,848,0.05190775021416605,znd_tp_profiles/znd_T0514.29_P04.80.npz,0.8801208340009907,
799,514.2857142857143,4.9,1.0,ok,1987.585955213688,5e-05,864,0.051925704004498814,znd_tp_profiles/znd_T0514.29_P04.90.npz,0.8869973330001812,
800,514.2857142857143,5.0,1.0,ok,1988.0311578259755,5e-05,809,0.05194318317001277,znd_tp_profiles/znd_T0514.29_P05.00.npz,0.8676243330046418,
801,528.5714285714286,0.1,1.0,ok,1884.0599950574097,5e-05,544,0.03119894459662085,znd_tp_profiles/znd_T0528.57_P00.10.npz,0.808631082996726,
802,528.5714285714286,0.2,1.0,ok,1904.004469462853,5e-05,599,0.039213389464493695,znd_tp_profiles/znd_T0528.57_P00.20.npz,0.8144884580033249,
803,528.5714285714286,0.30000000000000004,1.0,ok,1915.4146789290642,5e-05,622,0.04355137578775707,znd_tp_profiles/znd_T0528.57_P00.30.npz,0.8108601660060231,
804,528.5714285714286,0.4,1.0,ok,1923.376385422288,5e-05,637,0.04594615461797582,znd_tp_profiles/znd_T0528.57_P00.40.npz,0.8151372499996796,
805,528.5714285714286,0.5,1.0,ok,1929.467383698371,5e-05,642,0.04733469905645026,znd_tp_profiles/znd_T0528.57_P00.50.npz,0.8128949169986299,
806,528.5714285714286,0.6,1.0,ok,1934.3853608430347,5e-05,651,0.04820716014261642,znd_tp_profiles/znd_T0528.57_P00.60.npz,0.8182498329988448,
807,528.5714285714286,0.7000000000000001,1.0,ok,1938.4999698318943,5e-05,657,0.048800917105450654,znd_tp_profiles/znd_T0528.57_P00.70.npz,0.9182780419941992,
808,528.5714285714286,0.8,1.0,ok,1942.03066637854,5e-05,662,0.04923176503503038,znd_tp_profiles/znd_T0528.57_P00.80.npz,0.823760458995821,
809,528.5714285714286,0.9,1.0,ok,1945.1181731512015,5e-05,665,0.04956010186440814,znd_tp_profiles/znd_T0528.57_P00.90.npz,0.8471271250018617,
810,528.5714285714286,1.0,1.0,ok,1947.8581496236486,5e-05,668,0.049819910045302285,znd_tp_profiles/znd_T0528.57_P01.00.npz,0.8220202500015148,
811,528.5714285714286,1.1,1.0,ok,1950.3184931110247,5e-05,677,0.05003164434517471,znd_tp_profiles/znd_T0528.57_P01.10.npz,0.8366490000043996,
812,528.5714285714286,1.2000000000000002,1.0,ok,1952.5491280614733,5e-05,680,0.05020835937256823,znd_tp_profiles/znd_T0528.57_P01.20.npz,0.8238017920011771,
813,528.5714285714286,1.3000000000000003,1.0,ok,1954.5877650645946,5e-05,692,0.050358756120123624,znd_tp_profiles/znd_T0528.57_P01.30.npz,0.9115812079980969,
814,528.5714285714286,1.4000000000000001,1.0,ok,1956.4636967949814,5e-05,695,0.050488809124303875,znd_tp_profiles/znd_T0528.57_P01.40.npz,0.8248195409978507,
815,528.5714285714286,1.5000000000000002,1.0,ok,1958.199948495542,5e-05,735,0.05060283340909723,znd_tp_profiles/znd_T0528.57_P01.50.npz,0.8716123749982216,
816,528.5714285714286,1.6,1.0,ok,1959.815114275106,5e-05,724,0.05070394808754309,znd_tp_profiles/znd_T0528.57_P01.60.npz,0.9589442500000587,
817,528.5714285714286,1.7000000000000002,1.0,ok,1961.3238250779157,5e-05,748,0.05079459787764668,znd_tp_profiles/znd_T0528.57_P01.70.npz,0.8531512499976088,
818,528.5714285714286,1.8000000000000003,1.0,ok,1962.7399699813543,5e-05,742,0.05087631021593681,znd_tp_profiles/znd_T0528.57_P01.80.npz,0.8466987499996321,
819,528.5714285714286,1.9000000000000001,1.0,ok,1964.0725697046053,5e-05,723,0.050950725344550606,znd_tp_profiles/znd_T0528.57_P01.90.npz,0.9087730000028387,
820,528.5714285714286,2.0,1.0,ok,1965.3277584869793,5e-05,731,0.05101953282752753,znd_tp_profiles/znd_T0528.57_P02.00.npz,0.8527871670012246,
821,528.5714285714286,2.1,1.0,ok,1966.5186528174418,5e-05,759,0.0510824639264888,znd_tp_profiles/znd_T0528.57_P02.10.npz,0.857647666001867,
822,528.5714285714286,2.2,1.0,ok,1967.650129866782,5e-05,720,0.05114055998765811,znd_tp_profiles/znd_T0528.57_P02.20.npz,0.8532834170036949,
823,528.5714285714286,2.3000000000000003,1.0,ok,1968.7262895751276,5e-05,788,0.0511946954779869,znd_tp_profiles/znd_T0528.57_P02.30.npz,0.8636194579958101,
824,528.5714285714286,2.4000000000000004,1.0,ok,1969.7524504775413,5e-05,815,0.05124527397734531,znd_tp_profiles/znd_T0528.57_P02.40.npz,0.8893093749938998,
825,528.5714285714286,2.5000000000000004,1.0,ok,1970.7328226332704,5e-05,815,0.05129268122829821,znd_tp_profiles/znd_T0528.57_P02.50.npz,0.91682170900458,
826,528.5714285714286,2.6,1.0,ok,1971.670626371446,5e-05,794,0.05133737442426613,znd_tp_profiles/znd_T0528.57_P02.60.npz,0.8655827500042506,
827,528.5714285714286,2.7,1.0,ok,1972.5706532192783,5e-05,807,0.051379349801718724,znd_tp_profiles/znd_T0528.57_P02.70.npz,0.8872615410000435,
828,528.5714285714286,2.8000000000000003,1.0,ok,1973.4343208202436,5e-05,727,0.0514191608810389,znd_tp_profiles/znd_T0528.57_P02.80.npz,0.867145416996209,
829,528.5714285714286,2.9000000000000004,1.0,ok,1974.2647382047153,5e-05,728,0.051456922892396506,znd_tp_profiles/znd_T0528.57_P02.90.npz,0.8634532919968478,
830,528.5714285714286,3.0000000000000004,1.0,ok,1975.0642570735795,5e-05,824,0.05149282664063264,znd_tp_profiles/znd_T0528.57_P03.00.npz,0.8697578749997774,
831,528.5714285714286,3.1,1.0,ok,1975.834938941094,5e-05,809,0.0515270359576318,znd_tp_profiles/znd_T0528.57_P03.10.npz,0.8892917499979376,
832,528.5714285714286,3.2,1.0,ok,1976.5781991965525,5e-05,782,0.051559795784106056,znd_tp_profiles/znd_T0528.57_P03.20.npz,0.8529342500041821,
833,528.5714285714286,3.3000000000000003,1.0,ok,1977.297307151677,5e-05,855,0.05159091808027867,znd_tp_profiles/znd_T0528.57_P03.30.npz,0.8801249579992145,
834,528.5714285714286,3.4000000000000004,1.0,ok,1977.992268132035,5e-05,786,0.05162084730043052,znd_tp_profiles/znd_T0528.57_P03.40.npz,0.8924745409967727,
835,528.5714285714286,3.5000000000000004,1.0,ok,1978.6650361362156,5e-05,736,0.051649555618516446,znd_tp_profiles/znd_T0528.57_P03.50.npz,0.832899458000611,
836,528.5714285714286,3.6,1.0,ok,1979.3168615202571,5e-05,793,0.051677156861340924,znd_tp_profiles/znd_T0528.57_P03.60.npz,0.8593496670000604,
837,528.5714285714286,3.7,1.0,ok,1979.9489895348624,5e-05,746,0.051703705412213856,znd_tp_profiles/znd_T0528.57_P03.70.npz,0.8473737499953131,
838,528.5714285714286,3.8000000000000003,1.0,ok,1980.5624967125054,5e-05,801,0.051729276513948444,znd_tp_profiles/znd_T0528.57_P03.80.npz,0.8608145409962162,
839,528.5714285714286,3.9000000000000004,1.0,ok,1981.1583852747356,5e-05,733,0.05175395624087111,znd_tp_profiles/znd_T0528.57_P03.90.npz,0.9278897920012241,
840,528.5714285714286,4.0,1.0,ok,1981.7375806205291,5e-05,843,0.05177778636803853,znd_tp_profiles/znd_T0528.57_P04.00.npz,0.9952886669998406,
841,528.5714285714286,4.1,1.0,ok,1982.3009546955805,5e-05,900,0.051800818690489324,znd_tp_profiles/znd_T0528.57_P04.10.npz,0.95272699999623,
842,528.5714285714286,4.2,1.0,ok,1982.8492930005048,5e-05,796,0.05182311103288597,znd_tp_profiles/znd_T0528.57_P04.20.npz,0.8660355840038392,
843,528.5714285714286,4.3,1.0,ok,1983.38277016934,5e-05,738,0.05184481891385137,znd_tp_profiles/znd_T0528.57_P04.30.npz,0.8359641249990091,
844,528.5714285714286,4.3999999999999995,1.0,ok,1983.9037311496616,5e-05,822,0.051865637224499904,znd_tp_profiles/znd_T0528.57_P04.40.npz,0.8859335419983836,
845,528.5714285714286,4.5,1.0,ok,1984.411182889626,5e-05,773,0.05188595178151051,znd_tp_profiles/znd_T0528.57_P04.50.npz,0.8570117090057465,
846,528.5714285714286,4.6,1.0,ok,1984.906247224891,5e-05,776,0.05190567835391567,znd_tp_profiles/znd_T0528.57_P04.60.npz,1.0835078330055694,
847,528.5714285714286,4.7,1.0,ok,1985.3894817490652,5e-05,1127,0.05192484960493019,znd_tp_profiles/znd_T0528.57_P04.70.npz,1.0148701250000158,
848,528.5714285714286,4.8,1.0,ok,1985.861426316254,5e-05,769,0.05194348648772172,znd_tp_profiles/znd_T0528.57_P04.80.npz,0.9035854169997037,
849,528.5714285714286,4.9,1.0,ok,1986.3225289463344,5e-05,956,0.051961633789574364,znd_tp_profiles/znd_T0528.57_P04.90.npz,0.8897978329987382,
850,528.5714285714286,5.0,1.0,ok,1986.7732633098158,5e-05,879,0.05197930604597702,znd_tp_profiles/znd_T0528.57_P05.00.npz,0.8845167089966708,
851,542.8571428571429,0.1,1.0,ok,1881.8377300033524,5e-05,544,0.031045538035164574,znd_tp_profiles/znd_T0542.86_P00.10.npz,0.9241939160056063,
852,542.8571428571429,0.2,1.0,ok,1901.9315520657572,5e-05,598,0.0390261211442131,znd_tp_profiles/znd_T0542.86_P00.20.npz,0.8362501249939669,
853,542.8571428571429,0.30000000000000004,1.0,ok,1913.4338143684556,5e-05,622,0.043406786191600426,znd_tp_profiles/znd_T0542.86_P00.30.npz,0.813766792001843,
854,542.8571428571429,0.4,1.0,ok,1921.4628524012012,5e-05,635,0.04585097877201433,znd_tp_profiles/znd_T0542.86_P00.40.npz,0.8291013330017449,
855,542.8571428571429,0.5,1.0,ok,1927.607250658235,5e-05,645,0.04727556050266409,znd_tp_profiles/znd_T0542.86_P00.50.npz,0.8149718329950701,
856,542.8571428571429,0.6,1.0,ok,1932.569580059961,5e-05,650,0.04817142867790861,znd_tp_profiles/znd_T0542.86_P00.60.npz,0.8214477920046193,
857,542.8571428571429,0.7000000000000001,1.0,ok,1936.7222220164151,5e-05,658,0.048780493181827825,znd_tp_profiles/znd_T0542.86_P00.70.npz,0.8165352089999942,
858,542.8571428571429,0.8,1.0,ok,1940.2861758460242,5e-05,662,0.04922188696132628,znd_tp_profiles/znd_T0542.86_P00.80.npz,0.8592884579993552,
859,542.8571428571429,0.9,1.0,ok,1943.4033148458957,5e-05,665,0.049557789269064775,znd_tp_profiles/znd_T0542.86_P00.90.npz,0.8514271250023739,
860,542.8571428571429,1.0,1.0,ok,1946.170002618289,5e-05,676,0.04982325310892903,znd_tp_profiles/znd_T0542.86_P01.00.npz,0.8380610000021989,
861,542.8571428571429,1.1,1.0,ok,1948.654683782208,5e-05,676,0.05003938354820064,znd_tp_profiles/znd_T0542.86_P01.10.npz,0.8896741249991464,
862,542.8571428571429,1.2000000000000002,1.0,ok,1950.9076307631265,5e-05,679,0.05021958462467651,znd_tp_profiles/znd_T0542.86_P01.20.npz,0.869372499997553,
863,542.8571428571429,1.3000000000000003,1.0,ok,1952.9664439424967,5e-05,686,0.050372903878479244,znd_tp_profiles/znd_T0542.86_P01.30.npz,0.8283488750021206,
864,542.8571428571429,1.4000000000000001,1.0,ok,1954.862086276881,5e-05,698,0.050505209782465525,znd_tp_profiles/znd_T0542.86_P01.40.npz,0.8481638749944977,
865,542.8571428571429,1.5000000000000002,1.0,ok,1956.6163242916798,5e-05,749,0.05062119278663762,znd_tp_profiles/znd_T0542.86_P01.50.npz,0.8624144159985008,
866,542.8571428571429,1.6,1.0,ok,1958.2483657684918,5e-05,749,0.05072397775897721,znd_tp_profiles/znd_T0542.86_P01.60.npz,0.8461761660000775,
867,542.8571428571429,1.7000000000000002,1.0,ok,1959.7734543645904,5e-05,722,0.050815982315101184,znd_tp_profiles/znd_T0542.86_P01.70.npz,1.0004792920008185,
868,542.8571428571429,1.8000000000000003,1.0,ok,1961.20490697822,5e-05,707,0.050898892860730974,znd_tp_profiles/znd_T0542.86_P01.80.npz,0.8539312499997322,
869,542.8571428571429,1.9000000000000001,1.0,ok,1962.5478971167977,5e-05,774,0.050975210779978415,znd_tp_profiles/znd_T0542.86_P01.90.npz,0.9405304579995573,
870,542.8571428571429,2.0,1.0,ok,1963.8196411121503,5e-05,761,0.051044411437296114,znd_tp_profiles/znd_T0542.86_P02.00.npz,0.8511937919975026,
871,542.8571428571429,2.1,1.0,ok,1965.0239686526677,5e-05,769,0.05110813560482582,znd_tp_profiles/znd_T0542.86_P02.10.npz,0.8454777500010096,
872,542.8571428571429,2.2,1.0,ok,1966.1667842999625,5e-05,805,0.051167227687798356,znd_tp_profiles/znd_T0542.86_P02.20.npz,0.8694107909977902,
873,542.8571428571429,2.3000000000000003,1.0,ok,1967.2553411545668,5e-05,749,0.051221972659461434,znd_tp_profiles/znd_T0542.86_P02.30.npz,0.9110592910001287,
874,542.8571428571429,2.4000000000000004,1.0,ok,1968.2928629230946,5e-05,823,0.051273200521518555,znd_tp_profiles/znd_T0542.86_P02.40.npz,0.8984709170035785,
875,542.8571428571429,2.5000000000000004,1.0,ok,1969.2841529253328,5e-05,729,0.05132122669178787,znd_tp_profiles/znd_T0542.86_P02.50.npz,0.835221207998984,
876,542.8571428571429,2.6,1.0,ok,1970.2329737556213,5e-05,755,0.05136637815725727,znd_tp_profiles/znd_T0542.86_P02.60.npz,0.8605492909991881,
877,542.8571428571429,2.7,1.0,ok,1971.1426299875343,5e-05,723,0.05140897098735315,znd_tp_profiles/znd_T0542.86_P02.70.npz,0.9433327090009698,
878,542.8571428571429,2.8000000000000003,1.0,ok,1972.0160736385692,5e-05,808,0.051449258358254646,znd_tp_profiles/znd_T0542.86_P02.80.npz,0.8708059580021654,
879,542.8571428571429,2.9000000000000004,1.0,ok,1972.8559516760438,5e-05,805,0.05148746936713549,znd_tp_profiles/znd_T0542.86_P02.90.npz,0.8628054589935346,
880,542.8571428571429,3.0000000000000004,1.0,ok,1973.6645872204854,5e-05,841,0.05152379797432214,znd_tp_profiles/znd_T0542.86_P03.00.npz,0.8837119159943541,
881,542.8571428571429,3.1,1.0,ok,1974.4441355140739,5e-05,736,0.051558384603993444,znd_tp_profiles/znd_T0542.86_P03.10.npz,0.8958453340019332,
882,542.8571428571429,3.2,1.0,ok,1975.1964996071367,5e-05,835,0.0515914104387723,znd_tp_profiles/znd_T0542.86_P03.20.npz,0.9653499999985797,
883,542.8571428571429,3.3000000000000003,1.0,ok,1975.9234318856772,5e-05,769,0.05162299088751694,znd_tp_profiles/znd_T0542.86_P03.30.npz,0.8509106249985052,
884,542.8571428571429,3.4000000000000004,1.0,ok,1976.6264637913769,5e-05,820,0.0516532529822323,znd_tp_profiles/znd_T0542.86_P03.40.npz,0.9211509169981582,
885,542.8571428571429,3.5000000000000004,1.0,ok,1977.3070749122983,5e-05,780,0.051682281550306276,znd_tp_profiles/znd_T0542.86_P03.50.npz,0.891868541999429,
886,542.8571428571429,3.6,1.0,ok,1977.9665640244687,5e-05,891,0.051710190680014326,znd_tp_profiles/znd_T0542.86_P03.60.npz,0.9745962919987505,
887,542.8571428571429,3.7,1.0,ok,1978.606132149012,5e-05,850,0.051737021667307516,znd_tp_profiles/znd_T0542.86_P03.70.npz,0.9470024999973248,
888,542.8571428571429,3.8000000000000003,1.0,ok,1979.226890324961,5e-05,767,0.05176287117124989,znd_tp_profiles/znd_T0542.86_P03.80.npz,1.002566499999375,
889,542.8571428571429,3.9000000000000004,1.0,ok,1979.8298453512716,5e-05,792,0.05178781959489692,znd_tp_profiles/znd_T0542.86_P03.90.npz,0.9978792080000858,
890,542.8571428571429,4.0,1.0,ok,1980.4159416996108,5e-05,739,0.05181189560717734,znd_tp_profiles/znd_T0542.86_P04.00.npz,1.0566245420050109,
891,542.8571428571429,4.1,1.0,ok,1980.986036683975,5e-05,782,0.05183517577316099,znd_tp_profiles/znd_T0542.86_P04.10.npz,0.9432375830001547,
892,542.8571428571429,4.2,1.0,ok,1981.5409453289822,5e-05,743,0.051857707975017875,znd_tp_profiles/znd_T0542.86_P04.20.npz,1.014060082998185,
893,542.8571428571429,4.3,1.0,ok,1982.0813973953996,5e-05,800,0.05187952641948771,znd_tp_profiles/znd_T0542.86_P04.30.npz,0.8968426249994081,
894,542.8571428571429,4.3999999999999995,1.0,ok,1982.6080997408455,5e-05,728,0.051900678467551975,znd_tp_profiles/znd_T0542.86_P04.40.npz,0.8486008749969187,
895,542.8571428571429,4.5,1.0,ok,1983.1216815822381,5e-05,784,0.05192120052262601,znd_tp_profiles/znd_T0542.86_P04.50.npz,1.0827073340042261,
896,542.8571428571429,4.6,1.0,ok,1983.6227542572717,5e-05,867,0.05194112469065139,znd_tp_profiles/znd_T0542.86_P04.60.npz,0.9633818750007777,
897,542.8571428571429,4.7,1.0,ok,1984.1118870541166,5e-05,837,0.05196048960612318,znd_tp_profiles/znd_T0542.86_P04.70.npz,1.1908495829993626,
898,542.8571428571429,4.8,1.0,ok,1984.5895774326295,5e-05,865,0.05197932503806272,znd_tp_profiles/znd_T0542.86_P04.80.npz,1.106180624999979,
899,542.8571428571429,4.9,1.0,ok,1985.056314839162,5e-05,870,0.051997658342252506,znd_tp_profiles/znd_T0542.86_P04.90.npz,1.0265695829948527,
900,542.8571428571429,5.0,1.0,ok,1985.5125931036207,5e-05,735,0.052015507848269825,znd_tp_profiles/znd_T0542.86_P05.00.npz,0.9050410419949912,
901,557.1428571428571,0.1,1.0,ok,1879.6176952934022,5e-05,542,0.030901385095056366,znd_tp_profiles/znd_T0557.14_P00.10.npz,0.8843025000023772,
902,557.1428571428571,0.2,1.0,ok,1899.8601527879346,5e-05,602,0.038844633754526334,znd_tp_profiles/znd_T0557.14_P00.20.npz,0.9352947080042213,
903,557.1428571428571,0.30000000000000004,1.0,ok,1911.4539529924557,5e-05,621,0.04326444919863056,znd_tp_profiles/znd_T0557.14_P00.30.npz,0.9831402089985204,
904,557.1428571428571,0.4,1.0,ok,1919.549991276113,5e-05,634,0.045756346859167685,znd_tp_profiles/znd_T0557.14_P00.40.npz,1.1648007919939118,
905,557.1428571428571,0.5,1.0,ok,1925.7475024482235,5e-05,643,0.04721655883832611,znd_tp_profiles/znd_T0557.14_P00.50.npz,0.9933859590018983,
906,557.1428571428571,0.6,1.0,ok,1930.753925889336,5e-05,651,0.04813580057619899,znd_tp_profiles/znd_T0557.14_P00.60.npz,0.8253412499980186,
907,557.1428571428571,0.7000000000000001,1.0,ok,1934.9443418640337,5e-05,657,0.048760246971519136,znd_tp_profiles/znd_T0557.14_P00.70.npz,0.9460169159938232,
908,557.1428571428571,0.8,1.0,ok,1938.5414143972305,5e-05,660,0.04921217989641095,znd_tp_profiles/znd_T0557.14_P00.80.npz,0.8321705830021529,
909,557.1428571428571,0.9,1.0,ok,1941.6879950569153,5e-05,666,0.04955569726187237,znd_tp_profiles/znd_T0557.14_P00.90.npz,0.8581523340035346,
910,557.1428571428571,1.0,1.0,ok,1944.4812384840604,5e-05,670,0.04982684370900567,znd_tp_profiles/znd_T0557.14_P01.00.npz,0.8459258750008303,
911,557.1428571428571,1.1,1.0,ok,1946.9895464736246,5e-05,672,0.05004747703358492,znd_tp_profiles/znd_T0557.14_P01.10.npz,0.8175771669993992,
912,557.1428571428571,1.2000000000000002,1.0,ok,1949.2652767089132,5e-05,679,0.05023105379732968,znd_tp_profiles/znd_T0557.14_P01.20.npz,0.8456433749961434,
913,557.1428571428571,1.3000000000000003,1.0,ok,1951.3451379123915,5e-05,688,0.05038710984148643,znd_tp_profiles/znd_T0557.14_P01.30.npz,0.8557967079977971,
914,557.1428571428571,1.4000000000000001,1.0,ok,1953.2593906050201,5e-05,704,0.05052184962903289,znd_tp_profiles/znd_T0557.14_P01.40.npz,0.8515967920029652,
915,557.1428571428571,1.5000000000000002,1.0,ok,1955.0315017462015,5e-05,708,0.05063980087556122,znd_tp_profiles/znd_T0557.14_P01.50.npz,0.8721159579945379,
916,557.1428571428571,1.6,1.0,ok,1956.6803471823011,5e-05,737,0.05074425415083921,znd_tp_profiles/znd_T0557.14_P01.60.npz,0.840328167003463,
917,557.1428571428571,1.7000000000000002,1.0,ok,1958.2212379178163,5e-05,742,0.0508377022640874,znd_tp_profiles/znd_T0557.14_P01.70.npz,0.8850967500038678,
918,557.1428571428571,1.8000000000000003,1.0,ok,1959.6637518054895,5e-05,785,0.050922642229289154,znd_tp_profiles/znd_T0557.14_P01.80.npz,0.9372152079959051,
919,557.1428571428571,1.9000000000000001,1.0,ok,1961.0246650065133,5e-05,781,0.050999328047631104,znd_tp_profiles/znd_T0557.14_P01.90.npz,0.9094765409972752,
920,557.1428571428571,2.0,1.0,ok,1962.3099123242453,5e-05,807,0.05106951196963631,znd_tp_profiles/znd_T0557.14_P02.00.npz,0.8671510419953847,
921,557.1428571428571,2.1,1.0,ok,1963.5271211928052,5e-05,790,0.051134119529591564,znd_tp_profiles/znd_T0557.14_P02.10.npz,0.8638026670014369,
922,557.1428571428571,2.2,1.0,ok,1964.6827763822437,5e-05,731,0.05119390390647792,znd_tp_profiles/znd_T0557.14_P02.20.npz,0.8519172090018401,
923,557.1428571428571,2.3000000000000003,1.0,ok,1965.7825867040285,5e-05,842,0.051249476261963134,znd_tp_profiles/znd_T0557.14_P02.30.npz,0.8870595409971429,
924,557.1428571428571,2.4000000000000004,1.0,ok,1966.831398832663,5e-05,787,0.05130135059607496,znd_tp_profiles/znd_T0557.14_P02.40.npz,0.9394863329944201,
925,557.1428571428571,2.5000000000000004,1.0,ok,1967.8335564433432,5e-05,712,0.05134997231240687,znd_tp_profiles/znd_T0557.14_P02.50.npz,0.8666095840017078,
926,557.1428571428571,2.6,1.0,ok,1968.792831594726,5e-05,777,0.05139567818570372,znd_tp_profiles/znd_T0557.14_P02.60.npz,0.9663052920004702,
927,557.1428571428571,2.7,1.0,ok,1969.7125821208476,5e-05,775,0.051438788508836146,znd_tp_profiles/znd_T0557.14_P02.70.npz,0.8562380420044065,
928,557.1428571428571,2.8000000000000003,1.0,ok,1970.595739710641,5e-05,852,0.05147955940096343,znd_tp_profiles/znd_T0557.14_P02.80.npz,0.9245619170033024,
929,557.1428571428571,2.9000000000000004,1.0,ok,1971.4449677114471,5e-05,748,0.05151822604040885,znd_tp_profiles/znd_T0557.14_P02.90.npz,0.8506806669975049,
930,557.1428571428571,3.0000000000000004,1.0,ok,1972.262755246433,5e-05,759,0.05155494736699064,znd_tp_profiles/znd_T0557.14_P03.00.npz,0.8513297919998877,
931,557.1428571428571,3.1,1.0,ok,1973.0510990647783,5e-05,734,0.051589948052306274,znd_tp_profiles/znd_T0557.14_P03.10.npz,0.8692041250033071,
932,557.1428571428571,3.2,1.0,ok,1973.8119994770361,5e-05,845,0.05162333441259904,znd_tp_profiles/znd_T0557.14_P03.20.npz,0.8969950419996167,
933,557.1428571428571,3.3000000000000003,1.0,ok,1974.5472044771984,5e-05,732,0.051655262736987916,znd_tp_profiles/znd_T0557.14_P03.30.npz,0.8628435420032474,
934,557.1428571428571,3.4000000000000004,1.0,ok,1975.2583129897637,5e-05,819,0.05168584483714821,znd_tp_profiles/znd_T0557.14_P03.40.npz,0.8826872499994352,
935,557.1428571428571,3.5000000000000004,1.0,ok,1975.94672936654,5e-05,734,0.05171518444833423,znd_tp_profiles/znd_T0557.14_P03.50.npz,1.0926885000008042,
936,557.1428571428571,3.6,1.0,ok,1976.6138450269023,5e-05,853,0.05174336813346182,znd_tp_profiles/znd_T0557.14_P03.60.npz,0.8837385840015486,
937,557.1428571428571,3.7,1.0,ok,1977.2608075017756,5e-05,864,0.05177049987584541,znd_tp_profiles/znd_T0557.14_P03.70.npz,0.9040839589943062,
938,557.1428571428571,3.8000000000000003,1.0,ok,1977.8887790395827,5e-05,842,0.05179662514859243,znd_tp_profiles/znd_T0557.14_P03.80.npz,0.9931518750017858,
939,557.1428571428571,3.9000000000000004,1.0,ok,1978.4987679942892,5e-05,778,0.05182182635199368,znd_tp_profiles/znd_T0557.14_P03.90.npz,0.8779468330030795,
940,557.1428571428571,4.0,1.0,ok,1979.09174086295,5e-05,821,0.05184615153644699,znd_tp_profiles/znd_T0557.14_P04.00.npz,0.8681548340027803,
941,557.1428571428571,4.1,1.0,ok,1979.6678448568184,5e-05,724,0.05186981935728081,znd_tp_profiles/znd_T0557.14_P04.10.npz,0.8652237499991315,
942,557.1428571428571,4.2,1.0,ok,1980.2299644762595,5e-05,736,0.05189243817076818,znd_tp_profiles/znd_T0557.14_P04.20.npz,0.9000933329953114,
943,557.1428571428571,4.3,1.0,ok,1980.776812727387,5e-05,732,0.051914476363095076,znd_tp_profiles/znd_T0557.14_P04.30.npz,0.8983021659951191,
944,557.1428571428571,4.3999999999999995,1.0,ok,1981.3097736454395,5e-05,776,0.051935835055511366,znd_tp_profiles/znd_T0557.14_P04.40.npz,0.849956750003912,
945,557.1428571428571,4.5,1.0,ok,1981.8294491635172,5e-05,827,0.051956573722091844,znd_tp_profiles/znd_T0557.14_P04.50.npz,0.8788803329953225,
946,557.1428571428571,4.6,1.0,ok,1982.3365175597153,5e-05,730,0.05197669949152578,znd_tp_profiles/znd_T0557.14_P04.60.npz,0.8364199999996345,
947,557.1428571428571,4.7,1.0,ok,1982.8307863292514,5e-05,833,0.05199640464205203,znd_tp_profiles/znd_T0557.14_P04.70.npz,0.8850213330006227,
948,557.1428571428571,4.8,1.0,ok,1983.3149024229904,5e-05,739,0.05201528547391145,znd_tp_profiles/znd_T0557.14_P04.80.npz,0.8355777920005494,
949,557.1428571428571,4.9,1.0,ok,1983.7872748923564,5e-05,836,0.05203379125844277,znd_tp_profiles/znd_T0557.14_P04.90.npz,0.8890529589989455,
950,557.1428571428571,5.0,1.0,ok,1984.2490632280624,5e-05,752,0.05205181753756615,znd_tp_profiles/znd_T0557.14_P05.00.npz,0.8616754169997876,
951,571.4285714285714,0.1,1.0,ok,1877.3994282955073,5e-05,541,0.03076610308563895,znd_tp_profiles/znd_T0571.43_P00.10.npz,0.8141229999964708,
952,571.4285714285714,0.2,1.0,ok,1897.7893895097618,5e-05,596,0.03866881654866537,znd_tp_profiles/znd_T0571.43_P00.20.npz,0.8158128750001197,
953,571.4285714285714,0.30000000000000004,1.0,ok,1909.4747899035806,5e-05,617,0.04312439663073931,znd_tp_profiles/znd_T0571.43_P00.30.npz,0.8508675409975694,
954,571.4285714285714,0.4,1.0,ok,1917.6374792141123,5e-05,634,0.04566232471307097,znd_tp_profiles/znd_T0571.43_P00.40.npz,0.8929280000011204,
955,571.4285714285714,0.5,1.0,ok,1923.887832239045,5e-05,644,0.0471577005596085,znd_tp_profiles/znd_T0571.43_P00.50.npz,0.8201638749960694,
956,571.4285714285714,0.6,1.0,ok,1928.9381163876583,5e-05,649,0.04810030447870624,znd_tp_profiles/znd_T0571.43_P00.60.npz,0.8169457920012064,
957,571.4285714285714,0.7000000000000001,1.0,ok,1933.1661373446407,5e-05,655,0.048740155523763755,znd_tp_profiles/znd_T0571.43_P00.70.npz,0.8147057500027586,
958,571.4285714285714,0.8,1.0,ok,1936.7961112071926,5e-05,661,0.049202688666081094,znd_tp_profiles/znd_T0571.43_P00.80.npz,0.836407082999358,
959,571.4285714285714,0.9,1.0,ok,1939.9719859882289,5e-05,665,0.049553810516951305,znd_tp_profiles/znd_T0571.43_P00.90.npz,0.8316444580050302,
960,571.4285714285714,1.0,1.0,ok,1942.791671106186,5e-05,668,0.04983066190268529,znd_tp_profiles/znd_T0571.43_P01.00.npz,0.822003917004622,
961,571.4285714285714,1.1,1.0,ok,1945.3245746620605,5e-05,675,0.05005558585539406,znd_tp_profiles/znd_T0571.43_P01.10.npz,0.8197694160044193,
962,571.4285714285714,1.2000000000000002,1.0,ok,1947.6218589739776,5e-05,677,0.05024277923694514,znd_tp_profiles/znd_T0571.43_P01.20.npz,0.8303159999995842,
963,571.4285714285714,1.3000000000000003,1.0,ok,1949.7221544432352,5e-05,682,0.050401649578604546,znd_tp_profiles/znd_T0571.43_P01.30.npz,0.84700845900079,
964,571.4285714285714,1.4000000000000001,1.0,ok,1951.6554238021993,5e-05,693,0.05053873765684382,znd_tp_profiles/znd_T0571.43_P01.40.npz,0.8708460420020856,
965,571.4285714285714,1.5000000000000002,1.0,ok,1953.4453174453379,5e-05,724,0.05065864758582106,znd_tp_profiles/znd_T0571.43_P01.50.npz,0.8949166249949485,
966,571.4285714285714,1.6,1.0,ok,1955.1108395171495,5e-05,733,0.050764779241678534,znd_tp_profiles/znd_T0571.43_P01.60.npz,0.934743208999862,
967,571.4285714285714,1.7000000000000002,1.0,ok,1956.6643247169889,5e-05,759,0.05086028197832779,znd_tp_profiles/znd_T0571.43_P01.70.npz,0.861365000004298,
968,571.4285714285714,1.8000000000000003,1.0,ok,1958.1247136048648,5e-05,732,0.05094589860025958,znd_tp_profiles/znd_T0571.43_P01.80.npz,0.884459250002692,
969,571.4285714285714,1.9000000000000001,1.0,ok,1959.4997463632587,5e-05,761,0.051023687763474386,znd_tp_profiles/znd_T0571.43_P01.90.npz,0.9792040000029374,
970,571.4285714285714,2.0,1.0,ok,1960.7984276424252,5e-05,763,0.051094846423248366,znd_tp_profiles/znd_T0571.43_P02.00.npz,0.8778732080027112,
971,571.4285714285714,2.1,1.0,ok,1962.0284326426702,5e-05,768,0.05116032878708052,znd_tp_profiles/znd_T0571.43_P02.10.npz,0.9296905000010156,
972,571.4285714285714,2.2,1.0,ok,1963.1963466113373,5e-05,779,0.05122090808218258,znd_tp_profiles/znd_T0571.43_P02.20.npz,0.8655200419962057,
973,571.4285714285714,2.3000000000000003,1.0,ok,1964.3078650560556,5e-05,796,0.051277199902261754,znd_tp_profiles/znd_T0571.43_P02.30.npz,0.8829102910021902,
974,571.4285714285714,2.4000000000000004,1.0,ok,1965.3679382917508,5e-05,776,0.05132973103224169,znd_tp_profiles/znd_T0571.43_P02.40.npz,0.8581944999968982,
975,571.4285714285714,2.5000000000000004,1.0,ok,1966.3809077100857,5e-05,859,0.051378942403563194,znd_tp_profiles/znd_T0571.43_P02.50.npz,0.9087407080005505,
976,571.4285714285714,2.6,1.0,ok,1967.3498926977163,5e-05,769,0.05142534022371557,znd_tp_profiles/znd_T0571.43_P02.60.npz,0.8674417920046835,
977,571.4285714285714,2.7,1.0,ok,1968.2803533701253,5e-05,781,0.05146881225673694,znd_tp_profiles/znd_T0571.43_P02.70.npz,0.8641632500002743,
978,571.4285714285714,2.8000000000000003,1.0,ok,1969.1732129794764,5e-05,815,0.05151004836155546,znd_tp_profiles/znd_T0571.43_P02.80.npz,0.9477088339990587,
979,571.4285714285714,2.9000000000000004,1.0,ok,1970.0318326780118,5e-05,814,0.0515491503140703,znd_tp_profiles/znd_T0571.43_P02.90.npz,0.8884665000005043,
980,571.4285714285714,3.0000000000000004,1.0,ok,1970.8586238294574,5e-05,718,0.051586300681564036,znd_tp_profiles/znd_T0571.43_P03.00.npz,0.9614714999988792,
981,571.4285714285714,3.1,1.0,ok,1971.6550264137584,5e-05,851,0.05162182813411016,znd_tp_profiles/znd_T0571.43_P03.10.npz,0.8983657089993358,
982,571.4285714285714,3.2,1.0,ok,1972.425142664624,5e-05,716,0.051655446360251954,znd_tp_profiles/znd_T0571.43_P03.20.npz,0.840103624999756,
983,571.4285714285714,3.3000000000000003,1.0,ok,1973.1685909607588,5e-05,738,0.05168770395861819,znd_tp_profiles/znd_T0571.43_P03.30.npz,0.9767492920000223,
984,571.4285714285714,3.4000000000000004,1.0,ok,1973.8876934822802,5e-05,762,0.05171861952135894,znd_tp_profiles/znd_T0571.43_P03.40.npz,0.905322625003464,
985,571.4285714285714,3.5000000000000004,1.0,ok,1974.583182056474,5e-05,821,0.05174841753159843,znd_tp_profiles/znd_T0571.43_P03.50.npz,0.8788487080018967,
986,571.4285714285714,3.6,1.0,ok,1975.2585836586172,5e-05,759,0.0517767479877528,znd_tp_profiles/znd_T0571.43_P03.60.npz,0.9220717499993043,
987,571.4285714285714,3.7,1.0,ok,1975.9129364192088,5e-05,787,0.051804144509394925,znd_tp_profiles/znd_T0571.43_P03.70.npz,0.858418250005343,
988,571.4285714285714,3.8000000000000003,1.0,ok,1976.5480906580149,5e-05,851,0.051830545977289554,znd_tp_profiles/znd_T0571.43_P03.80.npz,0.8792429589957464,
989,571.4285714285714,3.9000000000000004,1.0,ok,1977.1650832648002,5e-05,739,0.05185599933698806,znd_tp_profiles/znd_T0571.43_P03.90.npz,0.885825167002622,
990,571.4285714285714,4.0,1.0,ok,1977.7641241946467,5e-05,839,0.05188072313143872,znd_tp_profiles/znd_T0571.43_P04.00.npz,0.8813276659930125,
991,571.4285714285714,4.1,1.0,ok,1978.3483332450658,5e-05,867,0.05190432481647391,znd_tp_profiles/znd_T0571.43_P04.10.npz,0.9419134580020909,
992,571.4285714285714,4.2,1.0,ok,1978.9162877104297,5e-05,859,0.05192730867390321,znd_tp_profiles/znd_T0571.43_P04.20.npz,0.925434500000847,
993,571.4285714285714,4.3,1.0,ok,1979.4694935026778,5e-05,881,0.05194957258751698,znd_tp_profiles/znd_T0571.43_P04.30.npz,0.9030817500024568,
994,571.4285714285714,4.3999999999999995,1.0,ok,1980.008663962363,5e-05,767,0.05197114776060653,znd_tp_profiles/znd_T0571.43_P04.40.npz,1.0390744999967865,
995,571.4285714285714,4.5,1.0,ok,1980.5344393922667,5e-05,840,0.05199208286392894,znd_tp_profiles/znd_T0571.43_P04.50.npz,0.8920174999948358,
996,571.4285714285714,4.6,1.0,ok,1981.0474647673223,5e-05,813,0.05201239985009027,znd_tp_profiles/znd_T0571.43_P04.60.npz,0.8708425000004354,
997,571.4285714285714,4.7,1.0,ok,1981.5482676932425,5e-05,757,0.05203215412414781,znd_tp_profiles/znd_T0571.43_P04.70.npz,0.8501776249977411,
998,571.4285714285714,4.8,1.0,ok,1982.0374027605199,5e-05,850,0.0520513600435469,znd_tp_profiles/znd_T0571.43_P04.80.npz,0.9019132909961627,
999,571.4285714285714,4.9,1.0,ok,1982.5145861907686,5e-05,825,0.0520702101715469,znd_tp_profiles/znd_T0571.43_P04.90.npz,0.8794261669972911,
1000,571.4285714285714,5.0,1.0,ok,1982.9826263328762,5e-05,765,0.052088251230272165,znd_tp_profiles/znd_T0571.43_P05.00.npz,0.9037355420005042,
1001,585.7142857142858,0.1,1.0,ok,1875.182519810422,5e-05,542,0.030639329483436728,znd_tp_profiles/znd_T0585.71_P00.10.npz,0.8525487499937299,
1002,585.7142857142858,0.2,1.0,ok,1895.7203724938372,5e-05,594,0.03849848626899309,znd_tp_profiles/znd_T0585.71_P00.20.npz,0.8512840420007706,
1003,585.7142857142858,0.30000000000000004,1.0,ok,1907.4960055904546,5e-05,619,0.04298668631496426,znd_tp_profiles/znd_T0585.71_P00.30.npz,0.8427367080003023,
1004,585.7142857142858,0.4,1.0,ok,1915.725006454189,5e-05,631,0.04556897358601252,znd_tp_profiles/znd_T0585.71_P00.40.npz,0.8203837499968358,
1005,585.7142857142858,0.5,1.0,ok,1922.027953260433,5e-05,638,0.04709902658952472,znd_tp_profiles/znd_T0585.71_P00.50.npz,0.9181947500037495,
1006,585.7142857142858,0.6,1.0,ok,1927.1219190244717,5e-05,649,0.04806493378188301,znd_tp_profiles/znd_T0585.71_P00.60.npz,0.8288105000028736,
1007,585.7142857142858,0.7000000000000001,1.0,ok,1931.3873282970494,5e-05,655,0.04872023485264542,znd_tp_profiles/znd_T0585.71_P00.70.npz,0.8168969580001431,
1008,585.7142857142858,0.8,1.0,ok,1935.0500779235965,5e-05,658,0.04919338035797759,znd_tp_profiles/znd_T0585.71_P00.80.npz,0.8206092079999507,
1009,585.7142857142858,0.9,1.0,ok,1938.2551339899874,5e-05,663,0.04955214087397976,znd_tp_profiles/znd_T0585.71_P00.90.npz,0.824780874994758,
1010,585.7142857142858,1.0,1.0,ok,1941.1010866297715,5e-05,667,0.049834714855117916,znd_tp_profiles/znd_T0585.71_P01.00.npz,0.831521749998501,
1011,585.7142857142858,1.1,1.0,ok,1943.6579586077826,5e-05,672,0.050064045645711805,znd_tp_profiles/znd_T0585.71_P01.10.npz,0.8269350409973413,
1012,585.7142857142858,1.2000000000000002,1.0,ok,1945.9772248074416,5e-05,676,0.05025472763039818,znd_tp_profiles/znd_T0585.71_P01.20.npz,0.8235644579981454,
1013,585.7142857142858,1.3000000000000003,1.0,ok,1948.0978529275671,5e-05,679,0.05041644466659723,znd_tp_profiles/znd_T0585.71_P01.30.npz,0.8714811250029015,
1014,585.7142857142858,1.4000000000000001,1.0,ok,1950.0500208855813,5e-05,687,0.05055586531262115,znd_tp_profiles/znd_T0585.71_P01.40.npz,0.8206390419945819,
1015,585.7142857142858,1.5000000000000002,1.0,ok,1951.8576536014787,5e-05,701,0.05067772742962125,znd_tp_profiles/znd_T0585.71_P01.50.npz,0.8370377079991158,
1016,585.7142857142858,1.6,1.0,ok,1953.5358950696573,5e-05,728,0.050786293204596454,znd_tp_profiles/znd_T0585.71_P01.60.npz,0.8521742090015323,
1017,585.7142857142858,1.7000000000000002,1.0,ok,1955.1087459552691,5e-05,752,0.05088251848102169,znd_tp_profiles/znd_T0585.71_P01.70.npz,0.8578078749997076,
1018,585.7142857142858,1.8000000000000003,1.0,ok,1956.5839465041172,5e-05,731,0.05096938021930875,znd_tp_profiles/znd_T0585.71_P01.80.npz,0.9194495420015301,
1019,585.7142857142858,1.9000000000000001,1.0,ok,1957.9730304435702,5e-05,739,0.051048279001206204,znd_tp_profiles/znd_T0585.71_P01.90.npz,0.9039239999983693,
1020,585.7142857142858,2.0,1.0,ok,1959.2850985910993,5e-05,706,0.05112041379270457,znd_tp_profiles/znd_T0585.71_P02.00.npz,0.8349474999995437,
1021,585.7142857142858,2.1,1.0,ok,1960.5278398383323,5e-05,759,0.05118677299217159,znd_tp_profiles/znd_T0585.71_P02.10.npz,0.9313082919979934,
1022,585.7142857142858,2.2,1.0,ok,1961.7079412083783,5e-05,703,0.05124813751534005,znd_tp_profiles/znd_T0585.71_P02.20.npz,0.8272867499981658,
1023,585.7142857142858,2.3000000000000003,1.0,ok,1962.831130965572,5e-05,781,0.05130513870615541,znd_tp_profiles/znd_T0585.71_P02.30.npz,0.8777052500008722,
1024,585.7142857142858,2.4000000000000004,1.0,ok,1963.9024060665151,5e-05,727,0.051358320796751226,znd_tp_profiles/znd_T0585.71_P02.40.npz,0.8544981660015765,
1025,585.7142857142858,2.5000000000000004,1.0,ok,1964.925367119084,5e-05,790,0.05140828234722136,znd_tp_profiles/znd_T0585.71_P02.50.npz,0.8614263749987003,
1026,585.7142857142858,2.6,1.0,ok,1965.9061716171423,5e-05,777,0.05145492786418295,znd_tp_profiles/znd_T0585.71_P02.60.npz,0.858779540998512,
1027,585.7142857142858,2.7,1.0,ok,1966.845947287004,5e-05,736,0.05149904246105259,znd_tp_profiles/znd_T0585.71_P02.70.npz,0.8419595829982427,
1028,585.7142857142858,2.8000000000000003,1.0,ok,1967.7484151523288,5e-05,791,0.0515407545940431,znd_tp_profiles/znd_T0585.71_P02.80.npz,0.8578661669962457,
1029,585.7142857142858,2.9000000000000004,1.0,ok,1968.6163527012247,5e-05,836,0.051580289436509,znd_tp_profiles/znd_T0585.71_P02.90.npz,0.8949667920023785,
1030,585.7142857142858,3.0000000000000004,1.0,ok,1969.4521548010348,5e-05,796,0.05161784164550251,znd_tp_profiles/znd_T0585.71_P03.00.npz,0.8715431669988902,
1031,585.7142857142858,3.1,1.0,ok,1970.258003909222,5e-05,740,0.05165360272653256,znd_tp_profiles/znd_T0585.71_P03.10.npz,1.0503935420056223,
1032,585.7142857142858,3.2,1.0,ok,1971.0358603493273,5e-05,720,0.05168772440035001,znd_tp_profiles/znd_T0585.71_P03.20.npz,0.8499831250010175,
1033,585.7142857142858,3.3000000000000003,1.0,ok,1971.7875227571485,5e-05,816,0.05172033907120934,znd_tp_profiles/znd_T0585.71_P03.30.npz,0.9697257909938344,
1034,585.7142857142858,3.4000000000000004,1.0,ok,1972.5145996589054,5e-05,831,0.05175157006311058,znd_tp_profiles/znd_T0585.71_P03.40.npz,0.9716328750000685,
1035,585.7142857142858,3.5000000000000004,1.0,ok,1973.2185687993137,5e-05,822,0.05178152017967361,znd_tp_profiles/znd_T0585.71_P03.50.npz,0.9279603750037495,
1036,585.7142857142858,3.6,1.0,ok,1973.9007831367483,5e-05,1156,0.051810300763104805,znd_tp_profiles/znd_T0585.71_P03.60.npz,0.9531372089986689,
1037,585.7142857142858,3.7,1.0,ok,1974.5624755035153,5e-05,802,0.05183797895984555,znd_tp_profiles/znd_T0585.71_P03.70.npz,0.9187895420036511,
1038,585.7142857142858,3.8000000000000003,1.0,ok,1975.204783492246,5e-05,813,0.05186462839508536,znd_tp_profiles/znd_T0585.71_P03.80.npz,0.9641004590012017,
1039,585.7142857142858,3.9000000000000004,1.0,ok,1975.8287501173227,5e-05,745,0.051890330543184635,znd_tp_profiles/znd_T0585.71_P03.90.npz,0.9615022910002153,
1040,585.7142857142858,4.0,1.0,ok,1976.4353340487353,5e-05,862,0.051915153728320514,znd_tp_profiles/znd_T0585.71_P04.00.npz,0.8865686670033028,
1041,585.7142857142858,4.1,1.0,ok,1977.0254402693129,5e-05,825,0.05193914655354063,znd_tp_profiles/znd_T0585.71_P04.10.npz,0.8740574999974342,
1042,585.7142857142858,4.2,1.0,ok,1977.5998974780944,5e-05,852,0.05196234192806911,znd_tp_profiles/znd_T0585.71_P04.20.npz,0.8865921670003445,
1043,585.7142857142858,4.3,1.0,ok,1978.1594261507385,5e-05,776,0.051984817074313225,znd_tp_profiles/znd_T0585.71_P04.30.npz,0.9352755840009195,
1044,585.7142857142858,4.3999999999999995,1.0,ok,1978.704786313305,5e-05,836,0.05200661096133562,znd_tp_profiles/znd_T0585.71_P04.40.npz,0.9146248749966617,
1045,585.7142857142858,4.5,1.0,ok,1979.2366431860967,5e-05,767,0.05202773574703136,znd_tp_profiles/znd_T0585.71_P04.50.npz,0.850754708997556,
1046,585.7142857142858,4.6,1.0,ok,1979.7555637239382,5e-05,751,0.052048258300344326,znd_tp_profiles/znd_T0585.71_P04.60.npz,0.938348291994771,
1047,585.7142857142858,4.7,1.0,ok,1980.2621879732835,5e-05,806,0.05206817541245271,znd_tp_profiles/znd_T0585.71_P04.70.npz,0.8890976670008968,
1048,585.7142857142858,4.8,1.0,ok,1980.7570103555308,5e-05,770,0.052087573435065856,znd_tp_profiles/znd_T0585.71_P04.80.npz,0.8863562080005067,
1049,585.7142857142858,4.9,1.0,ok,1981.2405316512984,5e-05,780,0.05210644637126216,znd_tp_profiles/znd_T0585.71_P04.90.npz,0.9423740830025054,
1050,585.7142857142858,5.0,1.0,ok,1981.713266046432,5e-05,909,0.05212481492622045,znd_tp_profiles/znd_T0585.71_P05.00.npz,0.9021931249953923,
1051,600.0,0.1,1.0,cached,1872.9665816304705,5e-05,540,0.030520747477319872,znd_tp_profiles/znd_T0600.00_P00.10.npz,0.0,
1052,600.0,0.2,1.0,cached,1893.6513380420365,5e-05,594,0.038333586082717,znd_tp_profiles/znd_T0600.00_P00.20.npz,0.0,
1053,600.0,0.30000000000000004,1.0,cached,1905.5173267262662,5e-05,615,0.04285135596211479,znd_tp_profiles/znd_T0600.00_P00.30.npz,0.0,
1054,600.0,0.4,1.0,cached,1913.8124253247474,5e-05,632,0.04547632998387853,znd_tp_profiles/znd_T0600.00_P00.40.npz,0.0,
1055,600.0,0.5,1.0,cached,1920.1676660216983,5e-05,637,0.04704054488607057,znd_tp_profiles/znd_T0600.00_P00.50.npz,0.0,
1056,600.0,0.6,1.0,cached,1925.3051343393417,5e-05,649,0.04802969333634383,znd_tp_profiles/znd_T0600.00_P00.60.npz,0.0,
1057,600.0,0.7000000000000001,1.0,cached,1929.6077865049192,5e-05,655,0.04870046733484799,znd_tp_profiles/znd_T0600.00_P00.70.npz,0.0,
1058,600.0,0.8,1.0,cached,1933.3031414019845,5e-05,660,0.049184279947911,znd_tp_profiles/znd_T0600.00_P00.80.npz,0.0,
1059,600.0,0.9,1.0,cached,1936.537206788762,5e-05,662,0.04955069570087909,znd_tp_profiles/znd_T0600.00_P00.90.npz,0.0,
1060,600.0,1.0,1.0,cached,1939.4093357808947,5e-05,666,0.04983900136899065,znd_tp_profiles/znd_T0600.00_P01.00.npz,0.0,
1061,600.0,1.1,1.0,cached,1941.990035195326,5e-05,671,0.05007274008606671,znd_tp_profiles/znd_T0600.00_P01.10.npz,0.0,
1062,600.0,1.2000000000000002,1.0,cached,1944.331207909237,5e-05,673,0.05026693076179499,znd_tp_profiles/znd_T0600.00_P01.20.npz,0.0,
1063,600.0,1.3000000000000003,1.0,cached,1946.4720977043025,5e-05,679,0.050431472809263383,znd_tp_profiles/znd_T0600.00_P01.30.npz,0.0,
1064,600.0,1.4000000000000001,1.0,cached,1948.4431561858262,5e-05,694,0.05057322531889365,znd_tp_profiles/znd_T0600.00_P01.40.npz,0.0,
1065,600.0,1.5000000000000002,1.0,cached,1950.265201094184,5e-05,700,0.05069768183415799,znd_tp_profiles/znd_T0600.00_P01.50.npz,0.0,
1066,600.0,1.6,1.0,cached,1951.9636797801904,5e-05,711,0.05080718957915909,znd_tp_profiles/znd_T0600.00_P01.60.npz,0.0,
1067,600.0,1.7000000000000002,1.0,cached,1953.551394700987,5e-05,722,0.0509049895711836,znd_tp_profiles/znd_T0600.00_P01.70.npz,0.0,
1068,600.0,1.8000000000000003,1.0,cached,1955.0413574578342,5e-05,741,0.0509930995908815,znd_tp_profiles/znd_T0600.00_P01.80.npz,0.0,
1069,600.0,1.9000000000000001,1.0,cached,1956.4444359137658,5e-05,723,0.05107309697810642,znd_tp_profiles/znd_T0600.00_P01.90.npz,0.0,
1070,600.0,2.0,1.0,cached,1957.7697993503543,5e-05,743,0.051146210414787376,znd_tp_profiles/znd_T0600.00_P02.00.npz,0.0,
1071,600.0,2.1,1.0,cached,1959.0252491762758,5e-05,749,0.051213442678944336,znd_tp_profiles/znd_T0600.00_P02.10.npz,0.0,
1072,600.0,2.2,1.0,cached,1960.2174855808096,5e-05,743,0.05127559230321075,znd_tp_profiles/znd_T0600.00_P02.20.npz,0.0,
1073,600.0,2.3000000000000003,1.0,cached,1961.3522993913725,5e-05,778,0.05133330196566075,znd_tp_profiles/znd_T0600.00_P02.30.npz,0.0,
1074,600.0,2.4000000000000004,1.0,cached,1962.4347248201418,5e-05,796,0.051387121414665546,znd_tp_profiles/znd_T0600.00_P02.40.npz,0.0,
1075,600.0,2.5000000000000004,1.0,cached,1963.4691687620739,5e-05,797,0.05143751647654284,znd_tp_profiles/znd_T0600.00_P02.50.npz,0.0,
1076,600.0,2.6,1.0,cached,1964.4586718271937,5e-05,736,0.05148503789134927,znd_tp_profiles/znd_T0600.00_P02.60.npz,0.0,
1077,600.0,2.7,1.0,cached,1965.4092227977794,5e-05,792,0.051529490510953214,znd_tp_profiles/znd_T0600.00_P02.70.npz,0.0,
1078,600.0,2.8000000000000003,1.0,cached,1966.3213111272612,5e-05,731,0.0515716680616718,znd_tp_profiles/znd_T0600.00_P02.80.npz,0.0,
1079,600.0,2.9000000000000004,1.0,cached,1967.1985213670241,5e-05,721,0.05161162999573811,znd_tp_profiles/znd_T0600.00_P02.90.npz,0.0,
1080,600.0,3.0000000000000004,1.0,cached,1968.043296914565,5e-05,829,0.05164959246129563,znd_tp_profiles/znd_T0600.00_P03.00.npz,0.0,
1081,600.0,3.1,1.0,cached,1968.857838103324,5e-05,769,0.051685735075528115,znd_tp_profiles/znd_T0600.00_P03.10.npz,0.0,
1082,600.0,3.2,1.0,cached,1969.644124062218,5e-05,835,0.05172021185657683,znd_tp_profiles/znd_T0600.00_P03.20.npz,0.0,
1083,600.0,3.3000000000000003,1.0,cached,1970.4039578734491,5e-05,811,0.0517531657818732,znd_tp_profiles/znd_T0600.00_P03.30.npz,0.0,
1084,600.0,3.4000000000000004,1.0,cached,1971.1389812485004,5e-05,875,0.05178472147901384,znd_tp_profiles/znd_T0600.00_P03.40.npz,0.0,
1085,600.0,3.5000000000000004,1.0,cached,1971.8506711828356,5e-05,763,0.05181498062617632,znd_tp_profiles/znd_T0600.00_P03.50.npz,0.0,
1086,600.0,3.6,1.0,cached,1972.5403991371397,5e-05,781,0.05184402988142858,znd_tp_profiles/znd_T0600.00_P03.60.npz,0.0,
1087,600.0,3.7,1.0,cached,1973.2094025405386,5e-05,732,0.05187197591665431,znd_tp_profiles/znd_T0600.00_P03.70.npz,0.0,
1088,600.0,3.8000000000000003,1.0,cached,1973.8588345168498,5e-05,750,0.0518988986199015,znd_tp_profiles/znd_T0600.00_P03.80.npz,0.0,
1089,600.0,3.9000000000000004,1.0,cached,1974.4897471232428,5e-05,790,0.05192484431327549,znd_tp_profiles/znd_T0600.00_P03.90.npz,0.0,
1090,600.0,4.0,1.0,cached,1975.1031120917316,5e-05,840,0.051949908751761094,znd_tp_profiles/znd_T0600.00_P04.00.npz,0.0,
1091,600.0,4.1,1.0,cached,1975.699804899709,5e-05,795,0.05197412494827246,znd_tp_profiles/znd_T0600.00_P04.10.npz,0.0,
1092,600.0,4.2,1.0,cached,1976.2807303320456,5e-05,780,0.051997545637703556,znd_tp_profiles/znd_T0600.00_P04.20.npz,0.0,
1093,600.0,4.3,1.0,cached,1976.8465859920736,5e-05,806,0.05202023586172816,znd_tp_profiles/znd_T0600.00_P04.30.npz,0.0,
1094,600.0,4.3999999999999995,1.0,cached,1977.3981197378428,5e-05,807,0.052042219433129394,znd_tp_profiles/znd_T0600.00_P04.40.npz,0.0,
1095,600.0,4.5,1.0,cached,1977.9360186918848,5e-05,907,0.05206354377286561,znd_tp_profiles/znd_T0600.00_P04.50.npz,0.0,
1096,600.0,4.6,1.0,cached,1978.4608409781888,5e-05,928,0.05208425834001496,znd_tp_profiles/znd_T0600.00_P04.60.npz,0.0,
1097,600.0,4.7,1.0,cached,1978.9732345514458,5e-05,738,0.052104385288408196,znd_tp_profiles/znd_T0600.00_P04.70.npz,0.0,
1098,600.0,4.8,1.0,cached,1979.4737397507731,5e-05,777,0.05212394602718658,znd_tp_profiles/znd_T0600.00_P04.80.npz,0.0,
1099,600.0,4.9,1.0,cached,1979.9628183875072,5e-05,833,0.05214298578034979,znd_tp_profiles/znd_T0600.00_P04.90.npz,0.0,
1100,600.0,5.0,1.0,cached,1980.4409911212526,5e-05,954,0.052161522151823486,znd_tp_profiles/znd_T0600.00_P05.00.npz,0.0,
1101,614.2857142857142,0.1,1.0,ok,1870.7512791994498,5e-05,539,0.030409999258315567,znd_tp_profiles/znd_T0614.29_P00.10.npz,0.829872541995428,
1102,614.2857142857142,0.2,1.0,ok,1891.582487974816,5e-05,596,0.038173995083325404,znd_tp_profiles/znd_T0614.29_P00.20.npz,0.8328875420047552,
1103,614.2857142857142,0.30000000000000004,1.0,ok,1903.5385117670546,5e-05,615,0.042718438568282883,znd_tp_profiles/znd_T0614.29_P00.30.npz,0.8665554170001997,
1104,614.2857142857142,0.4,1.0,ok,1911.8994434091815,5e-05,630,0.045384445353540206,znd_tp_profiles/znd_T0614.29_P00.40.npz,0.9072222499962663,
1105,614.2857142857142,0.5,1.0,ok,1918.306832089065,5e-05,641,0.046982302362609266,znd_tp_profiles/znd_T0614.29_P00.50.npz,0.8926366660016356,
1106,614.2857142857142,0.6,1.0,ok,1923.487577886745,5e-05,648,0.047994602314299195,znd_tp_profiles/znd_T0614.29_P00.60.npz,0.859245292005653,
1107,614.2857142857142,0.7000000000000001,1.0,ok,1927.8273203872377,5e-05,653,0.04868087190369229,znd_tp_profiles/znd_T0614.29_P00.70.npz,0.8302804999984801,
1108,614.2857142857142,0.8,1.0,ok,1931.5551334046304,5e-05,659,0.04917536161278271,znd_tp_profiles/znd_T0614.29_P00.80.npz,0.8299925829996937,
1109,614.2857142857142,0.9,1.0,ok,1934.818130555755,5e-05,664,0.04954947380490566,znd_tp_profiles/znd_T0614.29_P00.90.npz,0.8781360420034616,
1110,614.2857142857142,1.0,1.0,ok,1937.716316591239,5e-05,667,0.04984349654578707,znd_tp_profiles/znd_T0614.29_P01.00.npz,0.8303320839986554,
1111,614.2857142857142,1.1,1.0,ok,1940.3207647233191,5e-05,669,0.05008167410141565,znd_tp_profiles/znd_T0614.29_P01.10.npz,0.8927614159983932,
1112,614.2857142857142,1.2000000000000002,1.0,ok,1942.683739427532,5e-05,673,0.05027936867683145,znd_tp_profiles/znd_T0614.29_P01.20.npz,0.909809958000551,
1113,614.2857142857142,1.3000000000000003,1.0,ok,1944.8448020027229,5e-05,675,0.05044675319342902,znd_tp_profiles/znd_T0614.29_P01.30.npz,0.8380266669992125,
1114,614.2857142857142,1.4000000000000001,1.0,ok,1946.8345983465379,5e-05,687,0.05059084100137582,znd_tp_profiles/znd_T0614.29_P01.40.npz,0.9492875409996486,
1115,614.2857142857142,1.5000000000000002,1.0,ok,1948.6740837171565,5e-05,700,0.05071727585806273,znd_tp_profiles/znd_T0614.29_P01.50.npz,0.8347182919969782,
1116,614.2857142857142,1.6,1.0,ok,1950.3889830852602,5e-05,702,0.050828467630027616,znd_tp_profiles/znd_T0614.29_P01.60.npz,0.8359835830051452,
1117,614.2857142857142,1.7000000000000002,1.0,ok,1951.992224710233,5e-05,720,0.05092770491805397,znd_tp_profiles/znd_T0614.29_P01.70.npz,1.0062068750048638,
1118,614.2857142857142,1.8000000000000003,1.0,ok,1953.4959734734107,5e-05,713,0.051017236867902674,znd_tp_profiles/znd_T0614.29_P01.80.npz,0.8367524999994203,
1119,614.2857142857142,1.9000000000000001,1.0,ok,1954.9138901356948,5e-05,770,0.051098150915812324,znd_tp_profiles/znd_T0614.29_P01.90.npz,0.8579367909987923,
1120,614.2857142857142,2.0,1.0,ok,1956.2525081831711,5e-05,783,0.05117224020074119,znd_tp_profiles/znd_T0614.29_P02.00.npz,0.8681429589996696,
1121,614.2857142857142,2.1,1.0,ok,1957.5196910213476,5e-05,751,0.05124051973636328,znd_tp_profiles/znd_T0614.29_P02.10.npz,0.8627719590003835,
1122,614.2857142857142,2.2,1.0,ok,1958.7249326463125,5e-05,735,0.05130325367369629,znd_tp_profiles/znd_T0614.29_P02.20.npz,0.8612087500005146,
1123,614.2857142857142,2.3000000000000003,1.0,ok,1959.8713209269615,5e-05,778,0.05136167285804034,znd_tp_profiles/znd_T0614.29_P02.30.npz,0.9201208330050576,
1124,614.2857142857142,2.4000000000000004,1.0,ok,1960.9648496917018,5e-05,793,0.05141614331962432,znd_tp_profiles/znd_T0614.29_P02.40.npz,0.8653286659973674,
1125,614.2857142857142,2.5000000000000004,1.0,ok,1962.0099780679743,5e-05,765,0.05146712654363276,znd_tp_profiles/znd_T0614.29_P02.50.npz,0.8801688750027097,
1126,614.2857142857142,2.6,1.0,ok,1963.0106074541402,5e-05,824,0.05151502068346555,znd_tp_profiles/znd_T0614.29_P02.60.npz,0.9052679590022308,
1127,614.2857142857142,2.7,1.0,ok,1963.9702085249953,5e-05,813,0.051560145718634556,znd_tp_profiles/znd_T0614.29_P02.70.npz,0.9097393749980256,
1128,614.2857142857142,2.8000000000000003,1.0,ok,1964.8918552984053,5e-05,721,0.05160278694842852,znd_tp_profiles/znd_T0614.29_P02.80.npz,0.8441032920018188,
1129,614.2857142857142,2.9000000000000004,1.0,ok,1965.7773546126605,5e-05,880,0.051643378023043335,znd_tp_profiles/znd_T0614.29_P02.90.npz,0.8975246670015622,
1130,614.2857142857142,3.0000000000000004,1.0,ok,1966.6320248981935,5e-05,819,0.05168154841705141,znd_tp_profiles/znd_T0614.29_P03.00.npz,0.8899401669987128,
1131,614.2857142857142,3.1,1.0,ok,1967.4552232978463,5e-05,750,0.051718069993364084,znd_tp_profiles/znd_T0614.29_P03.10.npz,0.9316716249959427,
1132,614.2857142857142,3.2,1.0,ok,1968.2499109494024,5e-05,805,0.051752902368459475,znd_tp_profiles/znd_T0614.29_P03.20.npz,0.9046450000023469,
1133,614.2857142857142,3.3000000000000003,1.0,ok,1969.0179079898694,5e-05,814,0.05178617993701957,znd_tp_profiles/znd_T0614.29_P03.30.npz,0.8813951249976526,
1134,614.2857142857142,3.4000000000000004,1.0,ok,1969.7608237402837,5e-05,911,0.05181805397443599,znd_tp_profiles/znd_T0614.29_P03.40.npz,0.8983665420018951,
1135,614.2857142857142,3.5000000000000004,1.0,ok,1970.4802074601334,5e-05,744,0.051848605894282015,znd_tp_profiles/znd_T0614.29_P03.50.npz,0.8642030409973813,
1136,614.2857142857142,3.6,1.0,ok,1971.177434666864,5e-05,822,0.05187794448506027,znd_tp_profiles/znd_T0614.29_P03.60.npz,0.8843767500002286,
1137,614.2857142857142,3.7,1.0,ok,1971.8537095308843,5e-05,793,0.051906171189915855,znd_tp_profiles/znd_T0614.29_P03.70.npz,0.8959503749938449,
1138,614.2857142857142,3.8000000000000003,1.0,ok,1972.5102415391905,5e-05,801,0.0519333428895503,znd_tp_profiles/znd_T0614.29_P03.80.npz,0.9133468340005493,
1139,614.2857142857142,3.9000000000000004,1.0,ok,1973.1480914089957,5e-05,830,0.051959539760295784,znd_tp_profiles/znd_T0614.29_P03.90.npz,0.8732600000003004,
1140,614.2857142857142,4.0,1.0,ok,1973.768194890871,5e-05,759,0.05198483412069807,znd_tp_profiles/znd_T0614.29_P04.00.npz,0.8819494580020546,
1141,614.2857142857142,4.1,1.0,ok,1974.3714946496814,5e-05,752,0.052009271592386046,znd_tp_profiles/znd_T0614.29_P04.10.npz,0.8405462910013739,
1142,614.2857142857142,4.2,1.0,ok,1974.9588385417917,5e-05,836,0.052032924517765054,znd_tp_profiles/znd_T0614.29_P04.20.npz,0.9564701670024078,
1143,614.2857142857142,4.3,1.0,ok,1975.529981724927,5e-05,790,0.05205602281933315,znd_tp_profiles/znd_T0614.29_P04.30.npz,0.877531917001761,
1144,614.2857142857142,4.3999999999999995,1.0,ok,1976.08868517419,5e-05,770,0.05207800286029883,znd_tp_profiles/znd_T0614.29_P04.40.npz,0.8549225419992581,
1145,614.2857142857142,4.5,1.0,ok,1976.6325603945713,5e-05,971,0.0520995184099024,znd_tp_profiles/znd_T0614.29_P04.50.npz,0.943037999997614,
1146,614.2857142857142,4.6,1.0,ok,1977.1632920820264,5e-05,832,0.052120421122415495,znd_tp_profiles/znd_T0614.29_P04.60.npz,0.9020816250049393,
1147,614.2857142857142,4.7,1.0,ok,1977.6814484989702,5e-05,734,0.05214073263433928,znd_tp_profiles/znd_T0614.29_P04.70.npz,0.8487812920066062,
1148,614.2857142857142,4.8,1.0,ok,1978.1875841785243,5e-05,751,0.05216047825185152,znd_tp_profiles/znd_T0614.29_P04.80.npz,0.8441979170020204,
1149,614.2857142857142,4.9,1.0,ok,1978.6822106614873,5e-05,820,0.0521796786246992,znd_tp_profiles/znd_T0614.29_P04.90.npz,0.8740106660043239,
1150,614.2857142857142,5.0,1.0,ok,1979.1658163986867,5e-05,806,0.05219837917783747,znd_tp_profiles/znd_T0614.29_P05.00.npz,0.8703971249997267,
1151,628.5714285714287,0.1,1.0,ok,1868.5363062182998,5e-05,536,0.030306851945052105,znd_tp_profiles/znd_T0628.57_P00.10.npz,0.8372203750041081,
1152,628.5714285714287,0.2,1.0,ok,1889.5135695491008,5e-05,596,0.03801960495503634,znd_tp_profiles/znd_T0628.57_P00.20.npz,0.8273842499984312,
1153,628.5714285714287,0.30000000000000004,1.0,ok,1901.5593450830625,5e-05,616,0.04258794474044424,znd_tp_profiles/znd_T0628.57_P00.30.npz,0.8831392919964856,
1154,628.5714285714287,0.4,1.0,ok,1909.9858669119117,5e-05,630,0.04529340604070458,znd_tp_profiles/znd_T0628.57_P00.40.npz,0.8144928340043407,
1155,628.5714285714287,0.5,1.0,ok,1916.4452152517888,5e-05,640,0.046924309107623706,znd_tp_profiles/znd_T0628.57_P00.50.npz,0.8492419579997659,
1156,628.5714285714287,0.6,1.0,ok,1921.6690983730855,5e-05,647,0.04795966062278194,znd_tp_profiles/znd_T0628.57_P00.60.npz,0.819477042001381,
1157,628.5714285714287,0.7000000000000001,1.0,ok,1926.0448967491673,5e-05,653,0.0486615837552849,znd_tp_profiles/znd_T0628.57_P00.70.npz,0.8264226669998607,
1158,628.5714285714287,0.8,1.0,ok,1929.8059678768034,5e-05,657,0.04916664235868335,znd_tp_profiles/znd_T0628.57_P00.80.npz,0.8233686669991584,
1159,628.5714285714287,0.9,1.0,ok,1933.0977590704836,5e-05,663,0.04954844587653597,znd_tp_profiles/znd_T0628.57_P00.90.npz,0.82138429099723,
1160,628.5714285714287,1.0,1.0,ok,1936.0219200071779,5e-05,667,0.049848222998036915,znd_tp_profiles/znd_T0628.57_P01.00.npz,0.8501275000016904,
1161,628.5714285714287,1.1,1.0,ok,1938.650013973772,5e-05,671,0.05009083390002032,znd_tp_profiles/znd_T0628.57_P01.10.npz,0.8531443340034457,
1162,628.5714285714287,1.2000000000000002,1.0,ok,1941.034713029631,5e-05,672,0.05029203001171815,znd_tp_profiles/znd_T0628.57_P01.20.npz,0.846228374997736,
1163,628.5714285714287,1.3000000000000003,1.0,ok,1943.2158891386825,5e-05,675,0.05046225266743235,znd_tp_profiles/znd_T0628.57_P01.30.npz,0.8215060419970541,
1164,628.5714285714287,1.4000000000000001,1.0,ok,1945.2211371279013,5e-05,678,0.050609315944724745,znd_tp_profiles/znd_T0628.57_P01.40.npz,0.8849137910001446,
1165,628.5714285714287,1.5000000000000002,1.0,ok,1947.0811284792567,5e-05,689,0.05073712517050703,znd_tp_profiles/znd_T0628.57_P01.50.npz,0.8278099579983973,
1166,628.5714285714287,1.6,1.0,ok,1948.8124703655228,5e-05,710,0.05084997443377882,znd_tp_profiles/znd_T0628.57_P01.60.npz,0.8347240839939332,
1167,628.5714285714287,1.7000000000000002,1.0,ok,1950.431167859402,5e-05,727,0.05095064304592592,znd_tp_profiles/znd_T0628.57_P01.70.npz,0.871184292001999,
1168,628.5714285714287,1.8000000000000003,1.0,ok,1951.9504441029085,5e-05,736,0.05104125778784457,znd_tp_profiles/znd_T0628.57_P01.80.npz,0.8811687909983448,
1169,628.5714285714287,1.9000000000000001,1.0,ok,1953.381342946618,5e-05,752,0.051123441065382406,znd_tp_profiles/znd_T0628.57_P01.90.npz,0.881856333995529,
1170,628.5714285714287,2.0,1.0,ok,1954.7331717501038,5e-05,772,0.051198498966552215,znd_tp_profiles/znd_T0628.57_P02.00.npz,0.8606603340012953,
1171,628.5714285714287,2.1,1.0,ok,1956.0128619773607,5e-05,726,0.051267663757459135,znd_tp_profiles/znd_T0628.57_P02.10.npz,0.8375914169955649,
1172,628.5714285714287,2.2,1.0,ok,1957.2302555868373,5e-05,702,0.05133115166894049,znd_tp_profiles/znd_T0628.57_P02.20.npz,0.8354658750031376,
1173,628.5714285714287,2.3000000000000003,1.0,ok,1958.3871408963585,5e-05,730,0.05139048666970437,znd_tp_profiles/znd_T0628.57_P02.30.npz,0.8415928749964223,
1174,628.5714285714287,2.4000000000000004,1.0,ok,1959.492762879445,5e-05,762,0.051445398043261405,znd_tp_profiles/znd_T0628.57_P02.40.npz,0.8901819589955267,
1175,628.5714285714287,2.5000000000000004,1.0,ok,1960.5485391205882,5e-05,776,0.05149696519912454,znd_tp_profiles/znd_T0628.57_P02.50.npz,0.8587401249969844,
1176,628.5714285714287,2.6,1.0,ok,1961.5583569995842,5e-05,716,0.05154560402842971,znd_tp_profiles/znd_T0628.57_P02.60.npz,0.8439449159996002,
1177,628.5714285714287,2.7,1.0,ok,1962.528880257794,5e-05,1259,0.05159101339828618,znd_tp_profiles/znd_T0628.57_P02.70.npz,1.0279992919968208,
1178,628.5714285714287,2.8000000000000003,1.0,ok,1963.46005913512,5e-05,790,0.05163411364809179,znd_tp_profiles/znd_T0628.57_P02.80.npz,0.8716488749996643,
1179,628.5714285714287,2.9000000000000004,1.0,ok,1964.355699972972,5e-05,777,0.05167493714081186,znd_tp_profiles/znd_T0628.57_P02.90.npz,0.9124710000032792,
1180,628.5714285714287,3.0000000000000004,1.0,ok,1965.2183253079904,5e-05,784,0.051713710124449114,znd_tp_profiles/znd_T0628.57_P03.00.npz,0.8976084999958402,
1181,628.5714285714287,3.1,1.0,ok,1966.0501179781397,5e-05,789,0.05175061104587557,znd_tp_profiles/znd_T0628.57_P03.10.npz,0.8673264159951941,
1182,628.5714285714287,3.2,1.0,ok,1966.853203650689,5e-05,771,0.05178578422056525,znd_tp_profiles/znd_T0628.57_P03.20.npz,0.8723154580002301,
1183,628.5714285714287,3.3000000000000003,1.0,ok,1967.6293090163354,5e-05,725,0.05181940788110097,znd_tp_profiles/znd_T0628.57_P03.30.npz,0.8402495830014232,
1184,628.5714285714287,3.4000000000000004,1.0,ok,1968.3801266746862,5e-05,788,0.051851586963979755,znd_tp_profiles/znd_T0628.57_P03.40.npz,0.8986280840035761,
1185,628.5714285714287,3.5000000000000004,1.0,ok,1969.1071792078278,5e-05,753,0.051882434050599474,znd_tp_profiles/znd_T0628.57_P03.50.npz,0.8796463329999824,
1186,628.5714285714287,3.6,1.0,ok,1969.8118646895027,5e-05,775,0.0519120576541093,znd_tp_profiles/znd_T0628.57_P03.60.npz,0.8632939999952214,
1187,628.5714285714287,3.7,1.0,ok,1970.4954196719102,5e-05,831,0.05194054493628331,znd_tp_profiles/znd_T0628.57_P03.70.npz,0.8724867080018157,
1188,628.5714285714287,3.8000000000000003,1.0,ok,1971.1590109205047,5e-05,853,0.05196797437727232,znd_tp_profiles/znd_T0628.57_P03.80.npz,0.9203853329963749,
1189,628.5714285714287,3.9000000000000004,1.0,ok,1971.8037376463815,5e-05,824,0.05199442038915643,znd_tp_profiles/znd_T0628.57_P03.90.npz,0.8955797079979675,
1190,628.5714285714287,4.0,1.0,ok,1972.4305882760966,5e-05,843,0.052019944360527294,znd_tp_profiles/znd_T0628.57_P04.00.npz,0.9833278750011232,
1191,628.5714285714287,4.1,1.0,ok,1973.0404194207429,5e-05,799,0.052044622319150954,znd_tp_profiles/znd_T0628.57_P04.10.npz,0.8591148749983404,
1192,628.5714285714287,4.2,1.0,ok,1973.6342196943006,5e-05,835,0.05206848217647857,znd_tp_profiles/znd_T0628.57_P04.20.npz,0.8799309159949189,
1193,628.5714285714287,4.3,1.0,ok,1974.2126387676228,5e-05,774,0.05209156648272304,znd_tp_profiles/znd_T0628.57_P04.30.npz,0.8932412499998463,
1194,628.5714285714287,4.3999999999999995,1.0,ok,1974.7764524730665,5e-05,866,0.05211395782330053,znd_tp_profiles/znd_T0628.57_P04.40.npz,0.9288814579995233,
1195,628.5714285714287,4.5,1.0,ok,1975.3262916332965,5e-05,731,0.052135681888202376,znd_tp_profiles/znd_T0628.57_P04.50.npz,0.833098458002496,
1196,628.5714285714287,4.6,1.0,ok,1975.8629221388499,5e-05,764,0.05215677034991026,znd_tp_profiles/znd_T0628.57_P04.60.npz,0.8543885000035516,
1197,628.5714285714287,4.7,1.0,ok,1976.3868464272562,5e-05,742,0.052177247596201515,znd_tp_profiles/znd_T0628.57_P04.70.npz,0.8498157499998342,
1198,628.5714285714287,4.8,1.0,ok,1976.898633137698,5e-05,806,0.05219715238760381,znd_tp_profiles/znd_T0628.57_P04.80.npz,0.8675006249977741,
1199,628.5714285714287,4.9,1.0,ok,1977.3987598819178,5e-05,825,0.05221652977438365,znd_tp_profiles/znd_T0628.57_P04.90.npz,0.8741924580026534,
1200,628.5714285714287,5.0,1.0,ok,1977.886655322441,5e-05,822,0.05223562215451727,znd_tp_profiles/znd_T0628.57_P05.00.npz,0.87871612500021,
1201,642.8571428571429,0.1,1.0,ok,1866.3213701870975,5e-05,536,0.030211004860435802,znd_tp_profiles/znd_T0642.86_P00.10.npz,0.8237390409994987,
1202,642.8571428571429,0.2,1.0,ok,1887.4434619709225,5e-05,594,0.03787030383099807,znd_tp_profiles/znd_T0642.86_P00.20.npz,0.8154020420042798,
1203,642.8571428571429,0.30000000000000004,1.0,ok,1899.5796235984096,5e-05,617,0.04245995004626398,znd_tp_profiles/znd_T0642.86_P00.30.npz,0.8133293749997392,
1204,642.8571428571429,0.4,1.0,ok,1908.071524588496,5e-05,629,0.04520322400317457,znd_tp_profiles/znd_T0642.86_P00.40.npz,0.855733374999545,
1205,642.8571428571429,0.5,1.0,ok,1914.582673848732,5e-05,641,0.0468665938517212,znd_tp_profiles/znd_T0642.86_P00.50.npz,0.8209824580044369,
1206,642.8571428571429,0.6,1.0,ok,1919.8495663913548,5e-05,647,0.04792487646072736,znd_tp_profiles/znd_T0642.86_P00.60.npz,0.822952249996888,
1207,642.8571428571429,0.7000000000000001,1.0,ok,1924.263086738571,5e-05,652,0.04864219634341589,znd_tp_profiles/znd_T0642.86_P00.70.npz,0.8325666249947972,
1208,642.8571428571429,0.8,1.0,ok,1928.0555058048649,5e-05,657,0.04915811650083678,znd_tp_profiles/znd_T0642.86_P00.80.npz,0.8552211669957615,
1209,642.8571428571429,0.9,1.0,ok,1931.3760203544716,5e-05,664,0.04954763142338631,znd_tp_profiles/znd_T0642.86_P00.90.npz,0.8263486669966369,
1210,642.8571428571429,1.0,1.0,ok,1934.3260332194993,5e-05,667,0.04985317898085561,znd_tp_profiles/znd_T0642.86_P01.00.npz,0.834006542005227,
1211,642.8571428571429,1.1,1.0,ok,1936.9776995267528,5e-05,670,0.050100234341185275,znd_tp_profiles/znd_T0642.86_P01.10.npz,0.8225684170029126,
1212,642.8571428571429,1.2000000000000002,1.0,ok,1939.3840523242122,5e-05,673,0.05030493083523215,znd_tp_profiles/znd_T0642.86_P01.20.npz,0.8656406669979333,
1213,642.8571428571429,1.3000000000000003,1.0,ok,1941.5852266574964,5e-05,674,0.05047799885037466,znd_tp_profiles/znd_T0642.86_P01.30.npz,0.8233624169952236,
1214,642.8571428571429,1.4000000000000001,1.0,ok,1943.6089527887766,5e-05,683,0.05062742680447475,znd_tp_profiles/znd_T0642.86_P01.40.npz,0.8609020840012818,
1215,642.8571428571429,1.5000000000000002,1.0,ok,1945.4852672406505,5e-05,692,0.05075741099951979,znd_tp_profiles/znd_T0642.86_P01.50.npz,0.8659180410031695,
1216,642.8571428571429,1.6,1.0,ok,1947.2329526747535,5e-05,709,0.050871935822957036,znd_tp_profiles/znd_T0642.86_P01.60.npz,0.83715658300207,
1217,642.8571428571429,1.7000000000000002,1.0,ok,1948.8670670631757,5e-05,717,0.05097404097392978,znd_tp_profiles/znd_T0642.86_P01.70.npz,0.837881291998201,
1218,642.8571428571429,1.8000000000000003,1.0,ok,1950.4020139738318,5e-05,738,0.05106568676206977,znd_tp_profiles/znd_T0642.86_P01.80.npz,0.8610644999935175,
1219,642.8571428571429,1.9000000000000001,1.0,ok,1951.8467523897198,5e-05,724,0.051148963098951436,znd_tp_profiles/znd_T0642.86_P01.90.npz,0.8516030839964515,
1220,642.8571428571429,2.0,1.0,ok,1953.2117720386168,5e-05,749,0.05122498010089869,znd_tp_profiles/znd_T0642.86_P02.00.npz,0.8499271660039085,
1221,642.8571428571429,2.1,1.0,ok,1954.5050046776903,5e-05,821,0.05129481786358183,znd_tp_profiles/znd_T0642.86_P02.10.npz,0.8707917499996256,
1222,642.8571428571429,2.2,1.0,ok,1955.732265227605,5e-05,746,0.051359513712250435,znd_tp_profiles/znd_T0642.86_P02.20.npz,0.8490884999991977,
1223,642.8571428571429,2.3000000000000003,1.0,ok,1956.9027990732557,5e-05,714,0.05141911724094288,znd_tp_profiles/znd_T0642.86_P02.30.npz,0.927385333001439,
1224,642.8571428571429,2.4000000000000004,1.0,ok,1958.0184305684204,5e-05,782,0.0514748694264112,znd_tp_profiles/znd_T0642.86_P02.40.npz,1.1136235410012887,
1225,642.8571428571429,2.5000000000000004,1.0,ok,1959.0847915612565,5e-05,779,0.05152701605766861,znd_tp_profiles/znd_T0642.86_P02.50.npz,0.8747128329996485,
1226,642.8571428571429,2.6,1.0,ok,1960.1058630423142,5e-05,767,0.051575985213445016,znd_tp_profiles/znd_T0642.86_P02.60.npz,0.870781249999709,
1227,642.8571428571429,2.7,1.0,ok,1961.0840399509325,5e-05,762,0.05162232064599392,znd_tp_profiles/znd_T0642.86_P02.70.npz,0.8544622499975958,
1228,642.8571428571429,2.8000000000000003,1.0,ok,1962.0258556498286,5e-05,771,0.05166565216831015,znd_tp_profiles/znd_T0642.86_P02.80.npz,0.9552563749966794,
1229,642.8571428571429,2.9000000000000004,1.0,ok,1962.9306935478617,5e-05,709,0.05170689982197405,znd_tp_profiles/znd_T0642.86_P02.90.npz,0.8392190000013215,
1230,642.8571428571429,3.0000000000000004,1.0,ok,1963.802197333443,5e-05,731,0.05174606516447459,znd_tp_profiles/znd_T0642.86_P03.00.npz,0.8530610829984653,
1231,642.8571428571429,3.1,1.0,ok,1964.6426450731863,5e-05,736,0.05178333003765244,znd_tp_profiles/znd_T0642.86_P03.10.npz,0.8587005000008503,
1232,642.8571428571429,3.2,1.0,ok,1965.4540190736745,5e-05,759,0.05181887616917235,znd_tp_profiles/znd_T0642.86_P03.20.npz,0.8738264170024195,
1233,642.8571428571429,3.3000000000000003,1.0,ok,1966.238216603375,5e-05,739,0.05185283623869069,znd_tp_profiles/znd_T0642.86_P03.30.npz,0.842323333999957,
1234,642.8571428571429,3.4000000000000004,1.0,ok,1966.9969002076805,5e-05,743,0.05188531696250422,znd_tp_profiles/znd_T0642.86_P03.40.npz,0.8578960840022773,
1235,642.8571428571429,3.5000000000000004,1.0,ok,1967.731590534441,5e-05,796,0.05191646518014908,znd_tp_profiles/znd_T0642.86_P03.50.npz,0.8705281670045224,
1236,642.8571428571429,3.6,1.0,ok,1968.4437009285532,5e-05,792,0.051946366977408204,znd_tp_profiles/znd_T0642.86_P03.60.npz,0.910404499998549,
1237,642.8571428571429,3.7,1.0,ok,1969.1344941619584,5e-05,781,0.05197511929876689,znd_tp_profiles/znd_T0642.86_P03.70.npz,0.8635720000020228,
1238,642.8571428571429,3.8000000000000003,1.0,ok,1969.8051517567503,5e-05,828,0.05200280802978176,znd_tp_profiles/znd_T0642.86_P03.80.npz,0.8761772910002037,
1239,642.8571428571429,3.9000000000000004,1.0,ok,1970.4567651339382,5e-05,739,0.05202948281554686,znd_tp_profiles/znd_T0642.86_P03.90.npz,0.892094458999054,
1240,642.8571428571429,4.0,1.0,ok,1971.0903228023644,5e-05,802,0.052055248149134134,znd_tp_profiles/znd_T0642.86_P04.00.npz,0.8915864169975976,
1241,642.8571428571429,4.1,1.0,ok,1971.7067507549946,5e-05,851,0.052080129668961805,znd_tp_profiles/znd_T0642.86_P04.10.npz,0.8805012500015437,
1242,642.8571428571429,4.2,1.0,ok,1972.3069017343707,5e-05,804,0.05210420378179841,znd_tp_profiles/znd_T0642.86_P04.20.npz,0.8970966250053607,
1243,642.8571428571429,4.3,1.0,ok,1972.8903744537847,5e-05,838,0.05212775113982432,znd_tp_profiles/znd_T0642.86_P04.30.npz,0.8902729580004234,
1244,642.8571428571429,4.3999999999999995,1.0,ok,1973.4614954586864,5e-05,725,0.05215009157382525,znd_tp_profiles/znd_T0642.86_P04.40.npz,0.833375750000414,
1245,642.8571428571429,4.5,1.0,ok,1974.0173709604255,5e-05,752,0.05217199822327575,znd_tp_profiles/znd_T0642.86_P04.50.npz,0.853413584001828,
1246,642.8571428571429,4.6,1.0,ok,1974.5598240710137,5e-05,734,0.05219326831741664,znd_tp_profiles/znd_T0642.86_P04.60.npz,0.9425199589968543,
1247,642.8571428571429,4.7,1.0,ok,1975.0894787205764,5e-05,864,0.052213923017911834,znd_tp_profiles/znd_T0642.86_P04.70.npz,0.8863660829956643,
1248,642.8571428571429,4.8,1.0,ok,1975.6068399155542,5e-05,860,0.0522340169112205,znd_tp_profiles/znd_T0642.86_P04.80.npz,0.9983030840012361,
1249,642.8571428571429,4.9,1.0,ok,1976.112487570626,5e-05,809,0.05225355685426094,znd_tp_profiles/znd_T0642.86_P04.90.npz,0.8917763749996084,
1250,642.8571428571429,5.0,1.0,ok,1976.6068940529067,5e-05,828,0.052272580626571474,znd_tp_profiles/znd_T0642.86_P05.00.npz,0.9833040830053505,
1251,657.1428571428571,0.1,1.0,ok,1864.1062047833411,5e-05,537,0.03012225512335856,znd_tp_profiles/znd_T0657.14_P00.10.npz,0.8398690419999184,
1252,657.1428571428571,0.2,1.0,ok,1885.3746293851661,5e-05,594,0.0377260166026629,znd_tp_profiles/znd_T0657.14_P00.20.npz,0.8781233750050887,
1253,657.1428571428571,0.30000000000000004,1.0,ok,1897.5991786797595,5e-05,616,0.04233442824524421,znd_tp_profiles/znd_T0657.14_P00.30.npz,0.8300901670008898,
1254,657.1428571428571,0.4,1.0,ok,1906.1562896047658,5e-05,631,0.04511395308739536,znd_tp_profiles/znd_T0657.14_P00.40.npz,0.8683926669982611,
1255,657.1428571428571,0.5,1.0,ok,1912.7191006539028,5e-05,640,0.0468091868171244,znd_tp_profiles/znd_T0657.14_P00.50.npz,0.8318404590027058,
1256,657.1428571428571,0.6,1.0,ok,1918.0288424408513,5e-05,647,0.04789027254351371,znd_tp_profiles/znd_T0657.14_P00.60.npz,0.8259837500008871,
1257,657.1428571428571,0.7000000000000001,1.0,ok,1922.4790843754379,5e-05,649,0.04862310426580156,znd_tp_profiles/znd_T0657.14_P00.70.npz,0.8405399580005906,
1258,657.1428571428571,0.8,1.0,ok,1926.3036548265925,5e-05,657,0.04914978458699704,znd_tp_profiles/znd_T0657.14_P00.80.npz,0.8228263330020127,
1259,657.1428571428571,0.9,1.0,ok,1929.652763789292,5e-05,663,0.04954703888945638,znd_tp_profiles/znd_T0657.14_P00.90.npz,0.8523724159967969,
1260,657.1428571428571,1.0,1.0,ok,1932.6285944738436,5e-05,667,0.04985835235328176,znd_tp_profiles/znd_T0657.14_P01.00.npz,0.8701102499981062,
1261,657.1428571428571,1.1,1.0,ok,1935.3037576088857,5e-05,670,0.050109855229673754,znd_tp_profiles/znd_T0657.14_P01.10.npz,0.8578304999973625,
1262,657.1428571428571,1.2000000000000002,1.0,ok,1937.7316856632058,5e-05,671,0.05031807856201346,znd_tp_profiles/znd_T0657.14_P01.20.npz,0.8816018340003211,
1263,657.1428571428571,1.3000000000000003,1.0,ok,1939.9495428406767,5e-05,675,0.050494595402584525,znd_tp_profiles/znd_T0657.14_P01.30.npz,0.8597871669990127,
1264,657.1428571428571,1.4000000000000001,1.0,ok,1941.9949207991592,5e-05,676,0.05064579252449618,znd_tp_profiles/znd_T0657.14_P01.40.npz,0.8373648330016294,
1265,657.1428571428571,1.5000000000000002,1.0,ok,1943.8896690288116,5e-05,685,0.05077752268473576,znd_tp_profiles/znd_T0657.14_P01.50.npz,0.8333839159968193,
1266,657.1428571428571,1.6,1.0,ok,1945.6536705929918,5e-05,710,0.05089371237674384,znd_tp_profiles/znd_T0657.14_P01.60.npz,0.8480636669992236,
1267,657.1428571428571,1.7000000000000002,1.0,ok,1947.3031593659089,5e-05,723,0.05099724688689819,znd_tp_profiles/znd_T0657.14_P01.70.npz,0.9499357919994509,
1268,657.1428571428571,1.8000000000000003,1.0,ok,1948.851565886663,5e-05,715,0.051090341502221956,znd_tp_profiles/znd_T0657.14_P01.80.npz,0.8495485419989564,
1269,657.1428571428571,1.9000000000000001,1.0,ok,1950.3100987268137,5e-05,773,0.05117471609540544,znd_tp_profiles/znd_T0657.14_P01.90.npz,1.129140875003941,
1270,657.1428571428571,2.0,1.0,ok,1951.6882414872068,5e-05,710,0.05125169756151474,znd_tp_profiles/znd_T0657.14_P02.00.npz,0.8394780829985393,
1271,657.1428571428571,2.1,1.0,ok,1952.9939930623166,5e-05,722,0.05132239858321867,znd_tp_profiles/znd_T0657.14_P02.10.npz,0.8614400830047089,
1272,657.1428571428571,2.2,1.0,ok,1954.2343357086222,5e-05,769,0.05138764491973837,znd_tp_profiles/znd_T0657.14_P02.20.npz,0.8918331250024494,
1273,657.1428571428571,2.3000000000000003,1.0,ok,1955.415214420559,5e-05,759,0.05144817268815268,znd_tp_profiles/znd_T0657.14_P02.30.npz,0.8673435829987284,
1274,657.1428571428571,2.4000000000000004,1.0,ok,1956.5418437883884,5e-05,806,0.0515045529886456,znd_tp_profiles/znd_T0657.14_P02.40.npz,0.9529151249953429,
1275,657.1428571428571,2.5000000000000004,1.0,ok,1957.6187951773684,5e-05,782,0.05155727926757884,znd_tp_profiles/znd_T0657.14_P02.50.npz,0.890077583004313,
1276,657.1428571428571,2.6,1.0,ok,1958.6487907590365,5e-05,739,0.05160703099143662,znd_tp_profiles/znd_T0657.14_P02.60.npz,0.8445220409994363,
1277,657.1428571428571,2.7,1.0,ok,1959.6391488510246,5e-05,758,0.05165338509359967,znd_tp_profiles/znd_T0657.14_P02.70.npz,0.9906869999977062,
1278,657.1428571428571,2.8000000000000003,1.0,ok,1960.5892954120295,5e-05,830,0.051697399429408264,znd_tp_profiles/znd_T0657.14_P02.80.npz,0.976870250000502,
1279,657.1428571428571,2.9000000000000004,1.0,ok,1961.5033023643814,5e-05,814,0.051739076451914084,znd_tp_profiles/znd_T0657.14_P02.90.npz,0.8827735419981764,
1280,657.1428571428571,3.0000000000000004,1.0,ok,1962.3836479600768,5e-05,784,0.051778647136564146,znd_tp_profiles/znd_T0657.14_P03.00.npz,0.8826774170011049,
1281,657.1428571428571,3.1,1.0,ok,1963.2326557919985,5e-05,749,0.05181628368701095,znd_tp_profiles/znd_T0657.14_P03.10.npz,0.8970549160003429,
1282,657.1428571428571,3.2,1.0,ok,1964.051096723004,5e-05,776,0.05185242324762407,znd_tp_profiles/znd_T0657.14_P03.20.npz,0.8565711670016753,
1283,657.1428571428571,3.3000000000000003,1.0,ok,1964.8446319913203,5e-05,753,0.051886442780371966,znd_tp_profiles/znd_T0657.14_P03.30.npz,0.8566749169985997,
1284,657.1428571428571,3.4000000000000004,1.0,ok,1965.611153160024,5e-05,825,0.051919248402103095,znd_tp_profiles/znd_T0657.14_P03.40.npz,0.8982324159951531,
1285,657.1428571428571,3.5000000000000004,1.0,ok,1966.3534722345273,5e-05,735,0.05195068478536244,znd_tp_profiles/znd_T0657.14_P03.50.npz,0.9457904590017279,
1286,657.1428571428571,3.6,1.0,ok,1967.0729935815734,5e-05,822,0.05198086837506087,znd_tp_profiles/znd_T0657.14_P03.60.npz,0.9536588330011,
1287,657.1428571428571,3.7,1.0,ok,1967.7710072498774,5e-05,834,0.05200989439824994,znd_tp_profiles/znd_T0657.14_P03.70.npz,1.1255142919981154,
1288,657.1428571428571,3.8000000000000003,1.0,ok,1968.4487031301428,5e-05,1002,0.05203781761557475,znd_tp_profiles/znd_T0657.14_P03.80.npz,1.016783541002951,
1289,657.1428571428571,3.9000000000000004,1.0,ok,1969.1071908234612,5e-05,744,0.05206473945423137,znd_tp_profiles/znd_T0657.14_P03.90.npz,0.8439168330005486,
1290,657.1428571428571,4.0,1.0,ok,1969.7474216843866,5e-05,843,0.05209072876368891,znd_tp_profiles/znd_T0657.14_P04.00.npz,0.8988985409960151,
1291,657.1428571428571,4.1,1.0,ok,1970.370376768094,5e-05,746,0.05211584552237671,znd_tp_profiles/znd_T0657.14_P04.10.npz,0.8431287920029717,
1292,657.1428571428571,4.2,1.0,ok,1970.976914973046,5e-05,812,0.05214011888809374,znd_tp_profiles/znd_T0657.14_P04.20.npz,0.8908551249987795,
1293,657.1428571428571,4.3,1.0,ok,1971.567820587709,5e-05,810,0.052163629904725284,znd_tp_profiles/znd_T0657.14_P04.30.npz,0.869235165999271,
1294,657.1428571428571,4.3999999999999995,1.0,ok,1972.1438444762339,5e-05,729,0.05218641057494613,znd_tp_profiles/znd_T0657.14_P04.40.npz,0.9015958330055582,
1295,657.1428571428571,4.5,1.0,ok,1972.7056776104587,5e-05,825,0.05220850234403783,znd_tp_profiles/znd_T0657.14_P04.50.npz,0.9518922499992186,
1296,657.1428571428571,4.6,1.0,ok,1973.253971117473,5e-05,762,0.05222994874051502,znd_tp_profiles/znd_T0657.14_P04.60.npz,0.9427158340040478,
1297,657.1428571428571,4.7,1.0,ok,1973.7893234640133,5e-05,803,0.05225078272517925,znd_tp_profiles/znd_T0657.14_P04.70.npz,0.8890614589981851,
1298,657.1428571428571,4.8,1.0,ok,1974.3123034416637,5e-05,808,0.052271049940962946,znd_tp_profiles/znd_T0657.14_P04.80.npz,0.9454765830014367,
1299,657.1428571428571,4.9,1.0,ok,1974.8221134419632,5e-05,738,0.05229102597251306,znd_tp_profiles/znd_T0657.14_P04.90.npz,0.8383599170047091,
1300,657.1428571428571,5.0,1.0,ok,1975.3232198592927,5e-05,839,0.052309939252409815,znd_tp_profiles/znd_T0657.14_P05.00.npz,0.8967952079983661,
1301,671.4285714285714,0.1,1.0,ok,1861.8905588836874,5e-05,537,0.03004033876430577,znd_tp_profiles/znd_T0671.43_P00.10.npz,0.8182067499947152,
1302,671.4285714285714,0.2,1.0,ok,1883.3041891427913,5e-05,593,0.03758662992106373,znd_tp_profiles/znd_T0671.43_P00.20.npz,0.8205657500002417,
1303,671.4285714285714,0.30000000000000004,1.0,ok,1895.617833822526,5e-05,615,0.04221140898380235,znd_tp_profiles/znd_T0671.43_P00.30.npz,0.8351848340025754,
1304,671.4285714285714,0.4,1.0,ok,1904.239999798877,5e-05,627,0.04502563864419357,znd_tp_profiles/znd_T0671.43_P00.40.npz,0.8572806669981219,
1305,671.4285714285714,0.5,1.0,ok,1910.85432287865,5e-05,640,0.04675211896110715,znd_tp_profiles/znd_T0671.43_P00.50.npz,0.8345207910024328,
1306,671.4285714285714,0.6,1.0,ok,1916.206828415968,5e-05,646,0.0478558579473733,znd_tp_profiles/znd_T0671.43_P00.60.npz,0.9501357909975923,
1307,671.4285714285714,0.7000000000000001,1.0,ok,1920.692476035209,5e-05,649,0.04860439429492578,znd_tp_profiles/znd_T0671.43_P00.70.npz,0.845961332997831,
1308,671.4285714285714,0.8,1.0,ok,1924.5503274437415,5e-05,656,0.04914165026724998,znd_tp_profiles/znd_T0671.43_P00.80.npz,0.8181084169991664,
1309,671.4285714285714,0.9,1.0,ok,1927.926718799641,5e-05,662,0.04954686929934689,znd_tp_profiles/znd_T0671.43_P00.90.npz,0.8207942090011784,
1310,671.4285714285714,1.0,1.0,ok,1930.929511388871,5e-05,663,0.049863753896709676,znd_tp_profiles/znd_T0671.43_P01.00.npz,0.858571042001131,
1311,671.4285714285714,1.1,1.0,ok,1933.6281021637221,5e-05,667,0.05011969724888256,znd_tp_profiles/znd_T0671.43_P01.10.npz,0.8257353750013863,
1312,671.4285714285714,1.2000000000000002,1.0,ok,1936.0775557596544,5e-05,670,0.0503314500672227,znd_tp_profiles/znd_T0671.43_P01.20.npz,0.8416612910004915,
1313,671.4285714285714,1.3000000000000003,1.0,ok,1938.315145196643,5e-05,674,0.05051084048375615,znd_tp_profiles/znd_T0671.43_P01.30.npz,0.877206583005318,
1314,671.4285714285714,1.4000000000000001,1.0,ok,1940.379043974594,5e-05,677,0.05066437816714016,znd_tp_profiles/znd_T0671.43_P01.40.npz,0.8422030410001753,
1315,671.4285714285714,1.5000000000000002,1.0,ok,1942.2910928017125,5e-05,681,0.050798075286226645,znd_tp_profiles/znd_T0671.43_P01.50.npz,0.9548919999942882,
1316,671.4285714285714,1.6,1.0,ok,1944.0713390495937,5e-05,710,0.05091592532868281,znd_tp_profiles/znd_T0671.43_P01.60.npz,0.8364622500012047,
1317,671.4285714285714,1.7000000000000002,1.0,ok,1945.7361697094761,5e-05,732,0.0510208912260609,znd_tp_profiles/znd_T0671.43_P01.70.npz,0.8444887079967884,
1318,671.4285714285714,1.8000000000000003,1.0,ok,1947.2989953972726,5e-05,728,0.051115246398994896,znd_tp_profiles/znd_T0671.43_P01.80.npz,0.8406639579989132,
1319,671.4285714285714,1.9000000000000001,1.0,ok,1948.7713487694525,5e-05,734,0.05120069971894497,znd_tp_profiles/znd_T0671.43_P01.90.npz,0.8552033749947441,
1320,671.4285714285714,2.0,1.0,ok,1950.1612432160696,5e-05,758,0.05127892206355309,znd_tp_profiles/znd_T0671.43_P02.00.npz,0.8497988329982036,
1321,671.4285714285714,2.1,1.0,ok,1951.480818690958,5e-05,763,0.05135020945035866,znd_tp_profiles/znd_T0671.43_P02.10.npz,0.9971378330010339,
1322,671.4285714285714,2.2,1.0,ok,1952.7330912944294,5e-05,755,0.05141621783908415,znd_tp_profiles/znd_T0671.43_P02.20.npz,0.9084892909959308,
1323,671.4285714285714,2.3000000000000003,1.0,ok,1953.9254012975666,5e-05,802,0.05147744159217727,znd_tp_profiles/znd_T0671.43_P02.30.npz,0.9890010000017355,
1324,671.4285714285714,2.4000000000000004,1.0,ok,1955.0629504086353,5e-05,729,0.051534468681964346,znd_tp_profiles/znd_T0671.43_P02.40.npz,0.8607047499972396,
1325,671.4285714285714,2.5000000000000004,1.0,ok,1956.1504738365675,5e-05,784,0.05158778269951236,znd_tp_profiles/znd_T0671.43_P02.50.npz,0.9635138340017875,
1326,671.4285714285714,2.6,1.0,ok,1957.191776269326,5e-05,770,0.05163781942078808,znd_tp_profiles/znd_T0671.43_P02.60.npz,0.862708874999953,
1327,671.4285714285714,2.7,1.0,ok,1958.1907777611202,5e-05,767,0.05168489874098305,znd_tp_profiles/znd_T0671.43_P02.70.npz,0.8764401669977815,
1328,671.4285714285714,2.8000000000000003,1.0,ok,1959.14900841211,5e-05,710,0.051729641267354264,znd_tp_profiles/znd_T0671.43_P02.80.npz,0.8269285839996883,
1329,671.4285714285714,2.9000000000000004,1.0,ok,1960.0721215641959,5e-05,797,0.051771737199004936,znd_tp_profiles/znd_T0671.43_P02.90.npz,0.8703410829984932,
1330,671.4285714285714,3.0000000000000004,1.0,ok,1960.9625775045147,5e-05,806,0.05181144238257015,znd_tp_profiles/znd_T0671.43_P03.00.npz,0.8697537500047474,
1331,671.4285714285714,3.1,1.0,ok,1961.820238050076,5e-05,743,0.05184943424001304,znd_tp_profiles/znd_T0671.43_P03.10.npz,0.8456787499962957,
1332,671.4285714285714,3.2,1.0,ok,1962.648245345156,5e-05,790,0.051885661620290784,znd_tp_profiles/znd_T0671.43_P03.20.npz,1.0884185410031932,
1333,671.4285714285714,3.3000000000000003,1.0,ok,1963.4485651928453,5e-05,743,0.051920264622280846,znd_tp_profiles/znd_T0671.43_P03.30.npz,0.8712349999987055,
1334,671.4285714285714,3.4000000000000004,1.0,ok,1964.2229604435854,5e-05,740,0.051953374670147594,znd_tp_profiles/znd_T0671.43_P03.40.npz,0.8526120419992367,
1335,671.4285714285714,3.5000000000000004,1.0,ok,1964.9728290195503,5e-05,781,0.05198511735519223,znd_tp_profiles/znd_T0671.43_P03.50.npz,0.9026739170003566,
1336,671.4285714285714,3.6,1.0,ok,1965.6983539450607,5e-05,802,0.052015853523241076,znd_tp_profiles/znd_T0671.43_P03.60.npz,0.8712372500012862,
1337,671.4285714285714,3.7,1.0,ok,1966.404900537774,5e-05,747,0.05204486758549098,znd_tp_profiles/znd_T0671.43_P03.70.npz,0.8417265000025509,
1338,671.4285714285714,3.8000000000000003,1.0,ok,1967.089649378457,5e-05,806,0.05207303369301312,znd_tp_profiles/znd_T0671.43_P03.80.npz,0.8659481249997043,
1339,671.4285714285714,3.9000000000000004,1.0,ok,1967.754985491822,5e-05,803,0.05210019320818606,znd_tp_profiles/znd_T0671.43_P03.90.npz,0.8627845000009984,
1340,671.4285714285714,4.0,1.0,ok,1968.4019091978053,5e-05,821,0.052126424358187096,znd_tp_profiles/znd_T0671.43_P04.00.npz,0.8781577080007992,
1341,671.4285714285714,4.1,1.0,ok,1969.0313909526205,5e-05,885,0.05215175212786159,znd_tp_profiles/znd_T0671.43_P04.10.npz,0.9400309159973403,
1342,671.4285714285714,4.2,1.0,ok,1969.644286592722,5e-05,762,0.052176244899394125,znd_tp_profiles/znd_T0671.43_P04.20.npz,0.8694969999996829,
1343,671.4285714285714,4.3,1.0,ok,1970.2414147182433,5e-05,848,0.05219995432390736,znd_tp_profiles/znd_T0671.43_P04.30.npz,0.96276520799438,
1344,671.4285714285714,4.3999999999999995,1.0,ok,1970.8235189452444,5e-05,729,0.05222292852362335,znd_tp_profiles/znd_T0671.43_P04.40.npz,0.8378609159990447,
1345,671.4285714285714,4.5,1.0,ok,1971.391306816728,5e-05,850,0.05224520749507602,znd_tp_profiles/znd_T0671.43_P04.50.npz,0.9803334579992224,
1346,671.4285714285714,4.6,1.0,ok,1971.9439944479966,5e-05,835,0.05226710690814135,znd_tp_profiles/znd_T0671.43_P04.60.npz,0.8798059999971883,
1347,671.4285714285714,4.7,1.0,ok,1972.4864774619875,5e-05,806,0.052287823559228105,znd_tp_profiles/znd_T0671.43_P04.70.npz,0.9037874999994528,
1348,671.4285714285714,4.8,1.0,ok,1973.0150396897563,5e-05,804,0.052308244451484916,znd_tp_profiles/znd_T0671.43_P04.80.npz,0.9870681669999612,
1349,671.4285714285714,4.9,1.0,ok,1973.5316503480376,5e-05,851,0.05232811205262568,znd_tp_profiles/znd_T0671.43_P04.90.npz,0.8931926660006866,
1350,671.4285714285714,5.0,1.0,ok,1974.0367972726729,5e-05,737,0.052347470808492114,znd_tp_profiles/znd_T0671.43_P05.00.npz,0.8411175840010401,
1351,685.7142857142858,0.1,1.0,ok,1859.6742020461743,5e-05,537,0.029965039614494593,znd_tp_profiles/znd_T0685.71_P00.10.npz,0.9392482499970356,
1352,685.7142857142858,0.2,1.0,ok,1881.231633967134,5e-05,592,0.03745207735695475,znd_tp_profiles/znd_T0685.71_P00.20.npz,0.8304596249945462,
1353,685.7142857142858,0.30000000000000004,1.0,ok,1893.63544678598,5e-05,615,0.04209090529015902,znd_tp_profiles/znd_T0685.71_P00.30.npz,0.8409882909982116,
1354,685.7142857142858,0.4,1.0,ok,1902.3225185515532,5e-05,628,0.0449383213145244,znd_tp_profiles/znd_T0685.71_P00.40.npz,0.8442930410019471,
1355,685.7142857142858,0.5,1.0,ok,1908.9882385977319,5e-05,639,0.046695415408214466,znd_tp_profiles/znd_T0685.71_P00.50.npz,0.8233000420004828,
1356,685.7142857142858,0.6,1.0,ok,1914.3820964540812,5e-05,645,0.04782181387197591,znd_tp_profiles/znd_T0685.71_P00.60.npz,0.8199669579989859,
1357,685.7142857142858,0.7000000000000001,1.0,ok,1918.9067920354755,5e-05,648,0.04858549389462626,znd_tp_profiles/znd_T0685.71_P00.70.npz,0.8372227910003858,
1358,685.7142857142858,0.8,1.0,ok,1922.7954145342349,5e-05,655,0.04913372391347411,znd_tp_profiles/znd_T0685.71_P00.80.npz,0.8215367500015418,
1359,685.7142857142858,0.9,1.0,ok,1926.2015065764097,5e-05,656,0.049546487024499875,znd_tp_profiles/znd_T0685.71_P00.90.npz,0.8359543749975273,
1360,685.7142857142858,1.0,1.0,ok,1929.2287232828892,5e-05,663,0.0498693751037624,znd_tp_profiles/znd_T0685.71_P01.00.npz,0.8413054590055253,
1361,685.7142857142858,1.1,1.0,ok,1931.9506855698603,5e-05,668,0.050129778339859855,znd_tp_profiles/znd_T0685.71_P01.10.npz,0.838266749997274,
1362,685.7142857142858,1.2000000000000002,1.0,ok,1934.4183117243294,5e-05,670,0.050345648526716934,znd_tp_profiles/znd_T0685.71_P01.20.npz,0.8368118750004214,
1363,685.7142857142858,1.3000000000000003,1.0,ok,1936.6788702160122,5e-05,671,0.05052733514723113,znd_tp_profiles/znd_T0685.71_P01.30.npz,0.8560624160018051,
1364,685.7142857142858,1.4000000000000001,1.0,ok,1938.7612320209078,5e-05,677,0.05068319482713358,znd_tp_profiles/znd_T0685.71_P01.40.npz,0.9708393749970128,
1365,685.7142857142858,1.5000000000000002,1.0,ok,1940.6905553772285,5e-05,679,0.05081886528430624,znd_tp_profiles/znd_T0685.71_P01.50.npz,0.8316183749993797,
1366,685.7142857142858,1.6,1.0,ok,1942.4869926372005,5e-05,695,0.05093838648671908,znd_tp_profiles/znd_T0685.71_P01.60.npz,0.8368416670055012,
1367,685.7142857142858,1.7000000000000002,1.0,ok,1944.1670964007676,5e-05,702,0.051044782337734816,znd_tp_profiles/znd_T0685.71_P01.70.npz,0.894105583000055,
1368,685.7142857142858,1.8000000000000003,1.0,ok,1945.7444632718302,5e-05,738,0.05114035724339511,znd_tp_profiles/znd_T0685.71_P01.80.npz,0.942273083004693,
1369,685.7142857142858,1.9000000000000001,1.0,ok,1947.2304774218464,5e-05,771,0.05122691782563602,znd_tp_profiles/znd_T0685.71_P01.90.npz,0.8573720409985981,
1370,685.7142857142858,2.0,1.0,ok,1948.6347483791199,5e-05,767,0.05130582892793319,znd_tp_profiles/znd_T0685.71_P02.00.npz,1.001481999999669,
1371,685.7142857142858,2.1,1.0,ok,1949.9654566162444,5e-05,762,0.051378229130608265,znd_tp_profiles/znd_T0685.71_P02.10.npz,0.8464766670003883,
1372,685.7142857142858,2.2,1.0,ok,1951.2296336021961,5e-05,799,0.051445022836938824,znd_tp_profiles/znd_T0685.71_P02.20.npz,0.9208322920021601,
1373,685.7142857142858,2.3000000000000003,1.0,ok,1952.4333448493046,5e-05,758,0.05150694064448632,znd_tp_profiles/znd_T0685.71_P02.30.npz,0.8558997500003898,
1374,685.7142857142858,2.4000000000000004,1.0,ok,1953.5818856275253,5e-05,779,0.05156459162901213,znd_tp_profiles/znd_T0685.71_P02.40.npz,0.8831819170009112,
1375,685.7142857142858,2.5000000000000004,1.0,ok,1954.6798949489012,5e-05,813,0.051618480698058036,znd_tp_profiles/znd_T0685.71_P02.50.npz,0.8760933329976979,
1376,685.7142857142858,2.6,1.0,ok,1955.731397321382,5e-05,759,0.0516690421720735,znd_tp_profiles/znd_T0685.71_P02.60.npz,0.8513836249985616,
1377,685.7142857142858,2.7,1.0,ok,1956.7400669237195,5e-05,740,0.0517166229538681,znd_tp_profiles/znd_T0685.71_P02.70.npz,0.9350813749988447,
1378,685.7142857142858,2.8000000000000003,1.0,ok,1957.7090726635652,5e-05,771,0.05176154326237408,znd_tp_profiles/znd_T0685.71_P02.80.npz,0.8690663749948726,
1379,685.7142857142858,2.9000000000000004,1.0,ok,1958.6412997881398,5e-05,734,0.05180406773222657,znd_tp_profiles/znd_T0685.71_P02.90.npz,1.0138341249985388,
1380,685.7142857142858,3.0000000000000004,1.0,ok,1959.539306618581,5e-05,795,0.05184441492909669,znd_tp_profiles/znd_T0685.71_P03.00.npz,0.9535862499978975,
1381,685.7142857142858,3.1,1.0,ok,1960.405404123262,5e-05,780,0.05188278761006654,znd_tp_profiles/znd_T0685.71_P03.10.npz,0.8729377499985276,
1382,685.7142857142858,3.2,1.0,ok,1961.2416785133232,5e-05,795,0.05191936637182126,znd_tp_profiles/znd_T0685.71_P03.20.npz,0.8707531660038512,
1383,685.7142857142858,3.3000000000000003,1.0,ok,1962.0485356134811,5e-05,808,0.05195460136305268,znd_tp_profiles/znd_T0685.71_P03.30.npz,0.8708469159973902,
1384,685.7142857142858,3.4000000000000004,1.0,ok,1962.8321796271614,5e-05,814,0.05198771632062302,znd_tp_profiles/znd_T0685.71_P03.40.npz,0.917993540999305,
1385,685.7142857142858,3.5000000000000004,1.0,ok,1963.5896849442463,5e-05,851,0.052019723687057325,znd_tp_profiles/znd_T0685.71_P03.50.npz,0.9217191669958993,
1386,685.7142857142858,3.6,1.0,ok,1964.3240014192977,5e-05,779,0.0520504553053315,znd_tp_profiles/znd_T0685.71_P03.60.npz,0.8610871670025517,
1387,685.7142857142858,3.7,1.0,ok,1965.0363890147498,5e-05,779,0.052080008024719716,znd_tp_profiles/znd_T0685.71_P03.70.npz,0.9091255000021192,
1388,685.7142857142858,3.8000000000000003,1.0,ok,1965.7281217292004,5e-05,811,0.05210844021244044,znd_tp_profiles/znd_T0685.71_P03.80.npz,0.8898495839966927,
1389,685.7142857142858,3.9000000000000004,1.0,ok,1966.3987203051568,5e-05,977,0.05213615368478048,znd_tp_profiles/znd_T0685.71_P03.90.npz,0.9248899579979479,
1390,685.7142857142858,4.0,1.0,ok,1967.053826512535,5e-05,814,0.0521622851741017,znd_tp_profiles/znd_T0685.71_P04.00.npz,0.8925972079960047,
1391,685.7142857142858,4.1,1.0,ok,1967.6882752489742,5e-05,801,0.052188140990619726,znd_tp_profiles/znd_T0685.71_P04.10.npz,0.8679471249997732,
1392,685.7142857142858,4.2,1.0,ok,1968.309054599843,5e-05,739,0.05221252886843474,znd_tp_profiles/znd_T0685.71_P04.20.npz,0.8512049589990056,
1393,685.7142857142858,4.3,1.0,ok,1968.9123875637629,5e-05,721,0.05223644843840673,znd_tp_profiles/znd_T0685.71_P04.30.npz,0.8483347090004827,
1394,685.7142857142858,4.3999999999999995,1.0,ok,1969.5005632593004,5e-05,733,0.05225961444863142,znd_tp_profiles/znd_T0685.71_P04.40.npz,0.8615992920022109,
1395,685.7142857142858,4.5,1.0,ok,1970.0742841062877,5e-05,884,0.052282080316520894,znd_tp_profiles/znd_T0685.71_P04.50.npz,0.9527057080049417,
1396,685.7142857142858,4.6,1.0,ok,1970.6342294336748,5e-05,830,0.05230388117223151,znd_tp_profiles/znd_T0685.71_P04.60.npz,0.8643700829998124,
1397,685.7142857142858,4.7,1.0,ok,1971.18095701657,5e-05,790,0.05232506501566502,znd_tp_profiles/znd_T0685.71_P04.70.npz,0.8628440829997999,
1398,685.7142857142858,4.8,1.0,ok,1971.7150971224946,5e-05,802,0.05234565322884573,znd_tp_profiles/znd_T0685.71_P04.80.npz,0.9449738750045071,
1399,685.7142857142858,4.9,1.0,ok,1972.2371684490647,5e-05,832,0.052365662140104366,znd_tp_profiles/znd_T0685.71_P04.90.npz,1.0900129589936114,
1400,685.7142857142858,5.0,1.0,ok,1972.747677607282,5e-05,840,0.05238515998124787,znd_tp_profiles/znd_T0685.71_P05.00.npz,0.8936040839980706,
1401,700.0,0.1,1.0,cached,1857.4569045575138,5e-05,536,0.02989622681605737,znd_tp_profiles/znd_T0700.00_P00.10.npz,0.0,
1402,700.0,0.2,1.0,cached,1879.1590933009566,5e-05,590,0.03732222897828046,znd_tp_profiles/znd_T0700.00_P00.20.npz,0.0,
1403,700.0,0.30000000000000004,1.0,cached,1891.6504361784541,5e-05,615,0.041972991370236655,znd_tp_profiles/znd_T0700.00_P00.30.npz,0.0,
1404,700.0,0.4,1.0,cached,1900.4037103363603,5e-05,627,0.04485204305394245,znd_tp_profiles/znd_T0700.00_P00.40.npz,0.0,
1405,700.0,0.5,1.0,cached,1907.1207126829643,5e-05,638,0.046639101928115004,znd_tp_profiles/znd_T0700.00_P00.50.npz,0.0,
1406,700.0,0.6,1.0,cached,1912.5584709648708,5e-05,643,0.04778762623605256,znd_tp_profiles/znd_T0700.00_P00.60.npz,0.0,
1407,700.0,0.7000000000000001,1.0,cached,1917.118312438308,5e-05,647,0.04856696469164314,znd_tp_profiles/znd_T0700.00_P00.70.npz,0.0,
1408,700.0,0.8,1.0,cached,1921.038844732547,5e-05,656,0.04912599611825695,znd_tp_profiles/znd_T0700.00_P00.80.npz,0.0,
1409,700.0,0.9,1.0,cached,1924.4733340663008,5e-05,657,0.049546536085028785,znd_tp_profiles/znd_T0700.00_P00.90.npz,0.0,
1410,700.0,1.0,1.0,cached,1927.526159126918,5e-05,662,0.04987521765971839,znd_tp_profiles/znd_T0700.00_P01.00.npz,0.0,
1411,700.0,1.1,1.0,cached,1930.271445343539,5e-05,664,0.05014008599232313,znd_tp_profiles/znd_T0700.00_P01.10.npz,0.0,
1412,700.0,1.2000000000000002,1.0,cached,1932.7603119012406,5e-05,672,0.05035953166933011,znd_tp_profiles/znd_T0700.00_P01.20.npz,0.0,
1413,700.0,1.3000000000000003,1.0,cached,1935.0406685671555,5e-05,673,0.050544036047979225,znd_tp_profiles/znd_T0700.00_P01.30.npz,0.0,
1414,700.0,1.4000000000000001,1.0,cached,1937.1414481665722,5e-05,675,0.05070225217131998,znd_tp_profiles/znd_T0700.00_P01.40.npz,0.0,
1415,700.0,1.5000000000000002,1.0,cached,1939.087974959272,5e-05,683,0.05083989002558456,znd_tp_profiles/znd_T0700.00_P01.50.npz,0.0,
1416,700.0,1.6,1.0,cached,1940.9006117124475,5e-05,692,0.0509610772730215,znd_tp_profiles/znd_T0700.00_P01.60.npz,0.0,
1417,700.0,1.7000000000000002,1.0,cached,1942.595961672172,5e-05,707,0.051068905670793245,znd_tp_profiles/znd_T0700.00_P01.70.npz,0.0,
1418,700.0,1.8000000000000003,1.0,cached,1944.1877542942823,5e-05,716,0.05116571676139968,znd_tp_profiles/znd_T0700.00_P01.80.npz,0.0,
1419,700.0,1.9000000000000001,1.0,cached,1945.687461610117,5e-05,737,0.05125335255894931,znd_tp_profiles/znd_T0700.00_P01.90.npz,0.0,
1420,700.0,2.0,1.0,cached,1947.1047602787687,5e-05,759,0.05133323375944785,znd_tp_profiles/znd_T0700.00_P02.00.npz,0.0,
1421,700.0,2.1,1.0,cached,1948.447895557913,5e-05,744,0.051406490221480694,znd_tp_profiles/znd_T0700.00_P02.10.npz,0.0,
1422,700.0,2.2,1.0,cached,1949.7239502398309,5e-05,703,0.05147405240530699,znd_tp_profiles/znd_T0700.00_P02.20.npz,0.0,
1423,700.0,2.3000000000000003,1.0,cached,1950.9374612657296,5e-05,782,0.05153697628317704,znd_tp_profiles/znd_T0700.00_P02.30.npz,0.0,
1424,700.0,2.4000000000000004,1.0,cached,1952.0984944487077,5e-05,760,0.05159494766928333,znd_tp_profiles/znd_T0700.00_P02.40.npz,0.0,
1425,700.0,2.5000000000000004,1.0,cached,1953.2069794552356,5e-05,735,0.05164941292755923,znd_tp_profiles/znd_T0700.00_P02.50.npz,0.0,
1426,700.0,2.6,1.0,cached,1954.2686559108577,5e-05,774,0.05170048596215568,znd_tp_profiles/znd_T0700.00_P02.60.npz,0.0,
1427,700.0,2.7,1.0,cached,1955.2869368652484,5e-05,786,0.051748583386366086,znd_tp_profiles/znd_T0700.00_P02.70.npz,0.0,
1428,700.0,2.8000000000000003,1.0,cached,1956.265422654404,5e-05,795,0.05179393891619,znd_tp_profiles/znd_T0700.00_P02.80.npz,0.0,
1429,700.0,2.9000000000000004,1.0,cached,1957.206724203496,5e-05,748,0.05183688362274574,znd_tp_profiles/znd_T0700.00_P02.90.npz,0.0,
1430,700.0,3.0000000000000004,1.0,cached,1958.1135315592574,5e-05,821,0.05187761563784441,znd_tp_profiles/znd_T0700.00_P03.00.npz,0.0,
1431,700.0,3.1,1.0,cached,1958.9881633315797,5e-05,753,0.05191635066528733,znd_tp_profiles/znd_T0700.00_P03.10.npz,0.0,
1432,700.0,3.2,1.0,cached,1959.8326786104847,5e-05,763,0.0519532639899379,znd_tp_profiles/znd_T0700.00_P03.20.npz,0.0,
1433,700.0,3.3000000000000003,1.0,cached,1960.6490686260533,5e-05,745,0.051988522290007354,znd_tp_profiles/znd_T0700.00_P03.30.npz,0.0,
1434,700.0,3.4000000000000004,1.0,cached,1961.4389824230195,5e-05,791,0.0520222495557335,znd_tp_profiles/znd_T0700.00_P03.40.npz,0.0,
1435,700.0,3.5000000000000004,1.0,cached,1962.2040583101702,5e-05,964,0.052054550356894165,znd_tp_profiles/znd_T0700.00_P03.50.npz,0.0,
1436,700.0,3.6,1.0,cached,1962.9457199158385,5e-05,790,0.05208557019760318,znd_tp_profiles/znd_T0700.00_P03.60.npz,0.0,
1437,700.0,3.7,1.0,cached,1963.6652961217019,5e-05,788,0.05211537112121314,znd_tp_profiles/znd_T0700.00_P03.70.npz,0.0,
1438,700.0,3.8000000000000003,1.0,cached,1964.3640181863047,5e-05,818,0.052144034904790505,znd_tp_profiles/znd_T0700.00_P03.80.npz,0.0,
1439,700.0,3.9000000000000004,1.0,cached,1965.0429534697644,5e-05,769,0.05217167815109496,znd_tp_profiles/znd_T0700.00_P03.90.npz,0.0,
1440,700.0,4.0,1.0,cached,1965.701533381238,5e-05,805,0.05219868333408295,znd_tp_profiles/znd_T0700.00_P04.00.npz,0.0,
1441,700.0,4.1,1.0,cached,1966.345668634721,5e-05,727,0.05222410083676274,znd_tp_profiles/znd_T0700.00_P04.10.npz,0.0,
1442,700.0,4.2,1.0,cached,1966.9712348746873,5e-05,780,0.05224901325920587,znd_tp_profiles/znd_T0700.00_P04.20.npz,0.0,
1443,700.0,4.3,1.0,cached,1967.580766527918,5e-05,757,0.052273120940310086,znd_tp_profiles/znd_T0700.00_P04.30.npz,0.0,
1444,700.0,4.3999999999999995,1.0,cached,1968.17500103502,5e-05,843,0.052296477753507396,znd_tp_profiles/znd_T0700.00_P04.40.npz,0.0,
1445,700.0,4.5,1.0,cached,1968.754523356698,5e-05,758,0.05231914328778323,znd_tp_profiles/znd_T0700.00_P04.50.npz,0.0,
1446,700.0,4.6,1.0,cached,1969.320375093702,5e-05,843,0.05234111205395836,znd_tp_profiles/znd_T0700.00_P04.60.npz,0.0,
1447,700.0,4.7,1.0,cached,1969.8711290071392,5e-05,834,0.052362802256597514,znd_tp_profiles/znd_T0700.00_P04.70.npz,0.0,
1448,700.0,4.8,1.0,cached,1970.4125062070525,5e-05,801,0.05238322087113831,znd_tp_profiles/znd_T0700.00_P04.80.npz,0.0,
1449,700.0,4.9,1.0,cached,1970.9400293360186,5e-05,922,0.05240341021908955,znd_tp_profiles/znd_T0700.00_P04.90.npz,0.0,
1450,700.0,5.0,1.0,cached,1971.455885177517,5e-05,763,0.05242306185202279,znd_tp_profiles/znd_T0700.00_P05.00.npz,0.0,
1451,714.2857142857143,0.1,1.0,ok,1855.2384428516887,5e-05,536,0.029833637838237694,znd_tp_profiles/znd_T0714.29_P00.10.npz,0.89460145799967,
1452,714.2857142857143,0.2,1.0,ok,1877.0867754046458,5e-05,591,0.037196994722587605,znd_tp_profiles/znd_T0714.29_P00.20.npz,0.9847129999980098,
1453,714.2857142857143,0.30000000000000004,1.0,ok,1889.6653240830124,5e-05,615,0.041857555740875664,znd_tp_profiles/znd_T0714.29_P00.30.npz,0.814795749996847,
1454,714.2857142857143,0.4,1.0,ok,1898.4819136402134,5e-05,626,0.04476695851096791,znd_tp_profiles/znd_T0714.29_P00.40.npz,0.8402541670002392,
1455,714.2857142857143,0.5,1.0,ok,1905.2516579682256,5e-05,636,0.04658320369865995,znd_tp_profiles/znd_T0714.29_P00.50.npz,0.8338611669969396,
1456,714.2857142857143,0.6,1.0,ok,1910.7319199920148,5e-05,642,0.04775384419588283,znd_tp_profiles/znd_T0714.29_P00.60.npz,0.8699427909959923,
1457,714.2857142857143,0.7000000000000001,1.0,ok,1915.3281640519626,5e-05,649,0.0485486319139652,znd_tp_profiles/znd_T0714.29_P00.70.npz,0.842371999999159,
1458,714.2857142857143,0.8,1.0,ok,1919.280522144,5e-05,653,0.04911847120221027,znd_tp_profiles/znd_T0714.29_P00.80.npz,0.8244197499952861,
1459,714.2857142857143,0.9,1.0,ok,1922.7417579270877,5e-05,659,0.04954707049650257,znd_tp_profiles/znd_T0714.29_P00.90.npz,0.820854124998732,
1460,714.2857142857143,1.0,1.0,ok,1925.82176412404,5e-05,664,0.04988128543040839,znd_tp_profiles/znd_T0714.29_P01.00.npz,0.8755628330036416,
1461,714.2857142857143,1.1,1.0,ok,1928.586774841876,5e-05,668,0.05015125955808154,znd_tp_profiles/znd_T0714.29_P01.10.npz,0.8579554579991964,
1462,714.2857142857143,1.2000000000000002,1.0,ok,1931.1003734900607,5e-05,669,0.05037360963092152,znd_tp_profiles/znd_T0714.29_P01.20.npz,0.9017764589953003,
1463,714.2857142857143,1.3000000000000003,1.0,ok,1933.4004838425321,5e-05,671,0.05056098819725016,znd_tp_profiles/znd_T0714.29_P01.30.npz,0.8571475420030765,
1464,714.2857142857143,1.4000000000000001,1.0,ok,1935.517993498455,5e-05,673,0.05072187293579861,znd_tp_profiles/znd_T0714.29_P01.40.npz,0.8466069589994731,
1465,714.2857142857143,1.5000000000000002,1.0,ok,1937.4833590219214,5e-05,677,0.050861152587467644,znd_tp_profiles/znd_T0714.29_P01.50.npz,0.8606899170044926,
1466,714.2857142857143,1.6,1.0,ok,1939.3121397223772,5e-05,691,0.050983996812613654,znd_tp_profiles/znd_T0714.29_P01.60.npz,0.9988582500009215,
1467,714.2857142857143,1.7000000000000002,1.0,ok,1941.0227101776195,5e-05,699,0.05109324264938394,znd_tp_profiles/znd_T0714.29_P01.70.npz,0.9040839169974788,
1468,714.2857142857143,1.8000000000000003,1.0,ok,1942.6272241550705,5e-05,742,0.051191632398216634,znd_tp_profiles/znd_T0714.29_P01.80.npz,0.85471283300285,
1469,714.2857142857143,1.9000000000000001,1.0,ok,1944.1422727928243,5e-05,718,0.05128002510907752,znd_tp_profiles/znd_T0714.29_P01.90.npz,0.8680532080034027,
1470,714.2857142857143,2.0,1.0,ok,1945.5725744548567,5e-05,696,0.05136085965752127,znd_tp_profiles/znd_T0714.29_P02.00.npz,1.0060566249958356,
1471,714.2857142857143,2.1,1.0,ok,1946.9264127657466,5e-05,741,0.05143532055506205,znd_tp_profiles/znd_T0714.29_P02.10.npz,0.8540098750017933,
1472,714.2857142857143,2.2,1.0,ok,1948.2160171388305,5e-05,729,0.0515033102999635,znd_tp_profiles/znd_T0714.29_P02.20.npz,0.855982708002557,
1473,714.2857142857143,2.3000000000000003,1.0,ok,1949.4424619575932,5e-05,780,0.05156660660225003,znd_tp_profiles/znd_T0714.29_P02.30.npz,0.9808907090045977,
1474,714.2857142857143,2.4000000000000004,1.0,ok,1950.6128144232728,5e-05,717,0.05162551775924408,znd_tp_profiles/znd_T0714.29_P02.40.npz,0.9095392919989536,
1475,714.2857142857143,2.5000000000000004,1.0,ok,1951.7317716959637,5e-05,812,0.05168056342799611,znd_tp_profiles/znd_T0714.29_P02.50.npz,0.8931776669996907,
1476,714.2857142857143,2.6,1.0,ok,1952.8034803947362,5e-05,778,0.05173217282339566,znd_tp_profiles/znd_T0714.29_P02.60.npz,0.8826602499975706,
1477,714.2857142857143,2.7,1.0,ok,1953.8316051390282,5e-05,732,0.051780723894470276,znd_tp_profiles/znd_T0714.29_P02.70.npz,0.8595127499938826,
1478,714.2857142857143,2.8000000000000003,1.0,ok,1954.8194006335107,5e-05,769,0.05182654271327091,znd_tp_profiles/znd_T0714.29_P02.80.npz,0.8682037909966311,
1479,714.2857142857143,2.9000000000000004,1.0,ok,1955.7697816786279,5e-05,773,0.05186989516072013,znd_tp_profiles/znd_T0714.29_P02.90.npz,0.8674997499983874,
1480,714.2857142857143,3.0000000000000004,1.0,ok,1956.6853531580905,5e-05,727,0.05191102696833935,znd_tp_profiles/znd_T0714.29_P03.00.npz,0.845373208001547,
1481,714.2857142857143,3.1,1.0,ok,1957.568468703336,5e-05,753,0.05195013017087068,znd_tp_profiles/znd_T0714.29_P03.10.npz,0.9145124589995248,
1482,714.2857142857143,3.2,1.0,ok,1958.4212687461659,5e-05,770,0.05198738531218672,znd_tp_profiles/znd_T0714.29_P03.20.npz,0.8525321249981062,
1483,714.2857142857143,3.3000000000000003,1.0,ok,1959.24561835028,5e-05,720,0.052022960436659355,znd_tp_profiles/znd_T0714.29_P03.30.npz,0.8711434590004501,
1484,714.2857142857143,3.4000000000000004,1.0,ok,1960.043323242687,5e-05,783,0.052056981811404106,znd_tp_profiles/znd_T0714.29_P03.40.npz,0.9089250420001918,
1485,714.2857142857143,3.5000000000000004,1.0,ok,1960.8159530226058,5e-05,774,0.052089567929855835,znd_tp_profiles/znd_T0714.29_P03.50.npz,0.9104737499947078,
1486,714.2857142857143,3.6,1.0,ok,1961.5649867823631,5e-05,804,0.05212084299879317,znd_tp_profiles/znd_T0714.29_P03.60.npz,0.8782941669996944,
1487,714.2857142857143,3.7,1.0,ok,1962.2899326365964,5e-05,808,0.05215127570674857,znd_tp_profiles/znd_T0714.29_P03.70.npz,0.8684115409996593,
1488,714.2857142857143,3.8000000000000003,1.0,ok,1962.9973819116499,5e-05,777,0.05217984473754273,znd_tp_profiles/znd_T0714.29_P03.80.npz,0.89381279200461,
1489,714.2857142857143,3.9000000000000004,1.0,ok,1963.6831366977533,5e-05,813,0.052207709244297656,znd_tp_profiles/znd_T0714.29_P03.90.npz,0.9921659999963595,
1490,714.2857142857143,4.0,1.0,ok,1964.349984293831,5e-05,809,0.05223460456940502,znd_tp_profiles/znd_T0714.29_P04.00.npz,0.8728256249960396,
1491,714.2857142857143,4.1,1.0,ok,1964.9989657508665,5e-05,863,0.05226057768251153,znd_tp_profiles/znd_T0714.29_P04.10.npz,0.8792494580047787,
1492,714.2857142857143,4.2,1.0,ok,1965.6308630254232,5e-05,764,0.05228569488049837,znd_tp_profiles/znd_T0714.29_P04.20.npz,1.0234042500014766,
1493,714.2857142857143,4.3,1.0,ok,1966.2447845437139,5e-05,858,0.05231036646791296,znd_tp_profiles/znd_T0714.29_P04.30.npz,0.9169421670012525,
1494,714.2857142857143,4.3999999999999995,1.0,ok,1966.846851201236,5e-05,846,0.05233354121849102,znd_tp_profiles/znd_T0714.29_P04.40.npz,0.8792909999974654,
1495,714.2857142857143,4.5,1.0,ok,1967.4324212241595,5e-05,805,0.05235637299939399,znd_tp_profiles/znd_T0714.29_P04.50.npz,0.871979083000042,
1496,714.2857142857143,4.6,1.0,ok,1968.003940223278,5e-05,769,0.05237852922698757,znd_tp_profiles/znd_T0714.29_P04.60.npz,0.9047857499972451,
1497,714.2857142857143,4.7,1.0,ok,1968.5620337765517,5e-05,856,0.05240004944648852,znd_tp_profiles/znd_T0714.29_P04.70.npz,0.9171933340039686,
1498,714.2857142857143,4.8,1.0,ok,1969.1072945544518,5e-05,812,0.05242096942699159,znd_tp_profiles/znd_T0714.29_P04.80.npz,0.9376963329996215,
1499,714.2857142857143,4.9,1.0,ok,1969.6402638140069,5e-05,829,0.05244131705315816,znd_tp_profiles/znd_T0714.29_P04.90.npz,0.9360493749991292,
1500,714.2857142857143,5.0,1.0,ok,1970.1614569054684,5e-05,858,0.05246112324716391,znd_tp_profiles/znd_T0714.29_P05.00.npz,0.9330996670032619,
1501,728.5714285714287,0.1,1.0,ok,1853.0185977787403,5e-05,535,0.029777141158994224,znd_tp_profiles/znd_T0728.57_P00.10.npz,0.8949680000005173,
1502,728.5714285714287,0.2,1.0,ok,1875.0116721100544,5e-05,590,0.03707634078664683,znd_tp_profiles/znd_T0728.57_P00.20.npz,0.835991665997426,
1503,728.5714285714287,0.30000000000000004,1.0,ok,1887.6804070535616,5e-05,611,0.04174459079509904,znd_tp_profiles/znd_T0728.57_P00.30.npz,0.8446384999988368,
1504,728.5714285714287,0.4,1.0,ok,1896.5615923261669,5e-05,627,0.04468274888727736,znd_tp_profiles/znd_T0728.57_P00.40.npz,0.9913302499990095,
1505,728.5714285714287,0.5,1.0,ok,1903.380968193458,5e-05,634,0.046527748960626406,znd_tp_profiles/znd_T0728.57_P00.50.npz,0.8309809170023073,
1506,728.5714285714287,0.6,1.0,ok,1908.9035307459822,5e-05,639,0.04772030627561027,znd_tp_profiles/znd_T0728.57_P00.60.npz,0.8277583749950281,
1507,728.5714285714287,0.7000000000000001,1.0,ok,1913.5362012483165,5e-05,646,0.048530501905300484,znd_tp_profiles/znd_T0728.57_P00.70.npz,0.9191061670062481,
1508,728.5714285714287,0.8,1.0,ok,1917.5203878583557,5e-05,653,0.0491111594766502,znd_tp_profiles/znd_T0728.57_P00.80.npz,0.8901358340008301,
1509,728.5714285714287,0.9,1.0,ok,1921.0115560441486,5e-05,655,0.0495472724852985,znd_tp_profiles/znd_T0728.57_P00.90.npz,0.8471670830040239,
1510,728.5714285714287,1.0,1.0,ok,1924.1154139094758,5e-05,660,0.049887581348106946,znd_tp_profiles/znd_T0728.57_P01.00.npz,0.9584230420005042,
1511,728.5714285714287,1.1,1.0,ok,1926.9038451338251,5e-05,664,0.05016199991996294,znd_tp_profiles/znd_T0728.57_P01.10.npz,0.8922356250041048,
1512,728.5714285714287,1.2000000000000002,1.0,ok,1929.438445888424,5e-05,666,0.050387937362423425,znd_tp_profiles/znd_T0728.57_P01.20.npz,0.8484661249967758,
1513,728.5714285714287,1.3000000000000003,1.0,ok,1931.7582600554126,5e-05,669,0.050578170317438234,znd_tp_profiles/znd_T0728.57_P01.30.npz,0.8541894169975421,
1514,728.5714285714287,1.4000000000000001,1.0,ok,1933.8957702905325,5e-05,671,0.05074108545844387,znd_tp_profiles/znd_T0728.57_P01.40.npz,0.8635599170011119,
1515,728.5714285714287,1.5000000000000002,1.0,ok,1935.8766453960159,5e-05,679,0.050882637764917284,znd_tp_profiles/znd_T0728.57_P01.50.npz,0.8372288750033476,
1516,728.5714285714287,1.6,1.0,ok,1937.72146489291,5e-05,689,0.05100715567666637,znd_tp_profiles/znd_T0728.57_P01.60.npz,0.8365200830012327,
1517,728.5714285714287,1.7000000000000002,1.0,ok,1939.4473017227513,5e-05,693,0.05111782247856446,znd_tp_profiles/znd_T0728.57_P01.70.npz,0.8766565840051044,
1518,728.5714285714287,1.8000000000000003,1.0,ok,1941.0678855960443,5e-05,702,0.05121711172561735,znd_tp_profiles/znd_T0728.57_P01.80.npz,0.8429917090033996,
1519,728.5714285714287,1.9000000000000001,1.0,ok,1942.5948778884203,5e-05,723,0.0513069319611275,znd_tp_profiles/znd_T0728.57_P01.90.npz,0.9060829589943751,
1520,728.5714285714287,2.0,1.0,ok,1944.0381540375333,5e-05,714,0.05138872752674193,znd_tp_profiles/znd_T0728.57_P02.00.npz,1.0719673749990761,
1521,728.5714285714287,2.1,1.0,ok,1945.4061112137329,5e-05,754,0.051463687627275795,znd_tp_profiles/znd_T0728.57_P02.10.npz,0.856655249997857,
1522,728.5714285714287,2.2,1.0,ok,1946.7058138000543,5e-05,749,0.05153278397423177,znd_tp_profiles/znd_T0728.57_P02.20.npz,0.880170457996428,
1523,728.5714285714287,2.3000000000000003,1.0,ok,1947.94358682746,5e-05,754,0.05159677151578228,znd_tp_profiles/znd_T0728.57_P02.30.npz,0.8526652499931515,
1524,728.5714285714287,2.4000000000000004,1.0,ok,1949.1248193410179,5e-05,750,0.05165631099703408,znd_tp_profiles/znd_T0728.57_P02.40.npz,0.9376399590037181,
1525,728.5714285714287,2.5000000000000004,1.0,ok,1950.2542328358627,5e-05,774,0.05171192461068596,znd_tp_profiles/znd_T0728.57_P02.50.npz,0.8880758750019595,
1526,728.5714285714287,2.6,1.0,ok,1951.335988798305,5e-05,733,0.05176405537049324,znd_tp_profiles/znd_T0728.57_P02.60.npz,0.8520007499973872,
1527,728.5714285714287,2.7,1.0,ok,1952.3738349422151,5e-05,704,0.05181309202050806,znd_tp_profiles/znd_T0728.57_P02.70.npz,0.9077825839995057,
1528,728.5714285714287,2.8000000000000003,1.0,ok,1953.3709986923545,5e-05,767,0.05185935678997073,znd_tp_profiles/znd_T0728.57_P02.80.npz,0.9265598749989294,
1529,728.5714285714287,2.9000000000000004,1.0,ok,1954.330427533603,5e-05,776,0.05190312645632472,znd_tp_profiles/znd_T0728.57_P02.90.npz,0.8700783339954796,
1530,728.5714285714287,3.0000000000000004,1.0,ok,1955.2547682699887,5e-05,772,0.051944650600710796,znd_tp_profiles/znd_T0728.57_P03.00.npz,0.9078495420035324,
1531,728.5714285714287,3.1,1.0,ok,1956.1463702356941,5e-05,748,0.05198411434954953,znd_tp_profiles/znd_T0728.57_P03.10.npz,0.9364823749929201,
1532,728.5714285714287,3.2,1.0,ok,1957.007414296463,5e-05,801,0.052021685022729594,znd_tp_profiles/znd_T0728.57_P03.20.npz,0.8714390419991105,
1533,728.5714285714287,3.3000000000000003,1.0,ok,1957.8397368470655,5e-05,788,0.052057581436418504,znd_tp_profiles/znd_T0728.57_P03.30.npz,1.0069494170020334,
1534,728.5714285714287,3.4000000000000004,1.0,ok,1958.645199320673,5e-05,756,0.052091907007082106,znd_tp_profiles/znd_T0728.57_P03.40.npz,0.8797567500005243,
1535,728.5714285714287,3.5000000000000004,1.0,ok,1959.4253740406637,5e-05,845,0.052124804414081766,znd_tp_profiles/znd_T0728.57_P03.50.npz,0.8770815419993596,
1536,728.5714285714287,3.6,1.0,ok,1960.1817474941297,5e-05,747,0.052156350293727824,znd_tp_profiles/znd_T0728.57_P03.60.npz,0.8421968749971711,
1537,728.5714285714287,3.7,1.0,ok,1960.9156120728603,5e-05,770,0.05218665837821594,znd_tp_profiles/znd_T0728.57_P03.70.npz,0.9714020419996814,
1538,728.5714285714287,3.8000000000000003,1.0,ok,1961.6282543161801,5e-05,824,0.052215840247005735,znd_tp_profiles/znd_T0728.57_P03.80.npz,0.9302028339952813,
1539,728.5714285714287,3.9000000000000004,1.0,ok,1962.3208161360976,5e-05,817,0.05224393398564845,znd_tp_profiles/znd_T0728.57_P03.90.npz,0.871260333005921,
1540,728.5714285714287,4.0,1.0,ok,1962.9942897929814,5e-05,785,0.05227105133227944,znd_tp_profiles/znd_T0728.57_P04.00.npz,0.8660245829960331,
1541,728.5714285714287,4.1,1.0,ok,1963.6497330068987,5e-05,788,0.05229723053041611,znd_tp_profiles/znd_T0728.57_P04.10.npz,0.8608517500033486,
1542,728.5714285714287,4.2,1.0,ok,1964.2879367689502,5e-05,969,0.052322553207817986,znd_tp_profiles/znd_T0728.57_P04.20.npz,1.0345844170005876,
1543,728.5714285714287,4.3,1.0,ok,1964.9098264178183,5e-05,781,0.052347053694421206,znd_tp_profiles/znd_T0728.57_P04.30.npz,0.8833862910032622,
1544,728.5714285714287,4.3999999999999995,1.0,ok,1965.516142635147,5e-05,823,0.05237078910546907,znd_tp_profiles/znd_T0728.57_P04.40.npz,0.8720309589989483,
1545,728.5714285714287,4.5,1.0,ok,1966.1076343881948,5e-05,822,0.05239380100976517,znd_tp_profiles/znd_T0728.57_P04.50.npz,0.8733547500014538,
1546,728.5714285714287,4.6,1.0,ok,1966.684935489215,5e-05,889,0.05241613249254114,znd_tp_profiles/znd_T0728.57_P04.60.npz,0.9065274159947876,
1547,728.5714285714287,4.7,1.0,ok,1967.2486928529436,5e-05,874,0.05243782240727894,znd_tp_profiles/znd_T0728.57_P04.70.npz,0.8969980000038049,
1548,728.5714285714287,4.8,1.0,ok,1967.799498424762,5e-05,862,0.052458903713642833,znd_tp_profiles/znd_T0728.57_P04.80.npz,0.8905274170028861,
1549,728.5714285714287,4.9,1.0,ok,1968.337851643363,5e-05,774,0.052479419598056,znd_tp_profiles/znd_T0728.57_P04.90.npz,0.8631605409973417,
1550,728.5714285714287,5.0,1.0,ok,1968.8644275663694,5e-05,1753,0.05249936750817317,znd_tp_profiles/znd_T0728.57_P05.00.npz,1.1725919160016929,
1551,742.8571428571429,0.1,1.0,ok,1850.7971517880583,5e-05,538,0.02972654476806029,znd_tp_profiles/znd_T0742.86_P00.10.npz,0.920191833996796,
1552,742.8571428571429,0.2,1.0,ok,1872.9331695517428,5e-05,589,0.036960195173258985,znd_tp_profiles/znd_T0742.86_P00.20.npz,0.8549896250042366,
1553,742.8571428571429,0.30000000000000004,1.0,ok,1885.6921863898583,5e-05,612,0.0416342421930834,znd_tp_profiles/znd_T0742.86_P00.30.npz,0.9758965840010205,
1554,742.8571428571429,0.4,1.0,ok,1894.6380022668552,5e-05,626,0.044599800381571415,znd_tp_profiles/znd_T0742.86_P00.40.npz,0.8220257089997176,
1555,742.8571428571429,0.5,1.0,ok,1901.5066128775493,5e-05,632,0.04647295723562867,znd_tp_profiles/znd_T0742.86_P00.50.npz,0.822923792002257,
1556,742.8571428571429,0.6,1.0,ok,1907.0735271742112,5e-05,641,0.047686992019706075,znd_tp_profiles/znd_T0742.86_P00.60.npz,0.8177410409989534,
1557,742.8571428571429,0.7000000000000001,1.0,ok,1911.7423736489814,5e-05,649,0.04851257396819654,znd_tp_profiles/znd_T0742.86_P00.70.npz,0.8258410830021603,
1558,742.8571428571429,0.8,1.0,ok,1915.7582961709654,5e-05,653,0.049104053328398956,znd_tp_profiles/znd_T0742.86_P00.80.npz,0.8647004170052242,
1559,742.8571428571429,0.9,1.0,ok,1919.277713749224,5e-05,658,0.049547973546378854,znd_tp_profiles/znd_T0742.86_P00.90.npz,0.8457252500011236,
1560,742.8571428571429,1.0,1.0,ok,1922.4070720161828,5e-05,658,0.04989410042034605,znd_tp_profiles/znd_T0742.86_P01.00.npz,0.8351842919946648,
1561,742.8571428571429,1.1,1.0,ok,1925.2184678584592,5e-05,662,0.05017302591727575,znd_tp_profiles/znd_T0742.86_P01.10.npz,0.8321820409983047,
1562,742.8571428571429,1.2000000000000002,1.0,ok,1927.7744059389013,5e-05,665,0.05040250166134831,znd_tp_profiles/znd_T0742.86_P01.20.npz,1.0146708329993999,
1563,742.8571428571429,1.3000000000000003,1.0,ok,1930.1139300451357,5e-05,673,0.05059558591879984,znd_tp_profiles/znd_T0742.86_P01.30.npz,0.8340472080017207,
1564,742.8571428571429,1.4000000000000001,1.0,ok,1932.269722933898,5e-05,675,0.050760846670654204,znd_tp_profiles/znd_T0742.86_P01.40.npz,0.8329760000051465,
1565,742.8571428571429,1.5000000000000002,1.0,ok,1934.2658201597699,5e-05,681,0.0509047144479866,znd_tp_profiles/znd_T0742.86_P01.50.npz,0.865381959003571,
1566,742.8571428571429,1.6,1.0,ok,1936.128744634885,5e-05,683,0.05103052481109857,znd_tp_profiles/znd_T0742.86_P01.60.npz,0.9568275000056019,
1567,742.8571428571429,1.7000000000000002,1.0,ok,1937.8696983611346,5e-05,689,0.05114263239406581,znd_tp_profiles/znd_T0742.86_P01.70.npz,0.9343670410016784,
1568,742.8571428571429,1.8000000000000003,1.0,ok,1939.5045986542264,5e-05,725,0.051243171330794646,znd_tp_profiles/znd_T0742.86_P01.80.npz,0.8425429159979103,
1569,742.8571428571429,1.9000000000000001,1.0,ok,1941.04522681493,5e-05,725,0.05133405003341834,znd_tp_profiles/znd_T0742.86_P01.90.npz,0.9280848329945002,
1570,742.8571428571429,2.0,1.0,ok,1942.5014651147937,5e-05,719,0.0514168081575588,znd_tp_profiles/znd_T0742.86_P02.00.npz,0.9125694169997587,
1571,742.8571428571429,2.1,1.0,ok,1943.8797611025684,5e-05,737,0.05149301053199016,znd_tp_profiles/znd_T0742.86_P02.10.npz,0.9007806669978891,
1572,742.8571428571429,2.2,1.0,ok,1945.193295885185,5e-05,763,0.05156247495510323,znd_tp_profiles/znd_T0742.86_P02.20.npz,0.9313819579983829,
1573,742.8571428571429,2.3000000000000003,1.0,ok,1946.4423885555148,5e-05,788,0.05162715073141883,znd_tp_profiles/znd_T0742.86_P02.30.npz,0.9951410840003518,
1574,742.8571428571429,2.4000000000000004,1.0,ok,1947.634483677375,5e-05,733,0.05168731708517582,znd_tp_profiles/znd_T0742.86_P02.40.npz,0.9735180419957032,
1575,742.8571428571429,2.5000000000000004,1.0,ok,1948.7743310519973,5e-05,777,0.05174350326554955,znd_tp_profiles/znd_T0742.86_P02.50.npz,0.9687300419973326,
1576,742.8571428571429,2.6,1.0,ok,1949.866122538061,5e-05,742,0.051796163681790776,znd_tp_profiles/znd_T0742.86_P02.60.npz,0.8854797500025597,
1577,742.8571428571429,2.7,1.0,ok,1950.913693910975,5e-05,801,0.051845672520405756,znd_tp_profiles/znd_T0742.86_P02.70.npz,0.8654174170005717,
1578,742.8571428571429,2.8000000000000003,1.0,ok,1951.9201937280486,5e-05,788,0.051892381014642955,znd_tp_profiles/znd_T0742.86_P02.80.npz,1.0268432080047205,
1579,742.8571428571429,2.9000000000000004,1.0,ok,1952.8886670243867,5e-05,772,0.05193656851279324,znd_tp_profiles/znd_T0742.86_P02.90.npz,0.9508704580002814,
1580,742.8571428571429,3.0000000000000004,1.0,ok,1953.821746101747,5e-05,790,0.051978474797429994,znd_tp_profiles/znd_T0742.86_P03.00.npz,0.9152420419995906,
1581,742.8571428571429,3.1,1.0,ok,1954.7218307643025,5e-05,783,0.05201828774658,znd_tp_profiles/znd_T0742.86_P03.10.npz,0.8995783330028644,
1582,742.8571428571429,3.2,1.0,ok,1955.591057277435,5e-05,712,0.052056216786944234,znd_tp_profiles/znd_T0742.86_P03.20.npz,0.8287482500018086,
1583,742.8571428571429,3.3000000000000003,1.0,ok,1956.4313861695236,5e-05,810,0.05209242562247763,znd_tp_profiles/znd_T0742.86_P03.30.npz,0.8759787089948077,
1584,742.8571428571429,3.4000000000000004,1.0,ok,1957.2425592029563,5e-05,829,0.05212746185171301,znd_tp_profiles/znd_T0742.86_P03.40.npz,0.8788587090020883,
1585,742.8571428571429,3.5000000000000004,1.0,ok,1958.030263823845,5e-05,789,0.05216063052423302,znd_tp_profiles/znd_T0742.86_P03.50.npz,0.870156291006424,
1586,742.8571428571429,3.6,1.0,ok,1958.7959896850225,5e-05,819,0.05219204862967113,znd_tp_profiles/znd_T0742.86_P03.60.npz,0.8680382919992553,
1587,742.8571428571429,3.7,1.0,ok,1959.5370129724552,5e-05,813,0.052222619234347206,znd_tp_profiles/znd_T0742.86_P03.70.npz,1.021451042004628,
1588,742.8571428571429,3.8000000000000003,1.0,ok,1960.2566054359493,5e-05,729,0.05225203368438758,znd_tp_profiles/znd_T0742.86_P03.80.npz,0.8650839159963652,
1589,742.8571428571429,3.9000000000000004,1.0,ok,1960.9559536961692,5e-05,718,0.05228036603002753,znd_tp_profiles/znd_T0742.86_P03.90.npz,0.8251255829964066,
1590,742.8571428571429,4.0,1.0,ok,1961.636046379423,5e-05,839,0.05230769254404013,znd_tp_profiles/znd_T0742.86_P04.00.npz,0.8799172500002896,
1591,742.8571428571429,4.1,1.0,ok,1962.2979175558821,5e-05,823,0.05233409271328177,znd_tp_profiles/znd_T0742.86_P04.10.npz,0.9229535000049509,
1592,742.8571428571429,4.2,1.0,ok,1962.9424553761605,5e-05,779,0.05235961300715182,znd_tp_profiles/znd_T0742.86_P04.20.npz,0.8610175840003649,
1593,742.8571428571429,4.3,1.0,ok,1963.5705148493817,5e-05,805,0.052384306572957215,znd_tp_profiles/znd_T0742.86_P04.30.npz,0.9043893749985727,
1594,742.8571428571429,4.3999999999999995,1.0,ok,1964.1828630306363,5e-05,846,0.05240822882862047,znd_tp_profiles/znd_T0742.86_P04.40.npz,0.8785857909970218,
1595,742.8571428571429,4.5,1.0,ok,1964.7802546006792,5e-05,818,0.05243142113467992,znd_tp_profiles/znd_T0742.86_P04.50.npz,0.8683160830041743,
1596,742.8571428571429,4.6,1.0,ok,1965.3633125969252,5e-05,752,0.05245393475259125,znd_tp_profiles/znd_T0742.86_P04.60.npz,0.8651365000041551,
1597,742.8571428571429,4.7,1.0,ok,1965.9327250027686,5e-05,793,0.05247577756576971,znd_tp_profiles/znd_T0742.86_P04.70.npz,0.9914788329988369,
1598,742.8571428571429,4.8,1.0,ok,1966.4891045696947,5e-05,805,0.052497023169320284,znd_tp_profiles/znd_T0742.86_P04.80.npz,0.8668880840050406,
1599,742.8571428571429,4.9,1.0,ok,1967.0329040899567,5e-05,1045,0.05251769203570301,znd_tp_profiles/znd_T0742.86_P04.90.npz,0.9761636670009466,
1600,742.8571428571429,5.0,1.0,ok,1967.5647529312196,5e-05,792,0.05253780176577051,znd_tp_profiles/znd_T0742.86_P05.00.npz,1.0255833749979502,
1601,757.1428571428571,0.1,1.0,ok,1848.5739100375715,5e-05,535,0.029681752257702497,znd_tp_profiles/znd_T0757.14_P00.10.npz,0.8660611660016002,
1602,757.1428571428571,0.2,1.0,ok,1870.8544954824602,5e-05,589,0.03684842934896172,znd_tp_profiles/znd_T0757.14_P00.20.npz,0.9092506669985596,
1603,757.1428571428571,0.30000000000000004,1.0,ok,1883.7021943692432,5e-05,614,0.04152643784702654,znd_tp_profiles/znd_T0757.14_P00.30.npz,0.8329432500031544,
1604,757.1428571428571,0.4,1.0,ok,1892.7125442472113,5e-05,624,0.04451802590182629,znd_tp_profiles/znd_T0757.14_P00.40.npz,0.8142995840025833,
1605,757.1428571428571,0.5,1.0,ok,1899.6340388031274,5e-05,633,0.046418278164882636,znd_tp_profiles/znd_T0757.14_P00.50.npz,0.8291756250036997,
1606,757.1428571428571,0.6,1.0,ok,1905.2394423415578,5e-05,641,0.04765421580792666,znd_tp_profiles/znd_T0757.14_P00.60.npz,0.8329903339981684,
1607,757.1428571428571,0.7000000000000001,1.0,ok,1909.946545002916,5e-05,645,0.04849487602082692,znd_tp_profiles/znd_T0757.14_P00.70.npz,0.8503837079988443,
1608,757.1428571428571,0.8,1.0,ok,1913.9942086287315,5e-05,653,0.04909715536480249,znd_tp_profiles/znd_T0757.14_P00.80.npz,0.8194414169993252,
1609,757.1428571428571,0.9,1.0,ok,1917.5418331576295,5e-05,656,0.04954889167824069,znd_tp_profiles/znd_T0757.14_P00.90.npz,0.9313945839967346,
1610,757.1428571428571,1.0,1.0,ok,1920.6933276548166,5e-05,658,0.0499014166035127,znd_tp_profiles/znd_T0757.14_P01.00.npz,0.8988466659939149,
1611,757.1428571428571,1.1,1.0,ok,1923.5310624492608,5e-05,666,0.05018427245573924,znd_tp_profiles/znd_T0757.14_P01.10.npz,0.8182942499988712,
1612,757.1428571428571,1.2000000000000002,1.0,ok,1926.1082271074608,5e-05,670,0.05041729172159611,znd_tp_profiles/znd_T0757.14_P01.20.npz,0.8685116249980638,
1613,757.1428571428571,1.3000000000000003,1.0,ok,1928.467377439008,5e-05,671,0.050613226565268433,znd_tp_profiles/znd_T0757.14_P01.30.npz,0.8266974589932943,
1614,757.1428571428571,1.4000000000000001,1.0,ok,1930.6415014517922,5e-05,672,0.0507808380779472,znd_tp_profiles/znd_T0757.14_P01.40.npz,0.8395486250010435,
1615,757.1428571428571,1.5000000000000002,1.0,ok,1932.6566511397264,5e-05,674,0.05092631246708833,znd_tp_profiles/znd_T0757.14_P01.50.npz,0.8595980419995612,
1616,757.1428571428571,1.6,1.0,ok,1934.5337009323919,5e-05,685,0.051054130697853486,znd_tp_profiles/znd_T0757.14_P01.60.npz,0.985329292001552,
1617,757.1428571428571,1.7000000000000002,1.0,ok,1936.2897871946434,5e-05,696,0.05116766196118465,znd_tp_profiles/znd_T0757.14_P01.70.npz,0.8518646670054295,
1618,757.1428571428571,1.8000000000000003,1.0,ok,1937.939039569596,5e-05,709,0.05126943890410836,znd_tp_profiles/znd_T0757.14_P01.80.npz,0.9156559590046527,
1619,757.1428571428571,1.9000000000000001,1.0,ok,1939.493268755461,5e-05,720,0.051361408665559875,znd_tp_profiles/znd_T0757.14_P01.90.npz,0.8752560840002843,
1620,757.1428571428571,2.0,1.0,ok,1940.9624448252616,5e-05,727,0.05144511443287125,znd_tp_profiles/znd_T0757.14_P02.00.npz,0.8507741670036921,
1621,757.1428571428571,2.1,1.0,ok,1942.352934673193,5e-05,736,0.05152220050377236,znd_tp_profiles/znd_T0757.14_P02.10.npz,0.848261207996984,
1622,757.1428571428571,2.2,1.0,ok,1943.6784218343726,5e-05,722,0.05159239975848722,znd_tp_profiles/znd_T0757.14_P02.20.npz,0.8711056660031318,
1623,757.1428571428571,2.3000000000000003,1.0,ok,1944.9388200117787,5e-05,770,0.051657769596477644,znd_tp_profiles/znd_T0757.14_P02.30.npz,0.9059469999992871,
1624,757.1428571428571,2.4000000000000004,1.0,ok,1946.1417564130943,5e-05,758,0.051718541552148306,znd_tp_profiles/znd_T0757.14_P02.40.npz,0.9525643330052844,
1625,757.1428571428571,2.5000000000000004,1.0,ok,1947.292034701547,5e-05,772,0.05177529561984224,znd_tp_profiles/znd_T0757.14_P02.50.npz,0.9129135839975788,
1626,757.1428571428571,2.6,1.0,ok,1948.3938203531486,5e-05,721,0.05182848724153364,znd_tp_profiles/znd_T0757.14_P02.60.npz,0.8467472920019645,
1627,757.1428571428571,2.7,1.0,ok,1949.4510893130791,5e-05,785,0.051878471517761635,znd_tp_profiles/znd_T0757.14_P02.70.npz,0.9237347919988679,
1628,757.1428571428571,2.8000000000000003,1.0,ok,1950.4669485016777,5e-05,804,0.05192561925533595,znd_tp_profiles/znd_T0757.14_P02.80.npz,0.8804031250037951,
1629,757.1428571428571,2.9000000000000004,1.0,ok,1951.4444501746125,5e-05,794,0.05197021475818435,znd_tp_profiles/znd_T0757.14_P02.90.npz,0.8801095410017297,
1630,757.1428571428571,3.0000000000000004,1.0,ok,1952.3862726590817,5e-05,793,0.05201249426123329,znd_tp_profiles/znd_T0757.14_P03.00.npz,0.8865537920064526,
1631,757.1428571428571,3.1,1.0,ok,1953.2948147038824,5e-05,818,0.05205267857138334,znd_tp_profiles/znd_T0757.14_P03.10.npz,0.9230437910009641,
1632,757.1428571428571,3.2,1.0,ok,1954.1722514346366,5e-05,732,0.052090946065242894,znd_tp_profiles/znd_T0757.14_P03.20.npz,0.8398274999999558,
1633,757.1428571428571,3.3000000000000003,1.0,ok,1955.018361414717,5e-05,854,0.05212791497071536,znd_tp_profiles/znd_T0757.14_P03.30.npz,0.880388417004724,
1634,757.1428571428571,3.4000000000000004,1.0,ok,1955.841495998803,5e-05,807,0.05216239287738518,znd_tp_profiles/znd_T0757.14_P03.40.npz,0.9102606250016834,
1635,757.1428571428571,3.5000000000000004,1.0,ok,1956.6367299673325,5e-05,815,0.052195837357096826,znd_tp_profiles/znd_T0757.14_P03.50.npz,0.9237343749991851,
1636,757.1428571428571,3.6,1.0,ok,1957.4077349119402,5e-05,851,0.05222793375252267,znd_tp_profiles/znd_T0757.14_P03.60.npz,0.9046533750006347,
1637,757.1428571428571,3.7,1.0,ok,1958.1558848809439,5e-05,760,0.05225876612261973,znd_tp_profiles/znd_T0757.14_P03.70.npz,0.8453086250010529,
1638,757.1428571428571,3.8000000000000003,1.0,ok,1958.8824473342825,5e-05,785,0.05228841841109624,znd_tp_profiles/znd_T0757.14_P03.80.npz,0.8566706249985145,
1639,757.1428571428571,3.9000000000000004,1.0,ok,1959.5885269338173,5e-05,809,0.052316986374174534,znd_tp_profiles/znd_T0757.14_P03.90.npz,0.9130874999973457,
1640,757.1428571428571,4.0,1.0,ok,1960.2752636715552,5e-05,758,0.052344536532797754,znd_tp_profiles/znd_T0757.14_P04.00.npz,0.8467317499962519,
1641,757.1428571428571,4.1,1.0,ok,1960.9435696156518,5e-05,772,0.052371147360296126,znd_tp_profiles/znd_T0757.14_P04.10.npz,0.885339541004214,
1642,757.1428571428571,4.2,1.0,ok,1961.5944104613927,5e-05,753,0.05239686338725115,znd_tp_profiles/znd_T0757.14_P04.20.npz,0.8392960420023883,
1643,757.1428571428571,4.3,1.0,ok,1962.2286309276417,5e-05,785,0.0524217499725534,znd_tp_profiles/znd_T0757.14_P04.30.npz,0.8707505000056699,
1644,757.1428571428571,4.3999999999999995,1.0,ok,1962.8470095822124,5e-05,823,0.05244585659225878,znd_tp_profiles/znd_T0757.14_P04.40.npz,0.8775436249998165,
1645,757.1428571428571,4.5,1.0,ok,1963.4502668005132,5e-05,787,0.05246922545798211,znd_tp_profiles/znd_T0757.14_P04.50.npz,0.8831121249968419,
1646,757.1428571428571,4.6,1.0,ok,1964.0391122572387,5e-05,862,0.05249191720785106,znd_tp_profiles/znd_T0757.14_P04.60.npz,0.8869484169990756,
1647,757.1428571428571,4.7,1.0,ok,1964.6141720638266,5e-05,785,0.05251394075756701,znd_tp_profiles/znd_T0757.14_P04.70.npz,0.8652161659992998,
1648,757.1428571428571,4.8,1.0,ok,1965.176052322382,5e-05,737,0.05253534338110303,znd_tp_profiles/znd_T0757.14_P04.80.npz,0.8659848750030505,
1649,757.1428571428571,4.9,1.0,ok,1965.7253113971458,5e-05,759,0.05255616034096777,znd_tp_profiles/znd_T0757.14_P04.90.npz,0.8393032499952824,
1650,757.1428571428571,5.0,1.0,ok,1966.262471597031,5e-05,824,0.0525764104544966,znd_tp_profiles/znd_T0757.14_P05.00.npz,0.8729122919976362,
1651,771.4285714285714,0.1,1.0,ok,1846.3485776174625,5e-05,535,0.029642517551880205,znd_tp_profiles/znd_T0771.43_P00.10.npz,0.811889834003523,
1652,771.4285714285714,0.2,1.0,ok,1868.7759415052376,5e-05,589,0.03674093501167043,znd_tp_profiles/znd_T0771.43_P00.20.npz,0.808447667004657,
1653,771.4285714285714,0.30000000000000004,1.0,ok,1881.7102046479536,5e-05,615,0.041421181900400686,znd_tp_profiles/znd_T0771.43_P00.30.npz,0.8672084169957088,
1654,771.4285714285714,0.4,1.0,ok,1890.785063707724,5e-05,626,0.04443745546258032,znd_tp_profiles/znd_T0771.43_P00.40.npz,0.8299222499990719,
1655,771.4285714285714,0.5,1.0,ok,1897.7575205401647,5e-05,633,0.04636431296539402,znd_tp_profiles/znd_T0771.43_P00.50.npz,0.8150322500005132,
1656,771.4285714285714,0.6,1.0,ok,1903.407300348064,5e-05,642,0.04762119627703996,znd_tp_profiles/znd_T0771.43_P00.60.npz,0.8235722919998807,
1657,771.4285714285714,0.7000000000000001,1.0,ok,1908.1486147714625,5e-05,645,0.048477383727071464,znd_tp_profiles/znd_T0771.43_P00.70.npz,0.8113101249982719,
1658,771.4285714285714,0.8,1.0,ok,1912.225724034503,5e-05,651,0.049090827055120974,znd_tp_profiles/znd_T0771.43_P00.80.npz,0.8121148329955759,
1659,771.4285714285714,0.9,1.0,ok,1915.803777576881,5e-05,655,0.049550028798568686,znd_tp_profiles/znd_T0771.43_P00.90.npz,0.8955908329953672,
1660,771.4285714285714,1.0,1.0,ok,1918.9805208946136,5e-05,661,0.04990841488285615,znd_tp_profiles/znd_T0771.43_P01.00.npz,0.8427164590029861,
1661,771.4285714285714,1.1,1.0,ok,1921.8391266922556,5e-05,664,0.05019615811044981,znd_tp_profiles/znd_T0771.43_P01.10.npz,0.8205485840007896,
1662,771.4285714285714,1.2000000000000002,1.0,ok,1924.4398072604943,5e-05,666,0.050432310172150246,znd_tp_profiles/znd_T0771.43_P01.20.npz,0.8199117080002907,
1663,771.4285714285714,1.3000000000000003,1.0,ok,1926.8163821440924,5e-05,670,0.05063151466443785,znd_tp_profiles/znd_T0771.43_P01.30.npz,0.8207467079992057,
1664,771.4285714285714,1.4000000000000001,1.0,ok,1929.0110401031895,5e-05,673,0.050801054608698784,znd_tp_profiles/znd_T0771.43_P01.40.npz,0.8209111659962218,
1665,771.4285714285714,1.5000000000000002,1.0,ok,1931.043221854244,5e-05,676,0.05094848139852077,znd_tp_profiles/znd_T0771.43_P01.50.npz,0.8313229590057745,
1666,771.4285714285714,1.6,1.0,ok,1932.9363225109228,5e-05,687,0.051077973944951435,znd_tp_profiles/znd_T0771.43_P01.60.npz,0.8449571669989382,
1667,771.4285714285714,1.7000000000000002,1.0,ok,1934.7075430258517,5e-05,691,0.051192930164465675,znd_tp_profiles/znd_T0771.43_P01.70.npz,0.8242231249969336,
1668,771.4285714285714,1.8000000000000003,1.0,ok,1936.3711052665408,5e-05,701,0.05129593525736984,znd_tp_profiles/znd_T0771.43_P01.80.npz,0.849532124993857,
1669,771.4285714285714,1.9000000000000001,1.0,ok,1937.9389289956002,5e-05,727,0.051388980481930864,znd_tp_profiles/znd_T0771.43_P01.90.npz,0.9806917919995612,
1670,771.4285714285714,2.0,1.0,ok,1939.4210301866788,5e-05,723,0.05147363835678643,znd_tp_profiles/znd_T0771.43_P02.00.npz,0.9352320000034524,
1671,771.4285714285714,2.1,1.0,ok,1940.8259975303924,5e-05,787,0.051551148695376525,znd_tp_profiles/znd_T0771.43_P02.10.npz,0.9921941249995143,
1672,771.4285714285714,2.2,1.0,ok,1942.161121261336,5e-05,752,0.05162253064806423,znd_tp_profiles/znd_T0771.43_P02.20.npz,1.1434274169951095,
1673,771.4285714285714,2.3000000000000003,1.0,ok,1943.4328290256587,5e-05,863,0.05168858490280133,znd_tp_profiles/znd_T0771.43_P02.30.npz,1.0191062919984688,
1674,771.4285714285714,2.4000000000000004,1.0,ok,1944.6465787097516,5e-05,746,0.051749982963303055,znd_tp_profiles/znd_T0771.43_P02.40.npz,0.9598145839991048,
1675,771.4285714285714,2.5000000000000004,1.0,ok,1945.807272382995,5e-05,758,0.05180730406690432,znd_tp_profiles/znd_T0771.43_P02.50.npz,0.9821213750037714,
1676,771.4285714285714,2.6,1.0,ok,1946.9191592290583,5e-05,756,0.05186100079610872,znd_tp_profiles/znd_T0771.43_P02.60.npz,0.9178749580023577,
1677,771.4285714285714,2.7,1.0,ok,1947.98601351307,5e-05,759,0.05191147954282657,znd_tp_profiles/znd_T0771.43_P02.70.npz,0.9482952920006937,
1678,771.4285714285714,2.8000000000000003,1.0,ok,1949.0111936937242,5e-05,55464,0.05195907802313481,znd_tp_profiles/znd_T0771.43_P02.80.npz,19.474637166997127,
1679,771.4285714285714,2.9000000000000004,1.0,ok,1949.9977268988268,5e-05,742,0.05200407506409112,znd_tp_profiles/znd_T0771.43_P02.90.npz,1.063487042003544,
1680,771.4285714285714,3.0000000000000004,1.0,ok,1950.948282670788,5e-05,775,0.05204673696355197,znd_tp_profiles/znd_T0771.43_P03.00.npz,0.8988806669949554,
1681,771.4285714285714,3.1,1.0,ok,1951.8652772450648,5e-05,765,0.05208727600604662,znd_tp_profiles/znd_T0771.43_P03.10.npz,0.8641672500016284,
1682,771.4285714285714,3.2,1.0,ok,1952.7509078801836,5e-05,767,0.05212588460604279,znd_tp_profiles/znd_T0771.43_P03.20.npz,0.8509243750013411,
1683,771.4285714285714,3.3000000000000003,1.0,ok,1953.607080973492,5e-05,765,0.05216274295973937,znd_tp_profiles/znd_T0771.43_P03.30.npz,0.8541148339936626,
1684,771.4285714285714,3.4000000000000004,1.0,ok,1954.43584898847,5e-05,847,0.05219793690378587,znd_tp_profiles/znd_T0771.43_P03.40.npz,1.0202750409953296,
1685,771.4285714285714,3.5000000000000004,1.0,ok,1955.2385794897523,5e-05,723,0.05223166760383238,znd_tp_profiles/znd_T0771.43_P03.50.npz,0.8911959999968531,
1686,771.4285714285714,3.6,1.0,ok,1956.0169180179712,5e-05,811,0.05226401917437345,znd_tp_profiles/znd_T0771.43_P03.60.npz,1.014258167000662,
1687,771.4285714285714,3.7,1.0,ok,1956.7698304541245,5e-05,777,0.052295589528208064,znd_tp_profiles/znd_T0771.43_P03.70.npz,0.8858719170020777,
1688,771.4285714285714,3.8000000000000003,1.0,ok,1957.5056698717838,5e-05,836,0.05232500427045281,znd_tp_profiles/znd_T0771.43_P03.80.npz,0.9277074589990661,
1689,771.4285714285714,3.9000000000000004,1.0,ok,1958.2185369012436,5e-05,843,0.05235380018272138,znd_tp_profiles/znd_T0771.43_P03.90.npz,0.9219589159984025,
1690,771.4285714285714,4.0,1.0,ok,1958.9094901347632,5e-05,729,0.0523820562466576,znd_tp_profiles/znd_T0771.43_P04.00.npz,0.834126624999044,
1691,771.4285714285714,4.1,1.0,ok,1959.5866457183663,5e-05,775,0.05240838511475556,znd_tp_profiles/znd_T0771.43_P04.10.npz,0.8505943330019363,
1692,771.4285714285714,4.2,1.0,ok,1960.2437696641177,5e-05,863,0.052434309517204736,znd_tp_profiles/znd_T0771.43_P04.20.npz,0.9442150000031688,
1693,771.4285714285714,4.3,1.0,ok,1960.884139023613,5e-05,829,0.05245938170704514,znd_tp_profiles/znd_T0771.43_P04.30.npz,0.9090107080046437,
1694,771.4285714285714,4.3999999999999995,1.0,ok,1961.5085465669624,5e-05,868,0.05248367342329934,znd_tp_profiles/znd_T0771.43_P04.40.npz,0.8733705839986214,
1695,771.4285714285714,4.5,1.0,ok,1962.1176798388908,5e-05,834,0.05250723110789209,znd_tp_profiles/znd_T0771.43_P04.50.npz,0.8906954999984009,
1696,771.4285714285714,4.6,1.0,ok,1962.7122818649639,5e-05,722,0.05253008737822043,znd_tp_profiles/znd_T0771.43_P04.60.npz,0.8678930830064928,
1697,771.4285714285714,4.7,1.0,ok,1963.2929915341597,5e-05,769,0.052552274357832975,znd_tp_profiles/znd_T0771.43_P04.70.npz,0.8449809590019868,
1698,771.4285714285714,4.8,1.0,ok,1963.8604018760573,5e-05,837,0.052573837277655425,znd_tp_profiles/znd_T0771.43_P04.80.npz,1.0067517920033424,
1699,771.4285714285714,4.9,1.0,ok,1964.415074005602,5e-05,819,0.05259480972709954,znd_tp_profiles/znd_T0771.43_P04.90.npz,0.871663375000935,
1700,771.4285714285714,5.0,1.0,ok,1964.9575576720374,5e-05,838,0.052615218473184004,znd_tp_profiles/znd_T0771.43_P05.00.npz,0.8727989580002031,
1701,785.7142857142858,0.1,1.0,ok,1844.1209846811973,5e-05,535,0.02960877641703647,znd_tp_profiles/znd_T0785.71_P00.10.npz,0.8136852919997182,
1702,785.7142857142858,0.2,1.0,ok,1866.6932769360735,5e-05,588,0.036637796813607224,znd_tp_profiles/znd_T0785.71_P00.20.npz,0.8218814589999965,
1703,785.7142857142858,0.30000000000000004,1.0,ok,1879.7160319723728,5e-05,615,0.04131839910059101,znd_tp_profiles/znd_T0785.71_P00.30.npz,0.9014534579982865,
1704,785.7142857142858,0.4,1.0,ok,1888.8553832638856,5e-05,626,0.044358114270939185,znd_tp_profiles/znd_T0785.71_P00.40.npz,0.8204268749977928,
1705,785.7142857142858,0.5,1.0,ok,1895.8765367358753,5e-05,632,0.04631111206592575,znd_tp_profiles/znd_T0785.71_P00.50.npz,0.826240250004048,
1706,785.7142857142858,0.6,1.0,ok,1901.5685441612022,5e-05,639,0.04758902163668707,znd_tp_profiles/znd_T0785.71_P00.60.npz,0.8188566669996362,
1707,785.7142857142858,0.7000000000000001,1.0,ok,1906.3460199286533,5e-05,645,0.04846045373248488,znd_tp_profiles/znd_T0785.71_P00.70.npz,0.8279037080064882,
1708,785.7142857142858,0.8,1.0,ok,1910.459396140756,5e-05,650,0.04908401375549325,znd_tp_profiles/znd_T0785.71_P00.80.npz,0.8381161670040456,
1709,785.7142857142858,0.9,1.0,ok,1914.063416881301,5e-05,653,0.04955138695183357,znd_tp_profiles/znd_T0785.71_P00.90.npz,0.8398432920002961,
1710,785.7142857142858,1.0,1.0,ok,1917.2654055138269,5e-05,660,0.049915628940059825,znd_tp_profiles/znd_T0785.71_P01.00.npz,0.8217846659972565,
1711,785.7142857142858,1.1,1.0,ok,1920.1493259608953,5e-05,661,0.05020747033121244,znd_tp_profiles/znd_T0785.71_P01.10.npz,0.8692244170015329,
1712,785.7142857142858,1.2000000000000002,1.0,ok,1922.7689868800364,5e-05,665,0.050447561290163166,znd_tp_profiles/znd_T0785.71_P01.20.npz,0.8290188339960878,
1713,785.7142857142858,1.3000000000000003,1.0,ok,1925.1674454532142,5e-05,668,0.050649205175146955,znd_tp_profiles/znd_T0785.71_P01.30.npz,0.8252989160027937,
1714,785.7142857142858,1.4000000000000001,1.0,ok,1927.378104420377,5e-05,672,0.05082150296372315,znd_tp_profiles/znd_T0785.71_P01.40.npz,0.8579185420021531,
1715,785.7142857142858,1.5000000000000002,1.0,ok,1929.4273805083992,5e-05,674,0.05097088670083545,znd_tp_profiles/znd_T0785.71_P01.50.npz,0.8980657499996596,
1716,785.7142857142858,1.6,1.0,ok,1931.3364952741556,5e-05,679,0.05110204406783611,znd_tp_profiles/znd_T0785.71_P01.60.npz,0.8219115000028978,
1717,785.7142857142858,1.7000000000000002,1.0,ok,1933.1228520431378,5e-05,694,0.05121841395204375,znd_tp_profiles/znd_T0785.71_P01.70.npz,0.9200355829962064,
1718,785.7142857142858,1.8000000000000003,1.0,ok,1934.800718985041,5e-05,713,0.05132264844608882,znd_tp_profiles/znd_T0785.71_P01.80.npz,0.8813564579977538,
1719,785.7142857142858,1.9000000000000001,1.0,ok,1936.3821049726378,5e-05,741,0.051416777181770575,znd_tp_profiles/znd_T0785.71_P01.90.npz,0.8549158329988131,
1720,785.7142857142858,2.0,1.0,ok,1937.8771301176505,5e-05,734,0.05150238898106694,znd_tp_profiles/znd_T0785.71_P02.00.npz,0.9063189579974278,
1721,785.7142857142858,2.1,1.0,ok,1939.2943966250216,5e-05,721,0.05158074515014468,znd_tp_profiles/znd_T0785.71_P02.10.npz,0.8696851249987958,
1722,785.7142857142858,2.2,1.0,ok,1940.63885764551,5e-05,725,0.051653369705448204,znd_tp_profiles/znd_T0785.71_P02.20.npz,0.8414202079948154,
1723,785.7142857142858,2.3000000000000003,1.0,ok,1941.924283737612,5e-05,743,0.051719618182766575,znd_tp_profiles/znd_T0785.71_P02.30.npz,0.8949957090007956,
1724,785.7142857142858,2.4000000000000004,1.0,ok,1943.1488757665252,5e-05,774,0.05178164253021804,znd_tp_profiles/znd_T0785.71_P02.40.npz,1.0229975420006667,
1725,785.7142857142858,2.5000000000000004,1.0,ok,1944.3199741602634,5e-05,740,0.051839523241718796,znd_tp_profiles/znd_T0785.71_P02.50.npz,0.88184000000183,
1726,785.7142857142858,2.6,1.0,ok,1945.441877270499,5e-05,760,0.051893739275643364,znd_tp_profiles/znd_T0785.71_P02.60.npz,0.9578932500007795,
1727,785.7142857142858,2.7,1.0,ok,1946.5183917031509,5e-05,766,0.05194469351418772,znd_tp_profiles/znd_T0785.71_P02.70.npz,0.918293624999933,
1728,785.7142857142858,2.8000000000000003,1.0,ok,1947.552904891589,5e-05,793,0.051992731271034896,znd_tp_profiles/znd_T0785.71_P02.80.npz,0.9261348340005497,
1729,785.7142857142858,2.9000000000000004,1.0,ok,1948.5483866652582,5e-05,835,0.05203815465738273,znd_tp_profiles/znd_T0785.71_P02.90.npz,0.9390825829977985,
1730,785.7142857142858,3.0000000000000004,1.0,ok,1949.5077285718128,5e-05,788,0.05208118160784346,znd_tp_profiles/znd_T0785.71_P03.00.npz,0.9590746660032892,
1731,785.7142857142858,3.1,1.0,ok,1950.4331554618223,5e-05,789,0.05212207918022676,znd_tp_profiles/znd_T0785.71_P03.10.npz,0.9714989170024637,
1732,785.7142857142858,3.2,1.0,ok,1951.326980784314,5e-05,772,0.052161017601086566,znd_tp_profiles/znd_T0785.71_P03.20.npz,0.8612937500001863,
1733,785.7142857142858,3.3000000000000003,1.0,ok,1952.188683054829,5e-05,765,0.05219868004636942,znd_tp_profiles/znd_T0785.71_P03.30.npz,0.8597260419992381,
1734,785.7142857142858,3.4000000000000004,1.0,ok,1953.0276091525268,5e-05,756,0.052233684420069176,znd_tp_profiles/znd_T0785.71_P03.40.npz,0.8809433329952299,
1735,785.7142857142858,3.5000000000000004,1.0,ok,1953.8378675893102,5e-05,827,0.05226769001807069,znd_tp_profiles/znd_T0785.71_P03.50.npz,0.8902521670024726,
1736,785.7142857142858,3.6,1.0,ok,1954.6234595331719,5e-05,804,0.052300324086935045,znd_tp_profiles/znd_T0785.71_P03.60.npz,0.8856218329965486,
1737,785.7142857142858,3.7,1.0,ok,1955.385862767625,5e-05,732,0.05233164949645317,znd_tp_profiles/znd_T0785.71_P03.70.npz,0.9940423330044723,
1738,785.7142857142858,3.8000000000000003,1.0,ok,1956.1262807253163,5e-05,804,0.05236178374252564,znd_tp_profiles/znd_T0785.71_P03.80.npz,0.945123457997397,
1739,785.7142857142858,3.9000000000000004,1.0,ok,1956.8459006944431,5e-05,844,0.05239080894837028,znd_tp_profiles/znd_T0785.71_P03.90.npz,0.8933915000015986,
1740,785.7142857142858,4.0,1.0,ok,1957.5458224368358,5e-05,752,0.052418797868913285,znd_tp_profiles/znd_T0785.71_P04.00.npz,0.9450565419974737,
1741,785.7142857142858,4.1,1.0,ok,1958.2270351740558,5e-05,869,0.05244582155577998,znd_tp_profiles/znd_T0785.71_P04.10.npz,1.0324459580006078,
1742,785.7142857142858,4.2,1.0,ok,1958.89046799692,5e-05,794,0.05247194161959162,znd_tp_profiles/znd_T0785.71_P04.20.npz,0.9237350839975988,
1743,785.7142857142858,4.3,1.0,ok,1959.5369859027853,5e-05,826,0.05249721231389843,znd_tp_profiles/znd_T0785.71_P04.30.npz,1.0602078750016517,
1744,785.7142857142858,4.3999999999999995,1.0,ok,1960.1674076059137,5e-05,816,0.05252167855512409,znd_tp_profiles/znd_T0785.71_P04.40.npz,0.9332723330007866,
1745,785.7142857142858,4.5,1.0,ok,1960.7824260172897,5e-05,762,0.05254540674802818,znd_tp_profiles/znd_T0785.71_P04.50.npz,0.9665226669967524,
1746,785.7142857142858,4.6,1.0,ok,1961.3827903360097,5e-05,751,0.052568430505758566,znd_tp_profiles/znd_T0785.71_P04.60.npz,0.8507713750004768,
1747,785.7142857142858,4.7,1.0,ok,1961.9691342961548,5e-05,744,0.05259078573189695,znd_tp_profiles/znd_T0785.71_P04.70.npz,0.8750977079980657,
1748,785.7142857142858,4.8,1.0,ok,1962.54206876224,5e-05,785,0.052612494478731,znd_tp_profiles/znd_T0785.71_P04.80.npz,0.9492927919927752,
1749,785.7142857142858,4.9,1.0,ok,1963.0996081236403,5e-05,762,0.05263416276494013,znd_tp_profiles/znd_T0785.71_P04.90.npz,0.8917083330015885,
1750,785.7142857142858,5.0,1.0,ok,1963.649950195879,5e-05,814,0.052654197167348406,znd_tp_profiles/znd_T0785.71_P05.00.npz,0.9058684169940534,
1751,800.0,0.1,1.0,cached,1841.8908686569066,5e-05,532,0.029580360890804805,znd_tp_profiles/znd_T0800.00_P00.10.npz,0.0,
1752,800.0,0.2,1.0,cached,1864.6056841399447,5e-05,586,0.03653907518740659,znd_tp_profiles/znd_T0800.00_P00.20.npz,0.0,
1753,800.0,0.30000000000000004,1.0,cached,1877.7194892802731,5e-05,610,0.041218328308229114,znd_tp_profiles/znd_T0800.00_P00.30.npz,0.0,
1754,800.0,0.4,1.0,cached,1886.9233280339417,5e-05,624,0.044279913878819514,znd_tp_profiles/znd_T0800.00_P00.40.npz,0.0,
1755,800.0,0.5,1.0,cached,1893.9978046954268,5e-05,634,0.04625787942315189,znd_tp_profiles/znd_T0800.00_P00.50.npz,0.0,
1756,800.0,0.6,1.0,cached,1899.7321026731158,5e-05,639,0.04755653436553552,znd_tp_profiles/znd_T0800.00_P00.60.npz,0.0,
1757,800.0,0.7000000000000001,1.0,cached,1904.5457664131059,5e-05,646,0.04844307001140519,znd_tp_profiles/znd_T0800.00_P00.70.npz,0.0,
1758,800.0,0.8,1.0,cached,1908.6884260053382,5e-05,649,0.04907777366346415,znd_tp_profiles/znd_T0800.00_P00.80.npz,0.0,
1759,800.0,0.9,1.0,cached,1912.3206093195738,5e-05,655,0.049552957518384455,znd_tp_profiles/znd_T0800.00_P00.90.npz,0.0,
1760,800.0,1.0,1.0,cached,1915.5477859910789,5e-05,658,0.04992307391684558,znd_tp_profiles/znd_T0800.00_P01.00.npz,0.0,
1761,800.0,1.1,1.0,cached,1918.4548187555881,5e-05,664,0.050219397652071125,znd_tp_profiles/znd_T0800.00_P01.10.npz,0.0,
1762,800.0,1.2000000000000002,1.0,cached,1921.0956883022764,5e-05,665,0.0504630406780679,znd_tp_profiles/znd_T0800.00_P01.20.npz,0.0,
1763,800.0,1.3000000000000003,1.0,cached,1923.5137605742798,5e-05,671,0.05066752358809529,znd_tp_profiles/znd_T0800.00_P01.30.npz,0.0,
1764,800.0,1.4000000000000001,1.0,cached,1925.7426641084946,5e-05,672,0.05084217341404874,znd_tp_profiles/znd_T0800.00_P01.40.npz,0.0,
1765,800.0,1.5000000000000002,1.0,cached,1927.8089985185966,5e-05,673,0.05099352791206266,znd_tp_profiles/znd_T0800.00_P01.50.npz,0.0,
1766,800.0,1.6,1.0,cached,1929.7341581153419,5e-05,683,0.05112632712172193,znd_tp_profiles/znd_T0800.00_P01.60.npz,0.0,
1767,800.0,1.7000000000000002,1.0,cached,1931.535598642911,5e-05,699,0.05124412078092553,znd_tp_profiles/znd_T0800.00_P01.70.npz,0.0,
1768,800.0,1.8000000000000003,1.0,cached,1933.227768012483,5e-05,695,0.051349589996932385,znd_tp_profiles/znd_T0800.00_P01.80.npz,0.0,
1769,800.0,1.9000000000000001,1.0,cached,1934.8227169819345,5e-05,722,0.05144479004796424,znd_tp_profiles/znd_T0800.00_P01.90.npz,0.0,
1770,800.0,2.0,1.0,cached,1936.3306400586503,5e-05,702,0.05153134523105187,znd_tp_profiles/znd_T0800.00_P02.00.npz,0.0,
1771,800.0,2.1,1.0,cached,1937.7600936012411,5e-05,724,0.051610582464694396,znd_tp_profiles/znd_T0800.00_P02.10.npz,0.0,
1772,800.0,2.2,1.0,cached,1939.1188988981341,5e-05,696,0.05168344524216347,znd_tp_profiles/znd_T0800.00_P02.20.npz,0.0,
1773,800.0,2.3000000000000003,1.0,cached,1940.4130420876766,5e-05,731,0.05175088360201506,znd_tp_profiles/znd_T0800.00_P02.30.npz,0.0,
1774,800.0,2.4000000000000004,1.0,cached,1941.6485460282724,5e-05,766,0.0518135031002914,znd_tp_profiles/znd_T0800.00_P02.40.npz,0.0,
1775,800.0,2.5000000000000004,1.0,cached,1942.8300420108133,5e-05,765,0.05187195738439804,znd_tp_profiles/znd_T0800.00_P02.50.npz,0.0,
1776,800.0,2.6,1.0,cached,1943.9619517984813,5e-05,815,0.051926683131315855,znd_tp_profiles/znd_T0800.00_P02.60.npz,0.0,
1777,800.0,2.7,1.0,cached,1945.048117579766,5e-05,728,0.051978116963726416,znd_tp_profiles/znd_T0800.00_P02.70.npz,0.0,
1778,800.0,2.8000000000000003,1.0,cached,1946.0919424000738,5e-05,787,0.052026591629740236,znd_tp_profiles/znd_T0800.00_P02.80.npz,0.0,
1779,800.0,2.9000000000000004,1.0,cached,1947.0964817520046,5e-05,770,0.0520724157690863,znd_tp_profiles/znd_T0800.00_P02.90.npz,0.0,
1780,800.0,3.0000000000000004,1.0,cached,1948.0644452287122,5e-05,746,0.05211584095434363,znd_tp_profiles/znd_T0800.00_P03.00.npz,0.0,
1781,800.0,3.1,1.0,cached,1948.9983561901292,5e-05,736,0.05215708444651593,znd_tp_profiles/znd_T0800.00_P03.10.npz,0.0,
1782,800.0,3.2,1.0,cached,1949.9003861281467,5e-05,740,0.05219634956063133,znd_tp_profiles/znd_T0800.00_P03.20.npz,0.0,
1783,800.0,3.3000000000000003,1.0,cached,1950.7725372986706,5e-05,762,0.052233813921930494,znd_tp_profiles/znd_T0800.00_P03.30.npz,0.0,
1784,800.0,3.4000000000000004,1.0,cached,1951.6166353310405,5e-05,736,0.05226962931449639,znd_tp_profiles/znd_T0800.00_P03.40.npz,0.0,
1785,800.0,3.5000000000000004,1.0,cached,1952.4344038041909,5e-05,749,0.05230391768002764,znd_tp_profiles/znd_T0800.00_P03.50.npz,0.0,
1786,800.0,3.6,1.0,cached,1953.2246528784829,5e-05,751,0.052337336126714054,znd_tp_profiles/znd_T0800.00_P03.60.npz,0.0,
1787,800.0,3.7,1.0,cached,1953.996828227673,5e-05,800,0.05236838318506292,znd_tp_profiles/znd_T0800.00_P03.70.npz,0.0,
1788,800.0,3.8000000000000003,1.0,cached,1954.7441760261147,5e-05,770,0.052398748659608384,znd_tp_profiles/znd_T0800.00_P03.80.npz,0.0,
1789,800.0,3.9000000000000004,1.0,cached,1955.47057785134,5e-05,876,0.05242799527802736,znd_tp_profiles/znd_T0800.00_P03.90.npz,0.0,
1790,800.0,4.0,1.0,cached,1956.1770875752204,5e-05,853,0.05245620136231232,znd_tp_profiles/znd_T0800.00_P04.00.npz,0.0,
1791,800.0,4.1,1.0,cached,1956.86471097499,5e-05,852,0.05248344331902902,znd_tp_profiles/znd_T0800.00_P04.10.npz,0.0,
1792,800.0,4.2,1.0,cached,1957.5343403235217,5e-05,849,0.05250978022603791,znd_tp_profiles/znd_T0800.00_P04.20.npz,0.0,
1793,800.0,4.3,1.0,cached,1958.1871180603869,5e-05,774,0.05253521911811456,znd_tp_profiles/znd_T0800.00_P04.30.npz,0.0,
1794,800.0,4.3999999999999995,1.0,cached,1958.8235122201133,5e-05,819,0.052559881548113564,znd_tp_profiles/znd_T0800.00_P04.40.npz,0.0,
1795,800.0,4.5,1.0,cached,1959.4444265498144,5e-05,829,0.05258378400918572,znd_tp_profiles/znd_T0800.00_P04.50.npz,0.0,
1796,800.0,4.6,1.0,cached,1960.0505488681677,5e-05,834,0.05260696694459038,znd_tp_profiles/znd_T0800.00_P04.60.npz,0.0,
1797,800.0,4.7,1.0,cached,1960.6425274360915,5e-05,798,0.05262948153402948,znd_tp_profiles/znd_T0800.00_P04.70.npz,0.0,
1798,800.0,4.8,1.0,cached,1961.220944368969,5e-05,818,0.05265137294441425,znd_tp_profiles/znd_T0800.00_P04.80.npz,0.0,
1799,800.0,4.9,1.0,cached,1961.7865067293058,5e-05,791,0.05267263853352833,znd_tp_profiles/znd_T0800.00_P04.90.npz,0.0,
1800,800.0,5.0,1.0,cached,1962.3395826155954,5e-05,805,0.05269334826849787,znd_tp_profiles/znd_T0800.00_P05.00.npz,0.0,
1801,814.2857142857143,0.1,1.0,ok,1839.6579596393235,5e-05,532,0.029557156098785054,znd_tp_profiles/znd_T0814.29_P00.10.npz,0.9097450409972225,
1802,814.2857142857143,0.2,1.0,ok,1862.520453332302,5e-05,586,0.036444093527330995,znd_tp_profiles/znd_T0814.29_P00.20.npz,0.8334401250031078,
1803,814.2857142857143,0.30000000000000004,1.0,ok,1875.7203568675163,5e-05,610,0.041120838066297384,znd_tp_profiles/znd_T0814.29_P00.30.npz,0.8647113749975688,
1804,814.2857142857143,0.4,1.0,ok,1884.9887017781268,5e-05,625,0.04420342623120352,znd_tp_profiles/znd_T0814.29_P00.40.npz,0.8287241250000079,
1805,814.2857142857143,0.5,1.0,ok,1892.1141597538972,5e-05,633,0.04620574208068863,znd_tp_profiles/znd_T0814.29_P00.50.npz,0.8286520839974401,
1806,814.2857142857143,0.6,1.0,ok,1897.8907241704728,5e-05,639,0.04752454029990343,znd_tp_profiles/znd_T0814.29_P00.60.npz,0.8409824170012143,
1807,814.2857142857143,0.7000000000000001,1.0,ok,1902.7405570265007,5e-05,643,0.048426723051289304,znd_tp_profiles/znd_T0814.29_P00.70.npz,1.0943225419978262,
1808,814.2857142857143,0.8,1.0,ok,1906.9148599620019,5e-05,650,0.04907153264837136,znd_tp_profiles/znd_T0814.29_P00.80.npz,0.9419378750026226,
1809,814.2857142857143,0.9,1.0,ok,1910.5717646396236,5e-05,654,0.049555195157404724,znd_tp_profiles/znd_T0814.29_P00.90.npz,0.8803525409966824,
1810,814.2857142857143,1.0,1.0,ok,1913.82482431237,5e-05,660,0.04993120418976118,znd_tp_profiles/znd_T0814.29_P01.00.npz,0.830815082998015,
1811,814.2857142857143,1.1,1.0,ok,1916.757680179312,5e-05,663,0.05023154899266495,znd_tp_profiles/znd_T0814.29_P01.10.npz,0.8535856250018696,
1812,814.2857142857143,1.2000000000000002,1.0,ok,1919.4197455962096,5e-05,665,0.05047873219121913,znd_tp_profiles/znd_T0814.29_P01.20.npz,0.8761370420033927,
1813,814.2857142857143,1.3000000000000003,1.0,ok,1921.8574148381745,5e-05,670,0.05068608117894714,znd_tp_profiles/znd_T0814.29_P01.30.npz,0.8342077089982922,
1814,814.2857142857143,1.4000000000000001,1.0,ok,1924.1045598602009,5e-05,671,0.050863077620364405,znd_tp_profiles/znd_T0814.29_P01.40.npz,0.8526775829959661,
1815,814.2857142857143,1.5000000000000002,1.0,ok,1926.187748016454,5e-05,674,0.051016407224889336,znd_tp_profiles/znd_T0814.29_P01.50.npz,0.8278068750005332,
1816,814.2857142857143,1.6,1.0,ok,1928.128977689705,5e-05,676,0.05115086601344887,znd_tp_profiles/znd_T0814.29_P01.60.npz,0.8318466250057099,
1817,814.2857142857143,1.7000000000000002,1.0,ok,1929.9428827547129,5e-05,690,0.05127058133110927,znd_tp_profiles/znd_T0814.29_P01.70.npz,0.830449041997781,
1818,814.2857142857143,1.8000000000000003,1.0,ok,1931.6521068380468,5e-05,694,0.05137674159017258,znd_tp_profiles/znd_T0814.29_P01.80.npz,0.8509946250051144,
1819,814.2857142857143,1.9000000000000001,1.0,ok,1933.2606055257936,5e-05,715,0.051473018695302186,znd_tp_profiles/znd_T0814.29_P01.90.npz,0.842691541001841,
1820,814.2857142857143,2.0,1.0,ok,1934.78143110438,5e-05,704,0.051560522858870216,znd_tp_profiles/znd_T0814.29_P02.00.npz,0.8474072500030161,
1821,814.2857142857143,2.1,1.0,ok,1936.2232713359729,5e-05,731,0.051640586815214544,znd_tp_profiles/znd_T0814.29_P02.10.npz,0.8502080000034766,
1822,814.2857142857143,2.2,1.0,ok,1937.5937537488996,5e-05,765,0.051714220096207866,znd_tp_profiles/znd_T0814.29_P02.20.npz,0.8995047089993022,
1823,814.2857142857143,2.3000000000000003,1.0,ok,1938.8992557675926,5e-05,770,0.05178231589939821,znd_tp_profiles/znd_T0814.29_P02.30.npz,0.9350482079971698,
1824,814.2857142857143,2.4000000000000004,1.0,ok,1940.1454724078596,5e-05,758,0.051845572290529086,znd_tp_profiles/znd_T0814.29_P02.40.npz,1.0068080420023762,
1825,814.2857142857143,2.5000000000000004,1.0,ok,1941.3373557636655,5e-05,770,0.05190459182431149,znd_tp_profiles/znd_T0814.29_P02.50.npz,0.9143083339949953,
1826,814.2857142857143,2.6,1.0,ok,1942.4792894050609,5e-05,762,0.05195983378341902,znd_tp_profiles/znd_T0814.29_P02.60.npz,0.8591812919985387,
1827,814.2857142857143,2.7,1.0,ok,1943.5750787838722,5e-05,795,0.052011742771906164,znd_tp_profiles/znd_T0814.29_P02.70.npz,0.9291535419979482,
1828,814.2857142857143,2.8000000000000003,1.0,ok,1944.6282185349623,5e-05,783,0.052060657619695104,znd_tp_profiles/znd_T0814.29_P02.80.npz,0.9568879159996868,
1829,814.2857142857143,2.9000000000000004,1.0,ok,1945.6417591426127,5e-05,713,0.052106883273501825,znd_tp_profiles/znd_T0814.29_P02.90.npz,1.017604417000257,
1830,814.2857142857143,3.0000000000000004,1.0,ok,1946.618468436328,5e-05,781,0.05215068369993993,znd_tp_profiles/znd_T0814.29_P03.00.npz,0.8627716249975492,
1831,814.2857142857143,3.1,1.0,ok,1947.560772518967,5e-05,754,0.05219229589155593,znd_tp_profiles/znd_T0814.29_P03.10.npz,0.8522577090043342,
1832,814.2857142857143,3.2,1.0,ok,1948.4709627507734,5e-05,801,0.05223189275143585,znd_tp_profiles/znd_T0814.29_P03.20.npz,0.8692640420049429,
1833,814.2857142857143,3.3000000000000003,1.0,ok,1949.3482128095727,5e-05,803,0.05227023902311584,znd_tp_profiles/znd_T0814.29_P03.30.npz,0.8687209170020651,
1834,814.2857142857143,3.4000000000000004,1.0,ok,1950.2028932310495,5e-05,778,0.0523057626477808,znd_tp_profiles/znd_T0814.29_P03.40.npz,1.0176544170026318,
1835,814.2857142857143,3.5000000000000004,1.0,ok,1951.0281548474238,5e-05,732,0.052340324678623276,znd_tp_profiles/znd_T0814.29_P03.50.npz,0.8487455840004259,
1836,814.2857142857143,3.6,1.0,ok,1951.8283838402779,5e-05,824,0.05237347219643567,znd_tp_profiles/znd_T0814.29_P03.60.npz,0.8945807499985676,
1837,814.2857142857143,3.7,1.0,ok,1952.6049854484531,5e-05,846,0.0524052989883767,znd_tp_profiles/znd_T0814.29_P03.70.npz,0.9938891670026351,
1838,814.2857142857143,3.8000000000000003,1.0,ok,1953.359259097346,5e-05,4161,0.05243591602431718,znd_tp_profiles/znd_T0814.29_P03.80.npz,1.907736584005761,
1839,814.2857142857143,3.9000000000000004,1.0,ok,1954.0923933539382,5e-05,831,0.05246539306669764,znd_tp_profiles/znd_T0814.29_P03.90.npz,0.9702957080007764,
1840,814.2857142857143,4.0,1.0,ok,1954.8054927596288,5e-05,791,0.052493808738060976,znd_tp_profiles/znd_T0814.29_P04.00.npz,0.917621209002391,
1841,814.2857142857143,4.1,1.0,ok,1955.4995702784454,5e-05,826,0.052521245954034276,znd_tp_profiles/znd_T0814.29_P04.10.npz,0.8922539170016535,
1842,814.2857142857143,4.2,1.0,ok,1956.1755755573038,5e-05,774,0.05254776703684486,znd_tp_profiles/znd_T0814.29_P04.20.npz,0.9628667090000818,
1843,814.2857142857143,4.3,1.0,ok,1956.834307350396,5e-05,849,0.05257342472355161,znd_tp_profiles/znd_T0814.29_P04.30.npz,0.8927347079952597,
1844,814.2857142857143,4.3999999999999995,1.0,ok,1957.4767943068223,5e-05,816,0.05259825281115797,znd_tp_profiles/znd_T0814.29_P04.40.npz,0.8634776670005522,
1845,814.2857142857143,4.5,1.0,ok,1958.103590651548,5e-05,814,0.05262233124017418,znd_tp_profiles/znd_T0814.29_P04.50.npz,0.9079257080011303,
1846,814.2857142857143,4.6,1.0,ok,1958.7154628371673,5e-05,899,0.05264569309828549,znd_tp_profiles/znd_T0814.29_P04.60.npz,0.8863963749972754,
1847,814.2857142857143,4.7,1.0,ok,1959.3132206583703,5e-05,839,0.052668342298368406,znd_tp_profiles/znd_T0814.29_P04.70.npz,0.8757720840003458,
1848,814.2857142857143,4.8,1.0,ok,1959.8970518576718,5e-05,854,0.05269040822442531,znd_tp_profiles/znd_T0814.29_P04.80.npz,1.1377310000025318,
1849,814.2857142857143,4.9,1.0,ok,1960.4679666300324,5e-05,821,0.05271184705167202,znd_tp_profiles/znd_T0814.29_P04.90.npz,0.8939502920038649,
1850,814.2857142857143,5.0,1.0,ok,1961.026364306457,5e-05,831,0.05273267030062987,znd_tp_profiles/znd_T0814.29_P05.00.npz,0.8930554170001415,
1851,828.5714285714286,0.1,1.0,ok,1837.4219871018413,5e-05,533,0.029539041955270788,znd_tp_profiles/znd_T0828.57_P00.10.npz,0.8272314999994705,
1852,828.5714285714286,0.2,1.0,ok,1860.4298777812635,5e-05,588,0.036353327182901345,znd_tp_profiles/znd_T0828.57_P00.20.npz,0.8081080419942737,
1853,828.5714285714286,0.30000000000000004,1.0,ok,1873.7184127318426,5e-05,610,0.041025731697608696,znd_tp_profiles/znd_T0828.57_P00.30.npz,0.8329502500055241,
1854,828.5714285714286,0.4,1.0,ok,1883.0512858565419,5e-05,621,0.04412794083403822,znd_tp_profiles/znd_T0828.57_P00.40.npz,0.8195655830058968,
1855,828.5714285714286,0.5,1.0,ok,1890.2277322649447,5e-05,633,0.04615480798416198,znd_tp_profiles/znd_T0828.57_P00.50.npz,0.8788894169993,
1856,828.5714285714286,0.6,1.0,ok,1896.0465691459474,5e-05,638,0.047493626923112146,znd_tp_profiles/znd_T0828.57_P00.60.npz,0.884432958002435,
1857,828.5714285714286,0.7000000000000001,1.0,ok,1900.9296438861702,5e-05,645,0.0484103030615574,znd_tp_profiles/znd_T0828.57_P00.70.npz,0.816222250003193,
1858,828.5714285714286,0.8,1.0,ok,1905.1358542604955,5e-05,651,0.04906632919240607,znd_tp_profiles/znd_T0828.57_P00.80.npz,0.8236857079973561,
1859,828.5714285714286,0.9,1.0,ok,1908.823396236326,5e-05,654,0.04955719480624076,znd_tp_profiles/znd_T0828.57_P00.90.npz,0.849720291000267,
1860,828.5714285714286,1.0,1.0,ok,1912.1045380666455,5e-05,660,0.049938364428576236,znd_tp_profiles/znd_T0828.57_P01.00.npz,0.8542548330005957,
1861,828.5714285714286,1.1,1.0,ok,1915.0577310081178,5e-05,663,0.05024448847097384,znd_tp_profiles/znd_T0828.57_P01.10.npz,0.8279860829934478,
1862,828.5714285714286,1.2000000000000002,1.0,ok,1917.7409844510003,5e-05,668,0.05049435634905718,znd_tp_profiles/znd_T0828.57_P01.20.npz,0.861163082998246,
1863,828.5714285714286,1.3000000000000003,1.0,ok,1920.19531296584,5e-05,671,0.05070513750401406,znd_tp_profiles/znd_T0828.57_P01.30.npz,0.8283536250019097,
1864,828.5714285714286,1.4000000000000001,1.0,ok,1922.4636250654676,5e-05,672,0.050883992768606896,znd_tp_profiles/znd_T0828.57_P01.40.npz,0.8706463750058901,
1865,828.5714285714286,1.5000000000000002,1.0,ok,1924.5640520575105,5e-05,673,0.05103934846461929,znd_tp_profiles/znd_T0828.57_P01.50.npz,0.8923367919996963,
1866,828.5714285714286,1.6,1.0,ok,1926.5212349874685,5e-05,676,0.05117555937231141,znd_tp_profiles/znd_T0828.57_P01.60.npz,0.9074876250015222,
1867,828.5714285714286,1.7000000000000002,1.0,ok,1928.3528669144264,5e-05,690,0.05129617666099765,znd_tp_profiles/znd_T0828.57_P01.70.npz,0.9232585419958923,
1868,828.5714285714286,1.8000000000000003,1.0,ok,1930.0736106337165,5e-05,692,0.051404104379488,znd_tp_profiles/znd_T0828.57_P01.80.npz,0.8297890829999233,
1869,828.5714285714286,1.9000000000000001,1.0,ok,1931.6956437039569,5e-05,706,0.05150145885456158,znd_tp_profiles/znd_T0828.57_P01.90.npz,0.8934680829988793,
1870,828.5714285714286,2.0,1.0,ok,1933.2293522250163,5e-05,719,0.0515899144347277,znd_tp_profiles/znd_T0828.57_P02.00.npz,0.8685009589971742,
1871,828.5714285714286,2.1,1.0,ok,1934.6835281971605,5e-05,815,0.05167080442950331,znd_tp_profiles/znd_T0828.57_P02.10.npz,0.9581874159994186,
1872,828.5714285714286,2.2,1.0,ok,1936.0657220718435,5e-05,742,0.051745205367960345,znd_tp_profiles/znd_T0828.57_P02.20.npz,0.8704520829996909,
1873,828.5714285714286,2.3000000000000003,1.0,ok,1937.382482778564,5e-05,742,0.051813982496115324,znd_tp_profiles/znd_T0828.57_P02.30.npz,0.9378262919999543,
1874,828.5714285714286,2.4000000000000004,1.0,ok,1938.6395055325947,5e-05,770,0.05187785855807469,znd_tp_profiles/znd_T0828.57_P02.40.npz,0.9259096669993596,
1875,828.5714285714286,2.5000000000000004,1.0,ok,1939.841772653258,5e-05,781,0.05193742458859186,znd_tp_profiles/znd_T0828.57_P02.50.npz,0.891404458998295,
1876,828.5714285714286,2.6,1.0,ok,1940.993689382859,5e-05,761,0.05199318907680131,znd_tp_profiles/znd_T0828.57_P02.60.npz,0.8568052500049816,
1877,828.5714285714286,2.7,1.0,ok,1942.0991361767663,5e-05,777,0.05204557055742447,znd_tp_profiles/znd_T0828.57_P02.70.npz,0.9292528330042842,
1878,828.5714285714286,2.8000000000000003,1.0,ok,1943.1615335391111,5e-05,736,0.05209493059755359,znd_tp_profiles/znd_T0828.57_P02.80.npz,0.8442319579989999,
1879,828.5714285714286,2.9000000000000004,1.0,ok,1944.181108887816,5e-05,712,0.052142159055151016,znd_tp_profiles/znd_T0828.57_P02.90.npz,0.8338522920021205,
1880,828.5714285714286,3.0000000000000004,1.0,ok,1945.169513143427,5e-05,801,0.052185732120984304,znd_tp_profiles/znd_T0828.57_P03.00.npz,0.8657001250030589,
1881,828.5714285714286,3.1,1.0,ok,1946.120267065009,5e-05,759,0.05222769391233054,znd_tp_profiles/znd_T0828.57_P03.10.npz,0.9094038750045002,
1882,828.5714285714286,3.2,1.0,ok,1947.0386299986574,5e-05,780,0.05226762416460274,znd_tp_profiles/znd_T0828.57_P03.20.npz,0.9888280419982038,
1883,828.5714285714286,3.3000000000000003,1.0,ok,1947.926665762994,5e-05,769,0.05230571076800451,znd_tp_profiles/znd_T0828.57_P03.30.npz,1.0149580419965787,
1884,828.5714285714286,3.4000000000000004,1.0,ok,1948.786207019328,5e-05,809,0.05234211758343688,znd_tp_profiles/znd_T0828.57_P03.40.npz,0.9697123339938116,
1885,828.5714285714286,3.5000000000000004,1.0,ok,1949.61896998599,5e-05,806,0.052376953103032475,znd_tp_profiles/znd_T0828.57_P03.50.npz,0.9818608749992563,
1886,828.5714285714286,3.6,1.0,ok,1950.4263256706338,5e-05,797,0.052410370769348985,znd_tp_profiles/znd_T0828.57_P03.60.npz,0.9307185420038877,
1887,828.5714285714286,3.7,1.0,ok,1951.2102188588199,5e-05,806,0.05244242293397643,znd_tp_profiles/znd_T0828.57_P03.70.npz,0.8749795419935253,
1888,828.5714285714286,3.8000000000000003,1.0,ok,1951.971176785116,5e-05,813,0.052473315245242076,znd_tp_profiles/znd_T0828.57_P03.80.npz,0.8843199580005603,
1889,828.5714285714286,3.9000000000000004,1.0,ok,1952.7112786160417,5e-05,1250,0.05250296472035702,znd_tp_profiles/znd_T0828.57_P03.90.npz,1.1490265829997952,
1890,828.5714285714286,4.0,1.0,ok,1953.427925279704,5e-05,795,0.05253221126365878,znd_tp_profiles/znd_T0828.57_P04.00.npz,0.8763108329949318,
1891,828.5714285714286,4.1,1.0,ok,1954.1314768690606,5e-05,807,0.05255923666816452,znd_tp_profiles/znd_T0828.57_P04.10.npz,0.9463421249965904,
1892,828.5714285714286,4.2,1.0,ok,1954.8137611444681,5e-05,796,0.05258594888382868,znd_tp_profiles/znd_T0828.57_P04.20.npz,1.0453627500028233,
1893,828.5714285714286,4.3,1.0,ok,1955.4787056111488,5e-05,770,0.052611797842602226,znd_tp_profiles/znd_T0828.57_P04.30.npz,0.9268978330001119,
1894,828.5714285714286,4.3999999999999995,1.0,ok,1956.1271474206956,5e-05,838,0.05263682450617574,znd_tp_profiles/znd_T0828.57_P04.40.npz,0.9596587090054527,
1895,828.5714285714286,4.5,1.0,ok,1956.7597946184096,5e-05,827,0.052661079538043665,znd_tp_profiles/znd_T0828.57_P04.50.npz,1.170041500001389,
1896,828.5714285714286,4.6,1.0,ok,1957.377416447566,5e-05,825,0.05268459217590229,znd_tp_profiles/znd_T0828.57_P04.60.npz,1.0161677919968497,
1897,828.5714285714286,4.7,1.0,ok,1957.980655942127,5e-05,815,0.05270743383253814,znd_tp_profiles/znd_T0828.57_P04.70.npz,0.8742244580062106,
1898,828.5714285714286,4.8,1.0,ok,1958.5701528129837,5e-05,786,0.052729615817260746,znd_tp_profiles/znd_T0828.57_P04.80.npz,1.1300056670006597,
1899,828.5714285714286,4.9,1.0,ok,1959.146475079723,5e-05,866,0.052751200275590986,znd_tp_profiles/znd_T0828.57_P04.90.npz,0.9643610419952893,
1900,828.5714285714286,5.0,1.0,ok,1959.7100286423029,5e-05,778,0.05277221426516912,znd_tp_profiles/znd_T0828.57_P05.00.npz,0.9616750419954769,
1901,842.8571428571429,0.1,1.0,ok,1835.1826701471696,5e-05,534,0.029525901093188298,znd_tp_profiles/znd_T0842.86_P00.10.npz,0.9101074999998673,
1902,842.8571428571429,0.2,1.0,ok,1858.3361250025487,5e-05,588,0.0362665721245443,znd_tp_profiles/znd_T0842.86_P00.20.npz,0.9091741249940242,
1903,842.8571428571429,0.30000000000000004,1.0,ok,1871.7103181039763,5e-05,609,0.040933243118830356,znd_tp_profiles/znd_T0842.86_P00.30.npz,0.8280271660041763,
1904,842.8571428571429,0.4,1.0,ok,1881.1108416367972,5e-05,624,0.0440537158441941,znd_tp_profiles/znd_T0842.86_P00.40.npz,0.9608599170023808,
1905,842.8571428571429,0.5,1.0,ok,1888.3381248610126,5e-05,632,0.04610335919871229,znd_tp_profiles/znd_T0842.86_P00.50.npz,0.8936129169960623,
1906,842.8571428571429,0.6,1.0,ok,1894.199416112864,5e-05,638,0.047462317079146416,znd_tp_profiles/znd_T0842.86_P00.60.npz,0.9610757920017932,
1907,842.8571428571429,0.7000000000000001,1.0,ok,1899.1215730852505,5e-05,644,0.0483938346782944,znd_tp_profiles/znd_T0842.86_P00.70.npz,0.9735292500045034,
1908,842.8571428571429,0.8,1.0,ok,1903.3591612157238,5e-05,650,0.04906142796464102,znd_tp_profiles/znd_T0842.86_P00.80.npz,0.8749635420026607,
1909,842.8571428571429,0.9,1.0,ok,1907.0720244595802,5e-05,654,0.04956037152609462,znd_tp_profiles/znd_T0842.86_P00.90.npz,0.840827125000942,
1910,842.8571428571429,1.0,1.0,ok,1910.3753904013583,5e-05,659,0.04994772847891657,znd_tp_profiles/znd_T0842.86_P01.00.npz,0.9589705000034883,
1911,842.8571428571429,1.1,1.0,ok,1913.3548614618528,5e-05,663,0.05025677263812516,znd_tp_profiles/znd_T0842.86_P01.10.npz,1.3752773749947664,
1912,842.8571428571429,1.2000000000000002,1.0,ok,1916.0592132697436,5e-05,669,0.05051085990993863,znd_tp_profiles/znd_T0842.86_P01.20.npz,2.046624791000795,
1913,842.8571428571429,1.3000000000000003,1.0,ok,1918.5357946301867,5e-05,670,0.05072383395705438,znd_tp_profiles/znd_T0842.86_P01.30.npz,1.3754184170029475,
1914,842.8571428571429,1.4000000000000001,1.0,ok,1920.8195644490213,5e-05,673,0.05090536888436164,znd_tp_profiles/znd_T0842.86_P01.40.npz,1.2608686669991584,
1915,842.8571428571429,1.5000000000000002,1.0,ok,1922.9371354675482,5e-05,675,0.0510624940224039,znd_tp_profiles/znd_T0842.86_P01.50.npz,1.0367640839976957,
1916,842.8571428571429,1.6,1.0,ok,1924.9103129564478,5e-05,678,0.05120020827027251,znd_tp_profiles/znd_T0842.86_P01.60.npz,0.9856939159944886,
1917,842.8571428571429,1.7000000000000002,1.0,ok,1926.7570400852014,5e-05,685,0.0513231637571896,znd_tp_profiles/znd_T0842.86_P01.70.npz,0.872918542001571,
1918,842.8571428571429,1.8000000000000003,1.0,ok,1928.4920377159506,5e-05,706,0.051432308174220766,znd_tp_profiles/znd_T0842.86_P01.80.npz,0.9194966249997378,
1919,842.8571428571429,1.9000000000000001,1.0,ok,1930.1276295866705,5e-05,714,0.051529799679806344,znd_tp_profiles/znd_T0842.86_P01.90.npz,0.851628417003667,
1920,842.8571428571429,2.0,1.0,ok,1931.674226920584,5e-05,726,0.05161921868541893,znd_tp_profiles/znd_T0842.86_P02.00.npz,0.9900890409990097,
1921,842.8571428571429,2.1,1.0,ok,1933.1406998141977,5e-05,754,0.05170097590995441,znd_tp_profiles/znd_T0842.86_P02.10.npz,1.0413213330029976,
1922,842.8571428571429,2.2,1.0,ok,1934.5346394147364,5e-05,758,0.051776176879247925,znd_tp_profiles/znd_T0842.86_P02.20.npz,1.1584898330038413,
1923,842.8571428571429,2.3000000000000003,1.0,ok,1935.8626555108117,5e-05,764,0.051845672676174154,znd_tp_profiles/znd_T0842.86_P02.30.npz,1.0117399579976336,
1924,842.8571428571429,2.4000000000000004,1.0,ok,1937.1304762346228,5e-05,757,0.05191022280757464,znd_tp_profiles/znd_T0842.86_P02.40.npz,1.0339057079982013,
1925,842.8571428571429,2.5000000000000004,1.0,ok,1938.3429745969565,5e-05,745,0.05197044212315041,znd_tp_profiles/znd_T0842.86_P02.50.npz,0.8614621669985354,
1926,842.8571428571429,2.6,1.0,ok,1939.505033943532,5e-05,770,0.05202673788801338,znd_tp_profiles/znd_T0842.86_P02.60.npz,0.8694400829990627,
1927,842.8571428571429,2.7,1.0,ok,1940.6201380974146,5e-05,748,0.052079577397475985,znd_tp_profiles/znd_T0842.86_P02.70.npz,0.862111125003139,
1928,842.8571428571429,2.8000000000000003,1.0,ok,1941.6918692498875,5e-05,745,0.052129369453924705,znd_tp_profiles/znd_T0842.86_P02.80.npz,0.8607043749943841,
1929,842.8571428571429,2.9000000000000004,1.0,ok,1942.723387727844,5e-05,818,0.05217641977717995,znd_tp_profiles/znd_T0842.86_P02.90.npz,0.9043297919997713,
1930,842.8571428571429,3.0000000000000004,1.0,ok,1943.7175098497248,5e-05,766,0.05222097010016462,znd_tp_profiles/znd_T0842.86_P03.00.npz,0.9001665830001002,
1931,842.8571428571429,3.1,1.0,ok,1944.6766700472026,5e-05,741,0.05226327981654117,znd_tp_profiles/znd_T0842.86_P03.10.npz,0.8916307909967145,
1932,842.8571428571429,3.2,1.0,ok,1945.6032202549861,5e-05,745,0.05230354301032763,znd_tp_profiles/znd_T0842.86_P03.20.npz,1.0850284580010339,
1933,842.8571428571429,3.3000000000000003,1.0,ok,1946.4991823868481,5e-05,782,0.052341936563699516,znd_tp_profiles/znd_T0842.86_P03.30.npz,1.070535500002734,
1934,842.8571428571429,3.4000000000000004,1.0,ok,1947.3664359222334,5e-05,797,0.052378621617345314,znd_tp_profiles/znd_T0842.86_P03.40.npz,1.0557992500034743,
1935,842.8571428571429,3.5000000000000004,1.0,ok,1948.2066896356887,5e-05,780,0.052413744274822906,znd_tp_profiles/znd_T0842.86_P03.50.npz,0.9636448750025011,
1936,842.8571428571429,3.6,1.0,ok,1949.021501056757,5e-05,784,0.052447391688733816,znd_tp_profiles/znd_T0842.86_P03.60.npz,0.8672748750032042,
1937,842.8571428571429,3.7,1.0,ok,1949.8124270630012,5e-05,831,0.05247970321839956,znd_tp_profiles/znd_T0842.86_P03.70.npz,0.8813407080015168,
1938,842.8571428571429,3.8000000000000003,1.0,ok,1950.5804306347943,5e-05,836,0.05251079398852926,znd_tp_profiles/znd_T0842.86_P03.80.npz,1.2223717920060153,
1939,842.8571428571429,3.9000000000000004,1.0,ok,1951.3238471025204,5e-05,781,0.05254137341635143,znd_tp_profiles/znd_T0842.86_P03.90.npz,1.033255583999562,
1940,842.8571428571429,4.0,1.0,ok,1952.0533342555118,5e-05,787,0.0525695655026106,znd_tp_profiles/znd_T0842.86_P04.00.npz,0.9240592919959454,
1941,842.8571428571429,4.1,1.0,ok,1952.760270767418,5e-05,789,0.05259741231826809,znd_tp_profiles/znd_T0842.86_P04.10.npz,0.9641922090013395,
1942,842.8571428571429,4.2,1.0,ok,1953.4456136901524,5e-05,811,0.05262499053460222,znd_tp_profiles/znd_T0842.86_P04.20.npz,0.8938257080008043,
1943,842.8571428571429,4.3,1.0,ok,1954.119919260773,5e-05,746,0.05265036407145433,znd_tp_profiles/znd_T0842.86_P04.30.npz,0.9023312499994063,
1944,842.8571428571429,4.3999999999999995,1.0,ok,1954.774345112749,5e-05,803,0.05267556518459017,znd_tp_profiles/znd_T0842.86_P04.40.npz,0.9080660420004278,
1945,842.8571428571429,4.5,1.0,ok,1955.4127725454775,5e-05,851,0.052700012616800435,znd_tp_profiles/znd_T0842.86_P04.50.npz,0.8813395000033779,
1946,842.8571428571429,4.6,1.0,ok,1956.0362539675589,5e-05,802,0.052723682308849905,znd_tp_profiles/znd_T0842.86_P04.60.npz,0.994057874995633,
1947,842.8571428571429,4.7,1.0,ok,1956.6451278915554,5e-05,803,0.0527466829493852,znd_tp_profiles/znd_T0842.86_P04.70.npz,0.8763953340021544,
1948,842.8571428571429,4.8,1.0,ok,1957.2401375988977,5e-05,843,0.05276902974933374,znd_tp_profiles/znd_T0842.86_P04.80.npz,0.8793390840000939,
1949,842.8571428571429,4.9,1.0,ok,1957.8218650607218,5e-05,776,0.05279075892771956,znd_tp_profiles/znd_T0842.86_P04.90.npz,0.8793755000006058,
1950,842.8571428571429,5.0,1.0,ok,1958.3908656509354,5e-05,740,0.052811896775302625,znd_tp_profiles/znd_T0842.86_P05.00.npz,0.9254809170015506,
1951,857.1428571428572,0.1,1.0,ok,1832.9396853640499,5e-05,536,0.029517626490208497,znd_tp_profiles/znd_T0857.14_P00.10.npz,0.8259952500011423,
1952,857.1428571428572,0.2,1.0,ok,1856.2389614508213,5e-05,587,0.03618376973993251,znd_tp_profiles/znd_T0857.14_P00.20.npz,0.8067362500005402,
1953,857.1428571428572,0.30000000000000004,1.0,ok,1869.7050645642976,5e-05,609,0.04084306082024168,znd_tp_profiles/znd_T0857.14_P00.30.npz,0.8452426250005374,
1954,857.1428571428572,0.4,1.0,ok,1879.167104624099,5e-05,622,0.043980823643499416,znd_tp_profiles/znd_T0857.14_P00.40.npz,0.8175636660016607,
1955,857.1428571428572,0.5,1.0,ok,1886.4455957099913,5e-05,632,0.046052875294236226,znd_tp_profiles/znd_T0857.14_P00.50.npz,0.8099822500007576,
1956,857.1428571428572,0.6,1.0,ok,1892.3490315362956,5e-05,636,0.04743146233480806,znd_tp_profiles/znd_T0857.14_P00.60.npz,0.8162495420037885,
1957,857.1428571428572,0.7000000000000001,1.0,ok,1897.3073542235147,5e-05,644,0.04837771499559001,znd_tp_profiles/znd_T0857.14_P00.70.npz,0.8831683750031516,
1958,857.1428571428572,0.8,1.0,ok,1901.576576614373,5e-05,649,0.049055460664130884,znd_tp_profiles/znd_T0857.14_P00.80.npz,0.8340332919979119,
1959,857.1428571428572,0.9,1.0,ok,1905.3174160780202,5e-05,653,0.04956259763847264,znd_tp_profiles/znd_T0857.14_P00.90.npz,0.8327945409982931,
1960,857.1428571428572,1.0,1.0,ok,1908.6490568148013,5e-05,657,0.04995560870122248,znd_tp_profiles/znd_T0857.14_P01.00.npz,0.8175095830010832,
1961,857.1428571428572,1.1,1.0,ok,1911.6485984259934,5e-05,663,0.0502698940491153,znd_tp_profiles/znd_T0857.14_P01.10.npz,0.8230197919983766,
1962,857.1428571428572,1.2000000000000002,1.0,ok,1914.3741995284024,5e-05,666,0.0505277138875666,znd_tp_profiles/znd_T0857.14_P01.20.npz,0.8279189579989179,
1963,857.1428571428572,1.3000000000000003,1.0,ok,1916.8673305085506,5e-05,670,0.05074482325744995,znd_tp_profiles/znd_T0857.14_P01.30.npz,0.827897999995912,
1964,857.1428571428572,1.4000000000000001,1.0,ok,1919.1724872085772,5e-05,674,0.050927974108063497,znd_tp_profiles/znd_T0857.14_P01.40.npz,0.8288290410055197,
1965,857.1428571428572,1.5000000000000002,1.0,ok,1921.3069938247304,5e-05,675,0.051086927507818264,znd_tp_profiles/znd_T0857.14_P01.50.npz,0.8195228339973255,
1966,857.1428571428572,1.6,1.0,ok,1923.2961593699372,5e-05,678,0.05122615819434453,znd_tp_profiles/znd_T0857.14_P01.60.npz,0.868161708000116,
1967,857.1428571428572,1.7000000000000002,1.0,ok,1925.1579647120523,5e-05,682,0.051349466543219,znd_tp_profiles/znd_T0857.14_P01.70.npz,0.9725456669984851,
1968,857.1428571428572,1.8000000000000003,1.0,ok,1926.9072259070585,5e-05,698,0.05145969342428961,znd_tp_profiles/znd_T0857.14_P01.80.npz,0.8422706669953186,
1969,857.1428571428572,1.9000000000000001,1.0,ok,1928.553023166135,5e-05,709,0.05155972686006877,znd_tp_profiles/znd_T0857.14_P01.90.npz,0.8352688340019085,
1970,857.1428571428572,2.0,1.0,ok,1930.1158592118386,5e-05,711,0.051649313953815286,znd_tp_profiles/znd_T0857.14_P02.00.npz,0.8298457090058946,
1971,857.1428571428572,2.1,1.0,ok,1931.5946197407598,5e-05,732,0.05173179787108844,znd_tp_profiles/znd_T0857.14_P02.10.npz,0.8379836669992073,
1972,857.1428571428572,2.2,1.0,ok,1933.000294252937,5e-05,737,0.05180763270156985,znd_tp_profiles/znd_T0857.14_P02.20.npz,0.8721843329985859,
1973,857.1428571428572,2.3000000000000003,1.0,ok,1934.33956388785,5e-05,739,0.051877708479558006,znd_tp_profiles/znd_T0857.14_P02.30.npz,0.8513800830041873,
1974,857.1428571428572,2.4000000000000004,1.0,ok,1935.6181994850444,5e-05,745,0.051942759890452904,znd_tp_profiles/znd_T0857.14_P02.40.npz,0.8407898750010645,
1975,857.1428571428572,2.5000000000000004,1.0,ok,1936.8412118387105,5e-05,785,0.05200342073636091,znd_tp_profiles/znd_T0857.14_P02.50.npz,0.9332849999991595,
1976,857.1428571428572,2.6,1.0,ok,1938.0131309712053,5e-05,730,0.05206018069372795,znd_tp_profiles/znd_T0857.14_P02.60.npz,0.8446970000004512,
1977,857.1428571428572,2.7,1.0,ok,1939.1378308493083,5e-05,783,0.0521144548297379,znd_tp_profiles/znd_T0857.14_P02.70.npz,0.9041942090043449,
1978,857.1428571428572,2.8000000000000003,1.0,ok,1940.2155095483122,5e-05,803,0.052165363899157324,znd_tp_profiles/znd_T0857.14_P02.80.npz,0.8619192909973208,
1979,857.1428571428572,2.9000000000000004,1.0,ok,1941.2594993078528,5e-05,708,0.05221210590912926,znd_tp_profiles/znd_T0857.14_P02.90.npz,0.8272289170054137,
1980,857.1428571428572,3.0000000000000004,1.0,ok,1942.26219300772,5e-05,742,0.05225606555558144,znd_tp_profiles/znd_T0857.14_P03.00.npz,1.0035653750019264,
1981,857.1428571428572,3.1,1.0,ok,1943.2298003727917,5e-05,775,0.05229873670641019,znd_tp_profiles/znd_T0857.14_P03.10.npz,0.8778451249963837,
1982,857.1428571428572,3.2,1.0,ok,1944.161140606808,5e-05,760,0.052340009111347514,znd_tp_profiles/znd_T0857.14_P03.20.npz,0.8631343750021188,
1983,857.1428571428572,3.3000000000000003,1.0,ok,1945.0684120824237,5e-05,771,0.05237804523887747,znd_tp_profiles/znd_T0857.14_P03.30.npz,0.8876574590030941,
1984,857.1428571428572,3.4000000000000004,1.0,ok,1945.9433782520118,5e-05,806,0.05241504976533814,znd_tp_profiles/znd_T0857.14_P03.40.npz,0.9971582080033841,
1985,857.1428571428572,3.5000000000000004,1.0,ok,1946.791127580511,5e-05,756,0.052450461235403124,znd_tp_profiles/znd_T0857.14_P03.50.npz,0.8711238340038108,
1986,857.1428571428572,3.6,1.0,ok,1947.613227619568,5e-05,816,0.05248441993557032,znd_tp_profiles/znd_T0857.14_P03.60.npz,0.8631479169998784,
1987,857.1428571428572,3.7,1.0,ok,1948.411135564293,5e-05,818,0.05251701928696607,znd_tp_profiles/znd_T0857.14_P03.70.npz,0.8740212919947226,
1988,857.1428571428572,3.8000000000000003,1.0,ok,1949.1861746408488,5e-05,822,0.05254836423577779,znd_tp_profiles/znd_T0857.14_P03.80.npz,0.8876873339977465,
1989,857.1428571428572,3.9000000000000004,1.0,ok,1949.9395498257095,5e-05,807,0.05257854797282984,znd_tp_profiles/znd_T0857.14_P03.90.npz,0.8709563330048695,
1990,857.1428571428572,4.0,1.0,ok,1950.6724090535806,5e-05,782,0.05260764614763213,znd_tp_profiles/znd_T0857.14_P04.00.npz,0.8685874160000822,
1991,857.1428571428572,4.1,1.0,ok,1951.3857732559984,5e-05,772,0.052635735153227926,znd_tp_profiles/znd_T0857.14_P04.10.npz,0.880888915999094,
1992,857.1428571428572,4.2,1.0,ok,1952.080497970352,5e-05,727,0.052662897665933135,znd_tp_profiles/znd_T0857.14_P04.20.npz,0.8342582080003922,
1993,857.1428571428572,4.3,1.0,ok,1952.754430773385,5e-05,764,0.05268978344226805,znd_tp_profiles/znd_T0857.14_P04.30.npz,0.8595332920012879,
1994,857.1428571428572,4.3999999999999995,1.0,ok,1953.4182637410847,5e-05,736,0.052714470697713504,znd_tp_profiles/znd_T0857.14_P04.40.npz,0.8974332500001765,
1995,857.1428571428572,4.5,1.0,ok,1954.0626704536571,5e-05,750,0.052739068151974454,znd_tp_profiles/znd_T0857.14_P04.50.npz,0.8402319590022671,
1996,857.1428571428572,4.6,1.0,ok,1954.6917943517194,5e-05,810,0.05276292480883671,znd_tp_profiles/znd_T0857.14_P04.60.npz,0.9165229170030216,
1997,857.1428571428572,4.7,1.0,ok,1955.306291859333,5e-05,807,0.052786086425573225,znd_tp_profiles/znd_T0857.14_P04.70.npz,0.8738392499944894,
1998,857.1428571428572,4.8,1.0,ok,1955.9068209067375,5e-05,865,0.05280858746424393,znd_tp_profiles/znd_T0857.14_P04.80.npz,0.9154118329970515,
1999,857.1428571428572,4.9,1.0,ok,1956.4940715539117,5e-05,815,0.05283042431656721,znd_tp_profiles/znd_T0857.14_P04.90.npz,0.8720659159953357,
2000,857.1428571428572,5.0,1.0,ok,1957.0680653581041,5e-05,758,0.052851783926731226,znd_tp_profiles/znd_T0857.14_P05.00.npz,0.8463666249954258,
2001,871.4285714285714,0.1,1.0,ok,1830.6926966943336,5e-05,538,0.02951410629407898,znd_tp_profiles/znd_T0871.43_P00.10.npz,0.8046812499960652,
2002,871.4285714285714,0.2,1.0,ok,1854.1345453122271,5e-05,588,0.03610490649977765,znd_tp_profiles/znd_T0871.43_P00.20.npz,0.8034672089997912,
2003,871.4285714285714,0.30000000000000004,1.0,ok,1867.6930854602942,5e-05,610,0.04075548922607358,znd_tp_profiles/znd_T0871.43_P00.30.npz,0.8097541670067585,
2004,871.4285714285714,0.4,1.0,ok,1877.219804944433,5e-05,622,0.043909252559139626,znd_tp_profiles/znd_T0871.43_P00.40.npz,0.8375606249974226,
2005,871.4285714285714,0.5,1.0,ok,1884.5493569333237,5e-05,632,0.04600309665015154,znd_tp_profiles/znd_T0871.43_P00.50.npz,0.8189584159990773,
2006,871.4285714285714,0.6,1.0,ok,1890.49509014615,5e-05,638,0.047400893053165534,znd_tp_profiles/znd_T0871.43_P00.60.npz,0.938345415997901,
2007,871.4285714285714,0.7000000000000001,1.0,ok,1895.4896232934284,5e-05,643,0.04836181967811728,znd_tp_profiles/znd_T0871.43_P00.70.npz,0.8295745829964289,
2008,871.4285714285714,0.8,1.0,ok,1899.7870759810398,5e-05,651,0.04905075780802081,znd_tp_profiles/znd_T0871.43_P00.80.npz,0.8429096670006402,
2009,871.4285714285714,0.9,1.0,ok,1903.5593136441403,5e-05,655,0.049565228249142064,znd_tp_profiles/znd_T0871.43_P00.90.npz,0.9041675000044052,
2010,871.4285714285714,1.0,1.0,ok,1906.9165048991476,5e-05,656,0.04996405764253069,znd_tp_profiles/znd_T0871.43_P01.00.npz,0.8150894999998854,
2011,871.4285714285714,1.1,1.0,ok,1909.9389168800294,5e-05,661,0.050282877502334795,znd_tp_profiles/znd_T0871.43_P01.10.npz,0.8166751669996302,
2012,871.4285714285714,1.2000000000000002,1.0,ok,1912.6857104191656,5e-05,665,0.05054424147943605,znd_tp_profiles/znd_T0871.43_P01.20.npz,0.847173667003517,
2013,871.4285714285714,1.3000000000000003,1.0,ok,1915.2017469660002,5e-05,669,0.05076302387621113,znd_tp_profiles/znd_T0871.43_P01.30.npz,0.8481175410051947,
2014,871.4285714285714,1.4000000000000001,1.0,ok,1917.5218472239426,5e-05,672,0.05094938358599061,znd_tp_profiles/znd_T0871.43_P01.40.npz,0.8347076249992824,
2015,871.4285714285714,1.5000000000000002,1.0,ok,1919.6733293571453,5e-05,674,0.05111053045706987,znd_tp_profiles/znd_T0871.43_P01.50.npz,0.967133999998623,
2016,871.4285714285714,1.6,1.0,ok,1921.6785123901086,5e-05,672,0.05125160849466647,znd_tp_profiles/znd_T0871.43_P01.60.npz,0.8279945419999422,
2017,871.4285714285714,1.7000000000000002,1.0,ok,1923.5554008179251,5e-05,678,0.051376500767810515,znd_tp_profiles/znd_T0871.43_P01.70.npz,0.8750557500025025,
2018,871.4285714285714,1.8000000000000003,1.0,ok,1925.3154044899902,5e-05,695,0.051488782821703785,znd_tp_profiles/znd_T0871.43_P01.80.npz,0.8393127910021576,
2019,871.4285714285714,1.9000000000000001,1.0,ok,1926.9816069122305,5e-05,717,0.05158866878851169,znd_tp_profiles/znd_T0871.43_P01.90.npz,0.8715081249974901,
2020,871.4285714285714,2.0,1.0,ok,1928.5504378992407,5e-05,693,0.05168138059156724,znd_tp_profiles/znd_T0871.43_P02.00.npz,0.8298634590028087,
2021,871.4285714285714,2.1,1.0,ok,1930.0450359304475,5e-05,723,0.05176390742885945,znd_tp_profiles/znd_T0871.43_P02.10.npz,0.8411252500009141,
2022,871.4285714285714,2.2,1.0,ok,1931.4624579373578,5e-05,713,0.05184039088260088,znd_tp_profiles/znd_T0871.43_P02.20.npz,0.9415129590051947,
2023,871.4285714285714,2.3000000000000003,1.0,ok,1932.8129759941282,5e-05,728,0.05191103691356246,znd_tp_profiles/znd_T0871.43_P02.30.npz,0.8514061660025618,
2024,871.4285714285714,2.4000000000000004,1.0,ok,1934.102466792328,5e-05,743,0.05197659611824083,znd_tp_profiles/znd_T0871.43_P02.40.npz,0.8427190000002156,
2025,871.4285714285714,2.5000000000000004,1.0,ok,1935.3322476031258,5e-05,763,0.05203844029600989,znd_tp_profiles/znd_T0871.43_P02.50.npz,0.8539396660053171,
2026,871.4285714285714,2.6,1.0,ok,1936.517690332516,5e-05,748,0.05209491427732501,znd_tp_profiles/znd_T0871.43_P02.60.npz,0.8436911660028272,
2027,871.4285714285714,2.7,1.0,ok,1937.6520441405924,5e-05,763,0.052148593551821554,znd_tp_profiles/znd_T0871.43_P02.70.npz,0.878064667005674,
2028,871.4285714285714,2.8000000000000003,1.0,ok,1938.7423867656237,5e-05,758,0.05219916106953381,znd_tp_profiles/znd_T0871.43_P02.80.npz,0.8586246660051984,
2029,871.4285714285714,2.9000000000000004,1.0,ok,1939.7883362966004,5e-05,737,0.05224763777847875,znd_tp_profiles/znd_T0871.43_P02.90.npz,0.8360221670009196,
2030,871.4285714285714,3.0000000000000004,1.0,ok,1940.8033931024609,5e-05,804,0.052292144513070855,znd_tp_profiles/znd_T0871.43_P03.00.npz,0.9084014160034712,
2031,871.4285714285714,3.1,1.0,ok,1941.7794318524577,5e-05,785,0.05233507990903026,znd_tp_profiles/znd_T0871.43_P03.10.npz,0.8934055409990833,
2032,871.4285714285714,3.2,1.0,ok,1942.7223198061436,5e-05,758,0.052375939722341364,znd_tp_profiles/znd_T0871.43_P03.20.npz,0.8410161249994417,
2033,871.4285714285714,3.3000000000000003,1.0,ok,1943.6340640031951,5e-05,785,0.05241491283430787,znd_tp_profiles/znd_T0871.43_P03.30.npz,0.8624397079984192,
2034,871.4285714285714,3.4000000000000004,1.0,ok,1944.516813665637,5e-05,788,0.05245210976467759,znd_tp_profiles/znd_T0871.43_P03.40.npz,0.8686898750020191,
2035,871.4285714285714,3.5000000000000004,1.0,ok,1945.3720535633702,5e-05,796,0.05248771993153124,znd_tp_profiles/znd_T0871.43_P03.50.npz,0.8760238329996355,
2036,871.4285714285714,3.6,1.0,ok,1946.2014528744935,5e-05,761,0.05252186385258406,znd_tp_profiles/znd_T0871.43_P03.60.npz,0.9205022090027342,
2037,871.4285714285714,3.7,1.0,ok,1947.006454316489,5e-05,778,0.052554643019455664,znd_tp_profiles/znd_T0871.43_P03.70.npz,0.8525946250010747,
2038,871.4285714285714,3.8000000000000003,1.0,ok,1947.7884307245083,5e-05,778,0.05258616538857344,znd_tp_profiles/znd_T0871.43_P03.80.npz,0.8557187080004951,
2039,871.4285714285714,3.9000000000000004,1.0,ok,1948.548538739159,5e-05,804,0.0526165142496864,znd_tp_profiles/znd_T0871.43_P03.90.npz,1.0241461249970598,
2040,871.4285714285714,4.0,1.0,ok,1949.28797334614,5e-05,810,0.05264575552799081,znd_tp_profiles/znd_T0871.43_P04.00.npz,0.9599417080025887,
2041,871.4285714285714,4.1,1.0,ok,1950.0077657184581,5e-05,850,0.05267399488297829,znd_tp_profiles/znd_T0871.43_P04.10.npz,1.0588125410067732,
2042,871.4285714285714,4.2,1.0,ok,1950.7089071499197,5e-05,767,0.05270125660701679,znd_tp_profiles/znd_T0871.43_P04.20.npz,0.8535386660005315,
2043,871.4285714285714,4.3,1.0,ok,1951.3886526590795,5e-05,782,0.052728398321362065,znd_tp_profiles/znd_T0871.43_P04.30.npz,0.8554250419983873,
2044,871.4285714285714,4.3999999999999995,1.0,ok,1952.0586718640498,5e-05,829,0.0527542315150113,znd_tp_profiles/znd_T0871.43_P04.40.npz,0.888285207998706,
2045,871.4285714285714,4.5,1.0,ok,1952.708948201783,5e-05,800,0.05277899931599613,znd_tp_profiles/znd_T0871.43_P04.50.npz,0.8634235420031473,
2046,871.4285714285714,4.6,1.0,ok,1953.3437558333421,5e-05,807,0.05280303408756732,znd_tp_profiles/znd_T0871.43_P04.60.npz,0.8761896249998244,
2047,871.4285714285714,4.7,1.0,ok,1953.9639538760096,5e-05,850,0.052826338296392605,znd_tp_profiles/znd_T0871.43_P04.70.npz,0.8931287080049515,
2048,871.4285714285714,4.8,1.0,ok,1954.5700083089196,5e-05,765,0.052848988273794,znd_tp_profiles/znd_T0871.43_P04.80.npz,0.8394788340010564,
2049,871.4285714285714,4.9,1.0,ok,1955.1625209766673,5e-05,807,0.052869989643378246,znd_tp_profiles/znd_T0871.43_P04.90.npz,0.858264375005092,
2050,871.4285714285714,5.0,1.0,ok,1955.7421269461533,5e-05,815,0.05289143652873832,znd_tp_profiles/znd_T0871.43_P05.00.npz,0.8971354159948532,
2051,885.7142857142858,0.1,1.0,ok,1828.4413635813899,5e-05,535,0.029515231927651916,znd_tp_profiles/znd_T0885.71_P00.10.npz,0.8430013340039295,
2052,885.7142857142858,0.2,1.0,ok,1852.033102520671,5e-05,589,0.03602980907686192,znd_tp_profiles/znd_T0885.71_P00.20.npz,0.8948996659964905,
2053,885.7142857142858,0.30000000000000004,1.0,ok,1865.6771499194779,5e-05,609,0.040670396128932626,znd_tp_profiles/znd_T0885.71_P00.30.npz,0.8066391250031302,
2054,885.7142857142858,0.4,1.0,ok,1875.268608233665,5e-05,622,0.043839027732361424,znd_tp_profiles/znd_T0885.71_P00.40.npz,0.8170747499971185,
2055,885.7142857142858,0.5,1.0,ok,1882.6492713990885,5e-05,632,0.0459539471568415,znd_tp_profiles/znd_T0885.71_P00.50.npz,0.8291409170051338,
2056,885.7142857142858,0.6,1.0,ok,1888.6373431321856,5e-05,638,0.047370666950598245,znd_tp_profiles/znd_T0885.71_P00.60.npz,0.9400057499951799,
2057,885.7142857142858,0.7000000000000001,1.0,ok,1893.6680845146682,5e-05,643,0.048346145349965834,znd_tp_profiles/znd_T0885.71_P00.70.npz,0.8495872499988764,
2058,885.7142857142858,0.8,1.0,ok,1897.9970495263049,5e-05,646,0.04904577201043893,znd_tp_profiles/znd_T0885.71_P00.80.npz,0.9069966669994756,
2059,885.7142857142858,0.9,1.0,ok,1901.797420204959,5e-05,652,0.04956805835483406,znd_tp_profiles/znd_T0885.71_P00.90.npz,0.8279969159993925,
2060,885.7142857142858,1.0,1.0,ok,1905.179969149081,5e-05,655,0.049972723702044954,znd_tp_profiles/znd_T0885.71_P01.00.npz,0.8299359169977834,
2061,885.7142857142858,1.1,1.0,ok,1908.2254610383598,5e-05,658,0.05029603619361341,znd_tp_profiles/znd_T0885.71_P01.10.npz,0.8180835000021034,
2062,885.7142857142858,1.2000000000000002,1.0,ok,1910.9934455201314,5e-05,661,0.050560940318591374,znd_tp_profiles/znd_T0885.71_P01.20.npz,0.8310427909964346,
2063,885.7142857142858,1.3000000000000003,1.0,ok,1913.5290931154077,5e-05,664,0.05078258467455808,znd_tp_profiles/znd_T0885.71_P01.30.npz,0.8237290830002166,
2064,885.7142857142858,1.4000000000000001,1.0,ok,1915.8673366270573,5e-05,667,0.05097129976873516,znd_tp_profiles/znd_T0885.71_P01.40.npz,0.8195439999981318,
2065,885.7142857142858,1.5000000000000002,1.0,ok,1918.0359161689923,5e-05,669,0.05113439094344671,znd_tp_profiles/znd_T0885.71_P01.50.npz,0.9044690830050968,
2066,885.7142857142858,1.6,1.0,ok,1920.0570950155916,5e-05,671,0.05127711826363863,znd_tp_profiles/znd_T0885.71_P01.60.npz,0.8189449580022483,
2067,885.7142857142858,1.7000000000000002,1.0,ok,1921.9490770724144,5e-05,673,0.051403424704124484,znd_tp_profiles/znd_T0885.71_P01.70.npz,0.9392421250013285,
2068,885.7142857142858,1.8000000000000003,1.0,ok,1923.7268814264896,5e-05,696,0.05151624555529085,znd_tp_profiles/znd_T0885.71_P01.80.npz,0.8604084170001443,
2069,885.7142857142858,1.9000000000000001,1.0,ok,1925.4030108895458,5e-05,701,0.05161790052026956,znd_tp_profiles/znd_T0885.71_P01.90.npz,0.8754531250015134,
2070,885.7142857142858,2.0,1.0,ok,1926.984611886361,5e-05,712,0.051710854758738836,znd_tp_profiles/znd_T0885.71_P02.00.npz,0.8388972079992527,
2071,885.7142857142858,2.1,1.0,ok,1928.4916718315217,5e-05,738,0.05179437364256382,znd_tp_profiles/znd_T0885.71_P02.10.npz,0.8474288330035051,
2072,885.7142857142858,2.2,1.0,ok,1929.9208598442212,5e-05,719,0.051871781681749635,znd_tp_profiles/znd_T0885.71_P02.20.npz,0.8417900419954094,
2073,885.7142857142858,2.3000000000000003,1.0,ok,1931.2826268839124,5e-05,726,0.0519432651416413,znd_tp_profiles/znd_T0885.71_P02.30.npz,0.9749703749985201,
2074,885.7142857142858,2.4000000000000004,1.0,ok,1932.5828388685984,5e-05,766,0.05200959247723503,znd_tp_profiles/znd_T0885.71_P02.40.npz,1.306896667003457,
2075,885.7142857142858,2.5000000000000004,1.0,ok,1933.826644673788,5e-05,729,0.052071394820356616,znd_tp_profiles/znd_T0885.71_P02.50.npz,0.9129985830004443,
2076,885.7142857142858,2.6,1.0,ok,1935.018511079532,5e-05,736,0.052129206308732294,znd_tp_profiles/znd_T0885.71_P02.60.npz,0.9944660410037613,
2077,885.7142857142858,2.7,1.0,ok,1936.1625168470096,5e-05,770,0.05218346165758164,znd_tp_profiles/znd_T0885.71_P02.70.npz,0.8645066660028533,
2078,885.7142857142858,2.8000000000000003,1.0,ok,1937.262143337076,5e-05,737,0.052234563277978305,znd_tp_profiles/znd_T0885.71_P02.80.npz,0.9428208750032354,
2079,885.7142857142858,2.9000000000000004,1.0,ok,1938.320630113515,5e-05,775,0.05228281176756749,znd_tp_profiles/znd_T0885.71_P02.90.npz,0.9710349579981994,
2080,885.7142857142858,3.0000000000000004,1.0,ok,1939.340830234232,5e-05,768,0.05232848516496116,znd_tp_profiles/znd_T0885.71_P03.00.npz,1.0617094590052147,
2081,885.7142857142858,3.1,1.0,ok,1940.3252961536632,5e-05,765,0.05237268524793777,znd_tp_profiles/znd_T0885.71_P03.10.npz,1.5519161670017638,
2082,885.7142857142858,3.2,1.0,ok,1941.2725992015157,5e-05,767,0.052414562672510545,znd_tp_profiles/znd_T0885.71_P03.20.npz,0.9915120419973391,
2083,885.7142857142858,3.3000000000000003,1.0,ok,1942.1961333394438,5e-05,816,0.05245298875520348,znd_tp_profiles/znd_T0885.71_P03.30.npz,0.9599960830018972,
2084,885.7142857142858,3.4000000000000004,1.0,ok,1943.0862605253767,5e-05,767,0.052490473626377265,znd_tp_profiles/znd_T0885.71_P03.40.npz,0.8921026249954593,
2085,885.7142857142858,3.5000000000000004,1.0,ok,1943.9492192377718,5e-05,812,0.052526248992702584,znd_tp_profiles/znd_T0885.71_P03.50.npz,0.9444117079983698,
2086,885.7142857142858,3.6,1.0,ok,1944.7859053060745,5e-05,790,0.05256058486237106,znd_tp_profiles/znd_T0885.71_P03.60.npz,0.9057774169996264,
2087,885.7142857142858,3.7,1.0,ok,1945.5942476287048,5e-05,743,0.05259431128164326,znd_tp_profiles/znd_T0885.71_P03.70.npz,0.8536204999982147,
2088,885.7142857142858,3.8000000000000003,1.0,ok,1946.3868821051447,5e-05,768,0.05262523216672421,znd_tp_profiles/znd_T0885.71_P03.80.npz,0.887759333003487,
2089,885.7142857142858,3.9000000000000004,1.0,ok,1947.1535982817475,5e-05,1626,0.05265576909199212,znd_tp_profiles/znd_T0885.71_P03.90.npz,1.1011186660034582,
2090,885.7142857142858,4.0,1.0,ok,1947.8997741823396,5e-05,767,0.05268515273756006,znd_tp_profiles/znd_T0885.71_P04.00.npz,0.8543333329944289,
2091,885.7142857142858,4.1,1.0,ok,1948.6259031513155,5e-05,1462,0.052713531272883654,znd_tp_profiles/znd_T0885.71_P04.10.npz,1.079165874994942,
2092,885.7142857142858,4.2,1.0,ok,1949.3333942866036,5e-05,1060,0.05274094605486198,znd_tp_profiles/znd_T0885.71_P04.20.npz,0.9979197499997099,
2093,885.7142857142858,4.3,1.0,ok,1950.0228867593935,5e-05,771,0.052767465347118535,znd_tp_profiles/znd_T0885.71_P04.30.npz,0.8951870829987456,
2094,885.7142857142858,4.3999999999999995,1.0,ok,1950.6953152784229,5e-05,727,0.052793144131031554,znd_tp_profiles/znd_T0885.71_P04.40.npz,0.8617024999985006,
2095,885.7142857142858,4.5,1.0,ok,1951.3514669429198,5e-05,811,0.052818026706271934,znd_tp_profiles/znd_T0885.71_P04.50.npz,0.8715292499982752,
2096,885.7142857142858,4.6,1.0,ok,1951.9920827524775,5e-05,831,0.05284216068175699,znd_tp_profiles/znd_T0885.71_P04.60.npz,0.894491166996886,
2097,885.7142857142858,4.7,1.0,ok,1952.6178419019484,5e-05,810,0.052865589341228744,znd_tp_profiles/znd_T0885.71_P04.70.npz,0.874133040997549,
2098,885.7142857142858,4.8,1.0,ok,1953.229411911638,5e-05,862,0.05288834048845446,znd_tp_profiles/znd_T0885.71_P04.80.npz,0.8829000420009834,
2099,885.7142857142858,4.9,1.0,ok,1953.8273305332477,5e-05,762,0.05291047615910342,znd_tp_profiles/znd_T0885.71_P04.90.npz,0.8401442499962286,
2100,885.7142857142858,5.0,1.0,ok,1954.4084510988564,5e-05,819,0.05293277291300333,znd_tp_profiles/znd_T0885.71_P05.00.npz,0.8660688750023837,
2101,900.0,0.1,1.0,cached,1826.1853004037064,5e-05,533,0.029520898662703878,znd_tp_profiles/znd_T0900.00_P00.10.npz,0.0,
2102,900.0,0.2,1.0,cached,1849.9197266777483,5e-05,590,0.035958597842858105,znd_tp_profiles/znd_T0900.00_P00.20.npz,0.0,
2103,900.0,0.30000000000000004,1.0,cached,1863.6569287408363,5e-05,609,0.04058778862014803,znd_tp_profiles/znd_T0900.00_P00.30.npz,0.0,
2104,900.0,0.4,1.0,cached,1873.313192938754,5e-05,622,0.04377016247447842,znd_tp_profiles/znd_T0900.00_P00.40.npz,0.0,
2105,900.0,0.5,1.0,cached,1880.7410594566352,5e-05,631,0.045905780502721684,znd_tp_profiles/znd_T0900.00_P00.50.npz,0.0,
2106,900.0,0.6,1.0,cached,1886.7751729165855,5e-05,636,0.04734081559947537,znd_tp_profiles/znd_T0900.00_P00.60.npz,0.0,
2107,900.0,0.7000000000000001,1.0,cached,1891.8424136342667,5e-05,642,0.04833070810732098,znd_tp_profiles/znd_T0900.00_P00.70.npz,0.0,
2108,900.0,0.8,1.0,cached,1896.2028989020994,5e-05,649,0.04904097637789635,znd_tp_profiles/znd_T0900.00_P00.80.npz,0.0,
2109,900.0,0.9,1.0,cached,1900.0314465301824,5e-05,650,0.04957105466150937,znd_tp_profiles/znd_T0900.00_P00.90.npz,0.0,
2110,900.0,1.0,1.0,cached,1903.4353993274442,5e-05,654,0.049982228152751856,znd_tp_profiles/znd_T0900.00_P01.00.npz,0.0,
2111,900.0,1.1,1.0,cached,1906.5078956158573,5e-05,657,0.05030937490907794,znd_tp_profiles/znd_T0900.00_P01.10.npz,0.0,
2112,900.0,1.2000000000000002,1.0,cached,1909.2970899978295,5e-05,661,0.050577824761874106,znd_tp_profiles/znd_T0900.00_P01.20.npz,0.0,
2113,900.0,1.3000000000000003,1.0,cached,1911.852318127414,5e-05,664,0.050802314208209465,znd_tp_profiles/znd_T0900.00_P01.30.npz,0.0,
2114,900.0,1.4000000000000001,1.0,cached,1914.2088268531886,5e-05,666,0.05099336529865452,znd_tp_profiles/znd_T0900.00_P01.40.npz,0.0,
2115,900.0,1.5000000000000002,1.0,cached,1916.3944328344385,5e-05,668,0.051158411439902456,znd_tp_profiles/znd_T0900.00_P01.50.npz,0.0,
2116,900.0,1.6,1.0,cached,1918.43166298133,5e-05,670,0.05130278815923851,znd_tp_profiles/znd_T0900.00_P01.60.npz,0.0,
2117,900.0,1.7000000000000002,1.0,cached,1920.3383429593525,5e-05,683,0.051430563635244994,znd_tp_profiles/znd_T0900.00_P01.70.npz,0.0,
2118,900.0,1.8000000000000003,1.0,cached,1922.1307182363846,5e-05,686,0.051544559498872745,znd_tp_profiles/znd_T0900.00_P01.80.npz,0.0,
2119,900.0,1.9000000000000001,1.0,cached,1923.8205173735664,5e-05,695,0.05164725801756418,znd_tp_profiles/znd_T0900.00_P01.90.npz,0.0,
2120,900.0,2.0,1.0,cached,1925.4186408525763,5e-05,707,0.051740438869931515,znd_tp_profiles/znd_T0900.00_P02.00.npz,0.0,
2121,900.0,2.1,1.0,cached,1926.9342631792124,5e-05,710,0.05182552773186831,znd_tp_profiles/znd_T0900.00_P02.10.npz,0.0,
2122,900.0,2.2,1.0,cached,1928.3751634311018,5e-05,724,0.051903693440533985,znd_tp_profiles/znd_T0900.00_P02.20.npz,0.0,
2123,900.0,2.3000000000000003,1.0,cached,1929.7482364225505,5e-05,733,0.05197583611322162,znd_tp_profiles/znd_T0900.00_P02.30.npz,0.0,
2124,900.0,2.4000000000000004,1.0,cached,1931.0592271383732,5e-05,743,0.05204278384323375,znd_tp_profiles/znd_T0900.00_P02.40.npz,0.0,
2125,900.0,2.5000000000000004,1.0,cached,1932.3133857609816,5e-05,751,0.05210514849305191,znd_tp_profiles/znd_T0900.00_P02.50.npz,0.0,
2126,900.0,2.6,1.0,cached,1933.5152857606736,5e-05,756,0.05216345871823297,znd_tp_profiles/znd_T0900.00_P02.60.npz,0.0,
2127,900.0,2.7,1.0,cached,1934.6688867234711,5e-05,739,0.0522181950765244,znd_tp_profiles/znd_T0900.00_P02.70.npz,0.0,
2128,900.0,2.8000000000000003,1.0,cached,1935.7778326069244,5e-05,746,0.05226972191541654,znd_tp_profiles/znd_T0900.00_P02.80.npz,0.0,
2129,900.0,2.9000000000000004,1.0,cached,1936.8453176908176,5e-05,768,0.05231835970157291,znd_tp_profiles/znd_T0900.00_P02.90.npz,0.0,
2130,900.0,3.0000000000000004,1.0,cached,1937.874209396771,5e-05,792,0.05236441438901719,znd_tp_profiles/znd_T0900.00_P03.00.npz,0.0,
2131,900.0,3.1,1.0,cached,1938.8631580091442,5e-05,707,0.05240891750049813,znd_tp_profiles/znd_T0900.00_P03.10.npz,0.0,
2132,900.0,3.2,1.0,cached,1939.82633295852,5e-05,767,0.05244969436468794,znd_tp_profiles/znd_T0900.00_P03.20.npz,0.0,
2133,900.0,3.3000000000000003,1.0,cached,1940.7540238439512,5e-05,796,0.05248931700048781,znd_tp_profiles/znd_T0900.00_P03.30.npz,0.0,
2134,900.0,3.4000000000000004,1.0,cached,1941.6518819207797,5e-05,740,0.05252720254909119,znd_tp_profiles/znd_T0900.00_P03.40.npz,0.0,
2135,900.0,3.5000000000000004,1.0,cached,1942.5223277333853,5e-05,748,0.052563362143136734,znd_tp_profiles/znd_T0900.00_P03.50.npz,0.0,
2136,900.0,3.6,1.0,cached,1943.3663060691242,5e-05,788,0.052598057904701775,znd_tp_profiles/znd_T0900.00_P03.60.npz,0.0,
2137,900.0,3.7,1.0,cached,1944.185509284814,5e-05,764,0.05263135753585831,znd_tp_profiles/znd_T0900.00_P03.70.npz,0.0,
2138,900.0,3.8000000000000003,1.0,cached,1944.981299795319,5e-05,723,0.05266336794298556,znd_tp_profiles/znd_T0900.00_P03.80.npz,0.0,
2139,900.0,3.9000000000000004,1.0,cached,1945.7549179259606,5e-05,792,0.05269417732118548,znd_tp_profiles/znd_T0900.00_P03.90.npz,0.0,
2140,900.0,4.0,1.0,cached,1946.5075421030397,5e-05,773,0.0527238683463956,znd_tp_profiles/znd_T0900.00_P04.00.npz,0.0,
2141,900.0,4.1,1.0,cached,1947.240158145397,5e-05,794,0.052752521687968026,znd_tp_profiles/znd_T0900.00_P04.10.npz,0.0,
2142,900.0,4.2,1.0,cached,1947.9538622187818,5e-05,736,0.05278021232277291,znd_tp_profiles/znd_T0900.00_P04.20.npz,0.0,
2143,900.0,4.3,1.0,cached,1948.6494909856926,5e-05,815,0.05280698194988037,znd_tp_profiles/znd_T0900.00_P04.30.npz,0.0,
2144,900.0,4.3999999999999995,1.0,cached,1949.327896823825,5e-05,822,0.05283290085971341,znd_tp_profiles/znd_T0900.00_P04.40.npz,0.0,
2145,900.0,4.5,1.0,cached,1949.9899466535398,5e-05,802,0.05285801104598119,znd_tp_profiles/znd_T0900.00_P04.50.npz,0.0,
2146,900.0,4.6,1.0,cached,1950.6362888980757,5e-05,822,0.05288236660290328,znd_tp_profiles/znd_T0900.00_P04.60.npz,0.0,
2147,900.0,4.7,1.0,cached,1951.2676803398883,5e-05,867,0.05290599695771138,znd_tp_profiles/znd_T0900.00_P04.70.npz,0.0,
2148,900.0,4.8,1.0,cached,1951.884739015307,5e-05,792,0.05292993706517596,znd_tp_profiles/znd_T0900.00_P04.80.npz,0.0,
2149,900.0,4.9,1.0,cached,1952.4880883305555,5e-05,777,0.05295216941951845,znd_tp_profiles/znd_T0900.00_P04.90.npz,0.0,
2150,900.0,5.0,1.0,cached,1953.0782977645827,5e-05,748,0.05297379885307446,znd_tp_profiles/znd_T0900.00_P05.00.npz,0.0,
2151,914.2857142857143,0.1,1.0,ok,1823.9240581366175,5e-05,535,0.029531003194245987,znd_tp_profiles/znd_T0914.29_P00.10.npz,0.8277870840029209,
2152,914.2857142857143,0.2,1.0,ok,1847.809457048667,5e-05,588,0.03589101820927273,znd_tp_profiles/znd_T0914.29_P00.20.npz,0.8324577910025255,
2153,914.2857142857143,0.30000000000000004,1.0,ok,1861.632003080681,5e-05,610,0.040507641925882514,znd_tp_profiles/znd_T0914.29_P00.30.npz,0.8162717079976574,
2154,914.2857142857143,0.4,1.0,ok,1871.353132441308,5e-05,622,0.04370267813616591,znd_tp_profiles/znd_T0914.29_P00.40.npz,0.8510583750030492,
2155,914.2857142857143,0.5,1.0,ok,1878.8361576209625,5e-05,629,0.04585768546211359,znd_tp_profiles/znd_T0914.29_P00.50.npz,0.9382239999977173,
2156,914.2857142857143,0.6,1.0,ok,1884.9048666374265,5e-05,635,0.0473117236664876,znd_tp_profiles/znd_T0914.29_P00.60.npz,0.8190051249985117,
2157,914.2857142857143,0.7000000000000001,1.0,ok,1890.008119683364,5e-05,641,0.04831603774311176,znd_tp_profiles/znd_T0914.29_P00.70.npz,0.819104125002923,
2158,914.2857142857143,0.8,1.0,ok,1894.404267749556,5e-05,645,0.04903636421583967,znd_tp_profiles/znd_T0914.29_P00.80.npz,0.9145466670015594,
2159,914.2857142857143,0.9,1.0,ok,1898.2609644679885,5e-05,650,0.04957423650680842,znd_tp_profiles/znd_T0914.29_P00.90.npz,0.9072791660000803,
2160,914.2857142857143,1.0,1.0,ok,1901.6942197811263,5e-05,653,0.049990602716205396,znd_tp_profiles/znd_T0914.29_P01.00.npz,0.8248776670006919,
2161,914.2857142857143,1.1,1.0,ok,1904.7859015192334,5e-05,657,0.050322884019647976,znd_tp_profiles/znd_T0914.29_P01.10.npz,0.8748626250016969,
2162,914.2857142857143,1.2000000000000002,1.0,ok,1907.5962980982924,5e-05,661,0.05059487195647115,znd_tp_profiles/znd_T0914.29_P01.20.npz,0.833035416995699,
2163,914.2857142857143,1.3000000000000003,1.0,ok,1910.1711342662961,5e-05,663,0.05082221017742455,znd_tp_profiles/znd_T0914.29_P01.30.npz,0.9739572089965804,
2164,914.2857142857143,1.4000000000000001,1.0,ok,1912.5458745200915,5e-05,669,0.05101560072482258,znd_tp_profiles/znd_T0914.29_P01.40.npz,0.8338556250018883,
2165,914.2857142857143,1.5000000000000002,1.0,ok,1914.748417238326,5e-05,668,0.0511825975020279,znd_tp_profiles/znd_T0914.29_P01.50.npz,0.8228465000065626,
2166,914.2857142857143,1.6,1.0,ok,1916.8015805373518,5e-05,673,0.0513286443130203,znd_tp_profiles/znd_T0914.29_P01.60.npz,0.8284688330022618,
2167,914.2857142857143,1.7000000000000002,1.0,ok,1918.7238705878292,5e-05,679,0.05145773981890832,znd_tp_profiles/znd_T0914.29_P01.70.npz,0.825694792001741,
2168,914.2857142857143,1.8000000000000003,1.0,ok,1920.530243165046,5e-05,684,0.05157301185908048,znd_tp_profiles/znd_T0914.29_P01.80.npz,0.8608802500020829,
2169,914.2857142857143,1.9000000000000001,1.0,ok,1922.2335254063087,5e-05,700,0.05167678818931047,znd_tp_profiles/znd_T0914.29_P01.90.npz,0.9463962910012924,
2170,914.2857142857143,2.0,1.0,ok,1923.8445436903123,5e-05,712,0.05177090592512291,znd_tp_profiles/znd_T0914.29_P02.00.npz,0.8363693749997765,
2171,914.2857142857143,2.1,1.0,ok,1925.372445537116,5e-05,711,0.05185683687486585,znd_tp_profiles/znd_T0914.29_P02.10.npz,0.8508092500051134,
2172,914.2857142857143,2.2,1.0,ok,1926.8251328012602,5e-05,767,0.051935741782272095,znd_tp_profiles/znd_T0914.29_P02.20.npz,0.9126041249983246,
2173,914.2857142857143,2.3000000000000003,1.0,ok,1928.2094011550223,5e-05,787,0.05200857553800928,znd_tp_profiles/znd_T0914.29_P02.30.npz,0.8538304999965476,
2174,914.2857142857143,2.4000000000000004,1.0,ok,1929.5312142160726,5e-05,765,0.052076114842096184,znd_tp_profiles/znd_T0914.29_P02.40.npz,0.849625750000996,
2175,914.2857142857143,2.5000000000000004,1.0,ok,1930.7958177851408,5e-05,738,0.05213902405821177,znd_tp_profiles/znd_T0914.29_P02.50.npz,0.845892167002603,
2176,914.2857142857143,2.6,1.0,ok,1932.0076266360916,5e-05,722,0.05219785626382322,znd_tp_profiles/znd_T0914.29_P02.60.npz,0.9009048329971847,
2177,914.2857142857143,2.7,1.0,ok,1933.1710423083014,5e-05,753,0.0522530248016105,znd_tp_profiles/znd_T0914.29_P02.70.npz,0.8527632079931209,
2178,914.2857142857143,2.8000000000000003,1.0,ok,1934.2891299413288,5e-05,767,0.05230500948957053,znd_tp_profiles/znd_T0914.29_P02.80.npz,0.9568797499960056,
2179,914.2857142857143,2.9000000000000004,1.0,ok,1935.3656207311478,5e-05,758,0.05235405164973267,znd_tp_profiles/znd_T0914.29_P02.90.npz,0.8577498750019004,
2180,914.2857142857143,3.0000000000000004,1.0,ok,1936.403195100814,5e-05,770,0.05240048133413469,znd_tp_profiles/znd_T0914.29_P03.00.npz,0.8801471669939929,
2181,914.2857142857143,3.1,1.0,ok,1937.4045169643405,5e-05,803,0.05244453603138679,znd_tp_profiles/znd_T0914.29_P03.10.npz,0.886257582998951,
2182,914.2857142857143,3.2,1.0,ok,1938.3719185678715,5e-05,813,0.05248642975825314,znd_tp_profiles/znd_T0914.29_P03.20.npz,0.9672678339993581,
2183,914.2857142857143,3.3000000000000003,1.0,ok,1939.3075613068736,5e-05,780,0.05252635864586045,znd_tp_profiles/znd_T0914.29_P03.30.npz,0.8892483329982497,
2184,914.2857142857143,3.4000000000000004,1.0,ok,1940.2133211342893,5e-05,774,0.05256449302519635,znd_tp_profiles/znd_T0914.29_P03.40.npz,0.8930930420028744,
2185,914.2857142857143,3.5000000000000004,1.0,ok,1941.0911082966397,5e-05,728,0.052600954371032606,znd_tp_profiles/znd_T0914.29_P03.50.npz,0.89603299999726,
2186,914.2857142857143,3.6,1.0,ok,1941.9423146492218,5e-05,728,0.052635918819320865,znd_tp_profiles/znd_T0914.29_P03.60.npz,0.8834713749965886,
2187,914.2857142857143,3.7,1.0,ok,1942.7686198256756,5e-05,849,0.052669461842384795,znd_tp_profiles/znd_T0914.29_P03.70.npz,1.125411291999626,
2188,914.2857142857143,3.8000000000000003,1.0,ok,1943.5713474714817,5e-05,801,0.05270169927542447,znd_tp_profiles/znd_T0914.29_P03.80.npz,0.8866897079933551,
2189,914.2857142857143,3.9000000000000004,1.0,ok,1944.3516956957174,5e-05,737,0.05273273219303916,znd_tp_profiles/znd_T0914.29_P03.90.npz,0.8355042080002022,
2190,914.2857142857143,4.0,1.0,ok,1945.1108965347464,5e-05,831,0.052762633998915946,znd_tp_profiles/znd_T0914.29_P04.00.npz,0.8658058340006392,
2191,914.2857142857143,4.1,1.0,ok,1945.8499457805035,5e-05,810,0.05279148951625709,znd_tp_profiles/znd_T0914.29_P04.10.npz,0.862580250002793,
2192,914.2857142857143,4.2,1.0,ok,1946.5699289871066,5e-05,756,0.05281937292199542,znd_tp_profiles/znd_T0914.29_P04.20.npz,0.849150499998359,
2193,914.2857142857143,4.3,1.0,ok,1947.2716763709413,5e-05,828,0.052846331111161673,znd_tp_profiles/znd_T0914.29_P04.30.npz,0.9846422920018085,
2194,914.2857142857143,4.3999999999999995,1.0,ok,1947.9561031469025,5e-05,756,0.05287242222951006,znd_tp_profiles/znd_T0914.29_P04.40.npz,0.8387142079955083,
2195,914.2857142857143,4.5,1.0,ok,1948.6240255116818,5e-05,827,0.05289769687168382,znd_tp_profiles/znd_T0914.29_P04.50.npz,0.8682135829949402,
2196,914.2857142857143,4.6,1.0,ok,1949.2760855070485,5e-05,873,0.052922228639568344,znd_tp_profiles/znd_T0914.29_P04.60.npz,0.8835317499979283,
2197,914.2857142857143,4.7,1.0,ok,1949.9131360871474,5e-05,838,0.052946017241923556,znd_tp_profiles/znd_T0914.29_P04.70.npz,1.0474841249961173,
2198,914.2857142857143,4.8,1.0,ok,1950.5357179964808,5e-05,826,0.0529691312421034,znd_tp_profiles/znd_T0914.29_P04.80.npz,1.0160537920019124,
2199,914.2857142857143,4.9,1.0,ok,1951.1444712765947,5e-05,815,0.052991598929887626,znd_tp_profiles/znd_T0914.29_P04.90.npz,0.906387208000524,
2200,914.2857142857143,5.0,1.0,ok,1951.739995981182,5e-05,807,0.05301345421274721,znd_tp_profiles/znd_T0914.29_P05.00.npz,0.8678589580013067,
2201,928.5714285714286,0.1,1.0,ok,1821.6605465315154,5e-05,535,0.029545517365877665,znd_tp_profiles/znd_T0928.57_P00.10.npz,0.8033129169998574,
2202,928.5714285714286,0.2,1.0,ok,1845.689963778913,5e-05,588,0.03582716330653909,znd_tp_profiles/znd_T0928.57_P00.20.npz,0.8677238749951357,
2203,928.5714285714286,0.30000000000000004,1.0,ok,1859.5975971333667,5e-05,610,0.04043006238150707,znd_tp_profiles/znd_T0928.57_P00.30.npz,0.8001903339973069,
2204,928.5714285714286,0.4,1.0,ok,1869.3880631410964,5e-05,622,0.043636560601026254,znd_tp_profiles/znd_T0928.57_P00.40.npz,0.8060984590047156,
2205,928.5714285714286,0.5,1.0,ok,1876.9179990001667,5e-05,629,0.04581095847505921,znd_tp_profiles/znd_T0928.57_P00.50.npz,0.8068722500029253,
2206,928.5714285714286,0.6,1.0,ok,1883.0376626132393,5e-05,634,0.04728213395879653,znd_tp_profiles/znd_T0928.57_P00.60.npz,0.8999645829971996,
2207,928.5714285714286,0.7000000000000001,1.0,ok,1888.1771815279185,5e-05,640,0.04830055617064394,znd_tp_profiles/znd_T0928.57_P00.70.npz,0.8066588340007002,
2208,928.5714285714286,0.8,1.0,ok,1892.6005898812632,5e-05,646,0.04903199096499269,znd_tp_profiles/znd_T0928.57_P00.80.npz,0.8215023329976248,
2209,928.5714285714286,0.9,1.0,ok,1896.4856416118416,5e-05,649,0.04957760726707401,znd_tp_profiles/znd_T0928.57_P00.90.npz,0.9139608330006013,
2210,928.5714285714286,1.0,1.0,ok,1899.9442903906331,5e-05,652,0.049999797565589324,znd_tp_profiles/znd_T0928.57_P01.00.npz,0.8881699999983539,
2211,928.5714285714286,1.1,1.0,ok,1903.0590921525798,5e-05,656,0.0503365604156404,znd_tp_profiles/znd_T0928.57_P01.10.npz,0.8192835410009138,
2212,928.5714285714286,1.2000000000000002,1.0,ok,1905.8863739686365,5e-05,661,0.05061284400771808,znd_tp_profiles/znd_T0928.57_P01.20.npz,0.8230737089979812,
2213,928.5714285714286,1.3000000000000003,1.0,ok,1908.4851310243457,5e-05,663,0.050842270386547705,znd_tp_profiles/znd_T0928.57_P01.30.npz,0.9113720419991296,
2214,928.5714285714286,1.4000000000000001,1.0,ok,1910.878094330201,5e-05,664,0.05103799350573783,znd_tp_profiles/znd_T0928.57_P01.40.npz,0.8317387079951004,
2215,928.5714285714286,1.5000000000000002,1.0,ok,1913.0978149063246,5e-05,668,0.05120691799019467,znd_tp_profiles/znd_T0928.57_P01.50.npz,0.847368374998041,
2216,928.5714285714286,1.6,1.0,ok,1915.1670208008143,5e-05,673,0.051354604405160854,znd_tp_profiles/znd_T0928.57_P01.60.npz,0.914955167005246,
2217,928.5714285714286,1.7000000000000002,1.0,ok,1917.1042017072334,5e-05,673,0.05148514742594789,znd_tp_profiles/znd_T0928.57_P01.70.npz,0.8216657910015783,
2218,928.5714285714286,1.8000000000000003,1.0,ok,1918.9248990143233,5e-05,686,0.05160163467178872,znd_tp_profiles/znd_T0928.57_P01.80.npz,0.8448976250001579,
2219,928.5714285714286,1.9000000000000001,1.0,ok,1920.6417425563982,5e-05,693,0.051706473241397696,znd_tp_profiles/znd_T0928.57_P01.90.npz,0.8195633750001434,
2220,928.5714285714286,2.0,1.0,ok,1922.265655728421,5e-05,707,0.051801521387779645,znd_tp_profiles/znd_T0928.57_P02.00.npz,0.8354964579993975,
2221,928.5714285714286,2.1,1.0,ok,1923.8058565311385,5e-05,713,0.0518882851189693,znd_tp_profiles/znd_T0928.57_P02.10.npz,0.8618922909954563,
2222,928.5714285714286,2.2,1.0,ok,1925.2702898780972,5e-05,708,0.05196793505673107,znd_tp_profiles/znd_T0928.57_P02.20.npz,0.8737432089983486,
2223,928.5714285714286,2.3000000000000003,1.0,ok,1926.6658125349768,5e-05,745,0.0520414421009893,znd_tp_profiles/znd_T0928.57_P02.30.npz,0.8363948330006679,
2224,928.5714285714286,2.4000000000000004,1.0,ok,1927.9982510611244,5e-05,738,0.052109633247178065,znd_tp_profiles/znd_T0928.57_P02.40.npz,0.8415576670013252,
2225,928.5714285714286,2.5000000000000004,1.0,ok,1929.2733542232575,5e-05,759,0.052173057059631066,znd_tp_profiles/znd_T0928.57_P02.50.npz,0.8538520000001881,
2226,928.5714285714286,2.6,1.0,ok,1930.490901689316,5e-05,812,0.05223326213398083,znd_tp_profiles/znd_T0928.57_P02.60.npz,0.8576248329991358,
2227,928.5714285714286,2.7,1.0,ok,1931.6681053441864,5e-05,781,0.052288055107089795,znd_tp_profiles/znd_T0928.57_P02.70.npz,0.8586631670041243,
2228,928.5714285714286,2.8000000000000003,1.0,ok,1932.795649879048,5e-05,773,0.052340440609135855,znd_tp_profiles/znd_T0928.57_P02.80.npz,0.8548453330004122,
2229,928.5714285714286,2.9000000000000004,1.0,ok,1933.8811197397513,5e-05,765,0.052389882509844006,znd_tp_profiles/znd_T0928.57_P02.90.npz,0.9154677920014365,
2230,928.5714285714286,3.0000000000000004,1.0,ok,1934.9274162855972,5e-05,785,0.05243667913652511,znd_tp_profiles/znd_T0928.57_P03.00.npz,0.8734974170001806,
2231,928.5714285714286,3.1,1.0,ok,1935.9371829222503,5e-05,731,0.05248107539296757,znd_tp_profiles/znd_T0928.57_P03.10.npz,0.8256307910050964,
2232,928.5714285714286,3.2,1.0,ok,1936.9127431246523,5e-05,807,0.05252329833043385,znd_tp_profiles/znd_T0928.57_P03.20.npz,0.8652303749986459,
2233,928.5714285714286,3.3000000000000003,1.0,ok,1937.8519791019587,5e-05,819,0.05256440907079454,znd_tp_profiles/znd_T0928.57_P03.30.npz,0.8655284580017906,
2234,928.5714285714286,3.4000000000000004,1.0,ok,1938.7697812428412,5e-05,811,0.052601951588523564,znd_tp_profiles/znd_T0928.57_P03.40.npz,0.8623314169963123,
2235,928.5714285714286,3.5000000000000004,1.0,ok,1939.6506815089572,5e-05,824,0.05263957115110347,znd_tp_profiles/znd_T0928.57_P03.50.npz,0.8675335410007392,
2236,928.5714285714286,3.6,1.0,ok,1940.5135838124293,5e-05,789,0.052673897702776036,znd_tp_profiles/znd_T0928.57_P03.60.npz,0.8742976669964264,
2237,928.5714285714286,3.7,1.0,ok,1941.3469734025466,5e-05,807,0.05270768944679451,znd_tp_profiles/znd_T0928.57_P03.70.npz,0.9038235420011915,
2238,928.5714285714286,3.8000000000000003,1.0,ok,1942.1566007500335,5e-05,773,0.05274016215730895,znd_tp_profiles/znd_T0928.57_P03.80.npz,0.8797344999984489,
2239,928.5714285714286,3.9000000000000004,1.0,ok,1942.9434243996477,5e-05,774,0.052771469286398726,znd_tp_profiles/znd_T0928.57_P03.90.npz,0.8570932090005954,
2240,928.5714285714286,4.0,1.0,ok,1943.7094815484984,5e-05,764,0.05280152451478051,znd_tp_profiles/znd_T0928.57_P04.00.npz,0.8975185829986003,
2241,928.5714285714286,4.1,1.0,ok,1944.4549848005838,5e-05,769,0.052830580339923765,znd_tp_profiles/znd_T0928.57_P04.10.npz,0.9157435830056784,
2242,928.5714285714286,4.2,1.0,ok,1945.181217152695,5e-05,796,0.052858640920201705,znd_tp_profiles/znd_T0928.57_P04.20.npz,1.2787941249989672,
2243,928.5714285714286,4.3,1.0,ok,1945.8891217539467,5e-05,748,0.0528857923332247,znd_tp_profiles/znd_T0928.57_P04.30.npz,0.9236709999968298,
2244,928.5714285714286,4.3999999999999995,1.0,ok,1946.5795821165668,5e-05,821,0.052912054909781014,znd_tp_profiles/znd_T0928.57_P04.40.npz,0.9465879580020555,
2245,928.5714285714286,4.5,1.0,ok,1947.2533346950793,5e-05,796,0.05293751103666908,znd_tp_profiles/znd_T0928.57_P04.50.npz,1.3588882500043837,
2246,928.5714285714286,4.6,1.0,ok,1947.911194280369,5e-05,817,0.052962190421420696,znd_tp_profiles/znd_T0928.57_P04.60.npz,0.9783689999967464,
2247,928.5714285714286,4.7,1.0,ok,1948.5538459030918,5e-05,819,0.052986144316904314,znd_tp_profiles/znd_T0928.57_P04.70.npz,0.9431702079964452,
2248,928.5714285714286,4.8,1.0,ok,1949.1819366490379,5e-05,785,0.05300939239351835,znd_tp_profiles/znd_T0928.57_P04.80.npz,0.8687253329990199,
2249,928.5714285714286,4.9,1.0,ok,1949.7961048503853,5e-05,782,0.05303200801905239,znd_tp_profiles/znd_T0928.57_P04.90.npz,0.8900213330052793,
2250,928.5714285714286,5.0,1.0,ok,1950.396911864497,5e-05,879,0.05305400814287379,znd_tp_profiles/znd_T0928.57_P05.00.npz,0.9088265000027604,
2251,942.8571428571429,0.1,1.0,ok,1819.387876748923,5e-05,538,0.029564207403716264,znd_tp_profiles/znd_T0942.86_P00.10.npz,0.8382212080032332,
2252,942.8571428571429,0.2,1.0,ok,1843.5647550651972,5e-05,588,0.03576705391131975,znd_tp_profiles/znd_T0942.86_P00.20.npz,0.9358148749961401,
2253,942.8571428571429,0.30000000000000004,1.0,ok,1857.5664067109446,5e-05,610,0.040354659356652604,znd_tp_profiles/znd_T0942.86_P00.30.npz,0.9437792090029689,
2254,942.8571428571429,0.4,1.0,ok,1867.41753839286,5e-05,622,0.04357181125626234,znd_tp_profiles/znd_T0942.86_P00.40.npz,0.9183797919977224,
2255,942.8571428571429,0.5,1.0,ok,1875.0031470076347,5e-05,629,0.045764197672800544,znd_tp_profiles/znd_T0942.86_P00.50.npz,0.897070833001635,
2256,942.8571428571429,0.6,1.0,ok,1881.1609456866827,5e-05,634,0.04725335980454265,znd_tp_profiles/znd_T0942.86_P00.60.npz,0.9286592499993276,
2257,942.8571428571429,0.7000000000000001,1.0,ok,1886.3333727290974,5e-05,639,0.04828628091166155,znd_tp_profiles/znd_T0942.86_P00.70.npz,0.9279977080004755,
2258,942.8571428571429,0.8,1.0,ok,1890.7874134987167,5e-05,645,0.04902842317991423,znd_tp_profiles/znd_T0942.86_P00.80.npz,0.8279508330015233,
2259,942.8571428571429,0.9,1.0,ok,1894.7050435864928,5e-05,650,0.04958118497645336,znd_tp_profiles/znd_T0942.86_P00.90.npz,0.8310785419962485,
2260,942.8571428571429,1.0,1.0,ok,1898.1890963926435,5e-05,651,0.05000920100449874,znd_tp_profiles/znd_T0942.86_P01.00.npz,0.9095796250039712,
2261,942.8571428571429,1.1,1.0,ok,1901.3269842026766,5e-05,655,0.050350449556936815,znd_tp_profiles/znd_T0942.86_P01.10.npz,0.8672652909954195,
2262,942.8571428571429,1.2000000000000002,1.0,ok,1904.1798222683835,5e-05,660,0.05062948399647549,znd_tp_profiles/znd_T0942.86_P01.20.npz,1.0133241250005085,
2263,942.8571428571429,1.3000000000000003,1.0,ok,1906.7893785218228,5e-05,661,0.050863315292863136,znd_tp_profiles/znd_T0942.86_P01.30.npz,0.887233458000992,
2264,942.8571428571429,1.4000000000000001,1.0,ok,1909.205094176649,5e-05,664,0.0510605558648465,znd_tp_profiles/znd_T0942.86_P01.40.npz,0.866613750004035,
2265,942.8571428571429,1.5000000000000002,1.0,ok,1911.441870471557,5e-05,670,0.05123141988774951,znd_tp_profiles/znd_T0942.86_P01.50.npz,0.8631752919973223,
2266,942.8571428571429,1.6,1.0,ok,1913.5271004381766,5e-05,670,0.0513807372513396,znd_tp_profiles/znd_T0942.86_P01.60.npz,0.9364774580026278,
2267,942.8571428571429,1.7000000000000002,1.0,ok,1915.47494451385,5e-05,674,0.05151353713053106,znd_tp_profiles/znd_T0942.86_P01.70.npz,0.9069278340029996,
2268,942.8571428571429,1.8000000000000003,1.0,ok,1917.3143788704726,5e-05,681,0.0516303824929833,znd_tp_profiles/znd_T0942.86_P01.80.npz,0.8596177919971524,
2269,942.8571428571429,1.9000000000000001,1.0,ok,1919.0402606981877,5e-05,691,0.05173716553773603,znd_tp_profiles/znd_T0942.86_P01.90.npz,0.8304587500024354,
2270,942.8571428571429,2.0,1.0,ok,1920.6770609035168,5e-05,712,0.05183315590559842,znd_tp_profiles/znd_T0942.86_P02.00.npz,0.8539854999980889,
2271,942.8571428571429,2.1,1.0,ok,1922.2295595004084,5e-05,708,0.05192075549115154,znd_tp_profiles/znd_T0942.86_P02.10.npz,0.9210545840032864,
2272,942.8571428571429,2.2,1.0,ok,1923.7102454173526,5e-05,718,0.052000267543322404,znd_tp_profiles/znd_T0942.86_P02.20.npz,0.9145427499970538,
2273,942.8571428571429,2.3000000000000003,1.0,ok,1925.1170289283634,5e-05,725,0.05207444414557139,znd_tp_profiles/znd_T0942.86_P02.30.npz,1.2525427090004086,
2274,942.8571428571429,2.4000000000000004,1.0,ok,1926.460446242042,5e-05,762,0.05214320733257675,znd_tp_profiles/znd_T0942.86_P02.40.npz,1.0014305419972516,
2275,942.8571428571429,2.5000000000000004,1.0,ok,1927.7457557775767,5e-05,754,0.052207228559575894,znd_tp_profiles/znd_T0942.86_P02.50.npz,0.8941871249990072,
2276,942.8571428571429,2.6,1.0,ok,1928.97761121561,5e-05,740,0.052267065216406186,znd_tp_profiles/znd_T0942.86_P02.60.npz,0.9256634580015088,
2277,942.8571428571429,2.7,1.0,ok,1930.1600452929372,5e-05,765,0.05232321026249236,znd_tp_profiles/znd_T0942.86_P02.70.npz,0.8825880410004174,
2278,942.8571428571429,2.8000000000000003,1.0,ok,1931.2924971569885,5e-05,804,0.052376905088488045,znd_tp_profiles/znd_T0942.86_P02.80.npz,0.8804697500017937,
2279,942.8571428571429,2.9000000000000004,1.0,ok,1932.3914560548592,5e-05,794,0.052425838844593196,znd_tp_profiles/znd_T0942.86_P02.90.npz,0.9341322500040405,
2280,942.8571428571429,3.0000000000000004,1.0,ok,1933.4464512450174,5e-05,766,0.052473002798625754,znd_tp_profiles/znd_T0942.86_P03.00.npz,0.9014105829992332,
2281,942.8571428571429,3.1,1.0,ok,1934.4646326900822,5e-05,806,0.05251774740666737,znd_tp_profiles/znd_T0942.86_P03.10.npz,0.9177261250006268,
2282,942.8571428571429,3.2,1.0,ok,1935.4483797922658,5e-05,760,0.05256029364195613,znd_tp_profiles/znd_T0942.86_P03.20.npz,0.8576853330014274,
2283,942.8571428571429,3.3000000000000003,1.0,ok,1936.399878844614,5e-05,712,0.05260082569528819,znd_tp_profiles/znd_T0942.86_P03.30.npz,0.8574732499982929,
2284,942.8571428571429,3.4000000000000004,1.0,ok,1937.3210982777161,5e-05,803,0.052639520938772194,znd_tp_profiles/znd_T0942.86_P03.40.npz,0.8737396659998922,
2285,942.8571428571429,3.5000000000000004,1.0,ok,1938.2137880402747,5e-05,762,0.05267653964030877,znd_tp_profiles/znd_T0942.86_P03.50.npz,1.098208582996449,
2286,942.8571428571429,3.6,1.0,ok,1939.0796611921232,5e-05,783,0.052712003112750073,znd_tp_profiles/znd_T0942.86_P03.60.npz,0.923428458001581,
2287,942.8571428571429,3.7,1.0,ok,1939.915649194156,5e-05,790,0.05274695080727332,znd_tp_profiles/znd_T0942.86_P03.70.npz,0.9260811250060215,
2288,942.8571428571429,3.8000000000000003,1.0,ok,1940.7367015949117,5e-05,817,0.05277873777902988,znd_tp_profiles/znd_T0942.86_P03.80.npz,0.9816936250063009,
2289,942.8571428571429,3.9000000000000004,1.0,ok,1941.5305537233085,5e-05,789,0.05281019629672062,znd_tp_profiles/znd_T0942.86_P03.90.npz,0.9008293340011733,
2290,942.8571428571429,4.0,1.0,ok,1942.2984132197823,5e-05,803,0.0528414461007277,znd_tp_profiles/znd_T0942.86_P04.00.npz,0.9064907909996691,
2291,942.8571428571429,4.1,1.0,ok,1943.0548515132264,5e-05,789,0.05286978335951147,znd_tp_profiles/znd_T0942.86_P04.10.npz,0.9697100409975974,
2292,942.8571428571429,4.2,1.0,ok,1943.787371198003,5e-05,798,0.05289803560562457,znd_tp_profiles/znd_T0942.86_P04.20.npz,0.9503651659979369,
2293,942.8571428571429,4.3,1.0,ok,1944.5014135524573,5e-05,719,0.052925360066176035,znd_tp_profiles/znd_T0942.86_P04.30.npz,1.1401574170013191,
2294,942.8571428571429,4.3999999999999995,1.0,ok,1945.1978530661577,5e-05,809,0.05295180345740464,znd_tp_profiles/znd_T0942.86_P04.40.npz,0.8857188749971101,
2295,942.8571428571429,4.5,1.0,ok,1945.8774910666243,5e-05,841,0.05297742151426531,znd_tp_profiles/znd_T0942.86_P04.50.npz,0.8749052499988466,
2296,942.8571428571429,4.6,1.0,ok,1946.5411107260436,5e-05,718,0.0530022771662689,znd_tp_profiles/znd_T0942.86_P04.60.npz,0.8829970419974416,
2297,942.8571428571429,4.7,1.0,ok,1947.1893918323915,5e-05,774,0.053026366213954665,znd_tp_profiles/znd_T0942.86_P04.70.npz,0.897720124994521,
2298,942.8571428571429,4.8,1.0,ok,1947.818498772826,5e-05,745,0.0530507049671665,znd_tp_profiles/znd_T0942.86_P04.80.npz,0.9116915829945356,
2299,942.8571428571429,4.9,1.0,ok,1948.4380692008713,5e-05,822,0.053073485825910566,znd_tp_profiles/znd_T0942.86_P04.90.npz,0.9057065000015427,
2300,942.8571428571429,5.0,1.0,ok,1949.048695473256,5e-05,828,0.05309470271945211,znd_tp_profiles/znd_T0942.86_P05.00.npz,0.9712592080031754,
2301,957.1428571428572,0.1,1.0,ok,1817.1082606338168,5e-05,537,0.029587015078234708,znd_tp_profiles/znd_T0957.14_P00.10.npz,0.8622749589994783,
2302,957.1428571428572,0.2,1.0,ok,1841.433333263645,5e-05,588,0.03571040272557039,znd_tp_profiles/znd_T0957.14_P00.20.npz,0.8789601659955224,
2303,957.1428571428572,0.30000000000000004,1.0,ok,1855.5247596887318,5e-05,610,0.0402817843007842,znd_tp_profiles/znd_T0957.14_P00.30.npz,0.9035244999977294,
2304,957.1428571428572,0.4,1.0,ok,1865.4410585657151,5e-05,621,0.04350842789751317,znd_tp_profiles/znd_T0957.14_P00.40.npz,0.880661750001309,
2305,957.1428571428572,0.5,1.0,ok,1873.0780542618434,5e-05,628,0.04571850359207948,znd_tp_profiles/znd_T0957.14_P00.50.npz,0.8170245419969433,
2306,957.1428571428572,0.6,1.0,ok,1879.2783914060062,5e-05,637,0.04722494282582349,znd_tp_profiles/znd_T0957.14_P00.60.npz,0.9163041659994633,
2307,957.1428571428572,0.7000000000000001,1.0,ok,1884.4870179973434,5e-05,640,0.04827180490317073,znd_tp_profiles/znd_T0957.14_P00.70.npz,0.8925522500067018,
2308,957.1428571428572,0.8,1.0,ok,1888.9771872712279,5e-05,645,0.0490237830571629,znd_tp_profiles/znd_T0957.14_P00.80.npz,0.8290774999986752,
2309,957.1428571428572,0.9,1.0,ok,1892.9186659336322,5e-05,648,0.049584916259304626,znd_tp_profiles/znd_T0957.14_P00.90.npz,0.8278530410025269,
2310,957.1428571428572,1.0,1.0,ok,1896.4281393626036,5e-05,653,0.05001875703846708,znd_tp_profiles/znd_T0957.14_P01.00.npz,0.8263382500008447,
2311,957.1428571428572,1.1,1.0,ok,1899.5844608801322,5e-05,657,0.050365288092267015,znd_tp_profiles/znd_T0957.14_P01.10.npz,0.8355961659981403,
2312,957.1428571428572,1.2000000000000002,1.0,ok,1902.4632357852154,5e-05,659,0.05064706563344646,znd_tp_profiles/znd_T0957.14_P01.20.npz,0.8331451659978484,
2313,957.1428571428572,1.3000000000000003,1.0,ok,1905.0969295052098,5e-05,661,0.05088292638593559,znd_tp_profiles/znd_T0957.14_P01.30.npz,0.8422405829987838,
2314,957.1428571428572,1.4000000000000001,1.0,ok,1907.526414581294,5e-05,665,0.05108330791569797,znd_tp_profiles/znd_T0957.14_P01.40.npz,0.8219566670013592,
2315,957.1428571428572,1.5000000000000002,1.0,ok,1909.7802611795444,5e-05,669,0.05125611527874909,znd_tp_profiles/znd_T0957.14_P01.50.npz,0.8287372500053607,
2316,957.1428571428572,1.6,1.0,ok,1911.8814916011468,5e-05,669,0.051407074522825655,znd_tp_profiles/znd_T0957.14_P01.60.npz,0.8739541250033653,
2317,957.1428571428572,1.7000000000000002,1.0,ok,1913.8489450282962,5e-05,673,0.05154040628978291,znd_tp_profiles/znd_T0957.14_P01.70.npz,0.8872974589976366,
2318,957.1428571428572,1.8000000000000003,1.0,ok,1915.698145937133,5e-05,684,0.05165931861051276,znd_tp_profiles/znd_T0957.14_P01.80.npz,0.927059374997043,
2319,957.1428571428572,1.9000000000000001,1.0,ok,1917.4418965522475,5e-05,694,0.051766322653658055,znd_tp_profiles/znd_T0957.14_P01.90.npz,0.8448473750031553,
2320,957.1428571428572,2.0,1.0,ok,1919.0917999753167,5e-05,698,0.051863193328780234,znd_tp_profiles/znd_T0957.14_P02.00.npz,0.8806284169986611,
2321,957.1428571428572,2.1,1.0,ok,1920.6565984967924,5e-05,703,0.05195161199730537,znd_tp_profiles/znd_T0957.14_P02.10.npz,0.8493667079965235,
2322,957.1428571428572,2.2,1.0,ok,1922.1445373797444,5e-05,712,0.05203273992777723,znd_tp_profiles/znd_T0957.14_P02.20.npz,0.8389623749972088,
2323,957.1428571428572,2.3000000000000003,1.0,ok,1923.562593435434,5e-05,733,0.05210757790303706,znd_tp_profiles/znd_T0957.14_P02.30.npz,0.8650136670039501,
2324,957.1428571428572,2.4000000000000004,1.0,ok,1924.9168027786045,5e-05,762,0.052176946390169954,znd_tp_profiles/znd_T0957.14_P02.40.npz,0.8777441249985714,
2325,957.1428571428572,2.5000000000000004,1.0,ok,1926.212506829594,5e-05,728,0.052241515772505236,znd_tp_profiles/znd_T0957.14_P02.50.npz,0.8779094589990564,
2326,957.1428571428572,2.6,1.0,ok,1927.4543656772753,5e-05,762,0.05230184671589731,znd_tp_profiles/znd_T0957.14_P02.60.npz,0.8805330830000457,
2327,957.1428571428572,2.7,1.0,ok,1928.646525833019,5e-05,758,0.05235844071552321,znd_tp_profiles/znd_T0957.14_P02.70.npz,0.8638858749982319,
2328,957.1428571428572,2.8000000000000003,1.0,ok,1929.7926927784513,5e-05,759,0.05241168923621849,znd_tp_profiles/znd_T0957.14_P02.80.npz,0.968037958999048,
2329,957.1428571428572,2.9000000000000004,1.0,ok,1930.8961478916317,5e-05,838,0.05246191321517576,znd_tp_profiles/znd_T0957.14_P02.90.npz,0.9919273749983404,
2330,957.1428571428572,3.0000000000000004,1.0,ok,1931.9598499454607,5e-05,787,0.052509450903911736,znd_tp_profiles/znd_T0957.14_P03.00.npz,0.8707460000005085,
2331,957.1428571428572,3.1,1.0,ok,1932.986463465015,5e-05,804,0.052554533511646406,znd_tp_profiles/znd_T0957.14_P03.10.npz,0.9005648329984979,
2332,957.1428571428572,3.2,1.0,ok,1933.973712250768,5e-05,766,0.052598339603108085,znd_tp_profiles/znd_T0957.14_P03.20.npz,0.8606870000003255,
2333,957.1428571428572,3.3000000000000003,1.0,ok,1934.9378214805859,5e-05,746,0.05263823248038701,znd_tp_profiles/znd_T0957.14_P03.30.npz,0.9457526670012157,
2334,957.1428571428572,3.4000000000000004,1.0,ok,1935.8669323441522,5e-05,767,0.05267717961273941,znd_tp_profiles/znd_T0957.14_P03.40.npz,0.8604745830016327,
2335,957.1428571428572,3.5000000000000004,1.0,ok,1936.7669367446526,5e-05,747,0.052714503583828405,znd_tp_profiles/znd_T0957.14_P03.50.npz,0.9446666250005364,
2336,957.1428571428572,3.6,1.0,ok,1937.6400886322194,5e-05,779,0.05275021453333127,znd_tp_profiles/znd_T0957.14_P03.60.npz,0.9403611249945243,
2337,957.1428571428572,3.7,1.0,ok,1938.487720848234,5e-05,803,0.052784480655909634,znd_tp_profiles/znd_T0957.14_P03.70.npz,0.8766175830023712,
2338,957.1428571428572,3.8000000000000003,1.0,ok,1939.3111735401542,5e-05,791,0.05281742771081736,znd_tp_profiles/znd_T0957.14_P03.80.npz,0.9034571660013171,
2339,957.1428571428572,3.9000000000000004,1.0,ok,1940.1117874633962,5e-05,812,0.052849109561498596,znd_tp_profiles/znd_T0957.14_P03.90.npz,1.0016394999984186,
2340,957.1428571428572,4.0,1.0,ok,1940.890728925079,5e-05,834,0.05287964078992259,znd_tp_profiles/znd_T0957.14_P04.00.npz,1.1554345420008758,
2341,957.1428571428572,4.1,1.0,ok,1941.6490928161193,5e-05,827,0.05290909384911351,znd_tp_profiles/znd_T0957.14_P04.10.npz,1.682699875003891,
2342,957.1428571428572,4.2,1.0,ok,1942.3877350480304,5e-05,749,0.05293756581302065,znd_tp_profiles/znd_T0957.14_P04.20.npz,0.9431687920005061,
2343,957.1428571428572,4.3,1.0,ok,1943.108129024129,5e-05,759,0.05296502679083226,znd_tp_profiles/znd_T0957.14_P04.30.npz,0.8855171660034102,
2344,957.1428571428572,4.3999999999999995,1.0,ok,1943.8105229093467,5e-05,768,0.05299165558637957,znd_tp_profiles/znd_T0957.14_P04.40.npz,0.9251159589985036,
2345,957.1428571428572,4.5,1.0,ok,1944.4960430801896,5e-05,737,0.053017440886316734,znd_tp_profiles/znd_T0957.14_P04.50.npz,0.8605682080014958,
2346,957.1428571428572,4.6,1.0,ok,1945.1654041534207,5e-05,773,0.053042440255478884,znd_tp_profiles/znd_T0957.14_P04.60.npz,0.9135426249995362,
2347,957.1428571428572,4.7,1.0,ok,1945.819338602863,5e-05,781,0.05306671844580558,znd_tp_profiles/znd_T0957.14_P04.70.npz,0.8676611670016428,
2348,957.1428571428572,4.8,1.0,ok,1946.4584551019582,5e-05,782,0.05309028615035202,znd_tp_profiles/znd_T0957.14_P04.80.npz,0.8880428330012364,
2349,957.1428571428572,4.9,1.0,ok,1947.0834356144337,5e-05,829,0.053113166146651826,znd_tp_profiles/znd_T0957.14_P04.90.npz,0.9574406250030734,
2350,957.1428571428572,5.0,1.0,ok,1947.6948422839087,5e-05,818,0.05313546082399156,znd_tp_profiles/znd_T0957.14_P05.00.npz,0.9696437079983298,
2351,971.4285714285714,0.1,1.0,ok,1814.8212018108545,5e-05,536,0.029613853758141823,znd_tp_profiles/znd_T0971.43_P00.10.npz,0.8319389579992276,
2352,971.4285714285714,0.2,1.0,ok,1839.2951608163173,5e-05,590,0.035657268342361534,znd_tp_profiles/znd_T0971.43_P00.20.npz,0.9548953750054352,
2353,971.4285714285714,0.30000000000000004,1.0,ok,1853.4762719335395,5e-05,608,0.04021149492069008,znd_tp_profiles/znd_T0971.43_P00.30.npz,0.905751208003494,
2354,971.4285714285714,0.4,1.0,ok,1863.4581009198193,5e-05,620,0.043446706433807665,znd_tp_profiles/znd_T0971.43_P00.40.npz,0.867877958000463,
2355,971.4285714285714,0.5,1.0,ok,1871.1465537396034,5e-05,627,0.04567351693146748,znd_tp_profiles/znd_T0971.43_P00.50.npz,0.8484295000016573,
2356,971.4285714285714,0.6,1.0,ok,1877.384528512623,5e-05,636,0.04719738738499949,znd_tp_profiles/znd_T0971.43_P00.60.npz,0.8834099169980618,
2357,971.4285714285714,0.7000000000000001,1.0,ok,1882.6343360238375,5e-05,639,0.04825754330895545,znd_tp_profiles/znd_T0971.43_P00.70.npz,0.8510569580030278,
2358,971.4285714285714,0.8,1.0,ok,1887.1564288502846,5e-05,643,0.04901991840344088,znd_tp_profiles/znd_T0971.43_P00.80.npz,0.850715708998905,
2359,971.4285714285714,0.9,1.0,ok,1891.1260119723406,5e-05,649,0.049588809016135514,znd_tp_profiles/znd_T0971.43_P00.90.npz,0.8338968329990166,
2360,971.4285714285714,1.0,1.0,ok,1894.6608994903872,5e-05,653,0.050028473940742106,znd_tp_profiles/znd_T0971.43_P01.00.npz,0.8220790830018814,
2361,971.4285714285714,1.1,1.0,ok,1897.845090317918,5e-05,657,0.050378683484115824,znd_tp_profiles/znd_T0971.43_P01.10.npz,0.8254815839973162,
2362,971.4285714285714,1.2000000000000002,1.0,ok,1900.7404166915765,5e-05,660,0.05066477838191642,znd_tp_profiles/znd_T0971.43_P01.20.npz,0.942937667001388,
2363,971.4285714285714,1.3000000000000003,1.0,ok,1903.3937543520278,5e-05,661,0.0509034901315557,znd_tp_profiles/znd_T0971.43_P01.30.npz,0.8293655410016072,
2364,971.4285714285714,1.4000000000000001,1.0,ok,1905.8414850543854,5e-05,665,0.051106196169889734,znd_tp_profiles/znd_T0971.43_P01.40.npz,0.8998532080004225,
2365,971.4285714285714,1.5000000000000002,1.0,ok,1908.1124248203796,5e-05,668,0.05128094491800693,znd_tp_profiles/znd_T0971.43_P01.50.npz,0.8292958749952959,
2366,971.4285714285714,1.6,1.0,ok,1910.229705363125,5e-05,669,0.05143354408886667,znd_tp_profiles/znd_T0971.43_P01.60.npz,0.8248939999975846,
2367,971.4285714285714,1.7000000000000002,1.0,ok,1912.2073848760663,5e-05,673,0.051569206683450435,znd_tp_profiles/znd_T0971.43_P01.70.npz,0.8373267499991925,
2368,971.4285714285714,1.8000000000000003,1.0,ok,1914.0757464510716,5e-05,676,0.05168840661217387,znd_tp_profiles/znd_T0971.43_P01.80.npz,1.023311457996897,
2369,971.4285714285714,1.9000000000000001,1.0,ok,1915.833317745048,5e-05,689,0.0517964219357138,znd_tp_profiles/znd_T0971.43_P01.90.npz,0.8333293329997105,
2370,971.4285714285714,2.0,1.0,ok,1917.4910030238339,5e-05,697,0.05189521822022148,znd_tp_profiles/znd_T0971.43_P02.00.npz,0.837288290997094,
2371,971.4285714285714,2.1,1.0,ok,1919.0729660350955,5e-05,697,0.05198351027167167,znd_tp_profiles/znd_T0971.43_P02.10.npz,0.900490499996522,
2372,971.4285714285714,2.2,1.0,ok,1920.572672306045,5e-05,717,0.052065391929307384,znd_tp_profiles/znd_T0971.43_P02.20.npz,0.960601749997295,
2373,971.4285714285714,2.3000000000000003,1.0,ok,1922.0019795343696,5e-05,738,0.052140893270186575,znd_tp_profiles/znd_T0971.43_P02.30.npz,0.9573714159996598,
2374,971.4285714285714,2.4000000000000004,1.0,ok,1923.3670135125144,5e-05,753,0.05221085306147486,znd_tp_profiles/znd_T0971.43_P02.40.npz,0.8853645420022076,
2375,971.4285714285714,2.5000000000000004,1.0,ok,1924.6730926013304,5e-05,734,0.05227597522540423,znd_tp_profiles/znd_T0971.43_P02.50.npz,0.8508257919966127,
2376,971.4285714285714,2.6,1.0,ok,1925.924958431376,5e-05,744,0.05233680624212389,znd_tp_profiles/znd_T0971.43_P02.60.npz,0.9064787910028826,
2377,971.4285714285714,2.7,1.0,ok,1927.1267584468003,5e-05,768,0.05239385134592764,znd_tp_profiles/znd_T0971.43_P02.70.npz,0.8683475420039031,
2378,971.4285714285714,2.8000000000000003,1.0,ok,1928.282240469935,5e-05,726,0.05244749462872448,znd_tp_profiles/znd_T0971.43_P02.80.npz,0.8964594999997644,
2379,971.4285714285714,2.9000000000000004,1.0,ok,1929.3946896450268,5e-05,790,0.052498123361829185,znd_tp_profiles/znd_T0971.43_P02.90.npz,0.8950264590021106,
2380,971.4285714285714,3.0000000000000004,1.0,ok,1930.4622473266484,5e-05,756,0.052547001412082996,znd_tp_profiles/znd_T0971.43_P03.00.npz,0.8615036249975674,
2381,971.4285714285714,3.1,1.0,ok,1931.502163461934,5e-05,770,0.052591455020413756,znd_tp_profiles/znd_T0971.43_P03.10.npz,0.8624076670021168,
2382,971.4285714285714,3.2,1.0,ok,1932.5022543645784,5e-05,790,0.052634639343705665,znd_tp_profiles/znd_T0971.43_P03.20.npz,0.8676847500028089,
2383,971.4285714285714,3.3000000000000003,1.0,ok,1933.4696234937658,5e-05,793,0.05267577018571235,znd_tp_profiles/znd_T0971.43_P03.30.npz,0.8977430000013555,
2384,971.4285714285714,3.4000000000000004,1.0,ok,1934.406246825234,5e-05,756,0.052715032392819446,znd_tp_profiles/znd_T0971.43_P03.40.npz,0.8716813749997527,
2385,971.4285714285714,3.5000000000000004,1.0,ok,1935.3137378375025,5e-05,788,0.05275262007150805,znd_tp_profiles/znd_T0971.43_P03.50.npz,0.8749241670011543,
2386,971.4285714285714,3.6,1.0,ok,1936.194396928074,5e-05,784,0.05278854272198751,znd_tp_profiles/znd_T0971.43_P03.60.npz,0.8647699580033077,
2387,971.4285714285714,3.7,1.0,ok,1937.0442675277932,5e-05,820,0.05282404461650692,znd_tp_profiles/znd_T0971.43_P03.70.npz,0.8736852500005625,
2388,971.4285714285714,3.8000000000000003,1.0,ok,1937.8795129172302,5e-05,785,0.05285620113312617,znd_tp_profiles/znd_T0971.43_P03.80.npz,0.894839625005261,
2389,971.4285714285714,3.9000000000000004,1.0,ok,1938.6868756575188,5e-05,905,0.05288810463399829,znd_tp_profiles/znd_T0971.43_P03.90.npz,0.9540780419993098,
2390,971.4285714285714,4.0,1.0,ok,1939.4724063784113,5e-05,769,0.052918841150421066,znd_tp_profiles/znd_T0971.43_P04.00.npz,0.8812064999947324,
2391,971.4285714285714,4.1,1.0,ok,1940.2372016707468,5e-05,795,0.052948492345598806,znd_tp_profiles/znd_T0971.43_P04.10.npz,1.0747298330024933,
2392,971.4285714285714,4.2,1.0,ok,1940.9822870456105,5e-05,806,0.05297712195283669,znd_tp_profiles/znd_T0971.43_P04.20.npz,0.9602364159945864,
2393,971.4285714285714,4.3,1.0,ok,1941.7086310904087,5e-05,782,0.05300481216440064,znd_tp_profiles/znd_T0971.43_P04.30.npz,0.8710987080048653,
2394,971.4285714285714,4.3999999999999995,1.0,ok,1942.4170648467648,5e-05,726,0.053031606918178625,znd_tp_profiles/znd_T0971.43_P04.40.npz,0.9699335830009659,
2395,971.4285714285714,4.5,1.0,ok,1943.108461042083,5e-05,785,0.053057558702533716,znd_tp_profiles/znd_T0971.43_P04.50.npz,0.9165753749985015,
2396,971.4285714285714,4.6,1.0,ok,1943.783575063493,5e-05,748,0.053082718108995466,znd_tp_profiles/znd_T0971.43_P04.60.npz,0.8590381670001079,
2397,971.4285714285714,4.7,1.0,ok,1944.443124773526,5e-05,783,0.05310714299688799,znd_tp_profiles/znd_T0971.43_P04.70.npz,0.878042500000447,
2398,971.4285714285714,4.8,1.0,ok,1945.0877924845709,5e-05,802,0.05313085636589685,znd_tp_profiles/znd_T0971.43_P04.80.npz,0.9015237499988871,
2399,971.4285714285714,4.9,1.0,ok,1945.7180127635083,5e-05,781,0.05315395218014526,znd_tp_profiles/znd_T0971.43_P04.90.npz,0.9074859579995973,
2400,971.4285714285714,5.0,1.0,ok,1946.3348677159142,5e-05,786,0.05317631957984064,znd_tp_profiles/znd_T0971.43_P05.00.npz,0.8695490000027348,
2401,985.7142857142858,0.1,1.0,ok,1812.527139889137,5e-05,538,0.029644618298837806,znd_tp_profiles/znd_T0985.71_P00.10.npz,0.8106257079998613,
2402,985.7142857142858,0.2,1.0,ok,1837.149669448837,5e-05,587,0.03560759344701442,znd_tp_profiles/znd_T0985.71_P00.20.npz,0.8313215419984772,
2403,985.7142857142858,0.30000000000000004,1.0,ok,1851.4211693343673,5e-05,606,0.040143355099294425,znd_tp_profiles/znd_T0985.71_P00.30.npz,0.8845992499991553,
2404,985.7142857142858,0.4,1.0,ok,1861.468108265772,5e-05,621,0.04338605446300035,znd_tp_profiles/znd_T0985.71_P00.40.npz,0.9775947080051992,
2405,985.7142857142858,0.5,1.0,ok,1869.2080977474316,5e-05,629,0.045629621228335936,znd_tp_profiles/znd_T0985.71_P00.50.npz,0.8210007919988129,
2406,985.7142857142858,0.6,1.0,ok,1875.4936411815686,5e-05,636,0.04716968501285836,znd_tp_profiles/znd_T0985.71_P00.60.npz,0.8278189999982715,
2407,985.7142857142858,0.7000000000000001,1.0,ok,1880.7747704962544,5e-05,640,0.0482434882879047,znd_tp_profiles/znd_T0985.71_P00.70.npz,0.834493875001499,
2408,985.7142857142858,0.8,1.0,ok,1885.3286913677166,5e-05,643,0.04901622239864723,znd_tp_profiles/znd_T0985.71_P00.80.npz,0.8252180420022341,
2409,985.7142857142858,0.9,1.0,ok,1889.3265069481886,5e-05,646,0.049592841351631306,znd_tp_profiles/znd_T0985.71_P00.90.npz,0.8851376249949681,
2410,985.7142857142858,1.0,1.0,ok,1892.8868927788963,5e-05,653,0.05003831733143975,znd_tp_profiles/znd_T0985.71_P01.00.npz,0.8227502500012633,
2411,985.7142857142858,1.1,1.0,ok,1896.0942327729176,5e-05,656,0.05039300817794084,znd_tp_profiles/znd_T0985.71_P01.10.npz,0.9950946669996483,
2412,985.7142857142858,1.2000000000000002,1.0,ok,1899.0108305249676,5e-05,659,0.05068263560310715,znd_tp_profiles/znd_T0985.71_P01.20.npz,0.8355389999996987,
2413,985.7142857142858,1.3000000000000003,1.0,ok,1901.6838023146788,5e-05,660,0.05092418282642723,znd_tp_profiles/znd_T0985.71_P01.30.npz,0.842758667000453,
2414,985.7142857142858,1.4000000000000001,1.0,ok,1904.1498099545404,5e-05,665,0.051129226360095856,znd_tp_profiles/znd_T0985.71_P01.40.npz,0.8811659589991905,
2415,985.7142857142858,1.5000000000000002,1.0,ok,1906.4378304699244,5e-05,669,0.051305904733123193,znd_tp_profiles/znd_T0985.71_P01.50.npz,0.8273511660008808,
2416,985.7142857142858,1.6,1.0,ok,1908.5711496836702,5e-05,670,0.051460141791101977,znd_tp_profiles/znd_T0985.71_P01.60.npz,0.8355912909973995,
2417,985.7142857142858,1.7000000000000002,1.0,ok,1910.5688141983285,5e-05,675,0.051596277940491646,znd_tp_profiles/znd_T0985.71_P01.70.npz,0.8266143750006449,
2418,985.7142857142858,1.8000000000000003,1.0,ok,1912.4466089374337,5e-05,680,0.05171761515636217,znd_tp_profiles/znd_T0985.71_P01.80.npz,0.894049125003221,
2419,985.7142857142858,1.9000000000000001,1.0,ok,1914.2176916381627,5e-05,688,0.051826680289551064,znd_tp_profiles/znd_T0985.71_P01.90.npz,0.873429290993954,
2420,985.7142857142858,2.0,1.0,ok,1915.8931729063345,5e-05,694,0.05192547440239249,znd_tp_profiles/znd_T0985.71_P02.00.npz,0.831592709000688,
2421,985.7142857142858,2.1,1.0,ok,1917.4826088599848,5e-05,696,0.05201553368515018,znd_tp_profiles/znd_T0985.71_P02.10.npz,0.9615125410055043,
2422,985.7142857142858,2.2,1.0,ok,1918.9940799976273,5e-05,729,0.05209815054800965,znd_tp_profiles/znd_T0985.71_P02.20.npz,0.8644466250043479,
2423,985.7142857142858,2.3000000000000003,1.0,ok,1920.4346790575764,5e-05,708,0.05217431856921217,znd_tp_profiles/znd_T0985.71_P02.30.npz,0.8403160829984699,
2424,985.7142857142858,2.4000000000000004,1.0,ok,1921.8105173566885,5e-05,743,0.05224487927245161,znd_tp_profiles/znd_T0985.71_P02.40.npz,0.8521141669989447,
2425,985.7142857142858,2.5000000000000004,1.0,ok,1923.1219599408569,5e-05,740,0.05231154327366148,znd_tp_profiles/znd_T0985.71_P02.50.npz,0.8541572920003091,
2426,985.7142857142858,2.6,1.0,ok,1924.388845018354,5e-05,748,0.05237188657518147,znd_tp_profiles/znd_T0985.71_P02.60.npz,1.0187274169948068,
2427,985.7142857142858,2.7,1.0,ok,1925.6003162613763,5e-05,781,0.05242938209212822,znd_tp_profiles/znd_T0985.71_P02.70.npz,0.8839717920054682,
2428,985.7142857142858,2.8000000000000003,1.0,ok,1926.7650805274686,5e-05,732,0.05248347001426616,znd_tp_profiles/znd_T0985.71_P02.80.npz,0.8888837919948855,
2429,985.7142857142858,2.9000000000000004,1.0,ok,1927.8865282879217,5e-05,700,0.052534485934719204,znd_tp_profiles/znd_T0985.71_P02.90.npz,0.8611838330034516,
2430,985.7142857142858,3.0000000000000004,1.0,ok,1928.9676481977185,5e-05,758,0.052582745329720425,znd_tp_profiles/znd_T0985.71_P03.00.npz,0.8807914999997593,
2431,985.7142857142858,3.1,1.0,ok,1930.0111294934673,5e-05,760,0.052628512263934384,znd_tp_profiles/znd_T0985.71_P03.10.npz,0.9115055419970304,
2432,985.7142857142858,3.2,1.0,ok,1931.0194180580738,5e-05,788,0.05267200876880725,znd_tp_profiles/znd_T0985.71_P03.20.npz,0.9266742500039982,
2433,985.7142857142858,3.3000000000000003,1.0,ok,1931.9947211504646,5e-05,800,0.0527134415412652,znd_tp_profiles/znd_T0985.71_P03.30.npz,0.8781840419978835,
2434,985.7142857142858,3.4000000000000004,1.0,ok,1932.9340548187588,5e-05,791,0.05275399782167448,znd_tp_profiles/znd_T0985.71_P03.40.npz,0.8677673749989481,
2435,985.7142857142858,3.5000000000000004,1.0,ok,1933.8492583058573,5e-05,817,0.05279180945104053,znd_tp_profiles/znd_T0985.71_P03.50.npz,0.878772874995775,
2436,985.7142857142858,3.6,1.0,ok,1934.7420116899905,5e-05,776,0.05282701238987934,znd_tp_profiles/znd_T0985.71_P03.60.npz,0.9123302079970017,
2437,985.7142857142858,3.7,1.0,ok,1935.6038338386368,5e-05,799,0.05286176164368574,znd_tp_profiles/znd_T0985.71_P03.70.npz,0.8764812909939792,
2438,985.7142857142858,3.8000000000000003,1.0,ok,1936.4411607552538,5e-05,787,0.05289514139503156,znd_tp_profiles/znd_T0985.71_P03.80.npz,0.9419362080006977,
2439,985.7142857142858,3.9000000000000004,1.0,ok,1937.2552785158966,5e-05,805,0.05292725605379224,znd_tp_profiles/znd_T0985.71_P03.90.npz,0.8707791249980801,
2440,985.7142857142858,4.0,1.0,ok,1938.047397892824,5e-05,763,0.05295819382261268,znd_tp_profiles/znd_T0985.71_P04.00.npz,0.86061883399816,
2441,985.7142857142858,4.1,1.0,ok,1938.8136191696694,5e-05,807,0.052989057053443,znd_tp_profiles/znd_T0985.71_P04.10.npz,0.8774593329944764,
2442,985.7142857142858,4.2,1.0,ok,1939.5649899488672,5e-05,761,0.05301787577557306,znd_tp_profiles/znd_T0985.71_P04.20.npz,0.8574080420003156,
2443,985.7142857142858,4.3,1.0,ok,1940.297459603087,5e-05,784,0.05304573779569537,znd_tp_profiles/znd_T0985.71_P04.30.npz,0.8637656669961871,
2444,985.7142857142858,4.3999999999999995,1.0,ok,1941.0169286518303,5e-05,776,0.05307165604837712,znd_tp_profiles/znd_T0985.71_P04.40.npz,0.8547934169982909,
2445,985.7142857142858,4.5,1.0,ok,1941.714217150059,5e-05,764,0.053097783051225894,znd_tp_profiles/znd_T0985.71_P04.50.npz,0.8591595420002704,
2446,985.7142857142858,4.6,1.0,ok,1942.3950655901544,5e-05,786,0.05312310692329841,znd_tp_profiles/znd_T0985.71_P04.60.npz,0.9114773330002208,
2447,985.7142857142858,4.7,1.0,ok,1943.0602476162294,5e-05,771,0.053147674144933856,znd_tp_profiles/znd_T0985.71_P04.70.npz,0.8490835420016083,
2448,985.7142857142858,4.8,1.0,ok,1943.71044360681,5e-05,741,0.05317153907806004,znd_tp_profiles/znd_T0985.71_P04.80.npz,0.8472069170020404,
2449,985.7142857142858,4.9,1.0,ok,1944.3462283079673,5e-05,823,0.053194734712661645,znd_tp_profiles/znd_T0985.71_P04.90.npz,0.9674922499980312,
2450,985.7142857142858,5.0,1.0,ok,1944.9682522762457,5e-05,767,0.05321729179430247,znd_tp_profiles/znd_T0985.71_P05.00.npz,0.8542430410016095,
2451,1000.0,0.1,1.0,cached,1810.2243928730834,5e-05,538,0.029679206562788246,znd_tp_profiles/znd_T1000.00_P00.10.npz,0.0,
2452,1000.0,0.2,1.0,cached,1834.99086475875,5e-05,587,0.03556138088723061,znd_tp_profiles/znd_T1000.00_P00.20.npz,0.0,
2453,1000.0,0.30000000000000004,1.0,cached,1849.3580539267443,5e-05,609,0.04007755024604704,znd_tp_profiles/znd_T1000.00_P00.30.npz,0.0,
2454,1000.0,0.4,1.0,cached,1859.4704612741984,5e-05,621,0.04332674661832854,znd_tp_profiles/znd_T1000.00_P00.40.npz,0.0,
2455,1000.0,0.5,1.0,cached,1867.2620310661819,5e-05,630,0.045586019211358915,znd_tp_profiles/znd_T1000.00_P00.50.npz,0.0,
2456,1000.0,0.6,1.0,cached,1873.5902779539167,5e-05,636,0.04714233305132509,znd_tp_profiles/znd_T1000.00_P00.60.npz,0.0,
2457,1000.0,0.7000000000000001,1.0,cached,1878.9077069458558,5e-05,641,0.04823025133474311,znd_tp_profiles/znd_T1000.00_P00.70.npz,0.0,
2458,1000.0,0.8,1.0,cached,1883.493458707133,5e-05,643,0.0490133324558793,znd_tp_profiles/znd_T1000.00_P00.80.npz,0.0,
2459,1000.0,0.9,1.0,cached,1887.5195781985929,5e-05,647,0.049597737565022615,znd_tp_profiles/znd_T1000.00_P00.90.npz,0.0,
2460,1000.0,1.0,1.0,cached,1891.1054187776517,5e-05,653,0.05004828947239364,znd_tp_profiles/znd_T1000.00_P01.00.npz,0.0,
2461,1000.0,1.1,1.0,cached,1894.33598019179,5e-05,656,0.05040744827627263,znd_tp_profiles/znd_T1000.00_P01.10.npz,0.0,
2462,1000.0,1.2000000000000002,1.0,cached,1897.2738549864976,5e-05,659,0.05070060286833654,znd_tp_profiles/znd_T1000.00_P01.20.npz,0.0,
2463,1000.0,1.3000000000000003,1.0,cached,1899.9664715013482,5e-05,663,0.05094499021950736,znd_tp_profiles/znd_T1000.00_P01.30.npz,0.0,
2464,1000.0,1.4000000000000001,1.0,cached,1902.4507654299534,5e-05,666,0.05115236018508062,znd_tp_profiles/znd_T1000.00_P01.40.npz,0.0,
2465,1000.0,1.5000000000000002,1.0,cached,1904.755857253594,5e-05,671,0.05133097563054034,znd_tp_profiles/znd_T1000.00_P01.50.npz,0.0,
2466,1000.0,1.6,1.0,cached,1906.9052234629896,5e-05,669,0.05148685029478234,znd_tp_profiles/znd_T1000.00_P01.60.npz,0.0,
2467,1000.0,1.7000000000000002,1.0,cached,1908.9180270322558,5e-05,672,0.05162438424037329,znd_tp_profiles/znd_T1000.00_P01.70.npz,0.0,
2468,1000.0,1.8000000000000003,1.0,cached,1910.804940452958,5e-05,679,0.051747927840924565,znd_tp_profiles/znd_T1000.00_P01.80.npz,0.0,
2469,1000.0,1.9000000000000001,1.0,cached,1912.5947846183885,5e-05,696,0.051857064354760375,znd_tp_profiles/znd_T1000.00_P01.90.npz,0.0,
2470,1000.0,2.0,1.0,cached,1914.2831993920565,5e-05,711,0.051956774334057904,znd_tp_profiles/znd_T1000.00_P02.00.npz,0.0,
2471,1000.0,2.1,1.0,cached,1915.8847547351552,5e-05,702,0.05204769923549529,znd_tp_profiles/znd_T1000.00_P02.10.npz,0.0,
2472,1000.0,2.2,1.0,cached,1917.408163327479,5e-05,730,0.05213101379793497,znd_tp_profiles/znd_T1000.00_P02.20.npz,0.0,
2473,1000.0,2.3000000000000003,1.0,cached,1918.8548401249961,5e-05,720,0.05220886792646363,znd_tp_profiles/znd_T1000.00_P02.30.npz,0.0,
2474,1000.0,2.4000000000000004,1.0,cached,1920.24667082801,5e-05,729,0.05227901546958785,znd_tp_profiles/znd_T1000.00_P02.40.npz,0.0,
2475,1000.0,2.5000000000000004,1.0,cached,1921.5735435374522,5e-05,734,0.05234522513857581,znd_tp_profiles/znd_T1000.00_P02.50.npz,0.0,
2476,1000.0,2.6,1.0,cached,1922.8454146498725,5e-05,758,0.05240706508255964,znd_tp_profiles/znd_T1000.00_P02.60.npz,0.0,
2477,1000.0,2.7,1.0,cached,1924.06653519563,5e-05,763,0.05246502632072572,znd_tp_profiles/znd_T1000.00_P02.70.npz,0.0,
2478,1000.0,2.8000000000000003,1.0,cached,1925.2406106288647,5e-05,725,0.05251953910961374,znd_tp_profiles/znd_T1000.00_P02.80.npz,0.0,
2479,1000.0,2.9000000000000004,1.0,cached,1926.3710625283568,5e-05,850,0.05257094635375827,znd_tp_profiles/znd_T1000.00_P02.90.npz,0.0,
2480,1000.0,3.0000000000000004,1.0,cached,1927.4609084969916,5e-05,759,0.052619570235646146,znd_tp_profiles/znd_T1000.00_P03.00.npz,0.0,
2481,1000.0,3.1,1.0,cached,1928.512805143026,5e-05,766,0.05266568017740775,znd_tp_profiles/znd_T1000.00_P03.10.npz,0.0,
2482,1000.0,3.2,1.0,cached,1929.524121182299,5e-05,763,0.05271053872451644,znd_tp_profiles/znd_T1000.00_P03.20.npz,0.0,
2483,1000.0,3.3000000000000003,1.0,cached,1930.5125336815074,5e-05,812,0.052751224254805155,znd_tp_profiles/znd_T1000.00_P03.30.npz,0.0,
2484,1000.0,3.4000000000000004,1.0,cached,1931.464584628835,5e-05,859,0.0527910369713545,znd_tp_profiles/znd_T1000.00_P03.40.npz,0.0,
2485,1000.0,3.5000000000000004,1.0,cached,1932.387307976697,5e-05,783,0.05282910832566076,znd_tp_profiles/znd_T1000.00_P03.50.npz,0.0,
2486,1000.0,3.6,1.0,cached,1933.2823360564691,5e-05,781,0.05286556090031083,znd_tp_profiles/znd_T1000.00_P03.60.npz,0.0,
2487,1000.0,3.7,1.0,cached,1934.1512531494338,5e-05,780,0.052900566938114055,znd_tp_profiles/znd_T1000.00_P03.70.npz,0.0,
2488,1000.0,3.8000000000000003,1.0,cached,1934.9955100704158,5e-05,795,0.05293417282669054,znd_tp_profiles/znd_T1000.00_P03.80.npz,0.0,
2489,1000.0,3.9000000000000004,1.0,cached,1935.816388545847,5e-05,792,0.05296649974308708,znd_tp_profiles/znd_T1000.00_P03.90.npz,0.0,
2490,1000.0,4.0,1.0,cached,1936.6150317256229,5e-05,796,0.052997655361812654,znd_tp_profiles/znd_T1000.00_P04.00.npz,0.0,
2491,1000.0,4.1,1.0,cached,1937.3927536242556,5e-05,773,0.05302768390941362,znd_tp_profiles/znd_T1000.00_P04.10.npz,0.0,
2492,1000.0,4.2,1.0,cached,1938.150410146159,5e-05,791,0.053056688515106414,znd_tp_profiles/znd_T1000.00_P04.20.npz,0.0,
2493,1000.0,4.3,1.0,cached,1938.883876312186,5e-05,762,0.05308577728286445,znd_tp_profiles/znd_T1000.00_P04.30.npz,0.0,
2494,1000.0,4.3999999999999995,1.0,cached,1939.6094963880973,5e-05,770,0.053111850117858066,znd_tp_profiles/znd_T1000.00_P04.40.npz,0.0,
2495,1000.0,4.5,1.0,cached,1940.3126496246264,5e-05,766,0.05313813003576382,znd_tp_profiles/znd_T1000.00_P04.50.npz,0.0,
2496,1000.0,4.6,1.0,cached,1940.9992714818711,5e-05,879,0.053163607951013214,znd_tp_profiles/znd_T1000.00_P04.60.npz,0.0,
2497,1000.0,4.7,1.0,cached,1941.67008417691,5e-05,743,0.05318833149433118,znd_tp_profiles/znd_T1000.00_P04.70.npz,0.0,
2498,1000.0,4.8,1.0,cached,1942.3257385531585,5e-05,815,0.05321234804774715,znd_tp_profiles/znd_T1000.00_P04.80.npz,0.0,
2499,1000.0,4.9,1.0,cached,1942.9670021255072,5e-05,812,0.053235665203970634,znd_tp_profiles/znd_T1000.00_P04.90.npz,0.0,
2500,1000.0,5.0,1.0,cached,1943.5943329480308,5e-05,798,0.053258377940499105,znd_tp_profiles/znd_T1000.00_P05.00.npz,0.0,
